,unit_id,structure,is_qc_pass,spike_times
0,662892_2023-08-24_A-3,root,True,"[  20.25039056   30.0155678    31.3479647  ... 7185.69592627 7186.2818249
 7186.31392483]"
1,662892_2023-08-24_A-4,root,True,"[  20.31972373   21.03865539   27.41977385 ... 7185.68249297 7186.34412476
 7186.3711247 ]"
2,662892_2023-08-24_A-5,root,True,"[  22.87958443   35.71975451   50.63545309 ... 7180.02453949 7180.80247101
 7182.18586778]"
3,662892_2023-08-24_A-6,root,True,"[  21.25012156   21.95968658   22.07861963 ... 7183.41466492 7183.89746379
 7184.18146313]"
4,662892_2023-08-24_A-8,root,True,"[  20.48269002   23.94148196   23.97274855 ... 7174.6107521  7177.59714514
 7184.78702839]"
5,662892_2023-08-24_A-10,root,True,"[  20.69638952   24.77914667   25.01337946 ... 7180.00317287 7182.55903358
 7184.80826167]"
6,662892_2023-08-24_A-14,root,True,"[  20.65492295   21.04078872   21.07978863 ... 7186.27299159 7186.31235817
 7186.38422467]"
7,662892_2023-08-24_A-20,lot,True,"[  20.62625635   21.01055545   21.04322204 ... 7185.54875995 7185.56079325
 7185.5692599 ]"
8,662892_2023-08-24_A-21,lot,True,"[  21.92795332   24.14964814   24.56321384 ... 7179.72340685 7181.49463606
 7184.64882871]"
9,662892_2023-08-24_A-27,lot,True,"[  20.22849061   21.01425545   21.0206221  ... 7186.13869191 7186.15685853
 7186.18855846]"
10,662892_2023-08-24_A-30,lot,True,"[  20.98632218   21.03978872   21.35692131 ... 7185.92505907 7185.96275898
 7186.29115822]"
11,662892_2023-08-24_A-34,lot,True,"[  20.42689015   21.29808812   21.38562125 ... 7186.1543252  7186.16792517
 7186.2849249 ]"
12,662892_2023-08-24_A-39,lot,True,"[  90.66265981  307.20542187  322.67531915  462.83432587  498.43560958
  537.12121943  649.43742437  680.38021893  720.41229231  748.42889369
  750.56258871  791.93802563  804.14579718  819.07549573  829.29023859
  842.70650732  869.74567765  872.17303866  896.89958104  921.66635666
  921.79812302  922.28488855  931.29616755 1072.02997293 1075.17673227
 1082.53151513 1182.98788103 1198.21551222 1224.17295173 1261.68616431
 1264.59599086 1265.12908962 1268.4144153  1269.39584634 1273.33340384
 1279.88605523 1287.23493811 1291.12639571 1349.59382613 1379.00275759
 1388.16743624 1433.78596327 1438.63465197 1452.97025189 1455.04174707
 1491.28592927 1518.35716619 1529.23784084 1553.57971744 1569.64118002
 1572.14977417 1610.06335249 1615.69373937 1655.02511438 1666.19145503
 1667.49851865 1667.71028482 1679.33702439 1682.14345119 1696.41738459
 1721.10232707 1747.77326492 1782.85234984 1815.63714011 1827.42154598
 1837.46432258 1841.95421211 1853.10491946 1854.78684888 1855.78317989
 1868.91531595 1869.13588211 1869.56188111 1878.08716125 1878.98529249
 1889.81760058 1899.77477737 1908.98765591 1909.21305538 1927.53121269
 1930.7883051  1931.61260318 1937.09349041 1942.6624441  1944.72407263
 1947.94873178 1960.81396847 1983.23518289 1985.93814325 2008.25195792
 2010.69965222 2022.84315725 2023.01682352 2028.39177766 2041.77937979
 2046.11613635 2066.68232176 2068.93231652 2072.62874124 2087.19394063
 2087.86910572 2095.38935487 2097.03725103 2120.30336348 2124.14058787
 2159.32017256 2165.57272465 2168.94631679 2174.27657104 2175.78353419
 2183.66578249 2186.18527662 2206.1350968  2208.6926575  2209.48722232
 2213.10531389 2214.36654428 2214.57417713 2224.87188647 2225.78245101
 2230.54200659 2249.77372844 2252.40542231 2259.89853818 2260.09870438
 2263.25869701 2265.37805874 2269.34034951 2283.98461538 2284.42028104
 2289.75896859 2291.97653009 2312.47081567 2318.10210255 2341.71194753
 2351.45235816 2352.7796884  2353.51968668 2356.32314681 2373.55310666
 2393.51449348 2402.09760681 2403.88593598 2407.2821614  2419.94966521
 2425.11621984 2427.81921354 2436.90669236 2439.04098739 2440.75615006
 2441.62898136 2476.01370123 2481.79235443 2488.03760655 2490.84006668
 2498.08071648 2512.63898255 2536.84165949 2540.1700184  2546.31393741
 2548.12959985 2558.18954307 2591.36473243 2599.37878042 2608.66379212
 2618.4258027  2618.8148018  2618.98270141 2623.05272525 2624.1788893
 2643.42414445 2646.57493711 2657.41074519 2658.44327612 2665.11369391
 2691.57176558 2703.78263713 2712.49985015 2715.38711009 2724.91632122
 2728.64774585 2731.35273955 2738.62015595 2741.06291692 2751.15622673
 2751.49532594 2757.59864506 2758.98934181 2791.01820051 2830.10120944
 2837.97005777 2843.22891218 2852.81225651 2863.76849765 2867.4242558
 2884.04145041 2897.08235335 2902.82120664 2909.17492517 2920.14233295
 2924.94748842 2930.29594262 2932.24233808 2933.48860185 2937.45059261
 2937.88822493 2941.04378424 2956.63591457 2959.68450747 2959.69380745
 2966.31655868 2990.27506952 2994.22336032 3028.99761262 3032.37490475
 3056.59454831 3056.92358087 3059.67594113 3070.24951649 3070.2596498
 3079.70512778 3080.33089299 3085.18878167 3092.23849858 3101.19844437
 3106.82506459 3118.0073052  3137.59622621 3141.78271646 3179.76702794
 3181.60929032 3182.13675576 3197.27478715 3197.74741938 3200.76561234
 3205.17446874 3205.38106826 3210.76068905 3228.7088139  3234.0870347
 3235.73453086 3242.72968122 3251.33249451 3255.43001829 3257.35854713
 3263.13963366 3273.04197725 3282.63302157 3292.72423139 3292.85529775
 3295.464725   3320.41253353 3336.13023024 3342.96058099 3343.68574596
 3361.4507379  3379.68836207 3384.67905044 3384.78061687 3385.80678114
 3390.82486945 3396.19899026 3396.4678563  3403.29430706 3429.11331356
 3435.27983252 3442.95948129 3446.32327346 3446.77470574 3450.31273083
 3456.26595029 3478.1749659  3490.60533693 3502.33660959 3520.89369968
 3522.62232899 3524.97319018 3527.67775054 3535.01340011 3576.90763582
 3577.17793519 3578.62226516 3580.99239297 3583.80488642 3584.09535241
 3596.26349072 3604.60240462 3610.26122476 3615.36567954 3633.0194384
 3635.41223282 3646.36937396 3649.88693242 3666.01549484 3671.60648181
 3677.40050164 3680.8084937  3695.38985972 3697.38872173 3697.50082147
 3699.10471773 3699.77918283 3701.14764631 3701.62177853 3712.78281919
 3729.56761341 3730.57927772 3738.42849276 3748.43796944 3768.87245515
 3776.17837146 3789.96267267 3790.42330493 3794.82282801 3799.60791686
 3821.25389976 3840.05352261 3861.20510666 3862.79660295 3864.97079788
 3874.77110838 3879.78693002 3896.87512354 3897.78435475 3898.8641189
 3906.02823554 3906.25526834 3910.05419282 3922.02573159 3939.65932384
 3939.96658979 3953.86932406 3969.47595435 3982.70595686 3996.03355913
 3996.46079147 4002.70754358 4033.65323814 4034.61756922 4040.67145511
 4047.82730511 4056.60418465 4069.83645382 4084.46321973 4087.74734541
 4089.5246746  4090.90367139 4091.20927068 4101.02234781 4119.82737066
 4122.98719663 4124.49605978 4137.6306625  4155.62672057 4157.1148171
 4167.18159364 4180.44832939 4200.06555034 4204.84140588 4208.19106474
 4208.69066358 4216.18114612 4216.68551162 4243.87281493 4272.19274893
 4276.89623797 4294.94489591 4332.13497592 4406.58873575 4410.61222637
 4427.67325328 4427.69971989 4453.23399372 4461.71284063 4463.842969
 4468.71059099 4475.54044174 4508.15106575 4508.49479828 4517.70577682
 4520.91530267 4523.90816236 4526.77608901 4532.64620867 4533.12357422
 4573.14778095 4587.38844777 4600.20788456 4602.75684529 4611.64179125
 4613.29492073 4679.22610042 4726.10599118 4759.21728069 4806.56660368
 4826.5151572  4830.27141511 4834.04637298 4836.63346695 4848.36783961
 4861.85127485 4872.77321607 4892.4272036  4908.79869879 4918.02091063
 4924.14656302 4938.25109682 4943.71055076 4945.27824711 4945.34731362
 4954.54332552 4955.75218937 5007.35506912 5010.58866158 5011.43385962
 5011.7552922  5012.46325722 5022.80096646 5044.30798301 5046.88894366
 5056.1696887  5067.94922792 5080.70626486 5083.76169107 5096.81269399
 5099.88798682 5105.22764105 5128.5220201  5189.92041035 5219.4540082
 5219.59597454 5230.8109484  5235.16083826 5247.3164766  5260.11104679
 5274.60681301 5275.01694539 5284.49892329 5288.61208037 5300.87218514
 5312.78449071 5317.34928007 5320.99417158 5327.13785726 5327.90702214
 5341.52335707 5346.4894455  5349.59863826 5357.41782004 5360.66951246
 5364.17787095 5367.16793065 5373.54791578 5373.77391525 5380.08063389
 5380.43403307 5423.1490002  5424.14333121 5429.89231782 5431.12211495
 5435.48007146 5436.01177022 5441.36339108 5442.91835413 5443.50111944
 5444.11518467 5446.05831348 5447.55900998 5454.93559279 5470.72768932
 5487.02321802 5492.61487165 5496.4262961  5504.96140955 5514.39788756
 5514.45808742 5514.54558721 5541.80739035 5597.88615967 5599.17825666
 5609.06216696 5613.22132394 5618.37864525 5619.33664302 5622.61346872
 5660.81847969 5673.79834944 5689.92191187 5712.34672628 5714.19312198
 5724.35849829 5726.84905915 5750.04923842 5753.12686458 5759.74454916
 5765.98330129 5786.55258669 5788.34848251 5790.18457823 5793.10913808
 5793.13907134 5795.78906517 5805.91860823 5811.04346295 5811.16002935
 5819.27387711 5836.84976948 5837.22900193 5854.87042749 5856.8559562
 5870.99092326 5917.58074802 5941.56822546 5974.86281454 5992.27244064
 6024.2581661  6034.741975   6036.68457048 6081.96136497 6082.46996378
 6083.41506158 6084.37745934 6095.34046712 6105.8509093  6117.36201581
 6117.62624852 6118.2513804  6132.30104766 6175.11731455 6192.80863999
 6203.64384808 6212.53826068 6228.27182402 6239.65826415 6260.6241153
 6266.30780205 6300.40648926 6303.13681623 6312.66489403 6316.97648398
 6321.59487322 6325.47873083 6351.83973607 6364.41077344 6384.46706004
 6416.47615211 6427.76312581 6448.54687738 6449.02437627 6449.03907623
 6460.88338197 6486.19188966 6496.89656471 6503.94701495 6506.49374235
 6529.66028836 6537.72503624 6550.17977388 6563.86567532 6574.50508386
 6579.27513941 6600.7063228  6618.8440472  6621.16657513 6623.8239356
 6635.49154174 6637.13617124 6639.6155988  6656.96142505 6657.2958576
 6671.84465703 6671.94605679 6682.79343152 6689.25524979 6699.38482619
 6722.75190507 6722.78307166 6727.28402784 6750.61230681 6770.40696068
 6788.30168565 6804.38654817 6816.67895286 6824.25183521 6836.02130778
 6836.34597369 6841.76749439 6845.80105166 6855.07233006 6855.68902862
 6871.16135923 6871.72405792 6875.75288186 6903.20325123 6903.23918448
 6923.97643615 6926.36703058 6927.33472833 6928.92812462 6933.80441325
 6935.24554323 6936.81143958 6938.78063499 6959.40458693 6968.92669807
 6969.19589745 6970.34456144 6979.13884094 6983.86176327 7007.78144086
 7008.42703936 7009.95933579 7029.94265589 7070.86772719 7071.27392624
 7072.87292251 7077.25727896 7087.29408891 7087.32532217 7103.41601801
 7130.20155559 7131.11748679 7138.42753642 7155.58126311 7157.78805797
 7159.46285407 7160.74641774 7165.52927326 7167.91783437 7169.83106324
 7170.36106201 7173.52895462 7179.81843997]"
13,662892_2023-08-24_A-41,lot,True,"[  20.2739905    20.29712378   20.30699043 ... 7183.43793153 7184.56086225
 7185.81509266]"
14,662892_2023-08-24_A-44,PIR,True,"[  20.52462325   21.18222172   21.203355   ... 7183.90103045 7185.3251938
 7185.34362709]"
15,662892_2023-08-24_A-45,PIR,True,"[  21.18485505   21.19195503   22.6084184  ... 7180.82910428 7183.53329798
 7184.93109472]"
16,662892_2023-08-24_A-46,lot,True,"[  26.19611004   35.19745573   59.08836672   81.39791473  158.19486911
  294.990417    304.12156239  365.55888589  378.7721551   535.36302353
  552.21618425  630.57010167  657.63873859  664.7711553   675.85092948
  685.15724113  685.23327428  685.86663947  685.97077257  687.91216804
  739.46321458  770.19094297  829.27973861  829.28863859  837.38895305
  886.72670474  960.52619944 1007.40569019 1050.39245669 1050.8428223
 1051.72568691 1063.93719179 1065.35378849 1066.22705312 1073.34016988
 1135.06002605 1159.9282681  1167.77514982 1222.91908798 1225.1139162
 1255.93104439 1278.22045911 1292.59642561 1303.4171004  1317.71520041
 1319.07079725 1325.63238196 1334.4445281  1362.23213001 1369.65534604
 1372.37860636 1376.19359747 1376.21063077 1377.46419451 1379.10715735
 1379.10949068 1397.48544786 1417.57216772 1420.7550603  1447.66776425
 1448.06512999 1463.91059307 1472.07770737 1491.73719489 1491.78522811
 1519.13683104 1547.14463244 1555.16404709 1570.61371108 1571.1076766
 1591.67662867 1603.43740126 1622.77235621 1660.64110129 1665.96202223
 1666.87872009 1686.36590801 1713.01271259 1715.4396736  1718.43189996
 1733.44513164 1739.72205034 1761.02820069 1766.45432138 1769.77544698
 1790.95063097 1791.68756258 1811.82001567 1822.68682368 1839.26041839
 1841.78134585 1845.71183669 1878.90475934 1892.65006064 1899.11814557
 1909.96115364 1911.42775022 1911.89034914 1912.18294846 1927.84347863
 1933.46073221 1939.44528493 1941.0601145  1944.5798063  1945.03563857
 1955.83638007 1965.42805772 2009.64632134 2010.15715348 2023.44342252
 2026.25278264 2045.92220347 2049.03589622 2063.97206141 2074.16737099
 2080.68478913 2095.52812121 2102.07727262 2119.60899843 2127.44488017
 2131.85763655 2133.39166631 2137.34202377 2150.47565983 2213.53827954
 2224.48995402 2227.51961363 2235.13846254 2236.65519234 2267.00535495
 2275.94173413 2280.02392461 2284.20944819 2286.62374257 2303.33973695
 2318.5492015  2330.08060797 2346.46403645 2361.89560049 2361.94133372
 2378.29846227 2379.58562594 2397.67461712 2409.01949068 2426.70241614
 2446.62040306 2462.64286572 2478.0464965  2484.24721538 2491.04079955
 2507.69332741 2512.51618284 2517.83553711 2566.29902417 2574.35423874
 2604.55323503 2619.10186779 2622.98169209 2646.24683787 2654.61385171
 2674.82620461 2696.97338633 2705.81789905 2707.63599482 2738.46235632
 2738.96572181 2754.9749845  2758.48330966 2764.67179524 2793.63596108
 2794.75765846 2805.91689913 2852.59175703 2870.59078175 2884.99901484
 2887.95704128 2897.28781954 2915.94104274 2953.14422271 2958.99160908
 2964.6360626  2965.87812637 2967.41652278 2971.44634673 2977.47123269
 2977.49853262 2997.38728628 3020.63396544 3021.71439625 3034.54723302
 3061.8315361  3107.10469727 3126.89015116 3137.62155949 3152.85739065
 3168.61702059 3175.47533795 3175.49090458 3201.38264424 3205.59753442
 3209.39232558 3210.1542238  3216.34497604 3226.27798623 3266.78859182
 3268.98488671 3269.66631845 3270.74174928 3309.0243934  3317.63384001
 3321.59236412 3322.15116281 3336.64822903 3343.671246   3382.76918822
 3383.50058652 3383.72655266 3390.49993687 3399.70021543 3400.1140478
 3417.69120684 3424.0022588  3441.81988395 3441.94895032 3449.22983335
 3451.68212763 3458.51474505 3464.05623213 3530.48801066 3548.70386821
 3554.64015438 3561.30410552 3563.1549012  3566.93865905 3580.92952645
 3593.3370642  3601.97184408 3609.12959407 3612.40458644 3646.89797272
 3649.64923298 3653.58002382 3669.85231923 3672.86717887 3691.14663628
 3720.79343386 3726.34398759 3730.78037725 3740.09855554 3743.36624792
 3747.26133885 3749.10933454 3753.203625   3761.74897175 3775.80153901
 3786.53084734 3792.24096736 3800.70974763 3807.82856437 3808.78379548
 3809.42172733 3811.11729004 3826.24838812 3829.72474668 3834.41383576
 3852.66152657 3861.36463962 3875.78997267 3886.20834839 3888.51134303
 3888.91127543 3892.59326685 3895.26259396 3898.69898595 3902.69590997
 3908.49489646 3921.11700038 3921.29519996 3929.291548   3933.67730444
 3933.70000439 3947.74937165 3957.34991594 3972.18218138 3982.26769121
 3988.52714329 3996.72542419 4001.86734554 4022.69253034 4023.2272291
 4036.1869989  4045.88664296 4050.24219948 4056.06335258 4069.85802043
 4073.4909453  4081.63999298 4087.4531461  4093.29719915 4094.30073014
 4099.24425196 4099.56081788 4104.42317322 4106.79433436 4113.86721788
 4117.88824184 4119.69067098 4125.36782441 4135.35310114 4145.39651107
 4151.21306419 4167.50419289 4168.03905831 4168.10152483 4169.8725207
 4177.64980258 4189.97794052 4194.08516428 4194.72922945 4207.54763291
 4211.68232327 4216.91854441 4231.96147602 4243.81638173 4249.92003417
 4255.30902161 4273.24611315 4286.94348123 4289.16594271 4292.57053478
 4295.20156198 4296.53159222 4297.42059015 4299.27335249 4306.9646679
 4336.10473333 4343.47228283 4345.06811245 4345.77037748 4354.11895802
 4354.65922343 4363.08423713 4365.6982977  4374.05537823 4380.68462945
 4384.38512083 4385.06528591 4399.29361942 4401.6036807  4410.17176073
 4411.3601913  4413.63158601 4414.96481623 4423.27646353 4430.5852465
 4439.42005924 4439.70799191 4441.56382092 4446.90240847 4450.70653294
 4457.36175077 4459.83561167 4469.18275655 4485.1995859  4499.9467182
 4519.71013881 4555.71902157 4556.97651864 4621.14553577 4636.09910092
 4665.64333208 4669.98198863 4699.59795295 4771.34745242 4782.90559215
 4798.17852323 4811.82999142 4845.43111312 4847.35844196 4876.27570791
 4884.02498985 4884.04068981 4909.88056293 4911.73712527 4926.97575643
 4930.84991407 4953.89272704 4955.70072282 4956.79982026 4964.71336849
 4993.47876812 5008.87166559 5013.33252186 5013.4727882  5021.64720248
 5028.68728608 5034.12987339 5034.94143817 5044.48671593 5048.15570738
 5052.54136382 5059.9338466  5068.91342567 5070.82788788 5073.79208097
 5089.76641041 5090.33140909 5094.3359331  5096.24356198 5104.47304281
 5106.06833909 5111.87429223 5112.99865627 5113.30762222 5118.7780428
 5123.02479957 5128.20522084 5131.87401229 5145.77704656 5170.56555546
 5194.08523398 5195.94049633 5196.25816225 5198.5684902  5199.5274213
 5206.11267262 5206.81583765 5210.82966163 5220.72210524 5228.16532123
 5232.07237879 5247.29594332 5260.8928783  5260.9230449  5261.41064376
 5263.51683885 5274.68627949 5278.26870448 5282.13349547 5287.52971623
 5288.29348112 5290.50504263 5290.7897753  5298.01555846 5305.95983995
 5311.89282612 5318.26167795 5323.99389792 5328.66832036 5336.60360187
 5341.50489045 5348.80174011 5352.33883187 5352.65063114 5355.13455869
 5357.66228613 5370.21549021 5381.59683036 5382.85772742 5386.50491892
 5399.91578767 5410.62292939 5413.74662211 5414.06632136 5415.52508463
 5443.39435302 5454.1894612  5464.88183628 5468.56536103 5486.08535354
 5495.73306439 5495.77649762 5496.32822967 5502.28088246 5503.61871268
 5503.8972787  5504.68764352 5504.87360975 5517.10334792 5524.41989754
 5527.68962325 5537.3953673  5538.16026552 5543.1592872  5544.03735182
 5546.37851303 5547.94784271 5555.71439128 5559.49198248 5563.41500667
 5588.82741412 5597.87149304 5599.08205689 5604.70811044 5606.70867245
 5615.44951875 5623.1932007  5624.90379671 5631.42358152 5634.36367467
 5661.16111222 5667.79226344 5669.6237925  5673.63468316 5674.01891559
 5681.11473239 5687.85141669 5698.01052635 5714.64818758 5715.33548598
 5724.78146397 5730.22751795 5732.95501159 5742.60692243 5760.87811319
 5780.98366633 5782.17653022 5783.2294611  5784.01142595 5805.04951025
 5816.69171646 5819.39634349 5843.84281985 5851.10066961 5866.70159992
 5869.10552765 5872.46828648 5888.63294881 5915.2150202  5930.0190857
 5970.19242542 5974.86281454 5975.23298034 5997.43549527 6037.22410255
 6053.03443238 6072.2755542  6080.55313492 6087.83188462 6093.16643886
 6100.89548751 6106.04344218 6225.87506294 6235.75897324 6253.84939775
 6275.20578132 6277.8611418  6283.19849602 6302.43271787 6302.44565117
 6350.02727363 6358.21498788 6389.41021519 6399.14245917 6403.03165011
 6430.86568525 6437.33663684 6445.26828502 6448.75734356 6459.1665193
 6480.71230243 6488.6609839  6524.55913358 6526.09469667 6536.05500679
 6541.10099504 6545.28268529 6553.991665   6568.05993221 6570.44939331
 6577.42601039 6609.74310175 6617.52741694 6631.6768173  6659.59335225
 6663.00411096 6684.23142817 6688.37675184 6688.55798475 6716.20415366
 6737.56223722 6737.82373661 6750.74423984 6752.94666804 6791.58247801
 6798.61589495 6805.2874794  6810.25523449 6816.57361977 6823.92693597
 6828.24345924 6833.92984599 6835.87170813 6839.05090072 6845.08688666
 6864.1632422  6873.71491995 6877.13094532 6880.23947141 6885.0616935
 6892.68700907 6901.06495621 6903.43725068 6904.9732471  6905.86414503
 6917.97131681 6924.6001347  6928.79852492 6942.37155996 6948.2763462
 6957.8304906  6957.93982368 6965.24570665 6969.25063065 6981.21470277
 6986.53192372 7010.1277354  7011.87493132 7026.69499679 7028.54712581
 7034.46374535 7041.79452827 7059.89115277 7061.27674954 7069.45659714
 7075.18245047 7080.91587044 7083.87399688 7087.14962258 7088.71361893
 7094.78633812 7120.44981165 7127.69912809 7135.53370983 7135.83647579
 7141.88292837 7147.4193488  7149.08594492 7154.88079808 7154.95259791
 7159.31598774 7163.68821089 7166.19200505 7168.01763413 7177.68577827
 7178.79530902 7183.45179817 7184.42306257]"
17,662892_2023-08-24_A-47,PIR,True,"[  20.95865557   20.97125555   21.90205338 ... 7183.55486459 7183.98499692
 7184.24512965]"
18,662892_2023-08-24_A-50,PIR,True,"[  22.59095177   22.6203517    22.62575169 ... 7186.15465853 7186.20459175
 7186.22155838]"
19,662892_2023-08-24_A-53,PIR,True,"[  22.03871972   27.73603978   27.7405731  ... 7185.55675993 7185.79882603
 7186.02795883]"
20,662892_2023-08-24_A-56,PIR,True,"[  21.40192121   21.40948786   21.43945445 ... 7181.89083514 7182.45113383
 7185.98802559]"
21,662892_2023-08-24_A-58,PIR,True,"[  20.31389041   20.42199016   20.5620565  ... 7185.62002645 7185.65239304
 7186.09855867]"
22,662892_2023-08-24_A-62,PIR,True,"[  20.96002224   20.96902222   21.02388876 ... 7186.02995883 7186.14932521
 7186.26375828]"
23,662892_2023-08-24_A-67,PIR,True,"[  22.70401817   22.86518447   22.87048445 ... 7185.39422697 7185.70522625
 7185.73609284]"
24,662892_2023-08-24_A-69,PIR,True,"[  29.28560284   32.81402795   33.4947597  ... 7179.99060623 7180.0191395
 7180.56417156]"
25,662892_2023-08-24_A-73,PIR,True,"[  22.84415118   25.59234478   25.61471139 ... 7182.73313317 7184.76549511
 7185.22242737]"
26,662892_2023-08-24_A-74,PIR,True,"[  22.06101967   22.87561777   25.21607899 ... 7185.76725944 7185.77272609
 7185.77679275]"
27,662892_2023-08-24_A-75,PIR,True,"[  22.46908539   24.72021348   30.92689901 ... 7178.67414263 7181.23880332
 7185.07902771]"
28,662892_2023-08-24_A-77,PIR,True,"[  20.2774905    20.28402381   20.45815674 ... 7177.50897868 7179.44027418
 7186.06795874]"
29,662892_2023-08-24_A-80,PIR,True,"[  22.03415307   22.206386     22.20851933 ... 7185.55012661 7185.65402637
 7185.67732631]"
30,662892_2023-08-24_A-83,PIR,True,"[  20.24155725   20.27992382   20.70925616 ... 7185.83565928 7186.3558914
 7186.38129134]"
31,662892_2023-08-24_A-86,PIR,True,"[  20.39122356   20.39772355   20.40342354 ... 7185.70569291 7185.74102617
 7186.03119216]"
32,662892_2023-08-24_A-88,PIR,True,"[  21.16872175   21.53528756   21.90078671 ... 7185.83702594 7185.86729254
 7186.09845867]"
33,662892_2023-08-24_A-90,PIR,True,"[  20.42289016   22.61881837   23.10038392 ... 7184.14416322 7184.16886316
 7186.38955799]"
34,662892_2023-08-24_A-91,PIR,True,"[  20.42359016   20.57062315   21.12408852 ... 7185.4244269  7185.78029274
 7186.38009134]"
35,662892_2023-08-24_A-94,PIR,True,"[  20.21209065   20.24189058   20.28125715 ... 7185.89482581 7185.93042572
 7186.05772543]"
36,662892_2023-08-24_A-95,PIR,True,"[  20.27969049   20.45645675   20.52575658 ... 7185.5827932  7186.08122537
 7186.36482471]"
37,662892_2023-08-24_A-96,PIR,True,"[  20.69695618   20.76672269   20.89535572 ... 7185.72892619 7186.00312555
 7186.0828587 ]"
38,662892_2023-08-24_A-97,PIR,True,"[  20.41535684   20.65655628   24.97051289 ... 7174.03478678 7181.07167038
 7186.08745869]"
39,662892_2023-08-24_A-98,PIR,True,"[  20.22282396   20.48102335   20.52858991 ... 7186.03402548 7186.15992519
 7186.25552497]"
40,662892_2023-08-24_A-99,PIR,True,"[  20.23332393   20.46422339   20.85032249 ... 7186.26322495 7186.2855249
 7186.3713247 ]"
41,662892_2023-08-24_A-100,PIR,True,"[  21.05268869   24.20234802   24.35084767 ... 7161.77638201 7176.84398023
 7183.19316544]"
42,662892_2023-08-24_A-101,PIR,True,"[  20.25245722   20.28665714   20.29572379 ... 7185.76725944 7186.27065826
 7186.28622489]"
43,662892_2023-08-24_A-103,PIR,True,"[  20.24335724   20.96322223   20.98505551 ... 7185.99119225 7185.99562557
 7186.05295877]"
44,662892_2023-08-24_A-104,PIR,True,"[  20.37605693   20.41499018   20.73532276 ... 7185.63622641 7185.71005957
 7185.77799275]"
45,662892_2023-08-24_A-105,PIR,True,"[  20.4055902    20.9600889    20.96828889 ... 7186.2263917  7186.27675825
 7186.3534914 ]"
46,662892_2023-08-24_A-106,PIR,True,"[  20.30709043   20.33855702   20.36609029 ... 7186.27125826 7186.31895815
 7186.33029146]"
47,662892_2023-08-24_A-107,PIR,True,"[  20.35585698   20.5740898    21.39712122 ... 7185.46856013 7185.68625963
 7185.70372625]"
48,662892_2023-08-24_A-108,PIR,True,"[  20.73352277   21.46885439   23.74508242 ... 7182.80746633 7183.51916468
 7183.55763125]"
49,662892_2023-08-24_A-109,PIR,True,"[  20.42759015   20.57375647   20.64305631 ... 7186.25859163 7186.30625818
 7186.39332465]"
50,662892_2023-08-24_A-114,PIR,True,"[  20.28679047   20.30989042   20.36202363 ... 7186.02232551 7186.07229206
 7186.33282479]"
51,662892_2023-08-24_A-115,PIR,True,"[  20.2345906    21.28555481   21.2921548  ... 7185.85315924 7186.10775864
 7186.3402581 ]"
52,662892_2023-08-24_A-116,PIR,True,"[  20.29149046   20.58678977   20.75738938 ... 7186.23759167 7186.35265807
 7186.36165805]"
53,662892_2023-08-24_A-118,PIR,True,"[  21.38272125   22.75395139   23.0093508  ... 7184.94606135 7186.37315803
 7186.38182467]"
54,662892_2023-08-24_A-119,PIR,True,"[  20.34265701   20.47239004   20.5775898  ... 7186.27419159 7186.29972486
 7186.36785804]"
55,662892_2023-08-24_A-120,PIR,True,"[  21.76872035   21.777287     21.81692024 ... 7185.99722557 7186.15665853
 7186.2110584 ]"
56,662892_2023-08-24_A-121,PIR,True,"[  20.24309058   20.25505721   20.30775709 ... 7185.98105894 7186.00772554
 7186.10142533]"
57,662892_2023-08-24_A-122,PIR,True,"[  21.20122168   27.18324107   29.19526971 ... 7149.55624382 7157.79385796
 7173.68758759]"
58,662892_2023-08-24_A-124,PIR,True,"[  20.55918984   20.56745649   20.71652281 ... 7185.17649415 7185.92172574
 7186.36729137]"
59,662892_2023-08-24_A-126,PIR,True,"[  20.22452395   20.35475698   20.39782355 ... 7186.27979158 7186.29285821
 7186.31332483]"
60,662892_2023-08-24_A-127,PIR,True,"[  20.44115678   20.55935651   20.68488955 ... 7185.9990589  7186.12879193
 7186.24139167]"
61,662892_2023-08-24_A-129,PIR,True,"[  20.89538906   21.15342179   21.15875511 ... 7186.14795855 7186.26372495
 7186.28415823]"
62,662892_2023-08-24_A-135,PIR,True,"[  20.21789063   20.34055702   20.43402346 ... 7186.13782524 7186.27785825
 7186.3693247 ]"
63,662892_2023-08-24_A-137,PIR,True,"[  20.63888965   20.69108953   20.73895609 ... 7186.16409185 7186.23275835
 7186.25612496]"
64,662892_2023-08-24_A-139,PIR,True,"[  20.30762376   20.36512362   20.5323899  ... 7186.22192504 7186.27225826
 7186.27655825]"
65,662892_2023-08-24_A-140,PIR,True,"[  20.20599066   20.21152398   20.40275687 ... 7186.30419152 7186.32275814
 7186.40379129]"
66,662892_2023-08-24_A-141,PIR,True,"[  20.61048972   20.91518901   20.97155554 ... 7185.95289234 7186.05595876
 7186.20515842]"
67,662892_2023-08-24_A-144,PIR,True,"[  27.23974094   31.72273049   47.27749424 ... 7183.78919738 7184.0650634
 7186.10742531]"
68,662892_2023-08-24_A-146,PIR,True,"[  20.22579062   20.23015727   20.35479032 ... 7184.08816335 7184.97882794
 7185.77535942]"
69,662892_2023-08-24_A-149,PIR,True,"[  20.48039002   20.70115618   21.6202207  ... 7151.83737184 7152.80700291
 7183.65746435]"
70,662892_2023-08-24_A-152,PIR,True,"[  22.98408419   24.62258037   25.22377897 ... 7163.24424526 7166.23280496
 7166.98160321]"
71,662892_2023-08-24_A-153,PIR,True,"[  21.24235491   21.27118818   21.72975378 ... 7186.25169164 7186.33182479
 7186.39002465]"
72,662892_2023-08-24_A-155,PIR,True,"[  20.80055594   21.44258778   21.44608777 ... 7185.58445986 7185.98319227
 7186.39055798]"
73,662892_2023-08-24_A-156,PIR,True,"[  20.37959026   20.38859024   20.4032902  ... 7186.03755881 7186.04339213
 7186.18565846]"
74,662892_2023-08-24_A-157,PIR,True,"[  20.29615712   20.48692334   20.75688938 ... 7183.64563105 7183.70976423
 7183.76353077]"
75,662892_2023-08-24_A-158,PIR,True,"[  46.08893035   53.34014678   64.0055886    95.14174937   99.5201725
  131.32673172  143.76783606  175.40042901  182.58541227  193.57581999
  193.76275289  195.97811439  214.09373885  222.4532527   228.88100439
  249.89408875  253.93934599  260.25306461  275.1640632   288.13546631
  294.18361888  303.7455966   305.24965976  309.2513171   331.61949831
  333.0807949   338.95628121  352.92604866  374.58469819  375.83466194
  376.97419262  387.78620076  392.46872318  418.6514955   433.44496103
  434.27589242  436.20038794  445.49343295  473.81576695  505.35362679
  508.21082013  508.43565294  528.54323942  560.50209828  571.2762065
  591.96835829  598.22817703  602.12056796  616.09700206  645.96529912
  654.3720462   659.12663512  671.73710573  702.46156747  722.02718854
  726.21891211  770.94550788  798.12254455  824.57564957  851.14188767
  851.62618654  858.35683752  866.81541781  868.42761405  879.28362209
  889.17499904  893.79295494  924.61868311  929.4150386   948.63646048
  956.29634263  974.81789947  976.59352866 1003.26009985 1051.06412179
 1060.30326693 1070.34534352 1071.03824191 1084.89997627 1120.04109439
 1127.77474303 1129.45077246 1131.97413324 1134.64256036 1147.42873056
 1147.57973021 1152.15658621 1165.98788732 1167.84224966 1172.59953858
 1179.92898816 1208.17482234 1237.74038678 1241.18397875 1246.21606703
 1256.50470972 1262.80146171 1308.38582215 1313.64917655 1326.8166792
 1352.1377202  1368.00971654 1368.34984909 1374.54160132 1389.92279881
 1390.63269716 1398.27284602 1430.44723771 1464.31192547 1474.54220163
 1476.69639661 1488.6574354  1510.05225221 1522.43409002 1523.29538802
 1532.60756632 1539.13858443 1549.20069432 1552.12068751 1560.47876803
 1608.61562253 1612.67301307 1616.19993819 1619.3569975  1627.49837853
 1632.57686669 1644.82120483 1663.07329563 1702.73636987 1715.18534086
 1731.75146892 1736.24542511 1753.76651762 1770.67191156 1776.74496407
 1787.35410601 1803.87523418 1805.63963007 1815.12210797 1818.78143278
 1826.54524802 1831.38040342 1833.31179892 1850.02902663 1857.57457571
 1922.42719125 1957.48377623 1968.2400845  1976.09379953 1979.91229063
 1986.73010808 2015.15187518 2019.33763209 2048.13339832 2056.68637839
 2089.11630282 2102.63527132 2111.44758411 2162.21676581 2166.01205696
 2172.7315413  2181.80668682 2201.86790674 2219.44189912 2227.89681275
 2240.30071718 2269.84504833 2278.61779456 2289.78823519 2293.08936083
 2298.78391423 2311.66991754 2337.34295771 2338.50318834 2354.44528452
 2354.75391714 2360.62500346 2394.44982463 2421.47729499 2446.38603694
 2460.69047027 2473.21960774 2503.16750462 2556.07348134 2571.23127935
 2572.91984208 2578.04513014 2585.60714585 2591.10013305 2619.75009962
 2620.76823058 2621.89406129 2654.80725126 2655.45068309 2658.83770853
 2666.2616579  2669.2063177  2687.07624273 2700.7756108  2714.30554594
 2716.86713997 2719.67936675 2722.56506003 2726.17715161 2727.39338211
 2728.07904718 2738.883322   2758.65490926 2767.29845579 2774.0439734
 2775.53813658 2776.26050157 2792.34506409 2792.68322996 2794.56422558
 2804.16006989 2807.61789516 2809.44662423 2819.98569968 2829.38287778
 2841.64364921 2867.81492155 2879.780727   2880.1404595  2887.31670944
 2899.75068047 2907.97756129 2908.0613611  2909.10762533 2922.59669389
 2923.47182519 2930.80250811 2950.7586616  2970.63694861 3006.11013262
 3043.57341198 3048.08173481 3056.84478106 3061.35867054 3065.83922676
 3067.05119061 3074.31957367 3077.65063257 3078.4107308  3079.59562804
 3095.10622523 3106.074133   3113.55511557 3136.2739293  3151.20692783
 3184.57611674 3210.66412261 3216.13714319 3218.47450441 3235.90689712
 3237.22696071 3248.33233483 3248.81770037 3255.96258372 3258.11611203
 3262.98976734 3269.34748586 3314.12868151 3330.38947695 3344.51821069
 3372.76001155 3396.93275522 3408.41922845 3414.17451504 3424.24075825
 3432.53053893 3435.68803157 3445.40800892 3450.61316346 3467.15212492
 3495.67959177 3505.35406923 3506.11916745 3515.42451243 3519.36556991
 3528.09494957 3595.72189198 3606.51990015 3621.43313206 3633.89573636
 3636.17913103 3646.68777321 3646.75690639 3687.75101086 3690.05057216
 3695.31232657 3699.69834968 3711.74765494 3719.78153622 3726.74485332
 3728.3574829  3741.87095141 3746.12937482 3777.7918677  3781.21522639
 3787.10751266 3789.85367293 3816.06374518 3842.46901698 3905.10597102
 3921.51933277 3938.76712591 3944.25697979 3949.35690124 3957.42598243
 3960.94110758 3960.9587742  3963.30910206 4033.7237713  4035.92833283
 4060.744675   4080.60016207 4095.19482806 4118.17047452 4122.26659831
 4125.96725635 4133.22110611 4163.02460333 4165.33413128 4167.25182681
 4169.99238709 4196.13095951 4204.362907   4207.07796734 4207.68449926
 4242.68518436 4254.20659085 4257.79374915 4270.38351982 4282.08502588
 4300.60171607 4312.10822259 4318.42947452 4331.11864495 4335.57036791
 4337.00176458 4337.73042954 4343.88658187 4370.51761981 4370.58411965
 4375.95084048 4383.41472309 4395.13109578 4404.01007509 4412.42538882
 4421.85100019 4440.00589121 4451.49359778 4452.88292787 4462.25950602
 4463.90793551 4493.2797004  4513.44422008 4514.21275162 4527.79381997
 4536.33526674 4549.03367048 4559.66577904 4561.7417742  4567.50686076
 4573.94744576 4578.66736809 4579.94389845 4583.99332235 4584.8405537
 4584.90482022 4592.37703614 4601.01714934 4618.38767553 4629.55151618
 4632.60754239 4647.796607   4654.23905865 4661.7698411  4679.05556749
 4679.44286659 4684.28365531 4685.83545169 4685.95141809 4687.6349475
 4719.51147321 4720.48700427 4730.49538095 4732.4901763  4736.76946633
 4738.93172796 4752.0174308  4755.45968944 4760.07511202 4791.50923877
 4792.26770367 4792.31437023 4797.5470247  4798.5223891  4805.49773951
 4819.34390724 4856.72228681 4885.52771968 4895.26359699 4912.27175736
 4914.06135319 4919.26990772 4933.87700701 4955.72732276 4963.19543869
 4972.15035116 4980.09366598 4994.26693295 4998.75518916 5017.564012
 5027.72485499 5034.95410481 5073.70058118 5073.86811412 5076.91670702
 5092.50053737 5102.37498103 5113.11232267 5141.71875601 5157.21355324
 5159.89668032 5168.99742578 5174.82584553 5177.77357199 5179.68283421
 5180.09009993 5200.67451863 5218.59687686 5248.67394011 5252.86793034
 5256.92002089 5260.51884584 5268.8316598  5271.02232136 5280.42486612
 5292.28450515 5306.46853876 5325.52322769 5339.24586238 5343.95628474
 5345.13924865 5355.46819125 5355.54975772 5359.24731577 5378.49287092
 5379.46266866 5380.47573297 5404.4785437  5411.70439353 5413.22395666
 5414.20465437 5416.03505011 5423.13900022 5443.77928545 5443.92408512
 5464.27867102 5488.48834794 5489.04961329 5495.45849836 5499.76618832
 5511.61446071 5518.74511076 5519.02927677 5520.23147397 5520.41060688
 5523.67409928 5526.38835962 5529.09118665 5531.80348033 5538.65029771
 5539.49862907 5544.44805087 5545.51951504 5556.52355606 5557.39605403
 5560.22831409 5561.86087696 5584.15439167 5595.52256518 5606.39053986
 5613.97735551 5633.24457728 5639.85022855 5641.48812473 5647.30041119
 5664.95533672 5689.64621251 5690.04454492 5702.06108358 5709.38973317
 5709.60879933 5714.57848775 5718.58871173 5731.61538138 5742.1500235
 5748.8293746  5775.82537836 5780.99109965 5782.54059604 5783.6885267
 5784.56032467 5791.73497461 5800.1796216  5800.43305435 5803.90191293
 5804.91894389 5833.70354348 5891.89297455 5899.51865678 5901.89905123
 5946.49424731 5957.50392166 5957.66075462 5971.18695644 5975.3383801
 5987.6099515  6024.15206635 6045.88941569 6051.26723649 6058.2868868
 6070.25419225 6081.41243291 6109.26446801 6110.7713645  6123.87860062
 6132.86054636 6144.25388647 6163.71600779 6164.99507147 6176.5697445
 6178.86147249 6179.35223802 6185.72428984 6206.82044067 6220.52330874
 6232.75074692 6237.5925023  6246.79184753 6263.610475   6270.46092571
 6293.33640573 6319.13321229 6340.75019525 6341.19506088 6345.98881637
 6347.76797889 6356.48452525 6357.07259054 6382.38363156 6389.063116
 6397.99639518 6405.38037797 6405.4119779  6406.44000884 6416.61658512
 6420.11214364 6436.95573772 6447.17874724 6448.15937828 6467.40956676
 6470.94389186 6473.3697862  6480.3374033  6487.55438648 6494.18593769
 6494.53923687 6512.50382834 6519.10897962 6519.38067898 6532.01424954
 6538.85906693 6539.05176648 6557.993989   6566.71563535 6583.98826176
 6600.6354563  6607.5883401  6615.56138819 6625.03356611 6626.7002289
 6638.44970152 6640.65299638 6642.62025846 6642.70989159 6645.44711854
 6646.10221702 6655.43172861 6660.55558334 6666.02710392 6670.83102606
 6674.94271648 6676.89507859 6679.06797353 6685.8334911  6718.01194945
 6719.22874661 6734.4959777  6736.59140615 6750.7762731  6758.61988815
 6762.96471136 6768.51673176 6771.60192457 6772.19932317 6772.21385647
 6775.0332499  6777.2500114  6787.5080875  6787.6080206  6792.23177649
 6797.1052318  6805.81524484 6808.29340573 6821.28217546 6825.90049803
 6826.90959568 6832.32778306 6836.3124071  6864.39484166 6872.30202324
 6877.27077833 6877.59057758 6891.28184568 6900.83252342 6915.10999015
 6930.81482022 6934.87881075 6936.21314097 6936.63980665 6939.75863271
 6941.86966112 6947.38684827 6956.64952668 6957.06742571 6963.99517623
 6968.84226494 6985.92935845 6986.77165649 7000.80415712 7032.76474931
 7038.15557008 7053.95816659 7092.78000946 7100.08165911 7110.16416895
 7118.40581641 7124.51090218 7126.1476317  7133.25164848 7134.85037809
 7135.38344351 7155.23373059 7184.46126248]"
76,662892_2023-08-24_A-162,PIR,True,"[  21.41435451   24.0100818    24.24731458 ... 7184.78686172 7185.57572655
 7186.32409147]"
77,662892_2023-08-24_A-163,PIR,True,"[  20.57695646   21.02108876   21.03022207 ... 7184.60179549 7185.38762699
 7185.51069337]"
78,662892_2023-08-24_A-164,PIR,True,"[  22.68475155   27.12990786   28.19207205 ... 7175.38248364 7177.90451109
 7185.66532634]"
79,662892_2023-08-24_A-165,PIR,True,"[  21.15945511   25.20104569   25.21144566 ... 7184.85502823 7184.86466154
 7185.25836062]"
80,662892_2023-08-24_A-167,PIR,True,"[  20.26939051   20.28379048   20.46455673 ... 7186.18625846 7186.27892491
 7186.38299134]"
81,662892_2023-08-24_A-168,PIR,True,"[  22.05878634   22.34695234   22.89211774 ... 7186.04835878 7186.06779207
 7186.35839139]"
82,662892_2023-08-24_A-169,PIR,True,"[  20.65608961   20.85482248   20.86728912 ... 7185.57399322 7185.58352653
 7185.90619245]"
83,662892_2023-08-24_A-170,PIR,True,"[  21.29385479   22.26438587   25.16074578 ... 7166.30877145 7166.58960413
 7185.75132614]"
84,662892_2023-08-24_A-175,PIR,True,"[  20.36612362   20.38222358   20.97062221 ... 7185.22639403 7185.5984265
 7185.75335947]"
85,662892_2023-08-24_A-176,PIR,True,"[  20.65482295   20.77538934   20.8494225  ... 7184.43719587 7185.22866069
 7186.26445828]"
86,662892_2023-08-24_A-178,PIR,True,"[  20.21435731   20.31289041   20.33319037 ... 7169.96609626 7172.51955698
 7184.23889633]"
87,662892_2023-08-24_A-180,PIR,True,"[  22.98378419   24.10128159   24.10554824 ... 7184.31639615 7184.34612942
 7186.35435807]"
88,662892_2023-08-24_A-182,PIR,True,"[  20.33255703   20.33549036   20.34109035 ... 7186.32805813 7186.37685802
 7186.38015801]"
89,662892_2023-08-24_A-187,PIR,True,"[  20.30762376   20.44105678   20.96235557 ... 7185.75719279 7185.77592608
 7185.78605939]"
90,662892_2023-08-24_A-188,PIR,True,"[  20.22775728   20.33682369   20.44299011 ... 7184.56149558 7185.30136052
 7185.67382632]"
91,662892_2023-08-24_A-192,PIR,True,"[  26.17611008   29.08230331   30.37230031 ... 7185.47216013 7185.49912673
 7186.13712524]"
92,662892_2023-08-24_A-193,PIR,True,"[  20.6065564    20.86655579   21.17522174 ... 7180.85370422 7182.41906724
 7186.30749151]"
93,662892_2023-08-24_A-195,PIR,True,"[  21.31105475   21.31825474   21.3216214  ... 7186.10895864 7186.12325861
 7186.23682501]"
94,662892_2023-08-24_A-197,PIR,True,"[  20.21009065   20.23065727   20.32365705 ... 7186.23862501 7186.29415821
 7186.38042468]"
95,662892_2023-08-24_A-198,PIR,True,"[  36.512886     61.13689528   76.35402649 ... 7177.89404445 7178.1291439
 7185.17726081]"
96,662892_2023-08-24_A-203,PIR,True,"[  20.203924     20.2322906    20.27332384 ... 7184.94316136 7186.16365851
 7186.38722466]"
97,662892_2023-08-24_A-204,PIR,True,"[  20.33555703   20.51922327   20.52328992 ... 7186.02725883 7186.32015815
 7186.32369147]"
98,662892_2023-08-24_A-205,PIR,True,"[  43.19170377   90.65779316  194.37848479  220.57815707  423.74615029
  462.8354592   482.75694611  583.83024392  596.28748155  644.57676903
  670.05214299  670.07030962  670.07580961  670.07874293  777.22609325
  782.36828126  860.66896547  886.77210464  954.59894658 1006.78525831
 1029.62093842 1044.74453652 1136.25392327 1152.72398489 1152.74088485
 1158.19087215 1168.60634788 1182.24921609 1210.32101734 1257.84703992
 1273.16463756 1280.32818754 1290.96169609 1358.52647198 1380.70482029
 1421.4290254  1492.14129395 1504.64289815 1518.24613312 1526.06598156
 1556.0874116  1563.26849487 1579.48922373 1579.50652369 1621.91419154
 1649.06319494 1650.23752554 1655.71571277 1676.07176534 1684.68821192
 1684.69071192 1694.31768948 1717.82353471 1749.21356156 1799.1882451
 1806.30432852 1819.68883066 1824.06902046 1872.0849419  1877.73412874
 1877.74549538 1911.02005117 1931.7032363  1945.85520333 1946.51456846
 1951.03135793 1971.40767711 1971.4286104  1997.51428295 2011.76251641
 2011.77304972 2041.28254762 2068.45251764 2074.61986993 2074.62216993
 2088.74127036 2105.22269862 2129.97120761 2147.53596668 2163.53312941
 2164.61579355 2174.39600409 2207.42202713 2209.20418964 2213.58781276
 2258.30687522 2264.89585987 2290.52056682 2308.79075758 2312.64298193
 2320.47773034 2339.57048585 2365.22885939 2374.67923737 2391.0724325
 2392.78266185 2419.97433182 2421.47466166 2421.74839435 2422.59899237
 2440.99261618 2445.26180623 2453.78845302 2465.90189146 2471.59577819
 2490.44720093 2501.76424123 2581.19815612 2585.9150118  2593.16516157
 2595.41572299 2600.33584486 2600.54267771 2604.88413426 2645.92483862
 2704.20496948 2713.52468109 2722.83192607 2725.97798541 2733.81593381
 2759.7396734  2781.1544235  2813.23744873 2893.31406213 2915.84647629
 2921.9497954  2933.89843422 2969.83618381 2973.6329083  3077.02893402
 3078.2811311  3099.98291386 3115.66787731 3118.16913815 3135.36683141
 3145.95414007 3156.43304899 3162.36143517 3176.85030141 3217.64500634
 3256.43984927 3263.43116632 3276.48366923 3280.00096104 3311.99791981
 3321.21666499 3323.13599385 3365.70039466 3390.72620301 3396.7273557
 3400.23074753 3431.08270897 3443.02598114 3466.64309277 3489.53823942
 3515.6649452  3536.47056339 3549.2074337  3552.65112568 3557.13741523
 3568.74462151 3575.6280388  3614.84394742 3638.95812456 3654.48235505
 3679.91006246 3685.46954951 3709.37056048 3720.44366801 3721.78423155
 3731.33387596 3737.99396044 3738.00879374 3745.51134292 3751.74316174
 3755.25388689 3760.99674017 3804.47590552 3805.83133569 3813.07878547
 3821.36949949 3839.77138994 3854.21245629 3861.5014393  3873.45631144
 3876.15717181 3884.2440863  3906.28663494 3913.52378474 3915.33498052
 3915.81921272 3916.16797858 3919.23227144 3930.43177867 3938.40706009
 3970.09131959 3976.63057101 3983.83085424 3994.80569533 4018.53984002
 4046.67360779 4060.24097618 4060.98587444 4061.38844017 4071.44735006
 4088.54624355 4091.78986933 4099.34225173 4100.48604906 4101.51251334
 4102.80874365 4103.7174082  4104.6882726  4106.82096763 4143.75874822
 4148.01207164 4151.00369801 4151.20236421 4166.46776197 4176.41390546
 4180.30536306 4186.67821487 4219.80033769 4234.38923703 4234.49417012
 4235.2733683  4247.72283929 4254.48812352 4259.47747856 4264.77463289
 4292.17330237 4292.17850236 4292.18223569 4302.37291194 4306.7667017
 4308.6566973  4309.83119456 4320.73760248 4328.20151842 4329.1100163
 4340.92882209 4371.3636845  4372.89941426 4380.45392999 4393.77716561
 4409.90306136 4410.9448256  4416.81627858 4423.04089741 4428.1105856
 4428.11265226 4437.19066444 4440.82642263 4469.30138961 4471.53215108
 4528.59408478 4528.9677839  4536.07303401 4543.33538376 4552.8999948
 4556.29305356 4557.25681798 4558.67368135 4567.14712827 4570.19762116
 4572.93061479 4575.3448425  4579.23023344 4584.63645418 4586.14828399
 4597.63762388 4613.70938643 4620.30043774 4621.63343463 4635.39753589
 4654.11325895 4658.64928171 4668.98479096 4675.04101018 4682.25169337
 4700.14605167 4723.62043031 4728.2729528  4753.1602948  4769.53225665
 4771.41465226 4772.96401532 4794.14589929 4804.54574173 4815.5153495
 4822.23350051 4827.51795486 4827.62635461 4834.99180411 4835.2818701
 4839.82962617 4839.84905946 4845.15278043 4866.04689841 4870.28792186
 4878.76793543 4884.71018825 4889.00341158 4889.00554491 4893.35473477
 4896.0476285  4902.09694774 4907.92336749 4908.9073652  4924.72522834
 4927.76238793 4939.73876002 4939.8053932  4943.6529509  4964.61586871
 4970.4445218  4980.27663222 5007.15736958 5010.00726294 5011.98775832
 5014.11585337 5016.90244687 5018.89870889 5020.10653941 5023.68319774
 5026.46019127 5042.16068801 5052.19569796 5063.71390445 5064.06720363
 5088.27184723 5090.31104247 5112.97968965 5119.70077399 5122.17416822
 5125.96395939 5126.71649097 5127.75115523 5130.36201581 5134.12070705
 5136.22666881 5145.88837963 5167.77116197 5175.27417782 5182.79102697
 5185.24355459 5188.16504778 5202.37871466 5211.46056016 5217.54897931
 5222.39096802 5227.00632393 5228.89881952 5245.87621329 5248.77523987
 5253.70686171 5268.30686102 5282.11736218 5289.78821097 5310.3858963
 5323.71553191 5332.11804566 5332.61467783 5336.82903468 5343.07035347
 5359.56121504 5365.26233509 5365.66740081 5368.96969312 5380.31343335
 5388.62061399 5393.43636944 5399.09268959 5400.20392033 5401.64391698
 5402.05414935 5407.37533695 5408.1577018  5414.50188701 5415.00451918
 5426.4389592  5429.90638445 5431.08851503 5432.94014405 5433.39690965
 5436.95590136 5443.60898585 5443.87221857 5459.850548   5462.70610802
 5493.95550186 5493.96153518 5494.18570133 5494.88676636 5500.10828752
 5504.16577807 5506.34607299 5510.41473017 5515.04101939 5515.9532506
 5522.36886898 5530.67934962 5530.86474919 5536.03843713 5540.45806016
 5542.41682227 5548.2685753  5558.36961843 5564.54290404 5568.70522767
 5574.04084857 5581.95143014 5592.58700536 5594.89479998 5611.10329554
 5614.91168667 5624.3078981  5629.98835153 5642.99975455 5648.7427745
 5652.94329804 5654.25976164 5660.73891321 5665.89703452 5671.42458831
 5676.75527588 5690.53477711 5699.61902261 5711.76756096 5717.38284788
 5718.62737831 5738.57529849 5753.85309622 5754.9916269  5756.54162329
 5766.42176694 5775.85751161 5789.0392809  5789.81054577 5797.35036153
 5816.25761747 5824.64786458 5827.08972556 5841.59472509 5844.76925103
 5849.16610745 5849.71163951 5855.89585843 5859.73088283 5868.22272971
 5879.09400438 5883.17116154 5883.49446079 5894.60883489 5895.85116533
 5899.30622394 5900.71568732 5906.0914748  5917.0625159  5917.65461452
 5920.92620689 5924.88923099 5931.63221528 5933.31447803 5941.00929343
 5956.10155826 5957.37708862 5959.5456169  5963.29560816 5974.66338167
 5977.45177517 5979.36007073 6014.88632127 6019.61874358 6022.70846971
 6028.6777558  6029.69785342 6044.7828516  6048.69200916 6048.69454249
 6060.40038188 6069.47446073 6083.45509482 6083.45756148 6085.60635647
 6093.29183856 6094.69900195 6111.71036231 6111.85546197 6113.51652477
 6124.8455317  6134.15991    6140.021763   6141.65662586 6147.22894621
 6173.30818544 6179.46543775 6188.0576844  6192.84697324 6202.71265025
 6219.97021003 6238.18830091 6250.3953058  6263.04507632 6268.73166307
 6274.35281664 6274.62674933 6280.98266785 6289.59641445 6295.69146691
 6309.95473367 6311.27579726 6317.93124842 6324.05453415 6327.81819205
 6353.51796549 6358.02828832 6358.24382115 6363.31647599 6368.17986466
 6386.79578795 6407.72530584 6412.81146065 6417.98781526 6431.13451796
 6450.42147301 6465.21210521 6466.12090309 6488.41948447 6490.82194553
 6505.24854525 6514.11879124 6517.10035096 6541.59576055 6563.5439094
 6577.63864322 6593.50733958 6607.35494064 6616.22348664 6634.79824336
 6646.01305056 6653.52439972 6658.15648893 6680.17807094 6687.64568688
 6693.84400577 6696.53939948 6696.64319924 6727.65689364 6729.11859023
 6729.14859016 6744.88662015 6745.095553   6748.04974612 6749.76640878
 6750.49464042 6757.92465644 6758.23808904 6772.64868879 6783.63922985
 6784.90806023 6790.92934619 6806.49854325 6820.57344378 6821.73047442
 6832.17275008 6834.94464363 6837.43530449 6838.86810115 6843.55802355
 6859.43968654 6866.28720392 6874.60281788 6874.60578454 6878.85250797
 6881.18843586 6882.5744993  6889.14895065 6906.28304405 6909.38163683
 6911.63443158 6940.21879831 6942.99002518 6950.17317511 6950.64020735
 6953.78683335 6958.37902265 6959.56958655 6965.19187344 6967.34723509
 6969.37193037 6969.99686225 6976.15471456 6984.35136213 6989.79498278
 6990.90214686 6997.37596511 6998.32169624 7002.7724192  7007.5102415
 7010.45483463 7014.30209234 7023.26037146 7028.43589273 7028.5935257
 7032.22071725 7033.61288067 7036.95530621 7045.28958679 7046.61068371
 7051.20067302 7052.02950442 7060.7196175  7063.81034363 7064.24197596
 7066.33873774 7068.86103186 7070.44412817 7073.02632216 7077.30951218
 7080.86330389 7083.43309791 7090.25794867 7107.25200907 7112.98246238
 7118.6226159  7119.75977992 7120.42317838 7122.51787349 7123.57937102
 7139.51326722 7147.5206819  7149.09857822 7170.73326114]"
99,662892_2023-08-24_A-206,PIR,True,"[  20.22322396   21.97288654   21.98085319 ... 7186.04572546 7186.12602527
 7186.16482518]"
100,662892_2023-08-24_A-208,PIR,True,"[  22.46168541   40.78080938   42.71440488   47.2677276    62.99049096
   64.7768868    74.83839669   75.96106074   83.13057736   83.40477672
   94.25835143   96.98674507  100.72920302  105.31875899  109.79448189
  110.61227999  117.59863038  119.89345836  122.11651985  124.00514878
  124.45941439  135.31742242  135.84552119  144.29533483  158.91160077
  167.15694822  180.48148384  188.27023236  199.72967232  207.06165523
  207.08442185  209.5627494   215.66366852  218.54012848  218.6622282
  226.26424382  227.04677533  227.32270802  227.56687412  229.49140296
  231.65099793  234.75672403  243.63030335  245.40263255  246.44983011
  247.18059508  250.00528849  254.15911215  254.64557768  260.11406494
  269.05154411  269.90520879  273.08760137  291.7839578   292.95595507
  305.53019244  314.98517041  336.04165467  343.65363693  344.04660268
  346.92466264  349.14612413  377.86722387  382.65467938  385.15357356
  395.07415044  406.77165652  411.7574449   416.58466698  422.79431918
  424.02114965  428.61290562  432.62666293  435.7182224   446.8022299
  447.66196123  452.97914884  464.19888936  469.06817801  475.77129573
  478.90975508  480.10151897  491.64545873  495.8647489   498.42990959
  506.42509096  515.42117     518.85419533  521.65595547  523.28438501
  525.90674556  534.32669261  535.7044894   537.40845209  543.07887221
  544.1838363   544.73736835  545.01543437  548.38899317  551.52525253
  555.81474253  570.57434147  571.81843857  578.36045666  585.19880739
  585.29050718  589.91266308  589.98832957  592.56525689  597.28877922
  605.30532721  613.99070697  615.63040315  615.65316976  622.57508696
  626.29917828  629.00027199  629.85160334  634.2730597   639.28718135
  666.23941855  672.47483735  672.8536698   674.11473353  675.49489698
  680.00658646  685.8830061   690.14646283  694.90391842  712.38564434
  716.42326827  726.28237863  726.91894381  732.88599657  736.1788889
  746.33216524  748.3937271   762.24399483  762.71219374  777.53475919
  780.35685262  784.02411074  785.14664146  798.69857654  799.5912078
  801.05607105  811.58844651  816.22863569  824.74161585  827.1834435
  828.89700617  829.52287138  833.05056316  843.97973769  857.0634072
  861.38099714  878.98922277  890.88682838  896.45564874  897.9617119
  900.87083845  905.72072715  937.03688751  939.56448162  944.13993762
  952.12388568  959.33350222  959.65976812  960.69486571  968.36144784
  986.22870621  989.92789759  990.61962931  993.72335541  994.5582868
  995.79155059 1002.3119354  1004.30596408 1005.84566049 1007.19925734
 1011.85654649 1021.22765798 1037.79788604 1038.55405094 1048.75642717
 1061.04559853 1065.96982039 1085.65187452 1086.98173809 1103.91593196
 1129.43917249 1140.68371295 1143.1638405  1143.55413959 1152.27731927
 1168.13664898 1174.30813459 1177.06962816 1178.74352426 1206.36645989
 1211.20014862 1215.75767134 1222.85768813 1227.18777804 1228.48664168
 1228.8900074  1229.86083847 1236.29909014 1254.74104716 1257.20200809
 1260.28976756 1278.70392465 1290.68839673 1295.71831834 1305.35209589
 1307.51719084 1316.42543675 1320.1218948  1320.47936064 1334.03109573
 1334.8858604  1343.33820737 1345.25766956 1346.49640001 1354.54554792
 1356.21204404 1380.20655479 1384.59607789 1385.28820961 1385.43397594
 1388.38756906 1407.01162566 1425.70281544 1427.39994481 1431.88096771
 1433.24933118 1435.68502551 1444.26147219 1446.52383358 1446.55346685
 1450.52019094 1467.0722857  1481.58491855 1493.10585837 1498.8555783
 1502.06907081 1503.52816741 1516.18940458 1519.59402997 1526.47038062
 1527.20291224 1538.41448612 1538.63418561 1540.1677487  1543.20697495
 1551.50982227 1563.27152819 1579.43682386 1581.2501863  1582.60898313
 1620.35889516 1625.65641615 1625.97514874 1629.00487502 1629.28050771
 1648.75372899 1651.92228828 1656.40187784 1665.86585578 1668.05955067
 1673.48383803 1687.82593794 1695.17162083 1697.82881463 1702.30587087
 1704.17206652 1707.50169209 1712.18848117 1724.69588536 1729.36624114
 1733.77573087 1735.21249419 1742.36987751 1745.63523656 1746.58320102
 1747.41903241 1751.8141555  1779.03665873 1785.48657703 1788.20220404
 1796.68315094 1804.40029962 1805.814863   1817.57976891 1824.06935379
 1835.03462824 1859.02417233 1872.11884182 1880.33205601 1890.44226579
 1893.9403243  1899.06511236 1900.24110962 1901.44907347 1911.50071672
 1914.49840973 1920.83832829 1926.04984948 1936.8245577  1937.54862268
 1961.44686699 1971.48581027 1976.72956471 1996.06121966 1999.17331241
 2012.59364781 2014.62047642 2014.943409   2018.31833447 2018.67733363
 2031.39023734 2033.98453129 2041.78697978 2056.66867843 2072.9024406
 2083.76721528 2086.20334294 2104.73956641 2110.90665204 2130.1044073
 2133.0406338  2135.24339533 2136.56322559 2144.6387401  2152.94168742
 2153.56968596 2183.83708209 2184.15074803 2190.35913356 2192.75842797
 2193.69125913 2196.19635329 2207.7352264  2223.01902412 2224.08218831
 2229.648942   2230.00350784 2236.42575954 2241.59378083 2274.32047124
 2280.03832458 2300.80767618 2303.01497104 2330.24090759 2345.22410601
 2350.62886008 2359.17814016 2362.88363153 2377.59573058 2385.28851265
 2404.76876725 2416.8382058  2419.23370021 2433.23670092 2439.05255403
 2442.04488039 2452.00415718 2453.35125404 2469.30965019 2473.00187492
 2488.78713813 2491.36456546 2492.10879706 2496.20398752 2499.42914667
 2504.92490053 2509.73968931 2510.98381974 2513.12001476 2544.63047467
 2545.76970535 2548.44656578 2549.01326445 2556.76477972 2563.33603108
 2579.7203929  2589.59910321 2594.19155918 2596.23212109 2605.02506726
 2606.60213026 2619.50756685 2620.63473089 2620.70043074 2642.21038061
 2647.67353455 2654.98868417 2663.46776441 2681.05992341 2690.59540119
 2708.9158585  2710.13852232 2713.81438042 2715.22144381 2720.95633044
 2725.73551931 2729.05801156 2736.55036077 2752.52415688 2755.90028235
 2765.03599439 2773.36817497 2775.97130224 2782.24022097 2802.41974061
 2815.10541105 2819.84216668 2853.71542107 2857.37441255 2857.74991167
 2875.64493664 2879.99395984 2890.66213498 2891.66319931 2906.44906486
 2912.62725046 2915.970576   2917.1443066  2918.88126922 2921.43139661
 2921.70549597 2927.03965021 2929.75127722 2948.75393294 2952.82675678
 2957.26527977 2959.18524197 2963.175666   2964.00909739 2975.06620496
 2984.25155022 2992.39599791 2997.38671961 3025.06148845 3030.74850854
 3037.65575911 3038.0736248  3040.55918567 3042.22628179 3043.93124448
 3047.76313555 3056.23794914 3060.02437365 3064.21079722 3095.56982415
 3102.42567484 3103.09677328 3117.49950638 3121.37903067 3122.85422723
 3123.56862557 3125.12492194 3126.42228559 3133.20700311 3148.41523434
 3155.33725154 3156.61264857 3173.20777656 3190.29490341 3192.48656497
 3206.97006455 3226.54355227 3253.02985722 3254.39798737 3263.31659992
 3267.18915756 3270.85484902 3274.50950717 3275.66840447 3280.58105968
 3286.4386127  3290.11843746 3291.0719019  3292.01069972 3292.9472642
 3311.99221982 3312.60448506 3327.54368358 3329.60054545 3341.98274993
 3343.35351341 3347.66563669 3351.69199397 3356.32554984 3358.34214514
 3363.68046604 3367.12159135 3375.77400452 3377.11306807 3382.47822223
 3385.27138239 3385.86004769 3391.83390043 3396.43018972 3409.63922561
 3410.02455804 3412.89681802 3413.35135029 3418.86083745 3425.44422211
 3436.5769295  3438.72819115 3440.81458629 3442.66204865 3444.05434541
 3447.73293684 3455.5863852  3455.89105116 3457.46018084 3463.79136608
 3464.3422648  3470.23635106 3470.43071728 3472.89014488 3477.33986784
 3484.54775105 3490.75916991 3500.36184753 3523.74059305 3528.25138254
 3530.64727696 3540.21355466 3545.53730892 3554.11848893 3574.21867542
 3575.59657221 3599.07931749 3601.30497897 3602.52027614 3606.47463359
 3608.50362886 3651.53996191 3680.4649945  3686.63364679 3700.59804759
 3704.54673838 3706.50276716 3714.83634774 3720.93083354 3722.35643022
 3725.66955583 3727.33711861 3729.62234662 3733.47477097 3733.97346981
 3739.92472261 3742.58888307 3742.70858279 3747.55760482 3751.22352961
 3769.39238727 3780.32016181 3787.05684611 3788.26544329 3791.1798365
 3803.65594076 3808.96486173 3834.0781032  3834.78306823 3838.74889232
 3841.85528508 3859.18154471 3867.37262562 3880.47616175 3881.68235894
 3883.2863552  3894.13209659 3906.26253499 3908.264297   3919.21413815
 3930.70101138 3944.7518453  3950.14193274 3971.96521522 4001.81944565
 4015.70104664 4025.28002431 4026.97642036 4056.71828439 4070.50568559
 4083.61615504 4087.35674632 4087.85814515 4088.34674402 4107.33466644
 4110.04912678 4124.48469314 4136.59836491 4138.86522629 4142.50358448
 4144.86161232 4154.18589059 4155.31678796 4158.97131277 4160.28410971
 4167.80195886 4170.34785293 4174.77420928 4194.49899665 4196.32662572
 4199.90018406 4204.46914008 4213.72498518 4216.26914592 4222.3716317
 4236.52046539 4238.33496117 4243.79141512 4244.12031435 4245.95667674
 4248.96030307 4265.86579701 4267.06802754 4295.20139532 4299.02001975
 4317.88994245 4320.30867014 4325.22895868 4334.27427093 4344.64394677
 4353.63402582 4354.77318983 4355.58255461 4363.33836987 4367.77845952
 4372.18591592 4372.98131407 4375.74104097 4376.84127174 4377.2162042
 4377.69696974 4381.57416071 4388.90867695 4395.11492915 4400.04755099
 4439.40809261 4440.39075698 4451.18926515 4471.11731871 4498.81762083
 4507.7136001  4510.84295947 4541.89622044 4549.23433668 4553.4309269
 4561.62997446 4562.90560482 4601.24054882 4605.16703967 4615.56601544
 4617.24154487 4627.88705339 4628.5727518  4631.71871113 4639.21266033
 4645.22244633 4664.1725355  4670.28842125 4687.77121385 4689.26127704
 4702.21101353 4718.07047657 4774.92864408 4777.56007128 4777.67370435
 4810.44399465 4815.82914877 4816.35944753 4817.86691068 4832.31827701
 4857.81951758 4870.43798818 4887.81398102 4888.62067914 4912.90182256
 4920.79677083 4933.60480765 4938.72576238 4945.70897944 4947.73780805
 4954.28629279 4965.3364337  4965.95309893 4971.10132027 4973.84111388
 4975.7664094  4976.47390775 4992.61113681 5001.31234987 5006.98626998
 5011.22799343 5020.04537288 5021.2940033  5022.94666612 5043.31461866
 5059.21544827 5063.48690498 5068.58029311 5084.48332272 5102.67251367
 5106.94430371 5115.99128263 5119.14807528 5129.423518   5138.84752937
 5145.81504647 5153.00459638 5153.03432964 5160.66011187 5174.26094685
 5190.932908   5209.44263153 5210.09236335 5210.83216162 5213.06115643
 5231.99577897 5235.95503641 5240.62062554 5254.02259431 5259.54404811
 5259.87521401 5261.46504363 5264.62520294 5270.15135673 5276.06677627
 5311.03872811 5316.34724908 5323.74776516 5332.13007896 5333.67284204
 5338.63269714 5340.43432628 5344.27598399 5344.77728283 5346.24631274
 5347.75170923 5347.849009   5349.46650523 5359.69614806 5360.37154649
 5361.75937659 5370.10939046 5385.70448745 5399.70912148 5417.796646
 5420.04670743 5425.47579477 5429.50948537 5431.53421399 5434.60810683
 5439.98769429 5449.0515065  5452.02536624 5453.53166273 5475.17904562
 5476.21780986 5496.64476226 5503.21724695 5503.42591313 5531.36311469
 5537.91529942 5541.35415808 5544.28618458 5585.79998784 5588.43331503
 5599.72952204 5612.2774928  5631.14688217 5639.30689648 5640.36076069
 5640.98819257 5642.76762175 5645.33678243 5648.62314144 5653.53542999
 5657.42245427 5659.76711547 5673.23011743 5675.16184626 5688.8936476
 5699.85512206 5710.84749644 5715.73505172 5716.83944914 5718.14211277
 5719.4884763  5723.69043318 5724.00389911 5731.3353487  5734.99084018
 5746.98014557 5764.02180586 5780.7839668  5784.66612442 5788.88441459
 5800.87118666 5816.52901684 5816.60558333 5833.38294423 5844.06415267
 5851.83056791 5851.87033448 5860.16784848 5865.65666902 5891.63147516
 5891.89280788 5904.24211244 5913.25159144 5919.89997595 5922.09757083
 5928.15092339 5940.3079284  5944.80255125 5946.58208044 5946.78547997
 5962.20814403 5967.09523264 5973.29765152 5996.19219817 5996.30593124
 6003.64351414 6009.94773278 6020.76697423 6046.5024476  6065.12477087
 6070.82819091 6073.99658353 6086.13458858 6088.17535049 6095.08913438
 6101.34968645 6103.39764835 6148.89507566 6152.85806642 6155.13426112
 6156.55065782 6166.20533532 6180.2624359  6183.32472876 6186.20538871
 6191.4024766  6198.64639306 6200.25572264 6206.65930772 6210.37259906
 6223.28253565 6235.32207426 6242.85435671 6246.6634145  6276.14784579
 6277.00964378 6277.64460897 6284.06182735 6314.11339065 6342.95049012
 6351.03933794 6351.22353751 6382.29373177 6396.4281655  6401.51172032
 6412.13989555 6412.28082856 6416.89845113 6417.38578333 6418.06091509
 6431.57501693 6431.70921662 6432.94081375 6448.49131084 6451.47813722
 6451.57503699 6453.83053173 6493.91363833 6504.94344596 6508.32130475
 6512.38919528 6533.65291239 6534.57011025 6549.02474324 6563.89654191
 6568.41453139 6589.73311504 6617.66044996 6618.85218052 6640.67712966
 6656.14059363 6657.02879156 6668.15523229 6673.67291944 6674.52921744
 6682.300266   6688.78605088 6702.05301997 6715.32742237 6716.71928579
 6734.08517866 6737.8150033  6748.38947866 6760.77521646 6763.50874343
 6765.46807219 6782.85359835 6784.45912794 6786.98725538 6798.09072951
 6800.05675826 6807.31470801 6828.65875827 6845.89678477 6845.96738461
 6846.09881763 6848.02207982 6848.03304646 6852.86550186 6874.39308503
 6891.43627865 6894.718171   6911.20953257 6913.3731942  6922.11807382
 6931.37751891 6948.54921223 6962.52721299 6965.83673861 6976.70727994
 6985.81669205 6997.25139874 7001.56435535 7004.07774949 7008.37647281
 7010.14063537 7014.79202453 7031.10055319 7033.24481486 7038.80090191
 7043.28722479 7043.96702321 7060.29771849 7063.04581208 7069.40073061
 7091.23657972 7094.73527157 7107.76124121 7125.90829893 7126.2476648
 7127.81696115 7135.73580936 7142.94839255 7158.85038883 7164.69230855
 7171.53842593 7173.86468717 7174.24015297 7174.60121879 7175.30898381
 7181.40703626]"
101,662892_2023-08-24_A-210,PIR,True,"[  20.35712364   20.42615682   20.47349004 ... 7186.27349159 7186.38072467
 7186.40285796]"
102,662892_2023-08-24_A-211,PIR,True,"[  20.50718996   20.56748982   20.90205571 ... 7183.39036498 7183.55816459
 7184.54739561]"
103,662892_2023-08-24_A-214,PIR,True,"[  20.28232382   20.61612304   21.82385356 ... 7185.52899333 7185.84849258
 7186.24945831]"
104,662892_2023-08-24_A-215,PIR,True,"[  21.65168729   22.41735218   22.81848457 ... 7181.45500282 7181.85323522
 7184.69709526]"
105,662892_2023-08-24_A-216,PIR,True,"[  21.01768877   21.06948865   21.42985448 ... 7181.88323515 7184.24486299
 7186.17772515]"
106,662892_2023-08-24_A-221,PIR,True,"[  20.39729022   20.89558906   20.96222223 ... 7184.11172996 7184.36262938
 7185.01356119]"
107,662892_2023-08-24_A-224,PIR,True,"[  20.30939042   20.74278941   20.75865604 ... 7186.11009197 7186.12969193
 7186.22002505]"
108,662892_2023-08-24_A-226,PIR,True,"[  20.25342389   20.39609022   20.42992347 ... 7186.20872508 7186.21129174
 7186.39492464]"
109,662892_2023-08-24_A-229,PIR,True,"[  20.26662385   20.26945718   20.28195715 ... 7186.29372488 7186.36202472
 7186.38132467]"
110,662892_2023-08-24_A-230,PIR,True,"[  20.44565677   20.64278964   20.89288906 ... 7185.74249283 7186.21792505
 7186.33135812]"
111,662892_2023-08-24_A-231,PIR,True,"[  20.27829049   20.30292377   20.32302372 ... 7186.39305798 7186.39865797
 7186.40089129]"
112,662892_2023-08-24_A-237,PIR,True,"[  20.51035662   20.7599227    21.15548845 ... 7185.83262595 7185.94355903
 7186.17775848]"
113,662892_2023-08-24_A-238,PIR,True,"[  20.3171904    20.32012373   20.32229039 ... 7185.18652746 7185.26186062
 7185.90832578]"
114,662892_2023-08-24_A-239,PIR,True,"[  20.49035667   20.51252328   20.53432323 ... 7186.1986251  7186.24759165
 7186.40282462]"
115,662892_2023-08-24_A-241,PIR,True,"[  20.20605733   20.28049049   20.32649038 ... 7186.15302521 7186.24299166
 7186.29399154]"
116,662892_2023-08-24_A-248,PIR,True,"[  21.40558787   21.56895415   21.65098729 ... 7186.32755813 7186.3396581
 7186.37099136]"
117,662892_2023-08-24_A-250,PIR,True,"[  20.22959061   20.31069042   20.35822364 ... 7185.90115913 7186.02269218
 7186.2251917 ]"
118,662892_2023-08-24_A-252,PIR,True,"[  20.25275722   20.39465689   20.67498957 ... 7186.22135838 7186.34545809
 7186.37859135]"
119,662892_2023-08-24_A-253,PIR,True,"[  20.31125708   20.35699031   20.39779022 ... 7186.27842491 7186.34299143
 7186.39519131]"
120,662892_2023-08-24_A-256,PIR,True,"[  21.57068748   27.68670656   29.32910274 ... 7179.31090782 7184.28292956
 7186.34182477]"
121,662892_2023-08-24_A-261,PIR,True,"[  20.20459067   20.28342382   20.43072347 ... 7186.37852468 7186.38852466
 7186.39219131]"
122,662892_2023-08-24_A-265,PIR,True,"[  20.29882378   21.02155543   28.57053784   41.88357348   41.89747345
   44.43420087   48.20145876   62.2714593    62.31202588   67.25091437
   71.62750417   71.63330415   79.06292017   80.41575036   80.50751681
   82.08674646   83.28907699  108.72211773  113.29630707  115.06883627
  115.75156801  119.00289377  120.4060905   125.9262443   125.96437755
  126.08794393  135.84405452  137.05845169  137.83921654  141.2630419
  143.35923701  144.1510685   157.57963721  161.8046607   161.99882691
  166.29178357  172.55133565  176.10372737  181.11258237  181.35741513
  181.72031429  191.6996577   192.03609025  192.8307884   200.72786999
  200.75646993  221.73238771  238.04211637  238.07394963  240.13854482
  240.14577814  247.34636136  250.4764874   252.28681651  260.33869775
  260.34309774  260.38613097  260.51219734  261.17722913  264.70515424
  267.13238192  267.56181425  267.82404697  267.87404686  269.02674417
  278.49598877  286.35980378  291.10905938  291.39919203  293.51408711
  294.81541741  294.82781738  298.89647456  301.89006759  302.08586713
  305.52849244  315.9444015   321.56865506  324.08818253  333.70326012
  341.3630756   341.72580809  343.0363717   343.42817079  346.03533138
  346.64439663  347.39436155  347.88572707  348.06099333  349.61275638
  356.37957394  356.39504057  359.32933374  362.52635962  373.87139985
  379.67765299  381.61278181  381.79794805  382.99681192  383.14424491
  385.88737185  389.11836432  394.35381879  395.33998315  397.35694512
  400.37287143  402.55243301  402.59679958  403.03633189  403.5044308
  403.51053078  403.51833076  403.58516394  404.51272845  404.52159509
  407.61895454  407.81702075  407.84622068  408.10428674  412.65640947
  413.39747441  419.07229452  427.25627545  428.736672    428.75933861
  436.73412003  437.73718436  441.13990976  444.91326763  445.38319987
  455.61220937  469.97304257  474.42769886  474.72903149  476.13769487
  478.96442162  478.96838828  478.99285489  479.01505483  479.03535479
  479.54682026  481.20071641  489.20366442  489.96326265  490.35236175
  493.16302186  506.13335831  509.36348411  509.36785077  509.37581742
  509.44098393  509.51118377  509.58965025  509.98388267  510.21338213
  514.55827201  517.69873136  518.07119715  522.80671945  522.81995276
  528.34187322  532.78052954  533.36446152  533.65636084  533.66019416
  536.08312185  536.6920871   537.21445255  539.44728068  539.81021316
  541.25634313  544.92673457  545.09806751  546.78286358  554.26054616
  554.28761276  554.33474598  554.35564593  554.37584589  554.63804528
  555.07754425  555.0846109   555.09067755  555.48974329  558.69436916
  559.49423396  563.88325707  563.88639039  565.67388623  566.70305049
  568.00284747  571.80470527  573.92790033  573.97186689  575.25226391
  575.70792951  575.71329616  579.78985333  586.27530489  594.55661892
  595.7085829   595.71304956  598.3582434   598.36821004  598.43774321
  598.45897649  604.30292954  606.60319085  607.03092319  608.73425255
  609.2427847   609.9128498   614.549839    619.56196065  619.61436053
  619.84702665  624.27858299  624.82804838  625.6364465   626.63421084
  626.85524366  627.21277616  630.32650223  633.96199376  635.00735799
  637.6626518   637.68358509  637.81141812  641.57790935  645.58893333
  645.89243263  653.70488109  654.3440796   659.78696691  660.9787308
  662.20892794  662.25066117  662.74626002  662.75069334  663.15245907
  663.40705848  664.47718932  665.01942139  665.34375397  666.04715233
  667.14831643  667.20348297  667.84261481  670.18364269  671.29690676
  671.65783925  672.87763641  674.11376686  674.58446577  675.18776436
  675.26706417  678.02485775  678.16439076  678.16815741  678.25145722
  680.03415307  682.85001317  684.21620999  686.71347083  687.39996923
  689.04279874  689.89553009  690.14922949  691.7217925   692.54392391
  694.80141865  697.29407951  698.13601088  699.7440738   699.76287376
  700.08267301  703.64353138  706.12192561  720.03932651  720.1450596
  720.1564929   720.16092623  720.54372533  720.57902525  730.05526984
  730.29646927  730.30233593  730.30886924  730.94006777  742.13097503
  742.64737383  743.12427271  743.1304727   743.19617255  743.64640483
  744.67653576  746.722331    749.44725798  751.48778656  752.07235186
  759.13300208  759.13926873  759.15090203  759.15563536  759.18856861
  759.2228352   759.24083516  760.90923127  763.38172551  763.60435832
  770.94520788  770.96794116  771.02334103  772.84080347  772.8700034
  774.42246645  774.4274331   774.43633308  774.45406637  774.47703299
  774.53409952  775.16523138  777.13836012  785.05377501  787.12427018
  789.28409848  793.31215576  796.17331576  799.39060826  799.41954153
  801.17237078  801.35343702  802.80786697  807.37752298  811.89321246
  814.83507227  818.815363    823.44281888  825.2103481   825.51384739
  826.0219462   833.24056272  833.69402833  834.01079425  834.23939372
  834.30639357  834.96175871  835.28422462  836.2218891   836.28175563
  836.76118785  837.88745189  838.96291605  839.16654891  839.68241437
  840.41021268  841.05897783  841.8728426   842.30604159  842.31974156
  842.35250815  842.72760728  843.4306723   843.60957189  849.94925711
  850.0532902   851.59505328  851.61588656  852.19038522  853.34791586
  853.76518155  853.79341482  853.84448137  854.2608804   854.26761372
  854.3451802   854.34961353  854.36378016  854.37751346  854.39394676
  854.45557995  854.77481254  854.85351235  855.25047809  855.91070989
  856.2042092   865.60098731  865.81265348  866.08201952  867.51584951
  867.6057493   867.61744927  868.37311418  868.37928083  868.38554748
  870.60194232  872.18910529  872.88237034  875.41469777  875.83709679
  877.46465966  884.62770964  886.71650477  887.34940329  887.55596948
  892.00112579  893.57378879  894.90878568  895.53255089  895.56355082
  895.61908402  895.64318397  895.6694839   896.14014947  898.6919102
  899.16857575  901.83590287  910.92141503  911.03188144  911.64221335
  926.45094551  936.58395523  941.11257801  941.64507677  945.12166867
  948.91865982  950.76208886  953.18504988  955.3352782   959.84173436
  959.86343431  961.40459739  963.25925973  966.80991813  966.81525145
  966.82515142  966.82961808  966.88265129  971.65257351  971.65660683
  972.21240554  973.34346957  973.98073475  974.05500124  976.90566127
  977.57452638  980.42745306  992.15805906  998.16827839  998.81597688
  998.83311017  998.84597681  998.85491012 1000.71200579 1001.64810361
 1004.01276477 1005.03716238 1005.53096123 1010.51748294 1013.38490959
 1014.85277284 1015.85067051 1017.10030093 1017.81353261 1019.27356254
 1020.38082662 1024.11731792 1024.14108453 1030.83010227 1033.86532853
 1034.26826093 1034.59446017 1034.63662674 1042.41417528 1043.99530493
 1047.49056345 1048.44689455 1049.06409312 1049.06962644 1051.00285527
 1051.00785525 1052.35888544 1052.39845201 1054.51131376 1055.04694584
 1060.60986621 1064.45665725 1066.58891895 1070.09421078 1070.61827622
 1071.22690814 1082.45991529 1092.58315837 1096.20154994 1097.10578117
 1097.61711331 1105.16659571 1110.5204499  1115.06173932 1115.09933923
 1120.83422587 1121.95765659 1123.77871901 1131.79746699 1141.54734427
 1152.74151818 1174.6478338  1174.65210046 1176.02716392 1188.05266923
 1207.16445803 1208.76382097 1208.77772094 1208.81098753 1209.41198612
 1215.46510535 1215.97097084 1215.98940413 1216.57530277 1216.81320221
 1222.32405604 1226.09704724 1228.52737491 1230.20977099 1230.21637098
 1230.24850424 1230.87426944 1231.53073458 1232.14929981 1232.57779881
 1235.36852564 1235.5419919  1235.60285843 1235.84282453 1236.47465639
 1239.56581586 1242.69290857 1242.70800854 1263.4917601  1263.64129309
 1264.15845855 1266.41931995 1266.5521863  1266.65328607 1267.08561839
 1267.17788485 1267.2269514  1270.81004305 1270.82477635 1271.16064223
 1273.7223696  1273.85356929 1274.88613355 1275.21313279 1276.00339761
 1277.84869331 1278.56625831 1282.06951681 1282.42581598 1283.19788085
 1283.20848082 1283.91701251 1284.41301135 1286.01510762 1293.36965715
 1293.42465702 1295.62718522 1295.66491846 1296.68204943 1297.32348126
 1300.01340833 1304.00633236 1304.02823231 1304.14196538 1304.25216512
 1304.66423083 1305.92316123 1306.67012615 1307.09412516 1307.10309181
 1307.98448975 1311.19294894 1323.14175443 1323.14808775 1324.44371807
 1324.83551715 1324.84551713 1329.95597189 1330.052905   1330.93433627
 1337.99995314 1339.01451745 1343.69850653 1352.29675316 1360.06960171
 1362.45669615 1362.84442858 1365.70802191 1373.03763816 1375.00810024
 1376.45763019 1377.47812781 1383.26224767 1384.35384512 1406.21632751
 1417.21140189 1419.95046217 1428.75810832 1429.38340686 1440.478581
 1442.50017629 1451.64608831 1464.48249173 1467.62171775 1470.47657777
 1478.59239219 1487.24597202 1487.55523797 1487.92597044 1488.32243618
 1488.5735356  1490.35393145 1497.05708249 1506.20572784 1509.36088715
 1509.75341957 1513.49281086 1513.58024399 1514.70827469 1514.71290802
 1517.52236814 1517.96423377 1524.00545303 1538.18688665 1544.25710584
 1551.67148856 1561.1814664  1567.10011927 1568.78464868 1583.87924684
 1584.39894563 1586.78380674 1591.35752941 1593.02572552 1594.97402098
 1613.62191086 1633.56953104 1634.79796152 1644.7318717  1651.59458904
 1657.54837517 1657.5640418  1670.06481267 1671.02577709 1672.23827427
 1678.47142641 1679.02365846 1696.1278186  1696.34208477 1696.83175029
 1698.77441243 1702.61110349 1702.88550285 1705.09633103 1706.23482838
 1708.61605616 1712.13648129 1713.40747833 1713.44027826 1717.86113462
 1724.89381823 1726.14854864 1727.48011221 1734.98046139 1738.69408607
 1739.01955198 1739.02815196 1742.47631059 1745.22453752 1746.17030198
 1746.93890019 1751.76278895 1753.15681904 1758.036441   1759.42800442
 1759.92153661 1760.25626916 1762.30936438 1773.26680551 1776.7166308
 1779.47929103 1779.50549097 1786.14640883 1788.3039038  1788.39233693
 1788.41013689 1792.44502748 1799.27141158 1799.70271057 1802.20140475
 1802.22227137 1809.23945501 1813.61397815 1814.86024192 1824.02102057
 1824.72538559 1825.26995099 1826.99488031 1831.30557026 1832.28750131
 1866.27112211 1867.07428691 1882.24608489 1883.08498293 1890.2807995
 1898.41394721 1901.22564066 1905.88779646 1907.38482631 1909.71362088
 1910.18115312 1911.12255093 1917.0298705  1928.65444341 1937.22385677
 1938.96595271 1941.23364743 1942.50171114 1946.41793535 1985.59797738
 1985.79287693 1986.51307525 1990.92766496 1991.29509744 1996.29618578
 1999.64451131 2002.26473854 2047.18616719 2052.82262073 2057.19127721
 2063.03986358 2080.0978905  2085.56514443 2087.35030693 2096.24805287
 2106.03986338 2106.52246226 2148.54256434 2148.57719759 2173.19247356
 2178.55786106 2179.66522515 2183.46594962 2186.1201101  2186.1381434
 2193.33042664 2193.6184593  2198.11368216 2205.02736604 2205.04773266
 2205.52053156 2214.88540974 2214.89157639 2235.36316202 2235.43616185
 2237.95072266 2238.57818786 2249.47202914 2254.55425063 2264.70229365
 2264.89535987 2268.06638581 2268.31718523 2268.86671728 2271.71714397
 2272.01127662 2272.47727553 2276.5974326  2277.70813001 2278.568828
 2279.01389363 2279.15232664 2282.67018511 2282.67941843 2287.28620769
 2290.08710116 2291.28526504 2292.15839634 2292.50389553 2297.06791823
 2298.3695152  2298.9094806  2306.07556391 2306.6769625  2307.01256172
 2315.99120747 2317.12810482 2317.34653764 2319.91506499 2322.18205971
 2322.33635935 2322.93042463 2326.26251686 2332.33796937 2349.12969691
 2349.23339667 2349.24212998 2352.34378942 2353.87171919 2354.79951703
 2360.03110484 2360.38333735 2360.6187368  2361.00940256 2361.87860053
 2362.33389947 2371.34857847 2373.47830684 2374.62540416 2374.63573747
 2378.89072756 2383.61448322 2385.71687832 2392.71086202 2400.04077827
 2401.88527397 2407.84409342 2424.905487   2424.98518681 2435.08452994
 2438.31538908 2445.00524016 2460.01067186 2467.28325491 2474.54453799
 2483.5102171  2493.88412626 2494.07685914 2501.11387607 2519.64803288
 2547.8635338  2550.90886004 2558.43700916 2558.90550807 2564.56082822
 2569.28568388 2581.75915481 2581.93452107 2587.11970899 2590.8472003
 2591.10053305 2603.44423761 2616.1685413  2620.09606548 2635.63122928
 2637.09319254 2644.16440939 2644.64994159 2667.54128825 2702.11267435
 2714.40034572 2749.08179824 2757.22607926 2767.5495552  2769.08655162
 2779.25106127 2783.01508583 2813.20468214 2821.13266367 2900.8385446
 2919.04120218 2962.14703506 2967.89115501 2994.1996937  2995.69935688
 3014.36054672 3057.16228032 3057.18148027 3061.24147081 3145.89360688
 3174.92423923 3244.14937791 3247.04687116 3276.95310147 3409.23812654
 3512.62121896 3538.1358595  3541.00698615 3545.81584161 3564.4587315
 3586.41688033 3621.44069871 3690.52650439 3714.03438294 3736.19499797
 3829.57021371 3872.8883461  3888.14614388 3889.30584117 3893.22003205
 4009.54812764 4026.89982054 4068.46272369 4096.61465808 4105.91776974
 4172.64571424 4364.38646743 4386.6705155  4412.70932149 4677.02107223
 4742.41871983 4837.59226472 5166.66736454 5226.04305951 5357.58528631
 5406.97880454 5517.60134676 5713.69128981 5753.42466389 5777.36314144
 5779.10033739 6002.08818443 6057.46158873 6106.39060804 6108.37630341
 6131.84184873 6172.93315298 6184.55329256 6243.00452302 6302.22915168
 6361.04504795 6382.14673211 6403.28374952 6424.49530009 6440.40749635
 6460.50101619 6504.2690142  6511.67569694 6520.43644319 6522.58470485
 6522.78933771 6601.7805203  6607.09877457 6630.8886858  6649.78127511
 6678.2645754  6697.60049701 6741.20779539 6763.24657737 6773.90931919
 6838.16403612 6841.37039532 6865.19720646 6874.62635116 6888.36291914
 6911.55213177 6917.35571825 6932.44408309 6940.83076355 6967.55540127
 7026.31163102 7033.00574875 7042.59789306 7057.06365936 7074.30161919
 7079.386474   7138.30493671 7173.62048774]"
123,662892_2023-08-24_A-268,PIR,True,"[  21.16665509   24.56064718   25.352612   ... 7181.61013579 7185.41646025
 7185.53199332]"
124,662892_2023-08-24_A-271,PIR,True,"[  21.11672187   21.74085375   21.87985343 ... 7185.02839449 7185.10019433
 7185.67432632]"
125,662892_2023-08-24_A-273,PIR,True,"[  21.88272009   26.06091035   26.87444179 ... 7185.9993589  7186.10529198
 7186.18729179]"
126,662892_2023-08-24_A-274,PIR,True,"[  20.38982357   20.85162249   20.94238895 ... 7186.27869158 7186.29502487
 7186.3282248 ]"
127,662892_2023-08-24_A-275,PIR,True,"[  20.50875662   20.5623565    20.65892294 ... 7186.26505828 7186.28145824
 7186.31039151]"
128,662892_2023-08-24_A-277,PIR,True,"[  20.98062219   21.01045545   21.03262207 ... 7185.48889342 7185.63895974
 7185.75152614]"
129,662892_2023-08-24_A-278,PIR,True,"[  25.21531232   36.94861831   37.4396505  ... 7181.42900288 7181.45913614
 7183.79879736]"
130,662892_2023-08-24_A-280,PIR,True,"[  20.94542227   20.95735558   21.14915513 ... 7186.1857918  7186.18805846
 7186.27942491]"
131,662892_2023-08-24_A-281,PIR,True,"[  20.23262393   20.3626903    20.51742327 ... 7186.26569161 7186.28119157
 7186.31819149]"
132,662892_2023-08-24_A-284,PIR,True,"[  20.47979002   26.11794355   27.54694022 ... 7181.14823687 7182.26570093
 7183.25363196]"
133,662892_2023-08-24_A-288,PIR,True,"[  20.25602388   20.28649047   20.34265701 ... 7186.0415588  7186.10612531
 7186.3142915 ]"
134,662892_2023-08-24_A-289,PIR,True,"[  20.23465726   20.33139037   20.3756236  ... 7186.10505865 7186.17419182
 7186.20279176]"
135,662892_2023-08-24_A-292,PIR,True,"[  21.18468838   21.1921217    21.20015501 ... 7185.03966113 7185.5703599
 7185.77385942]"
136,662892_2023-08-24_A-294,PIR,True,"[  20.33675702   20.73632276   24.59774709 ... 7184.525529   7185.16019419
 7186.07265873]"
137,662892_2023-08-24_A-295,PIR,True,"[  20.44432344   20.46489006   20.68335622 ... 7184.44946251 7185.17892748
 7185.4704268 ]"
138,662892_2023-08-24_A-296,PIR,True,"[  20.26019054   20.40235687   20.47212338 ... 7186.12212528 7186.12772526
 7186.14592522]"
139,662892_2023-08-24_A-298,PIR,True,"[  20.41229018   20.86818912   21.78988697 ... 7184.30259618 7184.83459494
 7186.25712496]"
140,662892_2023-08-24_A-300,PIR,True,"[  21.38165459   21.53628756   21.78952031   22.19695269   22.30648577
   23.81684891   23.8808821    31.94599664   31.97496324   32.09979628
   32.14226285   32.20432937   32.43202884   32.84256122   33.53419294
   34.58245716   34.69269024   37.74108313   37.76768307   39.15701317
   52.07358307   53.36728005   58.64800108   59.1691332    59.39819933
   75.06962948   75.16682925   75.1739959    77.22572446   89.16979662
  109.7198154   114.00657208  117.28313111  117.45926403  117.50299726
  144.69193391  144.79843366  144.82526693  144.97126659  148.5558249
  149.5870225   159.51466603  159.55579927  159.57029924  159.58899919
  164.73758719  169.76107549  171.96843701  171.98077032  182.41407934
  185.31687257  185.5476387   194.31471827  194.63215086  201.42120171
  211.67687781  218.69809478  224.48838129  226.760076    239.69221253
  245.23483294  256.49164005  263.57262355  270.50357406  285.2783063
  295.88894824  297.86434364  297.87661027  298.0507432   298.16290961
  307.22205516  307.65628748  307.77338721  307.80245381  310.4822809
  310.4948142   314.36107186  314.4849049   315.09377015  324.05888259
  331.67746484  335.62365565  340.39651119  351.82368456  358.51093564
  363.25209126  368.22544634  380.3147515   380.32141815  380.3276848
  385.47540614  389.35929709  393.15558825  401.88433457  427.15620901
  427.24487547  427.26894208  427.39477512  427.46020831  441.27290945
  441.27864277  443.1274718   459.2737675   459.28600081  465.03892074
  470.32210842  475.62486273  482.94041235  482.98731224  488.56929924
  497.7846111   498.19107681  498.66400905  504.20986279  506.67359038
  512.01147794  512.0160446   512.02464458  520.33739187  525.73174597
  546.25869814  546.84269678  562.98649249  563.81999055  580.86468416
  581.86608183  587.82430128  613.37187508  618.91112883  619.80949341
  631.17456692  634.63712552  648.39752679  676.90872702  677.12412651
  677.59662541  677.60822539  677.65025862  677.67202524  677.74372507
  679.01548877  686.54930455  707.39138932  707.67928864  734.95882508
  737.277753    743.8867376   744.67700243  745.10643476  751.41288673
  781.54324985  791.85575916  791.95219226  809.8877838   816.00613621
  816.04783611  816.58573486  816.75040114  819.05342911  836.20395581
  858.55460373  869.47487828  869.66131118  879.52455486  886.73820472
  887.01267074  899.17074241  899.35984197  899.42484182  899.43760846
  899.81647424  905.642994    908.18325474  911.42868051  911.6338467
  925.25311497  942.24577537  942.24954203  943.403006    943.54113902
  981.27498442  983.2269132   983.23934651  983.25447981  998.30237807
 1002.67793454 1004.69592984 1004.70239649 1004.75106305 1007.91832233
 1043.23777336 1043.29610656 1043.36017307 1043.37283971 1043.66640569
 1043.7924054  1045.1236023  1045.18116883 1045.24883534 1046.07223342
 1046.17899984 1048.03782884 1048.23469505 1059.59410191 1059.74843489
 1059.83000136 1073.22830347 1076.26866306 1076.27749637 1076.67032879
 1076.83619507 1089.71246506 1090.03393098 1093.89552198 1094.16838801
 1099.96087451 1102.25193584 1112.46271205 1127.83774288 1131.13033521
 1131.30230148 1137.56345355 1137.63858671 1137.83571959 1138.73158416
 1155.13484594 1155.16614587 1155.20514578 1159.27710295 1159.35176945
 1159.44226924 1159.89443485 1174.54506738 1180.7985528  1180.9288525
 1180.9708524  1181.51045114 1182.43321566 1182.59831528 1196.99691506
 1206.87249204 1210.06521794 1214.45094105 1214.51467423 1214.54900749
 1216.13193713 1216.16590372 1216.21190361 1224.53085089 1224.5401842
 1232.1216332  1236.53382292 1240.5765135  1240.58361349 1247.4312642
 1249.57239254 1250.12602458 1250.31499081 1260.9323994  1264.5818909
 1264.58785755 1264.71695725 1268.20104913 1271.47230817 1280.41332067
 1280.43405396 1288.70036803 1293.1608243  1299.85710869 1305.0889965
 1305.39789578 1317.36010124 1317.85583342 1317.85910008 1317.89523333
 1318.02889968 1318.03289967 1319.65256256 1323.33695398 1323.72168642
 1324.46248469 1324.48258464 1343.3417407  1345.27356953 1345.47990238
 1345.49043569 1345.51726896 1345.54003557 1345.59030212 1345.68093524
 1365.23678967 1366.17212083 1366.21668739 1371.96864065 1372.13107361
 1374.40576831 1374.64120109 1376.21549742 1376.45476353 1376.46933016
 1376.52616337 1376.55936329 1376.88419586 1377.50689441 1377.5715276
 1380.16295489 1390.55943066 1390.69896367 1395.9235515  1402.74806893
 1402.99686835 1403.58690031 1405.37279614 1405.38296279 1405.39206277
 1405.71342868 1406.51856014 1408.95422113 1409.04612092 1409.12975406
 1409.20158722 1410.03195195 1410.60098396 1410.67598379 1410.89698327
 1411.11824942 1411.45408197 1411.53911511 1412.24671346 1412.32907993
 1415.23797316 1415.33083961 1416.35333722 1416.4345037  1416.64560321
 1416.85290273 1418.42993238 1423.62022029 1432.24583352 1432.75713233
 1435.69355882 1443.50314062 1443.53034056 1443.5428072  1443.71097347
 1465.72448884 1471.80107468 1482.22681705 1502.32367022 1563.39429457
 1563.3972279  1563.52239428 1563.54992754 1565.56338952 1584.40424561
 1584.62004511 1589.00690156 1598.01268057 1602.4927368  1602.95780238
 1620.56916134 1632.50830018 1657.56967512 1668.27968349 1668.2919168
 1668.38161659 1668.43588313 1668.49508299 1671.6807089  1694.76902177
 1694.89728813 1695.50392005 1725.422317   1725.43791696 1725.58471662
 1725.70651634 1725.74544958 1725.87471595 1726.24411509 1726.40384805
 1726.9105802  1728.55864303 1729.1142084  1737.46318894 1737.58672199
 1737.6099886  1737.91112123 1738.17835394 1739.17505162 1739.28215137
 1739.6002173  1744.30997299 1745.53667013 1767.65515192 1771.46194305
 1771.90930867 1772.42997413 1782.05048504 1794.08162367 1795.58742016
 1797.22501635 1807.95622467 1825.18968451 1837.61442223 1843.85427435
 1843.91400755 1850.67745845 1852.27095474 1859.24353849 1872.02190871
 1888.63267001 1906.39696194 1906.83139426 1907.3437264  1915.99343958
 1931.09447106 1953.33205257 1954.00558433 1955.43814766 1955.45881428
 1957.72244234 1957.75917559 1989.57710144 2017.52783631 2024.5564866
 2026.41274894 2095.1618554  2131.57900387 2131.64207039 2131.66140368
 2131.78187006 2143.87057522 2199.48531229 2256.30614655 2256.43244626
 2256.53937934 2283.26288373 2283.57214968 2307.28599442 2312.6440486
 2323.88645573 2350.45719382 2353.52522    2368.02355288 2369.46094953
 2370.48734714 2370.58621358 2370.65668008 2379.93255846 2398.43201535
 2413.98304578 2441.44381512 2445.44160581 2458.46017547 2458.65424169
 2486.19264418 2486.82257604 2486.83377602 2497.282185   2553.87335313
 2565.77972538 2577.60459783 2582.75131917 2583.49475077 2585.43387958
 2591.1647329  2604.54226839 2614.13614603 2630.29537504 2630.50944121
 2630.53230782 2639.56928677 2640.59358438 2640.67261753 2641.16321638
 2642.05644764 2684.52494867 2723.77752387 2724.75068827 2745.3630069
 2757.01471308 2760.21183897 2760.54793818 2768.76045238 2776.78196702
 2789.43763753 2808.99919194 2823.89192391 2825.75628623 2826.22628513
 2902.36360771 2934.30083329 2936.69946103 2938.6013566  2947.48476923
 3008.21569438 3021.40509697 3031.72593959 3062.94470017 3063.09073317
 3064.61279629 3095.14655847 3117.75437245 3154.57685331 3160.22034016
 3176.71823505 3176.75930162 3176.77166826 3176.80436818 3189.78057128
 3191.50013394 3191.74310004 3212.83221756 3216.13450986 3216.16254313
 3269.07491983 3300.13051413 3360.1912075  3442.65068201 3442.8700815
 3449.78839871 3467.47562416 3467.48142415 3493.66979646 3499.63064923
 3544.8903771  3563.37623402 3603.30094098 3640.73982041 3654.44282181
 3688.99780795 3702.135844   3768.27332322 3768.90198842 3808.00576396
 3874.42527585 3875.21110735 3913.13241898 3964.07543361 3964.31923304
 4007.11536664 4035.25233441 4046.20907554 4089.29880846 4099.75915076
 4117.18207682 4151.72692965 4158.26278109 4163.36400254 4215.95354665
 4216.06557973 4295.72222744 4297.70728948 4306.71283516 4393.44239972
 4434.48460408 4434.49743738 4437.61986344 4437.94152936 4456.2321534
 4485.11451943 4495.79512787 4519.69927217 4536.35726668 4538.02942945
 4538.27219556 4591.18783891 4641.17145577 4649.23717031 4654.02395915
 4688.65447845 4693.75819989 4743.21768464 4819.90373927 4827.7283877
 4828.10222017 4892.88946919 4945.61847965 4986.06745206 5026.04059224
 5094.31513314 5099.78922039 5113.44785523 5116.55888131 5116.78081413
 5129.15105197 5153.09382951 5195.0952983  5326.05992644 5353.13846334
 5360.67761244 5371.18095463 5380.92626525 5381.17219801 5423.14113355
 5441.10685835 5441.35942443 5493.96016852 5656.14352392 5657.75515349
 5791.0696095  5908.71576868 5928.462656   5950.0478057  5980.23190203
 5983.59682752 5991.4583092  6068.66832928 6127.07449317 6188.32725044
 6192.73120684 6231.59978293 6468.35936454 6516.89078479 6572.51048851
 6608.46983805 6673.03948758 6741.4059616  6770.40489402 6774.02445225
 6792.59587564 6839.84699887 6894.83007074 6911.07213289 6931.28295246
 6981.00580326 6989.93988244 7073.03198881 7167.91006772 7175.77321606]"
141,662892_2023-08-24_A-301,PIR,True,"[  20.41452351   20.71255615   20.73548943 ... 7185.58902652 7185.60999314
 7185.68855962]"
142,662892_2023-08-24_A-303,PIR,True,"[  20.28429048   20.56002317   20.84332251 ... 7186.13449191 7186.13832524
 7186.14735855]"
143,662892_2023-08-24_A-306,PIR,True,"[  21.90368671   22.17531941   22.85428449 ... 7173.76392074 7176.43121453
 7178.9027421 ]"
144,662892_2023-08-24_A-307,PIR,True,"[  20.2460239    20.38432358   20.77508934 ... 7181.17760347 7182.21310105
 7183.99169691]"
145,662892_2023-08-24_A-315,PIR,True,"[  20.63468966   20.64398964   20.66498959 ... 7184.62409543 7184.63242875
 7184.77296175]"
146,662892_2023-08-24_A-317,AIv,True,"[  20.28115715   20.36352363   20.76008937 ... 7184.98472793 7185.81855932
 7186.18235847]"
147,662892_2023-08-24_A-319,AIv,True,"[  21.41525451   25.03691274   25.09394594 ... 7185.76322611 7186.29642487
 7186.3972913 ]"
148,662892_2023-08-24_A-320,AIv,True,"[  20.99788882   21.39062124   21.43325447 ... 7183.88126383 7184.52856232
 7184.59119551]"
149,662892_2023-08-24_A-323,AIv,True,"[  20.20525733   20.345157     20.96102224 ... 7184.00749687 7184.94166136
 7185.78095941]"
150,662892_2023-08-24_A-325,AIv,True,"[  20.96775555   20.9771222    20.98775551 ... 7184.02883016 7184.42932922
 7184.523629  ]"
151,662892_2023-08-24_A-327,AIv,True,"[  21.76632036   21.92351999   22.05511969 ... 7184.1230966  7184.40659594
 7184.41682925]"
152,662892_2023-08-24_A-330,AIv,True,"[  84.80534013  102.19603293  129.12687018  134.92872332  137.57925048
  152.08565001  228.56020513  302.27356669  338.41944913  371.37677233
  385.09270703  388.74019853  422.71675269  431.49219891  433.56069409
  445.82463218  456.50750728  460.13729882  489.2128644   504.20642946
  508.61778585  519.3268609   523.93921681  530.35226854  533.14882869
  630.50163516  664.80495522  693.63778803  703.92763072  722.91165315
  725.21644778  734.14592697  760.10966647  772.97403649  775.50413059
  786.20503899  793.52778859  847.34006319  848.40902737  871.61763995
  879.57185475  893.56338881  894.50655328  915.67327062  945.85433363
  976.52446216 1042.22814238 1073.36496982 1079.50792217 1093.64035591
 1099.87737471 1117.33953401 1124.83508321 1197.11141479 1262.45562918
 1265.28725592 1277.03269522 1284.06191217 1316.6182363  1325.06451662
 1344.11823889 1362.07153038 1371.00670956 1460.16973512 1537.58715471
 1554.01051644 1558.08564028 1570.02997911 1578.55795924 1580.1348889
 1640.27774875 1696.82521697 1698.14568056 1721.52312609 1726.59958092
 1734.16516329 1755.77624627 1757.75320833 1774.67833555 1774.71053548
 1775.1575011  1823.73642123 1834.11733038 1840.26318272 1909.82322062
 1915.57174056 1947.46736624 1982.80268389 1983.52741554 2007.21152701
 2020.4507295  2023.17762314 2028.52644401 2062.53513143 2142.93754407
 2143.23341004 2194.02469168 2206.14033012 2210.27708714 2215.16210909
 2229.63970869 2249.26522962 2249.93169474 2292.64826186 2303.99396876
 2326.41251651 2344.10947528 2346.14787053 2346.26820358 2357.93164307
 2410.99721941 2433.57986678 2450.09809496 2476.63766644 2514.83671076
 2526.1933843  2527.89174701 2532.25013685 2537.55389116 2569.0329178
 2585.84754529 2599.94234577 2618.18913659 2622.00876102 2622.20136057
 2661.93933464 2677.31316548 2678.01899717 2712.31258392 2722.44269365
 2735.28389706 2740.14318573 2816.38080808 2817.8723046  2819.63396716
 2827.09754977 2841.79421552 2863.65269792 2867.42412246 2904.55026928
 2914.29031325 2929.99920998 2933.47410188 2969.64098427 2994.18549374
 2994.95742527 2999.50848133 3046.18323923 3117.45620648 3128.36461439
 3179.2146959  3181.80015654 3215.52654461 3232.37090536 3237.50649339
 3241.61128383 3278.14646536 3285.29451537 3294.72539339 3317.49074034
 3317.85490616 3321.07119866 3325.46812175 3345.90970745 3346.94570503
 3347.24510434 3363.58273293 3368.47282154 3370.68784971 3423.83619252
 3431.69014089 3463.45226687 3469.07225378 3484.11735205 3499.58028268
 3504.99193674 3510.9576895  3511.76078763 3512.80355187 3522.03489702
 3544.12277889 3548.61966841 3549.46466644 3550.69866356 3552.00136053
 3565.62929544 3572.25777999 3599.04411757 3611.99498739 3618.6706385
 3625.03905699 3629.39011352 3631.18614267 3633.96250287 3653.02939177
 3673.35314441 3676.43143723 3679.15816421 3722.42296339 3739.70542312
 3742.19168399 3754.75518805 3761.77783835 3765.80112898 3769.01865481
 3797.78838777 3801.3109129  3838.88912533 3852.71389311 3876.55877088
 3879.87349649 3891.1669035  3906.03763552 3914.04758352 3921.23553344
 3948.81780249 3950.99959741 3960.0852429  3960.85257445 3976.78737065
 3977.64063533 3981.9429253  3991.58740283 4008.17566417 4010.01829321
 4013.69041799 4033.08090614 4046.57977468 4052.73139368 4065.76349664
 4098.64475335 4106.55036826 4120.37146939 4126.28338895 4130.58564559
 4138.06756149 4141.54858671 4164.86289904 4176.40140549 4211.3427574
 4215.30788149 4235.92410012 4238.52562739 4238.99325963 4240.59102258
 4243.28618296 4243.80334842 4249.93643413 4255.77775385 4270.23868682
 4277.14067074 4286.30448272 4291.02963837 4294.39856385 4331.50911071
 4334.29287089 4343.04431716 4345.40954498 4350.57373295 4351.50196412
 4361.3929744  4393.86283207 4396.84605845 4397.16189105 4418.99020685
 4421.31403477 4422.31303244 4429.5273823  4436.43133288 4442.84071794
 4482.55595872 4493.96033215 4507.22086791 4512.19815632 4512.66528856
 4521.56950114 4522.40426587 4524.38102793 4528.83878421 4531.74054411
 4546.45207649 4549.4098696  4551.81049734 4569.32478986 4571.27005199
 4583.20215752 4583.71895632 4588.09307946 4588.37694546 4603.32047731
 4611.52332486 4613.01462138 4616.22584723 4622.76499866 4631.6909112
 4641.84378754 4643.52508362 4650.46196745 4658.57734854 4658.84894791
 4665.86099824 4680.49686413 4685.38105275 4688.04564654 4704.82224078
 4709.58439635 4710.64546054 4711.16872599 4712.14082372 4723.03073168
 4725.51369256 4727.5587878  4737.77509732 4739.5992264  4756.60412011
 4769.84278926 4775.95577502 4783.2160581  4783.26389132 4787.13221564
 4790.62910749 4802.03531424 4812.44652331 4814.24131913 4819.95670581
 4830.65118089 4849.74440307 4862.22500732 4867.61109476 4886.87534987
 4897.87992423 4905.83460569 4921.96146811 4924.30022933 4933.71204073
 4933.71920738 4940.73629103 4948.77770562 4961.67514223 4978.47513642
 5006.17117188 5007.89583453 5011.68992568 5036.5592344  5045.29274738
 5050.17526934 5065.56180015 5065.82529953 5075.95327593 5099.29105488
 5108.84546595 5126.17609223 5142.53178745 5145.17821462 5156.62568794
 5187.60371575 5187.74534876 5203.6193451  5213.44565553 5233.32540921
 5239.07846247 5248.8935396  5253.30466265 5254.60789295 5258.53305047
 5259.67411447 5260.88191166 5263.8699047  5269.603458   5273.56671543
 5275.71724376 5279.00030277 5280.50193261 5313.67458864 5319.40367529
 5319.84934092 5320.54200597 5328.42085427 5337.47643317 5337.59646623
 5338.33653117 5350.59516927 5354.12526104 5357.02322096 5357.07385417
 5372.34848524 5383.72339207 5395.29316511 5399.93152097 5404.90970937
 5409.42156552 5424.16769782 5436.83300164 5453.0718638  5453.34132984
 5458.74338392 5460.64317949 5462.30497562 5477.14170771 5477.46050697
 5480.48439992 5481.13449841 5485.08728919 5486.92721824 5488.39234816
 5488.39814815 5488.67324751 5488.90001364 5494.70196679 5495.89799734
 5496.90122833 5497.2878941  5498.31939169 5498.96409019 5499.31238938
 5504.84290982 5521.43483783 5521.68597058 5522.0050365  5524.23083131
 5528.03775577 5530.41035025 5555.86955758 5559.59091558 5564.64533713
 5569.94099146 5570.60925657 5579.67203545 5587.54181711 5602.01005006
 5605.82870783 5610.70949646 5613.39952352 5618.68717787 5621.09043893
 5641.14922552 5646.58334619 5672.59835224 5678.90407088 5700.12522143
 5717.54451417 5721.11770584 5753.26086427 5754.51562801 5755.69642526
 5760.43268089 5763.13534126 5765.03177017 5767.65499739 5771.56115496
 5774.61391451 5775.97407801 5780.14140163 5792.78467217 5804.34134524
 5805.28797637 5805.53737578 5807.75217062 5816.56245009 5817.80558053
 5821.467072   5823.52996719 5824.20309895 5827.88075705 5831.19541599
 5831.38414889 5834.98044051 5839.12566418 5841.02845975 5846.86127949
 5848.59514211 5849.29044049 5849.61940639 5852.67826593 5853.66853029
 5855.48142607 5856.70252322 5858.30321949 5860.79751368 5863.65480702
 5864.24203898 5867.01043253 5870.19525845 5875.44801287 5877.22924205
 5880.58456757 5894.35970213 5897.25172873 5901.55585203 5909.006068
 5933.2526115  5934.02067638 5955.95862526 5962.43967682 5975.53267964
 5984.72585822 5990.85027728 5996.29443126 5996.37913107 6001.61931885
 6002.45495024 6003.65668077 6007.87637094 6018.721579   6019.438944
 6021.17850661 6038.16740035 6044.27458612 6065.924969   6070.16195913
 6089.50311406 6093.03940582 6113.15302561 6114.64415547 6122.00203833
 6125.69436306 6126.56396103 6141.7100924  6142.43975737 6158.62438632
 6165.62877    6200.23275603 6207.02507353 6211.4749965  6214.44472291
 6227.98815801 6231.04031757 6233.96487742 6243.40635542 6257.65832221
 6260.79978155 6264.06130729 6264.69723914 6269.58156109 6285.64445699
 6310.243433   6310.38923266 6312.43219457 6319.32201185 6332.95541341
 6343.27258937 6343.47608889 6347.22994681 6355.21806153 6359.60271798
 6373.93895124 6374.2701838  6375.00894875 6377.64320927 6392.80664061
 6396.02066645 6399.35622534 6400.65298899 6424.85219926 6430.36621975
 6431.95708271 6441.88582624 6447.66831276 6453.53859908 6463.89257495
 6465.85290372 6486.15798974 6488.25885151 6494.44507042 6509.60690176
 6523.05680375 6543.79835542 6548.35301147 6551.3440045  6554.82802971
 6561.49164752 6561.87454663 6562.76471122 6567.00373467 6569.31846261
 6579.71590505 6583.38332984 6591.80807687 6599.18655968 6609.633702
 6616.10445359 6617.36528398 6619.99944451 6621.27837486 6628.45465814
 6632.94134769 6639.08163338 6649.50037577 6650.7744728  6671.60512425
 6673.14712066 6683.34613023 6688.13741906 6698.11672914 6698.56096144
 6702.6245853  6704.79394692 6712.20189632 6723.05437103 6727.25356124
 6727.99655951 6729.04552374 6734.46884443 6743.81312266 6755.10362968
 6756.65559273 6758.43095526 6772.45615591 6773.02135459 6776.3919134
 6792.444076   6793.91040591 6824.24370189 6827.85369348 6830.1502548
 6836.51653996 6837.39393792 6839.85359885 6841.6625613  6867.0832354
 6873.18585451 6876.2962806  6881.84210101 6882.02840057 6885.06742682
 6890.09934843 6890.28848132 6891.08567947 6894.46250493 6899.32466027
 6900.1262584  6901.68732143 6902.49765287 6904.40224843 6907.74717397
 6908.19427293 6914.26979211 6915.50845589 6925.02683371 6925.78593194
 6933.24694788 6937.75743737 6938.48970233 6938.57086881 6940.15539845
 6965.82453864 6970.61809413 6972.09349069 6973.20212144 6976.04864814
 6977.91367713 6990.09738207 6997.37756511 7007.69610773 7007.87767397
 7008.02790696 7008.64223886 7009.75706959 7014.44065868 7015.22282352
 7031.1686197  7032.22065058 7033.0001821  7038.762502   7041.21422962
 7041.66506191 7064.61440843 7067.22473568 7079.19087446 7083.84743027
 7084.5072954  7084.76192814 7104.81864807 7117.43128535 7134.70864509
 7137.58720504 7149.05007833 7160.34395201 7163.85477717 7172.29929082
 7172.33679073 7172.50025702 7172.50375701 7176.2705149  7181.23323667
 7181.71710221 7184.14769654]"
153,662892_2023-08-24_A-331,AIv,True,"[  20.97942219   20.98162219   20.98405552 ... 7182.65926668 7184.52629566
 7186.37325803]"
154,662892_2023-08-24_A-332,AIv,True,"[  20.21275731   20.23792392   20.33639036 ... 7181.74593547 7183.83476394
 7186.29669154]"
155,662892_2023-08-24_A-334,AIv,True,"[  20.21275731   20.23792392   20.33635703 ... 7084.26469597 7115.98715538
 7154.85383147]"
156,662892_2023-08-24_A-335,AIv,True,"[  20.94938893   25.06414601   25.98541053 ... 7182.42166723 7183.87159719
 7185.47106013]"
157,662892_2023-08-24_A-336,AIv,True,"[  21.50358764   21.9052867    22.16305277 ... 7186.0252255  7186.37789135
 7186.38382467]"
158,662892_2023-08-24_A-338,ORBl,True,"[  20.28425715   20.37215694   20.53888989 ... 7184.51022903 7184.88792815
 7185.25876062]"
159,662892_2023-08-24_A-341,ORBl,True,"[  25.04807938   25.19904569   25.20597901 ... 7181.23607    7181.59900248
 7185.04902778]"
160,662892_2023-08-24_A-343,ORBl,True,"[  20.205024     20.40949019   20.43555679 ... 7180.62413809 7180.80957099
 7185.04659445]"
161,662892_2023-08-24_A-345,ORBl,True,"[  22.75161806   22.9498176    23.97914854 ... 7185.79062605 7185.79975936
 7185.97309229]"
162,662892_2023-08-24_A-349,ORBl,True,"[  21.15602178   22.68285156   22.8074846  ... 7185.76595944 7186.02062551
 7186.0262255 ]"
163,662892_2023-08-24_A-350,ORBl,True,"[  20.62768968   20.96828889   20.9920555  ... 7184.26229628 7184.63796207
 7184.75439513]"
164,662892_2023-08-24_A-351,ORBl,True,"[  20.31569041   20.56715649   20.97578887 ... 7185.91242577 7185.94009237
 7186.04382546]"
165,662892_2023-08-24_A-353,ORBl,True,"[  20.79282263   20.93565563   20.94175561 ... 7180.8924708  7181.17380347
 7182.2066344 ]"
166,662892_2023-08-24_A-354,ORBl,True,"[  22.1625861    22.27125252   22.28575248 ... 7185.26702727 7185.43589354
 7185.56722657]"
167,662892_2023-08-24_A-356,ORBl,True,"[  23.19471703   24.80097995   24.93654631 ... 7151.26337318 7156.72969377
 7171.09309363]"
168,662892_2023-08-24_A-358,ORBl,True,"[  20.99282216   21.15095513   21.15738845 ... 7183.53826463 7184.00889687
 7184.1513632 ]"
169,662892_2023-08-24_A-360,ORBl,True,"[  20.23569059   20.44052345   20.47225671 ... 7184.53322898 7185.0696944
 7185.7955927 ]"
170,662892_2023-08-24_A-361,ORBl,True,"[  20.56412316   60.19319748  101.31833498  129.93666829  181.49728147
  190.6813934   192.64535549  197.56687736  215.82050149  245.15923312
  247.69202722  253.51624698  282.30651322  293.8049531   299.37937344
  313.35274088  327.52434119  337.65475091  341.45407539  341.57254178
  362.18689374  362.4504598   364.80878764  370.39980794  381.20738275
  381.26961594  407.38022176  409.95921575  428.02244033  458.04887036
  470.63820769  475.32093011  492.93102241  495.66564937  518.0225306
  522.95688577  523.16878528  547.63379493  562.32646069  567.13431616
  570.16947575  571.96190491  573.57480115  583.35567836  595.43718354
  599.61164047  613.21700877  613.22210876  625.6349465   633.85716067
  641.53200945  642.9423395   649.35029124  658.5066699   659.72886705
  669.33657799  674.50249929  675.20376432  678.918689    697.52241231
  700.19450609  713.92870742  772.58270407  783.92387764  822.21712174
  831.30100057  836.15648925  836.76602117  836.99475397  838.09095141
  838.13758464  841.43571029  865.29612135  872.15040538  886.5150719
  892.82182387  895.8860834   896.4316488   898.91124302  907.48512304
  919.98089392  926.04297979  931.88153285  938.13778494  954.85191266
  956.10270974  981.74268333  987.97393547  995.05101898 1016.64783532
 1016.74286843 1027.57987651 1034.56389357 1051.25258802 1052.32541885
 1066.9655514  1069.83217805 1071.44730762 1075.88136396 1078.75612393
 1091.92395991 1105.48106165 1125.03511608 1136.48375607 1141.68231062
 1157.53227369 1178.82139074 1186.60073928 1186.92313853 1204.00303206
 1206.31882667 1221.63755764 1229.76637203 1234.91939335 1250.19985774
 1254.81791365 1278.2408924  1290.13076469 1296.44081666 1331.4960683
 1333.09063125 1349.18629374 1361.32389879 1368.28081591 1375.5951322
 1379.06755744 1400.92223985 1415.25420645 1417.53433447 1419.47772994
 1427.93767689 1432.70586578 1451.78035467 1461.23933263 1472.84240559
 1480.70958725 1503.84873333 1505.64222915 1505.93892846 1522.8855223
 1523.03078863 1523.48905423 1527.45854498 1535.38429318 1544.54067184
 1548.84306182 1550.04582568 1558.82437189 1567.99711718 1584.84484459
 1626.28074803 1630.67697112 1637.72072137 1639.09128484 1646.76126697
 1670.36161197 1680.69745456 1680.79828765 1681.67151895 1684.06088005
 1693.34972507 1707.2117261  1714.97454135 1716.8974702  1717.68303504
 1720.59626158 1721.08322711 1734.40052941 1734.62259556 1748.67282949
 1760.99240078 1788.85723584 1792.14106153 1808.05532444 1819.78386378
 1839.10948541 1842.67284377 1857.51474252 1895.79838664 1910.53085231
 1919.4598315  1925.86121658 1929.95570704 1930.52947237 1938.05892149
 1938.94928609 1943.851008   1972.14740872 1977.38242986 1982.0835189
 1982.8293505  1991.75549636 1995.23568825 1999.12714585 2019.4178319
 2053.55141903 2069.16878264 2075.44526801 2094.24102421 2103.14933678
 2106.51172895 2113.23911327 2130.49980638 2132.69890126 2138.14052191
 2149.6303618  2154.86741627 2160.56613632 2170.40491339 2175.42173503
 2185.09174583 2196.30575304 2203.93183526 2205.27596547 2218.96023358
 2223.35772333 2248.34049845 2249.24642967 2281.39758808 2285.5236118
 2293.49645989 2295.57088838 2309.69645547 2312.86318142 2313.31338037
 2314.75004369 2315.08117625 2323.53625655 2345.41237224 2346.63690272
 2358.8449076  2361.91600045 2410.01788836 2414.81564384 2429.03734403
 2443.30881078 2538.92328797 2542.99804514 2552.62182271 2556.64618
 2561.5667352  2563.79933    2571.43147888 2576.44713386 2579.54425998
 2596.76428651 2597.53785138 2600.83884369 2612.34721687 2616.78050654
 2620.88329698 2622.55799307 2622.88895897 2638.95782152 2662.99443218
 2688.54997263 2691.34559944 2695.26265698 2697.06941944 2715.01794428
 2719.1131014  2725.85961902 2726.06401854 2726.06971853 2727.72034801
 2756.047382   2783.75885076 2796.20798842 2799.35464775 2813.72098094
 2813.74768088 2814.16294658 2820.09316609 2820.61333155 2834.40009942
 2846.20810524 2846.90727027 2862.32366768 2881.16819044 2898.88371582
 2923.69359134 2927.15254994 2949.23939848 2964.08609721 2989.45653809
 2990.43713581 3003.86117119 3004.34990338 3007.32902978 3017.33730645
 3017.57820589 3017.74340551 3017.88103852 3025.43128759 3029.27457864
 3030.3326095  3035.85176331 3053.21595618 3053.9792544  3060.15267335
 3070.16645001 3077.11630048 3089.41817182 3114.91324574 3118.29140453
 3124.75372281 3125.08425537 3125.53318766 3125.76612045 3132.50097142
 3132.82317067 3138.52002406 3159.66094146 3160.08344048 3163.48316589
 3165.26549507 3171.55534708 3221.84652989 3222.65212801 3237.74182618
 3240.24055369 3265.34196186 3300.83811248 3302.8157412  3306.77813197
 3324.13212486 3381.7047907  3404.25630482 3416.52027624 3421.03983237
 3427.492884   3463.83646598 3473.34224383 3481.05175919 3500.95677948
 3511.56518809 3513.81311618 3521.35343195 3521.76853098 3537.86229348
 3567.87115688 3570.03438517 3599.4875832  3604.54107143 3607.73013066
 3633.28660444 3653.51155731 3656.3922506  3664.91823073 3690.29220494
 3726.08345486 3732.55393979 3740.44405473 3752.05239435 3759.8819761
 3760.20044203 3764.42289886 3774.46314213 3792.6419331  3806.99193299
 3807.42569865 3815.97001207 3823.04239559 3826.55868739 3832.00070805
 3835.20760057 3846.52254087 3849.81939986 3858.05078067 3880.19272908
 3919.65190379 3931.43764299 3959.5298442  3961.56700612 4005.72123656
 4005.86380289 4043.88064764 4050.46626562 4055.06425491 4080.23206293
 4085.18735138 4090.58637213 4098.09198797 4105.58933717 4106.00043621
 4112.04442213 4113.61461847 4157.54774942 4162.29073837 4181.23836088
 4192.46546806 4193.70249851 4198.05788836 4234.63733645 4241.9662527
 4266.33642925 4270.84721874 4270.92251856 4273.94581152 4309.63886167
 4318.25934158 4331.46447748 4365.90653055 4377.76286959 4378.84313374
 4382.55145843 4383.22919019 4404.45467406 4416.01138046 4418.06470901
 4432.41227557 4455.59018823 4465.70449799 4476.88337194 4489.83514176
 4507.82843317 4507.83126649 4508.80996421 4535.52386863 4541.12508891
 4546.06551073 4546.40960993 4547.71164023 4568.65339143 4571.02041924
 4590.76730656 4609.97532847 4651.22566567 4664.29036856 4664.83906728
 4667.6224608  4694.01626596 4704.96777377 4716.74974632 4737.69119752
 4760.71821052 4769.40555695 4770.31875482 4771.08775303 4772.14078391
 4781.51679539 4783.64922375 4827.34618859 4844.85361446 4847.05257601
 4853.7489604  4858.52924926 4858.74874875 4858.82261524 4868.75352544
 4878.6404024  4884.69918828 4887.37831537 4888.18364682 4892.17213753
 4895.51812973 4905.99043866 4921.13127005 4962.12020786 4962.43950712
 4972.59975011 4978.40456992 4985.21365405 4989.0830117  4991.27803992
 4998.31395685 5004.21720977 5004.66757538 5018.99670866 5025.49649351
 5029.6373172  5031.11541375 5033.11597576 5050.7625013  5070.06828965
 5070.28242248 5071.42905314 5099.45155451 5144.63551588 5149.44200468
 5150.66706849 5157.34711959 5162.00954206 5173.22251593 5179.72293412
 5187.1838834  5197.73599214 5220.45820586 5220.50343909 5220.96417135
 5227.51675608 5231.17938088 5232.82247705 5264.9698688  5267.82702881
 5275.19594497 5275.97874315 5282.92129364 5290.84614183 5312.75779077
 5319.31664216 5322.05940243 5325.3078282  5325.86876022 5326.21749274
 5326.58975854 5329.7542845  5346.26757935 5364.08073784 5389.58191175
 5395.7537307  5411.70686019 5422.01583617 5422.22066903 5422.80026768
 5434.52647368 5443.77075214 5444.19305116 5451.77426682 5453.22236345
 5454.40452736 5456.13632333 5458.19395186 5470.07459085 5470.34412355
 5475.0273793  5482.67579481 5487.54645013 5504.31721105 5522.85116786
 5523.67746593 5540.87069254 5542.99942091 5554.66759372 5555.24202571
 5557.7781198  5569.38769275 5577.48854054 5588.39771512 5590.21234422
 5593.5540031  5597.38242751 5598.63075794 5606.02424071 5606.08870723
 5612.15672642 5615.17848604 5616.2123503  5618.00661279 5626.40652655
 5629.2850865  5644.50261771 5662.19544315 5663.84710596 5671.00765594
 5677.20340817 5689.3774798  5696.06196423 5697.16636165 5700.90305295
 5723.60746671 5724.36236495 5727.36752461 5727.43449112 5737.069302
 5742.13019021 5744.72235083 5745.12411656 5755.97512461 5764.08957237
 5764.13357227 5764.22977204 5767.07376542 5769.41779329 5769.84792562
 5790.84357669 5790.84697668 5796.33839722 5798.2785927  5799.12529073
 5817.39981481 5821.30520571 5830.78318362 5833.01434509 5834.59040808
 5834.94650725 5835.77777198 5844.87548411 5848.52254228 5854.67192795
 5864.40027195 5869.23262736 5871.15532287 5871.51472204 5886.57178695
 5895.86636529 5898.35575949 5901.44438563 5904.86531099 5911.58309533
 5926.05739494 5935.85550544 5938.16926671 5957.99172052 5962.37481031
 5969.98635924 5977.64297473 5985.33295681 5985.82285567 5992.02624121
 5992.33707382 5997.74549455 5998.35249313 6019.20744454 6037.33973562
 6045.03481768 6047.53511186 6049.17194138 6050.41183849 6055.9399256
 6070.24332561 6070.38222528 6070.67735793 6079.55420391 6079.55643724
 6080.56226823 6081.92186506 6083.61742777 6090.16421252 6097.41989561
 6117.89591456 6139.17416498 6143.02328934 6152.15436806 6156.05665897
 6158.02278772 6166.8994337  6177.53517559 6190.67111164 6193.76007111
 6206.79244074 6216.37548508 6216.76151751 6224.77156551 6227.18962654
 6230.97701772 6246.46811495 6259.38248486 6263.1693427  6269.52416122
 6270.9369246  6275.42208081 6275.99907947 6284.63172602 6292.1043086
 6294.40416991 6306.68187463 6309.59346785 6310.53959898 6326.0081296
 6329.62022118 6338.30650094 6350.79277184 6355.5307608  6377.33450999
 6401.11562124 6414.82858929 6421.82840631 6422.35200509 6427.29509357
 6431.59815021 6434.70670963 6451.50950381 6453.04873356 6457.45655662
 6463.23937648 6470.67299249 6476.87154471 6482.69223114 6490.86437877
 6496.71946512 6508.61160408 6513.68712558 6515.74932078 6521.10650829
 6530.56671958 6533.1505469  6537.23667071 6546.84321499 6557.37999043
 6565.20703886 6580.94496885 6588.72255073 6593.10157386 6593.65917256
 6593.6996058  6601.93181995 6608.92360365 6616.70625219 6642.28432591
 6643.52675635 6644.29262123 6660.58338327 6663.93287547 6670.36202715
 6681.91673356 6693.92013892 6694.38123785 6699.21699324 6727.71136018
 6734.10657861 6735.21147603 6738.946334   6746.31065017 6748.80414436
 6748.82651097 6760.42195062 6762.4172793  6762.58164559 6763.61747651
 6769.86166195 6774.41718467 6782.66626545 6790.85401304 6792.40867608
 6799.39249314 6802.34368626 6803.9450492  6818.32774901 6824.52950123
 6835.56027552 6844.09615563 6844.71832085 6848.51554533 6858.45115551
 6858.99142092 6862.6916123  6865.09920669 6868.44723222 6875.49208247
 6882.99993164 6886.51759011 6889.19065055 6889.24851708 6899.02956095
 6907.57360771 6912.30663002 6919.4941466  6928.33745933 6935.89034172
 6949.99720885 6950.55657421 6951.62980505 6954.42779853 6955.15839682
 6963.24341132 6979.79233942 6980.27390496 6994.3773721  6995.47316955
 6996.12940135 6996.78706648 7000.571891   7001.2452561  7001.53038876
 7010.47226793 7011.21493286 7011.98903106 7012.79006253 7013.63532722
 7020.41164477 7021.19540961 7024.00036974 7026.88279635 7029.51335689
 7041.75232837 7042.24536055 7067.95890063 7073.14255522 7077.71431123
 7087.69698797 7090.17981552 7091.32684618 7100.69742434 7101.90528819
 7114.30172597 7115.61975624 7116.32875458 7124.37513583 7133.73021403
 7134.45661234 7134.46141233 7148.92341196 7149.52241057 7151.39893953
 7153.16830207 7153.45020141 7160.2507189  7163.15951212 7167.07473633
 7167.31063578 7170.9056274  7180.62600475 7180.69740458]"
171,662892_2023-08-24_A-364,ORBl,True,"[  20.32549038   25.50924497   28.72013749 ... 7182.1494012  7183.94499702
 7186.32885813]"
172,662892_2023-08-24_A-365,ORBl,True,"[  20.3744236    20.4317568    20.54965653 ... 7185.03166115 7185.35829372
 7185.75792613]"
173,662892_2023-08-24_A-366,ORBl,True,"[  21.32148806   21.32605472   21.32948804 ... 7183.30003185 7183.33883176
 7183.70299758]"
174,662892_2023-08-24_A-367,ORBl,True,"[  37.13548454   38.61091444   38.62288108 ... 7166.38377127 7166.46150443
 7186.36442471]"
175,662892_2023-08-24_A-368,ORBl,True,"[  22.92131767   23.05655069   23.13681717 ... 7186.14909188 7186.1981251
 7186.36285805]"
176,662892_2023-08-24_A-371,ORBl,True,"[  20.9634889    21.14218848   21.1479218  ... 7044.89545438 7068.67133231
 7080.9051038 ]"
177,662892_2023-08-24_A-373,ORBl,True,"[  21.29458813   21.33102137   21.37492127 ... 7185.13399425 7185.33416045
 7185.68675962]"
178,662892_2023-08-24_A-374,ORBl,True,"[  20.21229065   21.33118804   21.39205457 ... 7186.16302518 7186.25165831
 7186.30455819]"
179,662892_2023-08-24_A-375,ORBl,True,"[  22.64655164   22.74998473   23.30215011 ... 7186.07435872 7186.20525842
 7186.32129148]"
180,662892_2023-08-24_A-376,ORBl,True,"[  21.00905546   21.19238836   21.22998828 ... 7183.6966976  7183.89143048
 7183.97553028]"
181,662892_2023-08-24_A-377,ORBl,True,"[  20.22332396   20.6630896    20.78985597 ... 7186.1687585  7186.23482501
 7186.3692247 ]"
182,662892_2023-08-24_A-378,ORBl,True,"[  51.73581719   60.45199688   60.61536316 ... 7088.36355308 7106.77647684
 7156.78659364]"
183,662892_2023-08-24_A-379,ORBl,True,"[  20.22049063   20.31752374   20.40802352 ... 7184.7536618  7184.86006155
 7185.27942724]"
184,662892_2023-08-24_A-381,ORBl,True,"[  20.20972399   20.42892348   20.5911231  ... 7181.07120371 7182.19606776
 7183.04173246]"
185,662892_2023-08-24_A-382,ORBl,True,"[  20.21112398   20.2890238    20.37419027 ... 7186.02182551 7186.13839191
 7186.36705804]"
186,662892_2023-08-24_A-384,ORBl,True,"[  20.8465225    20.99385549   21.01252212 ... 7186.15479187 7186.2843249
 7186.3717247 ]"
187,662892_2023-08-24_A-386,ORBl,True,"[  27.40110723   27.41357387   27.72093982 ... 7174.939218   7179.86817318
 7182.84683291]"
188,662892_2023-08-24_A-388,ORBl,True,"[  21.28292149   22.00768646   22.67271825 ... 7186.15195854 7186.2537583
 7186.25845829]"
189,662892_2023-08-24_A-390,ORBl,True,"[  21.41692117   21.44288778   21.53508757 ... 7186.34865808 7186.35772473
 7186.36055805]"
190,662892_2023-08-24_A-391,ORBl,True,"[  20.31562374   20.33665702   21.0484887  ... 7185.32959379 7185.76665944
 7186.16962517]"
191,662892_2023-08-24_A-392,ORBl,True,"[  22.24588591   22.33225237   22.35541899 ... 7183.59553116 7184.21066306
 7186.33665811]"
192,662892_2023-08-24_A-394,ORBl,True,"[  20.90562237   23.31431675   23.47438305 ... 7186.16509184 7186.22452504
 7186.28102491]"
193,662892_2023-08-24_A-395,ORBl,True,"[  21.24752157   21.27008818   21.28398815 ... 7186.3259248  7186.33169146
 7186.34712475]"
194,662892_2023-08-24_A-396,ORBl,True,"[  20.41035685   20.97132221   20.98378885 ... 7184.87119486 7185.01519452
 7186.17265849]"
195,662892_2023-08-24_A-397,ORBl,True,"[  20.4036902    20.6619896    20.91128902 ... 7181.79813535 7185.14516089
 7186.39702464]"
196,662892_2023-08-24_A-398,ORBl,True,"[  20.21762397   20.30945709   20.34912366 ... 7183.88413049 7183.95396366
 7184.15822985]"
197,662892_2023-08-24_A-399,ORBl,True,"[  20.22359062   20.28399048   20.36352363 ... 7186.21362506 7186.29089155
 7186.34909141]"
198,662892_2023-08-24_A-400,ORBl,True,"[  20.31665707   20.38119025   20.40895686 ... 7186.2114584  7186.23559168
 7186.38809132]"
199,662892_2023-08-24_A-401,ORBl,True,"[  20.25412388   20.41602351   20.52718991 ... 7186.28082491 7186.33469145
 7186.38895799]"
200,662892_2023-08-24_A-402,ORBl,True,"[1727.25964605 1773.29410544 1838.92385251 ... 7181.82723529 7182.87006619
 7183.12363226]"
201,662892_2023-08-24_A-403,ORBl,True,"[  20.23872392   20.38345692   20.41425684 ... 7186.07935871 7186.09215868
 7186.15415854]"
202,662892_2023-08-24_A-404,ORBl,True,"[  20.77875599   20.95772224   21.1462218  ... 7184.7969617  7185.41106027
 7185.58699319]"
203,662892_2023-08-24_A-405,ORBl,True,"[  20.22722395   20.28065715   20.47805669 ... 7185.3412271  7185.95629233
 7186.05722543]"
204,662892_2023-08-24_A-406,ORBl,True,"[  21.19458836   21.99201983   22.05421969 ... 7185.4983934  7185.812226
 7185.84065927]"
205,662892_2023-08-24_A-407,ORBl,True,"[  21.54418754   21.65475395   21.70385384 ... 7182.4349672  7182.81673298
 7185.76355945]"
206,662892_2023-08-24_A-408,ORBl,True,"[  20.99202216   21.04588871   21.07748863 ... 7184.9838946  7185.03076115
 7185.10916097]"
207,662892_2023-08-24_A-409,ORBl,True,"[  20.41102352   21.52912091   21.84882017 ... 7176.74158047 7178.84114224
 7179.09800831]"
208,662892_2023-08-24_A-410,ORBl,True,"[  20.4189235    21.18565505   23.60521607 ... 7185.00392788 7185.18949412
 7186.1131253 ]"
209,662892_2023-08-24_A-412,ORBl,True,"[  20.58322312   20.75162272   20.76025604 ... 7180.80743766 7180.86087087
 7180.89837078]"
210,662892_2023-08-24_A-413,ORBl,True,"[  22.08995294   22.3218524    22.6070184  ... 7183.74973081 7184.22366303
 7185.82092598]"
211,662892_2023-08-24_A-414,ORBl,True,"[  20.66518959   20.93045564   21.02532209 ... 7183.39843162 7184.0542301
 7184.33399611]"
212,662892_2023-08-24_A-417,ORBl,True,"[  20.25329055   20.52042326   21.08115529 ... 7185.97979228 7186.08109204
 7186.2108584 ]"
213,662892_2023-08-24_A-419,ORBl,True,"[  22.03461973   22.24775257   27.35930733 ... 7179.37727433 7182.4360672
 7182.93806603]"
214,662892_2023-08-24_A-421,ORBl,True,"[  20.52355659   20.60848972   20.81992256 ... 7186.31805815 7186.32265814
 7186.40002463]"
215,662892_2023-08-24_A-422,ORBl,True,"[  20.95735558   21.15302179   24.70268018 ... 7180.40650526 7181.21867004
 7183.92856372]"
216,662892_2023-08-24_A-423,ORBl,True,"[  22.03375307   22.12511952   22.27241918 ... 7186.20239176 7186.24385833
 7186.35129141]"
217,662892_2023-08-24_A-424,ORBl,True,"[  20.27069051   20.36429029   20.43759012 ... 7186.08602536 7186.31435816
 7186.40132463]"
218,662892_2023-08-24_A-425,ORBl,True,"[  21.12962184   21.60948739   22.03141974 ... 7178.10471063 7179.86757319
 7184.92152807]"
219,662892_2023-08-24_A-426,ORBl,True,"[  21.6490873    24.13864816   24.2367146  ... 7185.54052663 7185.94129237
 7186.40452462]"
220,662892_2023-08-24_A-427,ORBl,True,"[  20.88075576   20.9033557    20.91202235 ... 7184.04693011 7184.0525301
 7184.07029673]"
221,662892_2023-08-24_A-428,ORBl,True,"[  21.87365344   22.03981972   22.0487197  ... 7186.14705855 7186.24099167
 7186.30662485]"
222,662892_2023-08-24_A-429,ORBl,True,"[  20.66542292   21.47198771   24.65961362 ... 7184.39292931 7185.0248945
 7185.87942584]"
223,662892_2023-08-24_A-436,ORBl,True,"[  21.93881996   28.36010499   28.39313825 ... 7183.59069784 7183.9235304
 7184.12296327]"
224,662892_2023-08-24_A-437,ORBl,True,"[  20.89615572   21.01515544   21.16722176 ... 7183.88313049 7185.4965934
 7186.37419136]"
225,662892_2023-08-24_A-439,ORBl,True,"[  21.24462158   21.58262079   21.6619206  ... 7186.07765871 7186.16122519
 7186.22909169]"
226,662892_2023-08-24_A-440,ORBl,True,"[  21.20912166   21.27185485   21.30215477 ... 7183.38773165 7183.7539308
 7184.93629471]"
227,662892_2023-08-24_A-442,ORBl,True,"[  20.24275724   20.30679043   20.38469025 ... 7183.96549697 7184.21579639
 7184.68862862]"
228,662892_2023-08-24_A-443,ORBl,True,"[  25.07791264   30.35710034   31.59096413 ... 7183.89826379 7183.94413035
 7184.98362793]"
229,662892_2023-08-24_A-444,ORBl,True,"[  21.16985508   21.20492167   21.26498819 ... 7185.13429425 7185.78722606
 7185.80669268]"
230,662892_2023-08-24_A-445,ORBl,True,"[  20.98712218   20.98868884   21.81012026 ... 7186.33015813 7186.35215807
 7186.40415795]"
231,662892_2023-08-24_A-446,ORBl,True,"[  21.64468731   21.67702057   22.44415211 ... 7181.97823493 7182.12030127
 7183.00726587]"
232,662892_2023-08-24_A-447,ORBl,True,"[  62.59232522   71.8862369    73.09080076  100.80246952  125.69191152
  143.30377047  229.48823631  233.97009253  237.10331856  237.28245148
  237.30848475  237.37805125  237.47561769  237.59868407  254.21351202
  276.92199244  301.24886908  348.60842539  348.61239204  348.61622537
  348.62285869  357.43697148  357.46673808  357.4718714   357.47870472
  357.4837047   357.49510468  357.50560465  357.51180464  364.10342261
  364.15738915  383.0911117   383.24594467  383.28581124  383.30287787
  383.37877769  383.38531101  383.39097767  383.39397766  383.40311097
  409.54278339  412.19344388  416.66920012  417.9213972   420.08489216
  426.55041043  429.29410403  429.30587067  445.53656618  451.88775138
  452.01295109  452.09965089  452.10855087  452.11165086  452.11651752
  452.12078417  452.54278319  454.59337841  464.5957551   465.3107201
  465.32305341  473.41716788  480.33451843  485.47390645  485.64500605
  488.03453382  500.80733738  524.79724815  530.73276765  530.8551007
  538.64868254  552.36511724  565.19962066  565.20582065  565.21465396
  565.22035395  580.87005081  584.59684213  601.76893545  611.50607942
  612.02277822  617.23203275  617.86919793  617.87569791  619.68752703
  621.69062236  623.98025036  624.28274965  624.41258268  624.42358266
  624.60658223  630.01643629  645.45946697  645.49853354  645.5322668
  645.53763345  645.55123342  645.56020007  648.69665943  672.80863657
  688.29810048  692.96682293  695.27325089  697.80974498  700.92680438
  712.13884492  735.16295793  744.31233661  752.02085198  781.56438314
  784.3692766   787.04747036  793.19975602  803.4384655   808.44712049
  833.18269618  833.18726284  837.01008727  839.86664728  842.58814093
  850.58575563  859.95530046  866.19478592  866.23561916  868.2371145
  871.7561063   880.11008683  896.38118225  896.38801556  896.39058222
  896.40104887  897.00161413  926.5548786   926.70037826  949.23745908
  966.81228479  975.65633085  984.98657577  989.49956525 1005.67812755
 1005.70086083 1005.70689415 1005.74606073 1005.74952739 1005.75166071
 1005.75749403 1005.76819401 1005.771794   1022.7514211  1032.05846608
 1032.07989936 1049.74382487 1052.84365098 1053.29378326 1054.65511342
 1079.78495486 1082.33894891 1107.86082277 1185.5195418  1244.80273699
 1270.89490952 1270.90950948 1270.9157428  1274.27126832 1310.11155146
 1329.65497259 1333.22593093 1353.67134996 1361.80909766 1371.97940729
 1372.07807373 1372.21894007 1372.27410661 1372.27903993 1396.279784
 1406.87252598 1407.07645884 1407.09022548 1417.81966714 1444.73303776
 1445.82320188 1445.96106823 1466.01378817 1466.1444212  1512.50237983
 1512.52871311 1513.91520987 1526.39461413 1526.47881393 1526.51191385
 1526.5202805  1526.52574716 1526.53258047 1526.53768046 1526.54458044
 1526.65908018 1536.79652322 1540.28434843 1581.01465351 1590.93289707
 1591.06443009 1591.24992966 1611.19708318 1611.21204981 1611.34571617
 1611.45048259 1611.46118256 1611.46508255 1611.4756492  1611.48344918
 1611.49388249 1611.50981578 1611.52491575 1613.51934443 1613.60974422
 1613.70141068 1613.8757436  1615.41267336 1615.50557314 1615.51880644
 1615.65767278 1624.291086   1624.56971868 1631.77613522 1642.97850912
 1643.12474211 1663.87116043 1714.26650966 1717.75760153 1806.90626045
 1857.59070901 1881.40992017 1886.48290835 1886.63724132 1897.84148188
 1950.10182676 1985.41347781 2005.1448985  2005.15253181 2005.17099844
 2130.98543858 2131.07187172 2131.08703835 2131.60057048 2131.61433712
 2234.73356349 2235.5593949  2265.17979254 2266.15299027 2402.17843996
 2402.33483959 2419.96783184 2420.09369821 2420.10136486 2420.10629818
 2420.33073099 2420.33633098 2420.34539762 2420.35523093 2424.44438807
 2425.05161999 2451.64385802 2457.78704371 2472.52870935 2494.02335926
 2504.37050182 2514.36597853 2534.97046385 2535.72092876 2603.74760357
 2857.3650459  2865.39462719 2879.33376138 2879.42892782 2989.32780506
 3066.49525857 3105.40553456 3182.86498739 3182.8765207  3222.78329437
 3257.92744581 3274.77607321 3287.89300931 3287.98574243 3288.22834186
 3309.89259138 3310.97825552 3317.1639411  3357.26394766 3618.83077146
 3623.08782821 3623.16706136 3623.25276116 3660.4546078  3678.5492323
 3678.76526513 3700.02808225 3731.07914322 3731.30297603 3736.36729757
 3749.47736702 3749.79103295 3875.62873971 3875.69580622 3985.40301724
 3985.57248351 3998.65468636 3998.90248578 4040.6347552  4082.70892382
 4082.87972342 4082.8879234  4083.04305638 4090.4831057  4131.2392774
 4140.17735657 4154.85252237 4155.07258853 4215.76881375 4232.3855417
 4294.9798625  4368.25152509 4399.68031852 4410.33382702 4410.39356022
 4410.41779349 4410.42979347 4450.38683369 4510.24186087 4510.59162673
 4510.69235983 4521.65000096 4530.17224776 4530.29961413 4530.69664654
 4530.90414606 4535.34503571 4545.1351129  4545.14467954 4545.15184619
 4545.16451283 4545.61514511 4569.49595613 4569.55242266 4569.55775598
 4569.56465597 4569.57122262 4569.96175504 4570.09038808 4570.09758806
 4570.10288805 4582.52259244 4582.91619152 4583.01282463 4583.14062433
 4583.14702432 4583.15359097 4583.16092429 4583.88395593 4589.41794304
 4595.01589666 4621.64060128 4621.8458008  4621.94626724 4621.95256722
 4621.95746721 4621.96260053 4621.96780052 4621.98096716 4621.98856714
 4625.65859192 4626.27892381 4639.74132577 4640.14719149 4640.3731243
 4640.4876907  4646.85580919 4673.73031323 4677.17293854 4679.98726532
 4693.77263319 4695.45446261 4695.82989507 4704.0391426  4704.07710918
 4704.15844232 4704.17950894 4725.18822665 4735.15433676 4747.40297489
 4747.41740819 4747.42214151 4768.21622638 4783.2291914  4815.42801637
 4829.98911577 4839.48682697 4839.65605991 4852.65689628 4856.91891968
 4864.95306763 4866.41539755 4882.14859422 4882.33789378 4882.58172655
 4884.52785534 4913.86448698 4934.24503949 4934.30737268 4967.34946234
 4973.83671389 4975.44771014 4975.54650991 4975.55417656 4980.97146393
 5043.97001713 5043.99171708 5044.12985009 5044.29208305 5044.31888298
 5044.46571597 5044.50748254 5044.51748252 5044.52184918 5044.53218249
 5044.54058247 5044.54554912 5044.55881576 5049.51933753 5099.83808694
 5158.29265072 5158.54548347 5216.81911434 5218.95060937 5227.54465601
 5263.2104729  5263.33120595 5316.07481638 5318.61594379 5318.7247102
 5393.17450338 5408.10926858 5422.23813565 5514.60988707 5531.61101411
 5557.80701974 5557.81891971 5641.05932573 5641.13655889 5641.22269202
 5641.23875865 5689.64187919 5711.18099566 5711.96832716 5912.62982623
 5912.63955954 5913.15265834 5913.33505792 5913.34309123 5913.34782455
 5913.35525787 5913.36029119 5913.3688245  5913.37809115 5913.38779113
 5913.39475778 5928.12479012 5949.8179729  5959.45788377 5960.33548172
 5960.75658074 5960.90884706 5963.55410756 5963.76784039 5963.77890703
 5963.84434021 5991.49697578 5991.60447553 5996.7352969  6017.96198077
 6018.62434589 6053.29256511 6053.40626484 6053.4254648  6053.47996467
 6053.52346457 6053.53689787 6053.54329786 6066.45196778 6066.46283442
 6079.7604701  6088.36405005 6088.37858335 6089.15751486 6089.22768137
 6118.19288054 6122.05157155 6133.70564439 6133.87864398 6166.2274686
 6166.51103461 6251.14480405 6254.62082929 6294.16787046 6294.25740359
 6294.26907023 6294.27383688 6312.77669377 6411.12786458 6422.22280539
 6437.2242371  6463.35030955 6463.65030885 6463.66034216 6464.22204085
 6464.23154083 6464.23930748 6471.45725733 6476.40431246 6513.793992
 6527.11826095 6545.81855071 6554.36703079 6554.54279705 6566.26356973
 6568.28569835 6573.02598731 6573.34008658 6598.23802856 6671.77749052
 6680.32060395 6680.51480349 6751.81317068 6756.98865862 6757.00049192
 6757.17949151 6795.0337033  6795.12670308 6795.25296945 6799.87559201
 6799.88305866 6805.89001133 6805.98241112 6811.45249837 6818.58661508
 6818.59531506 6818.60018171 6818.75148136 6818.77011465 6818.8057479
 6818.81514788 6818.82878118 6818.83961449 6818.84454781 6818.85368112
 6818.86224777 6818.86921442 6818.87618107 6824.08646893 6824.09313558
 6828.52195859 6828.65495828 6828.776858   6896.61239992 6896.75639959
 6896.76506623 6896.77336621 6896.77933287 6896.79046617 6896.79909949
 6896.80586614 6896.81309945 6896.82406609 6906.20254424 6931.44045209
 6937.49037133 6940.63299734 6940.72529712 6949.11174425 6958.89112146
 6959.02642114 6970.58649421 6970.67889399 6970.91959343 6971.05055979
 6971.21155942 7072.65858968 7072.82645596]"
233,662892_2023-08-24_A-448,ORBl,True,"[  20.99792215   21.02495542   21.04452204 ... 7185.78725939 7185.80672601
 7185.85559256]"
234,662892_2023-08-24_A-450,ORBl,True,"[  27.29507414   27.32044075   27.33054073 ... 7181.85236856 7181.89660179
 7182.18436779]"
235,662892_2023-08-24_A-451,ORBl,True,"[  20.77488934   21.15208846   21.26795485 ... 7186.14725855 7186.17879181
 7186.29132488]"
236,662892_2023-08-24_A-452,ORBl,True,"[  20.98338885   21.58465412   25.39221191 ... 7185.18609412 7185.25839396
 7185.55902659]"
237,662892_2023-08-24_A-454,ORBl,True,"[  22.9347843    26.50500932   30.73909945   49.68672196   54.49981075
   54.78264342   55.22880905   58.02160254   58.84730062   60.63646311
   67.69824666   74.21316481   79.2658197    83.09157745   86.43056967
   90.40089375   91.81629046  114.27480479  114.34437129  118.21446227
  121.29548843  121.98278683  135.82838789  143.0912043   144.07520201
  148.2716589   150.46548712  158.98930059  159.03010049  178.98785399
  188.15519929  188.21643248  188.32949888  191.38085844  200.02920495
  200.5667037   201.97040043  207.62015393  226.29764374  234.76062402
  241.21664231  246.19296405  250.10565493  254.25244526  260.69193026
  260.9725296   266.00665121  269.77940908  272.61136915  280.58361724
  287.69940066  298.62494186  301.11546939  313.96980611  319.86085904
  329.69443613  332.86276208  339.47028001  343.26300451  359.0141678
  363.83082325  363.92962302  374.36103204  384.51440838  384.52587502
  389.47649682  395.34584981  397.84814398  401.29396928  422.2406538
  423.24615146  427.52267483  435.38892316  435.98418844  449.0027581
  455.16734374  461.01086346  465.77988568  470.75430742  474.83619791
  476.60452712  478.76692208  494.68488499  498.39030968  502.28026729
  522.47828688  526.82764342  528.47183958  537.1192861   539.25078113
  556.03317536  569.9497096   572.21093766  575.53199659  596.72741386
  602.23093437  614.03520686  618.41402999  624.59268226  625.01224795
  630.16663594  637.55438539  641.93180852  663.39802517  680.44021879
  685.45597377  688.62943304  691.80372564  698.78150938  701.07247071
  708.78221941  719.70659395  720.3721924   726.39467837  728.5401067
  731.30953358  734.46789289  735.51575711  752.0859185   765.05718827
  766.1608857   772.51830422  786.345372    786.49550498  787.55436918
  796.83084756  800.72430516  811.32821378  811.45581348  811.97134561
  813.87950783  814.13620724  816.72863453  819.20862875  821.12825761
  823.14638624  834.27652697  862.4725946   865.56072073  875.72179706
  876.70089477  882.5409145   883.2396462   886.9188043   888.96716619
  892.65745759  906.63035836  917.66209932  922.31475515  931.4625005
  938.66931704  938.78075011  958.10033842  960.55469937  963.87215831
  992.08949255 1042.88607418 1049.89785784 1058.46040455 1065.40118838
 1067.84581602 1077.58275999 1089.49496557 1090.95432883 1104.19656464
 1117.50006697 1145.50736837 1145.55850159 1170.56184332 1171.09740874
 1216.19173699 1224.6859172  1234.13002852 1236.52302295 1236.64242267
 1236.76675571 1253.50908337 1256.64790938 1270.91967613 1272.90413817
 1284.43357797 1297.0918818  1300.83040643 1300.9396395  1311.4138151
 1317.43100108 1326.76211266 1343.79420631 1395.44151929 1395.55891901
 1430.26303814 1468.97841459 1505.65126247 1530.97797011 1561.35803265
 1581.72301853 1589.15266788 1589.23816768 1594.28155593 1617.23543577
 1626.66071381 1643.99414009 1658.89773869 1758.88147236 1766.13988878
 1779.74319042 1782.47848404 1787.51613897 1790.42886552 1795.65845333
 1811.39708332 1819.4170313  1823.67305471 1857.46200931 1880.06252331
 1908.65099002 1909.06485573 1919.389365   1931.86780259 1938.50615378
 1968.44191736 1974.87263571 1986.3173757  1991.09873123 1992.340095
 2006.75689474 2017.04523743 2042.79601076 2084.02558135 2088.02923868
 2119.73236481 2131.05177176 2197.40125048 2208.30739173 2230.1359742
 2253.07138742 2255.4243486  2292.36969584 2317.43727076 2342.05061341
 2373.78113946 2380.60809022 2394.65799082 2397.52638413 2400.25847776
 2402.53647246 2403.72893634 2413.1180478  2420.48536396 2454.04548576
 2466.06325775 2466.1871908  2514.19964558 2535.31502971 2542.62151268
 2545.70893882 2549.06816433 2561.65810166 2580.3189915  2586.1720112
 2602.10917406 2602.4042067  2618.41826939 2619.85769937 2627.1255491
 2630.89164032 2631.97070447 2632.48533661 2635.15933038 2654.17208607
 2659.77057302 2676.95173299 2732.66236983 2738.90098863 2747.65100157
 2762.66743324 2765.0340944  2781.35542303 2800.47847847 2812.3065509
 2812.72544993 2819.42300099 2823.12665902 2828.62484621 2890.08800298
 2898.57664987 2900.35234573 2905.25120098 2944.23137681 2949.16626531
 2952.46779095 2970.20824961 2997.60101911 3024.27275696 3030.81437505
 3046.19717254 3050.56596235 3066.75839129 3126.04921979 3138.20022481
 3138.8032234  3153.78005517 3162.96520043 3167.03279095 3169.32911893
 3175.81223716 3185.04644897 3202.71900779 3219.39446893 3219.97106759
 3235.97459696 3258.95074342 3267.283624   3271.01671531 3274.98180607
 3292.99239743 3295.8663574  3323.74339244 3332.5998718  3347.53390366
 3352.57542525 3366.86735861 3380.52569345 3395.70125809 3410.04439133
 3413.05195099 3413.40511683 3431.53757458 3462.19090315 3474.02367557
 3505.64716855 3514.23078188 3526.27625381 3568.85942124 3578.49203213
 3580.93019311 3581.54639168 3600.54541407 3657.47508141 3657.85091387
 3677.20200211 3679.42503026 3697.16642225 3735.22506689 3765.18409708
 3766.53772726 3784.66075169 3798.56405263 3800.22391543 3801.13754663
 3825.96692211 3827.98418407 3880.16182915 3881.32685977 3881.49142605
 3882.66312332 3889.39590763 3899.59031721 3906.26200166 3922.12066471
 3922.86166298 3938.55522641 3942.75471662 3978.34936701 3979.53326425
 3981.9736919  3983.361522   4013.69475131 4067.5134259  4084.80155228
 4102.04941208 4102.79177702 4136.90599753 4145.94510979 4154.21689052
 4168.04035831 4171.46528366 4173.44627904 4220.33120312 4220.65656903
 4234.28443727 4254.10145776 4257.18338391 4262.2082722  4262.2219055
 4319.71463819 4373.83127875 4384.09302151 4384.98155277 4399.1298198
 4411.49052433 4423.79216233 4425.85095753 4474.09697844 4557.47528414
 4593.59273331 4601.3775485  4615.63061529 4622.05276699 4623.74319638
 4627.84355349 4627.90995334 4659.87934551 4665.1195333  4687.72388062
 4699.40955339 4734.4379051  4746.52307694 4759.8567792  4773.88547984
 4777.7790041  4821.47580227 4839.40946048 4841.36388926 4922.83203275
 4924.16446298 4951.59206573 4978.20663704 4990.15734253 4996.49062777
 5011.12696033 5049.4041378  5049.98516978 5067.77266166 5068.83202586
 5073.33128204 5077.77153836 5095.56036358 5099.91085344 5106.75920415
 5123.52196508 5142.8843533  5168.6874265  5170.6053887  5178.7844363
 5179.55866783 5181.18369738 5181.72146279 5198.74748979 5270.58955571
 5274.78437926 5292.05867234 5328.9247531  5343.05492017 5343.65621877
 5366.23163283 5369.35709221 5369.52395849 5369.79649119 5370.43055638
 5392.31853871 5400.80788559 5416.21471636 5440.1254273  5443.64575243
 5452.12633267 5465.92466718 5491.89300667 5494.86799974 5521.34057138
 5523.41759987 5527.78252304 5527.82505627 5544.53335067 5545.25461565
 5552.20936611 5555.99772395 5565.56523499 5572.02158661 5625.8398612
 5657.53982066 5665.61166852 5676.97557537 5684.67792409 5745.81488162
 5754.44489484 5756.5513566  5766.27303395 5775.2771463  5777.87257358
 5779.66126942 5811.05096294 5816.69088313 5822.0078374  5826.80502622
 5853.35506435 5892.36914011 5894.33846885 5904.28791233 5913.27285806
 5929.7216864  5930.84691711 5945.33135002 5947.44711176 5957.17372243
 5958.4886527  5959.08165131 5959.58201681 5971.77902172 5971.93562136
 5994.08050309 6018.9370785  6059.58235045 6080.57600153 6087.55148527
 6099.67509036 6101.47135284 6101.48271948 6102.11568467 6112.28366097
 6112.40989401 6128.96685543 6141.80425885 6152.85509976 6165.05253801
 6183.78652768 6183.99762719 6190.35674571 6220.71090831 6239.93129685
 6240.69786173 6246.58518134 6280.29613612 6281.10346757 6284.43175982
 6301.18782077 6309.59380118 6310.40366596 6315.80588671 6321.7875061
 6329.95805373 6349.61904125 6362.27687842 6428.40699098 6438.56093398
 6466.88966797 6499.15622611 6505.98921019 6512.81226096 6513.86999182
 6518.73034717 6555.39552839 6628.75179078 6635.97910727 6635.98837392
 6673.36855348 6699.5077259  6711.95529689 6734.65597733 6741.1322289
 6746.11898395 6754.07636541 6763.3329105  6793.77903955 6794.95950347
 6820.07171162 6865.20490644 6883.28003099 6902.38355314 6917.25988514
 6932.24238356 6941.36039564 6962.69534593 6988.02445357 7007.65960781
 7045.85295215 7060.90698373 7086.21645809 7094.49237214 7097.99133065
 7113.95309345 7117.88915095 7169.35009769]"
238,662892_2023-08-24_A-456,ORBl,True,"[  22.52715192   22.74738474   22.87588444 ... 7185.78562606 7185.87092586
 7186.04879211]"
239,662892_2023-08-24_A-457,ORBl,True,"[  21.41798784   21.74648707   21.79962028 ... 7181.8930018  7182.29340087
 7182.81936631]"
240,662892_2023-08-24_A-459,ORBl,True,"[  22.64368498   23.55864952   23.67778257 ... 7186.24155833 7186.27675825
 7186.37225803]"
241,662892_2023-08-24_A-460,ORBl,True,"[  21.27112151   22.23778593   22.24381925 ... 7185.96635897 7186.05715876
 7186.25142498]"
242,662892_2023-08-24_A-461,ORBl,True,"[  39.11147994   42.46337213   42.53377197 ... 7046.4314508  7116.53272077
 7172.34715738]"
243,662892_2023-08-24_A-464,ORBl,True,"[  20.22195729   20.36655695   20.93475563 ... 7174.79271834 7175.27975054
 7183.38039833]"
244,662892_2023-08-24_A-465,ORBl,True,"[  21.37205461   21.39705455   21.4610544  ... 7185.37349369 7185.53682664
 7186.28925822]"
245,662892_2023-08-24_A-466,ORBl,True,"[  27.356274     27.47454039   27.74100644 ... 7181.06997038 7184.55122894
 7185.05669443]"
246,662892_2023-08-24_A-469,ORBl,True,"[  20.31039042   20.75468938   20.84798917 ... 7186.32322481 7186.35815806
 7186.3978913 ]"
247,662892_2023-08-24_A-470,ORBl,True,"[  20.88955574   20.9499556    21.76328703 ... 7186.1426919  7186.24405833
 7186.35562473]"
248,662892_2023-08-24_A-473,ORBl,True,"[  33.38659328   33.60965943   33.63309271 ... 7183.18623212 7183.74696415
 7183.810464  ]"
249,662892_2023-08-24_A-476,ORBl,True,"[  21.93951996   21.9648199    21.97388654 ... 7186.10912531 7186.12209194
 7186.13009193]"
250,662892_2023-08-24_A-477,ORBl,True,"[  27.70293986   27.73687311   27.80853961 ... 7186.08192537 7186.15449187
 7186.30042486]"
251,662892_2023-08-24_A-479,ORBl,True,"[  20.98142219   21.98598651   22.00108648 ... 7185.58455986 7185.60115982
 7185.65432637]"
252,662892_2023-08-24_A-481,ORBl,True,"[  22.98591752   24.83044655   40.41464357 ... 7185.60962647 7186.13295859
 7186.26762494]"
253,662892_2023-08-24_A-482,ORBl,True,"[  26.91524169   28.70680419   29.35180268 ... 7175.56504988 7175.59628314
 7180.91137075]"
254,662892_2023-08-24_A-485,ORBl,True,"[  26.96347492   28.31837176   39.84551156   59.59326554   62.92875777
   67.3100809    70.94577242   75.56136167   77.28069099   97.0760782
   99.96190481  101.54276779  107.35958757  119.74862536  133.61742638
  134.13395851  140.46314376  140.9477093   144.28553485  153.43124687
  153.43394687  153.4770801   154.11221195  156.59507284  158.88420083
  158.94473403  172.19773648  175.52452872  178.43722194  180.4690172
  182.49804581  184.13030867  206.99942204  210.38298083  210.45154733
  212.83427511  217.93249657  218.80132788  225.57204543  237.79081696
  243.921736    244.91993368  254.38951161  255.01927681  256.27794054
  264.93355371  267.71808055  269.68834263  272.34370311  272.39646965
  279.93191876  285.24847303  287.59920089  337.4596847   343.48447066
  379.2141874   381.80891469  388.0682001   392.35142345  398.37170942
  413.67050711  414.92127086  415.04713723  420.26175841  426.30944432
  426.4626773   427.42687505  428.22263986  432.34113026  433.28856139
  442.04610765  447.97449383  449.49442363  449.62668998  453.58548076
  456.80287326  466.92291635  472.96063561  473.37593464  484.28700922
  486.72160354  502.64013311  510.05928249  512.27357733  515.2338371
  522.08602113  522.23578745  529.07800484  557.43323876  575.0523977
  585.39454027  591.13779355  592.98188926  593.98725358  600.00040624
  600.21473907  603.69906428  612.17997785  617.1796662   617.48319883
  620.32865886  622.31775423  622.32392088  629.85357     651.07408722
  652.75318331  660.7804646   661.2377302   661.50132959  664.00289042
  670.53840853  670.91740764  671.40490651  672.01927174  672.40297085
  673.9406006   677.86119146  679.75972037  679.81322025  679.96645322
  681.36804996  681.39591656  681.47448304  686.20540535  689.17086511
  691.67119262  695.35868402  699.72187385  700.93347103  702.87713317
  719.828327    719.87589356  726.93741043  734.57832596  736.46672156
  736.74355425  738.10231775  738.42418367  738.99354901  739.9258135
  740.21657949  750.61712192  753.14624936  753.95884747  756.57390804
  756.86970735  767.04338364  794.17445375  794.60418608  797.45091278
  810.32254946  822.92885341  823.82428466  824.74358252  824.91781544
  825.97711298  827.30770987  851.12072105  867.73791566  867.79411553
  874.75123265  875.05323195  876.02852967  881.00361808  905.85066018
  928.58287387  935.33595814  945.52933438  954.81724607  966.03985325
  980.56135275  986.02917334  993.64332226  993.68248884 1007.06669098
 1007.63238966 1011.30051445 1011.67958023 1014.46827374 1014.75010641
 1015.08930562 1022.91458739 1031.60053381 1036.93435472 1037.18045414
 1037.21588739 1037.242754   1038.62011745 1040.59634618 1040.88234552
 1042.17557584 1042.38330868 1043.65910571 1048.0116289  1051.74675353
 1052.50688509 1053.38818304 1059.68836836 1062.21902913 1063.48722617
 1064.08492478 1066.01125362 1066.72101864 1070.79420915 1080.33388692
 1081.04561859 1082.16574931 1083.6570125  1089.71933171 1089.88233133
 1096.31351634 1104.12323148 1111.37121459 1113.64787595 1127.55934353
 1127.86027616 1128.0157758  1129.64340534 1132.50386534 1146.72786553
 1151.08308872 1162.14269628 1167.94511609 1183.66964611 1198.69257777
 1210.98498246 1220.25459419 1221.95959022 1228.03097607 1228.37684193
 1236.40348989 1236.70935585 1236.94742196 1247.63993038 1250.62505675
 1250.806523   1254.43104788 1255.54847861 1255.90854444 1256.08154404
 1261.00659923 1270.83280966 1271.17124221 1271.62254116 1279.68885569
 1282.43171597 1282.57194897 1284.0045123  1284.17667857 1293.16632429
 1294.98888671 1308.12518943 1314.47137464 1325.69094849 1332.1392668
 1332.60093239 1332.85136514 1338.17248607 1340.4624474  1353.50495035
 1353.6237834  1361.07626604 1372.20797343 1383.48858047 1383.94521274
 1384.57481128 1390.52613074 1402.4743029  1410.31588463 1414.73927432
 1421.86029106 1438.84875147 1439.72704942 1453.25755123 1455.69594554
 1488.69783531 1495.58091927 1505.3366632  1505.69312903 1515.2798067
 1522.87945565 1522.91308891 1523.15192168 1523.33835458 1526.28104773
 1528.50267588 1534.07749622 1534.71599474 1539.4084838  1541.32261267
 1547.17603237 1547.53323153 1558.54087255 1573.81210363 1574.69123492
 1576.22506467 1579.94362268 1581.90695143 1585.54557629 1588.88186851
 1589.20066777 1590.64096441 1590.95733034 1591.31216285 1597.57728158
 1603.11066869 1610.28278531 1614.12777635 1614.30700927 1614.31054259
 1616.94850311 1627.22597916 1631.25036978 1636.45442432 1677.04072974
 1681.99191821 1688.20003707 1688.38946996 1696.383018   1709.18102151
 1711.38948303 1711.85778194 1711.99914828 1712.5610803  1712.60454687
 1712.64488011 1713.07741243 1715.19024084 1724.77168518 1724.86148497
 1725.29998395 1731.22137015 1731.30123663 1734.29092967 1737.57335535
 1738.97635208 1745.64160322 1753.20945225 1755.58408005 1769.74074706
 1774.45593607 1774.52130259 1774.61843569 1788.28117052 1797.81248164
 1828.17857755 1837.40512271 1840.07431649 1840.09194979 1840.40548239
 1852.03412196 1866.22495556 1868.59588336 1880.64755528 1882.43325112
 1883.47668202 1884.83794551 1884.85604547 1887.44813943 1897.7173155
 1902.72913716 1908.68245662 1914.524343   1918.76519979 1924.00188758
 1982.8571171  1990.11783351 1996.4483521  2006.99409419 2088.26357147
 2133.4257329  2155.97551368 2163.34556318 2173.8501387  2206.09299689
 2221.25666156 2223.46968974 2261.75663385 2265.25889235 2303.37260354
 2319.17780004 2325.81758457 2340.29228417 2345.96357095 2346.25033695
 2346.96290196 2347.04586843 2348.86889752 2349.26362993 2360.43917056
 2361.16203554 2362.52429903 2373.63030648 2376.4256333  2376.99606531
 2379.10212707 2380.82362305 2382.87081828 2388.73737128 2388.82743774
 2409.29512337 2416.8082392  2416.99543876 2417.64477058 2456.05954773
 2459.90910543 2464.10862897 2475.20526978 2484.86224728 2494.23465877
 2502.21840683 2511.96938411 2513.29781435 2541.78551463 2542.46111306
 2561.56510187 2562.36430001 2568.25308629 2578.17342984 2581.57452191
 2584.57994824 2585.10714701 2585.8698119  2619.54346677 2622.98555874
 2632.80566919 2643.2881781  2643.73931038 2644.02237639 2644.10767619
 2644.17860936 2646.93700293 2650.06012899 2661.92196801 2669.60881676
 2670.5392146  2671.05871339 2671.11651325 2674.69283825 2675.61303611
 2683.09338534 2689.12780461 2701.49344246 2717.95237078 2721.31086295
 2728.05018058 2730.84257407 2733.95213349 2740.77918425 2742.99447909
 2747.77666794 2748.30823337 2778.83426224 2779.34232772 2817.60570522
 2840.0438196  2845.17410765 2858.38057687 2879.28356149 2921.49599646
 2924.37972307 2928.0032813  2933.24623574 2935.00529831 2936.24979541
 2937.19599321 2951.43552669 2963.19116596 2963.46296533 2986.21231232
 2993.81312794 2993.84902786 2996.93032067 3018.14247124 3026.42491861
 3026.54668499 3043.04664654 3057.74711229 3075.84800344 3103.96550458
 3104.01137114 3110.16282348 3110.24728995 3110.29498983 3110.55818922
 3131.06197477 3137.67832602 3151.76115987 3152.63205784 3162.73596763
 3164.74539628 3170.11175044 3172.70407774 3174.22634086 3176.44650235
 3182.2167889  3184.05008463 3187.7677093  3189.54740515 3199.84898115
 3204.11303788 3205.37123495 3206.83796486 3215.12331222 3215.16317879
 3218.35957135 3231.7371735  3238.92385676 3240.538553   3247.62210315
 3258.80091044 3258.80774376 3260.72273929 3295.21852557 3301.91457664
 3331.67400729 3331.86284018 3332.49767204 3363.61976618 3364.10656504
 3366.01066061 3367.12345801 3367.47002387 3368.37498843 3376.98443504
 3390.12193775 3391.1018688  3396.48795625 3402.90310797 3403.12240746
 3404.58883738 3404.73787036 3430.13697784 3436.15469715 3438.43085851
 3459.70850893 3459.84734194 3480.03322823 3496.10142412 3511.91718727
 3517.06084195 3533.97723586 3534.11756887 3571.33478214 3578.36636576
 3582.10519038 3596.11812439 3616.40584378 3617.05970892 3625.07659024
 3637.32479503 3637.32772836 3639.39422354 3640.21815496 3650.18983172
 3656.66341663 3659.82927592 3661.02610647 3666.20472773 3669.17062082
 3670.38701799 3676.20283777 3679.75852948 3680.94046006 3684.68358467
 3701.4053457  3702.34651018 3711.81222145 3712.81558578 3713.66835046
 3716.71101004 3717.95507381 3721.63156524 3721.70119841 3755.41625318
 3755.5481862  3758.79254531 3765.75486242 3771.09588331 3775.27317357
 3780.23449534 3780.53606131 3780.9807936  3781.43315922 3789.94833937
 3797.5746216  3799.78558312 3804.38077241 3805.82603571 3813.82181707
 3815.07591415 3822.5918633  3822.61316325 3823.61809425 3830.24027881
 3830.61161128 3837.74679466 3855.32288703 3855.69188617 3856.50635094
 3872.55018022 3884.13921988 3896.3188915  3898.08418738 3901.21034677
 3901.25341333 3902.01804488 3902.45861052 3918.80457243 3921.64083249
 3936.23609848 3937.06072989 3944.06024691 3950.68103148 3951.44456304
 3953.49455826 3968.08299093 3973.51024495 3975.06527466 3975.48617368
 4001.37561335 4002.57947721 4004.19840677 4008.19536413 4024.59789257
 4046.30357532 4069.12552214 4094.0182308  4107.2197667  4170.67771883
 4188.48487733 4222.58983119 4233.91587146 4242.84021733 4261.94290615
 4295.74642738 4348.49220447 4349.99340097 4353.12609367 4353.30335992
 4368.05059222 4372.28244903 4377.41933706 4377.57773669 4379.99063107
 4385.77771758 4388.79201056 4390.43390673 4393.0639006  4398.17612202
 4399.26441949 4400.26385049 4400.84728246 4401.31968136 4425.73089114
 4426.62895572 4438.76842743 4443.38091668 4444.90007981 4451.39349801
 4454.02335855 4455.62852147 4467.15816127 4471.09971875 4476.74180561
 4479.29769965 4498.6742545  4512.78592161 4513.48531998 4547.094075
 4549.98716826 4551.54569796 4559.65817905 4564.64026744 4567.9058265
 4577.24243808 4601.06358257 4601.2207822  4607.14413506 4609.95026186
 4625.42395913 4626.6811562  4635.59633543 4636.64483299 4637.35716466
 4641.29225549 4642.74818543 4642.92205169 4643.13708452 4650.29116785
 4659.09054735 4663.02950483 4669.64625608 4673.19318115 4681.11692935
 4684.08065578 4690.84217336 4691.9090042  4692.18830355 4692.46553624
 4692.48220287 4692.58476929 4694.68369774 4698.5047555  4702.73337898
 4705.55680573 4708.90656459 4709.98312875 4710.6048273  4715.74881532
 4720.26730479 4726.66338988 4736.14883444 4739.0732943  4741.98515418
 4749.65303631 4755.7485221  4759.0393811  4769.095991   4785.41525297
 4815.97691509 4816.06878154 4830.05804894 4841.11482318 4842.77295265
 4849.83466952 4853.13212851 4863.09957194 4863.41250455 4869.97352259
 4877.0068062  4883.6438574  4894.42869894 4897.07339278 4898.76652216
 4908.39666639 4908.88846524 4910.11666238 4912.02822459 4915.23435046
 4919.62330689 4924.91012791 4939.16726135 4943.13948543 4968.92305868
 4992.74850316 5002.68151334 5002.72711324 5004.11157668 5018.63857616
 5021.75703556 5047.83387479 5072.45531742 5072.98411618 5073.32158206
 5075.4534771  5107.83163498 5135.11200474 5146.55604474 5156.01535603
 5156.23842218 5156.39775514 5156.73545435 5180.08306661 5208.33556744
 5211.22596071 5212.82965697 5219.59680787 5223.49686545 5245.41438104
 5286.44391876 5297.7271258  5319.17337582 5325.48559445 5327.56802293
 5336.70843496 5337.46899986 5341.65442344 5357.54631974 5357.70408604
 5363.15324    5371.27625441 5394.09613456 5394.25070087 5396.52052892
 5396.66489525 5404.82744289 5430.35261674 5434.04630814 5463.54150607
 5463.66270579 5466.62383222 5468.78669385 5469.52865878 5472.02351964
 5479.4933689  5506.32197304 5510.76719602 5511.09469526 5521.93923665
 5562.7443749  5565.40603536 5565.73536793 5569.97645804 5596.05619727
 5598.05882594 5598.31162535 5606.64693926 5610.87232941 5615.1115862
 5616.38884989 5617.05108168 5617.27751449 5619.68760887 5619.86510846
 5626.59472611 5634.57020752 5640.26716091 5642.32805611 5654.23876169
 5666.39593336 5667.38969771 5675.52637875 5675.59954524 5688.52628179
 5695.04673326 5711.72072774 5713.59772336 5714.28732176 5714.54628782
 5737.87920011 5747.14984518 5755.16129318 5755.4526925  5755.51992567
 5765.40016932 5768.86216125 5782.72532894 5783.58566027 5786.58735328
 5790.5380774  5791.26034239 5791.28127567 5793.33530422 5819.02004437
 5819.91414228 5821.42393876 5830.93731659 5831.27724914 5832.3958132
 5843.20298801 5848.57597549 5849.99727218 5856.50575701 5864.96737063
 5872.67401934 5891.08740976 5899.29875729 5901.92575117 5908.41586938
 5910.24706511 5917.53504813 5919.90144262 5920.80507384 5936.41670413
 5936.94106957 5937.72576775 5961.58851214 6024.93603119 6027.0312263
 6035.23170719 6035.47867329 6036.41713777 6039.15536472 6043.93748691
 6044.69025182 6056.27759148 6063.88914041 6064.04730671 6082.48283042
 6085.61855644 6100.41702196 6106.58744091 6112.81639307 6124.38489944
 6124.46383259 6127.58135866 6134.74907529 6189.56128089 6195.5933335
 6199.54535763 6202.90688313 6210.0302332  6210.09669971 6210.27683262
 6211.0417975  6212.02882854 6214.74095555 6221.48377317 6223.86330096
 6226.84519401 6256.28745874 6260.61454865 6264.63660595 6307.09864033
 6328.43169062 6364.57143973 6367.54229948 6369.73302771 6382.08953225
 6386.54115521 6391.61361005 6393.97380455 6448.43691097 6457.5912563
 6457.93415551 6476.09727985 6501.52538726 6513.50005935 6533.09944701
 6533.45577952 6548.70687731 6569.38496246 6582.64366489 6599.2790928
 6599.82159153 6616.30065313 6619.02578011 6619.17024644 6619.4468458
 6619.56901218 6641.21092842 6644.95655302 6655.76716116 6662.82374472
 6677.51837714 6687.69108677 6706.35197662 6719.35787964 6739.88546514
 6751.61017115 6753.78373275 6781.94893379 6800.15782469 6805.97797779
 6819.78977894 6823.40293719 6828.80065794 6831.49761832 6835.8440082
 6838.64293501 6841.91306072 6852.98676825 6853.03576813 6861.00821622
 6866.84030263 6869.73076256 6873.5783536  6875.57164895 6878.84960798
 6916.49238693 6924.9561672  6926.90889599 6949.4906767  6954.21913235
 6956.77015974 6978.94527473 6984.9501274  6985.01429392 6986.80718974
 6995.02070393 7004.59914828 7020.20261192 7051.01804011 7057.9753239
 7058.75658874 7065.60860611 7080.68833764 7097.984164   7115.64725617
 7150.70467448]"
255,662892_2023-08-24_A-487,ORBl,True,"[ 282.67071237  287.80646707  296.70347967 ... 7185.58085987 7185.69819293
 7185.88345917]"
256,662892_2023-08-24_A-489,AId,True,"[  20.30935709   20.32839038   20.34005702 ... 7183.45039817 7183.45529816
 7183.60583114]"
257,662892_2023-08-24_A-491,AId,True,"[  21.03635539   21.05915534   21.09718859 ... 7183.28616522 7183.30069852
 7184.8371616 ]"
258,662892_2023-08-24_A-492,AId,True,"[  22.10175291   22.2623192    22.27911916 ... 7183.6244311  7183.83416394
 7185.10409432]"
259,662892_2023-08-24_A-495,AId,True,"[  21.02988874   21.061722     21.39638789 ... 7179.86840652 7182.66396667
 7182.7490998 ]"
260,662892_2023-08-24_A-496,AId,True,"[  20.37629027   20.37932359   20.56928982 ... 7184.09483    7184.17492981
 7184.18349646]"
261,662892_2023-08-24_A-499,AId,True,"[  20.67998956   20.70898949   20.72385612 ... 7181.95380166 7181.96140164
 7185.33319378]"
262,662892_2023-08-24_A-502,AId,True,"[  21.7920203    25.14384582   28.86163716 ... 7182.94879934 7185.33089379
 7186.34405809]"
263,662892_2023-08-24_A-508,MOs,True,"[  21.61318738   21.66558726   28.43140483 ... 7182.02086817 7182.07380138
 7182.61606678]"
264,662892_2023-08-24_A-514,MOs,True,"[  21.40315454   23.60568274   24.91697968 ... 7185.7816594  7186.05115878
 7186.18375847]"
265,662892_2023-08-24_A-518,MOs,True,"[  26.3109431    27.56847351   27.66550661 ... 7173.38635496 7178.39574328
 7185.6552597 ]"
266,662892_2023-08-24_A-521,MOs,True,"[  22.03665306   23.06931732   23.29621679 ... 7183.03916579 7183.50296471
 7183.7815974 ]"
267,662892_2023-08-24_A-524,MOs,True,"[  21.94961993   21.95271993   21.95648658 ... 7184.16172985 7184.16606317
 7184.17046316]"
268,662892_2023-08-24_A-527,MOs,True,"[  31.04719873   40.76760941   55.13180927 ... 7140.54743148 7168.74683243
 7174.97198459]"
269,662892_2023-08-24_A-529,MOs,True,"[  20.91502234   21.35312132   21.98315319 ... 7184.51052903 7184.72162854
 7186.35195807]"
270,662892_2023-08-24_A-530,MOs,True,"[  21.77922033   39.15751317   39.36231269 ... 7161.69484887 7167.00536982
 7168.29680015]"
271,662892_2023-08-24_A-531,MOs,True,"[  20.65955627   20.70852282   20.75185606 ... 7185.83485928 7186.12175861
 7186.34939141]"
272,662892_2023-08-24_A-535,MOs,True,"[  25.81361093   26.66080895   26.66487561 ... 7182.64350005 7182.65080003
 7185.70192626]"
273,662892_2023-08-24_A-539,MOs,True,"[  20.22255729   20.24409057   20.62105636 ... 7185.86952587 7185.87755918
 7186.35282474]"
274,662892_2023-08-24_A-541,MOs,True,"[  23.70874917   27.95923926   27.96373925 ... 7170.74222778 7171.06222704
 7172.78902301]"
275,662892_2023-08-24_A-546,MOs,True,"[  20.52282326   21.58745411   22.08261962 ... 7182.54946694 7184.60626214
 7185.20126076]"
276,662892_2023-08-24_A-547,MOs,True,"[  20.49365666   22.70408484   24.08728162 ... 7184.36599604 7184.57639555
 7185.0518611 ]"
277,662892_2023-08-24_A-548,MOs,True,"[  20.29275713   20.38005692   20.45072343 ... 7186.09539201 7186.16709184
 7186.38935799]"
278,662892_2023-08-24_A-549,MOs,True,"[  21.9330533    22.7354181    25.13671251 ... 7186.06719207 7186.12175861
 7186.242725  ]"
279,662892_2023-08-24_A-550,MOs,True,"[  21.89312006   26.1843434    26.44817612 ... 7170.80899429 7179.55727391
 7180.69370459]"
280,662892_2023-08-24_A-551,MOs,True,"[  55.47620847   55.56007494   55.59734152 ... 7174.29248618 7179.0016752
 7180.04583944]"
281,662892_2023-08-24_A-552,MOs,True,"[  29.09346995   40.23017733   40.26251059 ... 7182.234201   7184.73449518
 7186.39912463]"
282,662892_2023-08-24_A-556,root,True,"[  26.57524249   39.32931277   47.38749399 ... 7166.03687208 7171.26185991
 7171.28192653]"
283,662892_2023-08-24_A-559,root,True,"[  23.99301517   24.33228105   26.69270888 ... 7181.62586909 7181.73083551
 7181.82186863]"
284,662892_2023-08-24_A-562,root,True,"[  20.56998981   20.6619896    20.79818928 ... 7186.20679175 7186.27785825
 7186.30662485]"
285,662892_2023-08-24_A-563,root,True,"[  20.57032315   20.57928979   20.60762306 ... 7185.59849316 7185.63232642
 7186.10619198]"
286,662892_2023-08-24_A-565,root,True,"[  46.68829562   56.7497055    59.08896672 ... 7184.44869584 7184.45582916
 7185.51576002]"
287,662892_2023-08-24_A-566,lot,True,"[  20.9603889    20.97015555   20.99708882 ... 7185.68869295 7186.26402495
 7186.30735818]"
288,662892_2023-08-24_A-567,lot,True,"[  20.35682364   20.46795672   20.79565595 ... 7186.13465858 7186.13765857
 7186.24412499]"
289,662892_2023-08-24_A-571,lot,True,"[  21.26625486   21.28108816   21.46958772 ... 7183.94443035 7185.63132642
 7186.35285807]"
290,662892_2023-08-24_A-573,lot,True,"[  21.15838844   21.17342174   21.80375361 ... 7184.54419562 7185.95362567
 7185.99159225]"
291,662892_2023-08-24_A-580,PIR,True,"[  22.72121813   27.90473939   35.16375581 ... 7152.23627091 7164.25550957
 7184.23396301]"
292,662892_2023-08-24_A-581,PIR,True,"[  21.35515465   21.38992124   21.39725455 ... 7184.7832284  7186.1981251
 7186.2111584 ]"
293,662892_2023-08-24_A-582,PIR,True,"[  22.58665178   27.70430652   58.02763586   59.02226688   59.50906574
   62.98429098   63.82878901   72.98866766   74.61713053   76.28752664
   81.09234878   81.16278195   81.29718163   81.37558145   87.33170091
   97.12424475  103.41873009  104.3727612   105.74895799  106.71025575
  114.01607206  117.1582314   119.62439232  121.89715369  129.37696959
  130.12463452  130.1454678   136.37571995  136.77831901  150.94081934
  150.96175263  159.59869917  170.58657356  179.45931955  179.59048592
  179.65781909  180.15555127  180.31605089  180.58718359  188.30026562
  192.29548964  207.08985517  207.27808806  207.79995351  208.89675096
  222.67291885  232.67409555  237.80965025  254.36611167  254.39694493
  255.51124233  263.15625785  277.6243908   279.7409192   284.51150809
  285.54537234  287.37873474  297.83031038  303.74056328  307.58005433
  307.719154    313.55600707  334.03582601  334.83645748  334.96529051
  334.98992379  339.51641324  357.19360538  358.74766843  358.74940176
  362.03292744  362.05752738  364.53512161  379.06608774  379.21845406
  390.99985994  393.72712025  394.82351769  397.60507788  409.8270494
  432.30279702  442.26137381  448.32072636  449.57302344  453.5518475
  455.27941014  457.02163942  457.04210604  488.86873187  493.23145504
  504.8611946   508.65745242  519.75272657  533.94752682  535.35062356
  550.80872087  551.97131816  556.48620764  559.05716831  561.31446305
  575.87846245  577.55255855  587.30023583  588.27646689  595.73224951
  599.14834155  612.36911075  627.43134231  633.33679522  641.70817571
  649.36452454  657.15697304  671.00684077  673.79370094  674.08160027
  676.10196223  679.79808695  679.81508691  685.12507454  689.0302321
  694.2508866   695.24025096  697.94067801  704.72956219  710.29698254
  725.86087961  739.71548066  741.80934244  754.36577985  771.5261732
  772.97486982  777.52065923  783.33154569  795.05925169  802.05306873
  802.0621687   803.3217991   808.86345286  826.41991194  837.20168682
  837.56158598  849.38139177  849.69489104  857.12947371  868.40648077
  872.17337199  875.65109722  875.82879681  902.5947011   918.08723166
  918.10763162  922.18028879  922.25342196  959.3674688  1007.83478919
 1049.57619192 1050.03309086 1050.33875681 1050.71738926 1051.02335522
 1051.11905499 1051.67322037 1053.22118343 1056.47147586 1062.68586137
 1063.45265959 1067.94888244 1072.72293798 1081.6850171  1099.86167474
 1112.14341279 1133.50352968 1133.51456299 1134.96952626 1135.38065864
 1159.16086989 1178.6403245  1183.59434629 1183.80891245 1189.87869831
 1190.88476263 1193.44219001 1198.35667855 1204.85266342 1219.61012903
 1219.65416226 1245.33953574 1254.3094815  1254.33908143 1254.81288033
 1254.82224697 1261.4048983  1266.06212078 1266.84171896 1270.28067762
 1270.96357602 1271.3158752  1272.58303892 1284.04241221 1284.08101212
 1284.3046116  1285.76230821 1288.49930183 1289.73189896 1292.56269236
 1296.47268325 1308.41872208 1308.65778819 1319.98292846 1329.69810582
 1337.62582068 1345.28833616 1346.46173342 1347.91126338 1354.87394716
 1356.32057712 1358.82600461 1363.69315994 1369.53851298 1372.36043974
 1377.4860278  1379.38499004 1380.44185424 1420.59836066 1421.76875794
 1427.26374513 1451.79085464 1460.26276823 1462.69452923 1486.26464098
 1491.60819519 1514.49724185 1522.49348989 1529.08614119 1536.31405768
 1551.22312294 1560.26360187 1571.4927757  1585.17671048 1586.78020674
 1591.40942929 1603.63050081 1603.65316743 1615.67343941 1615.70107268
 1626.91851321 1633.33326493 1633.91363024 1639.80948317 1641.19391328
 1643.45030802 1647.83043115 1650.97932381 1660.65036794 1661.81773188
 1665.97012221 1666.05415535 1669.37044762 1672.8701728  1674.76963504
 1679.33789106 1686.10484196 1709.12405498 1746.96953346 1764.66052556
 1786.89417375 1791.32946342 1793.06762603 1819.78366378 1819.79953041
 1820.5303287  1822.72515692 1843.34560887 1844.147907   1854.31831663
 1859.69813743 1872.2870081  1872.612674   1873.39587218 1908.38519064
 1909.78578738 1913.89941113 1923.38172236 1924.14732058 1926.65204808
 1932.42003463 1935.09282841 1941.08464778 1941.95474575 1946.59850159
 1960.26830307 1989.72090111 1995.67488723 1996.50961862 2002.13137219
 2005.42759784 2007.82839224 2008.86478983 2009.36758866 2012.2373153
 2015.6415407  2026.11811629 2028.34847776 2028.51147738 2028.53644399
 2047.40400002 2066.65405516 2066.86412134 2074.16763765 2109.49865532
 2128.97514327 2151.19295816 2164.61059356 2165.43872496 2174.55813705
 2178.23509515 2187.42884039 2212.41314883 2212.44581542 2214.27457783
 2214.29944444 2214.44844409 2238.59755448 2242.66434501 2247.14640123
 2255.1835825  2266.83435535 2274.9812697  2275.81806775 2277.99862933
 2286.64134253 2291.85136372 2297.44078403 2297.45395066 2297.46588397
 2297.5085172  2305.48336529 2316.61793934 2318.49270164 2356.26551361
 2437.59815742 2437.8918234  2441.36988196 2441.50781497 2444.83407389
 2451.3519587  2461.5809682  2469.06688409 2485.90887817 2491.79336446
 2494.35102517 2494.35769182 2499.6009796  2499.75074592 2504.51080149
 2506.48333023 2511.88271765 2519.03670098 2522.71999239 2540.12595183
 2542.38621323 2543.40754418 2546.97510254 2552.72428914 2603.80567011
 2604.6240682  2629.31684399 2645.82943884 2651.21699296 2663.66179729
 2671.35061271 2689.245871   2689.51480371 2696.255188   2716.31574126
 2794.47715912 2803.13843893 2807.43082893 2807.82949467 2808.31172688
 2842.65974684 2869.56831747 2869.57461745 2870.59731507 2872.72101012
 2876.39886822 2882.44555413 2882.9009864  2895.06545805 2899.81428032
 2901.31321016 2913.60554818 2914.25471333 2917.85530494 2918.91526914
 2942.63061388 2950.5606954  2957.03944697 2957.23651317 2964.64712924
 2972.94907656 2972.9747765  2977.51109926 2988.88350609 2989.99113685
 2994.09436062 2999.15438216 3009.61965777 3009.952257   3024.94168873
 3036.75122788 3048.42143402 3050.2331298  3051.75612625 3062.37596817
 3064.56166307 3067.4694563  3089.01440609 3089.19940566 3104.11280424
 3119.33193544 3124.86995587 3127.09178403 3137.99189196 3147.12377068
 3166.97729108 3170.2899167  3177.45793333 3177.4673333  3178.57479739
 3185.08571555 3195.58315775 3198.83715017 3220.44633315 3235.23849868
 3267.59565661 3285.07104922 3292.70113144 3296.35842292 3296.36962289
 3310.59328975 3314.79167996 3321.11526523 3331.96427328 3333.03570412
 3342.4673488  3361.4777045  3396.02379067 3403.31487368 3404.00287207
 3404.34253795 3406.87809871 3429.81194527 3439.37132299 3442.21518303
 3445.09720965 3446.76587242 3450.27229759 3461.61710448 3470.61265019
 3479.61899587 3483.44105363 3483.56698667 3495.14455969 3519.33490332
 3544.40874489 3544.42414485 3552.41192624 3562.89016849 3563.02023485
 3578.77349814 3582.3800564  3582.66595574 3583.59812023 3586.9302458
 3588.62447518 3609.69165943 3621.69113146 3636.91922931 3648.89310141
 3656.7621164  3666.19866108 3670.17855181 3671.76818143 3680.33129481
 3682.22795706 3693.84689665 3699.62628318 3700.00671563 3707.63069786
 3708.62186222 3710.57525767 3721.29679935 3723.593594   3727.43905171
 3738.68865882 3739.71058978 3753.02129209 3757.76421437 3801.48434582
 3815.73241262 3815.74057927 3820.2203355  3823.65832749 3847.90533765
 3848.2254369  3876.73860379 3886.46291447 3905.41093698 3910.29559226
 3921.1649336  3933.68380443 3937.37112917 3955.20742094 3973.79861095
 3985.58548348 3988.63214305 3996.38962497 3996.65302436 4000.07048306
 4002.67531032 4002.9869096  4003.11047598 4008.20136411 4008.7493295
 4035.19450121 4035.48096721 4044.68921242 4047.12250675 4050.98836441
 4054.02295733 4066.46746167 4070.73545172 4090.38980592 4092.08463531
 4093.21623267 4095.28872784 4096.61049143 4097.44378948 4099.17845211
 4107.73126551 4113.79211805 4118.22430773 4155.24198813 4155.66128715
 4162.50277121 4162.5372378  4166.8272278  4167.46285965 4186.36874893
 4204.17867409 4206.0502364  4207.09260064 4232.00517592 4240.60685587
 4249.78926781 4262.88297063 4281.2611278  4295.92632696 4296.40649251
 4316.78784501 4335.15216889 4339.87452455 4350.74463255 4358.58938094
 4370.6904194  4391.59373736 4405.65053794 4408.68916419 4414.92854965
 4435.44443518 4460.45827689 4499.60078567 4499.61151898 4535.56953519
 4540.84972288 4552.69376195 4552.75629514 4606.6984361  4656.83291927
 4674.75701084 4683.00972494 4735.15020344 4739.93932561 4751.7753647
 4756.78288636 4793.72866693 4836.93563291 4867.94879398 4915.20418386
 4924.03049662 5011.43432628 5012.90082286 5015.19541752 5023.27709868
 5023.60793125 5023.70849768 5025.90825922 5038.06883088 5039.162495
 5043.16081902 5067.91196134 5123.00466629 5123.01893292 5124.96516172
 5131.01858095 5156.62305461 5173.26694916 5186.4670184  5196.2942955
 5206.35723872 5208.54646695 5209.65779769 5214.79355239 5219.96200702
 5224.19583048 5259.27204874 5270.4760893  5291.36277396 5293.6627686
 5293.69350187 5311.0743947  5313.1033233  5358.05501855 5377.63813958
 5395.99216348 5396.19106302 5396.33759601 5396.61519536 5409.60689842
 5426.37202602 5438.18276516 5467.26173073 5471.34928788 5494.77613328
 5499.08462324 5500.13445413 5516.96558158 5537.9671993  5538.01439919
 5555.52689172 5614.85892012 5622.98066786 5669.19796016 5670.50869044
 5696.19569725 5710.22016457 5715.8867847  5769.3256935  5795.22719981
 5810.53549747 5814.73415435 5826.23606088 5948.4719427  5953.27569818
 5975.22881369 5989.86387958 5993.85397028 6005.64040948 6026.13512839
 6063.73650744 6083.11122895 6093.28613858 6124.7593319  6127.27975936
 6154.69172882 6179.644204   6228.24665741 6230.60601858 6255.94559287
 6258.36802055 6271.45532339 6285.5139573  6307.88720516 6427.57549292
 6477.20317727 6500.70182251 6524.31550082 6532.46784849 6540.46182986
 6554.49786382 6560.07325082 6567.41410038 6583.09866383 6583.25373014
 6599.17589304 6608.23963858 6608.26573852 6608.36907161 6626.54059594
 6644.44672088 6644.45602085 6651.01247224 6651.05243882 6685.75729128
 6692.3004427  6709.57413578 6735.51320866 6741.69442759 6747.96211299
 6771.63015783 6805.26967944 6812.22409657 6835.85920816 6836.20967401
 6846.11978425 6879.1858072  6894.87420397 6924.51056824 6925.03873368
 6956.63296006 6973.4505542  6974.67461801 6979.23760738 7020.30127836
 7022.14147407 7027.18376232 7028.36265957 7043.29002479 7051.76510504
 7051.79087164 7055.25656357 7080.9047038  7080.95383702 7081.44683587
 7083.85819692 7088.75381884 7094.20780613 7104.35594915 7105.19771386
 7128.93285855 7132.78731623 7145.72475275 7146.17098504 7185.58679319]"
294,662892_2023-08-24_A-583,PIR,True,"[  21.15725511   22.43545213   22.82815122 ... 7185.7958927  7185.96239232
 7186.0567921 ]"
295,662892_2023-08-24_A-585,PIR,True,"[  20.89715572   21.28185482   21.51895427 ... 7185.49892673 7185.54789328
 7185.80619268]"
296,662892_2023-08-24_A-587,PIR,True,"[  24.19478137   24.24778124   27.07347466 ... 7178.57747619 7178.94870866
 7186.34809142]"
297,662892_2023-08-24_A-589,PIR,True,"[  20.99742215   21.16878842   22.72035147 ... 7183.55493126 7184.23892967
 7186.28685823]"
298,662892_2023-08-24_A-591,PIR,True,"[  21.54622087   22.21088599   22.61165172 ... 7165.85723917 7181.8618352
 7183.92953039]"
299,662892_2023-08-24_A-592,PIR,True,"[  21.02598875   21.18925504   21.34305468 ... 7185.79282604 7186.03102549
 7186.3403581 ]"
300,662892_2023-08-24_A-593,PIR,True,"[  42.70210491   42.77860473   58.39426834   70.32270721   97.302311
  117.04196501  118.73446106  124.79088028  145.6667983   151.82578395
  171.2021388   207.55208742  207.56825405  280.69451698  281.81531437
  303.15789797  324.88014735  331.62416497  361.21589601  368.2423463
  372.75540245  390.688194    421.14652302  421.49628887  426.95330949
  461.85219483  465.62701937  465.79148565  496.53914733  551.82701849
  555.54230984  595.9831156   601.49430275  601.56493592  660.74579801
  660.75443133  668.55917981  674.0961669   676.41099484  678.02742441
  678.05852434  686.04270573  686.76500405  704.13189691  720.92032446
  778.0764246   790.09789658  790.13756316  790.14576314  800.6182054
  814.69460593  847.96486174  854.60607959  883.39431251  893.60292205
  902.28846848  922.29805519  982.53384815 1008.65122062 1016.36610265
 1037.86418588 1046.19803313 1093.78912223 1143.63063941 1215.48467197
 1345.64183534 1374.29100191 1378.40912564 1400.27657469 1448.42232916
 1515.41860637 1557.81597424 1620.47712822 1725.00438464 1737.7397883
 1786.56347452 1798.43844685 1852.13085507 1870.28387943 1889.89023374
 2009.08905597 2026.62818177 2050.44272627 2131.80330335 2165.92495716
 2202.56663845 2243.34037676 2290.46826694 2474.04890581 2494.70632434
 2539.45358673 2571.03801313 2581.96708766 2595.4813895  2595.49395614
 2601.0462432  2601.85077466 2625.14542038 2627.12974909 2627.34298192
 2639.73211972 2640.82688384 2650.03692904 2650.21346196 2652.63402299
 2653.1161552  2653.12178852 2656.62368036 2658.14931014 2662.02920109
 2663.09386528 2673.59840747 2681.63105542 2682.0803877  2682.84945258
 2685.53801298 2695.55442297 2697.97301733 2699.00291493 2699.35761411
 2699.59264689 2700.40511167 2718.93100183 2737.03889297 2746.53080418
 2746.68720382 2747.41136879 2749.3399643  2749.52399721 2749.70669678
 2753.79145393 2755.55761648 2756.6371473  2756.64891394 2756.73351374
 2762.32550071 2762.69033319 2787.24447597 2791.87673184 2792.0377648
 2792.30809751 2797.21131941 2797.55575194 2801.86650856 2803.03277251
 2810.40232201 2811.29628659 2811.53751936 2811.69328567 2812.56538363
 2816.51437443 2816.70360732 2817.0296399  2817.48347217 2817.73900491
 2819.16773491 2819.70093367 2822.73599327 2829.55884403 2831.87870529
 2832.52807045 2832.96786942 2838.10315746 2839.03358862 2844.72057537
 2846.41967141 2848.80326585 2849.73666368 2850.29056239 2850.62519494
 2851.03672732 2855.7784496  2856.37361488 2858.56040978 2858.68557616
 2860.87317106 2863.12023249 2863.46049837 2864.70456213 2865.32982734
 2865.9192593  2866.05879231 2866.08802558 2866.7493907  2873.55597484
 2874.56747248 2875.10627123 2877.14966647 2877.28776614 2880.00615981
 2886.07234567 2886.10637893 2887.44480914 2889.1072386  2889.12043857
 2890.96660094 2890.97430092 2891.00063419 2893.70896121 2893.98219391
 2894.61792576 2898.96144897 2899.2509483  2902.67024033 2906.21253207
 2907.79909504 2909.04385881 2909.22772505 2920.57193195 2930.25454272
 2935.63526351 2937.53925907 2938.03195793 2938.07225783 2938.38319044
 2938.80322279 2938.82588941 2938.87558929 2939.95555344 2945.0376416
 2945.04804158 2948.10310112 2948.25023411 2952.28362471 2958.10794448
 2959.15284204 2959.99677341 2960.76143829 2963.53923182 2964.4779963
 2965.12949478 2967.50558924 2967.63762227 2974.58907274 2978.02959805
 2978.75639636 2979.29876176 2985.41481418 2986.41347852 2986.75161106
 2986.94857727 2986.95414392 2988.32927405 3008.18336112 3018.31640417
 3020.19806645 3034.81459906 3037.30342659 3037.75882553 3040.29421962
 3040.5066858  3044.43430998 3053.5500554  3056.07194952 3066.77239126
 3069.18081898 3072.8333438  3073.53270884 3085.85248013 3086.74837804
 3094.14479414 3098.57611714 3098.87028312 3099.80344762 3110.86328851
 3112.78408403 3112.82228395 3115.01137884 3115.7461438  3119.65906801
 3126.75291815 3127.67254934 3130.71640891 3132.62707113 3134.64346643
 3135.84999695 3135.85839693 3137.01029425 3137.42915994 3138.25649134
 3152.59872459 3174.59613999 3175.19133861 3192.16926571 3209.95802426
 3210.3980899  3211.41822085 3214.16098113 3245.41267497 3350.35906375
 3518.753838   3519.37903655 3519.40966981 3519.50683625 3519.5141029
 3519.5276362  3519.53320285 3519.53900284 3520.92693294 3522.65859557
 3523.21506094 3526.68775285 3531.13477582 3531.8859074  3533.79700295
 3533.84026951 3540.44395413 3544.42761151 3544.55834454 3545.45050913
 3555.09671998 3555.52188566 3556.82638262 3557.31391481 3557.80428034
 3558.3360791  3566.65209305 3566.66142636 3596.06139119 3596.64788982
 3602.08964381 3613.64508355 3615.1521467  3617.95450684 3625.05675695
 3647.53617124 3673.51774402 3674.29410888 3703.52024078 3770.21288536
 3771.50801568 3784.68321831 3785.91061545 3786.65578038 3786.85797991
 3789.21704108 3789.38730735 3790.92763709 3790.94857038 3790.95083704
 3793.87313023 3809.67626007 3812.24175409 3812.27768734 3812.54585338
 3813.58255097 3813.6826174  3815.30998027 3817.35460884 3817.69580805
 3817.71427467 3818.82513875 3820.10570243 3821.78816518 3830.40417843
 3830.73564433 3830.87317734 3830.9024106  3835.29120038 3835.63223292
 3838.63125926 3840.39605515 3843.44101472 3843.76901396 3850.20559896
 3851.96039487 3852.95439255 3853.7781573  3853.93605693 3854.15552308
 3854.40868916 3855.30112042 3861.34967299 3864.16873308 3868.18295706
 3868.35155667 3868.55742286 3869.59672044 3881.51355933 3881.9552583
 3882.1568245  3882.63409005 3883.13292223 3885.40505026 3902.74677652
 3902.80787638 3903.56427461 3903.57520792 3904.49503911 3906.27583496
 3910.85665762 3911.73175558 3911.74922221 3912.67332005 3913.64215113
 3922.79416314 3926.92072019 3927.27738602 3928.14851733 3928.83614906
 3932.72517333 3934.8519017  3936.27619839 3937.21522953 3938.98155875
 3939.52425748 3940.75822127 3942.4368507  3950.87733103 3952.78179326
 3954.09935685 3957.20724961 3959.758777   3959.91390997 3961.00650742
 3963.66626789 3965.4657637  3966.65992758 3971.39401655 3978.26383388
 3979.43246449 3981.05166071 3986.11158225 3994.80979532 3995.27702756
 3995.30429417 3997.63322207 4005.84956959 4009.16576186 4011.37902337
 4015.91674613 4020.27296932 4021.73116592 4023.30492892 4024.38809306
 4024.53352605 4024.70302566 4025.46912387 4025.98305601 4026.0141226
 4033.69013805 4045.17241129 4045.90487625 4046.23107549 4055.58585369
 4064.79803223 4065.13496477 4072.54351418 4074.61674268 4074.6496426
 4075.00800843 4075.33937433 4076.1249725  4076.16460574 4085.71501682
 4088.5236436  4089.42710817 4097.26808989 4109.46102815 4109.81856065
 4112.10065533 4155.70622038 4157.88694863 4159.75371095 4184.40262018
 4185.91711665 4186.95984755 4199.72585114 4202.07441233 4202.80431063
 4203.30657613 4211.47795708 4224.08202771 4242.41668499 4244.64211313
 4245.28751163 4245.31224491 4247.62317285 4258.10001511 4261.87093965
 4262.7969375  4262.81157079 4270.22805351 4272.61208129 4274.60217665
 4274.73080969 4275.24204183 4276.35170591 4276.62070528 4279.0590996
 4290.27137347 4301.55871384 4305.93673697 4306.47846904 4307.77076603
 4307.87046579 4310.19436038 4310.22922696 4315.98488022 4317.47214342
 4318.16234181 4318.17414178 4318.31654145 4319.66500498 4322.50719835
 4324.48969373 4326.07802336 4326.31298948 4329.62251511 4329.78244807
 4329.91194776 4330.77241243 4331.37431102 4337.07919773 4342.55831829
 4343.07425043 4344.19231449 4344.43931391 4344.95734604 4346.31974286
 4349.18320286 4351.65699709 4351.69833033 4351.73143025 4351.74279689
 4353.06596047 4353.18562686 4357.72458295 4361.27564134 4361.96317308
 4362.67967141 4362.998604   4363.5987026  4363.79970213 4364.31140094
 4364.75059991 4366.18486324 4372.58308166 4415.84041419 4458.34098182
 4474.77707685 4499.18868663 4605.77140493 4739.64795962 4759.60481312
 4760.66924397 4787.51364808 4791.65043844 4873.39888128 4935.42283674
 4967.31496243 4973.81601394 4977.84450455 4981.42966287 4981.48182941
 4981.82136195 4981.84886189 4982.23479432 4983.26532526 4983.62882441
 4988.43397988 4988.77474575 4988.78257907 4988.93677871 4988.96534531
 4989.41831092 4994.88143152 4995.41633027 4997.15305956 5002.11074801
 5002.31074754 5003.37831172 5003.99761028 5008.85873228 5009.62093051
 5012.08742476 5014.98998466 5026.81309044 5027.51208881 5027.96418776
 5028.7051527  5049.61187065 5054.74899201 5070.53205523 5078.11657089
 5084.92398836 5085.29578749 5097.02192684 5108.23843403 5114.59315256
 5114.88021855 5123.87963092 5124.21996346 5124.35399648 5128.72751962
 5128.76875286 5137.29539965 5137.40776606 5155.47725728 5192.98236989
 5193.78926801 5194.1060006  5194.2762002  5197.939725   5202.96871328
 5208.40933394 5208.73783317 5215.535884   5216.50991506 5271.05478795
 5353.10843008 5410.85209552 5411.39352759 5411.4877607  5487.13295109
 5508.31766839 5508.98730017 5511.15056179 5522.57530184 5527.49492371
 5535.80623767 5535.82083764 5546.30514654 5553.92762878 5555.53779169
 5564.99443632 5570.86855597 5571.87625362 5574.75908023 5636.88200213
 5637.22453467 5689.581046   5736.87666912 5737.01726879 5762.91394178
 5763.67177334 5765.69320197 5812.75719229 5869.28292724 5880.95063338
 5881.53346536 5886.43068728 5887.83248401 5901.59985193 5901.97408439
 5902.79001582 6001.28905296 6051.29326977 6057.09242292 6057.10552289
 6069.15836147 6089.47594746 6236.7040377  6248.26977742 6268.47423034
 6298.42596054 6812.20746328 6853.65590002 6869.74369587 6934.37231193
 6936.22044096 6958.86702152 6959.09738765 6962.32824678 6972.7209559
 6979.08664106 7008.36150618 7022.70763941 7079.18957446 7125.9204989
 7134.55834544 7175.56584988]"
301,662892_2023-08-24_A-595,PIR,True,"[  21.61122072   21.98248652   22.18431939 ... 7185.97662562 7186.05152544
 7186.23175835]"
302,662892_2023-08-24_A-599,PIR,True,"[  20.97072221   24.21051466   25.48604502 ... 7180.97663727 7181.25573662
 7181.51483601]"
303,662892_2023-08-24_A-600,PIR,True,"[  20.39029023   20.48209002   20.55832317 ... 7185.94349236 7186.16089185
 7186.24555832]"
304,662892_2023-08-24_A-602,PIR,True,"[  20.45015676   20.46399006   21.3768546  ... 7180.83590426 7183.36896503
 7184.76426177]"
305,662892_2023-08-24_A-604,PIR,True,"[  21.04102205   21.05712201   21.06115534 ... 7183.95699699 7185.00889454
 7185.87942584]"
306,662892_2023-08-24_A-605,PIR,True,"[  24.21844798   25.93217732   26.40074289 ... 7183.12389893 7184.12266327
 7184.93109472]"
307,662892_2023-08-24_A-606,PIR,True,"[  20.27385717   20.28112382   20.95328892 ... 7186.0692254  7186.09795867
 7186.30729151]"
308,662892_2023-08-24_A-607,PIR,True,"[  21.25702155   21.31648807   21.59768742 ... 7185.7817594  7185.99872556
 7186.32449147]"
309,662892_2023-08-24_A-610,PIR,True,"[  20.98812217   24.60174709   25.6967112    30.48273338   30.49723335
   30.91693237   35.23205565   36.78345203   38.03368245   40.06077773
   40.14301087   40.99610888   48.20999207   53.95664535   54.7349102
   56.29920655   57.02030487   60.2118641    60.64916308   60.80849605
   61.04472883   63.69488932   66.84194865   68.28647862   68.33481184
   73.44403327   73.93923211   74.8197634    75.71026132   76.7907588
   78.22165547   78.53888806   78.59718793   86.54216941   86.7891355
   89.63079555   96.54234611   96.86901201   96.88357865  108.4903516
  108.68618448  109.98244812  110.17924766  111.84371045  112.10300985
  118.04632933  120.75598968  121.27455514  122.92838462  127.73880675
  130.98379918  132.02266343  135.58742179  135.89308774  139.49267936
  145.57839851  146.85979552  155.94304102  164.76492046  165.56811859
  167.55578063  167.58551389  175.70329497  182.78537847  189.48712952
  205.8439914   225.92311128  230.63696696  234.84925715  235.12425651
  248.10009293  250.56838718  251.68258459  253.00134818  261.08522934
  272.87740186  273.12986794  280.83714998  280.84638329  299.41144003
  302.26920004  323.23058452  331.51069856  336.87568606  343.5253039
  347.50469463  356.43127382  370.08054202  371.42367222  375.79136204
  378.7704551   386.68550332  397.18971218  403.29506462  411.19264621
  421.60122196  421.94068783  465.54605289  466.14395149  467.97908055
  470.83737389  476.51022734  476.87679315  478.86822184  486.54730395
  489.71112991  492.28512391  494.4927521   498.08671039  508.16425357
  516.92963315  521.04845688  527.89644093  537.37121885  539.18261463
  545.35486691  545.75646597  547.85402775  548.83232547  554.71537843
  560.3189987   565.52545324  573.06333567  588.69703258  588.70586589
  589.52479731  590.55692824  596.84791358  604.90176148  611.16101356
  621.95212175  624.27004968  625.48644685  630.32513557  630.39083542
  631.54106607  635.70285637  637.67291845  638.52601646  639.4076144
  645.94226584  649.60455731  686.67767092  688.26263389  690.98006089
  694.69041891  714.0784404   718.29643057  728.52294007  734.58182595
  738.22548413  750.73205499  759.60230098  769.71917741  770.74990834
  796.20721568  805.70462688  806.43565851  806.63715804  814.82910562
  824.00961756  830.56720228  830.59120222  837.42331964  843.00010664
  847.25099673  847.36286314  859.05933588  859.77156756  869.71564439
  870.17604331  879.21775558  886.56867178  924.56101658  942.78610744
  945.33536817  949.5835916   953.56754899  965.79385383  965.82962041
  975.92979687  978.42039107  981.27568442  983.86704505  999.35947561
  999.85610779 1000.25590685 1002.66920123 1006.70475849 1014.08230797
 1014.13834117 1018.30583146 1025.01778248 1035.2535253  1039.40054897
 1041.02454518 1045.06946909 1051.60938719 1055.04277918 1055.92824379
 1058.60737088 1066.89095157 1070.10037743 1077.51509348 1098.64254425
 1108.34455498 1132.63616504 1139.69224859 1143.16250717 1162.74122821
 1163.04556084 1175.71403132 1194.32048796 1213.54604316 1238.41811853
 1266.04085416 1271.12004233 1285.03077658 1292.36979281 1344.62790436
 1358.61947176 1398.54654538 1398.62801186 1399.0846108  1421.17425932
 1445.55623584 1451.25425589 1454.22411564 1457.21954199 1459.31193712
 1475.12263361 1479.13092427 1481.28518591 1522.21872386 1531.38603583
 1536.79488989 1547.98269715 1574.39303561 1578.72562551 1582.43025021
 1606.85402663 1615.58197296 1617.89886756 1618.92259851 1644.55860544
 1645.4062368  1651.51645589 1654.93984791 1673.68653756 1686.97223993
 1728.96814207 1738.73985263 1752.50852055 1757.40397581 1803.48086843
 1811.42394992 1838.40345372 1857.68414212 1860.68203514 1893.94742429
 1908.34932406 1920.64186208 1932.8641336  1935.68499369 1936.77635782
 1944.79977245 1948.90332956 1956.20871253 1959.01133934 1977.76719563
 1981.91525263 1982.67548419 1999.45491176 2004.6727996  2005.39416458
 2013.5813455  2016.42273888 2018.14650153 2022.78519072 2022.85285723
 2023.3253228  2032.11843564 2093.01872706 2094.65072325 2100.97340852
 2117.25943724 2126.945648   2131.16673816 2140.90958212 2141.69874695
 2148.20913178 2157.53664338 2162.90849753 2180.95275548 2182.47315194
 2187.48680692 2190.69573277 2193.64125924 2196.09675352 2211.75828369
 2219.3648993  2220.79326264 2225.32691874 2230.4919067  2233.99613187
 2251.72985721 2252.27828927 2258.26420865 2262.80273141 2267.90398619
 2270.50651346 2281.51435447 2285.69057808 2289.82300178 2290.156301
 2292.89412796 2300.8574094  2302.77910492 2303.4880366  2308.6690912
 2309.49945593 2311.59028439 2313.33734698 2320.73369641 2324.57588746
 2325.56298516 2333.75903273 2339.22155333 2360.17340451 2369.0440505
 2378.53982838 2380.45525725 2382.61285222 2384.9792467  2397.1831516
 2397.85275004 2401.4574083  2427.08008193 2432.55993583 2473.07197475
 2478.67649503 2493.90799287 2496.35825382 2516.73310634 2521.75389464
 2526.83491614 2527.31198169 2538.13695647 2552.52495627 2556.7035132
 2559.50420667 2560.98923655 2574.9264374  2583.34361779 2586.35661077
 2588.22103976 2589.01357124 2602.73960592 2612.57971633 2619.97326576
 2630.83084046 2634.36659889 2636.14082809 2651.88652473 2654.79348462
 2661.49613567 2667.93198734 2675.08370401 2678.57972919 2680.37325835
 2680.61379112 2681.34315609 2693.73102722 2698.39721635 2708.41999299
 2725.45901995 2732.23420416 2735.80146252 2742.01598137 2755.05955097
 2757.23284591 2762.66389992 2772.96250925 2778.85442886 2782.83228625
 2782.88808612 2788.52303966 2811.2914866  2818.49916981 2820.20959915
 2828.35748017 2829.54681073 2832.20073788 2856.32358166 2883.35365201
 2890.62680173 2903.03307282 2920.26453266 2920.9063645  2923.26109235
 2926.95708373 2931.41410668 2940.10701976 2941.84038238 2944.96574177
 2947.38603613 2953.36225553 2957.6271456  2962.71460041 2973.57907509
 2979.43879477 2993.06132969 3003.21733936 3004.21070371 3005.60683379
 3022.39852799 3028.95954604 3037.06712714 3051.93079251 3065.92782656
 3093.49379565 3101.82327624 3107.11883057 3113.09301665 3124.13075759
 3128.30838119 3148.0878351  3148.42886764 3158.70607702 3185.3369483
 3191.29736774 3199.99974746 3203.15307345 3214.59154679 3218.12793855
 3235.94243037 3249.64033179 3255.76665084 3274.64374019 3275.24717211
 3282.32158896 3311.83305352 3340.16128751 3344.92500974 3376.94546846
 3388.71267437 3395.63609157 3408.93159392 3417.41600748 3425.9645209
 3444.56197756 3447.9359697  3463.19420081 3467.05639181 3468.17788919
 3480.90685953 3486.72154598 3486.86041233 3499.5176495  3533.46150373
 3535.46486573 3537.14072849 3544.76487739 3547.88833678 3549.20613371
 3559.92117541 3576.36707041 3584.50538478 3591.25420239 3592.65426579
 3595.83812504 3596.41812369 3602.8070088  3627.07471892 3637.51252793
 3643.73471343 3643.94234628 3645.76584203 3647.91790368 3650.09103195
 3671.61801512 3679.53982999 3691.15403626 3721.54286545 3725.66558917
 3731.89397466 3740.17602202 3751.484929   3765.90962872 3776.57100388
 3778.92839839 3787.39841198 3798.99305163 3813.20685184 3813.283285
 3820.22780215 3832.99067241 3840.13698909 3853.4041915  3853.71632411
 3859.04764502 3865.92126233 3870.8558175  3874.86997481 3876.32313809
 3876.71123719 3891.84610192 3894.49416242 3900.87014756 3910.24712571
 3917.14957629 3918.39257339 3926.714854   3929.99357969 3957.78708159
 3959.23717821 3974.02347709 3975.87773944 3976.19227204 4004.14654023
 4028.92808248 4029.35184816 4032.68217373 4033.53477174 4047.27997305
 4060.19360962 4065.09146487 4076.40910517 4087.89421174 4097.80102198
 4101.48804673 4106.86666753 4128.6622834  4154.17769061 4157.71078238
 4158.70968005 4170.37921952 4177.79176892 4182.85092379 4197.02355743
 4210.60755911 4212.22788867 4227.98118529 4238.08709508 4239.26582566
 4251.98906268 4253.71669199 4260.13187704 4277.4859366  4282.02575935
 4283.75602199 4294.30156408 4309.24112927 4316.16991312 4316.23277964
 4324.92809271 4328.03971879 4330.45747983 4335.14186891 4343.19341681
 4355.03455589 4355.29708861 4408.01829909 4430.38904696 4430.45191348
 4430.87741248 4431.50291103 4458.08384909 4463.33487018 4485.80821781
 4490.14237438 4493.96013215 4498.36942187 4524.37392794 4528.20611901
 4540.69422325 4560.43757724 4564.84396697 4570.43648727 4572.50001579
 4585.5872853  4593.04656792 4593.36386718 4595.11622976 4598.57718836
 4605.22267287 4608.25539914 4622.05786698 4631.30877875 4644.24521527
 4657.29348487 4663.59043686 4678.05823648 4679.99113198 4680.27253132
 4693.47406722 4698.11482307 4699.22715382 4701.47064859 4705.92583821
 4708.38759914 4737.19143201 4756.75531976 4759.21004737 4759.68034628
 4769.14792421 4777.75273749 4789.60480988 4793.59573391 4808.55256572
 4829.53895015 4834.00863974 4844.40154885 4856.45788742 4881.99176125
 4892.86986924 4901.16438324 4904.56817531 4928.19598692 4929.53195047
 4931.3804795  4935.68323614 4939.53759382 4942.42342043 4975.82870925
 4989.92420974 5001.87388189 5010.97629401 5025.79579281 5036.63873421
 5040.27062575 5061.9777085  5075.01677811 5080.27403253 5086.27301855
 5087.32218277 5096.00859586 5097.20399308 5097.37219269 5098.77055609
 5098.7808894  5101.15251721 5102.32998113 5107.5943022  5123.4017987
 5128.16252094 5133.90750755 5134.18694023 5137.63046554 5140.31549262
 5150.28513605 5152.02966532 5155.40325746 5166.66393122 5176.73637441
 5185.01502179 5186.33641871 5192.94723663 5200.72491851 5208.11310129
 5214.93995205 5217.45564619 5225.56776062 5229.99008365 5231.12184768
 5232.52094442 5238.18123123 5238.22083113 5243.28888599 5249.25810541
 5258.83764976 5263.19690627 5272.67398418 5274.19131398 5275.83641014
 5285.29218811 5285.80528691 5288.99864614 5293.66873526 5296.23789594
 5307.48080307 5309.19026575 5310.56346255 5319.70657458 5323.0172002
 5328.51515405 5330.20548345 5346.27421267 5346.72887828 5350.71480232
 5365.29720167 5368.94059318 5392.42050514 5411.03112843 5440.66369272
 5447.15307759 5450.0128376  5456.26275636 5463.01924062 5477.65947317
 5481.33443127 5490.95277553 5495.73853104 5495.77336429 5501.81018356
 5506.20620665 5506.89590504 5512.70009152 5514.66658693 5524.68493025
 5524.81276329 5533.92174206 5536.16183684 5541.23015837 5553.19043049
 5562.46484222 5574.86531332 5579.28900301 5580.09703446 5586.94708516
 5598.15875904 5601.56121778 5607.52603721 5609.35356628 5613.39565686
 5626.2957268  5626.5267596  5627.94022297 5629.42915284 5631.88474711
 5634.29110817 5637.70546688 5644.00518554 5647.4257109  5650.32593747
 5656.56022295 5664.4882378  5668.02002957 5680.69473337 5683.60215993
 5688.44261532 5691.77620755 5692.98290474 5693.18567093 5697.40652776
 5706.98423878 5712.32465966 5715.5713521  5720.87137308 5727.84025684
 5735.41807252 5737.67043393 5744.8081173  5759.242817   5760.45414751
 5764.8770372  5772.77855212 5777.16450857 5789.16674727 5797.21476184
 5803.38414747 5814.4844216  5844.90368405 5846.14961448 5860.45678114
 5874.0910827  5877.23554204 5878.67643868 5880.43526792 5890.98357667
 5893.51623743 5901.53148542 5911.30179599 5911.31479596 5918.1338134
 5958.17438676 5959.34518403 5962.28881051 5978.80927201 5981.55106562
 5984.70899159 5989.08184807 5999.92065615 6002.0135846  6002.27451733
 6008.32543656 6012.32932723 6033.00751238 6043.64092093 6049.88883971
 6064.51030563 6065.50400332 6073.20245204 6078.12530724 6080.32106879
 6082.21663104 6097.83319465 6100.37565539 6107.51147209 6139.43219771
 6146.01951569 6152.03490167 6178.06180769 6195.095768   6203.84548094
 6208.06530444 6209.79660041 6219.76677717 6222.33810451 6229.80285379
 6236.76050424 6246.43928168 6246.76901425 6251.09187084 6259.036119
 6269.14822877 6272.99268647 6273.37441892 6291.7624094  6293.7100382
 6301.25695394 6306.44990851 6310.91179811 6323.975401   6325.8486633
 6337.06660383 6347.1045471  6347.42884635 6380.53073588 6382.01169909
 6383.4112625  6383.87469475 6385.02312541 6386.56285515 6387.95508524
 6388.92964964 6399.16212579 6403.97658124 6416.86901787 6423.53986899
 6428.07442509 6453.50849915 6458.41118773 6463.32444294 6470.39829313
 6470.40379311 6471.42189074 6475.7592473  6475.91151361 6481.97506615
 6484.23156089 6484.23552755 6489.63511497 6505.58271114 6524.54763361
 6529.82315465 6534.06451143 6536.60957217 6539.72529824 6548.48941115
 6550.67917272 6554.25746438 6557.86742263 6560.2693837  6571.56305738
 6583.03779731 6585.15949237 6587.28178742 6590.57527975 6594.19903797
 6624.63633371 6625.81399763 6639.84616493 6647.3125142  6650.35917376
 6653.94829873 6663.49957648 6663.70087601 6668.85399733 6676.53627943
 6681.49640121 6691.73461068 6697.93292957 6706.31257671 6706.87097541
 6726.78396234 6730.65611998 6738.48393507 6740.08546468 6741.99766022
 6751.19963878 6752.83133497 6758.98245397 6763.46504353 6766.5249364
 6781.41993502 6784.32246159 6785.15832631 6799.73479234 6799.87652534
 6809.13843709 6812.24889651 6820.44474408 6824.69426751 6832.54561588
 6833.38311393 6835.57500882 6840.4623641  6853.35100073 6858.28452257
 6868.4865988  6878.15704293 6882.58396594 6886.57068999 6900.90472325
 6925.26659981 6928.91245799 6965.89790513 6967.43470155 6973.32562116
 6996.43263398 7010.38236814 7023.55237078 7046.92268299 7050.34550834
 7068.91463174 7076.74388016 7083.80389704 7095.24807037 7107.38330876
 7107.94087413 7127.9205609  7130.45352167 7131.67801881 7136.59090737
 7136.7903069  7143.29962507 7147.0337497  7159.05322169 7172.65782332
 7174.20051972 7177.78607804]"
310,662892_2023-08-24_A-612,PIR,True,"[  20.45292342   20.57782313   20.94998893 ... 7136.24427484 7166.01987212
 7184.81789498]"
311,662892_2023-08-24_A-614,PIR,True,"[  20.35632365   20.4617234    20.48562334 ... 7185.66612634 7185.75019281
 7185.82325931]"
312,662892_2023-08-24_A-615,PIR,True,"[  20.39922355   21.0320554    21.11488854 ... 7186.10365865 7186.10759198
 7186.23285835]"
313,662892_2023-08-24_A-616,PIR,True,"[  20.33519036   20.97065555   21.05698868 ... 7185.68072631 7185.95532567
 7186.26142495]"
314,662892_2023-08-24_A-617,PIR,True,"[  22.67511824   26.20624335   37.80214966 ... 7166.99836984 7170.46686176
 7170.75792775]"
315,662892_2023-08-24_A-619,PIR,True,"[  20.55838984   21.5199876    21.52862091 ... 7182.48390042 7182.6232001
 7182.76606643]"
316,662892_2023-08-24_A-620,PIR,True,"[  20.22899061   20.27762383   20.28015716 ... 7186.06622541 7186.19072512
 7186.22732503]"
317,662892_2023-08-24_A-626,PIR,True,"[  40.34127707   58.49853476   62.18829283 ... 7185.32762713 7185.42019358
 7186.39375798]"
318,662892_2023-08-24_A-628,PIR,True,"[  21.55965417   21.57228748   21.57925413 ... 7186.23835834 7186.2537583
 7186.25532497]"
319,662892_2023-08-24_A-630,PIR,True,"[  22.35301899   22.3645523    22.44195212 ... 7185.8696592  7186.06522541
 7186.39299131]"
320,662892_2023-08-24_A-636,PIR,True,"[ 702.35813438  775.76689665  802.21536835 ... 7185.65805969 7186.08282537
 7186.24979165]"
321,662892_2023-08-24_A-637,PIR,True,"[  20.44365678   20.59705642   20.83185587 ... 7167.2022027  7174.7111852
 7179.53724062]"
322,662892_2023-08-24_A-639,PIR,True,"[  20.95072226   20.95712225   20.96535556 ... 7185.5550266  7185.7693261
 7186.25242497]"
323,662892_2023-08-24_A-641,PIR,True,"[  20.20882399   20.51505661   20.55185652 ... 7186.13639191 7186.24635832
 7186.35125808]"
324,662892_2023-08-24_A-642,PIR,True,"[  20.23205727   20.36392363   20.37519027 ... 7186.11905862 7186.13602524
 7186.14972521]"
325,662892_2023-08-24_A-643,PIR,True,"[  20.41009019   20.41905683   20.77335601 ... 7179.72797351 7186.36492471
 7186.39715797]"
326,662892_2023-08-24_A-648,PIR,True,"[  20.39342356   20.42082349   20.56648982 ... 7186.241925   7186.27489159
 7186.39152465]"
327,662892_2023-08-24_A-651,PIR,True,"[  20.32325706   20.34349034   20.45422342 ... 7185.70322625 7186.1253586
 7186.2136584 ]"
328,662892_2023-08-24_A-655,PIR,True,"[  20.8622558    20.95432225   21.346688   ... 7174.44461916 7183.09139901
 7183.09809899]"
329,662892_2023-08-24_A-656,PIR,True,"[  21.82282023   22.25758588   22.4226855  ... 7169.69306356 7177.53437862
 7185.46806013]"
330,662892_2023-08-24_A-658,PIR,True,"[  20.59578975   20.7202228    20.72685612 ... 7185.60279315 7186.05759209
 7186.36075805]"
331,662892_2023-08-24_A-660,PIR,True,"[  20.96992222   21.0474887    21.17415507 ... 7186.30589152 7186.3255248
 7186.40199129]"
332,662892_2023-08-24_A-661,PIR,True,"[  23.31391675   24.13344818   32.38736228 ... 7178.3463434  7179.5465406
 7182.51730034]"
333,662892_2023-08-24_A-663,PIR,True,"[  20.24972389   20.42875681   20.73628943 ... 7182.58263353 7183.68976428
 7186.31589149]"
334,662892_2023-08-24_A-666,PIR,True,"[  20.79782262   21.9799532    22.00298647 ... 7155.15619744 7157.64979163
 7173.59978779]"
335,662892_2023-08-24_A-667,PIR,True,"[  22.11148622   22.60698507   24.09614826 ... 7184.33602944 7185.93289238
 7185.93739237]"
336,662892_2023-08-24_A-668,PIR,True,"[  21.00288881   21.57545414   21.78628698 ... 7184.90782811 7185.02452783
 7185.97505895]"
337,662892_2023-08-24_A-669,PIR,True,"[  20.2744905    20.49675665   20.53155657 ... 7186.29202488 7186.32605814
 7186.38085801]"
338,662892_2023-08-24_A-673,PIR,True,"[  20.71998946   21.15702178   22.26778586 ... 7185.68869295 7186.16439185
 7186.28849156]"
339,662892_2023-08-24_A-674,PIR,True,"[  29.78373501   63.18262385   77.73372327 ... 7185.68709296 7186.18262514
 7186.37299136]"
340,662892_2023-08-24_A-676,PIR,True,"[  20.69315619   20.83128921   21.04972203 ... 7186.31345816 7186.32245814
 7186.37135803]"
341,662892_2023-08-24_A-677,PIR,True,"[  28.77597069   31.62113073   40.21091071 ... 7172.80712297 7175.43895017
 7184.95642799]"
342,662892_2023-08-24_A-679,PIR,True,"[  20.66435626   20.66858958   20.67785623 ... 7184.27472958 7184.49166241
 7185.01312786]"
343,662892_2023-08-24_A-681,PIR,True,"[  21.16895508   21.18752171   21.78308699 ... 7183.54949794 7185.95169234
 7186.0564921 ]"
344,662892_2023-08-24_A-682,PIR,True,"[  20.35389032   20.42035683   20.71198948 ... 7186.240425   7186.35572473
 7186.3714247 ]"
345,662892_2023-08-24_A-684,PIR,True,"[  22.35371899   24.50174732   29.88580144 ... 7183.88923048 7183.91083043
 7186.0103922 ]"
346,662892_2023-08-24_A-685,PIR,True,"[  25.50447832   38.15668217   50.80528602   51.93871672   57.84320296
   58.17403552   61.95616004   62.01602657   62.51355874   65.89918418
   68.07101246   73.74319924   83.08201081   83.30464362  102.79429821
  106.30705669  107.49435392  121.14102212  126.27321016  128.44883842
  139.2589799   173.99243229  175.82619469  183.45734357  199.17230695
  199.80073882  203.8992626   233.57779344  242.96900489  247.56939417
  263.236491    263.89215613  272.85740191  275.54016232  281.40604865
  290.42816096  292.36992311  305.11029342  312.99304171  329.18160399
  333.73172672  355.52234261  357.70690418  392.20532379  395.24098339
  399.02954122  455.2840768   501.15023659  512.68507637  522.46185359
  529.3646375   534.12739307  535.10809079  552.13761777  555.11191084
  559.91203299  570.62524135  580.61275141  624.46978255  624.68338205
  630.38803542  648.95979215  671.04080736  687.29223615  691.38612661
  718.4131303   722.79798675  724.07875043  726.73194425  727.28360963
  745.14730133  759.92876689  776.97792716  804.26816356  821.50265674
  830.08157008  837.61351919  842.16147526  846.68869804  871.94840585
  892.36132495  892.56202448  893.03919003  900.0756403   909.66001797
  909.83258423  919.28812887  922.25218863  935.53275768  989.30449904
  997.87044575 1034.77995974 1043.39283967 1054.03051488 1061.75376355
 1063.2331601  1076.13929669 1093.50332289 1114.68840686 1138.06218572
 1145.52306834 1193.47368993 1236.11772389 1242.78977501 1262.74669517
 1262.97566131 1273.50960342 1299.87537532 1318.89436433 1322.05162364
 1378.85175795 1386.58550659 1402.01450397 1412.6740458  1419.24316382
 1451.88898775 1455.46291275 1470.85247689 1475.1812668  1488.60953551
 1492.30686023 1497.47981484 1514.06980951 1528.73497534 1588.91143511
 1592.5224267  1598.9451784  1599.66061006 1615.07107415 1625.23788379
 1664.44659243 1664.51972559 1702.28530425 1705.62246314 1714.52780905
 1718.60463289 1720.18379587 1724.1511533  1741.49107956 1752.58888703
 1761.53043286 1773.06050599 1805.73119652 1836.94119046 1857.07404355
 1862.53879748 1880.34795598 1907.79879201 1965.78562355 1993.20735965
 1996.02421975 2009.70188788 2023.28328956 2027.24884699 2038.74355354
 2058.34844118 2083.76721528 2089.56666844 2091.6692302  2093.02016039
 2112.11664922 2134.58246354 2199.30481271 2219.80476494 2250.62279313
 2256.89151185 2289.9127349  2295.50415521 2307.64226025 2307.98845945
 2329.13154351 2355.15201621 2376.31580022 2388.60777158 2405.25586612
 2410.50428722 2449.2913635  2460.45300416 2463.68876329 2473.32517416
 2484.31734855 2489.93546879 2509.04989091 2516.45870698 2520.95176318
 2527.95291353 2547.91280035 2556.92141269 2571.56827856 2603.36723779
 2627.31661532 2643.75287702 2649.98969582 2653.86508679 2666.09382496
 2701.74147522 2719.5308671  2724.91638788 2725.66481947 2726.37668448
 2736.82622679 2737.53625847 2797.18425281 2798.03488416 2798.10535066
 2798.12741728 2798.39458332 2798.70871592 2798.82414899 2802.46427384
 2815.7274096  2827.40781571 2839.87808665 2865.22662758 2874.04470703
 2892.2388313  2893.99856054 2912.85674992 2917.0136069  2951.39832678
 2968.323754   2971.73917938 2973.97134084 3051.49879351 3075.55947078
 3078.86109642 3098.84528318 3102.26664188 3112.06231905 3114.07398103
 3120.51953268 3121.83439628 3136.32349585 3144.51017677 3146.89043789
 3147.52193642 3155.04055223 3162.34256855 3171.75927994 3184.25248416
 3185.49958125 3234.30663418 3234.64066674 3251.84665998 3259.70640833
 3260.9783387  3270.17988392 3273.97034176 3284.84568308 3292.58866504
 3296.73835537 3306.14763344 3314.96367956 3318.72610413 3340.17838747
 3352.02989319 3360.07887443 3397.16182135 3399.65371554 3419.31426973
 3455.1174863  3456.08651737 3460.91363946 3485.28804932 3489.26540672
 3504.15657202 3520.76259999 3564.26983194 3569.96978532 3571.51621505
 3596.40579039 3602.07534384 3632.3040734  3635.28326646 3638.93479128
 3647.41853818 3669.92588573 3679.36276374 3682.48515646 3685.11185034
 3745.73300907 3767.35189203 3796.35629111 3796.65089042 3799.84674964
 3815.02238094 3822.98579572 3839.17102467 3861.76403869 3877.72540149
 3902.77760978 3911.73462224 3915.89554588 3919.17437157 3931.62240923
 3958.60981301 3982.19039139 3983.1578558  3987.55064557 4006.05163579
 4022.73326358 4032.41870768 4074.84660881 4083.60115507 4089.42947483
 4092.42583451 4111.11875762 4113.53308532 4123.0121299  4145.20237819
 4150.83706506 4166.83999444 4200.24074994 4263.78060187 4266.40269576
 4270.589986   4279.28426574 4281.98875944 4285.42545143 4335.35373508
 4335.51096805 4347.03610786 4354.69645668 4356.06575348 4361.26087471
 4370.74238595 4376.85763837 4380.85459572 4421.33463472 4423.44449647
 4453.88165888 4477.99096936 4478.27513537 4497.49899057 4519.4295728
 4533.37240697 4556.19395379 4573.15811426 4605.92230458 4627.70952047
 4628.10228623 4676.1040077  4677.98933664 4682.13456031 4685.95245142
 4707.1176021  4722.17710034 4755.38172296 4756.24665428 4775.74320884
 4786.36421743 4794.10619939 4802.00221432 4803.24214476 4806.60403693
 4851.75049839 4852.77656267 4855.53245625 4862.43867348 4872.31238381
 4875.88067549 4876.89073981 4877.2087724  4887.67184802 4890.31597519
 4891.62617214 4896.10042838 4916.52044746 4926.65222385 4930.38748181
 4961.3047431  4972.46471709 4989.92574307 5003.37401173 5020.17003926
 5047.03197666 5054.040227   5061.34540997 5073.09091594 5084.21482335
 5086.30065182 5093.07513603 5101.97744862 5102.20618142 5106.86187057
 5112.91655646 5121.25983702 5131.50311315 5155.4687573  5170.09265656
 5213.84122128 5236.17220257 5259.72551435 5266.03636632 5276.54374183
 5280.19543332 5301.44228381 5305.1065086  5313.89778812 5317.83767894
 5335.96583669 5336.6355018  5337.23683373 5342.21978879 5353.05506354
 5379.68483481 5400.43971978 5404.7094765  5413.22925665 5416.78594836
 5432.86387756 5441.68202368 5454.6608601  5463.70340569 5495.77419762
 5508.96326689 5511.35442798 5514.83215321 5535.17487248 5538.63026442
 5539.04073013 5544.07855173 5559.31548289 5559.60428221 5593.75193597
 5597.95615951 5601.66875086 5604.5122109  5608.62676798 5638.22363234
 5645.45678215 5657.38295436 5664.21547177 5666.3345335  5671.17722222
 5671.49165482 5673.0163846  5685.95135446 5701.54591812 5703.01614802
 5707.88713667 5724.8404305  5727.91952332 5751.69470125 5752.48119942
 5766.73323288 5791.85940766 5839.0465977  5842.22202363 5854.46229511
 5863.89217313 5878.58750556 5879.78380277 5887.30751857 5900.01518896
 5900.22042181 5905.21461017 5908.82656842 5919.40447711 5933.16864503
 5950.10057224 5960.69954754 5968.49722937 5976.40981093 5977.64377472
 5979.36307072 5980.41236827 6010.34223186 6014.58618864 6029.66855349
 6030.28555205 6037.64126825 6038.92423192 6046.27764812 6056.26809151
 6056.30275809 6060.03108274 6070.0883593  6070.64949133 6072.44602047
 6072.96051928 6074.50084902 6084.11499328 6086.1391219  6089.07628172
 6093.49873808 6104.26197967 6107.09357307 6126.20566186 6136.09613882
 6142.60672365 6159.87491674 6160.96038088 6172.43718746 6186.41712155
 6197.80189502 6201.86915221 6209.14980191 6211.5292297  6214.14419028
 6215.78328646 6229.01452229 6229.709954   6231.62498287 6234.58924263
 6235.05147489 6235.49510719 6238.18270092 6242.60992394 6251.89403564
 6262.24837818 6269.61259435 6278.6903732  6291.77870936 6304.80791233
 6345.76058357 6353.11579976 6356.90502427 6357.13999039 6368.84282978
 6388.74865006 6393.27900617 6403.04498341 6405.92231004 6407.13744054
 6409.64516803 6422.84920393 6423.11033666 6428.99062295 6433.55767898
 6435.29967492 6445.32238489 6446.2086495  6458.63185388 6472.50982154
 6474.75431631 6477.4465767  6484.18172767 6496.50599895 6497.26226386
 6502.5670515  6507.28057385 6507.90650572 6508.96790325 6514.63412338
 6517.22468401 6522.10667263 6544.70838663 6562.26601238 6568.36589817
 6578.81307382 6590.80891253 6598.60959436 6604.61738036 6605.66657791
 6614.09182494 6679.97227142 6700.48102363 6702.32475267 6704.0151154
 6704.01711539 6704.97361316 6713.25979385 6715.64322163 6716.26735351
 6727.6723936  6737.94183634 6739.05050042 6740.4629638  6740.80182967
 6753.89673249 6759.04488716 6762.12537998 6762.37097941 6783.05276455
 6786.60245628 6787.22892148 6788.15718599 6790.89891293 6791.77514422
 6793.18284094 6795.14740303 6797.1043318  6803.80961618 6811.64099793
 6821.17674238 6823.06563797 6872.44848956 6872.92368846 6875.3793494
 6876.26748066 6879.54620636 6882.19106686 6925.37446623 6925.5316992
 6927.79949391 6934.59977807 6936.06434132 6941.51512862 6943.14169149
 6950.92710668 6957.39285828 6958.93972135 6962.58061286 6963.07524504
 6976.06708143 6977.73991087 6981.01923656 7000.52545777 7008.52447247
 7011.3574992  7015.32005663 7017.9093506  7026.82866314 7030.97852014
 7031.17181969 7050.33890836 7055.27819685 7058.05162372 7063.37514465
 7072.70035625 7073.26575493 7076.94471303 7086.32429117 7116.89088661
 7121.60497562 7126.65226386 7132.69834977 7135.45477668 7138.68723581
 7141.7990619  7142.03702801 7152.97230253 7181.88270182]"
347,662892_2023-08-24_A-695,PIR,True,"[  20.39742355   20.83055587   20.93775562 ... 7185.91812575 7186.21152507
 7186.26559161]"
348,662892_2023-08-24_A-697,PIR,True,"[  20.46419006   20.67902289   20.68445621 ... 7184.41142926 7185.59999316
 7186.2117584 ]"
349,662892_2023-08-24_A-701,PIR,True,"[  44.07236838   73.57893295   78.70612101 ... 7161.87734844 7173.18772208
 7177.6300784 ]"
350,662892_2023-08-24_A-703,PIR,True,"[  21.51932094   21.56082084   28.18100541 ... 7184.43559587 7184.50596238
 7184.93036139]"
351,662892_2023-08-24_A-705,PIR,True,"[  20.65625628   21.24128825   21.24155492 ... 7186.00815888 7186.24565832
 7186.2532583 ]"
352,662892_2023-08-24_A-706,PIR,True,"[  20.3346237    20.83362253   20.84698917 ... 7186.39375798 7186.39599131
 7186.40279129]"
353,662892_2023-08-24_A-707,PIR,True,"[  20.22799061   20.28315715   20.37379027 ... 7185.45099351 7185.72079288
 7186.19415844]"
354,662892_2023-08-24_A-708,PIR,True,"[  20.96618889   21.00665546   21.02815541 ... 7185.36036039 7185.49166008
 7186.07422539]"
355,662892_2023-08-24_A-710,PIR,True,"[  24.24691458   27.65780663   38.15558217 ... 7167.65283498 7174.41165257
 7179.69810691]"
356,662892_2023-08-24_A-714,PIR,True,"[  23.6526493    24.16331477   25.23367895 ... 7182.63356674 7185.29419387
 7185.5839932 ]"
357,662892_2023-08-24_A-715,PIR,True,"[  20.37495694   20.92582232   20.95945557 ... 7173.11865558 7173.32045511
 7181.85410189]"
358,662892_2023-08-24_A-716,PIR,True,"[  20.82928921   21.49508766   22.84975117   23.61614938   24.04848171
   27.27840751   28.33833838   28.79403732   29.09863661   31.06723202
   31.94632997   32.56822852   33.00112751   33.53362627   37.46488378
   50.39725364   50.96915231   52.25318265   59.7139986    60.6994963
   61.33382816   62.44462557   62.63949178   62.93012444   63.99628862
   67.29701426   72.69683501   75.89722755   76.78625881   77.27082435
   80.90201589   81.8278804    83.0449109    84.32327458   84.69344039
   92.97018777   94.2443848    98.31287532  100.4669703   108.94318388
  109.9195816   113.31400703  115.55103515  116.26786681  120.89875602
  121.79042061  122.09245324  122.1375198   125.64194497  126.2543102
  127.07177497  137.80718328  141.23900862  143.00473784  145.47403208
  148.43092519  149.52472264  150.34652073  150.71948653  152.14691653
  154.43107788  156.12277394  157.95730299  163.29209056  165.49241877
  166.71931591  167.20571478  174.45089789  178.99775396  180.82178305
  180.89414954  182.702112    187.21520148  188.09903275  195.08178315
  196.20791386  197.3471112   197.99590969  198.38850878  203.20436422
  208.53895179  218.63479493  219.07836056  231.32763202  237.60695072
  240.33144437  240.52927724  242.63913899  252.28401652  265.77958507
  301.58330164  301.7719012   307.74678727  308.08448649  311.01377966
  321.99385407  322.47871961  332.63059595  336.6012867   337.30688506
  342.39460653  350.39515456  353.1528148   374.22029904  377.67799098
  379.85208591  388.20266645  394.97205068  397.51104476  397.67344438
  412.71294267  428.91187159  433.78799356  435.89748864  438.59294903
  439.1623477   465.88568543  469.65524331  471.4189392   472.04260442
  482.29874718  492.50209007  494.52985201  496.05564846  502.56649995
  502.76133283  504.24019605  510.49224815  519.31566092  528.57050602
  547.18366265  549.00779173  563.24645855  569.8474765   575.77656268
  616.10466871  629.85030334  630.55970169  638.68688275  663.15495907
  669.36607793  671.00890743  671.46437304  689.02319879  698.24054397
  703.82173097  707.02329017  714.92683842  715.34747078  726.96737703
  729.76020386  730.04323653  731.86899894  738.55018337  751.54981975
  751.76288592  753.70744805  758.55700342  773.92403427  788.93376596
  804.96209528  808.32612077  811.41384691  814.96623863  815.00077189
  848.30742761  854.54991306  877.52412619  887.39243653  895.68921719
  897.09551392  904.23016396  911.92841268  932.60033118  983.3417796
 1008.3161214  1022.65352133 1026.81414497 1049.40809231 1064.63899016
 1068.19371521 1069.47287889 1074.39580075 1087.78500289 1088.96510014
 1111.13681514 1116.14850346 1126.61357907 1140.20964739 1154.75688015
 1183.23144713 1188.91490056 1200.92713923 1216.28457011 1219.74279538
 1220.68902651 1262.47306248 1262.71629524 1267.255718   1273.45253689
 1287.57880397 1319.23036355 1320.53569384 1329.56620613 1331.48640166
 1333.7118298  1354.03451578 1355.89704477 1358.4596388  1361.58129819
 1370.47124414 1372.18754014 1372.71760557 1382.58968257 1400.5017075
 1413.302611   1427.26097847 1432.37533322 1442.03394405 1450.78295699
 1453.00791847 1465.46502278 1467.38945163 1469.36691369 1477.63722775
 1489.20606745 1501.87997125 1522.50368986 1527.75321096 1533.42949773
 1535.68082582 1545.41833646 1554.44828209 1593.55389096 1594.30195588
 1603.43796793 1605.49919646 1606.18699485 1608.4562229  1611.66968208
 1632.99809904 1644.61173865 1654.87514806 1662.00719811 1668.5648495
 1673.05990569 1673.87753712 1691.56812922 1691.65002903 1724.71211866
 1725.12098437 1735.39679376 1737.51772215 1755.52728018 1782.76918337
 1799.62607742 1827.16174658 1844.87963863 1847.18143327 1848.87666265
 1864.96732515 1893.35132568 1900.64810867 1908.04772476 1912.03118215
 1913.27287925 1913.31777915 1933.21873277 1936.58859159 1982.97821682
 1984.42524678 1985.15394508 1985.49984428 2004.74749942 2011.78494969
 2015.4589078  2025.00975221 2031.24367101 2053.37378611 2056.35967915
 2101.37310759 2108.76709036 2132.03100281 2137.92698908 2144.28147427
 2147.90899915 2157.66684308 2158.73934058 2159.44100561 2160.80200244
 2160.97703536 2197.03251801 2201.99030646 2204.36736758 2204.84013315
 2211.70441715 2222.99809083 2232.21783602 2248.47976479 2261.06013547
 2273.3913734  2279.8434917  2286.61537592 2286.98047507 2287.07057486
 2294.57392404 2309.74982201 2316.10867386 2318.10630254 2325.84745116
 2350.53086031 2354.97744995 2364.64556075 2368.45065189 2369.40681632
 2378.47486186 2378.60006157 2390.55183372 2401.97494043 2402.41450607
 2409.28692339 2415.39030917 2439.30195345 2442.55077921 2444.05834236
 2455.09501665 2456.51158001 2470.55818061 2481.54022169 2481.7499212
 2490.52260076 2494.34209186 2508.96685777 2516.55454009 2516.56044008
 2523.89432299 2523.91832293 2530.91523996 2533.96059953 2539.67825287
 2545.88013842 2546.97590254 2548.03750006 2552.15485713 2553.97018624
 2559.84073922 2565.66895898 2585.8574786  2594.35149214 2594.63569147
 2603.47640421 2612.8901156  2615.99197504 2619.33983391 2619.45733363
 2622.22739384 2629.45357701 2645.21584027 2676.71010022 2679.32919411
 2688.78157209 2695.72005592 2718.95073512 2720.34786519 2724.16478963
 2753.36368826 2755.1470841  2760.4686717  2768.02395409 2775.93010234
 2789.05053843 2791.78473206 2797.48471878 2835.92209587 2859.4264411
 2871.69927917 2880.2839925  2903.49573841 2912.37608438 2926.80985074
 2948.54096677 2957.33804627 2973.49327529 2974.84710547 2976.98330049
 2977.64843227 2992.30976478 2995.01209181 2995.58525714 3001.11401093
 3006.18856577 3015.36981104 3017.18654014 3018.29487089 3033.54080203
 3055.71988368 3057.86827867 3063.66636516 3068.75865329 3074.00267441
 3081.6010567  3084.82121586 3085.00444877 3117.66797265 3118.33063778
 3118.37990433 3122.31476183 3122.70876091 3125.25552164 3125.32272148
 3154.56815333 3168.60348729 3178.1284651  3188.8820067  3190.10943718
 3214.99431252 3215.35514501 3222.27216223 3233.76746877 3240.07468741
 3241.77981677 3242.42821526 3244.38737736 3259.03507656 3272.72101133
 3281.6754238  3301.03934534 3309.5102256  3312.78881796 3320.32643373
 3343.30651352 3352.48302546 3354.76832014 3358.12947897 3362.21876944
 3374.04434189 3378.00546599 3385.30404898 3391.3772015  3418.38833855
 3425.20352267 3438.17045912 3444.43684452 3451.9125271  3467.83155667
 3470.26765099 3474.126142   3477.53193406 3487.89034326 3492.71919867
 3499.96468179 3521.38889853 3522.11473017 3531.63200799 3559.60060949
 3582.23059008 3605.64766885 3607.27866505 3618.17517299 3629.55367981
 3630.48194431 3650.45639776 3660.19424174 3661.38930562 3688.976508
 3706.00813498 3710.34182488 3722.38866347 3729.20374759 3734.2919024
 3740.58375441 3744.84724447 3750.7018975  3752.23152726 3755.28525348
 3760.00087583 3763.61773406 3769.39242061 3791.98766795 3793.69033065
 3797.79175443 3798.68748568 3800.25484869 3800.66971439 3821.80229848
 3851.50872925 3851.83539516 3851.85399511 3858.77837898 3864.3039661
 3883.87955382 3885.29678385 3890.35700539 3906.38156805 3909.06829512
 3917.45180892 3939.28359138 3945.69254311 3950.46873198 3955.75408633
 3968.8568558  3974.48450935 3982.29712448 3998.67178632 4000.30748251
 4004.35773974 4006.47033481 4023.76476118 4027.61621887 4034.15120364
 4035.06716817 4058.91234594 4059.09387885 4084.79028564 4097.652989
 4105.04787176 4123.56359528 4124.45399321 4146.07074284 4192.97716686
 4207.13530054 4215.83354693 4215.89991345 4226.4614555  4232.7142076
 4234.15090425 4239.03405954 4239.58515825 4252.28862865 4280.33866328
 4289.67554153 4295.4212948  4300.4432831  4310.28662683 4316.38444595
 4327.49542006 4329.29954919 4341.23425471 4350.19716716 4362.74033793
 4369.05408988 4372.49888186 4382.0769262  4391.42847108 4400.35931693
 4400.83211583 4410.99445882 4411.70785716 4412.54182188 4418.60420775
 4419.57207216 4426.36802299 4426.44412282 4431.515211   4433.65293935
 4438.66879433 4469.84568834 4479.40049941 4495.56069509 4496.37332653
 4497.62939027 4506.10663718 4508.99289712 4522.08136662 4527.36288764
 4531.2308453  4532.16147646 4540.0695247  4542.53918561 4550.82253298
 4550.83493295 4550.84013294 4550.88106617 4551.61883112 4552.3161295
 4560.39547734 4575.9590744  4590.98830605 4594.04209893 4614.45651802
 4652.42956287 4655.45788915 4656.21752071 4656.65108636 4678.24603604
 4680.42503096 4704.99134038 4710.90655993 4716.74817965 4734.70553781
 4735.48740265 4742.23948692 4755.88738845 4769.49952339 4797.14399231
 4800.06038551 4806.8442697  4813.54158743 4824.0097297  4827.36115523
 4829.87228271 4855.63592267 4866.27766454 4878.92096841 4882.36379372
 4883.36279139 4911.41125936 4917.39984541 4922.77486622 4926.33585792
 4930.99831372 4958.30741675 4962.25534088 4976.15410849 4976.78214036
 4983.05669241 4994.36999938 5021.28830332 5026.23965845 5039.43999435
 5040.21139255 5042.07028822 5059.22234825 5064.18580335 5072.91831634
 5097.98479126 5101.11198397 5116.833814   5121.66973607 5145.93891284
 5147.17727663 5161.24537718 5166.94779722 5168.19366098 5169.89789035
 5176.62074135 5179.20463533 5211.47719345 5213.07112307 5225.59726055
 5240.21662648 5240.54235906 5241.49705683 5245.7431136  5256.34972222
 5266.86313106 5271.09735452 5272.28655175 5272.45655135 5280.60973236
 5281.00259811 5284.88148907 5292.25350522 5293.06027001 5318.38657766
 5337.83623233 5352.0110993  5353.9861947  5355.87825696 5356.46808892
 5368.45542765 5379.3045357  5383.53885917 5388.44688106 5392.32090537
 5402.84364751 5408.16363512 5416.99094788 5417.83371258 5422.27203557
 5427.7515228  5434.29627422 5435.8769372  5437.27013396 5445.82228069
 5449.24500605 5450.63680281 5457.30355394 5458.32235157 5459.11644971
 5464.08467147 5469.79762482 5473.13815037 5476.41644273 5495.68149784
 5496.03909701 5497.93269259 5500.26655382 5500.84865247 5501.55928414
 5505.68250787 5514.88398643 5524.47153075 5553.68232935 5564.52650408
 5570.43002365 5573.02605094 5574.41001438 5591.6788408  5596.50349623
 5601.60978433 5602.15431639 5608.62663464 5629.98215155 5631.34641503
 5642.77612173 5647.87194319 5654.4604945  5674.37151477 5681.44493162
 5689.50471284 5716.6304163  5719.98747514 5731.7327811  5746.8396459
 5747.87041017 5747.92077671 5749.49410638 5753.61046346 5762.88724184
 5764.39830498 5784.95295709 5792.36007316 5796.49373019 5798.67482511
 5801.44265199 5807.9203369  5808.27400274 5811.73849467 5811.84489442
 5817.05948227 5818.82294482 5825.42252945 5830.85545012 5838.57896545
 5842.00525747 5848.36220932 5898.52745909 5918.74117865 5923.97326646
 5925.3559299  5938.4441994  5961.26471289 5971.26495626 5971.51492234
 5974.1479162  5978.04544046 5981.02140019 5981.35579941 5982.19323079
 5987.93408408 5996.23836473 6004.26867935 6007.25933905 6018.4945462
 6020.51317483 6038.96493183 6041.16229337 6044.471619   6044.63491862
 6048.95317522 6050.2653055  6058.70191917 6064.1091399  6076.89297678
 6081.22186669 6102.01035158 6105.07564444 6118.27348035 6140.40432878
 6144.96855147 6154.39189618 6154.41109614 6162.50984393 6168.09369759
 6178.06960767 6178.35344034 6183.70029455 6188.52444998 6189.52574764
 6205.22187773 6207.65573873 6208.60143652 6218.68841302 6218.81104607
 6227.20489317 6230.57455199 6231.76361588 6239.6934974  6245.96558279
 6250.87463802 6256.39515848 6257.52448919 6259.1648187  6263.78584126
 6264.08484057 6272.83638684 6278.65220662 6280.23113627 6302.22701835
 6302.4486845  6310.31566617 6310.41996592 6311.11959763 6335.67487374
 6343.93408783 6349.2813087  6370.3809262  6385.83729018 6387.82948554
 6392.25604189 6392.6084744  6394.59220311 6400.30028981 6406.37814231
 6407.33947341 6413.68629195 6414.74372282 6435.20310848 6476.59614535
 6477.10661083 6488.89408336 6489.26084917 6491.25697785 6518.51184767
 6526.79942836 6531.32228449 6533.15618022 6536.59700553 6541.26936131
 6549.27974264 6559.0087533  6569.86032802 6570.11689409 6581.48933425
 6594.99620278 6606.55647584 6620.70350954 6631.90041678 6655.59612823
 6655.9101275  6658.57868794 6668.41236503 6679.97973807 6703.52531654
 6712.18599636 6715.94675426 6717.99268282 6718.93501396 6719.32714638
 6749.92290842 6755.9234611  6756.25086034 6762.41397931 6765.57000529
 6769.90209519 6770.4981938  6771.26965867 6773.87721926 6778.81930775
 6793.79493952 6795.25840277 6803.57878338 6803.85428274 6812.18076334
 6821.41470849 6828.11445954 6836.50037333 6845.64148537 6856.2812939
 6857.24195833 6863.32527749 6881.86910094 6885.15155996 6891.63184486
 6905.67871213 6907.90830693 6913.22252788 6917.08391888 6944.42378851
 6959.06172106 6960.65248402 6965.83527194 6974.91798411 6975.46004952
 6982.48089982 6997.17066559 7014.09489282 7016.33102094 7021.09180985
 7023.35180458 7034.14791276 7037.65660458 7045.37935325 7050.69567419
 7065.52603964 7066.56287055 7072.90048912 7098.15549693 7103.78771714
 7117.49115187 7125.69153277 7136.76514029 7143.40939148 7153.4272348
 7154.33373269 7170.23692896 7173.15472216 7173.99418687 7179.516274  ]"
359,662892_2023-08-24_A-717,PIR,True,"[  21.16328843   26.23507661   32.66496163 ... 7185.42349357 7185.53602664
 7185.58622653]"
360,662892_2023-08-24_A-718,PIR,True,"[  20.347157     21.05088869   21.06138867 ... 7186.30949151 7186.31605816
 7186.32992479]"
361,662892_2023-08-24_A-721,PIR,True,"[  20.24515724   20.43585679   20.68178955 ... 7178.40824325 7182.69869992
 7184.52712899]"
362,662892_2023-08-24_A-722,PIR,True,"[  20.27272384   20.66985625   20.77678933 ... 7185.4413602  7185.47166013
 7185.80165936]"
363,662892_2023-08-24_A-723,PIR,True,"[  20.76625602   21.14425514   21.21965497 ... 7181.87170185 7181.99916822
 7182.95499932]"
364,662892_2023-08-24_A-724,PIR,True,"[  20.26202386   20.32429039   20.38109025 ... 7183.58756452 7183.89473047
 7186.02225884]"
365,662892_2023-08-24_A-726,AIv,True,"[  20.28799047   20.39522355   20.42509015 ... 7186.27819158 7186.38875799
 7186.39712464]"
366,662892_2023-08-24_A-727,AIv,True,"[  20.38092359   20.96825555   21.16572176 ... 7185.57169323 7185.80315935
 7186.30729151]"
367,662892_2023-08-24_A-728,AIv,True,"[  22.82721789   23.08675062   27.9006394  ... 7156.35269465 7156.36372796
 7156.47102771]"
368,662892_2023-08-24_A-734,AIv,True,"[  20.38149025   20.41022352   20.49382332 ... 7185.78785939 7186.31585816
 7186.31939148]"
369,662892_2023-08-24_A-735,AIv,True,"[  27.25000758   41.26287493   68.54684468 ... 7181.73223551 7185.77179276
 7186.382358  ]"
370,662892_2023-08-24_A-736,ORBl,True,"[  21.05168869   21.11232188   21.49668765 ... 7182.92989938 7183.20476541
 7183.87606384]"
371,662892_2023-08-24_A-738,ORBl,True,"[  20.40185687   20.79375596   20.94242228 ... 7165.45254011 7170.87809413
 7180.35250539]"
372,662892_2023-08-24_A-740,ORBl,True,"[  20.66602292   22.05038636   22.70318484 ... 7164.59397544 7175.7550161
 7182.79129971]"
373,662892_2023-08-24_A-743,ORBl,True,"[  22.62745169   27.1562078    27.28037418 ... 7185.59019318 7185.71539289
 7185.9418257 ]"
374,662892_2023-08-24_A-744,ORBl,True,"[  21.99591982   21.99998648   22.01768644 ... 7174.67021863 7176.31448147
 7181.99803489]"
375,662892_2023-08-24_A-746,ORBl,True,"[  21.46142107   22.12435286   27.64667332 ... 7182.82823295 7182.952366
 7183.62633109]"
376,662892_2023-08-24_A-749,ORBl,True,"[  23.87551544   24.04548172   24.27038119 ... 7185.57829321 7185.65235971
 7185.94749235]"
377,662892_2023-08-24_A-753,ORBl,True,"[  20.66628959   20.79988928   20.80435593 ... 7186.08379203 7186.09259201
 7186.28982489]"
378,662892_2023-08-24_A-755,ORBl,True,"[  22.01481978   22.10198624   22.13145284 ... 7186.29079155 7186.33552478
 7186.3566914 ]"
379,662892_2023-08-24_A-756,ORBl,True,"[  30.89323242   32.46536209   41.21187505   45.28359889   48.88062384
   53.675546     61.68592733   86.91133522  116.90156533  131.39903155
  133.81972591  142.61500541  161.72246089  170.38774069  180.96944937
  181.0256159   207.73752032  234.5823911   261.26836225  280.36831774
  299.37820677  300.85423667  314.28727203  319.62615959  320.07989187
  320.61195729  346.15319777  348.09549325  360.06226536  365.98075157
  366.62571673  369.64660969  402.97626536  408.98081803  416.72499999
  428.16120667  454.99904413  472.40913689  474.14213286  477.83109093
  516.38060109  525.70864602  533.62319425  533.85562704  563.31472506
  592.20185774  618.10909737  631.28016668  640.01851298  643.35210521
  656.86704039  657.74763833  658.03770432  659.33476797  659.91293329
  661.40496314  665.56608678  671.85577212  680.32345239  688.00350116
  714.8342053   737.22928645  748.26459407  757.90047161  784.65270927
  795.83838321  809.14845219  818.81569633  823.40321897  825.75451349
  833.00696326  846.7221313   875.45433101  880.32511966  897.13464716
  904.91022904  934.95605902  937.1819205   959.50486848  980.54905278
  986.01460671  990.037964    993.63462228  999.10347621 1009.68025156
 1019.7485281  1020.90669206 1027.13904421 1030.52110299 1032.05153276
 1037.22575404 1038.53875098 1038.5410843  1043.20517344 1044.90493614
 1050.00502426 1067.58438329 1076.56446237 1100.99403877 1101.00050542
 1137.51848699 1143.4205399  1153.54458298 1208.29728872 1217.25836784
 1221.02625906 1222.481289   1234.05729536 1234.85072684 1240.792613
 1240.97467924 1241.13137888 1245.65616833 1246.23870031 1251.06935572
 1255.80951134 1256.9132421  1260.22100106 1260.86969955 1271.95067372
 1286.11870738 1305.52142883 1312.88561167 1325.60464869 1326.8044459
 1327.24367821 1329.53467287 1331.52700156 1345.03377009 1345.42570251
 1345.82750157 1349.32532675 1350.1049916  1395.30838626 1404.46753159
 1424.43265173 1424.71131775 1432.37869988 1458.20970635 1458.4743724
 1459.21240402 1462.50026302 1466.13085456 1471.66190834 1474.44440185
 1482.01508421 1510.49075119 1522.95262215 1523.75645361 1535.88575868
 1572.83047258 1580.74735414 1592.16799419 1593.08519205 1604.80769807
 1615.3949734  1617.02150294 1627.96037745 1628.94754182 1629.29687433
 1637.69625476 1638.29815336 1659.28890444 1670.55251153 1672.79643963
 1686.00657552 1690.99433056 1691.4192629  1691.61816244 1693.31152516
 1694.20308975 1695.75668613 1704.7402652  1705.4981301  1706.31189487
 1707.00225992 1707.1432596  1718.35343347 1720.3312622  1725.92571583
 1733.39553175 1733.40146507 1745.81756947 1753.50205157 1759.97840314
 1762.72469674 1789.68156726 1812.67858033 1837.28545633 1837.70618868
 1848.09603113 1852.71945369 1858.13007442 1889.09026894 1895.72058682
 1898.51204698 1902.03970543 1911.02171783 1922.11182532 1933.01729991
 1945.41030436 1947.88753192 1959.04447259 1960.17750328 1968.57751704
 1990.98819815 1992.3861949  1996.36228563 1996.46771872 1998.76798002
 1999.0791793  2001.18414106 2001.73277311 2002.23970527 2003.926268
 2006.66639495 2009.11375591 2009.31168879 2009.5901548  2034.77236279
 2052.96388706 2087.31600701 2147.38970036 2154.4928838  2224.60745375
 2259.08660674 2272.44874227 2274.62240387 2283.50124984 2283.8062158
 2287.33604091 2299.87624502 2307.26149448 2308.99469044 2308.9971571
 2321.67416089 2325.75681804 2340.61351676 2346.04713743 2355.72161488
 2358.59697485 2361.16366887 2369.90924849 2370.1608479  2378.08386277
 2415.85224143 2450.55196057 2507.54922775 2536.25436085 2539.13248748
 2540.78675029 2550.3951279  2558.13754319 2559.62377306 2564.07892935
 2579.59369319 2586.32364418 2601.30490927 2602.95970541 2606.51329713
 2607.87136063 2612.70381604 2616.14570802 2616.75007327 2616.91953955
 2617.29643867 2618.11600342 2624.90162095 2625.07075388 2628.69021212
 2665.7020592  2681.16345651 2707.95376074 2713.90118022 2717.62117155
 2735.94462885 2791.07056706 2797.77791809 2863.01886606 2897.02595348
 2911.77168579 2918.82516935 2925.96761937 2930.71340831 2933.61750155
 2936.83879404 2949.81559713 2963.43579873 2968.73471971 2989.79517064
 2992.43863114 3037.50155947 3040.40471937 3040.80205177 3046.49193851
 3052.863857   3103.09737327 3155.59085095 3163.44063266 3167.1400907
 3168.85322004 3173.26877642 3181.94188954 3186.58931205 3204.27237084
 3215.32064509 3224.33402409 3224.53675695 3237.03906115 3238.56875759
 3257.74037958 3258.50914445 3287.9276759  3321.94706329 3333.14893719
 3339.60912213 3348.23006871 3353.74568919 3375.41940535 3381.94385681
 3412.33815265 3425.5639885  3427.41581752 3431.32744173 3447.73797016
 3453.91818909 3481.78499082 3482.24938974 3484.8828836  3515.34184595
 3515.56994542 3521.75223102 3522.94359491 3527.12308517 3543.1593478
 3560.58660719 3562.75040215 3586.06164782 3590.33460453 3642.67184924
 3666.11686127 3682.60118952 3682.72462257 3684.5279517  3708.48002922
 3718.68387211 3738.35815959 3738.89429168 3769.81295296 3772.99711221
 3800.89218054 3812.65741979 3858.42067981 3858.57094613 3867.81925791
 3876.25193826 3876.26003824 3877.7798347  3881.96799161 3884.10798662
 3884.63195207 3884.94908466 3897.62742178 3911.86422194 3913.58395127
 3932.66697346 3941.04318728 3971.29705011 3984.21512001 3993.33873208
 4003.19714244 4003.59314152 4056.61548463 4061.72293939 4065.68279683
 4067.93509158 4080.13306316 4083.05725634 4123.29122925 4124.99259195
 4146.50327516 4154.72885599 4199.6279847  4210.49135938 4213.02202015
 4218.381741   4236.45956554 4236.99253096 4237.84549564 4239.67242472
 4242.30465192 4246.73290826 4248.06400516 4253.59719227 4254.80345612
 4255.5568877  4259.80931112 4261.95030613 4265.77749722 4268.35835787
 4272.72481436 4280.85212875 4300.49384965 4304.17954106 4304.35320732
 4310.15096048 4324.33232743 4342.82391768 4349.09983638 4374.49161055
 4375.06170922 4376.97090477 4380.38633014 4380.61166295 4384.05158827
 4400.22258392 4402.76577799 4402.98087749 4417.44944378 4423.97059525
 4433.85537221 4512.64108862 4523.29423046 4532.36814265 4538.41532856
 4584.21475516 4584.37852145 4602.46924596 4602.49501256 4602.77867857
 4621.24950219 4631.09227926 4662.70810558 4665.20409977 4665.22233306
 4672.32204985 4672.51758272 4705.91030491 4770.69425394 4772.46838314
 4779.22843406 4816.73044667 4829.16485102 4837.32889866 4859.70691318
 4895.20249714 4897.36932542 4898.30492324 4905.63627282 4922.56346671
 4924.62472857 4934.3247393  4947.46237535 4950.55730148 4963.68940421
 4966.65639729 4968.55042621 4971.89198509 4974.38327929 4975.54850991
 4977.76567141 4986.37358468 5011.28145997 5015.93984911 5020.70523801
 5021.9843017  5022.38690076 5026.00985898 5026.55009106 5032.30131099
 5038.37103018 5044.65048221 5065.86013279 5068.42322681 5069.52965757
 5069.76389036 5075.17471108 5077.34340603 5081.30826345 5102.50438073
 5108.14140092 5123.80346443 5141.82482243 5142.67955377 5152.68393046
 5152.68626379 5161.53327651 5163.50680524 5167.36226292 5185.32432107
 5185.72915346 5186.26255221 5192.33033807 5193.05453638 5198.43642384
 5198.78455637 5206.02027284 5208.43983387 5217.58341256 5221.02933786
 5227.17259021 5230.33088285 5233.28424264 5240.3372262  5256.40238877
 5268.56922708 5314.08615435 5316.27028259 5320.75280548 5324.96902898
 5326.80019138 5328.87831987 5340.697259   5357.38935344 5364.16140432
 5365.88230031 5366.40393243 5369.1897926  5371.89265297 5407.84786919
 5412.00745949 5413.05202373 5413.05775705 5413.1610568  5419.69634158
 5420.82783894 5427.14185756 5429.78708473 5435.07497241 5439.56949526
 5440.36049342 5448.02530889 5451.4967008  5451.49893413 5453.46502955
 5455.10872572 5455.12682568 5455.32495855 5464.68427007 5465.28826867
 5466.17163327 5467.00109801 5471.41502106 5474.57461369 5474.57694702
 5475.36041186 5475.96874378 5478.3463049  5478.64447088 5485.98118711
 5489.16821302 5490.16117737 5490.6188763  5491.12187513 5495.2975654
 5497.67075987 5506.0276404  5508.22276862 5511.05566201 5516.44744945
 5518.36354498 5522.15230282 5522.7751347  5524.01693181 5529.3872193
 5531.37328133 5536.13223691 5561.92247681 5587.2461178  5598.28625874
 5600.53875349 5602.73441504 5605.02487637 5606.55700613 5606.5719061
 5609.62629898 5609.62886564 5609.93829825 5613.10385754 5616.32008338
 5651.89910047 5652.84096495 5657.06908843 5664.17783853 5674.26034837
 5678.86993762 5688.74021462 5694.298335   5694.73753398 5702.97018146
 5703.20541425 5713.40022382 5728.23982258 5728.3734556  5728.69775484
 5736.60296976 5737.75430041 5739.13739718 5752.97876493 5760.671547
 5760.75748013 5764.77363744 5768.80286139 5777.65364076 5785.40795602
 5788.62644852 5793.22240448 5818.58507871 5818.76647829 5821.75707132
 5833.28814445 5834.85994079 5835.80673858 5837.74900072 5838.92249799
 5839.54789653 5840.30862809 5843.72512013 5848.47614239 5848.69057522
 5849.56667318 5850.5870708  5850.73880378 5850.79747031 5851.18430275
 5852.14733384 5852.48793304 5854.72619449 5856.35139071 5865.55513592
 5866.16816783 5870.50925771 5870.64705739 5873.62831711 5878.04040683
 5879.28657059 5881.98369764 5894.19210253 5900.87275362 5901.74891825
 5901.75305157 5918.35851288 5929.90558597 5932.34761361 5932.35008027
 5933.05367863 5936.8448698  5938.69796548 5941.22925958 5946.77904665
 5951.80003495 5952.04170105 5960.25364858 5971.40275593 5980.04340247
 5987.46415184 6007.5519717  6008.27367001 6044.21755292 6044.5005856
 6045.64408293 6052.43013378 6067.069633   6067.29033249 6067.99693084
 6068.47919638 6068.60722942 6076.18604509 6078.84750556 6083.05182909
 6085.3088905  6089.78128008 6091.14691023 6091.14921022 6095.91866578
 6096.37486471 6096.38293136 6100.79035442 6118.81841241 6119.35997782
 6119.94284313 6129.29788799 6129.43545434 6134.19307659 6140.6955281
 6142.71359006 6166.91610033 6177.56277552 6178.44337347 6178.44587346
 6178.62297305 6184.97299159 6185.57002353 6190.30914582 6191.33461009
 6192.73964015 6200.07198973 6201.47721979 6202.39205099 6205.36094408
 6207.01717355 6207.77390512 6210.07989975 6211.17563053 6212.48882747
 6213.3164922  6216.17631887 6227.34142619 6257.04785696 6260.58751538
 6260.7370817  6269.84786047 6271.82732252 6276.00774611 6277.81437524
 6278.37300727 6278.59050676 6279.78977063 6288.91281604 6289.17074877
 6293.80810463 6295.62986706 6300.97722126 6301.67135298 6309.13110226
 6310.60873215 6318.24851435 6326.58726158 6345.13241837 6346.04081625
 6351.9398025  6360.85948172 6361.76241295 6361.76507961 6363.96210782
 6365.37657119 6368.04146498 6374.38328354 6376.56251179 6376.83581116
 6382.32899835 6386.10342289 6391.30451077 6391.50564364 6391.93254264
 6391.93474264 6393.35917265 6393.93357131 6396.07306633 6397.21703033
 6410.68606561 6436.86397127 6439.08513276 6440.58649593 6444.21928746
 6455.01592897 6456.72095833 6476.16424636 6477.95234219 6484.88315937
 6496.07433329 6497.69276286 6509.46446876 6515.74642079 6516.6111521
 6519.92321105 6521.33180777 6522.74037115 6536.58140557 6547.24094739
 6560.58328297 6568.33683157 6568.94723015 6571.11429176 6573.51755283
 6576.00888036 6589.25678282 6602.26678583 6606.12354351 6625.9846639
 6628.37385833 6628.39559161 6629.67805529 6630.12355425 6630.12592091
 6630.93071904 6632.79811469 6634.97944294 6643.3509901  6669.91019487
 6674.4755509  6677.67924343 6687.72742002 6687.88641965 6722.09457327
 6742.31902614 6745.87595118 6749.91900843 6751.72287089 6757.46445751
 6767.20270148 6772.97668803 6782.83759838 6818.01344975 6823.76586968
 6828.75219139 6835.08617663 6838.17526943 6838.98876753 6842.09592696
 6844.46138812 6844.50965467 6845.29655284 6846.40918358 6847.26551491
 6847.26804824 6848.87107784 6850.7202402  6851.04743943 6852.66573566
 6853.69203327 6853.96096598 6853.98579925 6854.41206493 6854.98423026
 6858.45355551 6858.66882167 6858.93122106 6862.83167864 6862.87274521
 6863.20197778 6865.69900529 6871.34052548 6874.22138543 6874.22661875
 6875.11978334 6876.81907938 6878.92230781 6879.12220734 6879.48820649
 6882.11830036 6891.6284782  6891.99641068 6898.66282848 6902.59015266
 6902.59228599 6906.54427678 6907.14814204 6907.15620868 6907.67487414
 6909.02663766 6917.11465214 6929.7059228  6931.45215207 6942.53032625
 6950.70197388 6958.55205558 6958.99405455 6970.42629458 6970.85336025
 6971.81952467 6981.15510291 7001.14508966 7006.00334501 7012.13456405
 7012.38879679 7021.6714085  7023.63697058 7025.69929911 7025.82143216
 7026.28979773 7036.46940735 7040.337865   7040.34726498 7042.79129261
 7044.75718803 7046.0742183  7047.52481492 7048.77257868 7049.05761134
 7049.3922439  7050.47197472 7050.48844134 7056.02866177 7058.04322374
 7062.24531395 7063.04211209 7063.20321171 7066.72627017 7067.15693583
 7071.78532505 7072.9788556  7077.24951232 7079.09897467 7085.63669277
 7092.52027673 7096.27340132 7097.93859744 7117.68058477 7118.13161705
 7124.51006885 7126.0915985  7126.99356306 7127.77606124 7131.75278531
 7133.97594679 7134.85937807 7136.21417491 7136.21804157 7136.99447309
 7160.26538553 7160.26771886 7160.68598455 7161.05285036 7161.27098319
 7162.24928091 7162.57158016 7162.58468013 7162.92817933 7165.44424013
 7169.88239645 7174.68698526 7174.87568482 7182.21500105]"
380,662892_2023-08-24_A-759,ORBl,True,"[  20.78718931   21.04412204   22.11921954 ... 7184.64716205 7185.14832755
 7186.12539194]"
381,662892_2023-08-24_A-760,ORBl,True,"[  22.47541871   22.82155123   28.27737185 ... 7183.93566371 7185.00572788
 7185.98155894]"
382,662892_2023-08-24_A-762,ORBl,True,"[  20.27265717   20.32172373   20.38292358 ... 7185.30782717 7186.06789207
 7186.33225812]"
383,662892_2023-08-24_A-763,ORBl,True,"[  23.13708383   25.20167902   26.38870959 ... 7169.3481977  7172.55039024
 7181.46423613]"
384,662892_2023-08-24_A-765,ORBl,True,"[  20.43089014   20.53782322   20.61302305 ... 7185.50219339 7185.57659322
 7186.28525823]"
385,662892_2023-08-24_A-766,ORBl,True,"[  21.62998734   21.7062205    23.86124881 ... 7185.99025892 7186.14572522
 7186.16622517]"
386,662892_2023-08-24_A-768,ORBl,True,"[  22.52665192   23.58734945   24.58784712 ... 7184.47152912 7184.84982824
 7185.84452592]"
387,662892_2023-08-24_A-770,ORBl,True,"[  21.23598826   28.07373899   28.65203765 ... 7179.78507338 7181.52536932
 7184.75312847]"
388,662892_2023-08-24_A-771,ORBl,True,"[  20.21182398   20.30499043   20.36635696 ... 7186.25389164 7186.3390581
 7186.38855799]"
389,662892_2023-08-24_A-773,ORBl,True,"[  21.32352139   21.38018793   21.48762101 ... 7185.15956085 7185.60499315
 7185.9115591 ]"
390,662892_2023-08-24_A-775,ORBl,True,"[  20.27675716   20.42975681   23.15558379 ... 7183.93473037 7183.94469702
 7184.10619664]"
391,662892_2023-08-24_A-776,ORBl,True,"[  21.01345545   21.05012203   21.06468866 ... 7184.97792794 7185.00549455
 7185.31746049]"
392,662892_2023-08-24_A-778,ORBl,True,"[  21.57322081   22.1763194    22.46911872 ... 7186.02412551 7186.14562522
 7186.26802494]"
393,662892_2023-08-24_A-779,ORBl,True,"[  20.40255687   20.48122335   20.99218883 ... 7184.04359679 7184.28786288
 7184.47519578]"
394,662892_2023-08-24_A-781,ORBl,True,"[  20.58068979   20.6169897    20.7051895  ... 7168.85093219 7175.65798299
 7181.14433688]"
395,662892_2023-08-24_A-782,ORBl,True,"[  23.26065021   23.46358307   23.47044972 ... 7157.17795939 7176.82404694
 7177.24621263]"
396,662892_2023-08-24_A-783,ORBl,True,"[  26.94407496   27.06664134   27.28634083   43.3906033    43.40300327
   43.42100323   48.39472497   72.37956908   75.70806133   79.19688653
   84.6592738   107.14792139  111.56121111  144.34663471  149.01739049
  153.91771241  154.72827719  175.74199488  178.39515537  179.58681926
  206.9029556   211.9106106   218.7760946   221.31132203  223.37051723
  233.40139385  237.56975081  242.96087158  265.56105225  272.42790291
  291.55105835  292.15715694  293.95211942  316.16463432  319.78502589
  322.42595307  324.70211443  357.55057122  364.03548944  368.53771228
  382.97941196  397.68034437  403.50633079  422.92438554  433.61196064
  439.20114761  439.20898093  448.81265855  465.57568615  465.57868614
  476.59186048  478.00255719  487.43820187  488.27846658  489.49866374
  494.72638489  520.4386583   544.23270286  567.57284847  579.09958827
  594.92708472  600.61347147  611.21954676  616.85583362  623.76131753
  627.99667433  635.83045607  639.20584821  639.61748058  642.82617311
  649.04842527  651.1121538   655.06854458  661.52999619  664.19052332
  665.13392112  665.2576875   665.85418611  665.86691941  665.87355273
  676.78966063  678.07499096  678.19929068  679.35708798  679.38502125
  679.89252006  681.09835059  681.17041708  693.38895528  693.81282096
  699.21064171  701.13053724  707.59968883  721.79345575  726.34171182
  737.81501842  759.452668    771.54480649  780.92358463  803.05213306
  805.93725967  812.61967744  814.29247354  824.76318247  826.26214564
  826.32104551  829.88230388  835.54945734  837.35685312  845.95509975
  857.41183972  858.40977073  884.8440758   897.21631363  902.60186775
  914.24530728  919.53156163  921.90488944  930.13873691  931.92656608
  932.47339814  938.84508329  943.48833914  954.57587997  957.83117238
 1032.98146393 1035.40002496 1051.77442013 1073.70723569 1080.79518584
 1081.13461838 1088.43053471 1089.06359991 1099.33717597 1099.87814137
 1107.28695744 1108.09312223 1114.25024121 1117.65169995 1128.95910694
 1139.54884893 1144.83540327 1152.11648631 1170.64944312 1172.11667303
 1173.03293757 1189.31749962 1192.32335928 1195.38241882 1213.7294094
 1214.26477482 1225.63098166 1226.76701235 1241.55031123 1250.80738966
 1261.87483054 1276.74292922 1280.8872529  1294.17562193 1299.19244358
 1299.76804223 1310.24871781 1316.97523547 1317.15106839 1339.58524945
 1357.80657365 1371.4896751  1374.49213477 1407.85792369 1443.16704141
 1458.78440501 1468.94131468 1474.7678011  1497.76244752 1526.6075803
 1538.62705229 1588.92950174 1607.91875749 1617.76376788 1645.75726931
 1658.60097271 1663.81456056 1666.01508877 1666.19088836 1680.66055464
 1687.01407317 1692.37609401 1697.26128262 1713.04464584 1720.274629
 1738.72341934 1741.42811304 1792.32019444 1811.3210835  1820.54639533
 1827.38081274 1827.89471154 1846.03183594 1923.4215556  1979.38612519
 1982.33238499 1999.18791238 1999.28941214 2000.26087654 2005.25139825
 2007.15539381 2085.91731027 2098.39861452 2116.6619053  2196.09785352
 2219.04823337 2250.15469422 2255.52328171 2284.05758188 2296.90428528
 2304.43670106 2310.37835388 2310.40555382 2346.09680398 2346.10700395
 2356.94351203 2357.82487665 2362.05786678 2371.18724551 2374.29100494
 2404.3785015  2417.12493846 2422.23295989 2442.08401363 2476.76436615
 2514.26574543 2534.35386528 2540.13178515 2542.98431184 2577.05763244
 2577.06973241 2601.54804203 2660.70280419 2660.82027058 2670.45948145
 2673.85590687 2676.45973413 2694.39385901 2707.73882791 2708.2858933
 2708.38292641 2723.35362486 2723.67355744 2725.46018661 2742.83877945
 2796.94158671 2826.65988412 2835.5086635  2930.22800944 2936.29259531
 2958.40064379 3002.42517454 3009.83242394 3011.35325373 3017.18540681
 3047.6012026  3056.30518231 3066.7673246  3167.71895602 3221.66996363
 3251.10066172 3255.21708546 3264.29499764 3265.75482757 3303.24414021
 3316.08887694 3330.11151093 3341.33468478 3355.13791928 3367.36785745
 3374.30404128 3382.95918778 3439.64182236 3449.50366604 3475.69440501
 3507.35663123 3507.55659743 3517.58590739 3518.59230505 3518.62467164
 3519.18487033 3521.16246572 3565.19476312 3576.14943759 3588.38554241
 3608.49579555 3621.09533285 3621.61006498 3624.29655872 3664.46586512
 3673.28234457 3700.52328109 3773.10944528 3778.22133337 3786.53498066
 3858.79827893 3882.64859002 3889.03247514 3932.27084105 3934.8959016
 3967.77105833 3975.03437473 3977.61236873 3995.70115991 3998.04452111
 4003.75937446 4005.104438   4008.25636398 4043.85098104 4073.0760796
 4081.23289393 4134.10247073 4134.17383723 4181.09986121 4190.08337361
 4195.7489604  4239.89642419 4261.92550619 4277.20190393 4369.25632275
 4372.06864953 4377.57957002 4380.76079594 4384.76078662 4440.30309052
 4450.58336656 4468.50229147 4476.81700543 4489.77880856 4512.4610557
 4525.81742458 4584.12282204 4729.02645104 4733.64114029 4742.52138626
 4752.23943028 4766.53429697 4769.27299059 4771.35488574 4842.65298626
 4883.29319155 4884.31975583 4884.32942247 4913.14018867 4922.13290105
 4968.42192651 5008.91116549 5009.89822986 5014.89551821 5019.21027483
 5024.44099597 5025.04146124 5035.92136922 5046.81524383 5050.45926867
 5064.71703545 5070.44738876 5073.70001452 5111.10799401 5157.46105266
 5159.99714675 5173.39664886 5209.79506404 5213.03092317 5220.97370466
 5233.24187607 5233.28007598 5236.53173507 5236.56350166 5292.41313818
 5325.53826099 5326.96465767 5341.73685658 5387.80724922 5394.04513468
 5396.67042857 5405.93274032 5407.49877    5417.34641372 5417.37314699
 5418.03577878 5428.41478793 5436.74626851 5438.27316495 5455.55192469
 5457.06078784 5457.60278658 5461.99570967 5465.24303544 5467.28299735
 5471.90995324 5485.1121558  5501.69201717 5532.46597879 5540.69549294
 5546.72891222 5571.31655492 5578.71407102 5579.06777019 5581.96359678
 5582.07626318 5597.06779491 5607.28097111 5611.33979499 5624.72016381
 5624.79649696 5634.41054123 5634.46100778 5647.43387755 5709.36673322
 5709.43509973 5711.0215627  5720.55767381 5726.93122563 5735.73660511
 5747.43827784 5759.27831691 5773.12278465 5793.5874703  5797.83026041
 5799.39729009 5802.72608234 5802.88891529 5805.66297549 5806.98833907
 5833.19161134 5844.21245233 5857.28052187 5858.64238537 5862.77227574
 5864.4089386  5871.99882091 5899.71855631 5915.6473192  5947.28704547
 5949.68437321 5951.25160289 5953.84583018 5961.44337914 5975.4228799
 5990.80184406 5990.80847738 5990.93164376 5996.28689795 6043.03512234
 6043.06798893 6053.91546366 6059.91211635 6060.49034833 6080.79600102
 6113.02609258 6115.60985322 6142.97388946 6144.92905157 6193.56050491
 6200.87198787 6200.89865447 6205.98980928 6212.257628   6213.0313262
 6230.90551788 6237.56646903 6245.72381669 6253.03596631 6256.70652443
 6280.11510321 6282.98336319 6290.98161122 6295.00800184 6320.64954209
 6321.69817298 6327.19332684 6347.95661179 6418.80224669 6425.23219838
 6453.86876498 6460.32861659 6468.23669816 6476.37094588 6478.4193411
 6497.23603059 6511.14796483 6516.12085325 6531.80685003 6555.9655604
 6555.97106038 6582.14373273 6598.12652882 6612.86396114 6614.22032465
 6617.84634953 6627.25576094 6627.32432744 6627.66495998 6628.5307913
 6643.73285587 6645.65925138 6650.98130565 6660.75481621 6662.84904466
 6674.69098373 6679.35013954 6685.02735964 6689.18878328 6728.22572565
 6769.29476328 6773.53332007 6785.57362534 6789.92758186 6811.36556524
 6840.28059786 6847.40261459 6850.59417382 6861.82858098 6861.8490476
 6863.06767809 6863.40231064 6882.88243192 6890.99071302 6900.0562919
 6900.66465714 6910.9704998  6915.12299012 6923.9127363  6963.66651033
 6974.66515137 6990.92028016 6990.98554667 7014.33239226 7017.91488392
 7026.68519681 7044.26458918 7056.25396124 7058.62425572 7064.368709
 7064.3843423  7117.42275203 7119.17638128 7126.65633052 7130.98415376
 7131.00788704 7134.02244668 7156.00196213 7156.18099505 7173.63992103
 7175.23818397]"
397,662892_2023-08-24_A-785,ORBl,True,"[  21.18978837   22.20031935   22.42975215 ... 7185.64819305 7186.16922517
 7186.17082516]"
398,662892_2023-08-24_A-787,ORBl,True,"[  21.04578871   21.06478866   21.94531994 ... 7184.96219465 7185.19009412
 7185.6127598 ]"
399,662892_2023-08-24_A-788,ORBl,True,"[  20.37669026   21.17752173   21.19885502 ... 7184.93812804 7184.94642802
 7185.05449443]"
400,662892_2023-08-24_A-789,ORBl,True,"[  21.60115408   21.60375407   21.8486535  ... 7186.31992482 7186.32245814
 7186.3247248 ]"
401,662892_2023-08-24_A-790,ORBl,True,"[  21.00575547   52.94928103   53.15981387 ... 7181.28446988 7182.24123432
 7182.27063425]"
402,662892_2023-08-24_A-791,ORBl,True,"[  20.97625553   20.98368885   22.07571964 ... 7185.62952642 7185.78752606
 7185.93305905]"
403,662892_2023-08-24_A-793,ORBl,True,"[  20.60148974   20.93698896   20.93918895 ... 7180.72743785 7181.70156891
 7182.86183287]"
404,662892_2023-08-24_A-794,ORBl,True,"[  20.87155578   20.88595574   20.91575567 ... 7183.1786988  7183.19106544
 7183.81843065]"
405,662892_2023-08-24_A-795,ORBl,True,"[  20.94422228   21.7485204    22.38081893 ... 7186.3288248  7186.33192479
 7186.40332462]"
406,662892_2023-08-24_A-796,ORBl,True,"[  21.97131988   22.09225293   22.09481959 ... 7173.67018763 7177.09554631
 7178.16341049]"
407,662892_2023-08-24_A-801,ORBl,True,"[  20.27392384   20.30449043   20.36135697 ... 7183.47073146 7183.60123115
 7185.27656058]"
408,662892_2023-08-24_A-802,ORBl,True,"[  44.19706809   44.27030125   44.71110022 ... 7174.39995259 7174.46008579
 7174.98395123]"
409,662892_2023-08-24_A-803,ORBl,True,"[  21.28662148   21.29435479   21.39332123 ... 7167.02093646 7172.48279039
 7173.99228688]"
410,662892_2023-08-24_A-806,ORBl,True,"[  21.54322088   21.92265333   27.73720645 ... 7185.5819932  7185.7830594
 7186.39415798]"
411,662892_2023-08-24_A-807,ORBl,True,"[  20.71765614   21.14918846   21.71948714 ... 7186.32999146 7186.35829139
 7186.37949134]"
412,662892_2023-08-24_A-809,ORBl,True,"[  60.20759745   60.70299629   62.13739295 ... 7184.12626326 7184.17259649
 7184.42869589]"
413,662892_2023-08-24_A-810,AId,True,"[  20.37479027   21.39822122   27.54470689 ... 7162.43541381 7169.30809779
 7179.83607326]"
414,662892_2023-08-24_A-811,AId,True,"[  20.45945674   20.70355617   20.71405614 ... 7183.72129754 7183.73483084
 7183.80439734]"
415,662892_2023-08-24_A-812,AId,True,"[  21.59038744   29.76043506   63.68882267 ... 7182.7226332  7182.73373317
 7185.20449408]"
416,662892_2023-08-24_A-813,AId,True,"[  27.11104124   28.56607118   28.58937113 ... 7186.28589156 7186.35169141
 7186.35652473]"
417,662892_2023-08-24_A-815,AId,True,"[  24.47201405   24.50851397   24.63641367 ... 7180.75867111 7181.63296907
 7181.64856904]"
418,662892_2023-08-24_A-816,AId,True,"[  22.85041783   23.20041702   23.23318361 ... 7186.26399161 7186.30649151
 7186.36502471]"
419,662892_2023-08-24_A-818,AId,True,"[ 451.87415141  635.54442341  744.36703648 ... 6754.11826531 6823.00490478
 6897.46773126]"
420,662892_2023-08-24_A-821,AId,True,"[  20.32665705   20.37635693   20.44955676 ... 7183.49003141 7183.55716459
 7183.78779738]"
421,662892_2023-08-24_A-823,MOs,True,"[  20.89972238   21.0926886    21.15038846 ... 7185.42876023 7185.57645988
 7185.98629226]"
422,662892_2023-08-24_A-826,MOs,True,"[  23.52588293   23.53288291   23.54241622 ... 7181.76616876 7182.25790095
 7182.33313411]"
423,662892_2023-08-24_A-828,MOs,True,"[  37.67071663   49.91682143   80.62058321 ... 7170.55786155 7175.22501734
 7176.55044758]"
424,662892_2023-08-24_A-829,MOs,True,"[  20.22055729   20.34249034   20.67852289 ... 7184.17409648 7185.37959367
 7186.10215866]"
425,662892_2023-08-24_A-830,MOs,True,"[  20.43119014   20.51388994   20.66152293 ... 7186.0422588  7186.2252917
 7186.38115801]"
426,662892_2023-08-24_A-831,MOs,True,"[  28.20673868   28.21303867   28.25347191 ... 7169.935763   7174.53451895
 7183.19013211]"
427,662892_2023-08-24_A-839,MOs,True,"[  37.23251765   40.77257607   42.18713944 ... 7180.21650571 7180.22123903
 7185.29466054]"
428,662892_2023-08-24_A-842,MOs,True,"[  21.05482202   21.99735315   22.01788644 ... 7186.08845869 7186.19199178
 7186.3253248 ]"
429,662892_2023-08-24_A-843,MOs,True,"[  35.25802225   35.99862053   39.71377854 ... 7183.33513177 7183.74369749
 7185.01052787]"
430,662892_2023-08-24_A-847,MOs,True,"[  21.03062207   21.31025476   21.66722059 ... 7182.48693375 7182.50846703
 7183.3090985 ]"
431,662892_2023-08-24_A-851,MOs,True,"[  34.43949083   59.65036541   64.90168651 ... 7129.96405614 7134.35121259
 7177.30611249]"
432,662892_2023-08-24_A-856,MOs,True,"[  20.20899066   20.45629008   20.65065629 ... 7186.33855811 7186.36955803
 7186.39405798]"
433,662892_2023-08-24_A-860,MOs,True,"[  21.90425337   26.21041      26.62660903 ... 7185.47196013 7185.65222637
 7186.22289171]"
434,662892_2023-08-24_A-861,MOs,True,"[  20.88835574   21.56058751   23.4507831  ... 7185.40672694 7185.77722608
 7186.03495881]"
435,662892_2023-08-24_A-863,root,True,"[  20.89892238   22.69611819   22.70718483 ... 7184.95676133 7185.56399324
 7186.06825874]"
436,662892_2023-08-24_A-867,root,True,"[  22.88081776   28.80870395   55.04717614 ... 7128.72529236 7129.1789913
 7170.82782758]"
437,662892_2023-08-24_A-868,root,True,"[  20.97478887   21.14222181   21.15758844 ... 7181.65566902 7183.40006495
 7184.23589634]"
438,662892_2023-08-24_A-870,lot,True,"[  26.2977098    26.31677642   29.33896938 ... 7181.44030285 7181.45396949
 7181.61793577]"
439,662892_2023-08-24_A-872,lot,True,"[  53.84941226   85.42923867  112.83400814  135.71562149  207.63985389
  305.60042561  317.40546477  336.64991992  349.29429046  350.43462113
  369.77154274  377.14272556  390.43669458  394.84201765  442.39020685
  461.2472629   463.72992379  482.49804672  500.80850405  506.77602348
  510.9148805   518.77812884  583.39797826  588.08933399  617.84626465
  641.71010904  649.42149107  685.2677742   700.83153794  726.12051234
  751.07412086  765.59628701  769.01807904  791.44879344  792.3248914
  921.97485594  936.64705508  942.84127398  943.36587276 1103.3717999
 1144.8512699  1214.39180785 1227.38667757 1266.73458588 1271.62360782
 1300.65920682 1358.26433925 1363.59476017 1372.08234039 1420.01419536
 1438.27891946 1438.49718562 1448.04686337 1452.9827852  1455.45344611
 1465.71118887 1473.96640297 1486.45527386 1563.40299455 1573.08787199
 1573.16010515 1602.95670238 1621.11762673 1662.15486443 1665.71032281
 1668.93738196 1694.60048882 1728.51257647 1756.27191178 1760.31436902
 1791.8231956  1850.52125882 1855.44421401 1894.94122197 1928.21001111
 1929.90504049 1948.49419718 1956.1636793  1959.08603916 1961.17576762
 1984.0590143  2005.49126436 2005.49803101 2037.82875567 2049.23199576
 2077.61642962 2132.35880205 2172.26754238 2231.87843681 2336.10189394
 2406.34446358 2481.57138828 2484.19548217 2515.17550997 2515.30340968
 2540.05608533 2607.07876248 2646.54710384 2672.39117695 2673.4999077
 2677.42723188 2688.11294031 2707.69729467 2713.25431506 2713.77144719
 2775.16340412 2780.53509161 2787.79977468 2800.22107907 2966.70475778
 2969.29025175 2976.73256774 2998.64795001 2998.82758292 2998.85638285
 3005.20816805 3022.11506199 3024.07765741 3048.42186735 3061.83930275
 3067.61442263 3072.77094394 3086.51337859 3087.29457677 3087.6797092
 3116.67587497 3123.28719289 3162.1344357  3163.75476526 3180.82812547
 3180.99395842 3187.74254269 3188.47284099 3188.94537322 3190.3132367
 3196.34585598 3198.54835084 3198.91028333 3201.39307755 3201.5271439
 3205.9062337  3206.58463212 3214.94701263 3222.26246225 3222.90986074
 3223.63409239 3227.68268295 3232.53147165 3235.2149654  3239.02028987
 3239.97198765 3242.78164777 3250.49156313 3257.22938077 3258.18631187
 3260.8041391  3262.74543458 3268.40308806 3289.0439733  3292.58279838
 3294.87149305 3298.96845017 3304.34927096 3304.63280364 3308.78542729
 3309.99502447 3310.16982407 3310.93102229 3315.18391238 3315.34447867
 3323.80755895 3336.13286357 3336.94289501 3340.10265431 3342.80028136
 3343.6552127  3357.17621453 3357.3029809  3361.80030375 3364.22086478
 3364.73539691 3366.25156005 3373.76330921 3374.47834088 3382.151023
 3395.65092487 3400.35528057 3400.50278023 3402.44170905 3404.4794043
 3405.98600079 3406.24516685 3411.6888875  3418.96397054 3419.94920158
 3426.01048746 3427.33405104 3430.38904392 3430.6692766  3438.67742461
 3438.82172427 3439.35392303 3449.56303257 3461.45673819 3462.04137016
 3465.73489489 3466.43899325 3469.79368543 3470.64398345 3479.10556373
 3479.28616331 3479.41042969 3482.79625513 3483.425187   3485.19684954
 3485.60844858 3490.06210486 3496.13739071 3498.78928453 3500.3611142
 3500.39554745 3500.40114744 3501.13937905 3503.47854027 3503.56104007
 3548.62066841 3549.08276733 3571.92614743 3572.86994523 3577.05496881
 3583.15438793 3583.79118645 3584.07921911 3584.36141845 3584.36961843
 3587.68084405 3589.37477344 3589.76833919 3592.03413391 3607.20979854
 3611.05175626 3611.09202283 3623.32989431 3626.39212051 3628.56754877
 3633.47807066 3641.97215087 3646.40287388 3647.15320546 3649.92153234
 3655.73735212 3659.33864373 3659.89004245 3664.10473263 3667.19015877
 3674.37717536 3689.64463978 3690.00567227 3694.10779604 3698.10362007
 3698.97765136 3699.73581626 3701.98931101 3704.48667186 3705.54966938
 3707.91083055 3709.83069274 3713.01415199 3718.70520539 3726.20148792
 3726.24322116 3729.39828047 3731.05297662 3739.97615582 3751.06039666
 3753.43972445 3754.14805613 3754.61228838 3766.21216135 3776.1619715
 3796.72075692 3871.30524979 3877.12840288 3909.18026153 3967.79059161
 3970.27651915 3998.38448699 4028.132351   4028.21428414 4034.97853505
 4089.10337559 4090.58500547 4099.48678472 4100.53704894 4120.13126995
 4131.05447783 4131.07477778 4131.16037758 4165.00816537 4172.18161532
 4175.97883981 4188.93834294 4211.76238975 4215.61374745 4215.83061361
 4233.48210581 4247.57143964 4265.14303203 4275.04117563 4282.62679129
 4295.0099291  4344.89791284 4347.11500768 4354.4859905  4354.62569017
 4362.92447083 4373.50084619 4377.07543786 4378.02263565 4378.78893387
 4388.05151228 4391.38507118 4391.58747071 4392.95590085 4397.21729092
 4399.10441986 4399.81285154 4402.33294567 4402.92907761 4405.44313842
 4406.93406828 4407.27726748 4410.55849317 4410.90935902 4411.46952438
 4416.783012   4429.17328312 4429.54861558 4430.76817941 4431.4124779
 4440.66578967 4440.80565602 4440.96905563 4444.78658007 4445.48767844
 4451.33666481 4452.3110292  4458.94041376 4471.70051735 4486.58404934
 4488.55437808 4493.89073231 4496.19022695 4496.4277264  4508.26713214
 4508.62593131 4518.37680858 4518.97417386 4521.2611352  4529.47241606
 4530.43708048 4535.84606788 4547.02610849 4547.0647084  4548.66367134
 4551.527698   4554.09949201 4564.29740158 4564.61316751 4583.17139093
 4583.26035739 4584.77115387 4591.03363927 4598.74035465 4605.48237227
 4608.03146633 4611.51032489 4611.71165775 4613.177221   4620.30183774
 4624.07359561 4644.32088176 4644.72414749 4645.02484679 4649.78360237
 4650.95049965 4651.42186522 4653.3163608  4664.67980099 4670.28252127
 4677.45050456 4678.24340271 4678.28400262 4683.0842581  4686.03701789
 4691.4521386  4716.0979145  4724.43586174 4730.77141364 4747.24217526
 4754.89562409 4758.84674822 4765.75976544 4767.49142807 4768.99742456
 4771.58321854 4772.67408266 4775.08527704 4781.63279512 4782.88645887
 4784.49692178 4796.8737596  4807.68940107 4814.50795184 4815.3259166
 4816.57891369 4821.92766789 4822.13403407 4826.10895814 4830.31591501
 4837.07106593 4841.16052307 4863.94576997 4864.07596967 4865.01093416
 4866.25723125 4869.09309131 4892.83320266 4899.36235411 4904.01294327
 4915.17975058 4915.19125056 4916.17758159 4916.21138151 4922.84733271
 4924.13649638 4926.97368977 4940.89879065 4946.8291435  4959.30721442
 4966.57643081 5020.27320568 5153.77476125 5176.23654224 5187.17598342
 5214.89878548 5239.81332742 5242.16468861 5253.67669512 5257.51251951
 5263.30827267 5281.92636262 5284.48498999 5284.7240561  5330.09545037
 5337.91719881 5349.89080424 5355.60859092 5358.73551697 5359.49611519
 5368.1895616  5373.50704921 5381.463464   5391.29817442 5431.2137814
 5442.76192116 5473.29095002 5506.77667199 5514.92641966 5541.7859904
 5542.59572185 5550.00393792 5550.63190312 5552.77093147 5555.86082427
 5556.5625893  5562.0730098  5569.08959344 5584.76292359 5595.03576632
 5602.33658264 5603.63194628 5609.72513208 5610.25326419 5611.51129459
 5615.43485211 5617.55491384 5618.32721204 5623.45473342 5623.93423231
 5624.56193084 5625.40419555 5626.91689202 5651.6440344  5652.91643144
 5653.16486419 5653.17879749 5654.25392832 5654.42036126 5655.88369119
 5656.27765694 5658.45658519 5670.63762347 5678.97740404 5681.2558654
 5705.35130925 5706.69163946 5706.71233941 5710.60076368 5715.99848444
 5720.73044008 5721.07190595 5721.13900579 5721.76323767 5756.82872262
 5759.4581165  5787.12501869 5813.45282401 5820.61244065 5845.8403152
 5894.07476947 5894.10190274 5895.07316714 5909.70196638 5911.12426307
 5915.09595381 5915.41055308 5919.11254445 5920.63334091 5930.92725025
 5936.02407171 5937.19776898 5947.11621253 5949.41454051 5956.24429126
 5958.00878715 5958.30698645 5958.49588601 5974.25968261 5975.96967863
 5980.36123506 5980.51193471 5985.22975705 5986.30775454 5991.29854291
 6012.28482733 6012.68885973 6013.04992555 6019.65687682 6026.2017949
 6036.78777024 6043.10518885 6046.22958157 6063.77514068 6064.31883941
 6076.39437794 6077.90940774 6112.26662768 6112.62136019 6140.56796173
 6158.79725258 6159.42858445 6160.75584802 6168.09603091 6212.75936017
 6214.85148863 6216.62505116 6240.17332962 6256.73649102 6259.89368367
 6278.73590642 6281.82639922 6293.6926049  6316.7382512  6337.18923688
 6347.2218135  6366.32486898 6374.98271547 6388.21311798 6407.54080627
 6411.12583125 6449.04650955 6488.62758398 6495.2569352  6498.85996014
 6555.90909386 6574.38241748 6579.26860609 6628.91772373 6637.53493698
 6638.25296864 6668.99983033 6671.61302424 6672.38948909 6721.03907573
 6721.5511412  6733.66891296 6751.89220383 6767.71550029 6828.8495245
 6829.25599021 6831.33305204 6855.33342945 6867.63256745 6877.04597885
 6886.36199047 6886.39232374 6919.15068073 6931.49735196 6956.00059486
 6980.98966996 6999.67319309 6999.74329293 7006.46597726 7064.75717476
 7083.13073194 7091.27804629 7095.42806995 7101.06135683 7104.11774971
 7131.30421969 7135.66767618 7159.10132158 7168.63636602 7172.56029021
 7177.20461272]"
440,662892_2023-08-24_A-873,PIR,True,"[  24.87191312   27.91353937  301.09600277 ... 7179.73794015 7184.3967293
 7185.43552688]"
441,662892_2023-08-24_A-874,PIR,True,"[  41.26400826   55.01990954   92.68348843  144.19313507  178.60402155
  199.14347368  269.5010764   298.88957458  311.36947883  318.39659579
  353.08578162  395.94324842  397.69274434  447.82996084  465.40418655
  494.69135164  546.06779858  657.65917187  688.49136669  764.56572275
  860.70926537  876.64412824  914.25420726  929.87383753  930.36643638
  943.05164016  945.13860196  959.0553362  1009.22005263 1009.52535192
 1034.35812739 1038.93101673 1072.69730471 1128.59347446 1163.00936092
 1179.59235561 1212.27451279 1232.99719783 1239.92558169 1240.4772804
 1256.54804295 1269.63907911 1279.4548229  1279.47388953 1301.97543709
 1303.56600005 1311.90244729 1318.57866507 1323.99621911 1330.40643751
 1362.82846195 1367.09881867 1466.25015428 1466.38318731 1472.24550698
 1475.84173193 1527.20241225 1532.69146612 1554.772848   1569.77414637
 1590.14209891 1596.13075162 1630.27813871 1638.87488535 1702.32623749
 1713.14251228 1725.01371795 1731.50693615 1746.38743481 1753.53588482
 1760.59583504 1787.65620531 1795.96008596 1842.16601162 1870.22694623
 1917.11823696 1938.74078657 1949.1561623  1950.32469291 1978.03802833
 1980.05645696 1989.93726727 1990.83359851 1993.75235838 1995.40472119
 2026.61964845 2026.78761473 2035.24299503 2073.17890662 2084.17324767
 2096.55915214 2098.37318125 2100.97107519 2105.09189892 2105.61159771
 2136.14339323 2138.00015557 2178.3833948  2187.73680634 2187.87053936
 2192.61059498 2233.82239894 2235.04326277 2255.56104829 2263.99662863
 2279.44482596 2299.01198037 2310.7133531  2319.69209884 2335.18139608
 2363.05043114 2370.27408097 2389.60650259 2397.96161645 2430.91653966
 2448.02749978 2455.2858162  2455.33778275 2461.40283528 2465.20139309
 2474.23243872 2483.21471779 2506.83036275 2521.47306197 2529.48900995
 2541.75978136 2558.97304125 2589.13147097 2624.16128934 2656.54374721
 2699.28768094 2710.51445478 2715.38214343 2718.45383627 2747.63093495
 2752.91952263 2763.0159991  2789.61363712 2794.95362467 2795.4577235
 2809.10719169 2825.73888627 2839.83238676 2857.1660797  2881.72848913
 2931.67520607 2939.89515358 2950.90672792 2960.10637315 2999.28428186
 3014.33641345 3038.0576915  3046.35047218 3065.25929478 3065.86479337
 3067.2387235  3109.45552512 3153.28955631 3172.39184513 3186.36661257
 3202.42337515 3215.37921162 3224.37932398 3232.29290554 3234.14230123
 3241.99628293 3252.97145736 3263.14563365 3270.92558218 3281.13882505
 3297.31692068 3299.20608295 3301.48541097 3302.34827563 3309.36855927
 3309.37912591 3319.84040153 3341.01298553 3341.46738447 3350.55876328
 3361.19023851 3365.61982819 3371.04488221 3377.13706801 3380.10919442
 3391.17746863 3393.96802879 3400.33694728 3419.94326826 3420.06340132
 3420.10700121 3424.15045846 3461.46290484 3477.68870036 3498.77175123
 3502.71377538 3508.21089591 3510.97938945 3518.25693916 3519.93596858
 3553.13292456 3559.57174289 3565.62582878 3571.90461415 3572.02161387
 3577.66520072 3579.20296381 3590.39077107 3591.57176832 3593.41966401
 3593.49796383 3595.09336011 3600.14274834 3601.47014525 3607.33883157
 3625.82195517 3627.08715222 3652.03002743 3653.03915841 3682.49135645
 3684.58531823 3700.64438081 3718.50853918 3724.7969912  3727.04025263
 3729.26011413 3731.58304205 3741.44805239 3743.97121318 3749.21206763
 3749.82573287 3751.42732914 3754.82802121 3755.71248582 3758.35934632
 3759.12984452 3767.97125725 3770.12825223 3778.39056631 3778.70163225
 3784.77018477 3798.66158574 3800.10808236 3820.20963552 3834.97770111
 3856.35168463 3876.18847174 3881.17492679 3884.64911869 3908.37136341
 3920.54323505 3927.7018517  3928.71984933 3945.62304327 3945.80704284
 3947.03907331 3961.45233972 3968.44815675 3971.52714957 3971.56814948
 3986.26988189 3987.15097983 3997.48175576 4029.11751537 4062.79010357
 4064.01510072 4064.72876572 4090.75207174 4109.30359518 4140.17155658
 4155.0240553  4157.88224864 4160.38987613 4184.36482027 4206.30190248
 4232.79854073 4242.40641834 4242.41165167 4242.44425159 4251.73386328
 4258.24641477 4285.90455031 4312.58192148 4326.9782546  4327.0646544
 4335.66813435 4344.65394674 4372.55744839 4378.7189007  4409.92526131
 4410.18006072 4411.33685802 4413.84851883 4416.8803451  4417.88774275
 4423.02089746 4427.9657526  4439.01299353 4445.37797869 4455.33862215
 4467.85339299 4471.88828358 4480.41173039 4485.90705092 4487.69964674
 4504.65467389 4508.29126542 4508.35513194 4510.47766033 4519.19557334
 4519.23983991 4530.05378137 4530.55171355 4530.60691342 4531.11207891
 4534.06477203 4535.45390212 4535.8211346  4575.47747552 4582.1229267
 4602.69951209 4604.84214043 4608.5024319  4609.02523068 4612.05839028
 4627.13108849 4627.39472121 4628.52611857 4646.11317759 4646.31941044
 4647.93014002 4658.85628123 4693.52550044 4693.57720032 4694.10109909
 4699.10952076 4701.08824948 4701.10091612 4702.19004691 4704.96440711
 4723.59533036 4725.49692593 4725.50825924 4730.56414746 4741.25962253
 4747.1399755  4787.03271587 4796.80162644 4811.20979286 4849.1736044
 4853.41459451 4855.82728889 4864.96116761 4875.30304351 4884.84418794
 4886.04331848 4889.80717637 4893.77520046 4911.60109226 4912.18995755
 4914.42338568 4918.23547679 4920.18930558 4932.97364245 4955.93032229
 4961.76547536 4969.5409239  4976.70784054 4986.65825068 5003.30907855
 5009.13156498 5012.74232323 5024.66322879 5039.01469534 5040.13652606
 5040.42155873 5059.76458032 5080.63403169 5100.01905319 5139.22802848
 5145.43438069 5146.39521178 5150.94410118 5151.83893243 5185.54625388
 5219.0086759  5219.71937425 5237.84276535 5258.55228376 5263.05980658
 5267.02129735 5283.0787266  5286.3967522  5290.24464324 5301.89498275
 5305.58767415 5307.26233691 5318.13407825 5321.83596962 5321.85656957
 5349.47770521 5351.29386764 5357.08262082 5362.37960847 5371.90435294
 5373.13098342 5374.12644777 5386.33318599 5403.20081335 5404.53984356
 5428.79992036 5433.74204218 5442.6729547  5450.03623754 5466.23793312
 5487.56251676 5490.5192432  5513.95588859 5521.19693838 5534.11087496
 5534.33924109 5541.84319027 5545.59438153 5551.97283333 5556.29455659
 5571.42035468 5573.67984941 5575.31531227 5601.17488534 5615.9264843
 5619.88174175 5628.57568816 5629.37528629 5630.94388264 5635.63933836
 5641.66779098 5642.50778902 5650.66477002 5653.32453049 5656.45675652
 5662.7161086  5663.38664037 5670.46369055 5671.6002879  5676.45674325
 5677.51547411 5678.59693826 5678.84460435 5683.43399365 5688.18078259
 5706.43417339 5711.0224627  5712.14029343 5712.33929296 5712.35559293
 5720.18037469 5720.41207415 5726.90355902 5751.2612356  5752.76513209
 5764.81600401 5767.2811316  5774.33941515 5785.21235648 5786.10785439
 5791.08584279 5793.7427366  5797.67249411 5810.79539686 5814.88722066
 5816.00978471 5816.56285009 5820.60810733 5826.41859379 5842.2933568
 5846.24488092 5850.83330356 5850.86800348 5850.87697013 5853.32346443
 5855.1365602  5862.29524352 5866.69929993 5879.74180287 5880.81840036
 5882.07083077 5889.22338077 5893.1150717  5898.80789177 5901.91981785
 5904.20917918 5904.70271137 5906.17294127 5913.17962495 5935.9127053
 5939.11606451 5962.55727655 5962.73630946 5971.68982193 5971.91505474
 5975.83287894 5980.22603537 5985.27125695 5990.92851043 5991.8003084
 6000.74308756 6002.45421691 6005.17874389 6014.03088993 6023.53210112
 6030.48535159 6032.65824652 6036.55350411 6038.462333   6039.56026377
 6051.43840276 6057.20862265 6060.26438219 6060.27994882 6070.31175878
 6070.58595814 6073.60838443 6078.30967348 6085.2817239  6086.73895383
 6090.88264418 6093.94290371 6102.41305064 6105.84514264 6110.54216503
 6110.75043121 6112.38079408 6122.94100281 6130.90068426 6141.90359195
 6155.51709356 6155.83235949 6158.58131975 6174.97798154 6176.36521164
 6185.89852276 6197.93772804 6200.82758797 6227.5958256  6228.61142323
 6240.70592838 6247.88777831 6252.38410116 6253.46509865 6275.47424736
 6279.80383727 6282.57359748 6286.81822092 6292.59367413 6303.03731646
 6329.09675573 6342.2132585  6345.5603507  6346.08801614 6349.0386426
 6353.6990984  6369.97332715 6371.11569115 6371.22545756 6391.37207728
 6409.07650269 6414.09615766 6416.71498489 6421.39467399 6421.73753985
 6440.75322888 6442.34225851 6453.48746587 6462.59847797 6463.10911011
 6463.12457674 6467.55259976 6471.58695702 6472.22375554 6480.28203676
 6492.21604228 6494.3552373  6504.42901383 6506.4286425  6511.65546365
 6516.87768482 6524.71613322 6528.24715832 6528.91435677 6533.17628017
 6540.80492906 6546.42714929 6553.86753195 6554.1063314  6554.57906363
 6566.00333701 6569.79896149 6586.9739548  6621.9800399  6622.6079051
 6622.71027153 6636.8817385  6655.99862729 6662.2463794  6668.08716579
 6682.38629913 6686.13452373 6694.34890459 6700.0927912  6702.15701973
 6703.50404992 6722.4802057  6725.53543191 6726.19873037 6732.80908163
 6740.81372964 6744.16238851 6744.17555514 6747.67138033 6747.67788032
 6752.47106915 6752.72036857 6761.91058048 6764.62544082 6765.0520065
 6765.19317283 6771.09422575 6773.07142114 6780.58777029 6791.04617926
 6792.42160938 6794.75450395 6803.18841763 6819.45927971 6837.66233729
 6846.940549   6853.89696613 6861.26804895 6864.17457551 6877.16247858
 6883.19583119 6892.32324325 6896.2364008  6902.35131988 6902.68365244
 6919.05334763 6921.29460907 6925.77909862 6946.9992825  6957.16049216
 6958.89232146 6972.71012259 6977.79017742 6990.48394784 6993.14514164
 6997.89279724 6999.71325967 7007.46847493 7011.46516561 7020.34017827
 7028.35555959 7033.50434759 7057.44885846 7059.94481931 7073.27245492
 7080.92147043 7083.52036437 7090.12228232 7111.82346508 7120.7829442
 7124.01187001 7127.95059417 7134.16044636 7139.18436799 7144.69398848
 7146.96744985 7151.94650492 7172.50572367 7173.87438715 7184.52096234]"
442,662892_2023-08-24_A-876,PIR,True,"[  22.03871972   22.62321836   27.63904001 ... 7185.70562625 7186.03819214
 7186.06099209]"
443,662892_2023-08-24_A-877,PIR,True,"[  20.96688889   20.99335549   21.00455547 ... 7185.04869445 7185.05846109
 7185.61629312]"
444,662892_2023-08-24_A-878,PIR,True,"[  22.75091807   22.85011783   22.8807511  ... 7185.77752608 7185.79489271
 7185.79882603]"
445,662892_2023-08-24_A-880,PIR,True,"[  20.28652381   20.29459046   20.33039037 ... 7183.51803135 7183.55039794
 7184.14719655]"
446,662892_2023-08-24_A-881,PIR,True,"[  22.14095282   24.45468076   24.69118021   24.71958014   39.2987795
   53.7481125    57.22213774   58.32443517   64.36512109   68.74877754
   81.51634779   84.08304181   93.76901924   99.31283965  100.01047136
  100.70826973  110.67047985  112.87330805  117.12723147  117.8736964
  123.9666822   135.98378753  136.7285858   137.37721762  139.24327994
  141.59454112  143.33230374  147.13349488  153.25384729  158.37710202
  168.41327863  173.9181658   178.41135533  179.77965214  182.7736785
  191.00489265  206.58302301  213.26750744  213.28037407  216.97393213
  217.3028647   230.21100129  233.46726037  252.8655485   253.37514731
  257.93367002  265.97041796  269.22307704  286.77193615  291.94605743
  299.64473949  300.87193663  301.21673582  301.29570231  305.8339584
  310.37334782  317.76049727  325.18724663  325.32057965  326.47617696
  326.82070949  329.65430289  334.2705588   336.46802034  340.43897776
  345.73543208  349.77222267  357.33780504  374.87319752  376.7838264
  384.31650884  392.62185616  401.14076964  403.36033113  410.9706134
  417.18633225  423.10968511  424.39178212  429.05007127  432.5564631
  433.53602748  436.11458814  446.88536304  448.10826019  450.54428785
  452.71911611  454.96877754  463.29669146  466.14228483  470.98184022
  472.07437101  473.08073533  473.75113377  475.27076356  485.11837394
  486.99933623  495.9497487   520.9855237   523.80371713  526.71284368
  534.05632657  538.449383    567.6885482   569.91154302  578.84628886
  591.82589195  593.37125502  610.39974867  613.31590854  615.25493735
  627.53334208  628.72567263  635.88188929  644.29073636  644.31280297
  671.97047186  692.85358986  694.82248527  695.0113515   698.13017756
  703.68983127  711.7913124   716.13196895  716.29780189  717.40096599
  724.24805003  724.54481601  725.69084667  742.99353969  751.31515363
  757.38207282  760.25949945  760.67483182  764.89808864  783.64311163
  790.47712903  811.96757896  812.42724455  835.08515842  838.16465124
  850.3286229   862.4582613   863.31845929  868.07414821  890.13063015
  896.22191595  906.00979314  908.25132125  909.90738406  910.74411544
  912.88674378  913.67057529  919.46932844  939.54768166  948.55332734
  957.82917239  965.18818857  977.12076077  997.4463134   998.3770779
 1008.19595502 1015.07737232 1021.3928576  1022.15288916 1038.40691795
 1043.51473938 1047.39446367 1081.00425202 1081.39175112 1088.97793344
 1123.58525279 1127.05314471 1131.81220029 1135.52642497 1166.66128575
 1178.12289237 1180.36795381 1187.17993793 1210.34428395 1228.0311094
 1247.49443071 1269.79614541 1281.80611742 1289.4425663  1331.87380075
 1344.03637241 1355.82041162 1370.08477838 1377.07816208 1377.94639339
 1385.98720799 1392.74365891 1396.27718401 1396.6240832  1412.5007462
 1414.58964133 1418.17046632 1454.22391564 1455.11914689 1458.50190567
 1458.5334056  1470.55711091 1471.86607453 1500.08977543 1509.21752082
 1511.21098284 1511.3860491  1551.38685589 1577.82322762 1578.77219207
 1589.72769988 1598.17901352 1651.41218947 1661.11633352 1662.8543628
 1668.59808275 1675.44430013 1710.80431773 1721.76872551 1725.98058237
 1780.07445631 1812.74471351 1814.0523438  1825.97118269 1853.85338438
 1868.90981597 1918.43966721 1928.92447611 1930.16603989 1978.62212697
 2017.55346958 2029.83037431 2048.28859796 2056.58467863 2059.68090475
 2113.31571309 2131.37360435 2139.0319865  2149.96986101 2160.35520348
 2192.6296616  2197.32205067 2206.53196254 2243.62024278 2243.81157567
 2282.34758587 2286.59760929 2287.46484061 2304.24483484 2323.75888936
 2344.71504053 2375.78996812 2399.54507943 2409.08339053 2414.7314107
 2433.3708006  2452.34228973 2462.34816641 2475.13543661 2479.36586009
 2488.18447287 2490.06063517 2506.94722915 2522.36775988 2574.72130455
 2584.76334781 2621.85059472 2647.38720188 2660.65917095 2678.1600635
 2678.8613952  2679.97389261 2688.6879723  2716.64474049 2739.75321997
 2740.68428447 2771.21271333 2786.05627874 2793.53169465 2796.05525544
 2819.33366786 2866.67009089 2907.960128   2912.85958325 2925.6132202
 2927.85438164 2932.15710495 2934.87546528 2953.78275455 2956.59994799
 2971.70851278 2980.74669172 3022.62629413 3076.92003427 3098.03381841
 3106.72309816 3117.82917228 3129.84991093 3141.98714932 3141.99091597
 3157.13838068 3177.82896579 3190.32053668 3196.6777552  3213.95941493
 3220.56329954 3236.92402808 3260.04174088 3281.76539026 3293.46239633
 3304.65930357 3337.232461   3341.12468527 3341.97531662 3342.18101614
 3344.84860992 3345.58534154 3356.5036161  3368.54488804 3378.94973046
 3387.33531091 3397.65102021 3400.59828001 3402.26570946 3422.64272864
 3464.25679833 3467.89345652 3489.48227288 3574.81357403 3580.07292845
 3581.89805753 3598.84791803 3605.80710181 3623.59326036 3624.98662378
 3633.54623717 3719.65106985 3727.51845152 3793.4119313  3801.60834554
 3869.07228832 3894.95156135 3910.4774585  3921.4642329  3927.71685167
 3952.6775935  3954.21995657 4039.53615776 4044.10234712 4057.23058319
 4064.4778663  4089.94137363 4120.23250305 4136.34146551 4140.79582179
 4155.02352197 4172.01268238 4192.18083539 4195.84676018 4196.82179124
 4214.03178447 4230.74454552 4242.34711848 4253.27132636 4278.14726839
 4298.27018817 4324.0014282  4338.9526267  4346.88584154 4358.56688099
 4378.13946871 4390.1461074  4390.62840628 4407.26073418 4421.19530171
 4422.88946443 4428.66625097 4448.81467069 4460.59424324 4508.43423175
 4538.43706184 4546.46700979 4555.6049885  4566.47812983 4583.95205577
 4590.44767397 4602.4938459  4609.41639644 4615.80854821 4627.52075425
 4653.65986    4685.49515248 4771.42341891 4789.54011003 4833.22037491
 4835.45600303 4838.31232971 4879.81916632 4890.83440731 4926.00709202
 4966.6814639  4975.41321022 4993.12356895 5007.51090209 5016.5323144
 5030.64481485 5036.54760109 5036.80913382 5040.67975813 5064.55336916
 5070.90855435 5077.89540474 5081.43082983 5086.47991807 5106.32137183
 5106.44333821 5112.23429139 5132.91904319 5142.69565374 5157.06165359
 5165.72423341 5169.7447907  5176.55004151 5193.99783419 5202.29021486
 5229.35575179 5239.67222775 5244.68044941 5245.10634842 5252.96479678
 5266.03516632 5291.94650594 5300.92551835 5303.88437812 5321.5018704
 5322.88470051 5340.47479285 5347.47880986 5357.95805211 5373.22071654
 5384.16085772 5402.17138241 5423.54486594 5436.19883645 5449.4690722
 5464.75150325 5515.42148517 5519.22214298 5519.28280951 5533.56830955
 5534.59240717 5537.3976673  5562.21257614 5562.70140833 5571.58382097
 5573.02718427 5578.38410512 5591.56354107 5600.58438672 5611.38042823
 5641.32815844 5654.17306184 5659.08388373 5663.53197337 5671.50778811
 5684.83352373 5685.68082175 5699.64362255 5708.47196864 5709.87413204
 5714.53312118 5715.8015849  5754.98256026 5757.43402121 5758.64278506
 5780.983233   5801.14871934 5852.05683405 5852.61783274 5855.3790263
 5881.70046497 5889.09301441 5907.30053865 5915.03615395 5924.13563275
 5938.0044671  5940.57376111 5942.10359088 5943.37688791 5948.60974238
 5948.85454181 5956.95298961 5962.075311   5968.20543005 5982.07939772
 5989.58408023 6020.7982075  6028.76085561 6029.03988829 6043.12918879
 6044.10771984 6048.55937614 6059.44535077 6074.89904809 6083.87496051
 6095.14560091 6095.6378331  6102.58421691 6173.8810841  6177.23340962
 6205.33874413 6205.58407689 6218.25914735 6220.93250779 6232.88404661
 6247.06091357 6263.5706751  6268.35683061 6270.20859296 6298.58212684
 6312.63486076 6338.91909951 6343.7891215  6347.57857933 6347.72541232
 6350.725872   6366.63933492 6375.83951348 6385.64409063 6386.74788806
 6408.4310042  6409.50303503 6426.20266278 6428.66235705 6435.73290724
 6444.81968607 6463.65754217 6464.63317323 6480.4927696  6485.00649242
 6490.80941223 6491.91170966 6506.43430915 6507.30600712 6513.4383595
 6528.44615786 6560.17988391 6598.38249489 6606.7009755  6619.57894549
 6629.36782268 6632.87764783 6635.32827546 6635.69877459 6664.86290663
 6665.40260538 6666.75933555 6667.78799982 6667.80463311 6672.37188913
 6693.43867338 6698.77206095 6706.47954299 6720.4329438  6721.91507368
 6734.32947809 6734.90267675 6745.73768484 6764.60760753 6776.29471363
 6786.23275714 6804.82194715 6815.79072159 6822.2399399  6825.14153314
 6826.94712893 6832.95231493 6841.36239534 6858.02492317 6872.96765502
 6882.37386643 6885.31809291 6895.4070694  6895.8065018  6916.49928691
 6932.96638187 6950.98723988 6973.15968821 6974.20131912 6974.36411874
 6985.11912701 6986.62802349 6991.63994515 6995.60453591 7013.43562769
 7013.99442639 7041.51046227 7050.09530893 7055.47999638 7061.88264813
 7113.71272735 7115.09325746 7130.09318917 7150.37450858 7164.35780933
 7172.61905674 7174.89605144]"
447,662892_2023-08-24_A-882,PIR,True,"[  49.2980562    56.93310508   66.8493153    78.17305558   80.10558441
   84.56430735   88.27596537   89.28826301   94.37095117  101.48376793
  105.71952472  124.24931488  136.70995251  153.0491811   174.82339702
  178.14985594  183.00817795  189.4970295   189.63132918  215.80163487
  216.1431674   216.94279887  226.16087739  230.99699946  232.04269702
  239.76701235  252.08755031  263.2781909   263.98802258  288.49073215
  290.26109469  301.87980095  302.24496676  304.63429453  310.20361488
  315.17276997  320.44739101  321.32215564  324.34638192  326.88080935
  329.97423548  335.43138943  341.82710786  352.1376505   362.47065975
  365.53671927  383.51154405  390.16829521  407.33945519  457.5572715
  473.35503469  476.2816612   478.98065491  480.70548423  494.45861885
  506.13325831  508.37845308  523.06498552  529.72853666  538.86481537
  539.91737958  540.31467865  566.09608524  573.58616779  588.98506524
  598.36827671  603.96476366  604.44316255  611.60564586  616.265035
  635.09799111  645.34183391  650.80072119  652.09588484  670.95584089
  681.06265067  686.89300375  689.1593318   691.31162679  700.39527229
  711.28454691  717.03246685  730.79616811  732.98992966  744.94916846
  755.37514417  768.17941433  780.06645329  787.10097024  800.18040642
  802.30323481  807.02559047  813.60007515  824.76614913  827.73764221
  840.84417833  842.7313406   851.81381944  851.84011937  862.96169346
  865.65628718  910.6340157   929.06587275  929.70630459  959.27973567
  959.51763512  967.05575089  968.41448105  971.71790669  971.99537271
  977.20102725  977.69399276  986.39537249  990.34262995  991.80272655
  997.9172123  1007.39702355 1011.8229799  1016.81586826 1031.55736725
 1033.15303019 1038.59631751 1039.17418283 1048.61359417 1057.30470725
 1065.17962223 1065.29515529 1069.73074496 1078.40505808 1098.06587893
 1106.26499315 1124.44385079 1125.48038171 1134.76422674 1141.93164337
 1144.68967028 1148.43636155 1163.65385942 1174.96719972 1199.71634205
 1216.81126888 1222.29105611 1226.08064728 1228.50927496 1230.9360693
 1231.17526874 1236.45328978 1244.67353729 1248.10516262 1251.74268748
 1257.34947442 1259.02403718 1259.32573648 1274.06030214 1276.71989594
 1282.8035151  1296.56348304 1299.31457663 1301.94243717 1313.08974452
 1314.5577411  1315.4482057  1318.7660313  1324.16271872 1328.35424229
 1330.3670376  1336.97548886 1351.97868724 1361.27886556 1363.85372623
 1371.43457523 1374.06136911 1377.92862676 1381.94678407 1397.30444828
 1405.77566187 1410.35788453 1412.12201375 1419.15249737 1441.65031161
 1450.23495827 1454.75311441 1456.25081092 1460.37293464 1461.86223117
 1467.63625105 1476.80306302 1479.01175788 1490.3291315  1502.1027374
 1513.64674383 1529.5675734  1534.45566201 1537.51985487 1554.04664969
 1558.060207   1559.70226984 1582.23925066 1582.2787839  1591.38219602
 1599.08537807 1606.8692266  1613.40791136 1614.49907548 1618.97696505
 1619.62959686 1640.81874749 1642.99680908 1648.11283049 1652.51888689
 1684.01731349 1689.35716771 1697.20048277 1697.93988104 1708.73592255
 1710.18681917 1710.19415249 1710.98048399 1711.82564868 1731.49286952
 1733.40986505 1737.32318927 1738.7131527  1744.57213904 1772.98960615
 1803.13986923 1806.55126128 1810.37705236 1824.80458541 1831.62540285
 1836.57702464 1845.75146993 1853.12271942 1874.25283685 1877.63709563
 1890.68763188 1896.25021892 1906.77892772 1929.67007438 1933.49829879
 1934.16936389 1935.24226139 1939.78691747 1958.25327443 1961.68246644
 1975.81060019 1981.49768694 1999.80221095 2010.12302023 2020.28189656
 2029.67387467 2033.31983284 2035.0821954  2059.26220572 2102.26627218
 2115.53360792 2120.78946234 2126.18334977 2129.60314181 2130.61753944
 2145.89113718 2152.35722211 2153.31295322 2155.3231152  2159.68447171
 2160.44103661 2165.26269204 2173.44217298 2175.95930045 2183.46631629
 2195.15538905 2198.81901385 2199.8112782  2204.81103322 2225.59961811
 2230.11124092 2237.76892308 2242.46287881 2254.54978398 2265.32432553
 2285.53034512 2287.96563944 2302.39997247 2309.01449039 2313.80764589
 2321.03709571 2325.6054184  2327.71041349 2336.53469293 2352.17985647
 2358.2607423  2364.81996035 2373.692873   2373.72970625 2382.43828596
 2388.23057246 2395.97768774 2404.12560209 2405.86806469 2407.88632666
 2418.19583597 2435.06419666 2436.59245976 2436.68429288 2455.8860148
 2457.91811007 2484.86741393 2487.57624095 2491.51949843 2493.10209474
 2498.24784942 2504.35366853 2522.19566028 2537.06122564 2547.60120108
 2550.0799953  2564.92186072 2566.13705788 2574.73930451 2577.82723064
 2581.10665633 2582.32638683 2590.60820086 2607.67272776 2615.89910859
 2616.67804011 2651.74439173 2657.70831116 2666.43139084 2684.2712826
 2686.40187763 2687.76184113 2694.71832492 2695.03845751 2695.8852222
 2726.57665068 2729.57947702 2738.65702253 2762.2988341  2766.86969012
 2782.52518697 2802.64894007 2813.27584864 2814.19847983 2821.41062969
 2828.45347994 2828.49647984 2841.09985047 2845.41874041 2853.62942128
 2884.96124826 2901.01561085 2912.69651696 2922.8819599  2941.91281555
 2948.82019945 2953.64855487 2965.73089338 2976.28500212 2977.63129898
 2995.55702387 3000.00708017 3013.90311446 3017.95347168 3019.43036824
 3024.42712327 3034.54669968 3037.07036047 3049.83463073 3057.81637879
 3085.71094712 3090.39846953 3100.11161356 3127.24081701 3129.56507826
 3134.21470076 3141.34515081 3154.18578756 3165.58369433 3177.84399909
 3183.14482007 3186.44631238 3199.54504852 3207.94636228 3209.37019229
 3219.37420231 3221.29683117 3225.31555514 3230.95494199 3231.74624015
 3237.49896008 3238.88142352 3246.42683927 3254.7530532  3265.17382892
 3291.43870105 3317.45554042 3319.13110318 3325.36375533 3325.71682117
 3353.45228987 3354.23338805 3359.91597481 3380.46002694 3384.08801848
 3395.34802558 3395.57875837 3402.95267452 3412.07031994 3416.2058103
 3426.83238554 3427.33368437 3439.51872265 3444.43757785 3452.44999251
 3470.25538435 3473.126411   3480.10272807 3480.19032787 3492.57996566
 3496.23909047 3508.07719622 3508.40889544 3509.92515858 3511.3895885
 3533.70036984 3542.39861624 3546.02727445 3569.29898689 3580.17619487
 3590.98976967 3609.35952687 3609.68579277 3615.51574585 3616.19204428
 3650.42213118 3656.71421652 3667.58795784 3714.74821461 3720.21360188
 3721.81463148 3727.01815269 3727.02135268 3727.53888481 3734.62533496
 3738.64185893 3759.99980916 3760.42517484 3775.01364084 3775.02824081
 3785.59608285 3785.82658231 3788.89590849 3815.68221274 3838.17496032
 3846.94007323 3848.04117067 3860.78494097 3862.81693623 3885.375117
 3885.660283   3886.02974881 3888.12347726 3888.50074305 3890.31007217
 3892.37283403 3899.44055089 3900.27314895 3920.14046932 3920.6358015
 3920.65956811 3922.32389757 3923.17189559 3931.29381    3954.78205526
 3959.08937856 4012.27182129 4017.21390978 4022.2816313  4022.39566437
 4025.8879229  4047.61843893 4103.47260877 4104.8474389  4109.66139435
 4122.7713638  4123.85196128 4129.50398144 4136.74989789 4160.60167564
 4175.18824165 4192.96896688 4193.80106494 4195.94099329 4204.1776741
 4218.41077426 4227.60385284 4229.00104958 4229.3076822  4234.07920442
 4235.56353429 4239.26025901 4250.15976694 4270.589886   4271.62905025
 4281.68459348 4285.41545145 4308.26633154 4319.28720586 4321.37553432
 4346.51434241 4353.89399188 4357.88101592 4375.52634147 4382.65449152
 4390.85597241 4412.56732182 4421.55526754 4427.27152089 4442.22541937
 4451.7708638  4455.38582204 4466.36536312 4467.68699337 4505.00330642
 4506.94163523 4524.77849367 4539.65982566 4549.18257013 4551.08086571
 4565.25833267 4565.93533109 4613.46965366 4630.25744787 4644.32578175
 4668.50205875 4674.09424572 4683.78595647 4719.35374025 4721.52933518
 4729.95438221 4737.73756408 4762.09414065 4765.83003195 4776.00997489
 4812.5653897  4813.80175349 4814.88985095 4828.43821938 4839.15059442
 4840.11009218 4845.32448003 4854.3339257  4855.00435748 4855.01649078
 4869.3850573  4882.65402638 4898.25579002 4899.06285481 4938.10179717
 4954.34919264 4956.84698682 4958.26981684 4970.74325444 4974.01134682
 4982.37686066 4986.51395102 4989.35837772 5008.41749998 5012.16632457
 5019.52477409 5031.55794605 5045.16101435 5051.18806698 5053.47269499
 5061.24987686 5065.52050024 5076.56954116 5083.78429102 5094.0753337
 5099.49158775 5110.01406323 5120.98743766 5122.24223473 5128.51882011
 5135.98543604 5145.32071429 5145.35968086 5156.10372249 5157.00998705
 5188.11188124 5197.98355823 5207.4505695  5212.09415868 5225.08606174
 5226.49175847 5246.24671243 5246.36934548 5247.01271065 5269.12595912
 5279.94170058 5283.48692565 5325.4365279  5326.07389308 5333.09621005
 5353.52339578 5359.82754775 5372.77455092 5377.5183732  5395.18486536
 5404.1928777  5407.54213656 5411.4052609  5429.25395264 5429.83211796
 5435.87050388 5439.39432901 5444.35081746 5452.10899938 5454.44402727
 5458.28645165 5460.61197956 5465.87363397 5481.06859856 5482.10392948
 5491.64120726 5499.5748221  5504.59101041 5514.22862129 5530.31111714
 5533.95420865 5535.69920459 5536.47386945 5537.88873282 5541.93835671
 5549.90867148 5552.41789896 5557.48432049 5561.61377753 5567.65806345
 5572.00541998 5578.15447232 5580.2814007  5592.91433793 5598.81042419
 5630.03955141 5634.34574138 5638.39409861 5653.03229783 5669.3518598
 5686.49278653 5687.98564971 5692.15933999 5692.2559731  5695.75253162
 5702.09078351 5713.87095606 5718.55314515 5752.75226546 5758.80578468
 5778.63743847 5779.62843616 5787.93141681 5793.38443744 5835.94013827
 5847.40187823 5866.44610052 5871.5162887  5876.84784294 5894.3622688
 5909.29046734 5909.4216337  5923.29216805 5928.02762368 5930.05241896
 5934.78540793 5951.22656962 5961.4618791  5962.07584434 5997.90219418
 6003.63281416 6004.79444479 6008.54796938 6025.26743041 6029.50695387
 6040.10066252 6040.895794   6045.48021665 6054.03213005 6062.69557653
 6062.82600956 6068.14736382 6071.83535523 6072.29525416 6072.56942019
 6082.61926343 6092.54297364 6096.92299677 6118.48417986 6142.72492337
 6144.51821919 6173.17191909 6174.83758187 6200.22868937 6203.92064743
 6206.52434136 6222.77787016 6242.36552451 6252.14753505 6269.49462796
 6287.53491925 6292.19287507 6293.31873911 6308.70796991 6309.19203545
 6321.5178734  6322.46350453 6335.54920737 6339.59126461 6346.61804824
 6346.88298095 6358.43832069 6360.19314994 6365.94050321 6375.86808008
 6379.90303734 6385.54515753 6395.64676732 6400.78215535 6408.77957005
 6412.32416179 6423.45050253 6433.31544621 6434.61384318 6437.08127077
 6441.22752777 6443.1020234  6455.70129404 6456.2488261  6466.5487021
 6468.96799646 6470.77655891 6474.88598267 6478.15024173 6479.13407277
 6484.23716088 6484.50489359 6489.47131535 6490.74434571 6496.34746599
 6508.75657041 6516.70818521 6518.71821386 6521.26214127 6536.40990597
 6552.53576839 6560.64141617 6569.39112911 6569.82829476 6581.13950173
 6594.16477138 6596.26816648 6606.5461092  6616.62821903 6616.74995208
 6626.00259719 6627.7585931  6630.74688613 6652.0901364  6653.46969985
 6659.97551802 6660.26191735 6660.39985037 6660.96154906 6661.65518077
 6663.12724401 6665.13857266 6690.34611392 6691.20324525 6712.17502971
 6717.9906495  6721.07827563 6723.6981362  6726.82729557 6753.48013346
 6755.70002829 6761.69918098 6803.17898432 6804.10924881 6804.37044821
 6813.35632727 6817.36878458 6836.61863972 6837.12833854 6839.62636605
 6840.6192304  6840.72729682 6841.05019606 6843.97958924 6845.16305315
 6845.941518   6846.9278157  6848.95587764 6875.18894984 6879.86707228
 6881.41283534 6900.42899103 6908.59117201 6919.31861368 6922.68490583
 6926.45496371 6931.3502523  6935.01214377 6939.19313403 6943.03435841
 6952.70263588 6958.10118997 6966.04820478 6983.54416401 6990.01278227
 6995.94303512 7000.64719082 7007.01427599 7008.38663945 7009.86036935
 7018.12651676 7020.11957878 7020.23484518 7025.67106584 7039.03133471
 7041.47272902 7042.23916057 7042.35172697 7048.85154516 7050.64787431
 7105.849979   7109.72726997 7120.57224469 7131.86315172 7133.85248041
 7137.41993877 7139.27983443 7148.84631214 7153.27446849 7155.64842962
 7158.34809    7164.46610908 7164.8005083  7168.92266536 7172.31229079
 7172.50382368]"
448,662892_2023-08-24_A-883,PIR,True,"[  20.66125627   23.19791702   23.77324902 ... 7183.81979731 7185.29739387
 7186.34989141]"
449,662892_2023-08-24_A-887,PIR,True,"[  22.350219     22.93151764   23.18415039 ... 7096.33620117 7139.13743477
 7150.98344049]"
450,662892_2023-08-24_A-889,PIR,True,"[  20.71412281   21.14282181   21.15882178 ... 7185.87039253 7186.12409194
 7186.16035852]"
451,662892_2023-08-24_A-890,PIR,True,"[  20.32745705   20.33029037   20.65098963 ... 7183.69443093 7184.2248297
 7185.11589429]"
452,662892_2023-08-24_A-892,PIR,True,"[  22.02571976   26.6569423    32.55762855   34.46975742   39.39937927
   40.44234351   44.16050151   49.60185549   53.36371339   55.7347412
   56.09824036   56.10297368   59.44719922   60.62939646   60.66692971
   67.6532801    69.93460811   71.34733815   74.40366437   75.87749426
   76.48335952   78.95405376   86.35943651   90.2392608    91.58522433
  102.64703188  106.89568865  108.14861906  116.97166517  118.76649432
  131.75579738  135.64542165  136.01952078  136.89635207  138.1444825
  139.86587849  143.92680236  144.31286812  147.32306111  147.35199437
  153.0769477   153.29471386  154.73304384  155.25427596  158.46026849
  163.01442454  163.43772356  164.28525491  164.88028686  167.85011327
  169.60290919  170.5717736   175.94812774  178.61095486  183.28004398
  186.41677001  192.3406562   195.11094975  195.86724799  196.25628041
  197.00861199  198.71810801  211.38121183  216.98356545  225.94341123
  229.5355362   230.87973306  236.83265252  242.97357155  253.94881264
  254.11167893  262.31192648  263.06709139  264.16568883  264.64428771
  268.06241308  271.96973731  274.85413059  281.57231493  286.52873672
  287.38306806  290.96789304  292.65188912  293.36725412  294.54615137
  294.68808437  301.77836785  302.16526695  308.23251947  311.67414479
  316.75496628  316.75943294  321.00132305  324.86301405  333.5819604
  334.39585851  338.61891533  339.67971286  340.39794452  344.62750133
  351.36881895  352.66188261  353.09624826  354.41724518  359.00606782
  365.08055367  365.1811201   368.02318014  376.90989277  382.39894664
  385.07240708  387.70296762  392.66862271  401.20363616  406.90278954
  408.22731979  417.54259808  428.21257322  429.68380312  431.30186602
  433.84952675  436.89258633  439.18591431  442.36300691  443.77167029
  446.27916445  446.46093069  449.36629059  460.49849798  468.06748034
  472.79396933  477.58315817  498.15667689  500.6018712   515.0331709
  528.87313865  540.31591198  552.37471722  554.53604551  559.65856691
  561.37772957  563.15729209  564.0828566   570.21654231  574.65686529
  574.99016452  579.5735205   585.33237375  588.09120065  593.43562153
  598.90677545  617.27799931  625.93977912  626.29737829  637.66598513
  657.15773971  659.7783336   659.84693344  660.8514311   674.29483311
  677.08312661  677.2893928   677.57582546  682.39234757  685.46417375
  695.32385077  699.97197327  700.21237271  703.71456455  704.16269684
  705.60082682  705.83932627  708.6405864   709.36435138  709.56438425
  712.0879117   716.60690117  731.51229977  734.420293    738.03558457
  745.53113377  751.69738607  759.25360179  759.67683414  760.52343217
  763.1577927   766.62335129  780.21011963  781.42248347  783.624945
  785.21604129  793.90028772  794.01812078  796.69091455  808.66321999
  810.33428276  827.45157621  828.20880778  835.81075673  841.7154763
  862.60136096  875.12306512  892.65019094  899.45234176  915.90883674
  918.18253144  919.5601949   936.22052274  961.83696305  970.89267528
  980.08902052  991.93469291  993.12549014  995.26908514  995.52908454
 1000.67700587 1008.05782201 1012.25834555 1016.2875695  1016.41940252
 1029.97120428 1043.21190675 1043.66890569 1051.57568726 1056.33977616
 1057.45017357 1072.12080605 1076.82666175 1080.65048618 1085.12967574
 1089.69509843 1091.85029341 1091.86049339 1098.00327907 1100.67330618
 1101.21853825 1107.16602439 1107.62448999 1110.46538337 1136.4141229
 1136.94585499 1144.66247034 1150.55602328 1165.78628779 1166.64185246
 1183.04811423 1185.94750747 1191.1423287  1191.49236122 1192.30402599
 1204.15909837 1233.63489634 1237.61878706 1240.58704681 1245.0129365
 1245.1822361  1250.80078968 1251.00122254 1251.53042131 1256.15201054
 1256.93947537 1262.55909561 1264.68969064 1264.91812345 1271.40017501
 1280.62978683 1294.50155451 1296.8518157  1302.0700702  1319.75079567
 1329.69213917 1339.31661674 1341.0508127  1352.9515183  1360.38443431
 1374.58973454 1390.31626456 1405.4205627  1405.62432889 1420.27899474
 1432.13150046 1441.14891278 1441.42864546 1452.69981919 1453.70695018
 1456.55334355 1465.74112213 1489.74389953 1495.18995351 1508.51828912
 1512.76361256 1522.06699088 1523.01808866 1533.25603147 1535.40712646
 1544.32717234 1553.57685078 1567.4725184  1570.2791452  1575.74633246
 1589.10820132 1609.59608691 1612.58417995 1642.42374375 1645.29190373
 1650.21655892 1662.93882927 1664.32632604 1669.49368066 1672.84700618
 1700.34240878 1702.2765376  1702.41167062 1726.87518028 1728.19961053
 1735.79779282 1755.32848064 1756.94094355 1767.94885123 1774.86110179
 1794.10225696 1796.66161766 1818.36773374 1818.56863328 1819.35549811
 1822.51459075 1826.84218066 1832.35433448 1835.89582623 1837.45265594
 1847.64653218 1851.18005728 1866.63995459 1870.52871219 1894.80185563
 1894.8286889  1897.32301642 1900.1226099  1905.93406302 1922.88912351
 1926.11918265 1928.69787664 1931.93070244 1939.4006517  1943.50557547
 2000.44944277 2006.62402838 2038.75468684 2043.14454328 2043.77244182
 2083.48984926 2085.54087782 2087.02907435 2090.27366679 2096.65488525
 2099.92867762 2103.08617026 2105.87793043 2111.91308303 2117.09473762
 2130.30937349 2130.70547257 2136.42132592 2142.50261175 2145.0847724
 2151.94618974 2157.60507655 2175.06303587 2182.69785141 2208.55175783
 2216.1760734  2218.75703405 2222.92079101 2223.71738916 2225.62635138
 2241.40111462 2243.79367571 2249.39239599 2249.75759514 2260.30963722
 2261.2901016  2262.89796452 2263.33396351 2270.0606145  2272.84574134
 2275.24636908 2277.12206471 2308.66145788 2315.23270923 2319.7952986
 2320.86502944 2325.39828554 2327.48291402 2338.93255401 2343.33284375
 2344.1842751  2350.74035982 2352.64158873 2353.50142006 2357.63887708
 2371.76647749 2389.33790321 2392.08316348 2398.48864856 2401.75847427
 2402.92540488 2425.17765303 2427.09948188 2434.44016478 2435.8614948
 2438.69702152 2453.22928766 2454.944517   2456.20388073 2469.22058373
 2475.07150343 2479.47705983 2482.47158618 2493.47669387 2500.36991114
 2504.50756817 2505.95029814 2524.40162181 2531.97210417 2540.62605067
 2544.37804192 2564.54526159 2580.0501588  2580.09892535 2584.78764776
 2586.82367635 2592.85662895 2594.92012414 2597.09521908 2624.07722287
 2627.59961466 2627.61458129 2629.314744   2632.93856888 2634.54799847
 2646.76873666 2671.90614474 2678.90332844 2685.81394567 2690.8054007
 2691.59053221 2692.04843114 2693.80752704 2698.98941497 2709.25305772
 2712.36111714 2714.71401166 2731.36567285 2733.22933518 2742.75661298
 2747.00403641 2753.2867551  2755.23551723 2756.49424763 2758.86464211
 2775.16733745 2776.09906861 2776.62120073 2790.42780189 2792.69362994
 2796.80562036 2799.3622144  2805.17610085 2807.46532885 2807.50522876
 2823.84049069 2825.33118722 2839.1862216  2850.83289446 2851.07519389
 2857.75261167 2857.90684464 2859.19774163 2862.61100035 2887.56280887
 2889.33830473 2893.99586054 2912.66265038 2924.03445721 2925.70698665
 2940.98341771 2955.47275062 2962.98483311 2980.8565248  2992.37236463
 2999.4498148  2999.90671374 3019.49806809 3023.2124261  3025.63558712
 3032.11483868 3036.35399547 3041.83574937 3054.35572019 3078.54689715
 3078.84266313 3094.58649311 3100.23454661 3100.86824514 3104.15587081
 3111.86995283 3113.91008141 3115.54787759 3117.83527226 3124.50445672
 3130.35140976 3138.56559062 3152.03525923 3168.03045529 3184.34388395
 3199.18628269 3199.62598167 3201.43884411 3208.87662678 3210.85725549
 3221.10843161 3222.53236162 3247.11100435 3258.0143456  3258.05394551
 3269.14811966 3274.56050705 3274.7963065  3287.48664359 3299.18808299
 3301.18461167 3317.82760622 3331.00040886 3332.22383934 3338.92962371
 3343.56021292 3366.22402678 3370.0325179  3383.98828538 3392.82363146
 3397.64442022 3422.90152804 3423.78462598 3425.79145463 3426.07172065
 3429.65041231 3437.62249373 3441.95105031 3449.07946703 3454.80425369
 3456.66418269 3457.04898179 3460.14040792 3481.70472434 3483.02088794
 3483.03635457 3490.11167142 3491.42213503 3494.67676078 3500.93511286
 3512.05768694 3516.05087764 3536.53489657 3537.14232849 3541.28915216
 3544.09634562 3548.57423518 3548.68736825 3549.21440036 3549.60319945
 3567.10699199 3588.43537563 3589.89883888 3606.16243432 3614.07108255
 3616.49174358 3619.7151694  3629.18174734 3633.32990434 3646.77280635
 3652.03406075 3659.85794252 3664.76049776 3665.21236338 3678.26453296
 3683.01778855 3687.75121086 3694.97582735 3701.6641451  3709.95449245
 3730.76994394 3739.03245802 3739.72065642 3744.53891186 3750.01383243
 3757.3384487  3776.74133682 3785.42658324 3789.97653931 3791.16633654
 3793.95713003 3796.65002376 3799.49648379 3808.8055621  3810.30222528
 3839.11089148 3853.32072503 3872.71707983 3890.31823881 3902.58721022
 3905.46937017 3914.37268276 3916.77047717 3928.03048427 3935.03123462
 3939.10655846 3942.31355098 3958.16628071 3970.12638617 3984.32248642
 3994.47222944 4003.30877551 4016.94857706 4025.92738947 4032.19967486
 4039.45089129 4062.49567092 4067.27345979 4075.98697282 4079.33183169
 4080.11662986 4084.77638567 4132.59057425 4133.23850607 4137.6306625
 4142.17565191 4161.55674008 4162.41237142 4167.9441252  4173.44807904
 4176.04597298 4176.17133936 4177.55263614 4195.1373285  4205.60083745
 4211.1548245  4215.25158162 4217.40457661 4218.51304069 4218.60720714
 4220.3399031  4256.36798581 4289.10190953 4294.61719668 4336.69359863
 4346.78707511 4367.31132728 4374.04471159 4374.58184367 4378.85666704
 4379.25536611 4383.64905587 4385.41331843 4398.39402151 4399.01828673
 4399.71285177 4400.9614822  4410.38699357 4415.50251498 4418.91937368
 4428.96731694 4448.49480476 4450.54326666 4453.4282266  4469.15902328
 4471.06381884 4478.26236873 4481.37856147 4481.79109384 4564.26146833
 4575.70950832 4581.63912783 4599.39911978 4620.66537022 4645.58614548
 4686.20531749 4710.62759392 4717.74914399 4723.19299797 4727.41658813
 4731.7190781  4732.33734333 4746.70360985 4749.16153745 4756.56905353
 4784.88125422 4786.88751621 4787.50834809 4789.87047592 4803.23164479
 4814.21428586 4877.13573924 4879.21220106 4910.00626264 4912.95675576
 4924.13706304 4937.78499791 4950.25776884 4957.80291792 4968.31006011
 4973.03821575 4980.42169855 4985.26378727 5007.4769355  5011.5845926
 5016.71374731 5020.2230058  5042.52765382 5059.08881523 5068.915559
 5071.36995328 5099.87535352 5132.4974775  5147.43717602 5169.30529173
 5188.47578039 5204.20427707 5204.97550861 5213.70538826 5232.65747743
 5242.27508835 5242.28895499 5249.58663798 5266.58873169 5267.60502933
 5278.83916981 5319.34934208 5338.46053088 5339.75052787 5360.67681244
 5365.20493522 5368.09342849 5380.60846599 5387.2883171  5388.03554869
 5403.52247927 5428.63882074 5438.06496544 5439.1663962  5442.43532192
 5445.78841411 5454.18032788 5454.21979446 5455.1588256  5458.40318471
 5464.2718377  5474.42068072 5487.03381799 5487.57175007 5491.60537401
 5505.80734091 5511.2349616  5511.38186125 5524.54523058 5527.83488958
 5533.11844393 5553.62286282 5571.83558705 5574.29288132 5584.07832518
 5587.29431769 5597.54222714 5608.11516917 5622.69766852 5624.75566373
 5635.02687312 5648.46394181 5649.89437181 5663.2904406  5668.10069605
 5693.37347049 5700.99718606 5701.95288383 5707.67660383 5712.51239256
 5715.28898609 5721.30240541 5739.05946403 5754.33036178 5758.23995267
 5774.59834788 5788.45924891 5806.50744019 5812.9954584  5814.4153551
 5814.42272175 5818.8175115  5820.05447529 5828.13502312 5850.76230373
 5857.93785368 5859.9599823  5860.78584704 5866.31356749 5868.7112619
 5880.0269022  5885.02099056 5904.5327451  5929.76918629 5939.61486334
 5945.18495036 5954.39506223 5957.69038789 5962.55440989 5963.59847412
 5966.3254011  5967.08073267 5974.27838257 5974.58861518 6007.03890623
 6013.5588577  6027.25909244 6041.60252568 6051.39286953 6064.90710471
 6070.02635945 6070.62689138 6096.36026475 6104.09811338 6105.31724387
 6106.56090764 6107.96430437 6108.7407359  6118.10708074 6122.81930309
 6138.67796613 6146.94554687 6151.79240224 6200.77882142 6208.4108703
 6217.64148213 6218.88451256 6223.13676932 6225.42226399 6228.04139122
 6238.5498334  6246.49434822 6256.55129145 6258.38008719 6260.88064803
 6271.049791   6271.9522889  6272.82448687 6283.00526314 6298.06622805
 6304.89361214 6305.55507726 6318.3854807  6325.78873011 6344.14508733
 6345.83668339 6348.52784379 6358.91091959 6384.78815929 6397.40926321
 6399.82045759 6401.94701931 6418.25308131 6425.0076989  6425.01753221
 6429.23878904 6429.972054   6441.68376004 6477.57430974 6479.32443899
 6483.4549627  6491.7951766  6517.72358284 6520.26671025 6524.31073416
 6525.48896475 6527.26039395 6529.77172144 6533.99911158 6535.31727518
 6537.28523726 6546.59208224 6551.90876985 6563.57564266 6575.2895487
 6589.10608317 6598.06262896 6628.1007923  6639.24783299 6644.22068807
 6652.73370156 6658.12582233 6666.85023534 6682.80026483 6696.09766718
 6696.50106624 6705.14437943 6708.9466039  6713.97999218 6718.25718221
 6719.87211178 6727.70486019 6738.0586694  6754.15793188 6760.62265015
 6771.18815886 6775.46068224 6778.41294203 6784.12189539 6786.33859023
 6801.44612169 6807.60350734 6808.18773931 6818.8219812  6819.37794657
 6821.60874137 6826.7883293  6830.10858823 6836.62623971 6845.75685176
 6847.38858129 6854.06296574 6867.82770033 6935.0700103  6935.22150995
 6936.53077357 6945.8150186  6949.44884346 6951.22013934 6957.5291913
 6960.6460507  6965.53353931 6965.66583901 6973.71668691 6983.01896523
 7016.28865437 7018.24501648 7022.81440583 7024.83040113 7029.83248948
 7032.59921636 7036.77220664 7052.84386919 7053.45630109 7058.7165555
 7065.17720711 7078.63527575 7088.80491872 7089.0713181  7093.58254092
 7114.50539217 7162.15338113 7171.01646048 7174.0401201  7180.78003773
 7181.71606888]"
453,662892_2023-08-24_A-895,PIR,True,"[  21.01265545   21.17428841   21.36722129 ... 7185.10112766 7185.92982573
 7186.05849209]"
454,662892_2023-08-24_A-897,PIR,True,"[  23.02031744   23.49854966   27.8861061    44.90839976   50.54841996
   58.538168     58.88330053   68.49131148   68.58437793   68.93901043
   84.40670772   90.33492724   91.28892502   93.36392018   93.70391939
   94.33811791   94.83501675   99.93410487  105.21419257  111.88637702
  114.05920529  114.98260314  115.24806919  119.64555894  121.56952112
  126.64480929  128.68980453  128.8173709   130.22670095  131.15199879
  132.04286338  135.25258924  137.072185    148.89375745  151.39391829
  156.76167245  168.45301187  178.33958883  183.08907776  190.39189408
  191.46242492  194.27715169  205.4152924   218.13899609  234.05095901
  250.26482122  263.50052371  265.3076195   291.20279249  331.24876584
  348.27765949  368.51067901  372.3194368   383.91274312  384.47750847
  388.21676642  388.29649957  399.81913938  401.52180208  401.56376865
  401.71350164  407.32832189  419.83072608  428.08557351  433.64456056
  434.72595804  436.38588751  485.01614085  487.39886863  503.56559762
  504.78036146  522.1713876   534.63835855  539.00988169  561.03213038
  571.42337283  584.13254321  585.39410694  619.05959516  641.30780998
  649.44802434  665.23765421  677.70859182  681.04465071  683.87094413
  690.35419568  690.41179555  694.17762011  704.3247298   707.70982191
  714.392773    743.16773928  766.17448567  772.37883788  774.5287662
  787.10910355  787.88476841  806.91845739  809.06018573  816.30560218
  820.0459268   828.3853407   866.11165278  873.0434033   876.97999412
  901.98400252  903.9395313   914.32660709  914.44034016  914.5240733
  952.09001909  960.52406611  969.91234423 1003.53676588 1034.94652601
 1036.43945587 1047.52656337 1054.23328107 1054.64084679 1056.50600911
 1066.44695261 1078.11535875 1086.30777299 1088.96250014 1102.65133491
 1125.90471405 1125.97538056 1130.8640025  1140.17201414 1141.32481145
 1169.78364514 1178.26095872 1179.61275557 1202.88750133 1237.5181873
 1259.75476881 1301.30683865 1328.19687599 1367.244285   1368.74381483
 1371.24257568 1394.54455471 1423.5740204  1443.57287379 1443.78470663
 1453.99044952 1481.76095147 1493.06995845 1495.45545289 1503.64106715
 1503.76933352 1505.54042939 1526.49618056 1528.16817666 1531.98526777
 1541.26974613 1555.70307916 1557.92367399 1561.67573191 1581.74918513
 1583.57414755 1599.0581448  1602.34240381 1607.72665793 1655.96917885
 1672.0823413  1696.8284503  1698.37714669 1717.82173471 1718.18893386
 1723.80258744 1723.8909539  1725.65978311 1726.49684783 1755.04211464
 1792.57509385 1832.78310015 1840.75374824 1847.59699896 1854.61974927
 1855.78001323 1865.5060239  1891.50079665 1902.95656996 1933.03949986
 1982.71208411 1987.52903955 2005.68669723 2014.92644237 2017.86246886
 2041.96677936 2051.91352285 2054.29415063 2058.57644065 2069.35171554
 2086.4471757  2091.95109621 2133.4122996  2152.87395424 2160.48573651
 2163.57319598 2177.22263084 2180.2716904  2197.81854951 2207.77415964
 2215.73277443 2229.11497658 2232.31526912 2237.23749099 2278.4978615
 2282.0323866  2287.02577496 2293.02769431 2305.97069748 2311.20301862
 2311.62318431 2314.99877645 2317.44137075 2317.65023693 2329.68510889
 2341.22451533 2380.7735565  2388.29793897 2395.48205556 2401.1015758
 2413.69964644 2429.82997552 2437.74772374 2441.89178075 2459.88367215
 2488.00913995 2489.30303693 2512.1744503  2539.97988551 2562.75223244
 2571.65854502 2611.64698517 2625.08665385 2640.35875159 2657.11657921
 2661.16520311 2663.24296493 2666.86952315 2670.13901553 2679.09306133
 2737.56119175 2737.86852437 2738.88068867 2747.12923612 2747.66990153
 2751.28855976 2757.2804458  2794.32002615 2834.00763367 2864.96689486
 2880.97552422 2885.40661389 2910.28092259 2930.11480971 2951.91502557
 2953.38145549 2963.14406607 2968.5696201  2993.40769555 2997.11522024
 2997.3778863  3010.92405473 3060.10480679 3065.76632693 3073.60937532
 3090.0699703  3092.99753014 3111.72351984 3131.89120618 3147.92060216
 3151.32589422 3154.60485325 3159.87960762 3161.87696963 3193.69419549
 3215.64411101 3220.47106642 3251.29362793 3291.08760187 3308.68769419
 3318.25053857 3320.88273244 3346.91030512 3374.85234    3379.44489597
 3413.2319839  3434.12696854 3477.23993474 3488.80737445 3498.17405263
 3514.20678193 3516.47574331 3528.44541542 3557.21558171 3598.81248478
 3607.39803144 3613.13551807 3622.11639714 3637.68749419 3650.55843086
 3655.87538514 3685.01585056 3688.1323433  3694.29692894 3721.53386547
 3765.54849623 3779.88586282 3810.44312495 3838.48522627 3840.19148896
 3841.56411909 3870.6722846  3881.24585996 3893.51799803 3911.24849004
 3915.21748079 3915.25594737 3918.21974046 3937.22119618 3942.45638398
 3943.22181553 3957.42658243 3976.27410518 3980.47389539 4008.61926314
 4012.50832074 4014.04945048 4024.13246032 4080.21009631 4083.07202297
 4101.90407909 4122.0702321  4137.3156299  4154.33282358 4157.59421598
 4161.16994098 4162.22603852 4168.40122413 4196.98582419 4263.25960308
 4267.09759414 4270.23512016 4278.65266721 4311.41789086 4381.40929443
 4395.89116068 4418.42210818 4428.79491734 4454.21729143 4481.37072815
 4491.91450358 4526.31685675 4528.42308517 4532.05234338 4548.45077184
 4556.94775204 4563.78936943 4583.30312395 4589.47067625 4590.65317349
 4603.23114418 4607.39863447 4630.99534615 4635.84156819 4686.76038287
 4688.03231324 4719.32837364 4737.90403035 4744.1788824  4773.37731436
 4792.59793623 4798.13805666 4804.43967531 4826.8590564  4868.24549329
 4888.22681339 4892.90996914 4907.92600082 4910.8228274  4915.62948287
 4923.26336508 4923.63099756 4941.48958927 4944.53031552 4951.57796576
 4951.62689898 4955.36322361 5013.19508884 5017.56497866 5037.98186442
 5038.27243041 5074.23767993 5080.73453146 5091.0998073  5132.27194469
 5147.27797639 5177.8841384  5181.98249552 5191.29340716 5205.00237521
 5220.17907318 5220.41337263 5221.18917082 5222.51520107 5258.76721659
 5262.67237415 5273.04504998 5285.07005529 5314.61031979 5343.00358696
 5353.63066219 5360.26634673 5391.69447349 5400.98848517 5408.02070212
 5420.73890581 5432.04924612 5444.8626496  5449.63320515 5470.67548945
 5478.74307065 5483.99772507 5495.83909747 5499.4602557  5506.35040631
 5527.25259094 5528.93875367 5558.05441916 5571.52008778 5573.25441707
 5580.30800064 5588.03831595 5595.76026463 5612.88522472 5617.23028126
 5618.12104585 5654.00606223 5668.45602856 5671.32132188 5739.96386192
 5760.32628114 5770.04319183 5773.25731767 5783.75922653 5785.62252219
 5794.59756794 5804.78667753 5807.44093801 5819.84120912 5821.56820509
 5826.69739314 5840.45816107 5854.80512764 5886.38362072 5901.8708513
 5927.06219259 5932.8084792  5937.42026846 5950.12703885 5957.00988947
 5959.23705095 5977.46817513 5994.55470198 6012.79145949 6018.6801791
 6029.11355478 6044.61351867 6053.4950313  6064.81233826 6094.822535
 6106.0502755  6115.5041868  6125.72299632 6218.12464767 6240.08196317
 6244.60571929 6257.1600567  6259.45308469 6273.2831858  6279.27947182
 6302.92978338 6318.88657953 6324.0771341  6362.1410454  6364.86683905
 6367.56743275 6402.51045133 6409.28563554 6416.96188432 6424.95906568
 6431.43208393 6442.46539155 6444.34258718 6445.58598428 6504.15948112
 6505.12394554 6516.29538617 6533.80394537 6569.05509656 6606.10601022
 6622.91713771 6624.00270185 6628.084359   6646.74541552 6674.99354969
 6690.24201416 6715.86455445 6739.19556675 6741.30112851 6773.12242102
 6782.19809987 6810.25666782 6833.98471253 6837.24240494 6858.14275623
 6861.4055153  6868.64909842 6872.81602204 6918.01001672 6951.08050633
 6954.45159847 6955.51336266 6990.96018006 7031.59455204 7045.66421925
 7052.65743629 7063.55031091 7071.97352461 7098.06489714 7101.23808975
 7143.84532379 7146.97738316 7163.12137888 7186.1110253 ]"
455,662892_2023-08-24_A-898,PIR,True,"[  23.81638225   24.47134739   25.65947795 ... 7186.30495818 7186.38369133
 7186.39039132]"
456,662892_2023-08-24_A-899,PIR,True,"[  20.42555682   20.50468997   20.56262316 ... 7186.05865876 7186.18069181
 7186.26602494]"
457,662892_2023-08-24_A-900,PIR,True,"[  21.01032212   27.28177417   29.55226888 ... 7181.88753514 7183.84479725
 7184.84649492]"
458,662892_2023-08-24_A-906,PIR,True,"[  21.09462192   33.0043275    39.28711286   47.27029426   50.46052016
   63.0162909    86.49333619  122.75741835  124.79474694  126.37640992
  139.96311159  154.17064515  184.94164011  207.68985377  224.35044828
  294.52928474  296.78651281  452.73888273  515.90290221  600.10520599
  687.2738362   690.32772908 1009.26758585 1021.57142385 1169.31631289
 1178.54335806 1201.34627159 1242.98934121 1279.77722215 1358.19433942
 1372.44067289 1387.41957131 1415.97640477 1424.06468592 1432.07763391
 1448.49546232 1454.3712153  1454.72868113 1463.89705977 1473.75893678
 1477.65292771 1481.38135236 1490.68069735 1491.21846277 1535.89349199
 1540.09108221 1550.39012488 1557.71377448 1560.56540117 1566.30928778
 1579.61309011 1631.46070263 1635.88785898 1635.91535891 1642.10937781
 1676.80206363 1694.46445581 1713.8498773  1714.551709   1718.90209886
 1721.00812729 1724.66988542 1729.90500655 1732.41243404 1732.67586676
 1733.56133137 1734.48946254 1740.60971494 1742.62701024 1744.92393822
 1746.11913544 1771.10721054 1778.5763598  1780.76972136 1787.5881388
 1788.21180402 1801.25197363 1803.87520085 1832.74516691 1835.31662758
 1856.11354578 1880.75765502 1896.22828564 1906.70896122 1913.99901089
 1929.81640737 1941.18434754 1941.54164671 1941.60727989 1958.58774032
 1993.21509296 2002.77290402 2003.22020298 2009.08035599 2014.20211072
 2028.9159431  2034.20209745 2039.47171851 2053.45071926 2067.08065417
 2103.59000242 2129.22467602 2165.04905921 2240.91431575 2268.38341841
 2290.6879331  2324.34682133 2324.35395464 2325.67781823 2325.68198488
 2325.68451821 2350.20386107 2350.20882773 2350.29832752 2357.85424325
 2358.0033429  2358.00520956 2360.61353682 2360.61603681 2361.39826832
 2362.24496635 2362.24803301 2375.99510097 2378.65206145 2378.82299438
 2378.82549438 2378.82986103 2383.55938335 2383.57251665 2383.5805833
 2386.68807605 2386.69027605 2398.90348092 2418.96033418 2430.06354164
 2447.62906738 2453.53365362 2483.50775044 2487.86500695 2493.74095992
 2515.43580937 2543.69714351 2566.50615702 2604.9656674  2614.03261294
 2615.26331007 2623.27535807 2626.51331719 2636.29566106 2661.19066971
 2675.76663575 2676.64626703 2686.36107773 2686.36874438 2686.46537748
 2690.43943489 2692.67866301 2709.63695682 2713.12021537 2726.10725177
 2726.12151841 2726.12365173 2726.12948505 2748.11983381 2788.00887419
 2813.09848239 2813.10128238 2813.10604904 2818.65463611 2820.75896454
 2820.7612312  2820.7633312  2820.76526453 2820.76913118 2826.01731895
 2833.38743511 2840.79205119 2858.12364414 2871.39294655 2871.39511321
 2871.39724654 2871.40124653 2899.4662478  2900.44921217 2900.45297883
 2902.32647446 2910.4796888  2913.31724885 2913.84721428 2922.27282798
 2926.27711865 2926.27951865 2926.28148531 2926.28375197 2927.79784844
 2935.25299773 2948.50426686 2948.56696671 2948.57053337 2948.57260003
 2957.78761189 2958.19084428 2961.47456996 2983.06561965 2985.76778002
 3009.45405816 3018.10063801 3022.43809457 3022.47292782 3022.9230601
 3030.87944156 3033.91773448 3034.96026539 3044.2218438  3051.72219299
 3078.73266338 3083.43928575 3102.62337438 3102.62634104 3102.62847437
 3102.641441   3119.4220019  3139.62212149 3146.35123915 3158.68057708
 3163.11860007 3163.12100007 3163.12530006 3172.19357893 3172.19757892
 3176.84996808 3182.98098712 3182.98322045 3182.98518711 3182.99368709
 3183.61688564 3186.22297957 3186.22657956 3186.22884622 3186.23077955
 3187.65277623 3194.72242643 3199.69511484 3212.42885183 3215.58664447
 3226.15431985 3244.5694436  3246.93907141 3259.73594159 3277.09403448
 3289.82767147 3292.34893226 3301.89664335 3309.96065789 3311.09738857
 3311.12332184 3318.21527199 3318.53100458 3321.92489667 3321.92736333
 3321.92943    3321.93152999 3321.93359665 3328.83338058 3356.33234983
 3356.62071582 3357.06914811 3365.49152848 3365.49416181 3365.4983618
 3390.66823648 3395.879791   3396.57538938 3400.77534626 3404.41830444
 3423.85772581 3423.88975907 3473.37367709 3475.06420648 3482.14518998
 3489.40143974 3495.81722479 3495.81942478 3495.83159142 3500.78224655
 3500.78521321 3504.18267196 3504.18517195 3504.18773861 3504.18967194
 3504.1936386  3515.59701203 3515.72954505 3518.25550583 3519.52770287
 3524.74895737 3527.48251766 3541.08005264 3547.01060549 3551.90482742
 3583.46552054 3583.46782053 3583.46992053 3616.47291029 3631.29374242
 3638.1262265  3648.18823638 3650.43963114 3657.84948054 3663.49816737
 3667.4633248  3667.47069145 3681.61499182 3683.51908739 3700.11821537
 3708.1577633  3715.96067845 3716.59094365 3721.86583136 3732.17624067
 3736.64946358 3736.6525969  3736.65466356 3736.67849684 3742.27231714
 3744.34717897 3769.8271196  3778.21430005 3789.22530772 3793.55209764
 3805.10983738 3810.30869193 3814.53174875 3822.58262999 3826.48255424
 3851.31789636 3860.03264272 3866.13009518 3877.95540096 3879.14603152
 3881.82929193 3887.70021158 3887.70221158 3887.70417824 3892.97013264
 3898.34525344 3898.70731927 3900.0678161  3901.73341221 3907.88343122
 3919.28433798 3919.28670464 3919.66550376 3919.66767042 3919.67267041
 3919.67447041 3923.31459526 3923.31696192 3923.31896191 3923.32092858
 3923.95589376 3931.43777633 3931.44034299 3931.44257632 3931.44454298
 3931.81080879 3940.11035612 3945.15201104 3946.46627464 3946.4699413
 3950.26636578 3958.06588094 3962.46920402 3971.46878304 3975.16497443
 3991.63696938 3993.87613083 3995.58769351 3998.01345452 3999.70011726
 4005.59223686 4007.52413236 4017.83934165 4024.5986259  4062.14210508
 4083.78655464 4104.95553865 4118.55360696 4120.88733485 4122.44183123
 4124.6594594  4131.122411   4134.44686992 4137.72796228 4149.89580059
 4169.44115504 4170.75545198 4199.0957526  4200.46644941 4209.55829489
 4212.08112234 4239.45459189 4241.6683534  4241.87981957 4242.1813522
 4242.86415061 4245.62527751 4248.2597047  4251.08653145 4256.9722844
 4258.29494799 4260.93104184 4260.93320851 4263.66436881 4264.89446594
 4272.26004878 4274.32541063 4277.66113619 4302.19934568 4303.21214332
 4303.99327483 4307.93026565 4329.78781472 4343.65964906 4346.0174769
 4353.61712586 4357.57541663 4360.47394321 4368.57322434 4385.43388505
 4398.27778845 4399.50135227 4417.80394295 4434.82096996 4437.38249733
 4438.25492863 4442.45561884 4469.19135653 4490.84033942 4492.09196984
 4505.33017232 4506.18733699 4509.84772846 4520.12007119 4528.00178616
 4582.76575854 4606.21790389 4611.82132416 4635.64653531 4642.92118503
 4661.75794113 4662.54410597 4664.13596892 4670.27768794 4672.72134892
 4672.98978162 4673.33068083 4673.76794648 4695.03419692 4696.04909456
 4700.8356834  4701.55901505 4701.69944806 4702.79274551 4710.65949384
 4711.76575793 4743.02975174 4756.49678703 4761.15404284 4761.54607526
 4765.65613235 4765.81216532 4766.42843055 4771.39461898 4771.57498522
 4772.45061652 4778.61643548 4789.46157688 4805.14597366 4813.95278647
 4822.06073424 4827.86455405 4834.28187243 4841.95495455 4844.18251603
 4846.23941123 4850.63620099 4857.15041914 4858.48274937 4863.31730477
 4869.92078938 4872.23408399 4883.31855816 4892.73460289 4905.75320588
 4910.33506187 4928.43118637 4937.31556567 4943.74745068 4950.69360116
 4957.80421792 4962.63234    4975.81890928 4976.56494087 4993.93533373
 5009.59069724 5014.95375141 5016.20778182 5023.41883169 5023.71603099
 5044.67534882 5045.740913   5049.43997105 5063.05273933 5077.65713863
 5078.61316973 5079.9591666  5083.98725721 5098.46245681 5118.57680994
 5123.6161982  5124.32929654 5135.81486977 5155.62235695 5163.17687268
 5168.28706077 5169.54605783 5180.42843247 5182.0173621  5186.42748516
 5189.39381158 5195.33219774 5204.0776107  5213.48908877 5239.89712723
 5241.3123906  5249.44520498 5255.51112418 5267.79596221 5306.3382724
 5312.60945779 5313.78948837 5317.06291407 5318.0669784  5318.26314461
 5319.27664225 5329.72745123 5332.44967822 5336.63943512 5370.94362185
 5403.91901167 5410.82016226 5424.00233154 5425.39766162 5432.65264472
 5434.78753974 5436.89533483 5441.34359113 5454.81979306 5468.74596061
 5470.80475581 5476.31207631 5486.29655304 5487.39055049 5489.29094607
 5490.7228094  5491.21430825 5496.16866337 5503.7216791  5510.19466402
 5514.90098639 5531.60861412 5531.61954743 5534.47590744 5540.78082608
 5545.71318125 5562.67427506 5563.88993889 5568.73349427 5574.43704765
 5580.05330123 5586.11215378 5589.68381212 5595.87699769 5603.10724751
 5603.70364612 5604.25927816 5609.91196498 5614.87315342 5616.41288317
 5618.51074495 5618.92227732 5625.52446193 5671.54752135 5677.04854187
 5699.35945654 5705.66830851 5739.64666266 5766.67096635 5776.98424232
 5780.82000005 5783.04642819 5783.44619393 5793.30103763 5793.60933691
 5819.84184245 5841.71562481 5848.58464214 5849.30594046 5851.28160252
 5858.90545142 5861.24157931 5862.11141062 5865.75626879 5870.82042366
 5872.32622015 5875.28484658 5878.12243997 5891.89407455 5892.16737391
 5894.37196877 5905.59404262 5917.95584715 5932.41378012 5937.74853436
 5951.45120243 5972.70581957 5989.50738041 6000.34282183 6027.36479219
 6031.28971638 6035.62357295 6042.81232286 6076.54564425 6078.80410566
 6079.20343806 6086.10432198 6087.58828519 6102.114418   6106.55794098
 6111.2146968  6113.79429079 6122.19643787 6123.72790097 6148.38907684
 6158.21062062 6172.91055303 6175.19428104 6175.33468071 6193.30603883
 6236.94400381 6256.97952379 6275.81451323 6277.74827539 6279.44047145
 6279.99353683 6283.37196229 6292.56720753 6309.34093511 6318.110848
 6321.26140733 6334.86510896 6336.83100438 6338.48613385 6359.27081875
 6365.48960426 6366.72826804 6367.29280006 6369.55952811 6375.66651388
 6388.19851801 6394.3387037  6413.3060595  6415.39182131 6425.66246404
 6426.72889489 6431.84258297 6446.44614894 6448.74881024 6464.19040759
 6481.39920082 6503.0942836  6525.80653068 6533.88767851 6534.99747592
 6542.72375792 6568.30343165 6582.16229935 6592.7964079  6601.32692136
 6615.49658834 6619.30097947 6625.8816308  6646.62854912 6654.11279835
 6655.32716219 6656.68785902 6659.8990182  6662.82897804 6670.6688931
 6687.6347869  6688.50191821 6698.41649511 6701.96282018 6705.07074627
 6719.56787915 6720.48654368 6740.66279666 6740.70729656 6752.58483555
 6770.31252757 6801.00708938 6805.45677901 6810.8688664  6815.0285567
 6815.85628811 6821.69290784 6833.73651311 6844.29622183 6844.42302154
 6844.90682041 6849.33771009 6857.5846242  6858.71558823 6861.28918223
 6865.04904014 6865.23353971 6872.65265575 6885.76995852 6906.49401023
 6915.35895624 6915.95452151 6916.26275413 6923.83430315 6934.38781189
 6939.62269969 6942.89109208 6955.58616249 6973.88931984 6974.44761854
 6981.86336793 6993.31734124 7001.11918972 7008.66393881 7013.29219469
 7016.55288709 7023.26987144 7031.92271794 7041.22949625 7046.27948449
 7046.8731831  7061.56234887 7062.86454584 7064.83240792 7065.38223997
 7070.92612705 7080.45583818 7080.89550382 7083.69553063 7088.89691851
 7091.13774662 7098.27486332 7111.17269993 7111.34363287 7114.93732449
 7117.28955234 7117.80848447 7122.39424045 7123.03920561 7128.90939193
 7128.95965848 7135.01977769 7136.43274107 7141.99212811 7144.40445583
 7144.5157889  7145.86768575 7146.6482506  7148.71274579 7150.20447564
 7169.10149827 7172.55312356 7175.10928427 7179.36977435]"
459,662892_2023-08-24_A-908,PIR,True,"[  20.26735719   20.96245557   21.18112172 ... 7182.51080036 7184.50189572
 7185.80029269]"
460,662892_2023-08-24_A-909,PIR,True,"[  21.2627882    21.26785485   21.62688735 ... 7184.96929463 7185.94079237
 7185.99652557]"
461,662892_2023-08-24_A-912,PIR,True,"[  25.80181096   32.83666123   33.28566018 ... 7181.04867043 7181.07147038
 7185.97502562]"
462,662892_2023-08-24_A-917,PIR,True,"[  21.52245426   29.85046819   41.93920668 ... 7184.32282947 7184.33066279
 7186.00015889]"
463,662892_2023-08-24_A-918,PIR,True,"[  40.4866434   194.19731854  215.90443463 ... 7179.04570843 7180.83187094
 7182.16400117]"
464,662892_2023-08-24_A-919,PIR,True,"[  21.5351209    21.57052082   23.24561691 ... 7181.89396846 7182.81226632
 7184.27262959]"
465,662892_2023-08-24_A-920,PIR,True,"[  20.21649064   20.27705716   20.35159032 ... 7185.36182705 7185.5972265
 7186.20992507]"
466,662892_2023-08-24_A-921,PIR,True,"[  21.66935392   27.71727316   35.23045565 ... 7183.28299856 7183.58329786
 7186.06492541]"
467,662892_2023-08-24_A-922,PIR,True,"[  39.42764587   47.11389463   57.79966972 ... 7172.29032418 7176.75434711
 7182.4236339 ]"
468,662892_2023-08-24_A-927,PIR,True,"[  20.96775555   20.98072219   21.39712122 ... 7168.44999979 7168.61429941
 7173.77252072]"
469,662892_2023-08-24_A-928,PIR,True,"[  24.01128179   45.61849811   88.12576572   92.73495498  102.94763118
  182.68724537  214.02887233  266.13425091  283.47967716  305.00882699
  375.35376306  411.98164437  487.87503419  511.00734695  515.22933711
  537.97228411  654.18241331  691.8642255   703.98689725  745.01536831
  754.90614526  811.18721411  845.22580145  864.43595669  904.21669732
  936.28518926  965.38148812 1134.52326064 1139.62811541 1225.65048162
 1250.61485678 1338.23091927 1438.26358617 1444.6569046  1470.50914436
 1471.89967445 1556.66234359 1652.65995323 1729.75647357 1843.6907414
 1881.73925274 2053.96858472 2080.25169014 2153.35025313 2201.70580712
 2245.19837243 2333.63319969 2361.34900177 2368.21165244 2430.27680781
 2490.94003312 2581.57352191 2618.67296879 2646.43950409 2656.03101507
 2666.17672476 2757.53944519 2790.45223516 2791.96776497 2876.59016777
 2888.26640723 2892.7117302  2913.91708079 2926.11635236 3021.82532933
 3068.03428831 3079.33629531 3079.90969397 3119.67550131 3146.13180632
 3152.3360252  3172.13914572 3193.01709707 3242.74241453 3280.73969265
 3282.74618797 3294.43206074 3303.41107315 3345.77527443 3356.83461532
 3368.09758908 3368.73182093 3381.31905827 3399.37744952 3454.96258666
 3456.44504987 3456.56514959 3465.41702896 3471.34531515 3485.07671648
 3488.76327456 3497.94768649 3527.37865124 3533.94786926 3542.77811535
 3548.00906983 3548.24813594 3562.67453566 3569.45918651 3576.43893691
 3580.74672688 3582.84728865 3590.41320435 3591.24993573 3602.59977595
 3607.86179702 3627.53575118 3631.07020961 3637.56829446 3646.84310618
 3649.95889892 3662.62466941 3667.6333244  3669.61435312 3675.15594021
 3683.40085433 3685.59668254 3719.97650243 3754.51412195 3770.89725043
 3778.78273206 3781.41042594 3784.89308449 3791.41093597 3797.95168739
 3800.66804773 3807.75793121 3833.6667375  3837.74216133 3841.747552
 3843.40168148 3851.53542919 3855.64858627 3865.15176413 3871.70171553
 3883.59025449 3883.85612054 3887.59204517 3892.1822678  3892.86433288
 3897.36592239 3901.24148003 3902.48377713 3902.94757605 3903.30147523
 3905.96120236 3914.90544819 3916.96407672 3921.65469912 3926.10825541
 3929.37798113 3936.11096544 3936.28796503 3944.94141153 3946.2119419
 3963.1343358  3970.98688417 3971.57724946 3975.8934394  3983.3293554
 3986.24981527 3997.54608894 4003.01814286 4004.93837172 4033.88750426
 4039.74655727 4052.80039352 4056.64138457 4062.23140487 4065.13556477
 4067.32135968 4075.01594175 4095.84269322 4103.06640971 4103.92800771
 4104.5618729  4110.00882687 4110.13485991 4120.66123538 4121.76016615
 4121.94329906 4129.38274839 4132.04547552 4140.22642312 4147.87777196
 4151.48356356 4155.28785469 4162.88403699 4165.95136317 4166.78339457
 4171.03598466 4173.42341243 4178.69573348 4180.03286369 4180.66962888
 4187.11504719 4190.01980709 4191.45290375 4218.49894072 4223.07486339
 4226.41878893 4227.12802061 4235.90033351 4237.70609596 4238.40276101
 4246.65194178 4259.7057447  4264.83473275 4265.61486426 4277.86406905
 4279.51139855 4281.51726054 4283.61138899 4285.45841802 4290.90353867
 4292.1742357  4294.2779308  4300.63214933 4309.0422964  4309.29332914
 4312.22328898 4313.51448597 4315.98114689 4316.89664476 4318.0964753
 4325.01112585 4326.68992194 4331.95940966 4332.42024192 4332.45754183
 4340.12052397 4351.8109634  4353.5126261  4361.2670747  4381.41072776
 4385.30221869 4385.39588514 4388.09377885 4391.72803705 4401.22904824
 4410.27736049 4415.88251409 4420.27487052 4432.87744116 4451.25313167
 4455.75442118 4460.11791101 4460.93020912 4466.06909714 4472.24114943
 4484.83538675 4488.53801145 4491.63327091 4497.27175777 4517.46057739
 4538.44076183 4540.71832319 4543.36221703 4545.3899123  4550.84653292
 4553.11276097 4562.88760486 4565.31493254 4566.24289704 4574.270545
 4582.13889333 4583.92525584 4587.27088137 4593.4951002  4598.50545519
 4607.66620051 4612.59372236 4616.58037974 4624.25776185 4626.20422398
 4629.27821682 4631.90691069 4632.28847647 4633.78827298 4638.67406159
 4643.48701704 4651.7308645  4653.60742679 4655.61458878 4671.2121191
 4674.69397765 4676.25407402 4676.3457738  4677.05927214 4680.52206407
 4684.48595483 4685.14981995 4690.63620717 4691.53707174 4691.94497079
 4706.06867121 4707.66493415 4708.64423187 4714.33281862 4722.74683234
 4725.36995956 4731.620845   4732.95780855 4734.16470573 4741.90732103
 4748.63277202 4755.13722353 4759.24911395 4770.11875528 4772.16025053
 4779.22913405 4781.07486309 4789.72854292 4791.88720456 4792.28607029
 4797.59479126 4800.08598545 4801.74958158 4805.51987279 4811.56459204
 4817.98127708 4822.70643274 4825.61312597 4827.24002217 4829.64468324
 4837.69743114 4848.61897236 4851.97323121 4855.72092247 4865.83756556
 4869.24859095 4880.01593252 4893.68020068 4898.01925724 4906.31570457
 4906.86600329 4908.86359863 4917.36764548 4919.56140704 4920.8215041
 4920.82587076 4923.10713211 4923.13356538 4925.7556926  4926.42342438
 4927.07552286 4930.17214898 4935.16050402 4935.37290353 4935.89590231
 4936.44526769 4938.67142917 4938.97979512 4940.42675842 4943.86171708
 4985.29525386 4992.19673778 4993.36606839 5004.32450952 5004.90730816
 5008.02970088 5008.33506684 5020.07150615 5025.6007266  5039.84466008
 5039.90065995 5041.38752315 5046.1155788  5049.6309706  5055.02785803
 5057.16321972 5058.0599843  5058.79848257 5066.9417636  5067.77386166
 5071.14568714 5077.11790655 5077.64487199 5077.80537162 5085.24662094
 5097.06496007 5097.42755922 5100.93195106 5103.16961251 5105.03220817
 5110.48536213 5110.58539523 5116.74798087 5117.13597996 5122.31586789
 5126.40292504 5136.36560182 5138.35439719 5142.06242188 5146.18414561
 5155.2431245  5156.62782127 5158.43918372 5158.88478268 5160.31107935
 5160.31987933 5162.13944176 5163.67063819 5170.67085521 5174.48797965
 5183.91975767 5199.83095393 5200.17695312 5207.78733539 5210.99086125
 5223.07963308 5234.54760636 5244.12888403 5264.76516928 5271.83588613
 5278.68383684 5280.68879884 5310.04929709 5315.77291708 5318.95977632
 5319.45184184 5319.47594179 5333.52577571 5335.12030533 5346.28387931
 5347.36684346 5351.68346673 5361.53367711 5361.54911041 5362.45630829
 5374.00911471 5374.81057951 5380.50546623 5394.70053316 5395.57923111
 5402.69384786 5418.22307834 5422.07363604 5429.69518494 5430.84398226
 5436.01070356 5439.04596315 5439.67552835 5439.97352766 5441.53639068
 5449.37030576 5449.50073879 5450.04563752 5463.07460716 5468.23922846
 5472.46295195 5487.7308497  5489.18841297 5491.54824081 5492.81457119
 5499.39968918 5506.66203892 5514.70288685 5518.62057772 5525.87476081
 5527.36849067 5531.31934813 5532.27407924 5541.14502523 5542.34845576
 5560.53941337 5567.10313141 5567.58006363 5567.65239679 5567.67586341
 5575.69517805 5577.70684003 5584.43972434 5588.04384928 5593.25900379
 5611.762494   5612.23119291 5613.13015748 5614.65545393 5615.17285272
 5615.87321776 5615.87885108 5615.97188419 5626.52542627 5631.0896823
 5641.36445836 5643.2752539  5658.24981901 5665.53993535 5668.58069493
 5671.3991217  5681.19776553 5687.2214515  5692.33047292 5696.82629578
 5710.84286312 5716.73521605 5733.91017603 5734.42724149 5734.83947386
 5735.32710606 5737.41100121 5739.26669688 5744.42775152 5747.67774395
 5748.61707509 5755.84169159 5757.87645351 5759.75438247 5761.65474471
 5773.16228456 5776.74677621 5781.23733241 5783.29856094 5783.37412743
 5783.91089285 5785.72705528 5786.20098751 5787.55991768 5790.38551109
 5790.98497636 5791.6264082  5792.93570515 5794.56933468 5809.42973338
 5818.72471172 5830.8041169  5832.78777895 5833.48457733 5836.0119381
 5838.80786492 5838.85566481 5846.53028026 5849.93930565 5857.66135432
 5867.87573052 5870.47899112 5872.0445208  5873.4456842  5877.2112421
 5878.13777327 5880.99753327 5883.87959322 5886.78845311 5890.97461002
 5894.41903533 5896.96942939 5900.71705399 5902.0549842  5909.83556607
 5933.03137869 5944.61445169 5945.00525078 5956.51575729 5961.3067128
 5967.73419782 5978.67260566 5979.80060303 5981.63229876 5988.19525014
 5993.117572   5996.41613098 6018.17978026 6020.01174266 6022.71590303
 6050.68687118 6061.51717927 6064.81387159 6067.42589884 6090.08097938
 6110.85829763 6132.92947953 6132.98301274 6133.86071069 6135.7461063
 6150.39327217 6153.24746552 6169.18802837 6187.99271788 6197.27059626
 6224.64133248 6226.37256178 6240.32379594 6241.66825947 6246.37881516
 6250.6946051  6269.37339491 6275.83867984 6291.37647697 6298.11866126
 6310.95773134 6311.21516407 6313.18985947 6316.04258615 6328.40355735
 6335.35087449 6349.22984215 6351.37443715 6361.66261318 6365.00777205
 6365.82623681 6365.86587005 6368.09916485 6368.19039797 6374.87658239
 6397.34966335 6402.49548469 6404.84244589 6410.55576591 6415.11278863
 6419.12784594 6423.60590217 6426.42522893 6428.70379029 6429.91375413
 6431.25821767 6431.75511651 6434.0911444  6434.16344423 6445.45248459
 6450.23977344 6451.74380326 6452.63823451 6457.97782207 6462.40721175
 6465.92360355 6478.09024187 6489.23318257 6490.9807785  6497.5890631
 6506.94660796 6514.9245227  6518.37348133 6524.24513431 6527.16889417
 6532.87421421 6534.23194438 6534.71717658 6537.53077002 6537.63313645
 6538.24086837 6538.35180144 6543.16459023 6561.58988062 6561.64828049
 6564.91323955 6571.21359153 6587.18972097 6587.56428676 6598.36706159
 6605.41571183 6609.11893653 6624.68980025 6627.55756023 6627.68259327
 6628.09135899 6629.98578791 6636.76760544 6649.42930926 6656.31802655
 6656.71092563 6657.59582357 6660.96628238 6665.03513956 6665.20580583
 6665.21547248 6667.87936627 6679.68440543 6682.48033225 6684.55446075
 6691.43617804 6691.48287793 6693.40924011 6701.35598826 6723.56133651
 6728.92675735 6732.1079166  6744.64425405 6748.03721281 6755.19302947
 6765.00573994 6765.265906   6774.37455144 6794.34310491 6804.32218165
 6807.48554095 6813.87609272 6824.28710179 6825.2989661  6843.74798978
 6846.69044959 6850.01774183 6861.99094727 6867.12890196 6869.34026347
 6883.17266457 6885.13922666 6900.20919154 6902.05168725 6907.21587521
 6930.90505334 6940.61159739 6946.28975082 6948.96577792 6952.64436935
 6990.46988121 6997.79213081 7004.26244906 7013.21212821 7043.04599202
 7043.41349116 7049.7043765  7054.211066   7060.0891523  7081.69160196
 7086.22975806 7094.83047135 7094.91580448 7108.59200595 7123.02073899
 7127.10842946 7132.5701834  7134.78697824 7136.28717474 7140.23989886
 7145.05898763 7145.31448704 7150.62684133 7162.47348039 7176.5288143
 7183.98576359 7184.33456278]"
470,662892_2023-08-24_A-930,PIR,True,"[  20.80185594   21.19108837   21.88135342 ... 7185.14666088 7186.01252553
 7186.37129136]"
471,662892_2023-08-24_A-931,PIR,True,"[  20.99122217   21.6618206    21.70108718 ... 7185.85805923 7185.9993589
 7186.25459164]"
472,662892_2023-08-24_A-933,PIR,True,"[  21.55778751   21.83805353   21.90482004 ... 7183.7220642  7184.13052992
 7184.42396257]"
473,662892_2023-08-24_A-934,PIR,True,"[  20.95858891   20.97798886   20.99168883 ... 7185.42222691 7185.45032684
 7185.55732659]"
474,662892_2023-08-24_A-936,AIv,True,"[  20.37519027   20.37785693   20.49788998 ... 7184.65566203 7184.7687951
 7185.60752648]"
475,662892_2023-08-24_A-937,ORBl,True,"[  37.23251765   37.31895078   37.33361742   37.34315073   40.98194225
   40.99617555   96.00808069  175.5055621   216.23506719  267.23844834
  287.11603535  287.74920054  288.53029872  291.60059157  306.25425742
  309.59634963  330.41400112  331.5676651   337.66945088  337.8584171
  338.64208194  372.08067069  379.86518588  445.9436319   464.24995591
  464.30495578  464.4094222   464.48858868  473.51356765  474.31576578
  475.43449651  484.57300855  499.92293945  500.20100546  500.62173782
  503.3903647   538.81734881  539.1361814   545.71316607  546.30789802
  553.37668155  554.30464605  555.54654316  568.23088027  568.76824568
  568.86451212  569.13237817  574.28203283  582.44371381  597.60754514
  610.58061491  610.76178116  614.06880679  618.50876311  619.09069508
  619.21569479  629.90660321  635.18545758  635.2475241   635.40615706
  635.54485674  635.69415639  635.8929226   636.22788848  636.29122167
  682.32524773  697.36317935  724.07015045  724.07325044  769.71561075
  769.8343438   770.71924174  806.30379215  818.8714962   818.97912928
  831.57289994  832.33723149  832.53506436  832.95576338  834.31609354
  836.08822275  854.35728017  874.70463276  884.69820947  890.57779577
  905.34216136  946.41703231  946.72053161  953.35718281  953.59144893
  965.40255474  972.92093722 1002.67656788 1044.52187037 1153.70714927
 1195.95148416 1195.95688415 1196.80708216 1205.90996095 1230.70356984
 1233.05353103 1255.20394608 1305.67752846 1307.66392384 1307.69282377
 1350.73782346 1352.52871929 1373.02177153 1393.58195695 1418.07606654
 1419.50829654 1436.04229134 1444.00173946 1445.81190191 1451.37198895
 1465.58038918 1487.40693831 1503.62703385 1574.72933483 1576.62029709
 1581.66461867 1591.98859461 1621.82165842 1624.02975328 1628.07844384
 1671.27774317 1672.58910678 1682.23751763 1691.37526301 1808.01235787
 1839.39451808 1850.12769307 1895.57465383 1897.48654937 1909.91718707
 1911.14518421 1916.6861713  1930.35747277 1937.23539008 1959.9861704
 1960.24500313 1968.29728436 1984.33904698 1985.60504403 1996.82691788
 2032.48413479 2032.59086787 2053.41181935 2053.82675172 2064.27832737
 2074.74870297 2087.65380623 2088.25760482 2088.3802712  2089.17966934
 2105.69933084 2141.89181317 2142.12331263 2148.33326483 2157.56624331
 2160.65193612 2160.87993559 2160.88963557 2173.67023912 2173.72307233
 2174.1935379  2174.30177098 2174.32833758 2174.35583752 2194.10999149
 2194.11759147 2194.15449138 2194.27615776 2194.43605739 2196.45941934
 2197.0077514  2198.72904739 2200.04054433 2200.77157596 2200.93810891
 2201.31614136 2201.39520784 2203.5600028  2204.25790117 2205.28796544
 2207.55219349 2211.96934987 2212.02394974 2212.16684941 2222.01282646
 2232.33183575 2232.65736833 2233.09253398 2248.51019805 2248.7891974
 2248.83153063 2251.25692498 2258.57024127 2261.63403413 2264.03179521
 2264.30996123 2265.0796261  2265.16209258 2266.08282377 2276.23983343
 2276.37869977 2278.69392771 2278.81682743 2279.03949357 2279.08162681
 2279.22162648 2287.43244068 2290.03590128 2292.16079633 2292.48032892
 2292.79299486 2292.82419479 2301.40530812 2301.4724413  2302.76163829
 2302.79460488 2303.35820357 2303.38513684 2306.30403004 2306.78382892
 2306.88169536 2314.29391142 2314.3887112  2317.479104   2322.15312644
 2322.4972923  2322.61449203 2333.17696742 2339.51555265 2347.95533298
 2348.55313159 2348.66929798 2354.50815104 2355.36704904 2360.45523718
 2360.7188699  2373.12610766 2373.9498724  2376.58956625 2419.63466595
 2425.36071927 2433.26270085 2433.31363407 2437.01042545 2437.21442498
 2439.58058613 2452.41368956 2456.35344705 2457.55441091 2459.76707243
 2459.83090561 2460.09433833 2472.54814264 2478.79769474 2493.91775951
 2496.3841871  2511.65395151 2512.45984964 2524.29188873 2524.29752205
 2525.30158638 2551.06239301 2556.42581385 2556.71221318 2557.28197852
 2557.49317803 2570.16581516 2581.14748957 2596.30938757 2596.33355418
 2602.10997406 2602.18037389 2634.71403141 2655.63264933 2655.80198227
 2678.79096203 2678.98472825 2679.87339285 2694.40699231 2695.11635732
 2699.30154757 2699.403614   2699.66771339 2708.81645873 2718.48173621
 2720.38096512 2725.2643204  2725.65475283 2726.37378449 2738.9964884
 2742.57838006 2764.05483001 2764.29149613 2782.86818617 2783.05155241
 2783.39421828 2784.82061495 2795.51765669 2795.57408989 2795.59102319
 2813.87851391 2818.6442028  2818.68406937 2818.87050227 2831.97413841
 2832.16393796 2832.53683709 2833.61793457 2833.69013441 2839.8145868
 2839.89645328 2840.33868558 2840.48165191 2840.71195138 2845.91340592
 2857.0667466  2863.59866471 2863.66696455 2864.06516362 2864.13293013
 2864.27242981 2864.86966175 2865.34292731 2889.98090323 2890.28333586
 2890.54030193 2890.57436852 2890.651235   2890.68450159 2890.94583432
 2897.78305172 2897.94461801 2898.44095018 2899.59608083 2899.60201415
 2899.65631402 2906.71893089 2907.25709631 2907.30852952 2907.3153295
 2907.86669489 2910.676955   2911.05525412 2911.10392068 2911.14302058
 2921.01826424 2921.15586392 2947.56886904 2949.16409865 2949.27633172
 2968.64131993 2968.96981916 2993.69906154 3004.92336872 3006.0444661
 3029.46567819 3034.49269981 3046.66077145 3046.71560466 3046.89413758
 3046.99697067 3047.02653727 3053.26685606 3053.27538937 3053.52435546
 3053.91388789 3053.98248773 3056.22334917 3056.29364901 3066.11729278
 3066.79129121 3072.75774397 3073.05064329 3073.05804327 3073.27937609
 3073.52360886 3073.74280835 3073.81007486 3080.00862708 3087.03131071
 3113.77834838 3121.76262978 3124.52202335 3124.90372246 3130.49840942
 3130.55034263 3130.56367594 3131.02447486 3131.1673412  3136.20352946
 3145.85294031 3153.02549026 3153.46952256 3153.51535579 3153.62938885
 3153.73522194 3153.76295521 3153.78398849 3153.84388835 3153.90318821
 3153.92025484 3153.94508812 3154.26122071 3158.21181151 3158.36344449
 3158.9315765  3163.26889972 3199.31721572 3203.24720656 3253.42095631
 3254.15792126 3277.46010029 3312.04858636 3312.05968633 3330.80180932
 3463.5989332  3463.90739915 3464.12763197 3468.52205506 3480.6638601
 3509.22029355 3537.73669377 3538.13372618 3538.21265933 3549.70843254
 3567.40235797 3567.46569116 3568.40955562 3596.03222459 3596.71955632
 3598.69651838 3612.59791932 3627.47491798 3628.76328165 3632.84933879
 3691.45160223 3718.29420635 3719.014038   3719.02400465 3721.5621654
 3726.69595344 3733.00317207 3759.67307659 3760.02304244 3763.7598004
 3764.1743661  3765.89942875 3770.4703181  3778.70793223 3778.71363222
 3780.01066253 3780.8405606  3786.60788049 3806.33960118 3806.6861337
 3806.78226681 3806.8000001  3812.9819857  3813.15465196 3813.61748422
 3813.67578408 3813.70285068 3814.08731646 3815.48074654 3815.86914564
 3822.93109585 3827.35598554 3840.43532172 3840.77222094 3841.17208667
 3853.90949032 3854.16298973 3857.34301566 3857.35884895 3872.00968148
 3872.03968141 3872.76317972 3872.82681291 3873.21024535 3878.1235339
 3882.61252344 3887.25394596 3931.60007595 3937.66679515 3951.63809592
 3951.76229563 3952.16376136 3952.34996093 3961.63383929 3962.81816987
 3963.08133592 3967.87415809 3968.3242237  3974.11631021 3974.34840967
 3974.50104264 3974.51967593 3978.50086666 3979.36699797 3983.34122204
 3983.41432187 3999.58558419 3999.63155075 4005.46507049 4006.05963577
 4012.27928794 4012.33468781 4012.34655445 4012.95545303 4020.13063631
 4020.19670283 4020.20596947 4034.43646964 4040.14535634 4040.24578944
 4040.2757227  4040.58595531 4040.60275527 4040.69025507 4040.77108821
 4062.3901045  4064.59086604 4064.86243207 4064.88976534 4065.21163126
 4065.36353091 4065.74669668 4065.75839665 4065.83142982 4066.20379562
 4068.25182418 4068.27475746 4078.51376693 4079.78096398 4080.4452291
 4080.50279563 4080.7876283  4081.56975981 4093.45459878 4093.69219823
 4093.85463118 4094.02449745 4097.56792253 4098.2534876  4102.05077875
 4102.1589785  4104.85453888 4107.10290031 4119.64497108 4120.8799682
 4121.00103459 4138.04302821 4138.7336266  4138.76682652 4138.85949297
 4138.90752619 4138.99999265 4140.27608967 4145.38934442 4145.44651096
 4159.73124434 4159.88277732 4160.00134371 4160.13337673 4160.62354226
 4160.65117553 4160.84257508 4161.30290734 4161.82607279 4164.39903346
 4164.4102001  4164.56306641 4164.57589971 4164.66103285 4170.66431886
 4171.03801799 4171.2347842  4171.3032507  4172.64198092 4172.79988055
 4172.95718018 4174.29917705 4174.73260938 4174.85227577 4192.15253545
 4192.17530206 4193.08023329 4197.7541224  4198.07615498 4203.3052428
 4203.82817491 4218.44927417 4221.20153442 4221.4140006  4221.87276619
 4227.25062033 4227.43121991 4227.62438612 4227.84458561 4228.01935187
 4228.05825178 4228.11335165 4228.18345149 4228.67668367 4231.5118104
 4233.47123917 4233.56677228 4233.60550552 4233.63513878 4233.9289381
 4260.84194205 4261.19684122 4276.19193961 4288.75277701 4316.05848005
 4322.51453167 4356.65348545 4356.70398533 4368.05612554 4368.11719207
 4368.66112413 4368.75439058 4369.06442319 4369.43492233 4374.16614464
 4374.42444404 4375.24857545 4394.59146371 4421.09530195 4421.23530162
 4421.38243461 4480.24033079 4505.98047081 4525.38169226 4525.42625882
 4553.97235897 4606.15490404 4614.98571679 4615.03468334 4615.13181645
 4657.55975091 4670.86715324 4670.96371968 4671.03365285 4696.28776067
 4696.64719316 4706.05310458 4735.63786897 4736.23210092 4736.29700077
 4769.50012339 4790.75494053 4791.27203932 4818.14377671 4818.5179425
 4818.59437566 4820.48360459 4842.05822098 4883.2576583  4897.00782626
 4897.10432604 4934.17043966 4934.90283796 4939.20592793 4942.73961969
 4942.84528611 4944.24838284 4949.8176032  4949.86950308 4962.33017404
 4977.94810431 4978.0688707  4978.50276969 4978.54673625 4978.5534029
 4978.58373617 4978.60586945 4978.6384027  4978.8406689  4982.79492635
 4984.1053233  4984.29652285 4984.3344561  4984.34972273 4989.17627815
 4989.69341028 4989.78537673 4995.58796321 4995.70006295 4995.961329
 5002.33268082 5002.76641315 5002.82517968 5004.51204241 5009.03236521
 5009.61969718 5019.21634148 5020.90173755 5032.52281047 5033.5265748
 5040.66445817 5040.87252435 5040.9231909  5040.99779072 5045.37801385
 5046.40597812 5049.93980322 5056.92632027 5062.95857288 5062.97273951
 5062.99893945 5099.36732137 5109.17059853 5122.25833469 5122.72206695
 5129.46335124 5141.25389043 5163.08973954 5166.9726305  5167.40506282
 5168.15152775 5168.21206094 5177.00774045 5177.09837357 5178.39410388
 5179.29240179 5184.99068851 5185.58522046 5194.50579967 5196.75652776
 5196.81756095 5211.28299391 5211.39666031 5213.47958879 5225.64089378
 5225.82762668 5226.39039204 5249.5629047  5249.6356712  5254.16729397
 5254.50672652 5262.49624123 5264.72020272 5265.38043451 5267.28979673
 5267.60886265 5285.2957881  5285.75862036 5299.69452122 5300.33665305
 5300.41118621 5300.7755187  5300.81665193 5301.54288357 5301.60098344
 5304.42581019 5312.07892569 5312.72535752 5313.36075604 5316.08748301
 5317.27161359 5321.19720444 5335.33727149 5339.15899592 5339.21466245
 5339.58956158 5339.67912804 5351.40513405 5351.63410018 5352.2688987
 5363.15737333 5363.48657256 5363.63537221 5365.48103458 5376.57544206
 5390.86674209 5391.52324056 5392.59153807 5392.76190434 5398.4160245
 5405.49614133 5411.03222843 5411.69649355 5418.17761178 5419.88614113
 5432.84661093 5439.73592821 5439.91582779 5450.00813761 5474.73197999
 5507.91646933 5513.4350898  5536.4361362  5536.57826921 5536.79440204
 5554.58266058 5559.84611498 5560.14654762 5560.15751426 5560.17904754
 5560.26208068 5585.97098744 5585.97882075 5666.41809997 5683.66072646
 5688.77721454 5689.29221334 5689.48597955 5695.24819946 5700.94135286
 5701.28508539 5705.62220862 5707.28307141 5722.95130157 5723.10670121
 5727.72462378 5727.88112341 5728.28798913 5736.96480225 5737.1428685
 5737.76493371 5737.77796702 5737.79596697 5737.81160027 5738.073233
 5738.51899862 5752.7746654  5754.87539384 5755.81332499 5755.87092485
 5764.51343805 5764.6479044  5764.83520397 5773.75848317 5774.3462818
 5774.53988135 5775.1497466  5775.19734649 5775.22431309 5775.71047862
 5779.08967075 5787.36071814 5797.2782617  5797.30256164 5797.32829491
 5800.72942032 5800.73865363 5803.98924606 5814.04435596 5814.27698875
 5814.73888768 5819.30804369 5829.69621949 5868.84736159 5894.51340178
 5894.62636818 5895.04466721 5899.72112297 5900.50912114 5900.60405425
 5900.92478684 5927.99675708 5928.01112372 5959.80334963 5959.86668282
 5960.98471355 5971.89962144 5971.9766546  5989.49828043 5996.51399742
 5999.79992309 6080.8457009  6081.24853329 6109.6673004  6113.02005926
 6113.18985886 6113.21089215 6113.27035867 6122.01150497 6134.41607607
 6172.16138811 6181.76926572 6181.85099886 6184.12389356 6185.45805712
 6288.03708475 6293.92673769 6294.09537063 6294.47686974 6294.5370696
 6295.03203512 6295.04146843 6295.10530161 6295.14796818 6296.99509721
 6344.3611535  6360.91044827 6365.04153864 6365.07183857 6383.89466137
 6385.11612519 6385.80665692 6396.93959764 6403.82818159 6404.19024741
 6422.09913901 6424.66803303 6437.06183748 6476.72331172 6477.05877761
 6477.14297741 6477.16997735 6477.49934325 6477.58394305 6509.34520237
 6511.69433023 6511.99102954 6523.85660189 6533.09904702 6533.42821291
 6564.07164151 6564.19984121 6564.73497329 6564.79203983 6575.4626483
 6575.63588123 6600.42905678 6605.79774427 6653.78286579 6653.8646656
 6654.02756522 6654.05339849 6654.56643063 6744.85065357 6744.95868665
 6744.98271993 6745.00075322 6745.24845264 6745.29311921 6753.78463275
 6765.37533908 6765.47230552 6765.51827208 6765.61310519 6792.5002092
 6803.15048438 6811.20239895 6849.91307541 6881.42640198 7007.40004175
 7041.5392622  7042.82789253 7044.02965639 7057.36739198 7066.08637166
 7067.09100266 7096.08430176 7096.2820013  7096.41223433 7097.48843182
 7134.49851224 7153.3142684  7153.32120171 7153.83186719 7161.39674956
 7164.16334311 7171.59815912 7179.60107381 7180.29990551 7180.32457212
 7180.35227206 7181.73753549 7182.14000122 7182.1516012  7182.66563333]"
476,662892_2023-08-24_A-941,ORBl,True,"[  28.37530496   28.39160492   28.40427156 ... 7181.95256833 7182.97196595
 7183.04366578]"
477,662892_2023-08-24_A-942,ORBl,True,"[  22.80555127   23.2358836    23.25185023 ... 7183.82566396 7185.66129302
 7186.16972517]"
478,662892_2023-08-24_A-943,ORBl,True,"[  20.51712327   21.207055     21.2902548  ... 7183.41596492 7183.64149772
 7185.20659408]"
479,662892_2023-08-24_A-945,ORBl,True,"[  20.73982275   21.42885448   21.46525439 ... 7181.31053649 7181.5336693
 7184.33322945]"
480,662892_2023-08-24_A-948,ORBl,True,"[  20.81458924   24.27271452   24.37898094 ... 7177.17991278 7178.56394289
 7185.80949267]"
481,662892_2023-08-24_A-949,ORBl,True,"[  21.17248841   28.33607172   29.93263466 ... 7183.48196476 7183.58689785
 7185.39406031]"
482,662892_2023-08-24_A-952,ORBl,True,"[  24.52674726   25.73074445   25.75041108 ... 7186.04509212 7186.12199194
 7186.20762508]"
483,662892_2023-08-24_A-954,ORBl,True,"[  22.00315314   29.60026877   34.51669065 ... 7182.42786722 7183.60039782
 7184.37532935]"
484,662892_2023-08-24_A-955,ORBl,True,"[  23.32381673   60.40823031   68.97157702 ... 7184.82812829 7185.02276117
 7185.91149243]"
485,662892_2023-08-24_A-960,ORBl,True,"[  21.96865322   22.08425295   22.11221955 ... 7184.32142947 7184.66219535
 7184.89209481]"
486,662892_2023-08-24_A-961,ORBl,True,"[  20.94232228   25.18864572   25.33941203 ... 7175.55868323 7182.79476636
 7183.84403059]"
487,662892_2023-08-24_A-963,ORBl,True,"[  21.92301999   21.99745315   27.41187387 ... 7183.50643137 7183.58066453
 7184.01289686]"
488,662892_2023-08-24_A-964,ORBl,True,"[  35.44458849   62.95489104   64.60055388   64.83342      65.39265203
   66.13001698   70.96903904   94.14031837  116.99529845  132.41342919
  132.54432888  138.41578186  150.76528642  161.25562864  179.78751879
  180.36298412  186.14980396  186.23347044  186.24963706  192.89302158
  193.43298699  194.05521888  205.78005822  209.77134892  218.02756301
  222.98755145  231.27133215  248.47879205  249.75615574  254.10137895
  275.98766128  277.95772336  279.27572029  281.74381453  281.98191398
  281.98901396  286.43093695  296.63531317  300.19487154  306.09079113
  316.70303307  317.8919303   320.33725793  325.28607973  332.25779682
  334.10629251  334.31189204  334.40535848  343.96420288  343.97536952
  344.70376782  345.79326528  348.92972464  349.86622246  353.37958094
  353.44814744  359.99296552  374.43006521  377.16252551  379.01775452
  392.86412226  413.06987517  414.82507108  419.56172671  419.91425922
  437.43458506  437.49851825  437.65145122  438.5922157   439.18514765
  439.25644748  439.28911407  439.29644739  442.10464085  442.46664
  448.74329204  448.77539197  448.79369193  448.84565847  459.202501
  459.9492326   467.51158164  467.63144803  468.21698     470.75447408
  471.55800554  472.84726921  496.3222145   499.50394042  503.67886403
  505.63219281  506.23379141  520.86212398  521.47622255  526.90310991
  534.8290581   535.39569012  542.19897426  542.78847289  561.04369702
  570.51827494  570.63090801  584.56947553  587.96840094  599.22364138
  599.49894074  610.00604959  616.35803478  616.72516726  620.80102443
  628.4688399   664.80505522  664.83302182  664.84512179  702.55246726
  708.06278775  723.95128406  725.94981274  750.6692218   750.92048788
  764.47635629  780.32791935  780.68121853  782.91198     783.03334638
  783.87527775  789.85646381  792.10029192  793.75868805  794.04665405
  794.26035355  800.45557245  802.12073523  802.65600065  802.78100036
  805.96489294  808.25542094  808.32392078  814.41583992  829.7988374
  829.84677062  846.23013245  846.24396575  849.40532505  857.07474051
  861.27876405  872.81430383  874.77733259  886.1322728   886.34263897
  898.63071034  898.9923095   904.09913093  907.74715576  916.36626901
  920.5040927   937.63601944  938.60985051  938.83551665  943.44427258
  945.2232351   948.67606038  949.46532521  949.82979103  956.57400865
  962.55766137  963.73595862 1035.81652399 1038.5700509  1045.21340209
 1059.60836855 1096.53931582 1116.44660276 1117.69056653 1124.77935001
 1127.84424287 1128.87257381 1136.85258854 1139.31561614 1146.41496626
 1146.55786593 1146.63889907 1147.7996297  1150.79415606 1150.91035578
 1158.84650396 1160.91639913 1162.2346294  1173.99733532 1181.19895187
 1182.70854835 1182.92158119 1189.56693237 1193.83082243 1194.95601981
 1194.98375308 1204.22139822 1214.28834143 1253.83228261 1294.5463544
 1297.01741531 1317.61366732 1340.67108025 1341.19307904 1341.8541775
 1378.45465887 1391.9047942  1394.89872055 1400.6552738  1401.78500451
 1402.8006688  1421.00932637 1422.18382364 1426.23658086 1427.16161204
 1429.53517317 1431.79380124 1440.9956798  1450.1916917  1469.1483142
 1469.15451418 1571.13974319 1597.08298274 1607.11652602 1631.99946804
 1634.20679623 1634.33506259 1636.6057573  1645.80260254 1650.80115756
 1694.40958927 1746.08533552 1749.4257944  1755.1459144  1765.43575709
 1765.47309034 1768.25681718 1768.31748371 1769.34021466 1770.17631271
 1775.87303277 1779.07685864 1782.08425163 1793.082626   1794.35068971
 1794.38882295 1807.81409167 1808.92575575 1809.15788854 1810.90358447
 1814.38414303 1826.39171504 1827.98444467 1828.43211029 1834.9805617
 1842.7903435  1857.13051008 1857.15551002 1858.59687333 1859.81890382
 1869.94674688 1896.31031878 1901.29997382 1902.35570469 1927.75201218
 1943.15994294 2085.19307863 2085.47764463 2091.74173003 2097.61001636
 2098.9367466  2102.27897215 2108.67082392 2115.29047516 2115.63497436
 2119.35639902 2125.47625142 2134.32786413 2145.37257172 2146.06203678
 2149.49206212 2162.90203088 2188.80933717 2263.31723021 2269.63531549
 2282.9774844  2289.52826913 2294.61675727 2312.59128206 2341.3519817
 2351.76639077 2366.35909009 2389.06740384 2399.60757928 2400.08487817
 2402.90127161 2412.29658305 2412.74974866 2413.95044586 2418.52760186
 2431.29250545 2462.70506558 2462.86139855 2476.21980075 2476.30406722
 2476.55243331 2521.15629604 2549.08793095 2580.3768247  2608.74085861
 2664.66439495 2669.68444992 2671.55004557 2749.68269684 2762.19203435
 2764.02666341 2769.7240168  2770.47671505 2778.60999609 2800.35251209
 2837.36012585 2872.82234322 2872.83520985 2914.4111463  2918.01467124
 2930.66610842 2935.07723148 2936.20102886 2943.88007763 2951.29482702
 2957.1519467  2965.98275946 2977.24503321 3086.84787781 3089.59940473
 3105.98426655 3118.80637    3136.16976287 3194.80635956 3218.91433672
 3267.18455757 3267.95132245 3286.01581369 3319.09796993 3333.38636997
 3336.0307638  3355.78711776 3372.2486794  3388.62874123 3392.80906483
 3528.0229164  3533.38863723 3533.72073646 3535.49939898 3555.97071794
 3557.72218053 3558.79251137 3562.91986842 3587.86394362 3605.88280163
 3617.32914163 3646.71600648 3653.20902468 3654.12062256 3668.0333568
 3668.65415536 3671.07071639 3676.76330313 3713.68008377 3769.11865458
 3785.05845077 3795.74975919 3796.06535845 3833.72120404 3836.45459767
 3848.54360283 3904.22540641 3914.96364805 3942.82371646 3965.62579666
 3971.39731654 3971.96081523 3988.8815758  3996.07565904 4016.65957774
 4032.39924106 4179.80619756 4232.6546744  4246.66420842 4286.49034895
 4311.06299169 4327.09882099 4352.17419589 4353.22732677 4359.40954569
 4374.67804345 4428.11465226 4453.89899217 4492.49736889 4509.01659706
 4526.58288946 4528.8129176  4561.72154091 4590.21814117 4604.37284152
 4618.66284156 4633.04574137 4634.18123873 4635.68900188 4652.46859611
 4681.45449523 4744.54714821 4765.84473191 4787.84254732 4833.0664086
 4840.19105866 4877.08587269 4900.44765158 4918.54144275 4926.62005726
 4958.49224965 5007.06283647 5007.40583567 5036.444568   5053.73482771
 5056.18328867 5058.3455503  5081.59659611 5085.64818667 5094.65543235
 5104.07407707 5173.83804783 5174.050814   5175.81640989 5194.0070675
 5205.18647478 5208.74256649 5233.81700806 5289.87551076 5297.88305877
 5298.40519089 5312.16919215 5349.1090394  5386.69741847 5402.76028104
 5436.74203519 5506.09147358 5507.96746921 5516.60961574 5516.61934905
 5524.66799696 5526.17839344 5536.89663513 5545.65218139 5552.2006328
 5557.05585482 5559.07241679 5564.11713837 5568.41076169 5569.24189309
 5570.90802254 5573.49631651 5578.95367046 5595.42189875 5617.15914809
 5623.14846747 5623.23393394 5626.15492713 5627.32075775 5631.99084687
 5646.64367939 5653.67226301 5662.55100898 5670.6554901  5681.44253163
 5685.3019893  5687.91374988 5688.04611624 5699.40952309 5705.41180911
 5709.39923315 5709.9780318  5721.12927248 5722.60543571 5745.83118158
 5758.65141838 5778.6539051  5780.46880087 5792.42377301 5805.72564201
 5811.97242746 5875.89501183 5884.61489151 5897.1512623  5899.18752422
 5903.46561425 5910.29796499 5919.9667758  5947.39801187 5949.66747325
 5970.06182573 5974.67721497 5974.77731474 5975.03341414 5975.37431335
 5976.03581181 5988.78868209 5997.18592919 6042.26319081 6043.54208783
 6044.1122865  6078.37863998 6095.5639666  6103.77294747 6108.23553707
 6115.01428794 6115.51732011 6116.15565195 6123.39390175 6182.30523114
 6193.51737168 6219.09301208 6221.20400716 6222.06397182 6225.30026428
 6232.2553814  6232.34311453 6236.88993727 6238.1942009  6247.48734591
 6248.13427773 6252.87050003 6293.77623804 6306.23844233 6315.64858707
 6370.18076    6405.37627798 6412.87959383 6471.91035627 6472.57712138
 6480.66673586 6505.93874364 6513.0642937  6513.08249366 6529.19505611
 6532.65851471 6543.98042166 6544.89465286 6554.20059784 6569.11609642
 6587.7177864  6663.78624248 6698.85006077 6702.88748469 6747.68734696
 6758.29342225 6767.87899991 6772.87685493 6776.01191429 6778.994974
 6779.2551734  6781.73986761 6783.60746326 6785.5616587  6847.61588076
 6875.97604801 6890.60754725 6893.76090657 6896.18813424 6917.74401734
 6924.13653578 6929.55122316 6933.30354775 6953.37383432 6958.70662189
 6960.61131745 6967.04436913 7001.15228965 7004.57314834 7054.7687647
 7087.83868764 7111.27643302 7113.83652706 7128.79232554 7128.82745879
 7167.6016351 ]"
489,662892_2023-08-24_A-966,ORBl,True,"[  22.5482852    23.12825052   23.64894931 ... 7185.44229353 7186.32759146
 7186.39605797]"
490,662892_2023-08-24_A-968,ORBl,True,"[  37.78408303   37.81761629   37.82468294 ... 7169.29556449 7174.19265308
 7177.33711242]"
491,662892_2023-08-24_A-971,AId,True,"[  48.98625693   48.99545691   62.28592594 ... 7166.51337097 7170.5503949
 7174.45168581]"
492,662892_2023-08-24_A-978,MOs,True,"[  29.99746785   37.02405147   37.02765146 ... 7179.24697463 7181.01130385
 7181.94626834]"
493,662892_2023-08-24_A-983,MOs,True,"[  29.46313576   40.45394348   41.64034071 ... 7173.34015506 7177.33594575
 7181.69600226]"
494,662892_2023-08-24_A-987,MOs,True,"[  55.08587605   56.53103935   62.17895952 ... 7182.13390124 7182.31920081
 7183.27019859]"
495,662892_2023-08-24_A-991,MOs,True,"[  20.65418962   21.14998846   21.29982145 ... 7186.03152549 7186.19989176
 7186.3548914 ]"
496,662892_2023-08-24_A-993,MOs,True,"[  23.19601703   24.79987996   26.0422104  ... 7181.56710256 7182.46890046
 7183.5529646 ]"
497,662892_2023-08-24_A-999,PIR,True,"[  21.18762171   21.19515502   22.06198634   23.07691731   27.26237422
   29.49436902   36.32161977   50.37918702   52.04954979   60.82742934
   62.45605887   73.57936629   79.64588548   95.62074826  108.50021824
  135.72598813  144.70403388  145.63346505  148.95982396  149.39778961
  150.3592207   150.64042004  150.79628635  194.37311813  217.25993147
  221.8647874   224.8130472   238.18111605  238.54634853  258.57620186
  298.93714114  313.09097482  333.00419508  337.65798424  339.47111335
  347.08396227  347.60392773  348.28165948  348.42122582  350.44985443
  356.51677362  363.95728962  374.87023086  386.7544365   413.94400647
  420.18149193  474.73089815  478.24868995  493.42788791  528.72933898
  534.09255982  554.67914518  555.14501076  575.52302994  599.82247332
  603.16476553  604.45362919  613.99804028  615.36260377  619.42036098
  630.33766887  638.25331709  650.53628847  659.47356765  660.75776465
  661.93979523  674.23866657  685.03507475  685.04230806  686.12190555
  686.12387221  688.7007662   691.8789588   693.66985462  715.69970329
  718.0818644   725.87407958  756.15340902  802.50193435  804.40109659
  806.84305756  808.53048696  810.63688206  820.72645854  825.78648009
  842.05367551  846.42326533  853.17478293  853.34458253  853.35641584
  866.10178614  871.8417061   887.34100331  887.36690325  899.5773748
  913.44324249  915.78807036  927.87620885  930.05593711  951.80011977
  959.56113502  960.54093274  966.69165174 1009.57211848 1014.04130806
 1034.40989393 1043.24570668 1048.83632698 1049.23099273 1049.53859201
 1054.52864705 1055.06201247 1062.21582914 1068.69048071 1070.79040915
 1070.80844245 1086.28120639 1095.95345052 1096.28928307 1096.50074924
 1102.29713573 1111.87608008 1140.13301423 1144.2685046  1155.84761095
 1167.83068302 1188.09013581 1209.47628597 1212.98591113 1214.20797495
 1234.92906    1244.71723719 1253.12258427 1271.61567451 1273.40707033
 1274.10386871 1275.65383176 1290.9273295  1303.01610133 1303.60859995
 1304.95513015 1309.44055303 1309.46665297 1319.91042863 1327.55701081
 1346.642933   1353.56205021 1354.03498244 1354.14178219 1359.66903598
 1366.30082053 1395.79148514 1396.31261726 1418.3672992  1419.98279543
 1421.77659125 1428.43330907 1437.92758695 1443.40390752 1455.95737827
 1461.09509963 1465.72542217 1466.20992104 1502.08573744 1507.15869229
 1519.38683046 1524.18635261 1524.35148556 1532.70933275 1533.2744981
 1542.29757707 1568.45764944 1571.10170995 1573.07860534 1584.89604447
 1585.65870936 1589.90976612 1593.76325714 1595.62055281 1597.95841403
 1614.36747579 1614.64654181 1615.57310632 1631.25153645 1644.56953874
 1654.01965006 1662.74232973 1663.85046048 1666.2173883  1668.27571684
 1668.96068191 1677.46042877 1680.66278797 1680.68782125 1694.73572184
 1706.06822877 1720.17036257 1720.18129588 1725.43468364 1728.40124339
 1728.6830094  1728.86070899 1729.97747305 1733.41989836 1734.76569523
 1735.81352612 1735.95382579 1765.28582411 1779.23052494 1786.50897465
 1798.40538026 1815.5129404  1819.81073038 1819.86483025 1855.45798065
 1859.48283793 1890.7369651  1890.77739834 1908.43859052 1912.83441361
 1916.16903917 1923.21412275 1943.43357564 1956.21334586 1980.70808878
 1998.83851319 2003.30530278 2003.3129361  2009.63025471 2012.47454808
 2013.93447801 2022.82209064 2037.84585563 2057.88850892 2063.99236136
 2073.93570486 2074.13277107 2074.44020368 2088.19240497 2093.21919326
 2114.38814393 2120.60202945 2132.36493537 2136.5414923  2151.23855806
 2153.63185248 2156.77734515 2156.78034514 2161.90516653 2170.08504747
 2176.85523169 2193.49269292 2194.63325693 2196.83541847 2204.16400139
 2205.50509826 2236.73229216 2251.90872346 2258.03767585 2266.05365717
 2281.5011545  2289.23440315 2293.47279327 2293.9608588  2310.08088791
 2312.12758314 2315.22270926 2317.9513029  2340.71924984 2343.71404286
 2347.29553452 2352.52582233 2360.08287139 2361.17360218 2361.94786704
 2363.66349638 2364.11659532 2367.42582094 2367.43345426 2368.14628593
 2378.66166142 2406.54592978 2425.9477179  2441.13221585 2441.40444855
 2445.61827206 2467.47442113 2484.268582   2489.22340378 2493.76055988
 2533.63903361 2544.0726093  2565.7174922  2604.20896917 2615.90020859
 2620.10369879 2620.11759876 2625.34251992 2630.69620744 2650.59686107
 2652.82098922 2658.50327598 2675.16963714 2693.80829371 2696.74115354
 2707.69946134 2721.39552942 2741.07758355 2745.18687398 2745.94067222
 2747.62636829 2749.96202952 2758.28331013 2763.20899865 2765.42262682
 2765.92482565 2765.9461256  2769.54955054 2798.7051826  2803.10083902
 2829.60167727 2866.75832401 2879.67826057 2880.13312618 2881.75605573
 2884.05211705 2885.00324816 2919.95296672 2925.87281959 2925.90448619
 2928.5162801  2933.44486861 2938.22225748 2950.92209455 2955.40255078
 2963.52426519 2977.40266618 2983.51665193 3007.4191629  3020.08413339
 3024.32535684 3039.64895446 3045.30037462 3064.06519756 3072.95947684
 3076.97836747 3086.36371227 3090.24293656 3111.54595359 3135.84023031
 3138.17879152 3163.65939881 3170.48744957 3170.53934945 3180.70212577
 3203.4020062  3215.34257838 3216.360976   3236.32079616 3236.32549615
 3252.36765876 3256.0119836  3257.64811312 3260.6756394  3262.7797345
 3267.64348983 3286.28714639 3310.29059045 3311.06808864 3311.60525406
 3319.98836785 3347.52997034 3363.27233366 3369.12135336 3384.53011745
 3387.51844382 3391.90740026 3396.46065632 3399.68061548 3404.09787185
 3448.31050216 3450.44753051 3464.13766528 3466.29732691 3474.56820764
 3486.70104603 3486.70851268 3510.98422278 3520.93766625 3521.96733052
 3523.35702728 3524.82209053 3530.35881096 3538.65252497 3539.06062402
 3543.45331378 3543.46621375 3559.22011037 3559.59937616 3578.35763244
 3578.75433152 3582.16639023 3582.17672354 3584.37671842 3602.60197595
 3610.99012307 3624.03845933 3624.08192589 3631.76390799 3641.70478482
 3643.26638119 3652.05356071 3659.98947555 3660.8707735  3678.59109887
 3682.1961238  3684.44258523 3691.00940326 3694.51432843 3695.30262659
 3711.91918787 3712.7351193  3713.45411763 3729.25048082 3731.00777672
 3731.68997513 3737.07492925 3749.8567328  3768.63978903 3778.17723347
 3793.66556404 3794.33642915 3802.88310923 3803.65404077 3820.86566733
 3828.32244995 3828.7155157  3834.07560321 3853.54415784 3858.85107881
 3858.87301209 3863.3329017  3873.95567694 3876.46113777 3876.54923757
 3878.78689902 3886.10458197 3903.05144248 3903.32614184 3915.55821333
 3915.57837995 3921.10546707 3925.61345657 3944.89704496 3982.62442371
 3999.1641185  4000.20508275 4001.40197996 4001.76344578 4002.69514361
 4006.05663578 4010.60982517 4018.76640616 4028.04115121 4028.13665099
 4029.74298058 4034.34500319 4034.7539689  4035.59836694 4082.04272537
 4088.27144419 4089.52844126 4115.05854844 4119.3675384  4119.3788717
 4119.39693833 4127.09648705 4131.07837777 4131.08781108 4131.35807712
 4155.04112193 4155.24648812 4155.64132053 4171.39818381 4175.72280707
 4189.9566739  4194.41469685 4206.66570163 4231.826143   4237.6040962
 4241.07848811 4255.66755411 4256.53305209 4263.01197033 4263.41400272
 4269.59732165 4286.96874783 4292.18546901 4294.73116308 4333.19147346
 4335.61733447 4344.50754709 4355.79732078 4377.03920461 4380.83299577
 4380.87746233 4389.17657633 4389.87887469 4391.66813719 4402.71224478
 4405.98743715 4406.01957041 4406.02443707 4412.37022228 4415.54554821
 4419.54560556 4423.43382983 4446.96614166 4446.97234165 4447.14184125
 4485.94128417 4486.15435034 4519.21830662 4530.26871421 4530.29648081
 4534.2620049  4535.220436   4537.51726398 4551.39113165 4599.12305376
 4600.58361702 4627.40065453 4638.6996282  4638.96972757 4638.99459418
 4639.00146083 4642.1151869  4646.09191097 4646.09541096 4673.26638098
 4681.0818961  4693.53446708 4693.55203371 4701.14264935 4702.17658028
 4707.53866778 4707.56706772 4707.57660103 4711.45999198 4713.17578798
 4713.4111541  4718.16064303 4718.51630887 4739.47459336 4740.32819137
 4741.2329226  4741.25248922 4767.60379448 4768.71202523 4768.73862517
 4771.64385173 4778.08880338 4803.50061083 4806.18270458 4807.64903449
 4821.1789363  4826.31069101 4826.32865763 4826.34809092 4844.08284959
 4844.23318258 4849.34523733 4852.32336372 4883.29379155 4888.79871206
 4905.42607331 4918.65390915 4924.18096294 4924.19106292 4924.19832957
 4968.74039244 4969.05665837 4993.13856892 5009.54079736 5010.77239449
 5012.03695821 5012.48842382 5024.40869605 5035.70870305 5039.19702825
 5039.20732823 5070.49925531 5073.12994918 5073.28884881 5076.82857389
 5076.94037363 5076.97220689 5104.67050901 5111.25589367 5122.0701018
 5124.04186387 5125.92662615 5129.91031686 5131.18198057 5144.08938382
 5144.14948368 5145.49111389 5152.97176312 5180.63616532 5198.88108947
 5199.56262122 5200.88855146 5205.21377472 5206.69487127 5223.20019947
 5227.20115681 5227.22665675 5227.2373234  5235.17167157 5235.77603683
 5254.584293   5267.9019953  5270.53618916 5270.58825571 5271.71985307
 5273.24591618 5274.78644593 5279.9171673  5282.28482845 5282.5054946
 5291.82230623 5298.5716905  5303.08887997 5319.85640757 5338.71989694
 5358.05651855 5369.46029197 5383.466926   5384.05789129 5385.1277888
 5385.60035436 5435.52633802 5443.97991832 5445.69868098 5453.04013054
 5454.20449449 5456.22692311 5463.66213912 5465.37913512 5467.07066451
 5467.12243106 5467.57899666 5479.62876858 5481.56203074 5487.01315137
 5487.18031765 5490.51184322 5495.88003071 5495.899464   5502.25654919
 5502.27318248 5502.29221577 5505.00527611 5506.61293903 5519.46777574
 5524.41993087 5533.29347686 5549.95493803 5557.31122089 5562.02647657
 5577.66947345 5581.94636348 5581.95553013 5581.98059674 5581.98669672
 5585.43225536 5600.14305441 5600.53795349 5618.69921117 5618.71837779
 5619.00887712 5666.96283204 5670.60819021 5676.41064335 5713.2390242
 5713.28492409 5715.46031902 5715.47498566 5715.47708565 5723.34126733
 5724.37596491 5738.60543176 5747.0968453  5759.62558277 5778.31177256
 5779.67336939 5780.89513321 5789.03891423 5794.40670172 5804.61341127
 5806.28564071 5810.80276351 5814.90952061 5816.67398317 5819.17344401
 5820.43160774 5826.70392646 5828.22782291 5828.85772144 5842.2803235
 5850.8735368  5850.89470342 5860.32074812 5862.29034353 5873.69368363
 5880.66426738 5904.56967834 5904.57521166 5904.58047832 5916.90804959
 5924.85026442 5930.41491812 5933.44627772 5983.64416074 5984.00289324
 5984.43309224 5990.9293771  5992.85633928 6024.25423278 6036.14480507
 6037.11433614 6037.12600278 6044.52588554 6056.85999013 6060.06911598
 6060.22658228 6060.27361551 6072.94555264 6107.21810611 6113.49612482
 6122.95620277 6125.75286292 6153.90469732 6170.44019212 6178.63520635
 6179.36207133 6179.3872046  6216.0795191  6216.38531839 6218.47924684
 6219.94751008 6228.29815729 6228.36342381 6239.85559703 6256.55375811
 6256.55742477 6281.35770031 6283.2247293  6290.7188785  6293.8669045
 6296.42066521 6301.08232102 6303.61438178 6305.666377   6322.17177187
 6322.19970514 6325.05233183 6342.85545701 6344.84191904 6351.72330301
 6366.94500087 6368.24919783 6374.86001576 6377.09057723 6378.28444111
 6383.45692906 6393.64713865 6396.46519875 6407.33467342 6427.20026046
 6428.96605634 6439.51213177 6445.43908462 6480.29880339 6484.23206089
 6488.65858391 6516.07998667 6518.35294804 6524.46660046 6525.0088992
 6525.14733221 6527.42556024 6536.65547206 6592.69000815 6592.69590814
 6592.75254134 6593.34370663 6614.28612449 6621.33210807 6624.26873456
 6624.74433345 6624.80086666 6628.24052531 6628.61772443 6662.25691271
 6670.4115937  6670.45312694 6672.52032212 6680.7977695  6682.26123276
 6700.13072445 6700.16412437 6708.49833828 6712.52466223 6719.72564545
 6723.97813554 6744.14828854 6744.15188853 6744.16928849 6747.68934696
 6752.69903528 6761.93161377 6773.06122117 6779.78763882 6788.15818598
 6797.34023125 6800.41285743 6800.82105648 6808.88607102 6819.71477912
 6819.97854517 6825.76479835 6828.80152461 6829.70798916 6876.90457918
 6891.85614434 6896.50710017 6901.79425451 6902.02155398 6902.38035315
 6902.61231927 6902.68888576 6905.13348006 6905.35141289 6905.89284496
 6934.97534386 6944.85622083 6951.27247255 6969.23599735 6969.27439726
 6972.85445559 6973.75988681 6975.89751516 6981.5178354  6984.02592955
 7000.03692558 7007.7654409  7007.77387421 7013.83269343 7026.73683003
 7028.4088928  7040.37076492 7052.67813624 7055.61099607 7059.03115477
 7059.13708786 7059.18182109 7072.94668901 7080.92577042 7082.30936719
 7086.45365753 7098.96816171 7100.36449178 7144.89838801 7148.24501354
 7148.25121353 7157.89472439 7162.3815806  7163.35744499 7166.20490502
 7170.91082739 7173.89258711 7178.4024766  7179.34514107 7184.42686256]"
498,662892_2023-08-24_A-1002,PIR,True,"[  29.12730321   94.9007166   237.45078442  356.82483957  382.49784641
  509.6836167   526.78727684  549.34529094  624.91284818  693.68642125
  757.0465736   793.89255441  810.39908261  823.63011844  849.02502593
  867.28875004  878.0483583   969.88027764 1054.62548016 1065.24145542
 1089.41989908 1177.48649385 1227.3162444  1228.35697531 1237.44762079
 1320.898093   1354.05581573 1363.24786097 1367.84101694 1369.52817967
 1387.02103891 1416.26987075 1422.36625654 1456.90947605 1458.78887167
 1491.77939479 1500.66227409 1511.72278165 1516.35507086 1516.57540368
 1533.73779702 1541.60427868 1562.13029752 1590.50116474 1593.77499044
 1615.85217233 1618.83259872 1664.04556003 1676.18209841 1798.35074706
 1842.50454416 1866.14212241 1867.31131969 1945.45600426 1952.29255499
 1956.07224618 1975.02830201 2011.27571754 2029.4159086  2037.05069081
 2050.63889248 2057.35691016 2059.50720515 2068.7549836  2100.36474327
 2117.49897001 2123.8252886  2143.73517554 2153.98275166 2171.7311103
 2191.07333189 2222.4404588  2231.17280512 2236.82192529 2246.15243688
 2251.49642442 2261.95120006 2283.1069841  2320.52266357 2321.60559438
 2338.09335596 2367.92548644 2370.4204473  2372.58107559 2379.58185928
 2398.61854825 2403.0030047  2413.29251406 2438.32812238 2443.98834253
 2476.61873316 2482.551186   2483.07525144 2502.07687383 2509.14869068
 2527.42371477 2548.25543289 2555.45934943 2564.62049475 2582.03565417
 2588.50830575 2591.73723156 2610.35312151 2620.02806564 2626.52975049
 2649.10876454 2664.36829564 2682.09808766 2690.05213579 2690.59520119
 2712.94651577 2717.32460557 2724.08798981 2731.4303727  2742.71234641
 2753.7736873  2755.16731739 2775.27680386 2775.68886957 2776.00460216
 2790.08023603 2790.60786813 2804.1952698  2815.13391098 2829.29307799
 2832.84300305 2843.62427792 2853.04152265 2897.22581968 2899.03961546
 2903.38070534 2908.03622782 2917.86280493 2936.99566034 2977.82493186
 2979.93232695 2980.98902449 3006.1594325  3041.03965122 3044.73137595
 3045.0515752  3047.53240276 3048.48963386 3051.96705909 3052.7792572
 3059.02057599 3081.21839093 3087.86517544 3117.20510707 3122.81172733
 3122.86549388 3129.21761241 3129.40441197 3131.89510617 3139.16708922
 3144.08947775 3146.07757312 3169.93721752 3176.53043549 3181.74069001
 3183.747952   3211.0287551  3218.13863853 3230.76280911 3235.13393226
 3235.68519764 3239.80542137 3247.43883692 3248.01900223 3281.30479133
 3289.80687152 3291.86946671 3295.02449269 3299.18901632 3334.72013352
 3337.83692626 3342.36498238 3348.43043491 3356.64091578 3360.70417297
 3364.47536419 3383.30278698 3387.55091041 3389.20570656 3391.97823343
 3404.32977131 3410.43495709 3411.87638706 3417.69304017 3419.53513588
 3429.27897984 3462.48396913 3464.68699733 3467.46209086 3475.25513937
 3476.36710344 3494.77746054 3511.21128891 3513.75961631 3525.83358817
 3532.96223823 3536.19129737 3542.31574976 3552.95995829 3563.93956604
 3573.81334303 3575.10717335 3575.98257131 3580.55952731 3586.17351423
 3591.45986858 3598.56318536 3624.87545738 3626.73305305 3630.14127844
 3634.41540181 3634.63956796 3661.35417237 3684.8019844  3686.52234705
 3694.26929567 3700.79554713 3702.58060963 3705.58963595 3707.52646477
 3709.62029323 3721.21386621 3722.85339572 3723.30809466 3725.0398573
 3729.5860467  3739.8854227  3746.42770746 3752.58382644 3753.03949205
 3773.59267749 3802.33637717 3809.01289495 3810.34529184 3824.25285943
 3824.93292452 3827.35618554 3831.47194261 3832.4782736  3843.44078139
 3844.19531296 3852.10802786 3853.43042477 3854.98162116 3861.19014003
 3864.0324334  3865.5933631  3867.57652514 3868.84472219 3870.99288385
 3874.54107558 3876.43627116 3887.54321195 3911.73578891 3913.17705221
 3919.65143713 3921.11796704 3921.6350325  3923.56112802 3926.09118879
 3927.1278197  3930.23754579 3945.04304462 3947.95120451 3953.91659061
 3956.93225025 3963.53410153 3974.39390956 3975.08067463 3979.88466343
 3985.50221701 3986.28538185 3996.78115739 3998.48768675 4001.05468077
 4006.4617015  4007.99239793 4013.66315138 4015.72904657 4021.21880044
 4025.33895751 4025.77978982 4026.05502251 4034.89396858 4037.67089544
 4047.31727296 4049.17133531 4052.87376001 4054.27772341 4062.24673817
 4063.96293417 4086.14524915 4092.21490167 4099.57638451 4100.03638344
 4103.69614158 4116.12517928 4116.70861126 4126.58108825 4130.10951336
 4132.89770687 4133.03287322 4139.65362446 4140.26242304 4152.11476208
 4159.62967791 4167.79695887 4198.02825509 4201.80641295 4210.75885876
 4213.29811951 4217.98597525 4218.96330631 4230.77321212 4238.54392735
 4239.11119269 4244.89387921 4269.85285439 4279.78826457 4281.49706059
 4284.96298584 4292.12600248 4301.84831316 4306.32826939 4317.93394234
 4318.368508   4323.59746248 4329.91904775 4332.27284226 4336.52709902
 4338.79716039 4339.46262551 4342.01218623 4343.60634919 4347.98547231
 4354.126458   4370.23088714 4371.35428452 4373.49117954 4377.93363586
 4380.71439605 4383.75472229 4386.32208298 4399.73845171 4407.30053409
 4421.26166823 4426.31188979 4433.66907265 4440.70848958 4448.96193701
 4454.21342477 4459.7222786  4462.7830048  4474.51961079 4480.1613643
 4485.14615269 4490.4753736  4500.46958365 4502.41554578 4506.48903629
 4513.55971981 4515.75214803 4517.64561029 4534.78570368 4546.18471045
 4549.89766847 4556.7215859  4557.76701679 4561.51400806 4566.96516203
 4569.75845552 4573.89257922 4578.13150267 4582.54682572 4595.23786281
 4597.71899036 4598.53278846 4599.162087   4602.08661352 4609.02396402
 4622.66203224 4624.21862861 4625.90049136 4629.23571692 4641.33412206
 4644.36464833 4646.08394432 4646.24424395 4648.20707271 4655.54008895
 4658.67821497 4667.96925999 4670.05248847 4700.86641666 4707.44153467
 4715.55321577 4728.14418643 4740.63209066 4740.73722375 4741.7620547
 4745.16061344 4746.10141125 4746.24401092 4756.60485344 4758.1122166
 4758.92258137 4768.32452613 4770.40588795 4771.14945288 4774.73861119
 4783.3281245  4787.52858138 4797.46435823 4801.33878253 4804.78904116
 4805.09600711 4805.5281061  4811.56915869 4812.92942219 4817.6308779
 4819.0751412  4825.16376035 4836.55476714 4838.74119537 4849.47857035
 4851.42706581 4853.44932777 4853.92029334 4853.94409328 4863.58480415
 4866.41596422 4868.51435933 4868.66415898 4869.18945775 4876.7380735
 4891.90257149 4895.29503025 4908.79763212 4945.71751275 4945.93464558
 4947.94084091 4951.70789879 4953.77089399 4958.62001602 4972.66284996
 4974.84814487 4976.48300773 4978.54700292 4985.0327878  4992.06630475
 5014.69511868 5023.63453118 5030.75284793 5032.09277814 5033.36727517
 5034.80020516 5035.81036948 5036.36300152 5062.51257392 5073.12824918
 5086.47128476 5086.79781733 5091.55143958 5100.60125183 5100.71225157
 5101.49058309 5110.75776149 5114.71085228 5125.21946113 5133.66820811
 5135.00610499 5135.72023666 5150.56183541 5174.84237882 5175.21757795
 5180.81056492 5189.83127723 5191.06370769 5200.32115278 5201.45021682
 5210.0430968  5215.48601745 5221.256404   5234.65700611 5238.65326346
 5242.72008732 5242.74862058 5257.31808663 5257.37665316 5267.02153069
 5270.32425632 5274.39188018 5277.96363852 5288.91851299 5305.26464157
 5314.0214545  5319.57804155 5331.06108146 5336.08586975 5352.35923182
 5359.28881568 5367.57679636 5368.81432681 5375.7990772  5384.09715787
 5392.78513762 5396.24536289 5411.17216144 5416.89751476 5425.13809556
 5430.95478201 5444.4891838  5453.00329729 5473.46124962 5479.64970187
 5489.80661153 5490.54884313 5502.13664946 5502.67318155 5505.89007405
 5507.7856363  5509.86199813 5518.87607712 5536.28153656 5539.15899652
 5548.44540822 5574.88537994 5577.36794082 5582.53756211 5590.38491049
 5619.8161419  5620.95810591 5646.09074734 5652.72066523 5655.23199271
 5666.99556529 5667.08906508 5668.08252943 5672.75101855 5690.60151029
 5711.18666232 5714.65328757 5716.40651682 5716.84528246 5723.90653267
 5725.33782934 5741.38249195 5759.58151621 5767.28433159 5767.80673037
 5792.02330728 5798.2068262  5800.77798687 5801.83088442 5810.44709768
 5812.28382673 5812.53235948 5816.93208256 5824.56439811 5839.57676313
 5843.27505451 5852.39619992 5853.29829782 5854.2798622  5859.39005029
 5860.44608116 5863.06137507 5870.387358   5902.23935044 5911.80232816
 5913.98365641 5914.32412228 5924.0416663  5924.52219851 5926.29876104
 5927.23382553 5934.3134757  5936.13877144 5946.21658129 5947.75881103
 5948.46600938 5948.5296759  5953.63539734 5974.72248153 5974.74088149
 5975.98391193 5981.67876532 5982.37999702 6002.79438278 6004.58791194
 6024.74653163 6036.02100536 6037.13710275 6042.9543892  6049.13490813
 6055.73279275 6056.94182327 6059.02511842 6065.11850422 6076.98534323
 6083.00266254 6092.73320653 6094.46676916 6108.09767073 6108.14420395
 6111.4559629  6114.85158832 6116.38185142 6119.19051155 6140.10782947
 6144.79461855 6159.63238397 6175.40578055 6182.04816507 6195.16526783
 6198.26606061 6211.58909623 6213.3170922  6218.32051388 6223.01360294
 6239.51736448 6252.15236837 6253.85849773 6254.8291288  6266.71056778
 6267.45003272 6267.51869923 6268.81029622 6273.22005261 6280.59696875
 6291.90277574 6300.2605896  6303.85851455 6311.73849618 6311.90659579
 6312.0482288  6312.84442694 6313.18232615 6323.97806766 6340.22019648
 6341.88919259 6347.0499139  6362.1136788  6364.1019075  6369.21416225
 6375.04758199 6376.02537971 6380.96010154 6383.26462951 6386.72202145
 6398.03769508 6400.7341888  6408.70657022 6412.20602873 6419.34974542
 6420.90840845 6422.59687118 6423.13740326 6425.16196521 6427.73285922
 6443.91545484 6450.31447326 6453.74766526 6463.5451091  6466.48446891
 6466.877868   6469.32239563 6485.6444576  6506.17620975 6511.12523155
 6514.86545617 6517.85484921 6528.96725664 6534.48454379 6534.69830996
 6542.56622495 6551.10543839 6558.30082162 6559.02158661 6578.9777401
 6581.88983332 6581.91416659 6587.80505287 6590.25781382 6591.45964435
 6592.0262097  6608.07770563 6610.778166   6613.8258589  6618.83848055
 6619.28841284 6620.02121113 6620.63840969 6621.94643997 6622.38103896
 6627.29652751 6629.49388905 6630.16425416 6634.48911075 6636.29067321
 6637.07090473 6640.13339759 6640.40656362 6641.36209473 6643.02189086
 6645.4789518  6648.06031245 6655.22916242 6660.28365064 6661.0987154
 6665.95497075 6669.40666271 6673.16482062 6677.0938448  6677.11371142
 6677.12647806 6680.89470261 6684.32179462 6684.40666109 6685.15729267
 6692.84007477 6706.19947697 6716.34242    6722.0791733  6729.4328895
 6731.43131818 6736.02140748 6739.04780043 6740.36659735 6742.97709127
 6743.46332347 6750.1297746  6756.26742697 6767.65690043 6769.15109694
 6772.69335536 6774.72508395 6786.293657   6786.3621235  6795.99076773
 6796.14616737 6798.76179461 6808.20010595 6819.73124574 6827.13352849
 6854.08879901 6854.14213222 6861.35021543 6871.44795856 6873.546587
 6881.42636864 6884.19062887 6888.24191943 6888.48388553 6888.70785167
 6889.42555    6890.5416474  6890.62421388 6895.72703532 6901.08708949
 6909.54306979 6910.63303392 6912.28659673 6915.60842232 6917.57285108
 6922.81543886 6923.29153775 6936.31320741 6942.16926043 6943.43692414
 6945.40081956 6949.8032093  6954.76843107 6960.11565194 6960.22328502
 6984.73796123 6985.65729242 6993.1766749  6993.73884025 6994.01030629
 6995.66833576 6996.4954005  6996.69623336 6996.77036652 7004.18664924
 7009.21523752 7010.55070108 7016.72232003 7017.91491725 7021.71784172
 7027.70782776 7029.72792306 7030.75562066 7031.07701991 7032.53614984
 7032.8561491  7039.05563465 7053.6244007  7057.20792569 7060.75638408
 7063.48151107 7066.29500451 7076.53081399 7077.55074495 7080.85277059
 7087.87735422 7106.2501114  7107.2507424  7109.568037   7110.82403408
 7111.43769931 7118.723549   7119.82871309 7120.41497839 7121.66134216
 7128.77979224 7131.67981881 7136.3634079  7137.9208376  7142.49139362
 7143.90399032 7150.16097574 7151.16630673 7152.07387129 7153.57526779
 7160.38608525 7170.10992926]"
499,662892_2023-08-24_A-1004,PIR,True,"[  20.83068921   21.01788877   29.98403454 ... 7180.40497193 7182.91883274
 7184.90589478]"
500,662892_2023-08-24_A-1010,PIR,True,"[  20.51792327   21.45702108   23.31261676 ... 7170.18749574 7174.7112852
 7182.08883468]"
501,662892_2023-08-24_A-1012,PIR,True,"[  35.03212278   97.14271138  173.75389952  208.36031887  223.74378303
  229.57333611  262.0334938   268.05597976  304.7724942   315.29350302
  327.66794085  328.08383988  353.68531356  387.7379342   435.38118985
  488.90376512  591.42595955  592.03155814  661.64196259  717.3090662
  720.19892614  741.51834312  778.80628956  830.33326949  832.03606552
  832.78206378  834.81599238  883.44641239  899.06627599  902.20556867
  921.08555801  924.82764929  956.32614256  971.97830608  984.39421048
 1001.30320441 1012.21154566 1046.2101331  1091.9715598  1108.88518705
 1109.4081525  1112.06957963 1119.45542908 1135.75532443 1143.1938071
 1153.76968245 1166.08362043 1204.24846482 1211.52611453 1272.03047354
 1273.19903748 1285.47917553 1288.26386904 1336.12459085 1342.06851033
 1370.39361099 1377.02742886 1379.73998921 1394.49965482 1413.74067664
 1438.6477186  1455.04151373 1470.55614425 1480.05958877 1483.69444696
 1483.81738001 1497.69058102 1510.22355181 1528.24667648 1530.31743832
 1535.37305987 1539.20345095 1544.39550551 1559.80773627 1561.65893195
 1566.51002065 1583.75698046 1584.95827766 1591.90656147 1602.25057069
 1615.95203877 1656.01587874 1668.633316   1677.77792803 1679.30289114
 1680.30852213 1685.59677647 1698.03791415 1710.9310841  1716.84473699
 1726.80991377 1732.45170062 1763.33972864 1766.53388786 1768.16771739
 1773.86633744 1779.83272354 1797.81358164 1798.4885134  1812.96737966
 1818.14630093 1859.44330469 1880.59238874 1917.24337    2008.60945709
 2012.44771481 2019.50686503 2055.96204674 2090.20560028 2091.23399788
 2122.4117919  2127.16681415 2143.18924348 2152.31235555 2153.87185192
 2186.30197635 2215.6472413  2230.71287286 2230.99360554 2243.17334382
 2302.49537225 2312.89734801 2316.05780731 2318.12656916 2322.65849193
 2329.91944168 2334.79263032 2352.37362268 2400.52151048 2418.61383499
 2444.15420881 2449.14209718 2453.76091975 2482.13768696 2482.28825328
 2483.09085141 2486.20114416 2512.58261602 2516.20877423 2531.76927131
 2609.30885728 2610.22935514 2621.86952801 2634.90013098 2635.40446314
 2651.56512548 2667.09348929 2678.63289574 2690.42323493 2701.32330953
 2703.25463836 2708.40942635 2713.710314   2735.8212958  2761.74670206
 2785.02928113 2816.97914001 2818.35483681 2837.31959262 2841.53828278
 2842.52214716 2843.76191094 2850.07566289 2856.42368143 2856.91224696
 2898.70034958 2905.71193324 2935.99472934 2943.31691228 2975.10027155
 2975.40817083 2993.75702807 2994.51165964 3017.02567385 3031.49317347
 3046.05323954 3046.09407278 3075.32653799 3082.45832137 3108.54576058
 3115.7434438  3119.75070113 3120.45596616 3195.10969219 3222.18929575
 3223.58845916 3238.69299063 3265.91226053 3296.98442146 3301.03461202
 3319.59706877 3367.99088933 3414.67231388 3418.04150603 3426.5054863
 3429.69224554 3435.0030665  3439.55832255 3467.11245834 3474.30734158
 3476.50133646 3479.51056279 3482.61288889 3482.78672182 3522.19562998
 3528.29261578 3533.72340312 3539.01485746 3564.45549817 3576.63530312
 3624.19622563 3637.86266044 3643.23354793 3655.18632008 3659.44634348
 3661.69973823 3667.14335888 3671.39591564 3734.49083527 3756.94188295
 3762.34947035 3774.63494172 3778.51783268 3779.83526294 3780.33176178
 3799.20355114 3848.58803606 3863.22190196 3879.78453003 3898.50281974
 3898.58965287 3909.67056038 3921.49083284 3933.41493839 3950.20703259
 3966.13062882 3993.09256599 4000.44641552 4035.58863362 4041.38535345
 4058.10138116 4070.74055171 4083.64012165 4093.10126627 4094.69419589
 4112.0718554  4128.83861632 4156.82638444 4162.35250489 4187.00031412
 4204.10150761 4205.99283653 4214.8918158  4214.89598245 4219.74747115
 4225.58825754 4225.89375682 4255.72425398 4263.08503682 4265.32046495
 4280.88982867 4285.80081722 4305.85790382 4345.61404451 4346.29407626
 4350.20380048 4367.46852691 4380.87332901 4383.35602322 4387.22024755
 4391.33523796 4400.75478268 4414.69495019 4420.01360447 4421.74896709
 4440.20762408 4458.49798145 4481.79936049 4484.99568637 4492.10030315
 4495.68866145 4501.02371569 4503.48020996 4506.01057074 4517.17137806
 4521.84326717 4523.82702922 4533.87377247 4538.89282744 4540.20955771
 4562.1412066  4589.99090837 4596.48965989 4606.59200302 4616.14474742
 4633.00127481 4640.90428973 4640.94402297 4643.74228311 4664.36596839
 4668.10395968 4676.22387409 4693.75319991 4713.73782    4714.71928438
 4740.08629194 4747.46570807 4750.97826655 4758.81444829 4774.97344397
 4780.59629754 4786.34691747 4790.2933416  4796.04379487 4803.67911041
 4817.55767807 4824.15879602 4826.21459123 4837.9592972  4844.20001599
 4860.64867766 4863.95120329 4866.04226509 4876.7233402  4889.31027753
 4893.94230007 4928.2174202  4933.2393085  4939.68479348 4942.65368656
 4953.97059352 4955.73515608 4960.5172116  4974.49271237 4985.45595348
 4997.82539133 5005.16510756 5006.6784707  5024.08309681 5043.55771809
 5063.69587116 5066.49776463 5067.13842981 5076.58950778 5079.80526696
 5114.3605531  5118.406877   5118.76210951 5128.37085378 5129.68721738
 5130.51021546 5140.01039333 5142.61962058 5146.97434377 5167.63792895
 5179.76913401 5182.43556113 5201.51811666 5210.58042888 5234.35424014
 5242.35222151 5244.33641688 5251.18886758 5253.93359452 5299.26535555
 5330.8985485  5333.46360919 5407.76743604 5422.18586911 5422.42506855
 5425.41096159 5440.5716596  5456.06605682 5460.2525804  5460.26041372
 5474.12558141 5474.98481274 5488.84571377 5496.62632897 5498.56342446
 5534.67200698 5561.0135456  5561.56601098 5570.56429001 5597.63472693
 5618.5580115  5631.06258236 5634.50374101 5635.72630483 5672.88531824
 5680.21276783 5692.97287143 5702.22524987 5718.86274443 5724.63359765
 5730.35568431 5732.29101314 5736.08097097 5781.14603262 5790.11171173
 5796.38759711 5821.52770519 5822.82670216 5825.3136297  5852.52033297
 5855.09046031 5855.87779181 5857.25065528 5869.93329239 5885.14365694
 5887.79008411 5890.24834505 5896.27216434 5907.67990443 5915.34295324
 5918.35034623 5951.89336806 5968.04756375 5985.74142252 5988.32314984
 6000.93528712 6008.78490216 6014.44948896 6015.8455857  6016.37275114
 6034.61610863 6035.3597069  6038.43886639 6048.46394303 6076.42467787
 6080.82080096 6091.71927556 6105.80887606 6107.36360577 6116.2336851
 6122.1135714  6129.59605396 6151.18067033 6160.07628294 6170.10435957
 6199.14995855 6201.24805366 6206.12654229 6213.86545759 6217.16001658
 6228.48739018 6232.87164663 6243.32578894 6260.11788314 6269.25989517
 6275.29648111 6275.79211328 6282.88256343 6290.90871139 6293.36033901
 6317.09575037 6338.79546647 6351.00243802 6352.7986005  6359.49811822
 6360.09918349 6363.42227575 6363.50824221 6368.85059643 6393.27713951
 6438.42846763 6458.30365464 6460.42398304 6466.76773492 6487.616453
 6512.69629456 6532.55231496 6538.30353489 6558.03375558 6571.34865788
 6574.79548318 6583.94066187 6594.05460497 6594.78420327 6595.45613504
 6603.46344971 6623.07373735 6626.53396262 6630.76645275 6636.02987382
 6644.97041966 6659.31668622 6669.2538964  6689.15615002 6689.4233494
 6695.13723608 6697.81682984 6713.89235905 6714.4986243  6714.80215693
 6718.37661526 6721.96140691 6731.87221715 6733.89211244 6736.05754073
 6756.42189327 6761.88998053 6786.21129052 6813.38012721 6835.36390931
 6838.67170161 6847.83194693 6854.34516508 6860.48855077 6860.57215057
 6866.11610432 6874.13611896 6882.07650046 6883.11213138 6883.55819701
 6886.7247563  6893.71860666 6896.24540078 6899.24582712 6909.01113769
 6920.54404415 6933.78964662 6944.85742083 6955.62879573 6967.83820061
 6971.12512628 6974.58531822 6988.09405341 6997.17433225 6997.65663112
 7017.34225192 7018.49238257 7019.31764731 7023.85360341 7031.52968552
 7036.62977364 7044.26698918 7047.73801442 7052.01957111 7066.84653656
 7070.34886173 7071.23602633 7071.74945847 7083.03106551 7090.6041812
 7105.63661283 7112.35319718 7119.94467949 7133.34104827 7148.35167996
 7150.4076085  7179.18624144 7179.88620648]"
502,662892_2023-08-24_A-1015,PIR,True,"[  21.17822173   21.90868669   22.70121818 ... 7184.30756284 7184.41762925
 7186.34815808]"
503,662892_2023-08-24_A-1016,ORBl,True,"[  25.94211063   28.83027057   37.78491636 ... 7133.32761497 7141.61869565
 7173.6263544 ]"
504,662892_2023-08-24_A-1018,ORBl,True,"[  59.68906532  117.01666506  117.05623164  165.16265287  237.22411828
  243.92736932  290.61522719  311.93141086  313.2721744   340.66047724
  371.67640496  390.03916217  390.04789549  423.22125152  426.51507717
  469.65054332  507.37572208  509.98348267  554.4543457   555.20771062
  555.6027097   557.71587144  656.51090788  676.43662812  676.45309474
  676.45629474  677.40745919  677.76332502  680.24218591  680.42838548
  685.50560698  693.80802097  726.7533442   736.9095872   753.10091613
  773.31040237  808.82251962  808.89795278  810.28988286  840.30507959
  840.30814625  840.31607956  869.63244458  876.95589418  876.9602275
  876.96566082  876.97399414  876.98686077  876.99942741  880.12602013
  899.634508    899.72854111  899.73744109  912.97781024  992.0554593
  997.03781435  997.06511429  998.1477451  1003.11123353 1005.19082869
 1005.68952753 1008.40845452 1008.55952084 1008.83945352 1008.84465351
 1009.0918196  1009.24281925 1009.6185517  1013.93140832 1013.94527495
 1017.36183366 1037.60438649 1041.09991168 1048.88079354 1049.78719143
 1068.23241512 1098.50977789 1198.16821233 1204.28276474 1204.69309712
 1204.69659711 1204.89376332 1204.96896315 1204.97859646 1205.03262966
 1205.48966193 1220.25829418 1233.74572942 1233.85299584 1233.97406222
 1234.25512823 1241.05811238 1241.34224505 1241.4229782  1241.65887765
 1241.72151083 1248.29316219 1250.81442298 1256.812009   1267.96591634
 1284.35571148 1297.01384865 1297.02741529 1297.03214861 1297.0359486
 1310.6993501  1310.74261666 1329.22717359 1381.29395226 1381.29861891
 1381.31191888 1381.32035219 1381.3303855  1381.35085212 1381.36551876
 1453.55145054 1513.55071072 1525.85741538 1525.86108204 1549.03246137
 1550.40612484 1551.58845542 1594.37025572 1661.03820037 1673.13760551
 1673.14250549 1673.52947126 1673.55390454 1681.30018648 1695.20715408
 1695.34802042 1695.64728639 1706.92416011 1713.27107865 1728.57330966
 1732.70090004 1737.77195489 1737.81552145 1738.07515418 1738.07885417
 1738.1111541  1738.13318738 1738.19315391 1750.99162408 1751.0420573
 1760.45023537 1760.45993535 1760.46446868 1760.47090199 1760.47950197
 1760.59290171 1760.61200166 1760.62033498 1762.19306465 1840.56131536
 1851.21105721 1851.44169    1851.57975635 1851.59318965 1932.57820093
 1989.92513396 2119.1790661  2119.75759808 2120.36353    2193.53229283
 2194.29295773 2197.22995088 2206.29722975 2206.45259606 2237.53252363
 2249.77846176 2249.79516172 2275.32750222 2275.6221682  2286.40420975
 2315.40047551 2338.25478892 2338.28692218 2338.32762208 2338.4206552
 2338.52785495 2338.53235494 2338.53598826 2342.00271352 2353.58625319
 2359.77693877 2375.84990131 2382.68911871 2382.72345196 2382.76931852
 2382.95658475 2383.0206846  2383.02525126 2383.03195124 2383.04005122
 2426.92004897 2467.18212181 2512.66971581 2512.731449   2512.73531566
 2540.20388498 2619.29440068 2619.300634   2620.45836463 2620.60029764
 2620.6295309  2647.45413506 2661.01490346 2674.16250615 2719.5167338
 2750.16356238 2763.91233034 2820.0046663  2882.14775482 2882.15768813
 2918.01490457 2918.37650373 2925.2978876  2925.30132093 3043.7812115
 3055.7811502  3055.78445019 3146.59353858 3146.60217189 3146.60603855
 3146.61007188 3146.61387187 3146.83300469 3146.90617119 3162.37470181
 3164.3819638  3185.06941559 3187.70440945 3187.73364271 3197.56075315
 3198.33111802 3199.92954763 3205.86346713 3205.86926712 3205.87680043
 3208.8816601  3208.88989341 3242.51221506 3245.50394142 3260.4784732
 3324.07132501 3328.31458178 3333.20667038 3333.21077037 3343.62081278
 3366.86139196 3381.146492   3381.15015866 3385.51161516 3403.31947367
 3410.88092271 3412.59455205 3412.60135204 3457.23628136 3494.52002781
 3522.23392989 3524.85865711 3524.86895709 3548.9239677  3548.93233435
 3549.07523401 3551.91749406 3551.92956069 3551.94026067 3552.17822678
 3552.20246006 3552.20966004 3607.17389863 3607.18166527 3613.70815007
 3664.42669854 3678.87313154 3678.91459812 3684.94225074 3684.95698403
 3708.33872955 3719.75516961 3735.38029987 3898.46928649 3902.76217648
 3921.8650653  3929.49274753 3945.53584347 4007.64323208 4007.83719829
 4007.85916491 4007.87823153 4007.88096486 4007.88419818 4008.01406455
 4008.11819764 4008.24283068 4008.32706382 4008.47156348 4082.55195752
 4082.55889084 4089.89157375 4124.61689283 4205.10917192 4205.68543725
 4205.69387056 4218.33137445 4237.49099647 4262.76543757 4277.15220404
 4277.1830373  4277.22777053 4277.40077013 4324.72865984 4422.51056531
 4422.54196524 4422.76356473 4422.85709784 4422.94223098 4423.0333641
 4423.03793075 4423.0889973  4423.09166396 4424.47939406 4434.58053719
 4440.96098899 4440.96945563 4440.97372229 4440.97712228 4443.6000495
 4468.31259192 4469.18922321 4469.2502564  4469.95408809 4499.31911966
 4499.32248632 4499.48385261 4505.4830053  4548.43877186 4551.93906371
 4554.34729143 4554.47472447 4554.50622439 4554.61479081 4558.82254767
 4582.95665809 4616.35118028 4621.64636794 4641.35788867 4647.93640667
 4657.35698472 4658.18224946 4663.30660419 4668.44055889 4669.00115759
 4669.0091909  4673.27731429 4673.29728091 4739.65435961 4739.69722618
 4739.76772601 4802.74411259 4814.59285165 4815.52084948 4831.77361161
 4835.24423686 4860.97937689 4998.57692291 5011.98475833 5020.41810535
 5020.42293867 5048.38004019 5048.39230682 5048.7753726  5048.80073921
 5048.84527244 5049.23683819 5070.98048752 5070.98675417 5070.99488749
 5075.38364393 5075.42131051 5079.13846851 5079.72380048 5082.81409328
 5082.82562658 5082.84059322 5082.84359321 5111.08172741 5111.47972648
 5126.59732458 5126.64829113 5137.73003197 5145.8878463  5148.55547341
 5199.03242245 5213.06908974 5213.10258967 5219.26680864 5303.79537833
 5321.29580421 5321.58437021 5321.59147019 5327.43165658 5336.66523506
 5353.39756274 5353.40492939 5353.4129627  5363.21253987 5364.93863584
 5375.91807692 5377.30747369 5377.55687311 5400.90891869 5400.92121866
 5400.92571865 5400.92821864 5400.9340853  5400.93821862 5400.9467186
 5400.95158526 5405.16370877 5407.70423619 5441.70752362 5465.42180169
 5465.4458683  5467.63066321 5467.63492986 5490.37117688 5490.39051017
 5501.23321824 5501.53001755 5501.60375071 5501.66651723 5510.85436248
 5513.30842343 5513.3207234  5521.73233713 5521.87150348 5521.87877013
 5523.39996658 5529.80611832 5535.3514054  5535.79570436 5546.47917947
 5555.97372401 5566.92163183 5572.20638618 5616.68608253 5621.6635376
 5638.59423148 5739.12843054 5747.39994459 5753.29509752 5753.84932957
 5753.8757295  5769.20012713 5769.20689378 5776.03634453 5776.1507776
 5776.18574418 5787.25611838 5787.27381834 5803.85594637 5803.86601301
 5803.87004634 5803.87334633 5803.87921298 5816.86208273 5819.39774349
 5819.44184338 5820.09874185 5821.11873947 5821.12203947 5822.8249355
 5833.86040978 5849.32057376 5856.57665685 5856.74055647 5856.92052271
 5866.67059999 5869.28832723 5869.33886044 5872.33795345 5879.47783681
 5879.4830368  5879.48673679 5879.49180345 5886.42742062 5892.76367252
 5896.34653084 5932.68504616 5932.71774608 5933.27291146 5941.02072673
 5952.69856619 5952.97323221 5952.98803218 5953.01133213 5953.06279867
 5953.08736528 5953.10809857 5953.12896518 5953.14096516 5953.15116513
 5953.16423177 5953.1800984  5953.21129833 5953.27106485 5953.27689817
 5953.32859805 5953.353098   5953.38336459 5958.5428859  5962.78760934
 5998.64165913 6002.59281659 6002.62644984 6015.92795218 6044.16198638
 6044.31698602 6109.23480141 6113.98569034 6129.78585352 6141.94729185
 6141.98929175 6142.50202389 6142.60699031 6142.61429029 6142.61762362
 6142.62139028 6142.62555693 6142.90368962 6142.93788954 6142.94898951
 6142.95475617 6142.96002282 6143.68208781 6153.96433051 6164.35907296
 6164.38190624 6164.41737282 6172.80258661 6183.25816225 6191.36601002
 6193.66673799 6193.68330462 6212.69706031 6212.70976028 6212.72456025
 6215.59195357 6215.61478685 6215.63175348 6215.63565347 6215.63888679
 6215.64225345 6215.64748677 6215.65358676 6235.98430605 6254.94812852
 6256.47379163 6256.7176244  6287.04065374 6289.58008115 6299.7144242
 6308.243471   6310.45689917 6310.4859991  6310.59779884 6310.65069872
 6347.29398    6347.29924665 6354.61729626 6355.60369397 6355.61266061
 6355.69126043 6355.73106034 6355.73929365 6355.75109362 6355.85449338
 6365.73913701 6366.65970154 6367.28946673 6367.33676662 6367.44886636
 6372.80278722 6373.09385321 6374.92391561 6400.02295712 6403.22924965
 6405.3266781  6406.08217634 6445.91178352 6454.60156327 6454.63619652
 6464.55314008 6471.06259158 6471.07105823 6471.07529155 6471.07959154
 6498.74932706 6499.13769282 6500.86472213 6507.82537258 6510.04160075
 6510.18493375 6514.76662307 6515.34365506 6515.35285504 6515.93788701
 6523.54396928 6523.58736918 6526.99086125 6534.29741089 6546.1933165
 6558.86675364 6558.87185362 6559.06255318 6568.17616528 6568.44803131
 6577.64437654 6579.33070595 6603.51528292 6614.57765715 6621.40647457
 6629.18225645 6634.59901049 6634.61621045 6656.06386047 6677.67221012
 6688.44235169 6709.68476885 6738.11260261 6755.27452928 6803.34835059
 6807.59097403 6807.65610722 6820.41114416 6832.86038182 6835.25174291
 6835.26270955 6861.1875158  6861.28311558 6869.74436253 6869.78816243
 6871.73945788 6871.74525787 6871.74932453 6905.46501263 6905.64184555
 6908.29340603 6929.80312258 6948.79101166 6953.11156826 6953.38440096
 6980.91137015 6981.53790202 6990.58161428 7007.94174049 7032.7992159
 7038.89993502 7041.72726176 7058.42878951 7058.43425616 7059.04142141
 7080.28433858 7094.41100566 7106.79197681 7106.89910989 7117.57418501
 7117.78041787 7117.79895116 7127.98066076 7128.01409402 7133.43638138
 7133.47181463 7134.19221296 7149.49711062 7153.73443408 7162.4513471
 7162.45854709 7162.49814699 7173.00152252 7181.91216842]"
505,662892_2023-08-24_A-1019,ORBl,True,"[  30.58383315   32.71239485   34.87112315 ... 7132.81388283 7141.68006217
 7182.93093271]"
506,662892_2023-08-24_A-1020,ORBl,True,"[  20.37429027   24.05431503   47.35349407 ... 7171.75902541 7171.95565829
 7172.1639578 ]"
507,662892_2023-08-24_A-1022,ORBl,True,"[  20.29802378   20.49362333   20.63792299 ... 7185.52332667 7185.66619301
 7186.13315858]"
508,662892_2023-08-24_A-1023,ORBl,True,"[  28.43337149   37.04401809   37.28751752 ... 7179.88043982 7180.03303947
 7180.8920708 ]"
509,662892_2023-08-24_A-1026,MOs,True,"[  21.21208832   31.72646382   41.36090803 ... 7176.35058138 7177.70754489
 7185.94932568]"
510,662892_2023-08-24_A-1027,MOs,True,"[  20.50638996   20.63982298   21.03848872 ... 7186.17269183 7186.24322499
 7186.30269152]"
511,662892_2023-08-24_A-1028,MOs,True,"[ 145.654865    145.8520312   220.69409013 ... 7182.03306814 7186.01495886
 7186.10402532]"
512,662892_2023-08-24_A-1031,PIR,True,"[  20.7329561    21.83885352   21.91368668 ... 7180.85320422 7183.57203122
 7186.20809174]"
513,662892_2023-08-24_A-1034,PIR,True,"[  24.06871499   24.23368128   28.58900446 ... 7149.51131059 7184.15666319
 7186.22965836]"
514,662892_2023-08-24_A-1037,PIR,True,"[  21.79848695   21.8048536    23.80888227 ... 7139.15890138 7157.85642448
 7166.15703847]"
515,662892_2023-08-24_B-9,root,True,"[  20.20988895   20.30828874   20.3760886  ... 7186.2983316  7186.31483157
 7186.39689806]"
516,662892_2023-08-24_B-14,root,True,"[  21.04718716   22.10551823   27.84597262 ... 7135.3446739  7135.44487368
 7174.25962401]"
517,662892_2023-08-24_B-19,OLF,True,"[  40.17827959   40.50274556   40.54117881 ... 7170.79406476 7182.09587392
 7182.85977229]"
518,662892_2023-08-24_B-20,NLOT1,True,"[  20.48895502   20.51115497   21.04488717 ... 7185.53293324 7185.59059978
 7186.14503193]"
519,662892_2023-08-24_B-31,NLOT2,True,"[  21.49981953   21.76268563   21.83338548 ... 7185.56143318 7185.81473264
 7186.03166551]"
520,662892_2023-08-24_B-36,MEA,True,"[  21.31461992   21.31775325   21.9641852  ... 7182.04930736 7183.27960472
 7185.39163354]"
521,662892_2023-08-24_B-38,MEA,True,"[  21.70651909   21.97238518   23.27481573 ... 7171.17879727 7171.29509702
 7178.63268133]"
522,662892_2023-08-24_B-47,CEAm,True,"[  20.21258895   20.38098859   20.51245497 ... 7186.08416539 7186.26819833
 7186.37176478]"
523,662892_2023-08-24_B-52,CEAm,True,"[  20.36615528   20.47992171   20.59698812 ... 7186.16276523 7186.30029826
 7186.41876468]"
524,662892_2023-08-24_B-55,PAL,True,"[  20.42658849   20.47638838   20.51745496 ... 7170.80153141 7173.88762481
 7182.6513394 ]"
525,662892_2023-08-24_B-56,PAL,True,"[  80.76792612   86.21304781   86.88457971 ... 6752.89995838 6752.91075836
 6752.91659168]"
526,662892_2023-08-24_B-61,GPe,True,"[  20.20675563   20.37275527   20.55112156 ... 7185.87143252 7186.25713169
 7186.37289811]"
527,662892_2023-08-24_B-91,MEA,True,"[  22.17301809   49.14246042   49.14269375 ... 7174.08855771 7179.98364511
 7183.96546992]"
528,662892_2023-08-24_B-96,CEAm,True,"[  21.1070537    21.39345309   21.54431943 ... 7169.33540121 7185.57519982
 7185.73473281]"
529,662892_2023-08-24_B-98,PAL,True,"[  62.41076538   62.90543099   78.43123112   80.43202684   80.51312667
   80.59245983   86.91577964  124.96269828  142.66462709  142.67579374
  142.68169372  216.05577015  216.07117012  216.09027008  216.09923673
  216.10223672  216.10513672  216.11000337  216.15070328  216.1750699
  216.17873656  287.93781644  311.54336596  343.28026476  397.76958158
  397.78478154  456.7893887   456.79692202  456.80012201  456.803422
  456.80688866  456.81252198  456.81838864  456.85305523  456.85725522
  456.86038855  456.86428854  474.42575099  474.44031762  478.62977533
  553.61998164  553.63161495  553.6368816   553.63991493  553.67791485
  589.17350561  589.2082722   611.11992535  611.13469198  611.14615862
  611.17302523  630.09935143  630.10911807  635.47930659  635.5031732
  635.53587313  687.00586307  690.69182186  743.14970968  743.15314301
  743.15820966  743.16180965  743.16530965  743.1702763   743.18940959
  743.19524292  743.20307623  743.21734287  743.22880951  759.24987525
  759.25857523  759.26394189  759.27997519  759.28544184  759.36474167
  769.84655259  769.85521924  769.86001923  769.86308589  769.86678588
  769.87248587  769.87791919  769.88478584  770.29548496  770.30441828
  770.30808494  770.31168493  770.31525159  770.32245157  796.14316302
  796.1856296   818.49788189  822.06057427  822.0639076   822.06704092
  822.07020758  822.07510757  822.08054089  822.10114085  822.10574084
  822.13477411  822.16527405  822.1712407   822.17467402  822.24047388
  822.24397388  825.96689925  825.97183257  825.9754659   825.97859922
  825.98243255  825.98766587  825.99463252  843.32802879  843.37672869
  843.38306201  843.387062    855.80350211  855.81860208  884.71047363
  891.50729243  900.85070578  912.47081427  946.95764052  946.96230718
  959.93234611  959.93781276  959.94601275  959.97951268  959.98727933
  959.99114598  959.99447931  959.9997793   960.00637928 1061.96616125
 1061.99536119 1062.00172784 1062.02039447 1062.0399611  1062.0688277
 1062.07479435 1062.07812768 1242.9966408  1253.03045268 1445.76214054
 1459.12757863 1459.13301195 1459.13634527 1459.14357859 1459.16127855
 1512.4357313  1512.44409795 1512.44909794 1512.45366459 1512.45699792
 1512.4683979  1512.48416453 1558.94526518 1574.37173219 1574.37576551
 1574.37886551 1574.3828655  1574.38826549 1576.5496942  1576.56456083
 1576.5810608  1576.58806078 1590.8718969  1590.87826356 1590.88216355
 1590.88563021 1590.8903302  1590.90713016 1590.92359679 1590.92829678
 1611.10528697 1611.11615361 1611.12532026 1611.13195358 1611.13632024
 1611.27905327 1615.34721123 1615.35674455 1615.36024454 1615.36344453
 1615.36687786 1615.37211118 1615.38694448 1615.41211109 1615.41551109
 1615.42741106 1615.457311   1615.46134432 1627.92051768 1627.92371767
 1627.926551   1627.92965099 1627.93438432 1627.94955095 1627.99141753
 1627.99531752 1627.99888418 1642.88221902 1642.88741901 1642.89688565
 1642.90001898 1642.91298562 1642.95605219 1663.61200802 1663.66777457
 1663.67164123 1663.67460789 1663.68237454 1663.7024745  1663.71617447
 1663.74834106 1663.75434105 1663.79687429 1663.83944087 1663.86724081
 1757.25537444 1757.26484109 1757.26947441 1757.27894106 1757.28534104
 1757.29054103 1757.29850768 1796.95245622 1796.96765619 1796.9759895
 1796.98682281 1797.01812275 1797.02225607 1797.0256894  1797.03078939
 1797.05282267 1797.05568933 1797.06082265 1797.06442265 1847.44464825
 1897.38114146 1897.4264747  1909.76838164 1909.77564829 1909.77874828
 1909.78531494 1909.79061493 1909.8177482  1909.82278152 1910.56547994
 1938.55942007 1938.56488673 1938.61535329 1938.61901995 1985.31698675
 2005.12221107 2022.76777333 2022.78923996 2022.79340661 2022.79640661
 2022.79943993 2022.80320659 2022.80840658 2022.81470657 2022.84247317
 2062.27105553 2062.27652218 2062.29932213 2062.30362212 2062.31932209
 2062.32285542 2062.32608874 2062.35065536 2062.40428858 2062.42342187
 2062.42755519 2062.43195518 2062.43745517 2062.58438819 2173.90165015
 2192.91937615 2192.92314281 2192.92944279 2201.30559155 2203.11488768
 2203.16965423 2203.17762088 2203.19132085 2203.19525417 2203.24218741
 2203.24595407 2203.24932072 2203.25338738 2203.25785404 2232.04199249
 2234.25595442 2234.26452107 2234.26885439 2234.27818771 2234.2814877
 2234.28525436 2234.29115434 2248.41245748 2261.51609613 2314.06058377
 2314.07908373 2314.08445038 2322.35156604 2324.36299507 2348.5417767
 2348.55221001 2348.56470998 2348.5731433  2348.57854328 2348.59850991
 2348.61370988 2348.61920986 2348.65394312 2358.24048929 2358.24412262
 2380.353842   2380.48897505 2457.6397434  2457.64571005 2457.65057671
 2457.65694336 2457.66044336 2457.66944334 2459.75900554 2459.76490552
 2472.51274493 2472.52381157 2511.26982872 2516.91214999 2516.93238328
 2516.96911653 2516.97808318 2516.98621649 2546.74455286 2590.09446016
 2590.10289347 2604.55102924 2618.64043245 2618.64936576 2619.93106302
 2661.52897407 2688.996682   2708.64613998 2799.67357866 2799.68801196
 2799.70294526 2835.11296954 2844.9379152  2844.96951513 2844.9842151
 2851.2356684  2851.2493017  2851.38796807 2851.44780128 2851.4514346
 2851.45470126 2851.45793459 2851.46293458 2851.4698679  2907.22791533
 2912.28173786 2912.2953045  2912.30060448 2912.30643781 2912.31113779
 2912.32313777 2912.33137109 2931.62739649 2931.64409645 2931.66536307
 2933.1968598  2933.21635976 2970.05554765 3061.392519   3061.40911896
 3245.80562465 3245.81922462 3245.83192459 3245.83532458 3245.83842458
 3245.84232457 3245.84612456 3245.85262455 3453.91041297 3453.91631296
 3508.24139679 3508.24776344 3508.25116343 3508.25613009 3508.26113008
 3537.50960087 3537.69386714 3537.70703378 3544.77691866 3547.48224621
 3547.51077948 3547.52174612 3547.52561278 3547.75354563 3547.75717895
 3547.76337894 3547.79617887 3565.71380722 3565.72010721 3565.72344053
 3565.72830719 3565.73140718 3565.7702071  3568.19910191 3577.34431568
 3596.5741079  3596.58177455 3665.91902627 3688.74771079 3688.76261076
 3819.98476349 3820.10309657 3820.10936322 3820.11412988 3822.01672581
 3822.04079242 3822.06339237 3822.07772568 3822.08942565 3822.09229231
 3822.09525897 3822.10559228 3884.18842619 3906.74737795 3906.75154461
 3906.75447794 3906.77667789 3906.880111   3913.26489735 3913.27363066
 3913.27693066 3913.28339731 3913.28883063 3913.34623051 3913.35243049
 3913.38743042 3913.39043041 3919.70318358 3919.71858355 3920.61834829
 3920.63361492 3920.63691492 3920.69694812 3920.7364147  3920.77094796
 3920.80881455 3920.81191454 3920.81561453 3962.18335941 4005.96783244
 4034.31437183 4034.31957182 4034.32543847 4034.33633845 4171.00361286
 4205.76377187 4205.77547184 4205.7801385  4205.78310516 4205.78617182
 4205.78993848 4221.3202386  4244.24755624 4244.25908955 4244.26372287
 4244.28632282 4244.29625613 4246.542318   4246.54735132 4315.93973627
 4368.97395619 4421.27927767 4550.81323401 5129.29643031 5147.29215849
 5147.29595849 5147.30692513 5147.31749177 5147.32039177 5161.29392855
 5161.30552853 5161.31969517 5161.36062841 5161.3669284  5161.37192839
 5161.37522838 5161.38839502 5161.69909435 5161.75229424 5162.88252516
 5285.72962913 5317.41562804 5317.42586135 5326.76520804 5326.77837468
 5326.78567466 5326.79207465 5326.80494129 5356.82261043 5356.83007708
 5356.84457705 5357.30194274 5357.31250939 5411.48122688 5439.36776725
 5474.33172582 5485.08063617 5495.52571383 5497.48664297 5499.33320569
 5499.33953901 5499.34740566 5499.39803888 5499.40107221 5499.4055722
 5499.4386388  5499.46313874 5499.47607205 5508.37231969 5510.45971523
 5513.41160892 5529.10224203 5545.91660607 5545.95407266 5545.95730599
 5545.96597263 5545.97017263 5567.59562638 5567.60019304 5567.60882635
 5567.61469301 5567.61972633 5567.64699294 5572.30141632 5626.45526718
 5626.46473383 5637.70824312 5637.72340975 5637.74044305 5650.4346159
 5652.09774568 5652.11487898 5747.54824157 5747.55797488 5752.70836387
 5768.72119629 5786.12092575 5791.07914848 5797.17120212 5797.18053544
 5797.1836021  5797.18706875 5797.21503536 5802.14652482 5802.19785804
 5802.21175801 5802.21482467 5802.22105799 5830.74153034 5830.75639697
 5830.79683022 5839.05347923 5869.16704817 5869.16994816 5869.17778148
 5869.20991474 5869.2131814  5869.22678137 5880.53725718 5889.98607031
 5889.99403696 5901.81354502 5971.88159519 5971.90719513 5986.6050637
 5988.99929192 5989.00192524 5989.00842523 5989.01395855 5989.02452519
 5989.02895852 6172.37963311 6172.39723307 6172.40086639 6172.40933304
 6208.43752267 6236.12549679 6236.15953005 6236.16686337 6279.77857011
 6318.7835867  6318.80598665 6318.8162533  6347.03199296 6347.0458596
 6365.80541948 6365.81025281 6365.81478613 6365.84455273 6365.91548592
 6381.96081827 6381.97615157 6384.05248046 6384.05608046 6396.89718633
 6396.91301963 6396.91595296 6396.91895295 6397.6128848  6397.62451811
 6397.62798477 6414.75694814 6427.28682134 6427.31358795 6427.32012127
 6485.81396286 6487.68195886 6487.68922551 6487.7554587  6511.88194045
 6511.8898071  6511.90054041 6511.90624039 6523.83144823 6526.96557486
 6526.97057485 6533.31596128 6575.58003757 6575.62920413 6575.66030406
 6582.4868228  6608.72243336 6608.75059997 6608.77359992 6616.42511689
 6622.66003689 6622.6692702  6622.6855035  6642.02939547 6734.12986519
 6734.1406985  6740.92485066 6740.93388397 6740.93898396 6740.94338395
 6740.95731726 6740.96328391 6753.73055661 6753.74935657 6753.75752322
 6753.76198987 6753.78492316 6753.85328968 6753.8728563  6753.87642296
 6753.88925627 6753.89568959 6755.81598548 6755.82168547 6755.83228545
 6755.86601871 6805.91357835 6831.76718973 6832.26728866 6832.28718862
 6832.29075528 6834.25075109 6834.28065103 6834.30995096 6834.31755095
 6834.32388427 6834.32731759 6834.40141743 6878.12965726 6878.14419056
 6878.15145721 6878.1582572  6878.16969051 6881.3548837  6881.3821503
 7007.30341437]"
530,662892_2023-08-24_B-108,GPe,True,"[  24.72911262   34.93902412   38.35321682 ... 7184.70130168 7185.79486601
 7186.17953186]"
