,unit_id,structure,is_qc_pass,spike_times
0,664851_2023-11-16_A-5,ACAv,True,"[  20.90956809   21.56529972   21.5747997  ... 6691.76118988 6691.79452313
 6691.79888979]"
1,664851_2023-11-16_A-7,ACAv,True,"[  20.54360237   20.58680226   20.73610187 ... 6691.3930575  6691.49515724
 6691.79578979]"
2,664851_2023-11-16_A-8,ACAv,True,"[  20.13070344   20.23813649   20.34423622 ... 6687.26403486 6687.67646713
 6689.98742781]"
3,664851_2023-11-16_A-12,ACAv,True,"[  20.1080035    20.15223672   20.25726978 ... 6689.73299514 6691.26575783
 6691.28092446]"
4,664851_2023-11-16_A-13,ACAv,True,"[  20.10613684   20.15600337   21.65449949 ... 6691.27502448 6691.33002433
 6691.38412419]"
5,664851_2023-11-16_A-14,ACAv,True,"[  20.57790228   20.61416885   20.9043681  ... 6690.73492587 6691.01715848
 6691.21622463]"
6,664851_2023-11-16_A-16,ACAv,True,"[  25.34032328   35.39469724   39.41488683 ... 6683.92574351 6683.97491005
 6685.12140708]"
7,664851_2023-11-16_A-23,ACAv,True,"[  20.13953675   20.23520317   20.61970217 ... 6687.49300094 6689.60119548
 6689.64782869]"
8,664851_2023-11-16_A-25,ACAv,True,"[  20.56360232   20.73016855   21.00860117 ... 6690.60572621 6690.92425872
 6691.71422334]"
9,664851_2023-11-16_A-26,ACAv,True,"[  20.28603637   20.58586893   21.10390092 ... 6689.14599666 6689.94296126
 6691.41379078]"
10,664851_2023-11-16_A-27,ACAv,True,"[  20.18616996   21.63809954   21.78559915 ... 6691.68529008 6691.70139004
 6691.79752312]"
11,664851_2023-11-16_A-28,ACAv,True,"[  20.22986985   20.51023579   20.54820236 ... 6691.56985705 6691.74588992
 6691.7931898 ]"
12,664851_2023-11-16_A-30,ACAv,True,"[  27.78661694   31.60407372   41.17444893   47.59526564   56.40680948
   68.56537799  102.77585605  105.55098219  112.88212987  114.26015963
  138.40869709  144.29091519  182.6503825   210.03157824  222.73677867
  230.2671925   233.80685     264.16607136  269.26785815  272.46514987
  278.16150178  281.13362741  302.84497118  304.40983379  305.74963032
  315.65367134  317.59449964  345.99909274  351.26384577  364.72757756
  374.91865117  376.23681442  384.67235924  387.57561839  399.59675392
  407.80789932  419.10767005  420.55273297  444.53540419  455.20894321
  458.62403436  464.95631796  476.96725352  480.75037705  481.05387627
  483.07913769  497.77816628  504.33241597  520.80117332  520.82330659
  521.40663842  521.75153752  535.38513554  535.76626789  538.22762818
  539.05035938  547.64163713  549.3517327   552.38099152  557.92151051
  571.95734082  573.15680438  577.15376069  578.46472396  587.6139336
  595.74164588  596.42604411  612.86323487  626.84163199  628.78052697
  635.95687505  637.60463745  637.70980385  667.2101941   674.07030967
  675.11390696  681.7164232   683.14058617  713.40024113  726.02124178
  739.76263952  763.04787921  773.57668527  776.75327704  782.47709555
  786.31121895  788.46238005  790.65757436  791.17870634  798.00665533
  800.22408292  823.59258906  826.445615    830.42193803  844.41800178
  854.23387636  855.10644076  878.09354789  891.70301264  899.85525819
  905.67997644  917.46034593  918.76224256  921.1133698   924.60022744
  943.02091306  948.74876489  953.1598868   953.26915318  955.66228031
  956.87684384  957.4311424   966.27435283  974.43069837  974.63156452
  984.08887335  986.1676013   995.59871021  996.66010746 1001.21379566
 1009.52064082 1011.49330237 1014.75776058 1025.02176733 1027.90919319
 1032.50671461 1044.31121737 1049.09420498 1080.81905615 1084.33994703
 1101.10153695 1139.08223857 1145.52465522 1145.91232088 1162.59907766
 1187.83504563 1194.38129534 1199.07241652 1217.92556769 1236.58651936
 1241.65173957 1243.29113533 1246.39486062 1249.28745313 1257.06163299
 1263.47481638 1271.24672958 1282.69609993 1292.86370693 1314.45138435
 1317.9444753  1319.04830577 1336.84359302 1337.94782349 1347.49246543
 1351.16392259 1377.51212101 1385.97046577 1387.56032832 1394.09487806
 1407.82100918 1410.68250176 1414.42452541 1421.99533913 1422.44023798
 1423.81266776 1480.94331978 1496.78747874 1497.09781127 1505.72982225
 1529.42276088 1561.06031227 1563.28927316 1567.56999541 1571.03831976
 1618.66119641 1623.21941794 1637.23268164 1645.70982635 1691.54317431
 1707.88353198 1717.02714163 1718.39517142 1725.98305177 1729.94790817
 1744.10390483 1769.41467261 1775.439757   1793.04664473 1795.45033851
 1806.2373439  1809.45033558 1811.82886275 1820.33697405 1822.86240084
 1836.52966544 1844.41874501 1846.27150688 1847.13600464 1854.76798487
 1867.9980506  1881.99098103 1884.74310723 1897.7521402  1907.48741499
 1910.88690618 1918.28515369 1947.47257809 1952.96873052 1957.05381994
 1962.99860454 1965.73983077 1971.48738255 1971.5467824  1971.68261538
 1982.6772869  2004.81942955 2020.68845512 2052.33547315 2059.81552044
 2072.2397216  2079.34720319 2081.11356528 2081.14363187 2081.53666418
 2092.50036912 2095.07866244 2101.98361122 2102.42211009 2108.72942708
 2118.6953346  2119.17610003 2143.11510469 2162.27985505 2178.35761341
 2190.35658233 2203.84541406 2227.45641957 2228.72461628 2241.83351566
 2246.09460463 2247.27670156 2294.5855457  2302.48542523 2315.94132372
 2320.4888786  2324.85566729 2326.2186971  2328.87645688 2333.73407763
 2341.99935622 2342.79452083 2370.84931483 2396.10081609 2398.15441078
 2405.13059271 2416.52522986 2432.97975391 2434.01491789 2439.07713811
 2466.68653327 2480.51316412 2483.60192279 2522.99088744 2536.92611801
 2543.56663414 2560.09292467 2562.43768526 2563.74384855 2573.29402381
 2576.89024783 2577.88427859 2592.59500715 2606.27630505 2608.56199913
 2612.5267222  2618.46450682 2631.9979051  2635.01389728 2653.68924891
 2666.57101555 2700.05886214 2704.68195017 2707.39114315 2717.6290833
 2731.31688118 2768.17445238 2779.05479087 2792.40945628 2814.62619874
 2817.13749223 2818.09172309 2852.32666775 2854.93982765 2870.62288703
 2873.60481264 2877.35610293 2888.16440826 2917.41103251 2932.07462787
 2959.2563908  2998.73702187 3097.58603251 3124.45312959 3163.39736205
 3234.83834368 3365.49800525 3419.73316478 3480.22354144 3544.91667387
 3571.51143832 3584.5579712  3589.1764259  3609.0350078  3666.28992617
 3683.01481619 3715.09166644 3737.93804059 3762.83790944 3768.44176159
 3771.35032072 3789.17980787 3789.54324027 3811.67564961 3813.90711049
 3814.85994136 3814.94444114 3815.31357352 3815.39820663 3824.23521708
 3851.49764646 3875.76705027 3883.08836464 3895.2639331  3907.8766671
 3913.21241995 3949.1230936  3967.3613797  3977.38922039 3983.35280494
 3997.64446793 4027.6790568  4043.17531667 4072.41940759 4088.97336471
 4131.13272218 4175.98737267 4183.97455198 4184.9440828  4208.40258871
 4211.03844855 4310.61569063 4312.95048459 4325.33195252 4353.48131294
 4415.32251943 4424.77899494 4445.38257491 4529.94785587 4590.42289924
 4600.40194006 4600.4120067  4604.19639689 4605.01309478 4613.12437377
 4614.11683787 4657.65575843 4688.97217732 4727.73081026 4728.64997455
 4740.79167643 4753.4808769  4792.8479416  4797.47569628 4803.43228085
 4804.6239111  4844.45900792 4875.10482855 4904.50461906 4914.63555949
 4971.70274501 4988.49643485 5001.49883451 5011.22264265 5016.14926323
 5067.07489799 5094.08789469 5118.78833071 5121.46392378 5127.0301427
 5146.03226015 5167.11027222 5191.57280886 5192.94893863 5218.24617311
 5241.29511341 5272.33103302 5273.52969658 5283.58577054 5283.9627029
 5293.8962105  5298.21236599 5299.91526158 5309.74386945 5334.25827262
 5338.02486287 5341.34765426 5365.2968589  5377.99052602 5392.61398814
 5400.66333396 5418.59188752 5433.77918152 5467.28549474 5469.92298791
 5471.99278254 5474.18731019 5476.40237112 5500.89654101 5503.41326783
 5518.20426285 5525.71151007 5562.75981411 5578.35794038 5595.04406383
 5629.57567439 5632.04590132 5647.86299369 5672.96312868 5709.27516796
 5726.58232313 5730.75941231 5746.0928726  5752.32988978 5778.94842083
 5783.59640879 5790.51495754 5810.00747372 5865.40846356 5954.73773218
 5954.90449842 5972.14625376 5977.95553871 6010.48385446 6011.07045294
 6022.34745707 6039.18788012 6039.67591219 6041.23894147 6045.69949658
 6052.17207982 6056.3238024  6070.4678991  6079.82627486 6097.10006345
 6114.60428478 6117.3368777  6123.36302876 6138.93588843 6142.53621243
 6151.98735462 6152.40158688 6152.43782012 6154.83864724 6173.69539839
 6174.02603087 6185.97523325 6205.02035059 6212.49086458 6234.48264095
 6244.33631543 6270.28538155 6272.77160844 6282.70298272 6283.72278008
 6287.8344361  6288.26460165 6300.35617033 6307.82635098 6328.05349859
 6330.37422591 6359.50521713 6365.2688022  6369.93292345 6389.37210644
 6406.69202824 6418.16449853 6451.33587928 6468.13673576 6472.07805889
 6483.01853055 6499.13052215 6500.56108511 6506.16343727 6507.80976634
 6508.36219824 6508.54916442 6514.53148226 6537.97252154 6546.3547665
 6563.37162243 6581.28610936 6594.20754256 6599.49182887 6613.36589293
 6618.6444126  6618.82907878 6622.62936894 6630.587315   6640.86602171
 6644.61741199 6648.05186976 6655.99188253 6664.53349374 6672.91893869
 6676.87822843 6682.1542481  6682.16394807]"
13,664851_2023-11-16_A-31,ACAd,True,"[  20.35510286   20.94403467   21.49166658 ... 6691.42742408 6691.48089061
 6691.6658568 ]"
14,664851_2023-11-16_A-35,ACAd,True,"[  20.49146917   22.82826312   24.62685846 ... 6690.25606045 6690.25902711
 6690.26169377]"
15,664851_2023-11-16_A-39,ACAd,True,"[  21.53736646   21.62479957   21.94673207 ... 6691.67395678 6691.69815671
 6691.7299233 ]"
16,664851_2023-11-16_A-40,ACAd,True,"[  20.95703463   22.39263091   24.44425893 ... 6690.4026934  6690.80919235
 6691.15865811]"
17,664851_2023-11-16_A-43,ACAd,True,"[  20.11090349   20.13190344   20.16833668 ... 6669.97481298 6682.46438063
 6686.71400296]"
18,664851_2023-11-16_A-44,ACAd,True,"[  39.51735323   42.5786453    67.35351446 ... 6670.45324507 6687.42626778
 6689.87102811]"
19,664851_2023-11-16_A-48,ACAd,True,"[  24.29999264   24.30379263   24.30642596 ... 6673.28267108 6674.53853449
 6680.89315137]"
20,664851_2023-11-16_A-56,ACAd,True,"[  21.11456756   21.21950062   21.31170038 ... 6690.89839212 6691.38675752
 6691.61759025]"
21,664851_2023-11-16_A-59,ACAd,True,"[  31.73730671   78.91355119  176.46946517  211.99337316  212.054273
  212.08287293  319.66726094  396.78262787  418.14033922  436.243059
  534.82380366  535.48656861  596.07524502  846.25549702  912.86755782
  912.94119097  921.16980299  941.25908429  997.24207262 1038.7525651
 1050.84580045 1053.8226594  1062.81713611 1062.88743592 1064.44769855
 1081.4161546  1081.51572101 1081.53842095 1089.75893299 1090.00139903
 1093.27895721 1094.18012154 1126.37103816 1126.40523807 1139.25570479
 1148.81008004 1157.85582328 1161.36891418 1161.58374696 1170.76402318
 1184.30702143 1184.53035419 1186.17984992 1232.96902873 1255.58567015
 1255.86886941 1255.87700273 1256.29920163 1303.71447882 1313.49138683
 1361.61782885 1377.7878203  1377.93408659 1416.25758732 1497.21317764
 1535.44114529 1619.17252842 1769.52620565 2102.72897596 2333.38981186
 2333.57217805 2355.18998872 2355.31235507 2440.65383403 2566.68744092
 2619.36313782 2619.52827073 2720.49510921 2824.30727366 2827.53826529
 2878.89049895 2884.67811729 2888.523074   2922.18688681 2922.33521976
 2936.97388184 2943.88493061 2943.99986364 2951.55971073 2952.14124256
 2963.61337951 2984.20619284 2988.2348824  2989.5098791  2990.77960915
 3000.37678429 3006.31436891 3006.54113499 3014.79928027 3014.90924665
 3020.91476443 3021.12869721 3021.82099541 3022.25432762 3022.29732751
 3022.70725978 3034.32716302 3037.46715489 3037.54562135 3039.51051626
 3039.76364894 3044.82526916 3044.94730218 3045.83879987 3045.85393317
 3046.14036576 3048.18066047 3057.29697019 3057.81680218 3064.73458426
 3064.87315057 3070.45966943 3070.78750192 3070.86203506 3070.89473497
 3085.95716263 3090.64548382 3091.02924949 3111.35469684 3122.28420187
 3197.93730592 3198.18147195 3198.35593817 3245.79328197 3246.3463472
 3246.89027913 3247.10874523 3247.28741143 3251.18633467 3258.96678118
 3259.02868102 3259.05194763 3259.06581426 3259.40751337 3259.59427956
 3259.68767931 3259.90287876 3276.86670148 3281.80528869 3287.39470755
 3331.44126013 3331.65592624 3331.85572572 3332.12985835 3332.80088994
 3344.08542738 3358.90432233 3360.01068613 3414.18617915 3505.65000891
 3506.31747385 3804.13576914 3805.73899832 3812.53204739 3824.32751684
 3824.34645012 3824.67908259 3827.11494295 3827.14097622 3827.17107614
 3827.24790927 3827.36134231 3827.50207528 3827.56174179 3828.91853828
 3830.22360157 3864.68434564 3864.75424546 3864.91317838 3870.01229851
 3880.75167069 3887.04852105 3897.95405947 3908.68136502 3908.88499782
 3919.39313727 3922.74389526 3922.86152829 3923.45569342 3923.58149309
 3924.13692499 3924.25399135 3930.13797611 3933.53193399 3933.6667003
 3939.72925127 3939.87735088 3940.25711657 3942.8823431  3943.01374276
 3943.11560916 3943.32237529 3943.3708085  3943.67004106 3944.0674067
 3944.18897305 3954.18074717 3954.26221363 3977.51978672 3977.68351963
 4033.82850754 4159.5802485  4159.7326481  4160.13538039 4177.03960328
 4183.89325219 4183.98721861 4194.28842527 4195.03755666 4195.20328956
 4195.25608943 4200.46970926 4200.87387488 4201.32560704 4203.99930011
 4206.71562641 4208.24325579 4228.08173774 4262.15184949 4267.68530183
 4275.30284876 4280.8243678  4281.32229984 4281.39713298 4282.06339792
 4283.00086216 4283.54026076 4294.98509778 4295.08183087 4295.3537635
 4295.83742891 4316.75114141 4317.42953965 4335.53999274 4362.0555574
 4369.91443704 4374.77392446 4374.89309081 4375.20855666 4375.29325644
 4375.46228934 4380.09801067 4381.99213909 4382.2590384  4382.36700479
 4398.33043011 4399.4677605  4407.27764027 4407.47717308 4407.69613918
 4407.80353891 4407.95030519 4414.10412259 4417.29981431 4417.5366137
 4417.60901351 4418.33414496 4418.50894451 4418.69131071 4423.05056608
 4429.85704845 4431.83890999 4431.88930985 4432.02227618 4432.32664206
 4434.65113603 4434.76416908 4434.8569355  4434.98143518 4435.07506827
 4435.21790123 4435.37060084 4436.19566537 4436.39293152 4443.37744677
 4443.55011299 4443.74754581 4444.88524286 4445.04650911 4448.55783335
 4449.32763135 4449.62283059 4450.36482867 4460.2506364  4474.88126517
 4475.66329648 4488.22206395 4488.70986268 4492.10632055 4500.85573122
 4502.70219311 4503.0775588  4503.54662425 4504.94875396 4505.92865142
 4506.65368287 4506.81048247 4508.97297687 4513.07139958 4523.09477362
 4523.11994022 4533.67764621 4533.79174592 4534.38697771 4535.79574073
 4540.27316246 4540.56742837 4540.70646134 4564.79669894 4641.8374994
 4642.01929893 4642.17796519 4654.40160019 4656.69802758 4679.64646814
 4681.32769712 4684.52068885 4684.68612175 4684.94012109 4687.61724749
 4709.53502406 4716.0433072  4716.39660628 4717.14133769 4762.18888768
 4762.24052088 4762.43692037 4935.39737238 4935.67930499 5055.18466212
 5074.7036449  5135.49595411 5135.94088629 5136.58781795 5136.75015086
 5137.49168227 5137.74601495 5137.91991449 5143.04640122 5143.10950105
 5143.1697009  5143.29186725 5143.46073348 5143.72566612 5145.03989605
 5145.34319527 5146.14885985 5146.28472616 5146.61575864 5146.80542481
 5150.56568174 5169.72483212 5169.8470318  5169.88656503 5172.62355794
 5192.17827396 5192.46623988 5193.14810478 5193.56557037 5193.65717013
 5194.08806901 5197.06339464 5197.55872669 5218.25583975 5220.82226644
 5226.10495275 5227.31444962 5228.90931216 5229.21074471 5263.075657
 5286.4320965  5293.57814466 5293.85777727 5351.75996063 5351.93736017
 5352.17792621 5352.3096592  5352.43202555 5352.76205803 5352.97685747
 5353.06559058 5353.91418838 5356.634348   5357.29541296 5357.4588792
 5357.64634538 5357.96394456 5358.35867687 5358.52064312 5358.72314259
 5358.75307585 5363.71029634 5370.94674426 5394.87911561 5395.09198173
 5395.20108144 5395.40281425 5395.54994721 5396.8778771  5397.92154106
 5398.28134013 5398.46913965 5398.53263948 5398.5773727  5398.72233899
 5399.13567125 5399.20470441 5399.27723755 5399.31810411 5399.33140408
 5399.33527073 5399.4516371  5399.55850349 5399.86613603 5400.44766785
 5400.77946699 5425.5498695  5425.69070247 5425.99603501 5426.13616798
 5426.21260112 5427.00776573 5427.37766477 5440.83152992 5445.15021874
 5463.2064053  5468.61042464 5468.70535773 5469.36738934 5475.71750623
 5476.96916966 5479.30486361 5481.04999242 5481.32235838 5481.7791572
 5481.82162375 5482.09575638 5484.19798426 5484.24998413 5484.32331727
 5484.45575026 5484.74691618 5484.88801581 5484.98148224 5485.21031498
 5485.32341468 5485.37801454 5485.57941402 5485.60838061 5485.61904725
 5485.64524718 5485.65514716 5485.69284706 5485.69758038 5485.7012137
 5485.70751369 5485.72274698 5485.73331362 5485.75128024 5485.81228008
 5485.93854642 5486.28167887 5488.42177332 5490.28823516 5490.87296698
 5491.19106615 5492.0611639  5492.66032901 5492.70136224 5492.81439528
 5492.90619504 5493.04596135 5493.37492716 5493.47146025 5493.6048599
 5493.73619289 5493.86772589 5496.67531861 5497.87628217 5500.30277589
 5500.44270886 5500.62210839 5500.8389745  5503.45296773 5505.04469694
 5505.65562869 5506.83979229 5508.2883552  5510.64138244 5510.71208226
 5510.89591511 5511.26421416 5512.04154548 5512.83257677 5513.13424265
 5513.30047555 5513.35110876 5513.49517505 5513.59587479 5513.84034082
 5513.96400717 5514.42420598 5516.88929959 5516.98383268 5517.38139832
 5518.89899439 5519.18812697 5519.31842663 5519.61195921 5519.70159231
 5519.83872529 5519.95789164 5521.40972122 5525.05491177 5525.31307777
 5525.41147752 5525.49304397 5527.16173965 5527.20340621 5527.33730586
 5531.33642884 5533.7439226  5538.44947708 5538.56001013 5538.65597655
 5538.70714308 5538.84847605 5539.08740876 5539.22644174 5540.24913909
 5543.55896385 5543.6808302  5543.85372975 5543.86856305 5543.98589607
 5544.01956265 5544.71806084 5545.84739125 5549.86334752 5550.06661366
 5552.79967325 5553.18930557 5553.44913823 5554.58446862 5555.58003271
 5555.95979839 5556.02853155 5556.09043139 5556.18316448 5556.24176433
 5556.25369763 5556.26436427 5556.26816426 5556.28529755 5556.42013054
 5556.5884301  5556.64939661 5556.66322991 5556.66776323 5556.67149655
 5556.84162944 5556.9220959  5557.0890288  5557.21422848 5557.271695
 5557.36292809 5557.54972761 5557.91069334 5558.78149109 5558.9179574
 5559.43232273 5560.64305293 5560.84821907 5561.41418427 5561.78841663
 5561.94688289 5562.63214778 5562.94001365 5563.10777988 5563.45321232
 5563.64201183 5574.32145084 5577.78404187 5577.90287489 5578.13687429
 5578.47310675 5578.68867286 5578.78597261 5578.93293889 5579.04323861
 5579.46523751 5579.8680698  5584.61999083 5584.66509071 5584.86962351
 5585.05118971 5585.26268916 5586.17042015 5590.27780951 5590.74677496
 5592.11050476 5592.51357038 5592.84903618 5593.01876907 5593.0738356
 5593.16913535 5593.25973512 5593.8070337  5593.97529993 5594.26279919
 5594.39489884 5594.48693194 5594.55039844 5594.67833144 5594.92439747
 5594.98639731 5595.05136381 5595.23343    5595.32689643 5595.43882947
 5595.49922932 5595.79229522 5596.18286088 5597.07455857 5597.46882421
 5597.58305725 5599.77455158 5601.96867923 5602.33247828 5602.71557729
 5604.48110605 5605.39757035 5605.77150271 5607.717031   5607.95119706
 5608.67449519 5608.76622829 5608.83586144 5608.85456139 5609.17646056
 5609.71995915 5610.1905246  5610.43135731 5615.42991103 5615.64124381
 5615.76964348 5615.8891765  5616.10124262 5617.42387253 5617.8597714
 5618.42843659 5620.76306388 5621.10799632 5621.92526087 5622.03769391
 5622.46745947 5623.84645589 5624.06258867 5624.27625478 5625.82501744
 5625.92165052 5626.04875019 5626.1076167  5626.23958303 5626.56358219
 5626.91498128 5627.04481428 5627.11328077 5627.30744693 5627.90324539
 5632.81503266 5635.47259245 5636.02812434 5636.2100572  5636.69788927
 5637.71251998 5640.35347981 5640.94241161 5641.29934402 5641.42791036
 5641.56224334 5641.71654294 5641.81970934 5642.10217528 5642.29784144
 5642.44657438 5642.62334059 5643.99353704 5644.72583515 5645.83043229
 5649.92695501 5650.33345396 5651.65505053 5655.55700709 5659.11139789
 5660.29079483 5660.36689464 5660.92405986 5661.07372614 5661.18002586
 5661.22032576 5661.32722548 5662.026657   5662.19158991 5663.10478754
 5663.97035197 5671.28819968 5672.89919551 5673.0198952  5673.15516151
 5673.24219462 5677.96521572 5678.11741533 5678.35111472 5678.53371425
 5678.69738049 5678.78798026 5679.47251182 5681.1268742  5681.21604063
 5681.67367278 5681.71413934 5688.01685635 5688.57378824 5688.6284881
 5688.8234876  5692.22684545 5693.13227644 5693.25100946 5693.4944755
 5694.14167382 5699.93855881 5700.10512504 5701.95798691 5707.93673809
 5708.32733708 5708.62343631 5713.90032265 5714.19155522 5714.84665353
 5717.16541419 5724.66456143 5731.4990104  5734.01017056 5749.09056483
 5749.30399761 5749.42306397 5753.57911987 5753.66791964 5753.71375286
 5753.79885264 5770.46050948 5771.44827359 5783.66084196 5785.86923624
 5792.16301994 5792.41558595 5792.90598468 5792.99468445 5793.66504938
 5793.8644822  5794.24901453 5815.43302633 5815.92709172 5816.23122426
 5818.63065138 5838.09946762 5838.80333247 5838.92516548 5839.03359854
 5839.21816473 5839.28329789 5839.71486344 5839.95832947 5840.20812883
 5845.7913477  5866.93235961 5889.75923382 5890.39683217 5892.26982732
 5913.95540448 5914.17507058 5916.89336354 5933.94378604 6120.38040315
 6121.0180015  6124.65522541 6136.66942763 6143.93097549 6145.59443785
 6155.42467905 6169.63557558 6169.77920854 6170.17717417 6170.57423981
 6191.96921773 6227.3710927  6276.14423304 6296.92354589 6316.94779402
 6318.69015618 6347.72234765 6348.81637815 6348.87231133 6348.88814463
 6349.00827765 6349.06217751 6349.17934387 6349.3220435  6351.51077117
 6351.76400384 6352.05766975 6377.10463821 6385.58571624 6385.73958251
 6385.7956157  6385.83871559 6386.20124798 6386.53851377 6386.71417999
 6386.9271461  6387.47481135 6388.24554269 6388.30690919 6388.45374215
 6388.77350799 6394.1858273  6394.3534602  6394.64595944 6400.26634489
 6432.00922933 6432.26962866 6460.65948846 6526.56278443 6569.3527736
 6569.52937314 6576.20745585 6576.30985558 6580.24571205 6580.34794512
 6580.55817791 6580.67664427 6580.80894393 6581.02967669 6581.22207619
 6581.61804183 6581.79017472 6582.61870591 6596.73166935 6597.15340159
 6606.53734395 6608.38683916 6608.57050536 6608.65983846 6610.18510117
 6610.38016733 6611.20693186 6611.33883152 6611.76219709 6617.66401514
 6618.18961377 6629.10045218 6629.39538475 6629.8261503  6630.02851644
 6631.613579   6632.37377704 6646.36094081 6646.53917368 6646.68680663
 6646.87300615 6647.00330581 6647.08730559 6648.28383583 6648.9114342
 6676.3866297  6685.98063819 6686.04857135 6686.19673763]"
22,664851_2023-11-16_A-60,ACAd,True,"[  22.9888627    23.7372941    24.41429234 ... 6690.23089385 6690.61769284
 6691.16239143]"
23,664851_2023-11-16_A-61,ACAd,True,"[  20.43583598   21.26260051   21.70963268 ... 6690.72282591 6690.94285867
 6691.19202469]"
24,664851_2023-11-16_A-70,ACAd,True,"[  20.33200292   20.89010147   21.67069945 ... 6690.31779362 6691.19309135
 6691.6637568 ]"
25,664851_2023-11-16_A-71,ACAd,True,"[  20.34930287   20.3796028    20.47143589 ... 6691.60782361 6691.67139012
 6691.71998999]"
26,664851_2023-11-16_A-79,ACAd,True,"[  20.13767009   20.86100155   21.06440102 ... 6683.01551253 6690.88142549
 6691.43299073]"
27,664851_2023-11-16_A-81,ACAd,True,"[  20.17330333   20.30426966   20.30616965 ... 6691.45779067 6691.65029017
 6691.65912348]"
28,664851_2023-11-16_A-86,ACAd,True,"[  24.73292485   33.17380299   42.81881134 ... 6687.4553677  6688.6929645
 6689.03433028]"
29,664851_2023-11-16_A-91,ACAd,True,"[  20.26730309   20.32840293   21.46189999 ... 6690.74362585 6690.90875876
 6690.98395856]"
30,664851_2023-11-16_A-105,MOs,True,"[  20.19416994   20.83793494   20.88390149 ... 6691.21245797 6691.32492435
 6691.76962319]"
31,664851_2023-11-16_A-110,MOs,True,"[  20.36643616   23.52059466   31.36184102 ... 6677.57539329 6680.03705358
 6685.88267178]"
32,664851_2023-11-16_A-111,MOs,True,"[  31.05664181  102.08002452  103.13842177  110.71363549  293.69412822
  332.53732761  351.17701266  368.10866881  376.66251332  454.25411235
  459.53183201  491.1688834   494.95047361  519.87874237  523.98219841
  598.4878721   599.49476949  620.33398218  624.36520508  626.47156629
  639.84059833  731.72486034  768.26233237  798.80441993  803.65590736
  839.42458138  873.4438266   876.40541893  898.42582856  918.7712092
  924.73652708  936.92189552  941.6003834   952.29782236  952.31638898
  961.48549857  961.49029855  961.58976496  961.62879819  963.76285933
  966.08941997  966.2221863   974.48066491  974.52119813  974.58489797
  974.58806463  981.53171331  981.62884639  983.8897072   991.93171971
  998.90680164  999.02976799  999.05906791 1008.0099114  1009.04510871
 1013.65616344 1013.73002991 1017.12495445 1019.16944916 1026.30913067
 1027.70752704 1027.7490936  1035.93443907 1037.11066935 1039.5008965
 1044.04221807 1051.29313262 1052.52806276 1052.54779604 1052.59982924
 1112.38830771 1128.78013192 1171.04625578 1257.58443164 1343.22394316
 1397.21943664 1425.94089558 1495.77934802 1517.6016915  1656.6425647
 1666.36247286 1800.95825758 1806.53564313 1873.39860328 2018.67346034
 2067.19056801 2107.87592929 2124.0380541  2159.40489583 2214.34552019
 2277.01435787 2277.46769003 2303.19125674 2304.56698651 2308.65377592
 2316.95465442 2322.37854038 2322.55603992 2330.07172045 2332.21724823
 2335.72503914 2338.48816532 2339.25113001 2345.83111296 2355.12642222
 2356.67768487 2368.27065484 2374.8248712  2378.50262834 2389.10980087
 2393.20255693 2393.79558873 2401.48506882 2411.43160972 2412.03220816
 2412.83810608 2447.7969822  2478.18157016 2510.82935227 2541.42433969
 2561.83692015 2577.40604649 2577.90411187 2579.03290895 2601.45745087
 2621.01070022 2621.89993125 2683.31510551 2718.26394832 2754.68112067
 2819.08615385 2822.4633451  2823.45197588 2837.2021736  2840.08019947
 2843.45159074 2846.52184946 2854.97809422 2860.02241449 2860.51004656
 2862.36374176 2873.60097932 2873.8002788  2877.11563688 2878.63823294
 2892.85532945 2897.40021768 2909.03802087 2909.34455341 2925.62681123
 2927.97253849 2936.94251526 2937.10581483 2939.74257467 2951.99777626
 2953.69667186 2955.59470028 2956.39183155 2959.88475583 2960.13638852
 2967.01040405 2973.32455436 2985.50632281 2991.56604044 2994.56446601
 3000.34718437 3001.07048249 3001.44774818 3003.56407603 3009.42452752
 3021.42629644 3021.54302947 3027.3196145  3028.45891155 3028.77831073
 3035.4023269  3052.0804837  3054.26774471 3054.39734437 3057.43170318
 3058.77976635 3064.62398455 3065.0545501  3073.47399496 3077.98004996
 3078.03761647 3078.64814823 3080.80867596 3087.08672637 3090.41758441
 3096.00940326 3104.94048013 3117.25984822 3120.84177227 3138.82589236
 3151.07846062 3151.20912695 3151.4202264  3152.32779072 3153.9581865
 3159.35510585 3160.49050291 3170.36851066 3185.27927204 3189.10899545
 3189.47326118 3195.23487959 3197.7023732  3205.25305364 3205.42211987
 3216.45659129 3216.75319052 3223.72423913 3239.97333038 3240.59132878
 3247.34614461 3252.09056566 3256.04032209 3256.33998798 3274.37084128
 3276.69753526 3283.22298502 3302.52743502 3303.15806672 3315.8549005
 3316.53426541 3317.0892973  3317.59442933 3317.97326168 3331.83712577
 3332.04242524 3332.30945788 3336.01754828 3336.91697928 3337.87254347
 3346.83672026 3348.94084814 3351.07114262 3352.32377271 3358.12519102
 3359.24345479 3359.87051983 3360.15431909 3368.99749619 3372.88405279
 3373.40321811 3383.34915902 3386.92998308 3389.07181086 3389.38401005
 3408.18486136 3439.54191347 3439.71311303 3445.90783032 3448.0370248
 3448.11022461 3448.83798939 3451.89531481 3467.70490719 3472.53852801
 3491.88821122 3494.3668048  3496.60536567 3512.17172535 3515.86528245
 3517.23127892 3524.47839348 3529.39344741 3536.70629514 3589.81815757
 3639.79882812 3646.2285448  3693.25095634 3744.1252579  3755.75862777
 3764.37473879 3858.42769518 3863.65948163 3895.4186327  3902.46874778
 3911.12535869 3914.67581616 3914.90218224 3920.80643361 3922.57246237
 3924.46725746 3924.95672286 3927.89441525 3933.43603423 3936.2944935
 3936.87422533 3936.98935836 3949.59842571 3952.09408591 3959.63209972
 3960.11246514 3960.9269297  3965.2119186  3966.31131575 3975.75545796
 3980.36867934 3987.91852645 3994.20497684 4012.53092937 4060.33830554
 4133.85394846 4134.56524662 4137.03597356 4140.53956448 4148.32647765
 4149.86874032 4160.58127924 4169.67492235 4171.08618536 4175.32444105
 4178.73509888 4182.90382142 4186.05954658 4186.6042785  4187.38384315
 4188.01867484 4190.53343499 4196.82701869 4203.22583545 4203.42443494
 4203.60986779 4203.90610036 4208.44938859 4210.12398425 4210.75001596
 4218.38902951 4218.66369547 4223.67424915 4226.36404219 4237.49504669
 4238.18461157 4250.33931342 4254.69093548 4255.61016644 4257.22302893
 4263.09398039 4263.18378015 4276.01998024 4276.31307948 4276.97221111
 4277.32104354 4285.64582197 4287.42448403 4287.51221714 4295.30319696
 4295.59092955 4296.40066078 4304.38467344 4327.05184806 4331.18707068
 4338.00345303 4338.57635155 4338.68678459 4343.78847138 4343.80987132
 4347.2162625  4348.27689309 4349.6983894  4360.24619542 4362.18902372
 4366.04984705 4368.11530837 4368.3729077  4381.13624131 4387.3967251
 4393.11191029 4394.21494077 4403.55194992 4425.31219356 4436.97313002
 4438.36769308 4439.69488964 4446.55080521 4459.47550507 4468.54088159
 4470.76307583 4474.76956546 4480.34041769 4481.15568225 4482.19874621
 4484.69617308 4494.07011547 4498.4450708  4513.58899824 4515.75389264
 4518.56991868 4529.88892269 4534.28184465 4538.88649939 4540.82099438
 4605.17942768 4614.41917042 4632.8430227  4637.31317779 4640.82356869
 4642.34616475 4644.41539272 4665.69483761 4671.20102335 4675.30144606
 4675.51751217 4676.12697725 4676.29434349 4685.49231966 4694.16133054
 4696.36352484 4696.59525757 4700.31148128 4705.99353323 4710.85955396
 4710.96728701 4711.22938633 4712.68254924 4713.92604602 4739.8900121
 4766.54680972 4794.20017143 4861.52346372 4914.97545861 4919.65981314
 4955.31658746 5000.39973735 5020.4450521  5026.3021036  5032.85808662
 5042.92442721 5045.74868656 5048.39114638 5049.06371131 5074.95701091
 5091.50286805 5107.93652549 5109.72365419 5124.4943826  5136.76035083
 5147.93508855 5162.14801841 5173.53615558 5176.59928098 5178.74724208
 5185.22159198 5187.20092019 5193.37367086 5193.55567039 5198.67062381
 5199.1246893  5204.73757476 5204.94800755 5207.06680206 5210.91759209
 5234.88183002 5249.65279176 5335.97030152 5347.89263731 5357.50551241
 5360.57767112 5372.02584147 5379.41902232 5379.94532096 5385.02277447
 5393.51945247 5393.87555154 5397.73377488 5401.03839966 5402.13886347
 5418.45465455 5432.78901742 5451.75010164 5452.91909861 5455.26502587
 5461.26561033 5461.44800986 5464.50383527 5477.27590219 5499.64541092
 5515.16403739 5515.73016926 5534.9918527  5547.78421957 5559.74092193
 5565.14320794 5596.1223277  5603.96534072 5608.87272801 5613.0195506
 5625.22875231 5638.86058367 5656.99360337 5671.55359899 5671.61529883
 5672.12159752 5699.99099201 5702.62261852 5702.76838481 5704.97631243
 5707.52457249 5707.8044051  5717.99327871 5743.08061373 5751.91882417
 5754.32915126 5782.64504459 5788.3561298  5792.35098612 5793.44794994
 5800.80569755 5820.03508108 5820.95214537 5821.11444495 5821.83910974
 5821.91544287 5822.01957594 5827.11819607 5832.89771443 5841.48645885
 5842.80022211 5845.39268207 5847.73894266 5864.28143314 5865.13103094
 5878.92492855 5886.09244332 5887.87620536 5888.94986925 5897.5123804
 5927.63926904 5949.06874687 5951.92190614 5953.35700243 6019.83783023
 6035.43198984 6038.64421486 6083.88526435 6093.29860663 6093.36777312
 6121.36166728 6143.216844   6157.88683934 6195.75200793 6219.91081202
 6222.65003826 6259.37614314 6265.6308936  6272.99247454 6280.665288
 6284.22304545 6303.28099609 6310.32827783 6326.10590364 6343.77079121
 6344.68802217 6353.51473264 6384.04435357 6404.55740044 6429.70313531
 6461.58955272 6488.23018372 6494.95569963 6505.96630444 6540.23961567
 6572.97963087 6579.81194651 6579.81687983 6579.84927975 6584.46013447
 6585.72799785 6589.34175516 6608.1781397  6610.48303374 6617.51551552
 6620.91460672 6620.95283995 6639.70309139 6642.13428509 6646.0538416
 6648.1385362  6652.92455714 6656.30961504 6664.53296041 6664.54416038
 6664.60249356 6690.31859362 6691.06279169]"
33,664851_2023-11-16_A-112,MOs,True,"[  30.99924196   31.02080857   31.02364189 ... 6685.74863879 6685.81287196
 6690.33182692]"
34,664851_2023-11-16_A-113,MOs,True,"[  31.08194174   70.57287279   70.57540612 ... 6687.45730103 6689.10466343
 6690.61722618]"
35,664851_2023-11-16_A-117,MOs,True,"[  20.59373557   20.71873525   20.92490138 ... 6691.51019053 6691.58702367
 6691.6505235 ]"
36,664851_2023-11-16_A-120,MOs,True,"[  20.15720337   20.29876967   20.44290263 ... 6691.37685754 6691.56742372
 6691.64905684]"
37,664851_2023-11-16_A-127,MOs,True,"[  20.37753613   20.38250279   20.69650197 ... 6691.38892418 6691.47509062
 6691.72385665]"
38,664851_2023-11-16_A-133,MOs,True,"[  20.2490698    20.37566947   20.54140238 ... 6688.42653185 6688.68386452
 6689.22936311]"
39,664851_2023-11-16_A-137,MOs,True,"[  20.27093641   20.90110144   21.75543256 ... 6686.04313803 6687.97376636
 6690.6595594 ]"
40,664851_2023-11-16_A-142,MOs,True,"[  20.13603676   20.14567007   20.23086985 ... 6689.2181298  6691.0871583
 6691.24595788]"
41,664851_2023-11-16_A-145,MOs,True,"[  27.58238414   27.94851652   28.58051489 ... 6690.61502618 6690.74335919
 6691.76555654]"
42,664851_2023-11-16_A-146,MOs,True,"[  21.18006739   21.32760034   22.6047637  ... 6690.63002615 6691.0871583
 6691.18565804]"
43,664851_2023-11-16_A-151,MOs,True,"[  20.38406945   20.48530252   20.49880249 ... 6690.22602719 6690.34226022
 6690.96495861]"
44,664851_2023-11-16_A-152,MOs,True,"[  23.25242869   23.42686157   23.51376134 ... 6687.21656832 6687.24926824
 6687.33683468]"
45,664851_2023-11-16_A-153,MOs,True,"[  22.58106376   38.64318882   41.32664854 ... 6687.98583299 6688.00159962
 6688.12476597]"
46,664851_2023-11-16_A-157,MOs,True,"[  20.65100209   20.83303495   21.05216772 ... 6690.97372526 6690.99882519
 6691.07295833]"
47,664851_2023-11-16_A-159,MOs,True,"[  29.06954695   30.26364386   30.68690943 ... 6690.40222674 6691.40395747
 6691.41965743]"
48,664851_2023-11-16_A-173,ACAv,True,"[  20.43230266   20.79846838   20.92180139 ... 6689.94836124 6689.95446123
 6690.63245947]"
49,664851_2023-11-16_A-187,ACAd,True,"[  20.70060196   49.1810282    49.39046099 ... 6680.14061998 6680.21915311
 6680.69871854]"
50,664851_2023-11-16_A-192,ACAd,True,"[  40.14168494   44.02560822   60.31276603 ... 6689.81259493 6690.48422652
 6691.58842366]"
51,664851_2023-11-16_A-194,ACAd,True,"[  22.59419706   43.62427592   43.73300897 ... 6659.90550573 6670.0712794
 6687.1087686 ]"
52,664851_2023-11-16_A-196,ACAd,True,"[  20.48333586   21.48756659   24.1354264  ... 6655.55818365 6655.73998318
 6675.4225322 ]"
53,664851_2023-11-16_A-201,ACAd,True,"[  20.5178691    20.61696885   21.23850057 ... 6691.72182332 6691.74592326
 6691.77705651]"
54,664851_2023-11-16_A-203,ACAd,True,"[  57.47914004  150.46053254  190.14726308 ... 6686.74616954 6688.00676627
 6688.49316501]"
55,664851_2023-11-16_A-206,ACAd,True,"[  25.18015703   29.19647996   38.8204217  ... 6679.36088867 6680.11132006
 6688.67409788]"
56,664851_2023-11-16_A-207,ACAd,True,"[  20.12380346   23.34046179   25.41635642 ... 6686.56900333 6686.59496993
 6691.09645827]"
57,664851_2023-11-16_A-210,ACAd,True,"[  30.08797765   32.39450501   32.53133799 ... 6685.87833845 6686.03667138
 6687.20710168]"
58,664851_2023-11-16_A-216,ACAd,True,"[  37.44102527   42.42114571   62.62169338 ... 6684.51710865 6686.16807104
 6688.74106437]"
59,664851_2023-11-16_A-230,MOs,True,"[  20.18866996   21.90679884   25.32132333 ... 6670.65367789 6672.44577325
 6685.49137279]"
60,664851_2023-11-16_A-233,MOs,True,"[  24.49905879   24.66195837   24.82595795 ... 6689.60009548 6689.76529505
 6690.02302772]"
61,664851_2023-11-16_A-235,MOs,True,"[  23.97822681   31.05640847   31.19127479   40.10071838  112.63919717
  146.86414185  191.76795888  200.69580242  234.67471441  234.99764691
  239.02860314  267.6002958   289.96080455  306.75066106  317.72426597
  323.31391816  390.5170441   390.62004383  414.81448117  500.10529359
  544.35807897  566.62285463  581.02795066  581.46951618  581.60124917
  581.80644864  582.88071252  589.79596128  591.89352251  622.89580888
  624.68223759  691.88749685  703.7356995   713.67617375  720.73058881
  751.76100844  755.19353288  794.11113208  814.36927961  827.94517778
  844.67693445  848.64599083  853.78947751  919.8918063   928.86174973
  932.12497461  938.17239228  938.26882537  942.04141559  949.86866199
  949.98269503  951.08215884  952.25132248  961.57806499  966.12048656
  969.76384379  974.43493169  983.9553737   984.05110678  984.08937335
  987.00833246  992.10311926  992.12335254  995.41861067 1009.04417538
 1013.61343022 1017.08788788 1019.45581508 1020.56304555 1031.33025099
 1031.38558418 1034.07801054 1037.10050271 1037.10436937 1051.30156593
 1052.48366287 1052.67159572 1084.17921411 1093.51158994 1100.27847241
 1106.31265678 1147.39815037 1221.97729053 1250.75578266 1267.36493964
 1276.26568325 1298.96542446 1299.64518936 1310.96909337 1315.53071488
 1317.57730958 1326.11398747 1326.26615375 1326.8887188  1330.08567719
 1331.91907244 1335.83909562 1344.21490726 1355.83527716 1363.76828994
 1389.69098947 1427.21272562 1431.57321432 1433.41434289 1439.61946015
 1449.59216765 1459.27477591 1466.23635787 1474.02060438 1479.82268935
 1509.29807967 1540.58296531 1544.09952287 1554.07926369 1592.64383047
 1605.71682994 1611.3445487  1613.37864343 1642.47076808 1664.28611157
 1668.29723452 1672.49559031 1739.86451582 1740.08064859 1755.08070974
 1755.15440955 1766.81977933 1781.66207422 1784.22833424 1793.11394456
 1820.50884027 1823.38986614 1828.22772028 1856.90427934 1858.74870789
 1859.25570658 1871.31520868 1871.81354072 1872.62320529 1888.17056502
 1890.14209325 1911.5737044  1916.51582494 1934.87431072 1964.02250189
 1970.67931798 1981.54952316 1986.37877732 1993.41099244 1994.74895564
 2002.35656927 2025.88804165 2031.50926042 2055.36326531 2057.70035925
 2058.81335637 2104.68773755 2129.07770771 2144.25563507 2152.45374717
 2184.67353038 2197.31886429 2205.87177547 2221.10206936 2253.46428554
 2298.91016783 2302.05019303 2308.43784315 2318.84908285 2334.13064327
 2338.00839989 2341.07379195 2351.65446455 2360.18060913 2364.69403077
 2374.62907171 2384.8887118  2386.92400653 2389.81153238 2394.45132037
 2394.81455276 2397.27787971 2420.79478547 2438.53937284 2440.42320129
 2442.72652866 2446.83661802 2451.90243823 2452.07140446 2456.33142676
 2469.98102474 2470.07205783 2471.62055382 2480.67306371 2492.12466738
 2504.33843575 2517.64266795 2526.38614531 2526.43307852 2538.13304822
 2543.10563534 2543.13913525 2543.51386761 2551.39768053 2557.133599
 2559.69715903 2562.82811759 2564.37754691 2568.56636939 2574.05518851
 2574.07368846 2579.82044024 2581.25696985 2584.93539366 2588.05771891
 2597.4433946  2604.17824382 2620.29230208 2620.37640186 2624.95335668
 2640.04525092 2648.24649634 2652.3423524  2658.65450272 2682.08937535
 2701.44192523 2703.01422116 2706.3060793  2717.46581706 2742.78248482
 2773.34737232 2775.45446686 2780.19332125 2782.1061163  2786.8823706
 2788.09143413 2805.4253559  2807.74761655 2811.41957371 2813.53736822
 2829.41949375 2832.08755351 2834.75541327 2836.17197626 2837.97170494
 2845.63085176 2856.74085632 2873.7516456  2892.35833074 2904.67303217
 2922.31591981 2927.76247237 2930.61966497 2937.91521274 2942.87739989
 2943.32426539 2948.46175209 2959.43915699 2965.22350867 2971.52875901
 2973.08102165 2979.73327109 2980.78140171 2984.19465954 2990.82274237
 3008.79362916 3016.77544182 3018.50817066 3027.46914745 3031.53700358
 3032.94699993 3036.91575632 3037.99512019 3038.86585127 3042.17830935
 3071.16623427 3090.46421762 3095.49993791 3095.59380433 3108.9512364
 3111.77712908 3118.81731085 3122.00996925 3124.1909636  3135.23883498
 3156.7125127  3168.27881607 3168.33684926 3175.36726438 3181.48761519
 3183.78870923 3189.26312839 3190.8157577  3194.7415142  3204.18282308
 3207.8685802  3220.36038118 3237.53217003 3244.13155294 3244.1610862
 3249.76557168 3250.59933619 3258.24704971 3271.14011632 3272.94721164
 3273.40151046 3292.73339372 3302.8450342  3321.20821997 3322.1233176
 3338.60587491 3338.72514126 3345.76168971 3355.70006396 3356.69109473
 3360.66255111 3361.13414989 3365.26527252 3373.83888365 3376.40014368
 3385.06542124 3402.76550873 3408.12069486 3419.83376452 3422.62682395
 3424.97128455 3426.65158019 3426.80094647 3427.15234556 3427.41064489
 3441.58544151 3446.88392779 3449.1823885  3457.2383343  3466.12777795
 3477.04821633 3478.51454586 3480.86317311 3485.07602887 3496.28833316
 3498.61902712 3498.7548601  3501.87321869 3506.23527406 3515.28491729
 3530.83657701 3537.4421599  3537.75319243 3539.00812251 3544.05377611
 3545.08657343 3546.5804029  3559.82000194 3561.45159771 3570.13657522
 3580.07521614 3581.56707895 3582.10667755 3584.2094721  3586.90969844
 3588.38226129 3589.73852445 3604.85968528 3626.71406201 3635.68350544
 3636.5517032  3636.94046886 3638.88233049 3640.17596048 3646.83607656
 3647.22167556 3650.10363476 3657.87321464 3667.4509565  3671.6445123
 3672.50797673 3674.40393849 3676.99249845 3691.07619531 3693.88655469
 3694.84711887 3704.00669515 3708.71008297 3726.14900446 3728.04383289
 3744.83808939 3749.62464366 3752.196637   3754.11803202 3755.42706196
 3758.83138648 3765.82086838 3776.00054201 3779.72419903 3794.98969283
 3803.13190507 3805.69139844 3806.25283032 3813.19021235 3815.78663896
 3817.87023356 3823.61238536 3827.1202096  3832.09996337 3833.83812554
 3846.58295919 3856.93309905 3858.61336137 3870.25879787 3875.88854996
 3886.63855544 3888.66021688 3889.21494877 3900.89965184 3902.91284663
 3919.94120252 3924.05912519 3941.63197967 3942.87960977 3945.20273709
 3946.6168001  3950.68898955 3971.91070125 3974.85419362 3976.95675484
 3994.78430867 3995.25637411 3997.67010119 4004.84178262 4010.56846779
 4032.34147806 4032.64627727 4035.33540364 4047.66753836 4049.09783466
 4059.75590705 4077.26489504 4085.11877469 4096.70931134 4108.01508206
 4122.25397851 4148.99780924 4154.16359586 4159.49681538 4161.7424429
 4187.23184354 4204.64199845 4231.94099441 4253.36717225 4269.86556285
 4277.75647574 4308.43476295 4337.20642176 4342.8164739  4362.68278911
 4366.11258022 4377.14295165 4383.5197018  4391.19038194 4393.52610922
 4408.35227082 4417.48431383 4426.20612457 4451.42895925 4452.58885624
 4457.22854422 4462.18563138 4466.64151984 4480.60185035 4494.03088224
 4501.96502835 4504.22998915 4513.18779928 4533.57047982 4541.28795983
 4598.77974426 4612.55467525 4617.98249452 4618.94729202 4638.38324168
 4643.76192775 4652.90800406 4667.50559958 4689.27820986 4695.58986018
 4703.32814013 4713.34601419 4713.5077471  4718.90859978 4738.07151681
 4738.92014795 4751.91614762 4770.11406715 4779.89297516 4803.6857802
 4806.28297347 4811.48442666 4821.05960186 4853.04741901 4859.50466895
 4895.55480891 4913.30389627 4921.64944132 4935.70697158 4941.90168887
 4944.1151498  4957.59404822 4968.98105206 5011.35597564 5015.25149889
 5019.01112248 5030.50185939 5053.60266622 5066.25520011 5073.1959488
 5077.54743753 5086.08001543 5088.51887578 5090.75373666 5101.71130828
 5116.78656923 5118.36409848 5123.91415077 5136.6558511  5145.17269571
 5148.36028745 5148.80825296 5151.15951354 5154.02173946 5178.43614289
 5188.74861618 5190.4516451  5190.86124404 5210.99702522 5212.60072106
 5213.47548546 5217.28954225 5231.83767124 5239.01545265 5248.37062842
 5258.55336871 5264.9671521  5275.96409028 5281.36957628 5288.50412447
 5301.31342462 5303.23325298 5308.50847265 5313.47529312 5319.54777739
 5324.39589817 5324.45243136 5331.88777876 5340.95985527 5349.04610099
 5354.41665375 5354.72015296 5354.89728583 5362.47803287 5382.89404665
 5385.10214093 5390.51676024 5435.09894477 5457.19192088 5457.25832071
 5460.14747989 5462.79600637 5474.93530826 5477.72170104 5482.91688758
 5487.14044331 5488.56147296 5493.53276009 5500.65350831 5502.91600245
 5517.15386557 5522.69805121 5537.36101323 5541.56076902 5544.89909371
 5551.75450929 5564.9801417  5572.60078863 5580.47140157 5597.40582438
 5625.04951944 5626.25468299 5628.57727697 5634.36042866 5638.19511873
 5641.30304401 5646.78609648 5661.97155715 5678.84528011 5695.8620027
 5700.09799173 5702.15741973 5710.98549686 5732.40170806 5733.30543905
 5747.78163489 5754.87124986 5757.19191052 5789.42752702 5789.43922699
 5795.42831148 5801.67852862 5803.10122494 5806.28765002 5818.33405215
 5848.22427473 5849.43253827 5852.91072926 5854.32042561 5855.9984546
 5856.28478719 5879.87779275 5882.92751818 5886.51670888 5892.20106083
 5892.88735905 5897.64491339 5916.14206548 5918.46212614 5919.22349084
 5933.83608632 5933.85048628 5940.51460236 5950.80460904 5978.64750359
 5980.01026673 5985.18881998 6008.13499388 6011.20328593 6017.21283703
 6037.73648388 6041.1499417  6046.92566007 6050.08998521 6052.77964491
 6053.06274418 6054.9973725  6077.28158145 6095.14040186 6101.87855107
 6103.49488022 6104.83384342 6120.56686934 6126.49022066 6130.47641034
 6132.05923957 6137.66069173 6137.8649912  6141.14234938 6144.26784128
 6152.17328747 6161.54509653 6169.82577508 6171.8383032  6182.65514185
 6188.63135971 6191.05245344 6192.90878196 6193.86054616 6194.92547674
 6200.06526343 6207.93194305 6215.95302228 6222.08953972 6242.73911956
 6258.79427798 6260.77880617 6262.27576896 6266.97739012 6278.1165946
 6282.67818278 6289.38449875 6291.50892658 6299.99627126 6300.68263615
 6308.1029836  6311.61824116 6312.5277388  6315.88256345 6317.98432467
 6324.13197541 6365.05886941 6376.86860549 6378.75186728 6391.04270211
 6402.83063824 6411.93628133 6412.12874749 6413.24517794 6422.49762064
 6439.45307672 6441.29440528 6454.88697008 6490.45937794 6490.86834355
 6495.0056995  6505.62617199 6514.16704987 6514.30398285 6523.07336014
 6530.6547405  6531.4789717  6532.77766833 6542.24594381 6547.3586639
 6550.15708999 6565.23118428 6577.63068549 6577.91988474 6579.93491286
 6589.42262162 6594.3202756  6603.51211846 6614.86755571 6623.17573419
 6630.585915   6633.81030665 6640.94918816 6661.05766941 6661.09383598
 6677.76119281 6682.66378011]"
62,664851_2023-11-16_A-248,MOs,True,"[  20.37506947   20.54650236   21.15076746 ... 6689.72746182 6690.12836078
 6690.86222554]"
63,664851_2023-11-16_A-251,MOs,True,"[ 361.87575162  389.88404574  667.40486027  934.69540129  966.07715334
 1020.68881189 1039.50269649 1046.64154467 1140.05250272 1241.58280642
 1273.78528968 1302.19798275 1347.86273114 1566.07016596 1584.5243515
 1594.80015821 1658.15286079 1705.11613915 1719.91176749 1772.43249813
 1805.06308028 1826.33072519 1918.72358588 2000.31320789 2007.36202297
 2017.26523065 2038.68794183 2041.76453386 2053.63446978 2120.98692867
 2264.98225571 2305.95404958 2331.86081582 2335.53207297 2350.22006826
 2350.31106803 2369.66395124 2372.28187779 2374.86853775 2381.9685527
 2394.54938678 2414.73736782 2437.85204129 2459.26911915 2471.6934203
 2471.72785355 2491.94090119 2498.96878299 2505.0528339  2529.0908383
 2548.01482262 2549.2184195  2551.45028039 2559.26482682 2561.93355324
 2585.81855804 2592.82563989 2605.42037393 2605.95217256 2625.46262202
 2646.88019988 2647.44409842 2653.99004813 2756.79451519 2809.49511203
 2813.58713476 2819.46045288 2864.81380208 2864.84813532 2898.54984803
 2908.73212166 2928.93706933 2937.45844725 2940.1195737  2941.59933653
 2946.37889082 2949.80614861 2984.92385765 2992.29653855 3015.47747851
 3052.53028254 3052.74908197 3057.14833725 3057.97903509 3097.4582995
 3106.03191063 3116.11718451 3126.1858251  3128.07225354 3128.08395351
 3128.09915348 3134.46683698 3135.30256815 3166.249388   3166.28085458
 3166.28505457 3166.32522113 3166.34058776 3166.80368656 3173.42656941
 3242.03982502 3282.18155439 3283.03945216 3291.13956452 3293.26609234
 3307.90588776 3307.90948775 3334.07081999 3346.57312094 3366.59403575
 3386.28775141 3398.15025401 3402.11481041 3406.14213331 3406.85769813
 3407.10219749 3407.85382888 3411.19982021 3415.25997637 3416.7276059
 3418.49263466 3419.00006668 3419.88753105 3419.93799758 3422.45019107
 3431.25366827 3449.36092137 3450.57591823 3451.19548329 3451.306083
 3458.71869714 3463.50245141 3469.07587031 3486.10915952 3486.47975856
 3496.53959918 3498.70159358 3500.92518782 3517.12024587 3519.39283998
 3537.52795968 3564.78462241 3565.85398631 3566.29038518 3592.14071823
 3596.6299066  3596.83173941 3596.85630601 3596.93003915 3597.13990528
 3597.26767161 3598.38416872 3598.51523505 3620.68814428 3634.70700797
 3634.73744123 3634.76990781 3634.80590772 3634.84580761 3634.88460751
 3636.20717076 3636.70603613 3637.06043521 3637.20380151 3639.84346134
 3646.70531023 3646.79114334 3647.05204267 3647.16017572 3647.21540891
 3648.31207274 3656.5872513  3656.64575115 3672.10257778 3672.14737767
 3672.20261086 3672.26741069 3672.32641054 3672.35421046 3672.37141042
 3672.38517705 3672.3909437  3672.40491033 3672.41091032 3672.42154362
 3672.42584361 3672.43464359 3672.44851022 3672.47827681 3672.60734314
 3672.61620979 3672.62710976 3672.63277641 3672.64430971 3672.66090967
 3672.67024298 3672.77507604 3673.06024197 3673.28624138 3673.77387345
 3673.81884    3673.89370648 3673.92137307 3673.93957302 3674.34173865
 3674.38773853 3674.44470505 3674.63020457 3674.74273761 3674.76110423
 3674.80850411 3674.85113733 3674.99623695 3675.01293691 3675.06147012
 3675.0941367  3675.26380293 3675.35610269 3675.70150179 3676.31676687
 3676.3426668  3676.72323248 3695.68568337 3703.23869714 3703.93689533
 3707.71578554 3721.47651657 3721.69874932 3734.98484824 3743.00772746
 3743.186527   3743.24202686 3743.30636002 3749.61337702 3766.55316648
 3768.25786206 3778.35400258 3779.91859853 3787.52971215 3787.85677797
 3787.87601125 3788.06461076 3788.15434386 3788.25794359 3788.29517683
 3788.30327681 3788.31087679 3788.31447678 3788.32427676 3788.33574339
 3788.43874313 3788.55804282 3788.60120937 3788.73860902 3796.77275487
 3801.30910979 3803.44057094 3804.70536766 3805.88409794 3805.99733098
 3806.02689757 3806.07296412 3806.08996407 3806.09916405 3806.10379737
 3806.17429719 3806.1941638  3806.19886379 3806.21356375 3806.28703023
 3806.29839687 3806.32113014 3806.35949671 3806.5163963  3806.56306285
 3806.70646248 3806.78966226 3806.93516189 3806.94986185 3806.99086174
 3807.16222796 3814.79040821 3824.81004892 3829.53833667 3835.00675584
 3835.15195547 3835.39965483 3837.80031527 3837.93824825 3840.35197533
 3846.11119375 3846.67942561 3847.04389133 3847.42455701 3847.68942299
 3848.17335507 3848.66352047 3848.79095347 3848.88081991 3852.57694367
 3853.73140734 3886.29778966 3888.32191775 3891.88940851 3898.05059255
 3899.1013565  3899.37588912 3908.81313134 3931.11687357 3982.67644003
 3992.23488194 4009.40063748 4009.49577057 4011.39213232 4011.40313229
 4012.16429699 4014.00139223 4018.08038166 4018.78741317 4023.67753383
 4024.86013077 4032.9677431  4062.31743375 4076.12163133 4091.74092421
 4104.03475903 4104.16422536 4112.14903802 4120.26578366 4124.26117331
 4124.26680663 4148.87864288 4160.06748057 4167.60712771 4176.45473812
 4191.90196478 4197.87081599 4200.00854378 4200.52887577 4213.40267576
 4229.20780149 4236.6691155  4244.31769569 4258.74605831 4259.55898954
 4260.77755305 4265.74597352 4277.93984193 4295.80969565 4297.83132375
 4298.09795639 4302.61597802 4303.13637667 4303.42390926 4303.60970878
 4303.72787514 4304.08704088 4304.98760521 4307.43889886 4307.78386463
 4308.5684626  4310.20639169 4313.18355065 4318.77893616 4318.79930277
 4318.80533609 4318.81123607 4318.99396893 4319.31193478 4348.09772688
 4353.3794132  4354.89950927 4362.99692163 4363.6105867  4369.53787135
 4375.82978839 4383.52253513 4386.95752623 4389.85231874 4393.32284308
 4394.02960792 4421.45017023 4432.2820755  4434.31997023 4448.54046673
 4450.39829525 4452.81502232 4466.08582128 4478.69675529 4478.78825505
 4478.79838836 4478.80812166 4478.81598831 4478.82045497 4478.82628828
 4478.92418803 4494.67901389 4494.78431362 4495.08391284 4495.92874399
 4497.33227368 4497.80183913 4498.46387075 4519.89628191 4522.07417627
 4522.25314247 4523.40157283 4523.43110609 4524.56983647 4524.61466969
 4524.79730255 4526.47979819 4526.66796437 4526.71149759 4544.41515173
 4558.8421477  4586.35670977 4586.45557618 4604.08273052 4606.79975682
 4620.27645525 4620.97768676 4627.53610311 4627.64053617 4632.80895612
 4632.93442246 4649.08998062 4649.32564667 4650.68877647 4657.1274598
 4657.29939269 4657.37825915 4660.32761818 4660.4471512  4661.38221544
 4661.63454812 4662.49741256 4662.66737878 4669.28696164 4671.77875518
 4681.34966373 4716.04884052 4716.3275398  4716.5307726  4717.30320394
 4724.05855311 4725.41694959 4730.03643762 4742.28137257 4781.92930321
 4784.55006309 4794.33457108 4821.25436803 4851.3023902  4852.82831958
 4852.88481943 4852.90768604 4852.91948601 4852.93345264 4852.93758596
 4853.0252524  4853.08035226 4853.1015522  4853.16548537 4853.19561863
 4859.95336779 4862.29542839 4862.32969497 4872.42596882 4872.86786767
 4873.13686698 4873.27543329 4874.34376385 4894.87111068 4899.69483152
 4909.32860657 4909.69830561 4919.08154798 4930.268519   4940.9128581
 4941.01539116 4945.3529466  4950.40250018 4951.3883643  4951.52583061
 4951.64903029 4951.74559671 4964.8365628  4989.92656448 4990.00616427
 4990.06743078 4990.22603037 4990.25949695 4990.34973005 4990.36949667
 4993.9087875  5001.4491013  5006.24082222 5012.90043831 5012.90877162
 5013.05400458 5013.09437114 5013.29457062 5013.31030391 5013.41007032
 5013.51823671 5013.58356987 5013.6759363  5013.69780291 5013.76113608
 5014.12873513 5014.24233483 5021.29888322 5021.44231618 5021.5906158
 5021.67888224 5021.75324871 5021.84601514 5021.9385149  5022.07954787
 5022.45574689 5028.72209733 5031.72448955 5031.74732283 5032.15278844
 5032.33112131 5036.0156451  5043.87499141 5043.92465795 5044.16019068
 5044.23925714 5044.25789042 5044.34302354 5044.44462327 5044.5231564
 5044.5373897  5049.87354254 5049.94160903 5050.06947537 5050.18390841
 5050.21570832 5050.32910803 5050.45037438 5050.50374091 5052.20220318
 5055.79419388 5055.82126047 5055.89492695 5055.89886027 5055.93702684
 5056.00992665 5056.08599312 5056.09395977 5056.10002642 5056.29362592
 5056.84555782 5056.87059109 5056.88089106 5056.88772438 5056.8910577
 5056.90315767 5056.90795766 5056.92892427 5057.05379061 5068.42676116
 5073.38591498 5074.54047865 5074.69194493 5092.62386515 5094.46556038
 5094.66079321 5095.59592412 5104.35440143 5105.41969867 5105.98096389
 5106.51196251 5115.10014027 5116.11217098 5123.08241959 5124.7018154
 5128.11037324 5128.30663939 5128.60153863 5129.9919017  5132.1136962
 5132.14756278 5132.17246271 5132.18452935 5133.50769259 5138.35581337
 5144.51433075 5146.348926   5182.49993236 5184.88169286 5192.20914055
 5192.33157356 5199.13552261 5213.9645842  5216.86124336 5216.92964318
 5218.32593957 5224.5813567  5224.65978983 5233.7973995  5239.1109524
 5245.48316923 5246.31633374 5247.72306343 5247.91609626 5248.06869586
 5256.84607313 5264.5030533  5274.13376169 5274.51256071 5274.72142683
 5274.85739315 5283.5474373  5284.55530136 5286.5332629  5287.77592635
 5287.85392615 5288.08655888 5288.25252512 5288.28765836 5288.30215832
 5288.43212465 5288.52625774 5290.6029857  5298.1805994  5303.97838439
 5304.0237176  5323.61076687 5326.47555945 5326.518526   5326.57465919
 5331.36231346 5331.49054646 5337.46273099 5345.20154428 5362.54716602
 5373.58130411 5373.65583725 5376.83236235 5376.93069543 5376.93539542
 5376.9420954  5376.95109538 5376.9567287  5376.97096199 5376.97689531
 5377.00002859 5377.00612857 5377.02762851 5377.03999515 5377.08422837
 5377.11552829 5377.16332816 5379.2717227  5394.21185067 5402.59382896
 5403.22082734 5403.73355934 5405.54198799 5410.96427395 5414.76973076
 5414.80349734 5414.99359684 5415.09532991 5421.753246   5422.05651188
 5422.10604509 5422.15757829 5422.25541137 5422.80767661 5438.94666814
 5443.03329089 5446.0011832  5447.94044484 5449.53294072 5450.56560471
 5454.53692776 5455.03362647 5455.27019252 5455.71189138 5456.17142352
 5456.2840899  5456.79575524 5456.87435504 5460.63754529 5470.70868587
 5473.08291305 5508.8559204  5513.1908425  5531.28489564 5534.20002142
 5546.15752378 5546.21065698 5546.29695676 5546.35542327 5547.4633204
 5550.55814572 5551.07257772 5562.22314884 5570.80402661 5579.07320519
 5599.83588475 5599.86385134 5608.88959463 5634.50116163 5637.19688798
 5638.04178579 5648.52965863 5649.5820559  5664.08551834 5675.49202213
 5680.94164134 5685.32969665 5690.80744912 5696.96436651 5704.76677964
 5713.99968905 5729.13604985 5732.70430727 5735.64956631 5738.44265908
 5740.97821918 5741.85755023 5742.8101811  5743.40234623 5748.34850009
 5748.56686619 5748.69999918 5756.39757924 5763.7091603  5766.96555187
 5774.24799967 5783.05544353 5789.04159469 5790.980023   5796.36274239
 5801.82366158 5807.55578007 5816.68235643 5817.08835538 5832.09251651
 5833.58611265 5837.86700156 5845.75751445 5846.52284581 5850.64720179
 5851.38403321 5851.54306614 5852.76029632 5858.6352811  5862.8306369
 5865.95182882 5865.97992874 5867.00769275 5867.13312576 5868.15642311
 5870.255751   5873.82997508 5874.4134069  5876.27566874 5903.69953105
 5909.24928334 5909.66571559 5919.4686902  5924.1015782  5933.98915259
 5935.23701603 5949.6465787  5979.75163406 5980.38353243 5997.03788929
 6019.86896349 6034.43615909 6036.2605877  6041.58587391 6044.41683324
 6083.94666419 6090.47491394 6097.15859663 6099.06935835 6101.6375517
 6107.31720365 6110.64952836 6112.22949093 6125.9488554  6126.874353
 6133.20873659 6137.36959248 6157.3478074  6162.23742807 6163.83735726
 6172.6387678  6186.85656431 6198.75583349 6200.96299443 6217.13368588
 6237.82246563 6258.18657955 6271.4514452  6286.6367392  6294.18588631
 6303.97929428 6311.32450859 6311.35764183 6312.12517318 6319.08775515
 6320.91961707 6337.50117412 6355.35069455 6363.6608397  6368.31376098
 6374.63701127 6376.66643934 6433.36302583 6443.59983265 6459.44982493
 6480.63277006 6488.75344903 6488.88578202 6491.06544304 6511.39919037
 6513.63791791 6513.67405115 6513.80771747 6513.8219841  6514.4140159
 6528.17354693 6538.57025333 6542.63834279 6556.42570708 6561.88565961
 6564.17945367 6564.80258539 6564.90705178 6568.28880969 6572.44896558
 6573.60386259 6581.69130831 6582.06904066 6583.34490403 6584.45080116
 6585.7220312  6587.65885952 6589.27415533 6594.94044066 6606.27757796
 6612.25552914 6620.51794108 6629.04025234 6629.15638537 6629.75905047
 6643.5715147  6645.66910927 6645.85527545 6647.21180527 6648.28256916
 6658.7323421  6671.22014309 6677.7129596 ]"
64,664851_2023-11-16_A-253,MOs,True,"[  25.89822183   26.56188678   31.17390817 ... 6691.39119084 6691.50089056
 6691.74735659]"
65,664851_2023-11-16_A-255,MOs,True,"[  29.08571358  130.19768502  169.31961702 ... 6691.4952239  6691.61959025
 6691.78898981]"
66,664851_2023-11-16_A-259,MOs,True,"[  40.48435072   40.56595051   40.87381638 ... 6680.03345359 6684.15850957
 6689.37199607]"
67,664851_2023-11-16_A-269,MOs,True,"[  21.41423345   34.9068985    34.96876501 ... 6691.60219029 6691.61769025
 6691.66655679]"
68,664851_2023-11-16_A-271,MOs,True,"[  22.4230975    22.4505641    22.5017973  ... 6685.71830553 6685.91220503
 6689.93219462]"
69,664851_2023-11-16_A-277,ACAv,True,"[  74.63182894  147.27600745  180.63768771 ... 6691.75362324 6691.75632323
 6691.80288977]"
70,664851_2023-11-16_A-278,ACAv,True,"[  21.97336533   23.95292687   24.80122468 ... 6673.67973672 6679.66582121
 6680.87601808]"
71,664851_2023-11-16_A-279,ACAd,True,"[  21.82363239   21.96539869   22.06103177 ... 6691.34005764 6691.52465716
 6691.56312373]"
72,664851_2023-11-16_A-285,ACAd,True,"[  20.47520255   29.18817998   31.23540801 ... 6657.7662446  6673.28573774
 6675.97749743]"
73,664851_2023-11-16_A-296,MOs,True,"[  31.10767501   38.91902144   42.77911144   42.7833781    78.40728583
   78.42388579   81.67337737  100.50716192  115.51858971  115.52405636
  115.52722302  280.93929458  283.99455334  297.18231918  339.40290982
  340.92227256  340.92640588  340.9294392   428.68647857  448.45166071
  466.64108026  513.25992618  550.31469687  581.20208354  581.27568335
  581.28401666  581.48691613  581.65134904  720.18655689  780.50793398
  794.22336513  794.25196505  808.96302695  846.28316362  860.94425898
  873.61872615  874.1667914   880.82750748  897.14606521  913.96482165
  925.027593    936.91882886  938.16635896  938.16882562  941.60285006
  948.65893179  949.84406205  959.21890444  961.48746523  964.84005654
  964.96972287  979.18648605  981.50418005  985.88370204  986.09193483
  996.65054082  996.82660703  997.57317176 1001.20416236 1001.20696235
 1008.69950961 1009.04410872 1013.58076363 1017.08418789 1019.45241509
 1029.52918899 1030.95341864 1031.02228512 1031.13338484 1035.93353907
 1037.10030272 1037.5709015  1039.50549649 1040.70382671 1046.41541192
 1052.48006288 1083.49071589 1085.3654777  1102.40640023 1143.40609404
 1143.41686068 1162.88997691 1171.13312222 1171.33155504 1171.82352043
 1173.61338247 1173.61804912 1207.86749374 1279.2053423  1398.89286563
 1403.27805428 1415.9706214  1416.37572035 1416.69715285 1423.19943601
 1425.91012899 1432.57554506 1433.04627717 1439.46106056 1447.52770633
 1458.58604436 1458.594711   1462.31430137 1462.43650105 1489.03173217
 1502.19089808 1510.54770977 1510.74707592 1530.83335723 1553.65703145
 1556.66535699 1566.14849909 1597.29531842 1602.83527074 1606.32179504
 1646.01322557 1680.52613617 1743.41897328 1805.93564468 1805.96267795
 1835.86840049 1883.56624361 1885.30687244 1886.05077051 1888.6805637
 1897.36284121 2010.70281432 2055.06143276 2059.62692093 2102.23364391
 2118.74310115 2200.17469023 2230.59277811 2291.9581525  2292.23561845
 2292.77515039 2316.58435538 2323.40550438 2326.62779604 2329.4614887
 2346.45884467 2347.33387574 2356.13501961 2371.1333141  2374.22257276
 2376.20433429 2378.02632958 2393.14232376 2401.30253595 2405.06965953
 2409.59388115 2412.2351743  2438.476773   2438.54573949 2441.97293061
 2450.7434079  2456.1228273  2460.53178254 2483.53815629 2491.3326361
 2502.85250626 2503.07560569 2505.62939907 2516.23463827 2547.40839086
 2547.41212418 2559.08599395 2560.95082245 2563.46411594 2569.75783297
 2576.72658159 2634.32219908 2639.63941864 2649.12012741 2652.59658508
 2652.69308483 2714.79405731 2733.95007436 2738.14136351 2759.75104087
 2770.97594513 2770.98384511 2770.98801176 2771.00657838 2771.61974346
 2773.83213773 2781.08488561 2787.31593614 2795.56111478 2808.7706139
 2812.29960476 2818.02748993 2818.14948961 2837.31957329 2841.30596297
 2845.16145298 2850.81037168 2851.7057027  2857.33385479 2861.19517812
 2862.32577519 2863.23550617 2864.9975016  2868.43532603 2870.12352166
 2872.10181654 2879.49629738 2881.50159219 2885.74208121 2887.59604307
 2889.16740567 2889.74550417 2890.22610292 2891.25646692 2893.36596146
 2897.69435025 2901.58347351 2901.85317281 2901.95980587 2910.88531608
 2911.87884684 2922.78698526 2924.93231303 2932.87399246 2942.41106776
 2943.42469847 2947.49352126 2953.14407329 2966.75380471 2970.00442962
 2970.64322797 2975.6628483  2980.06783689 2989.76777843 2993.33223587
 2996.55489419 3000.7856499  3003.31087669 3003.92084178 3012.16322043
 3012.55065276 3021.34662998 3022.57502679 3025.45068601 3038.05005338
 3047.93496111 3049.63912336 3054.62577711 3056.33243936 3057.83176881
 3057.83783546 3059.80329704 3060.67492811 3064.11488587 3067.04957827
 3071.07440118 3074.13592658 3074.4607924  3075.2846236  3075.60088945
 3076.13198808 3081.2706081  3083.35880269 3093.37167676 3099.73529361
 3103.3289843  3103.72434994 3104.60008101 3114.60578842 3117.79898015
 3138.66855943 3139.00375856 3146.33303958 3155.50818248 3167.65988434
 3171.33340816 3173.80873508 3183.6864095  3185.98530354 3195.99387762
 3204.24565625 3208.86001096 3210.36034041 3211.60583718 3216.01602576
 3229.9645563  3236.39117299 3239.92223051 3244.10291968 3246.95164563
 3251.57903365 3255.49495684 3260.39054416 3260.65444348 3272.11401379
 3275.78550429 3277.17883401 3282.67465311 3283.37101797 3297.28784859
 3297.77518066 3298.11331312 3301.45040448 3305.42782751 3313.54953981
 3316.02516673 3317.45736302 3317.8626953  3319.0590922  3322.20481739
 3330.43619607 3332.83825651 3336.47328043 3337.21681184 3337.44341125
 3338.09840955 3339.6910721  3340.46930341 3344.81472549 3347.38275217
 3347.61418491 3367.83873252 3369.03889608 3372.69055329 3373.57898432
 3383.77982457 3384.7084555  3386.54371741 3387.49744827 3395.21639495
 3395.44719435 3395.66102713 3396.6373246  3409.31702509 3409.32419174
 3410.03868989 3425.04268436 3435.08099169 3436.86102042 3443.91420215
 3446.29769597 3448.25015758 3448.26622421 3452.58011304 3452.86967895
 3463.19031889 3474.3160234  3479.93944217 3486.46449194 3492.38020995
 3492.68080917 3495.28526909 3498.49446078 3504.69934471 3506.02890793
 3508.11593586 3509.90859788 3511.81462628 3525.61279054 3537.58009288
 3537.59399284 3546.61433614 3564.76778912 3600.9935953  3601.58749376
 3607.70961123 3610.25150465 3713.01690514 3725.34323988 3745.77585363
 3827.81144115 3849.51708493 3863.54098194 3869.73719922 3884.72722706
 3886.41755602 3893.17643851 3893.43773783 3903.07181288 3904.26880978
 3920.25120172 3920.65446734 3920.72833382 3922.99576128 3933.64910035
 3934.42343168 3934.54099804 3934.83533061 3941.99801206 3949.22362668
 3950.09425775 3950.68428956 3988.89869058 4018.76604655 4024.34136545
 4048.59623596 4091.68072436 4133.91951496 4134.73237952 4144.78192016
 4144.80702009 4156.10419083 4173.03698031 4173.64971206 4184.57295043
 4184.64178359 4190.27413566 4197.87271598 4205.50819621 4206.88402598
 4206.8882593  4208.09745617 4208.9454873  4218.37632954 4237.78241261
 4247.15895499 4251.95907589 4256.9499963  4275.83331406 4277.04297759
 4277.60770946 4290.5151427  4290.8076086  4291.61857317 4301.17358176
 4321.07026355 4338.44951854 4341.19121144 4344.29707006 4344.89883517
 4355.72200714 4357.20966995 4366.52524582 4367.62357631 4379.35514592
 4393.44557609 4393.99027468 4398.5770628  4421.77373606 4425.99055847
 4426.79798971 4427.17048874 4437.03666319 4438.83925852 4449.45796435
 4455.69508153 4457.66127644 4458.52707419 4460.16076996 4470.09387757
 4483.35457655 4486.66923464 4488.15176413 4493.7213497  4493.91848253
 4498.13117161 4501.33486332 4515.21082738 4518.18508634 4529.90258932
 4533.67521289 4541.30789312 4550.74330201 4568.19472348 4570.2826514
 4571.5047149  4585.62624499 4591.6613627  4615.57560075 4615.93123317
 4618.03826104 4621.19085288 4637.9512428  4639.72270488 4639.87623781
 4639.92363769 4641.22363432 4643.43149527 4647.01718598 4652.71007124
 4653.58526897 4655.23963135 4656.20222886 4691.40970434 4693.37859924
 4700.39934772 4704.06367156 4709.92518971 4710.26612216 4710.57092137
 4711.06638676 4711.2165197  4711.31648611 4711.34931936 4718.81430002
 4720.49449567 4723.41602144 4723.63992086 4724.46421872 4731.7818331
 4732.8128971  4734.47755945 4738.07628347 4762.61481991 4766.54420973
 4772.72586039 4788.96878498 4837.03219383 4845.67540477 4846.87250167
 4858.12337253 4872.94566747 4880.11761556 4881.65721158 4897.0249051
 4901.69032635 4921.59730813 4939.81302761 4964.42663053 4968.66688621
 4970.78411406 4992.19809193 5003.78769524 5016.90892793 5020.29648582
 5024.90220722 5025.37130601 5026.03517095 5026.38960337 5032.49482089
 5032.49842088 5032.50185421 5039.59796916 5068.18482845 5107.83375909
 5121.40009062 5123.69665133 5130.65339998 5148.24718775 5166.25334111
 5172.10729261 5189.85047999 5190.7871109  5194.71683405 5206.8205027
 5208.80763089 5210.8379923  5213.20988615 5227.85224823 5230.59877445
 5246.19603405 5246.33926701 5247.03606521 5258.2732361  5266.94938029
 5299.72496207 5326.66742562 5329.69938443 5337.20159833 5338.62312799
 5343.54944856 5345.18844431 5347.8060042  5348.45680252 5358.28961038
 5369.95894682 5370.7545781  5371.41574305 5371.50367616 5372.55074011
 5383.52831168 5384.58860893 5387.41863493 5396.76134407 5410.52650842
 5417.53369027 5418.32045489 5419.90741745 5428.80322774 5446.27734915
 5451.65386856 5469.53295558 5475.75610613 5476.24023821 5476.61547057
 5480.26529445 5480.69282668 5491.25373266 5494.78945683 5494.81435677
 5494.82895673 5494.83145672 5500.20327614 5508.25905528 5514.42373931
 5516.73033334 5516.93109948 5517.01743259 5517.1297323  5517.4278982
 5518.39812902 5519.33952658 5523.67048203 5523.94881464 5529.91396586
 5534.37862096 5535.5088847  5538.97217573 5540.27170569 5542.54883313
 5543.96752946 5545.19662627 5550.66514544 5550.92837809 5551.40667685
 5553.07007255 5554.36523586 5555.60806597 5559.78285516 5562.51994807
 5564.50010961 5565.07387479 5578.6474063  5579.49487077 5584.18472529
 5585.96568734 5587.67004959 5590.3722426  5596.15219429 5596.63049305
 5608.82642813 5610.80995633 5611.99421993 5627.23554712 5629.35897495
 5644.86926811 5647.43372813 5651.30541811 5652.10898269 5655.12007489
 5662.78798836 5665.16084889 5675.81638795 5680.88920815 5682.58543709
 5682.65323691 5701.46342152 5701.8443872  5701.8723538  5701.95032026
 5704.80114621 5705.59567749 5712.34539334 5720.40643913 5722.35683408
 5729.02498347 5730.78477891 5731.2003445  5733.1334395  5736.81586329
 5748.17376721 5751.97242403 5752.00982394 5753.49678675 5753.99948545
 5763.04276203 5764.22572563 5767.81761633 5773.21236902 5774.09460007
 5774.21676642 5777.61759094 5781.65854714 5787.53419859 5791.13272261
 5792.75485174 5793.36245016 5793.7361492  5794.85287964 5795.18504544
 5795.69144413 5796.5919418  5800.72316443 5803.22185796 5804.20562208
 5808.63171061 5816.64832318 5816.9646557  5819.52908239 5826.78343027
 5828.24165982 5839.80256321 5840.57969453 5841.24099282 5841.40492573
 5841.41869236 5841.43812564 5841.53005874 5841.59819189 5841.63189181
 5841.63999179 5841.79002473 5842.3417233  5842.82738871 5843.41805385
 5850.18690298 5851.90019854 5853.60419413 5856.55051983 5857.01088531
 5867.33179191 5874.08750774 5876.19480229 5878.7134291  5881.12205619
 5882.82428511 5883.4078836  5887.98620508 5902.4668009  5917.75162798
 5920.94865303 5927.46566949 5934.42585146 5938.12424188 5944.85039113
 5952.04967248 5966.04536956 5968.15323077 5971.20582286 5987.04311518
 5997.97455353 5999.67738245 6010.3035216  6034.80705813 6035.65882259
 6047.32425904 6071.60819614 6113.18565512 6114.89231737 6114.97385049
 6115.76018179 6119.29357263 6123.06172954 6125.28755711 6125.38292353
 6126.78081991 6128.69591495 6132.5102384  6134.36716693 6138.03432409
 6149.90379335 6178.85218504 6187.81712848 6190.40798844 6204.55728513
 6215.57495659 6218.16774987 6221.3487083  6221.69930739 6222.44127214
 6222.58773842 6231.61441504 6231.7215481  6253.54635824 6257.93888019
 6270.68408052 6275.43666821 6300.02113786 6300.39677022 6300.47010337
 6301.21913476 6303.33382928 6303.57612866 6304.03772746 6311.71020759
 6320.7519175  6320.87528385 6323.47411045 6323.52237699 6341.53406367
 6341.63256342 6354.90022905 6380.016964   6386.53481378 6387.58527773
 6420.19202661 6422.26448791 6433.11852646 6434.70368902 6439.06611106
 6440.66840691 6448.12695425 6465.80267514 6479.27517358 6480.11103808
 6487.38831923 6487.93508448 6488.81461554 6490.28734505 6496.98809437
 6502.36058045 6514.19271647 6524.77612239 6524.79952233 6524.80432232
 6524.80858897 6524.81025564 6524.90028874 6524.90418873 6524.9410553
 6524.94525529 6525.05215501 6527.67508155 6528.5192127  6528.82724523
 6533.46813321 6539.23325161 6542.3511102  6546.35309984 6555.37117648
 6561.47432734 6600.54199282 6640.61915568 6648.2925358  6651.70879362
 6657.53787852 6659.79040602 6670.88151063 6680.16391992]"
74,664851_2023-11-16_A-313,MOs,True,"[  28.35571547   28.36154879   28.43791526 ... 6690.51045979 6690.685326
 6690.83299229]"
75,664851_2023-11-16_A-316,MOs,True,"[  20.31533629   40.83408315   43.47554297 ... 6662.61766537 6673.48860388
 6680.99908442]"
76,664851_2023-11-16_A-317,MOs,True,"[  22.43716413   22.44313078   22.54326386 ... 6685.59403919 6689.96622787
 6689.97506118]"
77,664851_2023-11-16_A-319,ACAd,True,"[  22.35609768   32.52883799   35.03819816 ... 6686.3624372  6690.52375975
 6691.77085652]"
78,664851_2023-11-16_A-325,MOs,True,"[  20.15417005   20.64216878   20.75713515 ... 6691.21095797 6691.6633568
 6691.73028996]"
79,664851_2023-11-16_A-330,MOs,True,"[  25.65472247   25.96928832   26.04332146 ... 6690.05692763 6690.93615869
 6690.99755853]"
80,664851_2023-11-16_A-332,MOs,True,"[  47.2095333    56.3610096    99.72389729 ... 6680.71721849 6680.9971511
 6686.73253624]"
81,664851_2023-11-16_A-338,MOs,True,"[  64.02678974   65.06238706   74.42799614 ... 6665.72462399 6667.64781901
 6681.75798246]"
82,664851_2023-11-16_B-0,MGm,True,"[  20.48103078   20.81519667   21.12736261 ... 6691.39237259 6691.46070576
 6691.72213849]"
83,664851_2023-11-16_B-6,MGm,True,"[  20.7431635    20.79529671   20.94546303 ... 6691.53183893 6691.62070539
 6691.78833833]"
84,664851_2023-11-16_B-7,MGm,True,"[  20.13076492   20.22476471   20.27129793 ... 6689.84530951 6690.06727566
 6691.58737213]"
85,664851_2023-11-16_B-9,MGm,True,"[  20.09016502   20.68906363   20.8016967  ... 6691.64717199 6691.66417195
 6691.77273837]"
86,664851_2023-11-16_B-10,MGm,True,"[  24.31145522   24.3755884    24.40388833 ... 6691.0271401  6691.4286725
 6691.44967245]"
87,664851_2023-11-16_B-12,MGm,True,"[  20.09653167   20.10033166   20.11526496 ... 6691.72273849 6691.75240508
 6691.80067164]"
88,664851_2023-11-16_B-13,MGm,True,"[  20.55566394   20.56826391   20.83719662 ... 6686.96278287 6688.05688033
 6689.03791139]"
89,664851_2023-11-16_B-17,MGm,True,"[  37.92049028   45.15777347   53.09165505 ... 6690.26124188 6690.68834089
 6691.61870539]"
90,664851_2023-11-16_B-18,MGm,True,"[  20.69589695   21.25219565   21.37709536 ... 6691.37100597 6691.45657244
 6691.54987222]"
91,664851_2023-11-16_B-19,MGm,True,"[  20.11176497   20.11416496   20.11783162 ... 6691.42513918 6691.43787248
 6691.44897245]"
92,664851_2023-11-16_B-20,MGm,True,"[  20.19033145   20.21359807   20.39429765 ... 6690.22094197 6690.26120855
 6690.99264018]"
93,664851_2023-11-16_B-21,MGm,True,"[  23.92682278   23.97618933   26.27615065 ... 6690.52044128 6691.12090655
 6691.36907264]"
94,664851_2023-11-16_B-22,MGm,True,"[  21.01686287   21.08166272   21.19506245 ... 6690.50014132 6691.13750651
 6691.19070639]"
95,664851_2023-11-16_B-23,MGm,True,"[  21.24299567   24.01062258   24.21502211 ... 6690.82420724 6690.91014037
 6691.45280578]"
96,664851_2023-11-16_B-27,MGm,True,"[  20.17463149   20.29849787   20.41176427 ... 6691.5425389  6691.62197205
 6691.69277189]"
97,664851_2023-11-16_B-28,MGm,True,"[  20.12266494   20.13273159   20.34189777 ... 6691.63117203 6691.67893859
 6691.7446051 ]"
98,664851_2023-11-16_B-29,MGm,True,"[  20.34889775   20.37686435   20.39813097 ... 6691.4292725  6691.48597237
 6691.60853875]"
99,664851_2023-11-16_B-33,MGm,True,"[  20.23419802   20.26826461   20.27053127 ... 6691.57620549 6691.59490545
 6691.61797206]"
100,664851_2023-11-16_B-35,MGm,True,"[  20.12269828   20.17526482   20.28766456 ... 6691.76680505 6691.78713834
 6691.8025383 ]"
101,664851_2023-11-16_B-36,MGm,True,"[  20.13723158   20.14923155   20.1555982  ... 6691.6322387  6691.64080534
 6691.65433864]"
102,664851_2023-11-16_B-40,PoT,True,"[  65.51265954   65.58765936   65.61319264  203.37977271  350.55313093
  560.48184343  740.99689089  827.07705766  833.24471     908.29090239
 1019.24227807 1040.62636175 1107.31537354 1119.34627894 1127.4013269
 1150.91173897 1194.41220462 1214.74042408 1235.80864182 1274.10905287
 1293.50707449 1304.9573479  1333.57568144 1349.11877868 1431.92281972
 1463.37558002 1502.6272222  1669.1305022  1669.19126873 1676.80671771
 1681.06444115 1684.3041003  1702.25029196 1705.49648442 1717.23152383
 1717.45825664 1729.48936203 1767.98590597 1778.26411543 1807.55154742
 1833.48688719 1861.18225621 1861.42695564 1880.28284519 1946.92319043
 1975.98432294 1985.88203329 1995.17404505 2018.30919132 2056.73390209
 2058.47719804 2065.43314855 2066.16628018 2087.06853164 2093.63954972
 2105.01105664 2105.3730558  2117.91522668 2122.61401577 2137.09114881
 2159.23763072 2180.4870147  2188.54602932 2193.74381725 2202.07666457
 2242.01380516 2244.21090005 2299.26207221 2299.80617095 2306.64172174
 2312.21837546 2325.74407738 2335.32798846 2339.96951101 2343.91540185
 2349.08908983 2359.41429919 2369.3846427  2378.18798893 2384.15984172
 2394.61805077 2401.74440089 2402.51163244 2405.48059221 2409.66641582
 2415.05753664 2421.52342162 2434.23252544 2442.87630537 2456.08330803
 2468.85094505 2474.24193253 2477.36302528 2487.70940126 2490.42972827
 2499.75877327 2517.22583271 2529.34057124 2549.47475782 2555.86560965
 2562.42626108 2574.94059868 2588.28036771 2600.44343946 2617.0632342
 2619.0839295  2623.23628653 2628.96683989 2629.00890646 2629.07400631
 2630.49160301 2639.39638233 2668.16344886 2671.38914137 2686.15077376
 2689.13456683 2689.56179917 2701.47413817 2709.12978706 2717.25860152
 2727.97770996 2738.65731849 2741.08627952 2747.21936528 2761.10569969
 2762.0068976  2770.77261058 2774.94826755 2799.9869094  2809.97555287
 2824.5027858  2839.8776501  2848.58616321 2853.54311837 2860.0869365
 2862.62423061 2863.86069441 2868.50215029 2889.24893545 2891.35383056
 2892.36926153 2902.504338   2908.64202375 2911.92458279 2914.08724443
 2917.3899701  2920.24283014 2923.3587229  2931.00403848 2931.67580359
 2948.04683224 2957.59571006 2965.95872397 2969.23888302 2974.49540415
 2995.71322154 2999.80574537 3004.35036815 3010.21772119 3016.38444021
 3020.13813149 3030.50307409 3042.64977921 3042.68981245 3053.40012091
 3053.69835355 3056.14854786 3060.05807212 3068.20558653 3071.39281246
 3077.52989821 3083.27931819 3087.79100772 3093.14542862 3098.28108336
 3100.44771166 3104.26336946 3112.20858435 3112.29695081 3115.52594331
 3124.92462148 3133.65316788 3147.07010339 3151.36152676 3154.85555198
 3155.0604515  3156.04764921 3163.74566466 3178.21666439 3178.55013028
 3184.38931672 3192.00279904 3192.16399867 3195.32719132 3201.48474369
 3201.58421013 3205.24040164 3206.88569782 3212.52588472 3213.57724894
 3217.03664091 3221.4913639  3224.3467906  3232.66420462 3232.9174707
 3245.49270816 3247.81880276 3249.47423225 3259.86510812 3272.83777799
 3322.27706318 3331.70377462 3332.07020711 3343.9164796  3359.11677763
 3369.82251944 3370.40731808 3371.1851496  3373.40741111 3376.08993821
 3384.96645093 3385.77464906 3400.1375157  3407.03476635 3411.96975489
 3419.23930468 3420.39600199 3421.90833181 3425.23572409 3435.42996708
 3440.32235572 3453.18059252 3454.47522285 3455.07668812 3459.03557893
 3463.02996965 3464.67016584 3472.22201497 3473.53484526 3475.10030829
 3479.15689887 3495.74666034 3497.48562297 3498.98401949 3500.39174955
 3504.3461737  3510.56875925 3519.39580542 3519.40227207 3549.42066903
 3557.17905101 3557.40628382 3562.47480538 3570.89845249 3585.49295193
 3588.9199773  3588.95367722 3590.29217412 3594.84129689 3596.42129322
 3615.3331493  3619.42587313 3630.48068079 3642.08302051 3643.70455008
 3643.74701665 3643.82004981 3645.37417954 3665.57709929 3671.13791971
 3679.37026725 3679.64109996 3688.02908048 3691.42673926 3696.81709341
 3697.7386246  3718.06681072 3719.98103961 3720.24260567 3735.63630326
 3738.91872897 3749.00040556 3754.73095891 3758.30411728 3772.73598377
 3783.74975819 3792.56283773 3796.98562746 3797.05762729 3800.43535278
 3808.0334018  3815.30501825 3829.44258542 3837.10913428 3838.23629833
 3857.47088699 3860.6386463  3864.25917123 3868.2210287  3874.12354832
 3879.42703601 3880.05080122 3880.66023314 3884.34925791 3884.87139003
 3891.48857466 3895.9205977  3896.27253022 3896.43976316 3910.54653041
 3913.83262277 3943.52685382 3944.10395248 3945.04458363 3945.51428253
 3947.07267892 3950.05443866 3950.74360372 3959.18241746 3965.66513574
 3982.26806385 3992.67287302 4004.23544617 4004.28594605 4004.308746
 4006.27800809 4008.51756956 4009.56056714 4022.4216706  4023.70683429
 4036.57307107 4055.3643941  4058.77535285 4065.59463701 4065.82673647
 4067.16613336 4068.1536644  4068.76692964 4083.22129608 4083.34756245
 4108.48113742 4110.27839991 4114.40262367 4115.22922175 4120.2462101
 4124.84009943 4126.70172844 4137.24507062 4138.7452338  4150.44773996
 4153.39329979 4155.34672858 4159.41875246 4160.68138286 4181.48260122
 4188.85401744 4197.65283034 4201.45662151 4214.88802365 4218.70858144
 4221.0084761  4237.61307088 4249.91117565 4255.44559613 4255.71696217
 4257.93915701 4266.81216973 4267.4429016  4274.37575217 4275.18985028
 4278.15991005 4282.63736632 4284.56656184 4285.85005886 4302.83088609
 4333.80378083 4338.16613737 4339.03216869 4341.84699548 4343.87409078
 4351.37004004 4351.54547296 4353.45540186 4355.54816367 4357.87685826
 4361.73588263 4362.20174822 4367.30583636 4375.39385091 4375.99254952
 4380.98650459 4382.47973446 4387.9145885  4407.50490968 4408.4720741
 4413.53669567 4414.01722789 4419.46268191 4427.31223035 4429.2267259
 4431.50418728 4432.36645194 4436.3768093  4451.78120686 4457.60779333
 4457.61415998 4459.05615663 4475.88528421 4477.14238129 4482.41610238
 4485.42782872 4485.86192771 4488.31762201 4489.6001857  4493.18707737
 4494.43937446 4495.88397111 4501.84365727 4504.61605083 4516.60492299
 4517.54175414 4526.93066567 4531.77992108 4531.88025418 4533.02518485
 4533.41158396 4545.6226556  4552.195207   4564.85001095 4575.19538692
 4576.84491643 4581.5952054  4592.32501381 4593.89567683 4596.96890303
 4600.11542905 4602.45105696 4604.37968582 4604.44285234 4608.68934248
 4609.81657319 4611.86460177 4622.63471009 4631.71672233 4643.45889507
 4643.46782838 4645.73915644 4650.18051279 4652.33204113 4670.74819836
 4670.76766498 4677.92668169 4678.26821423 4681.03427447 4682.16280519
 4683.78690141 4689.96688706 4692.82051377 4692.83491374 4694.53477646
 4696.48120527 4698.56980042 4702.06105898 4708.48571072 4708.58267717
 4716.46285887 4717.25702369 4717.91402216 4724.16800764 4724.73273966
 4727.2000006  4734.84451618 4735.71658082 4741.66750033 4756.57879904
 4761.58795407 4771.71929721 4780.23771076 4787.60422699 4797.10737159
 4810.78853982 4812.5172358  4819.34288662 4825.14360648 4832.06599041
 4834.65665106 4838.4993088  4849.56571643 4870.22856845 4876.94425285
 4879.93917923 4880.20384529 4889.64432336 4894.16397953 4895.21584376
 4898.86736861 4910.03974267 4912.0077381  4917.67245827 4921.17531681
 4925.10540768 4930.64806147 4932.93938949 4933.00925599 4937.93971121
 4939.08397522 4946.13149218 4950.05294974 4953.17557583 4955.30823754
 4962.48058755 4963.26391907 4975.01955843 4975.44059079 4987.50646277
 4991.71788632 4991.78875282 4994.12071408 4997.57927271 4998.36110423
 5001.71276311 5002.98359349 5031.46092736 5034.6025534  5039.11340959
 5042.45210184 5047.71188962 5050.68191606 5052.94377747 5055.28307204
 5060.14919407 5060.57142643 5075.22769239 5083.95397213 5085.88240098
 5087.19409794 5091.68395418 5096.49760966 5099.7398688  5100.59073349
 5102.56256225 5104.4208246  5104.57032425 5104.83762363 5107.18401818
 5110.36054414 5110.420844   5118.3580589  5157.46326809 5158.85693152
 5172.20443385 5192.38895365 5192.5108867  5201.41229936 5208.03491731
 5209.24658117 5217.23062929 5217.27979584 5222.85291623 5225.51011006
 5227.14290627 5233.08319248 5237.02421666 5238.26648044 5244.04820035
 5258.54746668 5261.66405944 5263.85212102 5264.48148623 5271.19287064
 5278.21668767 5279.69341757 5282.19191177 5285.92743643 5308.6597503
 5309.28934884 5313.19153978 5315.64390075 5318.03366187 5318.05976181
 5318.48232749 5318.75232687 5320.91092185 5331.37513089 5331.39603084
 5337.05035104 5337.45751676 5340.03334411 5343.17773681 5343.52650267
 5357.02590465 5357.21803754 5360.80559587 5363.10862386 5367.40764721
 5376.26382664 5386.66066917 5392.15028975 5395.05884966 5397.07914497
 5398.81024095 5404.68289398 5411.02194593 5421.29125541 5427.79240698
 5428.11513956 5433.58169354 5440.75247688 5444.05363588 5445.74223196
 5451.36595224 5452.5292162  5453.58944707 5457.99747017 5461.87986115
 5468.5053791  5472.54760305 5484.44767541 5492.1921241  5493.07035539
 5493.33372144 5493.86328688 5494.01825319 5507.55722175 5512.0275447
 5521.68438894 5521.82792194 5522.3924873  5522.64248672 5532.99632934
 5539.70394709 5542.16504138 5554.45017952 5558.47557017 5564.03325726
 5568.34484725 5568.39588046 5581.9141824  5583.17647947 5584.22681037
 5588.14960126 5595.151685   5600.17270667 5602.97680016 5604.58032977
 5620.84109201 5622.46298824 5624.4177837  5624.6771831  5635.32585837
 5639.15578281 5639.31971576 5642.18007579 5644.95533601 5647.20519745
 5650.31612356 5652.8983509  5658.34850491 5658.35707155 5658.54150446
 5658.56143774 5665.16778907 5669.38661261 5673.54496962 5678.72439092
 5679.85002164 5680.93265246 5683.82947907 5696.81138225 5701.14963884
 5702.42920254 5715.12500639 5722.60175569 5738.99091763 5740.83038003
 5747.68346411 5749.02242767 5755.42684613 5757.70437418 5769.50131345
 5787.67840457 5788.53556924 5794.53715531 5797.59568154 5799.38164406
 5800.07967577 5807.39755878 5811.65961555 5815.15114077 5821.8696585
 5822.33535742 5822.40395726 5827.7250449  5828.31497687 5831.29606994
 5834.12516337 5838.14435404 5845.14923777 5845.40143719 5859.91870348
 5871.46084334 5877.74626208 5879.30249179 5881.01652115 5881.09905429
 5885.78184341 5901.42320709 5903.44636906 5908.40589088 5910.0048205
 5911.07761801 5920.17083022 5920.59239591 5922.19232553 5923.27142302
 5927.96014547 5932.76513431 5939.93665099 5940.37064998 5956.25874642
 5958.27414174 5961.30130137 5963.57612942 5963.61912932 5965.30492541
 5967.77881966 5973.65540602 5977.73289655 5983.52708309 5985.26604572
 5993.27439379 5993.51582656 6004.56813423 6005.44226553 6020.68349681
 6025.67571855 6033.27840089 6033.62480009 6035.86969487 6039.77071915
 6041.4005487  6048.49513222 6051.1184928  6054.75145103 6058.17040975
 6068.70521862 6070.95611339 6076.77753321 6088.13850683 6088.57460581
 6093.44092785 6093.46802778 6095.1261906  6096.59368719 6097.57508491
 6100.51247809 6103.81310376 6109.2637911  6126.79068373 6129.88634321
 6136.95556013 6138.71008939 6144.30677639 6145.8071729  6148.96093225
 6157.38607935 6169.7653506  6175.45420406 6177.32426638 6186.69817795
 6207.53652955 6218.1258383  6221.9581294  6224.96775574 6233.1958033
 6247.41243695 6256.43704933 6260.70117276 6269.99341785 6270.03105109
 6279.98932797 6289.59917232 6298.50608497 6321.49913157 6345.96357476
 6346.73867296 6349.58419968 6353.61685698 6363.30326782 6364.77793107
 6366.08232804 6370.14185194 6373.86137664 6384.2562525  6395.13652723
 6400.30778189 6403.12857534 6403.26300836 6403.96354007 6404.97407105
 6412.20538759 6415.86121244 6440.20592257 6444.72001209 6445.07437793
 6448.92110233 6453.7020579  6455.22598769 6462.86053663 6467.18542658
 6495.51979412 6497.10699043 6498.2133212  6505.82997017 6507.65969926
 6540.23349028 6542.90575074 6544.21288104 6553.8906919  6563.28897007
 6564.81189987 6565.66913121 6566.05606365 6566.57866243 6568.38995823
 6581.15782858 6593.02993434 6645.02748026 6647.88324029 6653.44076072
 6659.98667885 6662.09227396 6667.99632692]"
103,664851_2023-11-16_B-44,PoT,True,"[  65.45785966   65.50055956   65.53462615 ... 6682.90039231 6684.66082155
 6685.42585311]"
104,664851_2023-11-16_B-45,PoT,True,"[  29.54244307   30.7641069    34.99499707 ... 6689.99590916 6690.57904114
 6691.07473999]"
105,664851_2023-11-16_B-48,PoT,True,"[  47.53006796   47.53263462   50.61949412 ... 6691.59253879 6691.68503857
 6691.76997171]"
106,664851_2023-11-16_B-50,PoT,True,"[  20.17886481   21.16742918   23.33465748 ... 6691.28027285 6691.29763947
 6691.44503913]"
107,664851_2023-11-16_B-51,PoT,True,"[  24.93685376   29.06864417   33.02473498 ... 6687.03611604 6688.95111159
 6690.56284118]"
108,664851_2023-11-16_B-53,PoT,True,"[  20.15056488   20.26199795   20.2723646  ... 6691.62597204 6691.63007203
 6691.80440496]"
109,664851_2023-11-16_B-56,PoT,True,"[ 902.70631536  902.72204866  913.64848995 ... 6690.3946749  6690.71184083
 6690.73167412]"
110,664851_2023-11-16_B-57,PoT,True,"[  20.53789731   20.87709652   20.89082983 ... 6691.6304387  6691.6711386
 6691.79133833]"
111,664851_2023-11-16_B-58,PoT,True,"[  20.22379804   20.27139793   20.29716454 ... 6691.74867176 6691.76147173
 6691.76867171]"
112,664851_2023-11-16_B-59,PoT,True,"[  23.97168934   25.24201972   27.33044821 ... 6691.48753903 6691.58117215
 6691.74783843]"
113,664851_2023-11-16_B-60,PoT,True,"[  20.33686445   21.3624954    21.94532738 ... 6690.82150724 6691.5710055
 6691.63347203]"
114,664851_2023-11-16_B-61,PoT,True,"[  20.93406306   21.53572833   21.84769427 ... 6691.41610586 6691.48930569
 6691.70510519]"
115,664851_2023-11-16_B-62,PoT,True,"[  23.05185814   66.2473245    82.18505415 ... 6690.39824156 6691.03840674
 6691.17547309]"
116,664851_2023-11-16_B-63,PoT,True,"[  20.50579739   22.5801259    23.85535628 ... 6691.46237242 6691.72130515
 6691.75737174]"
117,664851_2023-11-16_B-67,PoT,True,"[  20.51093071   23.55055698   24.23692206 ... 6691.6751386  6691.69507188
 6691.70413853]"
118,664851_2023-11-16_B-68,PoT,True,"[  20.53416399   20.61779713   20.66506368 ... 6691.66717195 6691.71153851
 6691.76803838]"
119,664851_2023-11-16_B-69,PoT,True,"[  20.1395649    20.16693151   20.23219802 ... 6691.77733836 6691.78487167
 6691.80523829]"
120,664851_2023-11-16_B-70,PoT,True,"[  20.46449748   20.55609727   21.12719594 ... 6691.21843966 6691.5133723
 6691.6713386 ]"
121,664851_2023-11-16_B-71,PoT,True,"[  20.15883153   20.59096386   20.61673046 ... 6691.5586722  6691.66890528
 6691.79180499]"
122,664851_2023-11-16_B-74,PoT,True,"[  20.12089828   20.18883146   20.24419799 ... 6683.22885821 6684.93738758
 6689.32471072]"
123,664851_2023-11-16_B-75,PoT,True,"[  20.44903085   20.46969747   20.63266376 ... 6690.10767557 6690.69484087
 6690.99680684]"
124,664851_2023-11-16_B-77,PoT,True,"[  20.24743132   20.27889791   20.32603114 ... 6691.20503969 6691.39130592
 6691.53337226]"
125,664851_2023-11-16_B-78,PoT,True,"[  20.94709636   31.09720612   39.39255353 ... 6691.30933945 6691.41430587
 6691.65510531]"
126,664851_2023-11-16_B-80,PoT,True,"[  22.05856045   22.06336044   24.2168221  ... 6691.59490545 6691.66337196
 6691.74000511]"
127,664851_2023-11-16_B-81,Eth,True,"[  21.59369486   23.23135772   25.24388638 ... 6691.13523985 6691.1707731
 6691.1872064 ]"
128,664851_2023-11-16_B-82,PoT,True,"[  20.25289797   20.31666449   20.56013059 ... 6691.53003893 6691.54850556
 6691.64197201]"
129,664851_2023-11-16_B-83,Eth,True,"[  20.22059805   20.54983062   20.55339728 ... 6691.39473925 6691.43413916
 6691.50450566]"
130,664851_2023-11-16_B-85,Eth,True,"[  21.39902865   21.54346164   21.55036163 ... 6689.80737627 6690.40320822
 6691.21780632]"
131,664851_2023-11-16_B-88,Eth,True,"[  20.20536475   20.2563313    20.47016414 ... 6691.68713857 6691.71127184
 6691.74537177]"
132,664851_2023-11-16_B-89,Eth,True,"[  20.17649815   20.31539783   20.35863106 ... 6691.60860542 6691.790005
 6691.79367165]"
133,664851_2023-11-16_B-90,Eth,True,"[  20.27889791   20.85086325   21.12769594 ... 6691.45553911 6691.53513892
 6691.76470505]"
134,664851_2023-11-16_B-91,Eth,True,"[  27.78638048   32.72390235   32.81890213 ... 6691.70863852 6691.72130515
 6691.73587179]"
135,664851_2023-11-16_B-93,Eth,True,"[  20.09389834   20.09653167   20.10473165 ... 6691.69003856 6691.76040506
 6691.79243832]"
136,664851_2023-11-16_B-94,Eth,True,"[  21.74199452   22.17086019   22.5656926  ... 6689.59427676 6690.39317491
 6690.95684026]"
137,664851_2023-11-16_B-95,Eth,True,"[  20.31113117   20.35393107   20.66523035 ... 6691.57883882 6691.75277175
 6691.78623834]"
138,664851_2023-11-16_B-96,Eth,True,"[  20.62229712   20.66059703   20.77759676 ... 6691.33893938 6691.67807192
 6691.72380515]"
139,664851_2023-11-16_B-98,Eth,True,"[ 246.84607177  430.03447969  553.83989219  670.34032164  780.97223139
  848.26650845  886.00155416  896.7929291   935.12577341  949.94103901
  959.30381726 1019.47131087 1040.31336247 1081.40666704 1129.18705608
 1139.68786503 1164.00054191 1191.03781245 1246.80171629 1272.17425737
 1300.35962525 1326.2152652  1329.68245715 1346.03145252 1362.30174807
 1363.23371257 1363.41944547 1371.02056115 1371.75179279 1371.90242577
 1375.19121814 1388.69985343 1391.57598009 1393.7935416  1427.90899571
 1445.53375478 1450.74800934 1464.11421163 1464.21111141 1493.33457711
 1502.06409017 1525.66953535 1543.47302734 1556.98982929 1629.83706012
 1651.75387589 1664.90377868 1670.7515651  1699.42299852 1700.54172926
 1705.39445132 1707.30328022 1710.40207302 1738.31444154 1752.18794265
 1754.15807141 1760.80735597 1761.50325436 1770.8552993  1771.17856522
 1801.48572817 1811.09650585 1817.64689064 1818.06848966 1839.38627349
 1848.81668492 1867.81330748 1886.8506966  1892.69728302 1909.76627672
 1947.53842233 1957.011867   1971.60113312 1972.9588633  1980.97874468
 1988.92472623 1992.47748464 2000.73203214 2001.92032938 2006.34405244
 2013.2654697  2017.79219252 2032.23855897 2035.16795217 2051.47251431
 2051.57241408 2085.48340199 2128.23316938 2146.40212719 2150.14065184
 2168.84300841 2216.40423129 2222.69341669 2258.29220069 2260.16229634
 2262.6933238  2284.30780694 2285.30343796 2302.36973166 2308.29178458
 2313.27937299 2315.54830106 2316.47483224 2317.39659677 2317.40306342
 2317.47776324 2323.36681623 2326.11237652 2340.16417723 2354.30267773
 2359.23056628 2380.45295033 2385.65827158 2393.29465384 2394.1730518
 2396.00214756 2398.9409074  2409.05238392 2412.05061029 2412.22474322
 2417.75729704 2418.53636189 2430.82636669 2435.85892167 2440.00314538
 2441.0959095  2454.99964388 2473.39260117 2490.38162838 2490.39989501
 2515.28320389 2528.81983912 2528.92677221 2563.10489284 2570.64717532
 2573.74550146 2575.18549811 2576.08402936 2582.55848099 2592.02595901
 2595.94974989 2596.763748   2612.71511096 2619.00309636 2624.89848267
 2625.46148136 2626.81544488 2646.06096686 2650.31555698 2653.66221587
 2671.07004211 2685.00597642 2695.49835205 2713.5365435  2725.90531477
 2732.50783277 2736.42402368 2745.80563523 2754.91568074 2758.14017325
 2780.23742193 2793.69435735 2796.20911818 2796.96971641 2798.78781219
 2800.97794043 2813.11557891 2813.1373122  2814.95240798 2817.95456768
 2819.25753132 2821.07196044 2821.1754602  2821.39102636 2821.72442559
 2822.85135631 2822.8980562  2826.87584696 2829.17480829 2830.46163863
 2838.20055399 2846.74040083 2848.58362988 2848.7613628  2848.76882945
 2848.80296271 2851.00802425 2851.32915684 2857.40030941 2862.00063206
 2864.96125852 2897.34434998 2900.6534423  2901.25750756 2909.14482258
 2909.88382086 2914.47854352 2936.61622545 2937.3693237  2962.50686532
 2964.17549478 2964.21666135 2968.64965106 2969.29471623 2972.77184149
 2973.40334002 2979.14369336 2980.75105629 2981.73425401 2983.39541682
 2984.13931509 2988.87007077 2989.69253553 3018.17003606 3018.86893444
 3020.3929309  3021.98786053 3022.64729233 3028.55691194 3050.30526143
 3068.24398644 3074.55240513 3086.32131113 3086.63157708 3089.75843648
 3090.65610106 3100.03277929 3104.44413571 3104.61990197 3109.4002242
 3110.5342549  3112.36808398 3122.76929315 3125.24815406 3131.24500681
 3131.56000607 3131.94017186 3139.99158649 3141.54688288 3144.42374287
 3144.62960906 3147.32600279 3147.50773571 3148.95476568 3151.16836054
 3153.0238229  3163.2140659  3167.60278904 3167.87695507 3168.72621976
 3170.07841662 3170.41298251 3171.17491408 3188.57190701 3188.61534024
 3188.64264018 3189.10420578 3191.86859936 3194.5184932  3201.41454385
 3206.38636564 3206.6322984  3209.48575844 3216.78840815 3220.96309846
 3222.23416217 3222.51192819 3226.67898518 3229.44114544 3242.35424878
 3242.54588167 3244.05891149 3246.31053959 3259.52864223 3259.72334178
 3265.35456204 3271.57771425 3274.66487375 3275.67570473 3278.12423238
 3278.92779718 3283.26645377 3283.6727195  3288.37150858 3288.87177409
 3293.44363014 3300.86081291 3302.2465097  3302.88934154 3311.89618729
 3312.94695151 3312.97578478 3313.35088391 3313.36061722 3320.98953284
 3322.03916373 3328.56321525 3331.73637455 3332.44073958 3332.63687246
 3334.77886748 3337.93189349 3341.65368485 3351.50019532 3351.71832814
 3352.83379222 3353.28105785 3353.62262372 3354.46982175 3377.98380048
 3378.26103317 3378.28549978 3378.47873267 3385.86568218 3388.77960875
 3392.91683247 3395.38592674 3399.47308391 3403.74630732 3404.98037112
 3405.66893619 3405.73103605 3405.7648693  3405.78900258 3408.48092966
 3414.77108172 3414.81268162 3415.59354648 3416.05967873 3418.77420576
 3423.96356037 3426.80555377 3429.90191325 3432.22387452 3439.48085767
 3440.33202236 3442.67481692 3442.95311627 3445.39027728 3445.54531025
 3448.5388033  3449.82523365 3457.48584919 3466.65216124 3466.66582787
 3492.4332347  3493.10279981 3494.52072985 3500.67158224 3502.91571036
 3503.95914127 3504.72630615 3505.30787147 3512.08012241 3512.23162206
 3513.96745136 3521.53533379 3521.54273377 3522.85843071 3527.08025424
 3531.17527807 3534.56807019 3536.10796661 3537.59136317 3537.85502922
 3541.37468771 3541.4549542  3543.11248368 3544.54948034 3546.92100817
 3550.99043205 3553.85135874 3553.86989203 3554.25589113 3555.4928216
 3558.05001566 3563.23927027 3568.3955583  3572.72288158 3573.09814738
 3576.79870545 3593.53783325 3595.62759506 3598.58502152 3599.48175278
 3604.06604213 3614.47815128 3618.22484258 3636.29900061 3636.6211332
 3639.34916019 3645.87211171 3645.8756117  3648.75817168 3684.64678833
 3695.12423067 3706.91726995 3706.92586993 3724.86062828 3733.43334171
 3741.37655659 3751.32490016 3759.14861532 3759.89708025 3761.79624251
 3765.55470045 3770.73472175 3780.80006504 3789.47141157 3795.90299664
 3797.16486037 3798.1423581  3798.91388964 3801.58318345 3805.21707501
 3817.33824686 3818.63551051 3826.17389301 3828.46625435 3832.69214454
 3846.0564135  3846.09331342 3850.68403609 3850.68916941 3853.88382866
 3854.12002811 3854.21149456 3854.44212736 3854.51069387 3856.36245623
 3856.84675511 3858.36438492 3858.45368471 3861.00984544 3870.50602339
 3881.81483046 3885.21448923 3889.91684498 3906.92703881 3916.04091765
 3918.14117944 3919.03264403 3919.31537671 3919.54664284 3919.55157616
 3921.19190568 3934.11777567 3934.64297445 3937.561101   3937.81650041
 3940.0608952  3940.83859339 3948.10307652 3956.43635717 3960.99071326
 3962.80724238 3964.43210527 3964.49530512 3969.74222627 3972.45711997
 3991.1295766  3996.73576359 4001.74931861 4006.93123991 4014.25102291
 4016.11408525 4023.19603547 4038.15080074 4043.99618717 4054.29352992
 4062.26634474 4073.3352857  4073.79588463 4073.94965094 4076.51987831
 4077.90997508 4081.11796763 4084.96995868 4088.41761734 4088.95118277
 4095.31880132 4097.81649552 4099.71665777 4101.58895342 4103.54908221
 4127.37419354 4138.24630163 4146.48201584 4147.22488078 4150.01764096
 4158.09978886 4168.04653243 4171.36135806 4177.96427606 4195.60593509
 4197.83319659 4203.252884   4203.90388249 4204.54411434 4204.688514
 4205.41464565 4205.56711196 4214.90502361 4216.17262067 4225.30939945
 4228.88195782 4228.90322443 4232.78801541 4233.97731265 4234.30751188
 4238.87040129 4239.61449956 4245.54418579 4246.07818455 4248.86864474
 4251.48777199 4252.31677006 4261.85251459 4265.68410569 4265.73833889
 4277.73554437 4280.86150377 4284.93512765 4294.15070625 4295.2035038
 4302.55678673 4302.57872001 4307.61037499 4308.47550631 4315.4281235
 4322.3326408  4325.07870109 4326.78876379 4334.47894593 4335.87534269
 4340.47029868 4341.88926205 4343.5908581  4344.82515524 4350.89907446
 4351.77437243 4355.34273081 4373.67918823 4374.40921987 4378.6886766
 4385.16326156 4385.91809314 4391.79547949 4392.92237687 4407.79107568
 4408.70994021 4411.80569969 4414.8443593  4422.05567589 4426.43536572
 4432.93531729 4436.56887552 4438.66790398 4442.92966075 4447.21541746
 4447.32481721 4457.70672643 4458.00145908 4463.99861182 4470.9116291
 4470.92572906 4474.53438735 4477.02268157 4481.23200513 4482.59683529
 4483.18576726 4484.77543024 4487.51299054 4499.13649689 4500.11052796
 4504.70125063 4516.01622435 4518.19775262 4524.00010581 4527.11399858
 4527.67403061 4527.68873058 4531.61045481 4537.85467364 4544.42862504
 4545.56278907 4551.96044088 4558.30342615 4558.85395821 4567.59280458
 4570.34489819 4580.28347511 4581.12667315 4586.95362629 4588.6823556
 4595.01767423 4599.74106326 4600.22376214 4604.42035239 4614.67506191
 4616.77709036 4620.50148171 4631.72158899 4633.17635228 4644.97429155
 4654.19637013 4654.6994023  4655.99276596 4656.22819875 4662.80138348
 4663.17114929 4664.23114683 4664.65344585 4665.91634291 4669.78046727
 4678.45374713 4681.10647431 4681.71933955 4683.25233599 4685.78099678
 4688.82605638 4702.3517583  4710.17677346 4711.27710424 4715.65209408
 4721.80484646 4724.48267358 4728.320998   4731.94692291 4770.5772332
 4779.5786123  4779.91577818 4781.16787527 4793.47328003 4799.80813198
 4801.71082757 4805.16085289 4812.66270213 4816.01306102 4816.85815906
 4821.51128158 4824.24730856 4824.61764104 4828.50383201 4833.64898673
 4837.20534514 4853.06904163 4867.23274207 4877.27561875 4882.79100594
 4886.09636493 4886.65649697 4887.20869568 4910.08960922 4910.86727408
 4933.07412251 4935.85688271 4940.20953927 4950.76638142 4953.03700948
 4956.76180083 4960.91205786 4963.76848456 4972.40286451 4973.62746167
 4976.45765509 4984.78723575 4991.22688746 5001.56443012 5002.03739569
 5005.46892106 5018.78492347 5028.41200111 5028.49550091 5028.81616684
 5029.8662644  5030.470063   5046.31982619 5055.33577192 5064.6013504
 5065.2477489  5074.08569504 5081.53441108 5085.60423496 5106.66068606
 5107.25301802 5114.08176883 5119.18502364 5132.19582676 5151.48878196
 5154.23610891 5158.25696624 5171.53230208 5171.5512687  5172.8884656
 5178.00372039 5195.60507951 5195.63601277 5197.29657558 5206.40662109
 5221.53928595 5230.58726494 5241.54437283 5258.25613402 5264.37888647
 5265.7571166  5270.30763937 5283.33817577 5285.26060464 5298.02520833
 5300.79483523 5301.26103415 5310.64881235 5313.22333971 5325.56527771
 5327.87843901 5330.98853178 5331.46016402 5335.06882231 5346.58012891
 5351.21861814 5367.09798126 5380.03821788 5383.04327757 5386.42283638
 5387.43893403 5391.40389148 5391.9150903  5392.28408944 5397.11241156
 5399.52580596 5402.11269995 5403.20646408 5405.02305986 5407.40865432
 5410.80671309 5422.13732011 5432.44906283 5438.84841464 5444.61266792
 5444.8236341  5461.02166315 5469.71864295 5472.64263616 5473.19583488
 5473.9042999  5487.9694339  5488.83179857 5496.08048173 5498.52594272
 5500.21500546 5508.89881863 5511.47331265 5515.63133633 5524.67374866
 5528.3484068  5532.22796446 5539.78434691 5540.15651271 5545.30616742
 5546.04639903 5549.27812486 5551.49731971 5561.13389733 5580.80915164
 5581.32738377 5588.86009961 5596.83141443 5596.83738108 5599.35780856
 5599.74730766 5602.50416792 5606.50192531 5611.27724755 5613.25587629
 5613.86077488 5622.4932215  5625.36401484 5628.19207494 5633.81699521
 5634.81982621 5645.77660077 5655.07254585 5655.37357848 5656.08637683
 5658.60390431 5661.86496341 5662.10486285 5668.29571514 5671.76194042
 5671.81310697 5672.26873925 5676.04083049 5683.10021409 5688.31023533
 5689.55236578 5693.24442387 5699.790642   5713.96940907 5724.18398535
 5730.85786985 5737.46402118 5748.5079622  5748.57739537 5749.30292702
 5751.43982206 5768.52034906 5768.52568238 5770.10234538 5770.96621005
 5779.07222455 5781.15841971 5781.22385289 5785.52967623 5792.07602769
 5793.58799085 5798.06721378 5803.25643506 5804.90169791 5812.00261475
 5815.19850733 5816.04140537 5819.03516508 5819.99412952 5822.37669066
 5824.79011839 5826.37554804 5827.77061146 5827.82631134 5832.57500031
 5840.77558126 5845.98293584 5849.18706173 5853.39875195 5869.21598188
 5873.35777227 5877.72432879 5879.19652537 5880.20302304 5887.62873913
 5890.54669902 5890.89496487 5894.10432409 5903.28840276 5912.5436146
 5917.75996915 5932.56343478 5941.52141397 5948.43473125 5958.49384123
 5963.3569966  5968.52571793 5969.9874812  5994.21725827 6011.30918524
 6024.16425539 6039.08225408 6039.41821997 6043.46011058 6052.36675656
 6061.35313569 6063.5020307  6068.56371895 6073.82544006 6074.12897269
 6083.09865186 6099.38964736 6112.43481707 6117.69087153 6117.83183787
 6118.69873586 6119.8438332  6123.22662534 6125.4844201  6134.16809993
 6152.21245803 6161.7117693  6163.87956427 6181.81475595 6184.39771662
 6185.26334794 6191.22466743 6204.68670284 6212.7267175  6214.91534575
 6216.87537453 6221.68719669 6237.02302774 6246.26843961 6246.7045386
 6250.25506368 6273.69754258 6280.6210265  6289.89903829 6290.59327001
 6294.18239501 6298.7493844  6308.52332837 6320.27516775 6332.04070709
 6345.14560999 6345.52087579 6359.68390956 6359.73360945 6373.55301069
 6381.19052629 6388.82914188 6391.2300363  6403.23810842 6406.62780055
 6407.00136635 6411.10675681 6428.66958269 6429.36324775 6449.60056742
 6449.72316714 6456.03051915 6457.18131648 6464.564566   6467.33515957
 6468.00929134 6478.46796705 6496.45525861 6507.75259904 6511.05329138
 6519.8992375  6528.16345164 6540.75838906 6545.8939438  6556.03052026
 6565.3859652  6566.36902959 6567.35189397 6570.29822046 6570.68188624
 6571.68071725 6572.54298192 6583.7178893  6583.75695588 6583.85625564
 6584.7379536  6586.7444156  6589.37294283 6589.38960946 6590.46170697
 6591.44077136 6593.42316676 6599.5347859  6599.74935207 6601.89788041
 6602.86264484 6618.99030739 6633.9972392  6636.26183395 6639.6127595
 6639.76725914 6642.87871858 6643.46705055 6648.71210503 6660.34361136
 6663.73703681 6667.49039476 6667.49542808 6672.20158382 6672.83541568
 6672.99674864]"
140,664851_2023-11-16_B-99,Eth,True,"[  20.15616487   20.19733144   20.74569683 ... 6691.45330578 6691.47917238
 6691.79887164]"
141,664851_2023-11-16_B-100,Eth,True,"[  21.59199486   22.78355876   22.83929197 ... 6690.85954049 6690.94714029
 6691.75713841]"
142,664851_2023-11-16_B-102,Eth,True,"[  26.92641581   28.47641221   28.93351115 ... 6690.11847554 6690.97377356
 6691.40727255]"
143,664851_2023-11-16_B-106,Eth,True,"[  20.09533167   20.14423156   20.15653153 ... 6691.56477219 6691.68030525
 6691.74783843]"
144,664851_2023-11-16_B-108,Eth,True,"[  20.17719815   20.23636468   20.29539788 ... 6691.23683961 6691.39857257
 6691.42410585]"
145,664851_2023-11-16_B-109,Eth,True,"[  21.18552914   25.76468517   31.295639   ... 6691.54737223 6691.66600528
 6691.74160511]"
146,664851_2023-11-16_B-110,Eth,True,"[  23.54912365   23.73105656   24.17615553 ... 6690.8681738  6690.94847362
 6691.06100669]"
147,664851_2023-11-16_B-111,Eth,True,"[  20.19453144   20.21063141   20.53843064 ... 6691.67060527 6691.71807183
 6691.78793833]"
148,664851_2023-11-16_B-112,Eth,True,"[  20.08913169   20.11173164   20.17566482 ... 6691.75707174 6691.7717717
 6691.78120502]"
149,664851_2023-11-16_B-114,Eth,True,"[  20.15026488   20.16196485   20.20803141 ... 6691.76187173 6691.78360501
 6691.789905  ]"
150,664851_2023-11-16_B-117,Eth,True,"[  20.54853062   20.96506299   21.27159561 ... 6677.19167223 6677.65200449
 6679.6023333 ]"
151,664851_2023-11-16_B-120,Eth,True,"[  20.48759743   20.51873069   20.62659711 ... 6691.62227205 6691.75387175
 6691.78127168]"
152,664851_2023-11-16_B-121,Eth,True,"[  24.02905587   40.7542837    52.4644565  ... 6553.84425867 6566.53812919
 6642.30445325]"
153,664851_2023-11-16_B-123,Eth,True,"[  20.26079796   20.31853116   20.36426438 ... 6685.33158666 6687.47938167
 6690.77137403]"
154,664851_2023-11-16_B-124,Eth,True,"[  20.11336496   20.14553156   20.22919803 ... 6688.28101314 6690.49597467
 6691.51393897]"
155,664851_2023-11-16_B-134,LP,True,"[  20.29746454   20.58113055   21.01516287 ... 6675.97334173 6682.39619348
 6683.3642579 ]"
156,664851_2023-11-16_B-159,LP,True,"[  23.04392483   24.67515437   25.0068536  ... 6687.49481497 6688.31974639
 6691.22087298]"
157,664851_2023-11-16_B-160,LP,True,"[  20.13266492   20.28493123   20.32943113 ... 6691.11237324 6691.5437389
 6691.68280524]"
158,664851_2023-11-16_B-161,LP,True,"[  20.18409813   22.95725836   23.00995824 ... 6690.81830725 6690.94157363
 6691.80427163]"
159,664851_2023-11-16_B-162,LP,True,"[  20.09123168   20.76256346   20.76789678 ... 6691.03164009 6691.36150599
 6691.40593922]"
160,664851_2023-11-16_B-163,LP,True,"[  20.12299828   20.15926486   20.22793137 ... 6688.72924544 6688.87681176
 6690.87184046]"
161,664851_2023-11-16_B-164,LP,True,"[  20.53289732   20.82409665   20.87806319 ... 6691.21910632 6691.30990611
 6691.78133835]"
162,664851_2023-11-16_B-165,LP,True,"[  20.49296408   20.50923071   20.51863069 ... 6690.75110741 6690.76594071
 6691.59333879]"
163,664851_2023-11-16_B-167,LP,True,"[  20.31916449   20.33353112   20.60953048 ... 6690.37500828 6691.43550582
 6691.44747246]"
164,664851_2023-11-16_B-169,LP,True,"[  20.526764     20.58246388   20.85662991 ... 6691.63787202 6691.72783847
 6691.75200508]"
165,664851_2023-11-16_B-173,LP,True,"[  20.18109814   20.52869733   20.57723055 ... 6688.52287925 6689.08081129
 6689.69860985]"
166,664851_2023-11-16_B-185,DG,True,"[  24.75742085   24.978887     25.77655181 ... 6690.79047398 6690.97567355
 6691.58587214]"
167,664851_2023-11-16_B-186,DG,True,"[  20.43163089   20.59253052   20.72689687 ... 6691.55383888 6691.57477216
 6691.64787199]"
168,664851_2023-11-16_B-195,CA1,True,"[  32.12297041   39.25485385   39.51978657 ... 6677.65830448 6680.31416498
 6682.48669327]"
169,664851_2023-11-16_B-196,CA1,True,"[  27.61234755   28.9120112    29.09231078 ... 6684.9967541  6687.54878151
 6691.13613985]"
170,664851_2023-11-16_B-197,CA1,True,"[  54.9361841    63.6069973    86.77007684   86.77731015  121.82292877
  129.06837861  167.75972209  213.27651639  235.62099784  247.58103673
  256.05965037  359.1822109   361.01163998  392.9844324   450.38146577
  472.36338139  476.77600448  493.24343291  498.64388703  505.1885385
  558.10531561  570.4843202   582.49009232  618.09244297  620.73303684
  623.21636441  632.62994255  634.69927108  637.61433097  695.51222985
  709.33499775  709.55759724  757.12038678  767.89989508  773.24278268
  782.60506094  785.80218684  786.61048497  793.7316351   800.90661843
  805.43690791  811.0127283   831.47091412  833.88494185  835.53997134
  837.80513275  855.19515903  869.79252513  876.63597591  903.86851266
  905.83764142  917.74324711  926.70079298  931.68908139  935.46937261
  941.94552424  943.87455309  956.66219006  957.7087543   967.45009835
  981.87416485  990.91644385 1000.12568913 1000.69025449 1005.03227774
 1005.18371072 1011.15929684 1013.14785889 1079.49017149 1094.37303693
 1096.28009917 1099.38542529 1105.18941181 1106.31060921 1121.82927317
 1131.87588317 1138.35716812 1139.06716647 1139.33419919 1146.20181657
 1157.34095737 1165.73597121 1185.19545935 1186.90565538 1231.43685197
 1247.01691579 1249.59554313 1251.13880622 1260.75468389 1264.03514293
 1267.43563504 1271.61765866 1280.87693716 1281.3314361  1295.61640293
 1314.33955945 1319.84028001 1321.05044386 1321.93554181 1336.40777487
 1336.56900783 1359.02462234 1361.99448211 1363.08777958 1381.45670359
 1400.23805997 1402.05142243 1408.66627373 1408.8076734  1410.00920395
 1412.40966504 1421.29951106 1427.85969583 1441.33826453 1449.56694542
 1459.05465672 1459.12868988 1483.03433436 1505.10141645 1509.59230602
 1509.91677194 1513.03586469 1520.38668095 1534.39501509 1534.72371433
 1534.89038061 1537.65420752 1537.66527416 1537.70517407 1537.80290718
 1548.31781609 1554.39270198 1554.40783528 1557.68502767 1563.430681
 1572.91932563 1579.87830947 1589.9247528  1613.92956372 1614.7133619
 1614.99962791 1625.56183671 1627.732665   1631.00305741 1633.67041788
 1636.68201089 1636.68971087 1644.57789255 1651.25611038 1654.56806935
 1668.59383678 1676.80825104 1680.0275769  1687.19486025 1691.40518381
 1691.91741595 1708.74064355 1708.82794335 1723.98547481 1730.57295952
 1734.36768404 1741.26163469 1746.89062162 1784.07440194 1787.17709473
 1787.22386129 1792.11001661 1804.28928833 1834.61431791 1840.2015716
 1847.17648873 1848.59768543 1866.2086112  1867.2150422  1884.05543642
 1892.42718365 1906.03321872 1916.00486223 1921.73748225 1929.94979651
 1947.33195615 1956.4516683  1970.12086989 1988.64126022 2006.34148578
 2007.04108415 2007.16218387 2008.45758087 2009.09051273 2012.03750589
 2067.97817598 2076.21232352 2089.06022702 2102.19382985 2112.42293943
 2114.64563427 2122.69334891 2132.84425868 2141.17723932 2148.68988854
 2149.16682077 2152.37044666 2162.61958953 2167.24321213 2168.51777583
 2168.89427496 2169.27220741 2170.33127162 2184.06490639 2194.08598312
 2196.27244471 2205.9830555  2216.5011644  2226.05134222 2232.22069456
 2235.81588622 2237.9880145  2241.60080612 2243.53846828 2249.26578832
 2285.86743665 2294.75874934 2312.43227496 2320.73995567 2329.57766848
 2346.12489672 2346.39609609 2350.82985246 2359.5971321  2364.34972106
 2367.70421327 2369.69664198 2369.99627462 2380.31271732 2390.0271281
 2402.37719942 2410.60931364 2412.604409   2413.98023914 2418.30719576
 2418.36282896 2418.48969533 2419.43502647 2424.13391556 2444.29220208
 2454.18424578 2457.93983706 2464.05068953 2482.60414645 2488.99206494
 2489.01686489 2491.46199254 2505.25722717 2515.26243727 2515.63203641
 2517.91859777 2520.24679236 2520.32805884 2526.22487848 2527.60017529
 2536.22462192 2543.33337208 2574.94039868 2575.42379756 2575.98526292
 2580.82871834 2581.47461684 2601.26393755 2605.58312752 2605.71879388
 2619.23986248 2620.65492586 2631.46476742 2644.48117053 2652.94691753
 2659.05607001 2662.09932961 2670.59314322 2671.30490823 2672.26563934
 2686.79057227 2691.70306087 2703.50103347 2718.28233247 2740.49434756
 2749.97462554 2773.82587016 2781.40025257 2782.56528319 2791.13519663
 2791.49729578 2804.6798985  2807.77142466 2813.95137697 2818.55339962
 2819.92369644 2820.98389398 2822.28195763 2825.80604944 2826.17871525
 2827.64754517 2841.16978043 2857.53774242 2857.78410852 2858.33864056
 2861.73789933 2871.24821058 2872.99360653 2877.29499654 2881.0594878
 2881.62021983 2894.05845761 2898.18438136 2899.50014497 2899.82361089
 2922.59292468 2922.91789059 2929.23674259 2934.57946351 2964.75049345
 2977.52623045 2980.98575574 2982.95178451 3002.89520487 3011.29155203
 3030.96853967 3035.17376324 3037.85402368 3037.97962339 3041.92341423
 3044.36317523 3045.84640512 3074.15607271 3075.32740333 3081.07682331
 3091.56639895 3093.69726067 3096.30288795 3098.79681549 3119.56940059
 3146.02053916 3153.40285535 3165.96959283 3167.86682176 3169.87095044
 3171.21808064 3179.48419478 3182.09875538 3193.18982962 3201.04667804
 3201.20491101 3202.75340741 3206.96636429 3207.23219701 3210.64468909
 3215.01214561 3218.61270392 3219.82006778 3224.03372466 3226.92478461
 3246.49927249 3250.45852996 3256.65464891 3258.21817861 3264.16703146
 3264.34149772 3264.91532972 3276.66930243 3299.78294875 3314.4336814
 3314.43734805 3315.09224653 3327.07085205 3332.70137231 3332.97313834
 3341.71971803 3380.53179457 3393.24443171 3396.23219144 3396.39849105
 3401.71187871 3405.18040399 3408.55559615 3411.71722215 3413.75328408
 3425.17522423 3428.31501693 3431.72307569 3453.33515883 3454.61812252
 3463.80596785 3477.90213511 3477.94053502 3478.77923308 3483.12105633
 3483.981921   3489.56650803 3511.8821562  3542.31181887 3545.10004573
 3549.11313641 3565.90256409 3570.32592048 3582.24972613 3598.19582243
 3609.69352906 3612.78218856 3613.8389861  3638.425829   3663.72300359
 3669.59962328 3677.26583881 3695.05769749 3695.25916369 3696.07549513
 3696.88155992 3722.14743458 3724.2212631  3728.72341931 3738.41746347
 3758.04431789 3765.81443318 3772.25731821 3772.82811689 3821.71100337
 3823.34586624 3834.37830729 3842.8140877  3869.02876015 3874.01621524
 3892.55150553 3904.27127831 3905.10637637 3909.44676629 3909.60446593
 3923.54226689 3927.75482378 3927.9152234  3933.39224402 3934.46000821
 3952.10926722 3970.001359   3980.14740211 3981.98586451 3986.68602026
 3988.1598835  3995.61513285 3996.01909858 4018.03504746 4023.69606764
 4027.28455931 4036.67507084 4039.44239774 4063.4340087  4070.74549172
 4092.53747444 4096.35773224 4120.85024203 4125.89343032 4131.33661768
 4133.29204647 4133.43107948 4145.10898569 4162.40747885 4172.74178819
 4196.38779994 4204.69384732 4206.5426097  4206.56750964 4230.26568794
 4232.39508299 4237.49207116 4237.74973722 4239.45469993 4239.49849983
 4263.34961111 4265.05400715 4278.09677686 4306.5306775  4308.09467387
 4308.11620715 4323.44327156 4331.14308701 4332.59925029 4334.59707899
 4335.78834289 4335.93717588 4340.38593221 4343.4612584  4359.17258858
 4359.30162162 4371.93489228 4373.76202137 4376.03364943 4382.30580153
 4393.78260821 4403.43345247 4412.25899864 4412.40133164 4413.13159661
 4440.65686602 4441.48766409 4444.16135789 4457.02299468 4466.57840583
 4470.85906255 4473.40092332 4479.77254185 4482.14446968 4486.91122528
 4513.75996293 4516.25489047 4529.00482752 4531.3257888  4541.50463183
 4542.57756267 4545.40922276 4550.29587808 4565.10001037 4572.25812708
 4607.59311169 4608.26614346 4616.90862339 4622.49591041 4636.6407109
 4650.50461204 4655.3278675  4655.35553411 4677.68338226 4678.05111473
 4688.47552386 4692.55558105 4693.15461299 4705.59215078 4711.26897093
 4713.54899897 4719.78211782 4725.52693782 4727.54766646 4728.15176505
 4742.00943287 4742.78773107 4779.53474573 4790.61798666 4798.03956942
 4825.03064008 4854.96977055 4863.45005086 4875.83258877 4882.49573996
 4887.22866231 4899.35683414 4912.8817694  4913.2398019  4922.92201275
 4926.92340346 4968.13470775 4980.76671175 4996.98890741 4998.79626988
 5000.20329995 5016.48186215 5036.44484912 5066.11078023 5070.89356912
 5087.44169736 5094.2592482  5094.70201383 5118.79225789 5144.1655323
 5155.80090528 5164.43718522 5196.2709113  5199.42737063 5201.08316679
 5201.84463169 5203.80999379 5205.09245748 5211.88040838 5212.43754042
 5216.93002999 5220.21738902 5228.95673539 5236.75941727 5243.97363385
 5255.71257326 5270.99387111 5283.72240821 5289.36192845 5294.04625091
 5294.77178255 5305.82782355 5309.66888129 5310.7838787  5312.20280874
 5315.98689995 5338.53648092 5343.12057028 5355.82057412 5360.03983099
 5360.38636351 5360.97116216 5391.30902504 5391.95565687 5404.07306206
 5425.72131179 5450.71155376 5464.97862063 5465.16445353 5466.8676829
 5474.719298   5477.70549107 5480.20118527 5495.45541652 5499.01297492
 5506.72799034 5518.49602968 5526.5976442  5534.14399334 5535.9550558
 5549.33519139 5549.84792354 5554.0122472  5555.101378   5557.43253926
 5576.75652772 5589.81466406 5594.95715212 5602.75710067 5609.82878425
 5612.2896452  5616.40656897 5641.63574372 5657.52707348 5666.059787
 5675.56906491 5676.37239638 5679.65812209 5680.99988564 5682.77854817
 5685.95547413 5688.3237353  5689.27679975 5695.41861882 5702.80233501
 5704.13939857 5707.03275851 5709.57748594 5715.66343847 5716.88696896
 5722.73298872 5724.40768483 5734.37112836 5734.90819378 5752.11962048
 5752.1384871  5758.85947149 5771.18614287 5837.45058899 5844.84313848
 5852.17482146 5860.02313657 5860.50433545 5861.29990027 5865.58992364
 5867.39328612 5867.55928573 5868.14498437 5869.73604734 5875.66196692
 5890.98476467 5899.4966449  5903.05330331 5909.70225453 5912.56868121
 5923.55985568 5926.71584836 5927.60867962 5927.92977887 5930.07784055
 5939.68821823 5946.41563594 5957.27081073 5958.72580735 5976.19486679
 5979.64009212 5992.30652937 6004.39583463 6030.81813994 6050.94992652
 6062.18930042 6062.70193256 6063.02209849 6064.21602905 6066.73912319
 6089.066938   6106.05059856 6115.19771065 6120.51116498 6123.63215773
 6137.10249312 6143.25744549 6146.78430397 6160.06347313 6162.03480189
 6175.20967129 6216.38244234 6222.99676032 6230.90740861 6242.7100812
 6281.4373246  6282.63932181 6288.95747381 6297.48358734 6321.98053045
 6340.58595391 6375.91973853 6382.80652253 6387.65661127 6395.89612547
 6421.04676706 6421.61426574 6421.88656511 6423.09929563 6436.80173048
 6438.40302676 6469.38595481 6483.94608766 6486.17511582 6504.84317247
 6516.3262458  6520.24797003 6520.51653607 6563.20283694 6576.08504036
 6576.13067359 6580.0581978  6601.5305146  6611.20452547 6620.12660475
 6639.5257597  6653.38436085 6654.97329049 6660.74641042 6675.50684281
 6675.90007523]"
171,664851_2023-11-16_B-198,CA1,True,"[  20.30029786   20.46236415   20.60106383 ... 6691.1274732  6691.15837313
 6691.17780642]"
172,664851_2023-11-16_B-214,CA1,True,"[ 155.58905036  157.86574507  157.88684502 ... 6689.36214397 6690.05680902
 6691.59830544]"
173,664851_2023-11-16_B-220,CA1,True,"[ 269.08518679 1432.41495191 1674.02949082 ... 6690.6698076  6690.68110757
 6691.3267394 ]"
174,664851_2023-11-16_B-223,CA1,True,"[  20.26133129   20.50899738   21.14966256 ... 6689.2481109  6689.44434378
 6690.50457465]"
175,664851_2023-11-16_B-224,CA1,True,"[ 162.8042336   214.39104714  271.09291546 ... 6691.67367193 6691.69533855
 6691.73597179]"
176,664851_2023-11-16_B-232,CA1,True,"[  21.60006151   43.88557643   64.42676206 ... 6691.4163392  6691.6177054
 6691.73153846]"
177,664851_2023-11-16_B-237,CA1,True,"[  21.81392768   24.10588903   25.81461839   26.49008349   27.26811502
   34.11856577   35.27699642   35.55996243   43.30844443   52.0376575
   59.59047329   60.97527007   68.34511963   74.84660453   75.88903544
   76.1807681    81.08409004   81.387356     87.03337623   89.96266942
   90.08730247   97.09971952  100.34174532  105.25703391  107.19412941
  108.13339389  113.06468244  114.4614792   116.02774223  129.45991103
  137.90289143  142.34598111  149.38433143  157.98794479  158.90024267
  162.6773339   163.6647316   166.93202402  166.95659062  172.15221189
  176.23456908  177.15523361  177.53516606  180.7029587   186.50797855
  190.70740214  199.12604925  204.48617014  204.94816907  214.53324681
  215.89107699  234.91123282  235.27133198  236.21962978  237.04259453
  239.47105556  247.1205378   254.41928751  256.68661558  280.33232734
  284.43478448  288.05557607  304.49977122  311.62725466  319.98213526
  321.75099782  322.29592989  323.3256275   327.00721895  327.54108437
  331.79747449  343.89641306  345.63414236  356.552317    356.63788347
  367.42475842  371.90344802  375.11310723  393.37756482  397.32358899
  397.44112205  398.71468576  401.26254651  403.79037397  408.72596251
  424.34595957  431.08341059  448.54877003  455.12022144  458.00724807
  469.49615472  472.1903818   476.38400539  505.2015718   505.3462048
  508.39749771  517.74367601  520.68313585  520.9631352   522.82889753
  523.3909629   530.45851315  537.76852951  537.81526273  538.57072764
  539.18962621  540.05762419  541.68132042  544.31371431  544.82417979
  560.41491025  567.48916049  575.47577527  582.50972561  584.31712141
  592.40993595  608.48663195  609.07979724  613.25292088  613.26785418
  613.7304531   618.45704213  618.56070855  621.02080284  623.00216491
  630.32481457  635.91576825  639.81982585  646.32994407  648.85147154
  648.95067131  653.45282753  662.78017253  666.84252976  671.06881995
  677.50417167  682.64345974  682.78625941  683.75252383  684.03188985
  684.21648942  695.83929576  696.83109346  696.92305991  701.64914893
  705.71437283  706.47543773  708.22116701  709.11489826  711.94889168
  716.12991531  717.76264485  723.89739727  724.56049573  727.11415647
  731.36841325  738.81049597  740.14939286  740.23992598  741.71108923
  753.14566268  765.59863376  774.50004642  777.30613991  783.82332477
  785.04715526  785.84648674  790.9749415   794.17216741  797.56012621
  798.33185775  800.89408513  803.13971325  810.31222993  812.5173248
  815.16341866  819.32954232  821.00577176  821.78640328  829.6007518
  829.7601181   832.79327772  834.51457372  837.97963234  847.4127771
  847.90610929  855.13002585  859.2425163   863.11280731  866.73999889
  868.55216134  870.58115663  871.7731872   884.8320902   888.44398182
  897.11569501  897.74582688  901.02775259  901.46201825  905.65167519
  906.68717279  912.10679353  914.15865543  920.02180849  927.25849168
  930.04785187  935.0595069   935.16027333  937.2676351   938.58309872
  940.28746142  941.88349105  943.93115296  951.89403447  955.23542671
  956.1295913   956.17992452  969.15159439  973.84628349  976.63271035
  980.53476796  989.26258102  990.59971125 1000.12915579 1000.9269206
 1001.02248705 1012.49382708 1021.22770679 1045.88458287 1060.81381486
 1065.54173722 1070.15239318 1073.08818636 1075.65798039 1080.41040269
 1083.32376259 1090.13924676 1100.57798919 1101.29058753 1105.07381208
 1109.14253597 1110.78853214 1112.61242791 1126.08592995 1140.45529658
 1144.57198702 1145.53475145 1146.23594983 1146.88171499 1150.01047439
 1150.9409389  1161.33531476 1164.535274   1166.22907006 1176.31357998
 1179.2594398  1187.31112111 1187.6152204  1194.97640331 1198.36366211
 1199.64195914 1203.8339494  1212.82959518 1214.79675728 1222.9978049
 1226.98029565 1228.13775963 1232.29921663 1232.8306154  1242.29702675
 1242.37762656 1248.71741184 1263.35387785 1265.5412061  1270.58969438
 1273.36125461 1277.62117805 1277.79174432 1282.47453345 1283.86593022
 1283.98592994 1284.17859616 1286.07085843 1286.39642434 1291.76647853
 1292.27311069 1302.26868748 1304.39708254 1314.46405916 1317.78191812
 1333.43464844 1346.1958188  1348.43474694 1356.57809469 1367.45846943
 1389.74531767 1390.33248297 1392.76221066 1394.78407264 1396.98656752
 1408.28810794 1429.59572513 1467.34343747 1471.1476953  1471.80566044
 1472.49982549 1490.95221598 1495.94997104 1498.5918649  1517.53165425
 1535.07898017 1545.21945662 1578.5876458  1578.68281224 1589.88878622
 1609.80990663 1614.26099629 1625.72683633 1625.80023616 1626.61016761
 1642.69003027 1648.81081606 1651.7754425  1702.02859247 1718.77642024
 1719.60475165 1725.26350518 1725.84310383 1730.44472648 1737.57704325
 1743.15903029 1751.99960976 1761.15812182 1772.96256108 1780.45674367
 1783.0291377  1800.35476413 1804.14638866 1809.3526099  1827.3558681
 1842.78753226 1843.99666278 1866.95030948 1878.36628297 1900.58813137
 1903.86172376 1940.45210546 1941.93170202 1947.88125487 2029.1419995
 2030.56459619 2032.60005813 2052.80514455 2057.53730022 2058.60449775
 2062.2859892  2078.16268566 2091.19545539 2093.67614963 2104.06275885
 2111.42424175 2113.82000285 2133.91578952 2140.310508   2146.78699296
 2168.35780954 2178.39341957 2179.0263181  2193.95835009 2220.85678762
 2244.30523317 2258.58703334 2265.75155003 2268.76994302 2271.39877025
 2273.23229933 2274.68686261 2278.25795432 2281.26981399 2282.10481205
 2294.03901767 2294.30251706 2301.92853269 2302.03399911 2307.80635237
 2316.64976517 2317.28203036 2320.44372302 2332.00539617 2339.67407836
 2339.99244429 2346.64352885 2356.72710543 2377.25325776 2380.38651715
 2382.53227884 2387.32526771 2391.74362411 2402.45053258 2428.00460657
 2432.99549498 2436.69471972 2461.9108945  2480.01628579 2511.69531222
 2518.06279743 2554.52877942 2555.24711108 2556.78254085 2557.87900497
 2574.78686571 2575.59896382 2576.05769609 2576.12179594 2579.31545519
 2582.17691521 2616.40430239 2637.54431997 2649.40529242 2663.36202668
 2672.13903963 2683.60617967 2688.02623607 2690.03406474 2690.26966419
 2691.89369376 2695.80108468 2705.66892843 2706.50489316 2753.83654991
 2758.40037264 2778.03142706 2791.09489672 2792.41579365 2796.17161826
 2812.06521469 2813.51381132 2813.89104378 2817.30820251 2822.15045793
 2822.57379028 2824.77291851 2825.49615016 2825.95724909 2826.46878124
 2826.69474738 2832.02313501 2835.9144593  2836.76149067 2840.78601466
 2873.41430555 2879.79292407 2881.13805428 2908.54212398 2909.84912094
 2921.55359376 2922.54909145 2943.14684362 2946.57960231 2957.46497703
 2964.60586045 2964.8157933  2973.20440715 2990.97039922 2998.44748186
 3010.84421974 3017.91663665 3031.39817201 3050.53872756 3057.46297815
 3057.60887781 3058.09827667 3062.51523308 3070.31741496 3073.11664179
 3096.50502081 3111.83061856 3112.18268441 3117.40337228 3117.92050441
 3137.94265792 3138.88998905 3138.94072227 3161.25270379 3185.16578159
 3205.27926821 3210.23035671 3215.83401037 3221.41533074 3227.76961598
 3228.45958105 3230.92757532 3241.97631633 3245.91277385 3247.99610235
 3255.41001846 3270.26348397 3270.73351621 3280.68575977 3288.75157437
 3314.82558049 3354.32972208 3358.13331325 3360.24237502 3374.2742091
 3387.82151097 3425.78265615 3431.97020845 3435.02173469 3438.72635942
 3453.76399117 3455.46568722 3461.83623909 3475.90050643 3483.08175642
 3500.03441705 3517.42257667 3538.99332658 3543.29491659 3549.30936929
 3551.52173082 3570.52202003 3583.6686895  3583.6839228  3590.08884126
 3593.29566714 3632.80837538 3658.15461652 3666.52879708 3667.40516171
 3738.18899733 3751.58773288 3751.95126537 3770.90925468 3777.40380626
 3778.63983673 3796.15946271 3808.36893435 3811.7508265  3823.41519941
 3834.0550747  3843.81338538 3857.21165426 3860.24468055 3877.82663972
 3884.58295737 3885.5318885  3930.96591632 3946.58601338 3951.43830211
 3963.8865732  4015.74158612 4019.8521099  4044.86275182 4085.30229125
 4088.2067845  4092.84440706 4098.23486121 4119.34987885 4164.3829076
 4169.31316282 4172.87788787 4173.79811907 4184.26766142 4187.6934868
 4191.83187719 4198.5291283  4218.470582   4232.55961594 4274.13985272
 4293.09264204 4316.29732148 4317.67301829 4319.38401432 4328.61392622
 4328.88715891 4348.54607993 4352.103705   4361.91371555 4362.24168146
 4370.42789578 4381.83316929 4381.96360232 4382.44266788 4387.38592307
 4402.40158819 4409.83130427 4456.27222976 4456.29046305 4470.45113017
 4493.11291087 4497.54883391 4514.29216169 4531.2839889  4539.62956952
 4541.6900314  4562.41388327 4568.1021034  4568.40183603 4580.81777387
 4595.71173928 4611.70753547 4638.03977432 4688.57262363 4707.31271345
 4722.81244412 4727.78366591 4750.23214711 4780.66400977 4784.34483456
 4818.0169897  4857.38449828 4867.56937463 4873.68996041 4907.22124921
 4931.30715994 4937.52567884 4960.51665878 4961.67648942 4965.17764795
 5028.00406872 5060.44552672 5072.35156574 5133.11272463 5146.34856056
 5151.57698176 5164.02928617 5180.03304901 5193.68535064 5201.24106642
 5207.05265293 5208.05418393 5225.53004335 5251.05228408 5255.35457409
 5267.23287984 5279.83071725 5329.96183417 5330.55853278 5379.86678494
 5419.25339348 5472.93710214 5475.45812962 5500.5301714  5538.38991681
 5621.15995793 5628.77587358 5640.49691303 5659.43473572 5672.8891378
 5688.94240053 5708.44818856 5720.12322812 5751.94688755 5793.88915681
 5872.42037444 5893.85582466 6046.24653744 6072.91114219 6235.77273065
 6242.04551608 6293.14076409 6293.74082937 6317.21730818 6319.51983617
 6349.90053228 6402.8025761  6430.34704546 6443.39448183 6582.57605862
 6582.81572473 6588.29344534 6663.50467068 6663.64143703 6667.54909462]"
178,664851_2023-11-16_B-239,CA1,True,"[  20.09169835   20.22176471   20.30099786 ... 6691.69610521 6691.70793852
 6691.71310517]"
179,664851_2023-11-16_B-242,VISam,True,"[  21.7622278    23.73372322   23.95645604 ... 6670.17662185 6679.0991678
 6681.18609629]"
180,664851_2023-11-16_B-244,VISam,True,"[  60.47327124   60.49720452   76.59520047 ... 6690.60410775 6690.96254025
 6691.12500654]"
181,664851_2023-11-16_B-245,VISam,True,"[  20.95392968   33.6043003    33.91759957 ... 6669.2092241  6671.37941906
 6679.55183342]"
182,664851_2023-11-16_B-248,RSPagl,True,"[  25.63581881   40.8666501    41.15858276 ... 6688.58347911 6689.41371051
 6690.19127537]"
183,664851_2023-11-16_B-249,RSPagl,True,"[  38.92292128   39.45498672   45.47710606 ... 6690.67990757 6691.11863989
 6691.38710593]"
184,664851_2023-11-16_B-251,RSPagl,True,"[  25.51938574   25.7231186    25.90698484 ... 6671.979551   6672.4674832
 6680.74759731]"
185,664851_2023-11-16_B-252,RSPagl,True,"[  20.2002981    24.7770208    24.95478706 ... 6689.49804365 6690.11400889
 6691.08840662]"
186,664851_2023-11-16_B-254,RSPagl,True,"[  37.22922522   37.23142521   37.23479187 ... 6690.39847489 6690.91624036
 6691.356306  ]"
187,664851_2023-11-16_B-258,MGm,True,"[ 574.91997657  599.7498189   883.79405928  904.89087696  912.84745848
 1077.77470881 1160.89751578 1198.98616066 1211.34373196 1274.79448461
 1295.13720404 1299.74806    1353.52880177 1377.16791354 1524.71210424
 1535.74427862 1551.73267483 1570.96889682 1708.02411188 1719.31265233
 1906.01238544 1951.25618037 2133.66965676 2152.6122461  2191.98302134
 2192.76691952 2262.74515701 2269.783674   2283.50884213 2312.71254098
 2314.19017088 2332.90772741 2350.90785228 2380.1219511  2435.80912178
 2450.15288847 2476.50892727 2477.14199246 2503.7806306  2553.92028083
 2555.48147721 2644.24263775 2655.21747893 2671.06890878 2697.0141152
 2705.95249444 2714.33157498 2714.75157401 2738.01575332 2742.53270949
 2749.20922732 2769.38261381 2772.24010717 2794.05475651 2841.76544572
 2842.97564291 2854.63014917 2863.26926245 2867.45608606 2873.43273884
 2876.11219929 2878.35426075 2886.53627508 2894.93805557 2906.82809462
 2914.05014452 2928.13537848 2935.32032846 2944.89673955 2947.55646671
 2973.37664008 2983.68224948 3003.80460275 3024.9709536  3048.31056607
 3055.59264916 3084.82814793 3105.14733408 3121.43219626 3126.42485133
 3135.77952961 3162.49753423 3180.28572625 3184.60301623 3207.19873042
 3212.547818   3221.82136313 3246.58743895 3262.98796753 3266.42862621
 3293.46076343 3295.19622607 3320.23863458 3351.07876296 3351.38622892
 3369.55218673 3385.18208377 3396.81812341 3406.49770093 3418.38194
 3420.22750238 3435.11463448 3442.62461704 3447.72940518 3460.95210781
 3470.4434191  3503.52734227 3533.45033945 3534.62617005 3542.54295167
 3548.51123781 3557.06271795 3557.08135124 3562.46753873 3588.07064594
 3591.32270506 3606.46496989 3610.44669398 3614.02755233 3617.76367699
 3642.84951873 3657.52971797 3671.07665318 3672.75074929 3682.34546035
 3687.49001507 3696.13549499 3701.30231632 3701.871115   3710.32296204
 3714.36598599 3723.78286412 3725.77502616 3728.38748676 3732.302211
 3734.20747324 3740.2407259  3747.90127478 3752.32973116 3753.77489447
 3754.71129229 3765.54430047 3768.07372793 3786.65165145 3793.97140112
 3795.5889307  3797.55522613 3804.48054338 3809.13169925 3827.25649049
 3833.97610822 3833.97947488 3841.93298974 3854.88255967 3898.38309199
 3898.84835757 3904.40904466 3906.62463951 3907.14177165 3916.033451
 3922.37460294 3954.12426254 3954.38302861 3954.40966188 3957.96768695
 3961.98107763 3965.2091368  3965.74653555 3975.56671275 3977.37934187
 3980.76930066 3982.71182949 3998.93695847 4003.16924865 4005.41277677
 4008.0995372  4014.47368906 4025.80969607 4049.50247438 4075.08561497
 4075.48151405 4075.58418048 4077.1107436  4077.81570863 4088.37271745
 4097.29673006 4100.77988864 4100.93735494 4102.90111704 4105.37671129
 4106.77854137 4112.52446136 4122.25767209 4136.44340582 4149.47840888
 4153.39983311 4159.84268481 4167.72899983 4172.65975505 4174.42448428
 4176.79824544 4180.90170257 4182.43013236 4194.58847079 4200.83718961
 4201.86815388 4202.50888573 4212.73399532 4234.28754526 4238.2197028
 4251.48663866 4256.84875954 4257.42859153 4261.42821557 4263.03651184
 4267.2452354  4267.94426711 4268.69569869 4271.23725946 4273.66822048
 4276.7895799  4279.9158393  4287.43475518 4294.01820655 4294.1301063
 4297.95419741 4310.36150194 4311.31826638 4312.17393106 4326.37243142
 4327.52149542 4332.83221642 4338.32820366 4349.50854436 4349.95800998
 4359.46742123 4365.49934056 4368.05356796 4376.76601439 4385.35276112
 4386.68995801 4402.8318872  4409.24833896 4409.26037227 4414.25919399
 4425.55173443 4445.40128834 4445.77778746 4454.22683451 4456.01059703
 4463.03664739 4473.31595685 4473.71148926 4473.93355541 4495.24813925
 4501.7262242  4507.45811089 4513.36009719 4515.81859148 4517.75815364
 4518.11645281 4529.2141937  4531.53288832 4532.43111957 4537.33757484
 4545.91252159 4551.20054265 4553.02840507 4553.630337   4562.79161573
 4565.20074347 4571.58892863 4585.79016232 4593.74451052 4605.63611623
 4606.46121432 4607.02091302 4610.55643814 4615.69929286 4616.45599111
 4618.68878592 4621.38601299 4623.38560835 4625.3007039  4632.20768786
 4638.25887381 4649.08881533 4653.68857131 4658.01979459 4660.63942184
 4673.80772459 4679.80577733 4680.54420894 4693.55714539 4694.43304336
 4695.73147368 4699.2657988  4702.58035777 4708.42621086 4715.25812833
 4719.12578602 4722.28647868 4728.32336466 4737.62780972 4754.90766959
 4756.01080036 4756.09876682 4764.94491295 4776.14488694 4778.60631455
 4779.86671163 4785.15633268 4794.28381148 4806.27658363 4812.72406866
 4820.17465135 4821.42588178 4835.31514953 4850.61388067 4875.86578869
 4889.63902337 4895.10291069 4896.69957364 4897.28103896 4897.75457119
 4900.66239778 4901.28089634 4902.43256033 4903.12932538 4903.83462374
 4906.24375148 4917.56335853 4924.72277523 4926.56253763 4932.70579003
 4934.47278593 4941.78266895 4945.35659398 4954.2767066  4954.55590595
 4959.58346095 4969.03417233 4970.93343459 4975.98118953 4977.45578611
 4985.88043321 4988.64896012 4990.94848811 4992.14151867 4993.97241442
 5020.26008671 5020.90041855 5026.87597134 5030.26066348 5034.26672085
 5039.00190985 5052.80987778 5054.19090791 5057.48820025 5059.60429534
 5060.19976062 5060.41562679 5060.45609336 5060.50375992 5063.5095196
 5076.55432264 5097.61240707 5108.22578243 5125.02674341 5134.87588721
 5150.06125194 5150.31628468 5153.62714366 5160.29642817 5161.64442504
 5163.67402033 5175.36519318 5181.91347797 5182.73100941 5184.39423888
 5194.93888106 5195.60454618 5200.24260208 5215.65143296 5223.06648241
 5230.70906466 5234.06822352 5235.3108873  5241.74767236 5247.31385943
 5249.02175546 5250.513652   5252.49498073 5267.28461305 5268.81920949
 5275.08952826 5278.66818662 5281.93197904 5284.09860734 5286.02460287
 5288.89982952 5294.04405091 5303.81656155 5309.24238228 5310.7423788
 5314.28647057 5314.88746917 5317.57246294 5335.11948886 5342.66937132
 5345.19356546 5345.71333092 5346.50929574 5348.23825839 5348.43192461
 5358.92456691 5373.93206539 5378.96368704 5381.16814859 5383.38381011
 5384.42330769 5386.52123616 5386.55913607 5397.03134508 5400.49097038
 5402.07830003 5419.03286066 5435.89982149 5449.81962249 5460.87173016
 5463.08482502 5469.99690897 5471.29827262 5476.23109449 5479.74731966
 5508.39238647 5512.81887619 5521.55128925 5525.66597969 5535.25079077
 5546.58463112 5557.22233975 5561.19509719 5568.76024628 5569.29894503
 5570.56460876 5572.83053683 5572.96263653 5576.77999433 5577.31359309
 5577.44885944 5584.85600891 5585.13207493 5591.20489416 5591.48399351
 5592.02059227 5596.21768252 5598.87484302 5605.96905988 5614.70317293
 5615.64270408 5616.61990181 5619.44619525 5619.47386185 5621.6461568
 5623.90895155 5625.04704891 5630.83096881 5632.8428308  5637.78658599
 5638.11191857 5640.97104526 5645.72826755 5664.00062511 5669.68057859
 5678.40129167 5681.26491835 5683.02168094 5693.92108896 5702.98370125
 5703.83929926 5712.69197871 5721.50325824 5727.56784416 5730.24097129
 5731.37533532 5733.64013006 5746.82223278 5749.42249341 5756.05891133
 5765.56325593 5766.18122116 5769.80061275 5773.48987085 5779.16119101
 5780.25865513 5780.96545349 5782.43035009 5794.41502226 5799.18484451
 5808.55765608 5813.97307684 5814.23447623 5817.38316892 5829.71680695
 5835.48759354 5836.20392521 5838.73245268 5844.89643836 5846.04856902
 5849.12992853 5849.81959359 5853.41221859 5858.64747309 5861.07850078
 5873.66407156 5886.2346757  5909.62705471 5919.49733179 5930.37793985
 5933.32026635 5935.50942793 5945.75440414 5956.15854665 5959.55547209
 5963.06119729 5966.88508841 5967.69755319 5968.92068368 5970.90161241
 5975.28323557 5982.98131769 5983.48284986 5983.77624918 5985.92527752
 5987.48130724 6003.09550432 6004.33363477 6011.1426523  6016.22317383
 6023.66672321 6030.26897455 6038.46982217 6057.41657817 6057.86027714
 6066.88412285 6069.39675035 6073.63630717 6104.24620275 6108.49712621
 6110.31515533 6111.10392016 6115.07067762 6116.30480808 6134.60843224
 6134.90103156 6139.40055445 6150.58292848 6150.62456172 6153.25048895
 6153.4750551  6160.39873902 6162.82563338 6165.142928   6167.6823221
 6169.78381722 6199.66324784 6205.08636858 6208.87795977 6210.95108829
 6213.89628145 6217.41520661 6221.91189617 6233.02083704 6241.84324988
 6247.2764706  6251.37076109 6251.6674604  6259.07667653 6263.33196665
 6266.26019318 6279.21342977 6283.705386   6336.72159622 6349.22700051
 6352.07892722 6356.52761689 6362.89440211 6396.384291   6399.827883
 6414.7304484  6418.39193989 6421.8059653  6431.34887647 6432.94883942
 6434.05740352 6437.22296283 6439.88682331 6448.65543628 6451.53909625
 6462.81013674 6469.25345511 6472.18218165 6488.16584453 6492.88946689
 6493.62856518 6499.06445255 6506.6353683  6508.85422982 6523.87242828
 6529.31424897 6531.14127806 6551.2784313  6556.64275217 6567.2239276
 6577.48410378 6577.50260373 6581.90216018 6592.8322348  6612.93498812
 6615.78974815 6617.6912104  6620.017405   6630.31318109 6655.80408856
 6657.68371753 6663.51873732 6667.15066221 6669.58225657 6671.4184523
 6691.1146399 ]"
188,664851_2023-11-16_B-260,MGm,True,"[  20.12016495   20.13789824   20.17586482 ... 6691.67657193 6691.72843847
 6691.75927173]"
189,664851_2023-11-16_B-262,MGm,True,"[  20.11076497   20.42299758   20.96446299 ... 6691.34960602 6691.67557193
 6691.72543848]"
190,664851_2023-11-16_B-264,MGm,True,"[  20.35939773   20.47573079   20.93559639 ... 6691.2835395  6691.44890579
 6691.65220532]"
191,664851_2023-11-16_B-266,MGm,True,"[  20.4709308    20.57893055   21.24139568 ... 6691.34833935 6691.64123867
 6691.80080497]"
192,664851_2023-11-16_B-269,MGm,True,"[  20.9736963    21.24106235   21.44812853 ... 6691.29267282 6691.53350559
 6691.70617186]"
193,664851_2023-11-16_B-272,PoT,True,"[  21.39342866   23.52475704   23.55675697 ... 6691.56470552 6691.73997178
 6691.77283837]"
194,664851_2023-11-16_B-273,PoT,True,"[ 172.37531137  333.36287085  560.42224357 ... 6681.24246282 6684.43148875
 6690.93844031]"
195,664851_2023-11-16_B-275,PoT,True,"[  20.11926495   20.47729745   20.47903078 ... 6691.64313867 6691.75977173
 6691.80437163]"
196,664851_2023-11-16_B-277,PoT,True,"[  20.19356478   20.26889794   20.28606456 ... 6691.45233911 6691.63527202
 6691.65583864]"
197,664851_2023-11-16_B-279,PoT,True,"[ 643.76861668 1067.26096656 1148.82194382 ... 6690.80714061 6691.01474013
 6691.69820521]"
198,664851_2023-11-16_B-281,PoT,True,"[ 583.88782241  594.07799874  731.04838066 ... 6689.42251049 6691.48077238
 6691.49503901]"
199,664851_2023-11-16_B-282,PoT,True,"[ 206.27683265  271.90341358  343.88811308 ... 6689.42897715 6690.52107461
 6690.76517404]"
200,664851_2023-11-16_B-285,PoT,True,"[  20.24496466   24.85725395   29.40307673 ... 6690.25970855 6690.42767483
 6691.14147317]"
201,664851_2023-11-16_B-288,Eth,True,"[  21.77832777   31.8103378    35.42139608 ... 6691.6285387  6691.6305387
 6691.66357196]"
202,664851_2023-11-16_B-289,Eth,True,"[  27.93561347   31.42307203   34.01736601   41.48028201   60.31547161
   67.8523541    72.58414311   72.95540892   91.3951661   100.21694561
  106.59749746  136.89766043  145.33214084  150.61382858  157.75064534
  159.03490902  186.70464476  188.18724132  209.89315758  215.28747839
  220.02923404  230.06341074  251.33256135  252.2704925   258.98651024
  259.00731019  266.53299272  275.33063895  276.57233607  294.77362714
  300.02104828  309.39602651  322.01459721  352.56832625  384.68941833
  401.44854608  432.64850696  436.96743026  448.75916954  451.61149625
  456.05361927  469.20422206  485.08988517  495.38832792  532.15974253
  538.92402682  549.25600283  552.59352841  584.01482211  607.47076764
  628.56511865  637.9346969   656.67198672  693.17536861  778.557337
  793.01967008  795.47719771  805.77777379  805.98227331  812.33625856
  815.03828562  815.81568381  816.92671456  826.7006252   827.5901898
  843.42018637  853.90676202  870.22529079  875.25187912  938.70669843
  942.75688902  946.54381356  946.88467944  950.15320518  993.08570548
 1011.9097951  1018.34994681 1060.56324878 1090.89367835 1103.89441482
 1131.518984   1135.97204033 1153.5540995  1195.89590117 1216.76495271
 1216.84758585 1227.43832792 1228.35899245 1228.44372559 1247.11621556
 1251.45760548 1257.34129181 1259.46752021 1279.18784108 1291.74821191
 1311.32309979 1323.78550418 1324.66056881 1340.4550988  1342.89935979
 1387.86398871 1388.80251986 1426.18799971 1473.06082419 1494.73874052
 1497.55860063 1506.6307129  1518.93248433 1526.58629989 1540.79153357
 1565.4965762  1568.22366987 1574.32055571 1592.81847942 1593.27957835
 1626.31300163 1627.84543141 1647.91875146 1702.93195704 1716.87875798
 1720.89481532 1750.41091345 1771.53536439 1799.02450055 1844.05719598
 1853.52417399 1856.33516747 1880.38581161 1887.26466231 1945.33886078
 1958.19476425 1968.60257342 1970.51643564 1985.98489972 2002.89492712
 2004.09662433 2024.02684471 2051.68364715 2120.61008709 2133.0612915
 2136.39285043 2143.22286791 2152.92884537 2173.19119831 2177.01568943
 2193.57418431 2209.55528053 2210.33371206 2219.23262473 2227.64933851
 2232.54112715 2268.30181078 2271.80413598 2292.66895419 2297.57804279
 2301.32280076 2302.09669896 2314.30830394 2316.74826494 2321.98398611
 2327.62010636 2329.00630314 2334.2185577  2340.8069424  2352.55148179
 2358.90840036 2367.20591443 2369.49947577 2374.7252303  2374.92586317
 2376.26339339 2392.83612158 2404.22432846 2408.21635253 2409.16371699
 2413.71870641 2418.30326243 2425.0651134  2431.60966487 2448.36832595
 2457.92950375 2460.80926372 2467.20374888 2469.82827611 2477.04332603
 2500.74590432 2503.38736485 2515.60086982 2520.09099272 2549.89792351
 2559.20633522 2564.17952367 2568.9489126  2584.24217708 2600.37293962
 2601.33523739 2645.90583388 2707.99405637 2751.77748802 2761.88956454
 2782.43195017 2785.3020435  2785.33834342 2799.33991091 2811.2251833
 2811.50391599 2836.48262465 2837.06598996 2861.39656679 2865.6411236
 2874.01130417 2874.19410374 2887.40670639 2895.45898769 2902.51357131
 2923.33282296 2923.56508909 2942.3072789  2952.60315499 2953.98631844
 2964.16049482 2978.41379505 2982.65895186 2993.32699375 2999.99117828
 3022.99835818 3028.82554465 3031.16807254 3035.70362868 3036.41266036
 3038.71198836 3041.48034859 3041.53374847 3051.9563576  3059.49880675
 3063.20253148 3068.51315248 3069.31761728 3086.99870956 3088.18194014
 3096.57315399 3096.62978719 3099.0800815  3114.97244459 3118.15300387
 3122.40542733 3148.0561011  3177.72276554 3185.98711301 3189.63430454
 3195.10285851 3196.36675558 3200.34574634 3232.86443749 3248.19973521
 3256.8737484  3257.55848014 3257.71867977 3269.23785302 3280.07579452
 3280.78455954 3288.3076754  3311.82578745 3345.38140953 3348.58263543
 3361.97607099 3372.87191235 3378.88213173 3379.62646333 3386.82224662
 3398.35721984 3408.05249732 3410.86235746 3423.2764953  3429.11674841
 3431.28217671 3439.06695863 3439.09865856 3447.9068381  3464.84029878
 3467.38435954 3471.73994942 3481.34052713 3499.19181901 3500.13061683
 3514.42628363 3527.79691925 3531.87717644 3557.81164954 3559.47097902
 3599.30551985 3621.39646855 3662.1679072  3668.48062588 3681.47226237
 3702.75801294 3707.76310132 3761.24474379 3797.52425954 3797.94685856
 3812.81699069 3816.39064906 3834.94480597 3865.72490116 3873.13771728
 3903.88067922 3905.29907592 3915.4287524  3922.35980297 3927.22645834
 3933.64254344 3936.14507096 3940.1765616  3948.90587466 3978.61640566
 3978.63450562 3987.15115251 3992.36160708 3995.6533661  3995.71739928
 3996.20203149 3998.08056046 3998.88922525 4003.70301407 4011.83762852
 4031.76508224 4046.01804914 4053.38576536 4059.61861756 4067.12060013
 4070.13709313 4085.2364914  4089.70608102 4097.80859554 4109.37436868
 4116.04641985 4119.25061241 4126.54212881 4129.13632279 4143.63815578
 4156.22842654 4158.09888886 4176.70777898 4177.99544266 4179.52200578
 4182.25839942 4182.49106555 4193.78193933 4197.45956412 4206.43507661
 4226.56026321 4258.08745666 4286.64919033 4288.49688604 4303.23288516
 4330.50335516 4330.89622091 4336.88757367 4340.49539862 4349.60044415
 4350.94737435 4352.03660516 4355.29423092 4363.86381102 4365.06270824
 4367.39586949 4372.5585575  4375.78008335 4397.09556718 4398.10133151
 4399.27692878 4401.17045772 4405.92991333 4408.24397463 4413.70019529
 4419.26814903 4428.77746028 4429.52579187 4431.18365469 4438.18187177
 4442.27029561 4448.15271528 4472.46509216 4542.89549527 4549.57891308
 4550.39007786 4559.7591561  4564.79297775 4569.40346704 4579.86710941
 4582.26563717 4594.33864247 4600.90559389 4609.77280663 4616.07982531
 4639.4383044  4645.16179111 4651.0645774  4651.16497717 4658.89069256
 4665.95497616 4667.14027341 4680.85524156 4688.8325897  4699.42583176
 4721.34654752 4726.29933602 4734.77314968 4735.23841526 4739.19473941
 4759.97612448 4776.10665369 4808.83194436 4828.6403317  4829.06746404
 4842.83766539 4862.06845407 4875.45912297 4886.88039645 4888.29899315
 4912.9950358  4917.65515831 4923.68057765 4935.61864993 4947.8481882
 4958.39196371 4969.6658042  4969.93050358 4985.21023477 4986.60003154
 4998.32577098 5046.48605914 5049.76935151 5060.63609294 5066.73444545
 5080.23811409 5080.79594613 5082.25874273 5088.97066048 5101.27209858
 5103.1974941  5104.55192429 5105.54105533 5115.30396599 5126.4530401
 5127.17197176 5137.77928046 5155.07187364 5158.84126489 5163.01895518
 5165.16498353 5165.21245009 5169.90950585 5188.14293017 5203.17022861
 5225.54667665 5244.42726613 5253.83121096 5254.23914335 5266.31984863
 5275.7614267  5287.01616723 5295.42054771 5312.46937479 5312.78700739
 5317.78299578 5340.68057594 5342.72720452 5374.68779697 5382.56101202
 5383.19617721 5431.84699757 5437.36931807 5444.25830208 5458.66893528
 5462.1188606  5471.85847132 5475.40622974 5492.52365666 5494.98048429
 5499.09480807 5504.29369599 5505.42336004 5507.36732219 5519.11096158
 5520.23122565 5530.33753551 5530.44270193 5550.89002112 5556.63920777
 5569.44604469 5572.40087116 5581.2403173  5606.32739238 5611.27494756
 5630.51316955 5631.7835666  5632.89813067 5633.29192976 5642.28390888
 5642.28897553 5648.6480941  5658.16250534 5663.95412522 5672.73720482
 5676.05279712 5691.85569376 5693.62662298 5694.11265519 5697.91824635
 5702.24656963 5709.8827519  5730.58217049 5751.78378793 5756.35014399
 5762.82632895 5780.38658817 5793.91182343 5825.39928364 5837.3163893
 5869.79398054 5900.94350821 5914.812576   5932.42773509 5958.89597363
 5962.74806468 5966.62138902 6003.91503575 6011.59441791 6044.42754167
 6044.43594165 6044.81180744 6062.66699931 6071.01197993 6089.24543759
 6098.04935048 6125.96225232 6137.2688594  6153.22575568 6156.65204772
 6182.0508554  6183.32411911 6189.00030593 6194.62155955 6203.14263976
 6226.05608655 6233.25960315 6235.18203202 6244.28371088 6244.376444
 6256.52128247 6314.97631338 6321.56829808 6349.92236556 6401.78304513
 6402.90767585 6405.92613551 6407.92449754 6437.99516104 6438.55072641
 6464.64129916 6479.84559718 6490.26080633 6492.54896768 6497.95518846
 6528.72461701 6643.36041746 6652.3288633  6671.43088561]"
203,664851_2023-11-16_B-290,Eth,True,"[  20.7175969    20.87789652   21.18196248 ... 6685.90545199 6686.09898488
 6687.65908126]"
204,664851_2023-11-16_B-296,Eth,True,"[  20.15643153   20.24443133   20.29493121 ... 6691.33280606 6691.58850546
 6691.66440529]"
205,664851_2023-11-16_B-306,LP,True,"[  20.17439816   20.66239702   20.89276315 ... 6684.67648818 6686.8921497
 6688.03024706]"
206,664851_2023-11-16_B-308,LP,True,"[  20.79819671   20.8029967    20.82399665 ... 6690.3956749  6690.53170792
 6690.54894121]"
207,664851_2023-11-16_B-309,LP,True,"[  20.11996495   20.23239802   20.48293077 ... 6690.0794423  6690.1800754
 6690.62310771]"
208,664851_2023-11-16_B-312,LP,True,"[  20.55423061   20.88179651   20.88686317 ... 6614.66701743 6616.6606128
 6670.85045362]"
209,664851_2023-11-16_B-320,CA1,True,"[  20.63323042   23.15642456   23.65205675 ... 6689.92014267 6690.99550684
 6691.39127259]"
210,664851_2023-11-16_B-342,CA1,True,"[  41.72668144   42.29021346   42.31431341 ... 6690.44787478 6691.12410654
 6691.14547316]"
211,664851_2023-11-16_B-343,CA1,True,"[ 142.32828115 1067.93333166 1362.55288082 ... 6684.03945633 6685.75415235
 6685.76741898]"
212,664851_2023-11-16_B-348,CA1,True,"[  43.14141149   43.17377808   43.76954336 ... 6691.63240536 6691.71357184
 6691.72187182]"
213,664851_2023-11-16_B-349,CA1,True,"[  24.86508726   25.10458671   25.19888649 ... 6665.49263273 6678.23106982
 6678.85133504]"
214,664851_2023-11-16_B-363,VISam,True,"[1441.07089848 1576.45785074 1578.27764652 ... 6685.35358661 6685.49521961
 6685.73168573]"
215,664851_2023-11-16_B-366,VISam,True,"[ 280.94362592  333.10143813  453.65905816 ... 6686.79288327 6686.93491627
 6686.94204959]"
216,664851_2023-11-16_B-373,VISam,True,"[  20.33326445   20.53496399   20.80213003 ... 6684.25712249 6684.41275546
 6685.86375209]"
217,664851_2023-11-16_B-374,RSPagl,True,"[  24.89302053   25.42875262   25.46045255 ... 6689.32217739 6689.33154404
 6691.30060613]"
218,664851_2023-11-16_B-377,RSPagl,True,"[  47.73020083   59.49190685   65.20656025 ... 6689.97734254 6690.49974133
 6691.7460051 ]"
219,664851_2023-11-16_B-379,MGm,True,"[  39.65105293   57.34427851   78.83716193  263.80529905  290.77386976
  347.10373894  391.53173577  406.14183518  445.76647649  453.87559099
  497.72365583  499.10418596  548.86073708  595.32006252  691.82743841
  694.30739932  762.09844189  763.96870421  773.43771556  801.51545035
  880.23350088  885.85258784  897.04292852  908.75673465  945.52234927
  963.22457482  982.50623005  986.98195299  995.07426753  996.06529856
  998.80055888 1039.78649703 1043.50535506 1059.89145034 1061.70224613
 1063.64157496 1087.05742059 1089.45154836 1126.14659648 1138.65130077
 1155.09756258 1161.74114715 1172.34768919 1184.341628   1199.00766061
 1207.02367533 1221.98320726 1266.53467046 1268.71533207 1288.28301996
 1296.97313311 1322.58814029 1331.5430195  1360.23995286 1360.8104182
 1372.87899017 1375.25875131 1387.57478938 1391.57694675 1399.27306221
 1406.94587773 1421.1378781  1427.84779585 1433.5414493  1434.9040128
 1435.88851051 1436.18474316 1469.25949968 1484.73466375 1501.17962556
 1510.49937058 1536.87604266 1548.33081606 1561.20838616 1616.8986235
 1618.09245406 1625.77370289 1632.5585538  1636.13784548 1642.231598
 1644.670759   1652.04017522 1655.08403482 1661.94318556 1666.91777401
 1697.53976956 1707.58584623 1720.26788345 1730.42779319 1740.5842696
 1741.14166831 1749.76814827 1756.92356499 1760.40342358 1769.44063592
 1791.36631834 1824.53137465 1831.95002409 1861.60998855 1899.06186824
 1947.97728798 1949.63591746 1963.77598463 1967.91260835 1976.53682166
 1990.06149025 2004.57678988 2019.50908853 2027.8356692  2042.9771007
 2045.64102785 2048.0720222  2052.87654438 2053.47107633 2061.04285875
 2064.33318444 2068.16207555 2079.22928318 2091.05452239 2098.91563747
 2136.51238349 2146.64955995 2147.29082513 2149.44375346 2155.98320494
 2177.65375462 2180.91074705 2198.70853906 2210.32054542 2212.92387271
 2214.68616862 2224.59121228 2225.00777798 2228.84786906 2231.78899557
 2274.67916263 2311.52047708 2314.97556905 2337.34568377 2338.68728066
 2352.19878261 2365.18621912 2380.14038439 2380.68408313 2384.33064133
 2397.3330778  2406.35939017 2407.91895322 2410.93821287 2450.5987541
 2451.40258557 2459.71463293 2473.75203367 2481.2598829  2486.30663785
 2490.57276127 2500.38670515 2520.68385801 2527.13434303 2527.95127447
 2529.52093749 2529.85687005 2534.78099194 2545.3951673  2553.43384863
 2556.3610085  2557.83980506 2563.89152434 2576.37212869 2582.14458195
 2585.63997384 2600.17370675 2601.93620266 2610.20611679 2620.50849286
 2665.49662172 2665.83482094 2682.1871163  2716.47777    2732.07586711
 2735.67792541 2737.85305369 2739.71851603 2743.463474   2744.62943796
 2753.18138476 2766.08965479 2791.89612819 2794.44188895 2795.39865339
 2798.01018066 2805.69812947 2812.44934713 2813.26504523 2817.16606951
 2819.57226392 2819.74239686 2820.34236213 2827.01967996 2836.05282565
 2837.21782294 2840.08564962 2847.6010655  2850.02199321 2852.16542156
 2854.73031561 2858.91650589 2863.1144628  2866.20525563 2868.85018282
 2873.88697112 2874.32980343 2884.56791298 2887.42750634 2898.95994623
 2902.25340525 2910.13122029 2926.34508263 2935.99189357 2942.50897843
 2944.61150688 2944.91890617 2970.05064781 2976.84846535 2978.53879476
 2982.55888543 2988.04033936 2988.60647138 3010.74348664 3015.13800977
 3023.55555689 3026.45418349 3027.25211497 3027.36418138 3034.32169855
 3040.15431834 3043.71251008 3053.57118718 3062.89023221 3076.25910116
 3092.80259608 3092.83299601 3094.53089206 3099.45068064 3110.56358817
 3112.71908316 3118.13880391 3125.10598773 3126.90935021 3140.059553
 3147.53906897 3153.21882244 3160.59640531 3161.96166881 3165.61816032
 3167.46862269 3182.20035514 3184.36341678 3201.80017629 3201.84294286
 3208.03282848 3213.19994982 3215.16644525 3215.20211184 3216.86620797
 3217.56293969 3221.03823162 3221.71349671 3236.51989566 3266.29139319
 3266.54585927 3268.75845413 3271.37228139 3273.85377563 3273.88304223
 3288.14420911 3295.50002536 3305.88766791 3319.4140365  3319.5993694
 3330.7093436  3342.39758312 3344.3028787  3358.36157938 3364.91216417
 3374.81664117 3382.34955701 3402.96050915 3412.43065382 3424.08562676
 3426.23168844 3428.84094905 3432.35760755 3435.12680112 3439.51945758
 3442.01001846 3442.30158445 3442.88074978 3447.19387309 3448.1968041
 3449.11190197 3459.96214344 3461.68520611 3472.17891507 3473.36614565
 3480.94742804 3490.23800647 3517.21817715 3517.21994381 3517.24144376
 3519.32833891 3520.95306847 3522.39589846 3531.36477763 3531.43741079
 3532.00140948 3534.66606996 3534.93143601 3541.93345308 3543.74781554
 3550.64483285 3558.23074857 3559.97697785 3561.65597395 3565.09079931
 3565.84643089 3570.18442081 3571.72798389 3572.03761651 3572.1979828
 3581.08926215 3581.23442848 3586.18211699 3586.92081528 3590.84427283
 3600.85671625 3603.65030976 3613.11848777 3627.37705466 3630.2037481
 3633.44034058 3639.68195942 3640.87418999 3641.18098927 3643.20268458
 3648.87593807 3653.01916178 3655.51145599 3662.76613915 3672.50484986
 3689.27791091 3689.85430957 3690.63514109 3707.01530306 3718.30587684
 3728.14228733 3734.22847319 3738.04986432 3761.43824334 3771.03328772
 3771.80338594 3774.65444598 3779.10460231 3800.18858668 3803.63127869
 3815.55371767 3822.44916832 3827.29812373 3837.7738994  3839.47326212
 3843.29021992 3849.28993933 3849.60307193 3849.70957168 3849.99973768
 3862.49130867 3862.5786418  3865.38703528 3868.31499514 3875.37674541
 3882.71969503 3885.54672179 3886.38651984 3895.7637314  3898.02732614
 3898.2606256  3909.75256558 3916.58281639 3930.11921829 3931.08138272
 3931.85661425 3932.32024651 3935.46240588 3938.24653275 3942.2430568
 3946.032748   3947.72947739 3949.92590562 3954.11222924 3959.5956165
 3963.81914003 3968.78149517 3971.14778967 3975.80604552 3977.34484195
 3981.46496572 3987.09628597 3988.51124935 3989.96731264 4011.83792851
 4016.16648513 4016.17751844 4020.45970849 4021.20924009 4023.09610237
 4025.78062947 4040.62512833 4042.58125712 4053.14319926 4053.15883256
 4056.85492397 4063.87180768 4073.24865257 4075.83881322 4085.1057917
 4088.62631686 4091.2499441  4097.26606346 4100.41648948 4102.23475192
 4111.49883041 4114.0304912  4118.90904654 4122.17170563 4129.73975472
 4130.55671949 4144.11948799 4156.27905975 4158.22192191 4158.29332174
 4166.60523577 4181.47783457 4197.47726408 4198.08652933 4206.67530939
 4209.18473689 4211.30363197 4212.10576344 4212.53406245 4213.11989442
 4213.2601941  4218.18224933 4222.57023914 4224.01646912 4227.74526046
 4234.41074498 4234.78547744 4235.69620866 4244.96638713 4253.78569998
 4254.4405318  4255.73716212 4259.091621   4265.72923892 4266.3978707
 4266.42220397 4267.42380165 4278.6701422  4278.93560825 4291.65617871
 4308.95657186 4321.22804337 4325.28210062 4332.63958353 4337.13723976
 4339.74920036 4341.58192943 4349.13894522 4349.16797848 4370.63149531
 4371.15242743 4385.29729458 4387.85578864 4393.03474328 4395.36817119
 4398.22906455 4401.37605724 4420.54911272 4426.91236461 4427.78616258
 4432.83345086 4433.00525046 4442.27262894 4447.58688326 4449.09704642
 4453.70856905 4453.86913534 4458.67709084 4461.0362187  4461.60431738
 4463.94714527 4469.89389813 4493.9623089  4494.74400709 4501.10269232
 4501.47905811 4505.01901656 4505.43681559 4508.33567552 4518.55725179
 4523.01517477 4524.63450434 4525.42030251 4530.61189046 4532.40471963
 4533.17501784 4535.08414674 4558.68205861 4572.41596005 4589.72315319
 4595.24310704 4596.06457179 4596.18390485 4598.35656647 4607.16784601
 4615.9145257  4623.07927573 4624.32340617 4629.83402671 4630.18935921
 4632.25795441 4632.42498736 4633.37798514 4634.76318193 4641.49879962
 4651.09804399 4651.5133097  4652.26240796 4665.78740988 4666.02314267
 4666.03217598 4666.66110785 4666.84024077 4674.24952356 4680.16707649
 4686.14142928 4717.82438904 4721.33051423 4727.89546565 4728.61733064
 4741.11170163 4743.71626224 4751.02457861 4751.08711179 4756.60006566
 4763.28068348 4763.72398245 4769.84590156 4774.47385748 4777.33975083
 4777.54021703 4788.37295854 4794.84131019 4797.8654365  4799.75289878
 4799.82016529 4799.94239834 4800.63259674 4806.50004978 4825.71190516
 4826.27600385 4832.29315655 4835.73504855 4845.98912474 4856.4692004
 4859.1399942  4859.25192727 4861.68778828 4868.40557268 4868.78440514
 4869.72030296 4890.16688882 4903.46855793 4908.52707951 4908.67001251
 4909.74107669 4917.47902539 4918.59208947 4922.67198    4929.41919766
 4933.16632229 4937.47494562 4937.64997855 4951.04254745 4968.98410578
 4969.13063877 4971.97236551 4974.85509215 4983.65387172 4985.95783303
 4989.95429042 4994.54937975 5007.55504954 5015.30003156 5017.24862703
 5017.87545891 5022.36974847 5028.79446689 5029.42179876 5037.32661374
 5043.14310023 5046.63162546 5050.61581621 5054.20917453 5062.53102188
 5068.54627457 5069.08257333 5073.32823014 5078.2109188  5080.45484692
 5082.81547477 5083.35137353 5084.35793785 5091.48308798 5099.00463718
 5100.45966713 5103.37856035 5112.45523927 5120.4086208  5122.5905824
 5129.90079876 5136.07341776 5143.43043401 5147.39002481 5151.70838145
 5156.74916974 5157.72363415 5158.44719913 5160.17569512 5162.6247561
 5163.51172071 5168.24100972 5179.65924987 5188.30689646 5194.3055492
 5199.15257127 5205.33909024 5207.9699508  5220.05232274 5228.96600204
 5230.7339646  5247.04232673 5250.4983187  5252.10608164 5257.25760301
 5259.87919692 5261.69922602 5266.0572159  5269.749474   5272.53190087
 5275.42559415 5288.95889605 5291.279724   5306.48768868 5317.15409724
 5318.87355992 5326.75007496 5337.59691644 5344.42006726 5353.53931275
 5357.51767018 5360.53259651 5361.96559318 5367.91174604 5371.85713688
 5373.83543228 5381.0460822  5382.82107808 5382.96214442 5387.61196696
 5387.91766625 5394.72785043 5401.7749674  5411.80214411 5416.49666655
 5421.13515577 5426.99060884 5432.9073951  5442.00454064 5457.91183704
 5457.93017033 5459.18546741 5462.45749315 5469.97454236 5483.5208109
 5484.44930874 5484.54044186 5486.61500371 5494.28775256 5498.28174329
 5517.86833114 5524.0709834  5533.70259436 5536.06172222 5563.47855855
 5565.01012166 5569.90644362 5570.66017521 5572.62390398 5573.01526974
 5583.56257858 5584.91070878 5593.5288221  5594.98228539 5599.46644164
 5603.1015332  5604.12579749 5608.34225437 5615.41947126 5616.22300273
 5626.80394483 5647.77686279 5649.24992603 5654.36708082 5655.87137732
 5667.05821801 5667.30301744 5677.15699456 5678.41762497 5684.23221146
 5686.3257066  5698.87431079 5699.17851009 5701.69417091 5701.88793713
 5702.14856986 5706.19146047 5707.94055641 5709.19238683 5715.05010656
 5717.25683477 5727.54351088 5729.65390598 5739.56534963 5744.39807174
 5746.25740076 5748.03352997 5754.765181   5755.11438019 5756.17777772
 5768.58151558 5777.95786048 5778.21589321 5779.18679096 5781.25445282
 5785.47670968 5811.53854916 5812.4377804  5813.98954347 5816.88123675
 5817.42843548 5821.53062596 5822.25782427 5825.19038412 5828.04544416
 5849.30866145 5864.24699342 5864.76552555 5864.80659212 5871.14397741
 5877.18606338 5885.31964449 5887.29550657 5899.08717918 5901.71280642
 5902.13147211 5905.17409838 5909.7178545  5914.71694289 5920.66349574
 5923.92075485 5928.67291048 5936.07669328 5937.75718938 5947.93199909
 5947.95249904 5956.00598034 5956.78824519 5974.29923786 5980.41502365
 5980.47592351 5981.44775459 5988.74367098 5989.2941697  5990.26916744
 5991.06713225 6003.49873671 6016.87753898 6035.12116328 6035.82652831
 6055.1373168  6058.08720995 6060.33897138 6061.15656948 6063.9050631
 6069.34995046 6070.4371146  6072.1004774  6075.13857035 6079.64719321
 6080.45612467 6083.22265157 6084.25594917 6106.43216434 6110.84658742
 6112.7096831  6126.05431878 6126.39265132 6127.94678105 6132.20930448
 6136.37609481 6136.38122813 6137.09082648 6156.52881467 6156.5734479
 6160.33530583 6179.73839411 6185.33068112 6188.43084059 6191.41640032
 6194.2980603  6197.19972022 6201.90624263 6203.5699721  6205.02866871
 6213.69841524 6217.87923887 6225.34315487 6250.67516271 6253.6072559
 6256.6077156  6257.79374618 6260.70463942 6261.75467031 6264.38139755
 6265.40819516 6266.23345991 6268.33075504 6269.43791914 6269.76025172
 6272.55464523 6278.33633181 6280.26599399 6287.85577637 6300.83847955
 6316.15454398 6331.19327572 6343.61061356 6353.02762502 6368.69828863
 6375.03090726 6380.38112816 6389.09174127 6389.34147402 6407.36999882
 6412.76345296 6413.0208857  6414.62168198 6415.4597467  6416.19631166
 6416.64457729 6416.85641013 6426.40965461 6427.72328489 6430.87847756
 6431.61780918 6432.12767466 6432.22207444 6438.01589432 6449.48510102
 6451.94056199 6454.23658999 6466.87129398 6467.53869243 6470.04485328
 6470.93215122 6472.53014751 6474.65550924 6496.72689131 6502.71277741
 6507.91419867 6512.00878916 6515.57521421 6515.9243134  6518.24684134
 6548.08517205 6548.21293842 6559.88667797 6566.60102905 6573.04711408
 6577.45147052 6577.74910316 6581.48059449 6581.52842772 6588.6684778
 6589.15711    6594.325598   6600.80951627 6601.69638088 6604.99050657
 6615.72598164 6625.50819225 6626.58828974 6633.0211748  6633.88830612
 6635.04270344 6635.62346876 6635.71196856 6638.17809616 6649.87100234
 6650.43876769 6657.11378552 6659.14894746 6664.86026753 6674.43814529
 6680.00183237 6687.38948188]"
220,664851_2023-11-16_B-387,PoT,True,"[  21.4035953    21.42016193   24.261522   ... 6688.43411279 6688.59621241
 6691.66900528]"
221,664851_2023-11-16_B-392,Eth,True,"[  20.3432311    20.96426299   21.59759485 ... 6683.51692421 6688.79477862
 6691.00410682]"
222,664851_2023-11-16_B-396,LP,True,"[  20.2151314    20.92619641   20.97892962 ... 6689.99767582 6690.01754244
 6690.05377569]"
223,664851_2023-11-16_B-397,LP,True,"[  34.35893188   35.19049662   44.80900762 ... 6676.04687489 6679.25910076
 6680.58833101]"
224,664851_2023-11-16_B-399,LP,True,"[  20.56676391   20.60959715   20.61813046 ... 6682.59142636 6686.07498493
 6686.58705041]"
225,664851_2023-11-16_B-402,CA1,True,"[  23.45509054   25.266853     26.28825063 ... 6689.13837782 6690.82100725
 6691.04010674]"
226,664851_2023-11-16_B-405,CA1,True,"[  20.25986462   21.531895     24.02268922 ... 6691.53577225 6691.56183886
 6691.59867211]"
227,664851_2023-11-16_B-411,CA1,True,"[  23.70388996   25.54481902   31.46750526 ... 6690.94350696 6691.10747325
 6691.13097319]"
228,664851_2023-11-16_B-433,CA1,True,"[ 440.41445559  482.61939091  537.34306383  543.53734944  586.80094897
  760.09837987  816.8275148   866.19090016  884.01959209  929.20968715
  930.52311743  972.27342048 1032.44614741 1268.80909851 1296.32323462
 1318.62021617 1340.2696659  1442.06166285 1479.71370874 1485.44259544
 1514.62602767 1533.40931738 1549.6064131  1555.74779884 1575.05468734
 1602.4865903  1622.37997743 1641.4407665  1650.13287965 1658.32576063
 1703.94752135 1751.26914479 1754.28127113 1776.40201976 1778.02184933
 1802.96565807 1844.32426202 1852.75187579 1870.30793502 1899.71776672
 1902.49802693 1922.36484746 1990.95182152 2005.06092209 2051.14451507
 2098.1691392  2105.92518785 2114.82556719 2132.37159311 2141.34237227
 2142.18123699 2146.36882727 2146.9559259  2181.92797802 2186.95099969
 2205.47225668 2206.02992205 2208.23695026 2216.78279708 2222.56341699
 2227.53453878 2229.39596779 2243.10503596 2258.44210034 2259.68809745
 2260.73042836 2263.83908781 2267.88287841 2288.62329692 2300.5169693
 2301.35576735 2302.38436496 2304.79079271 2330.25500024 2337.80811603
 2340.07974409 2346.25512975 2346.88156163 2347.4808269  2359.26339954
 2362.33032575 2372.0117366  2375.21682916 2378.74072098 2386.44830308
 2410.06928156 2420.30072446 2425.03268014 2451.85991784 2455.14431021
 2459.30543388 2461.94756108 2474.11616616 2474.93986424 2482.01921447
 2486.3273378  2494.26068604 2498.41667639 2506.3801579  2511.38284628
 2517.6481984  2518.21436375 2522.4712872  2538.33485036 2551.94645208
 2557.35113953 2562.12099512 2566.25051886 2570.33967603 2571.50940665
 2580.87195158 2598.06417832 2598.08944493 2607.2164904  2620.96365847
 2622.51835486 2624.15145107 2629.61650505 2632.89146411 2637.5726199
 2639.34171579 2644.67253675 2666.25108664 2669.27561295 2678.39755843
 2678.40179175 2680.40822043 2684.02651203 2688.03266939 2688.31826873
 2689.80203195 2692.95422463 2695.97421761 2704.17346524 2715.07670659
 2717.59973406 2723.89251945 2727.60031084 2751.49548868 2760.46273452
 2771.08170986 2778.64692563 2784.42501221 2790.76429749 2798.85471203
 2810.98071721 2811.36074966 2818.24406701 2827.21487951 2838.02285441
 2841.26531354 2845.32823744 2850.77842479 2855.54314705 2859.30423832
 2859.6003043  2862.18136497 2867.92835163 2869.72328079 2886.74404126
 2905.4587978  2905.51909766 2915.37580811 2918.92129987 2922.6712245
 2927.01364775 2929.50687529 2930.12294053 2935.35009506 2954.45091737
 2959.33767268 2974.42713764 2977.67656343 2980.25255745 2982.12871976
 2982.3705192  2996.54271962 3003.36607044 3004.74840056 3006.02596426
 3008.30665897 3018.34253566 3020.14519814 3022.82995857 3024.52435464
 3025.53375229 3034.76173086 3039.5246198  3039.68121944 3041.95148083
 3052.74582243 3062.78589912 3067.39145509 3077.51363158 3096.26548804
 3105.18383399 3110.11412254 3111.44101946 3118.21083707 3120.49936509
 3126.41868468 3126.42835132 3128.91607888 3139.39802121 3162.50443421
 3166.07309259 3168.68121987 3174.63097272 3178.54876362 3179.76106081
 3183.80748474 3190.7567686  3193.26356278 3198.07788494 3200.06588032
 3201.7251098  3203.46720575 3205.88603347 3207.17703047 3215.60264424
 3217.34874018 3220.23590015 3229.60587839 3240.88621886 3247.14823765
 3247.71100301 3252.84799108 3252.9991574  3254.51232055 3256.59688237
 3256.87491506 3260.47880669 3262.37756895 3268.8450206  3270.37428371
 3275.6896047  3277.52120045 3284.16568502 3287.6313103  3293.95979561
 3295.95209098 3296.40202327 3300.26454763 3311.64738787 3312.96441814
 3321.45269843 3325.3970226  3330.21447808 3331.08887605 3353.98958954
 3354.45738845 3359.02221118 3359.53424333 3362.1460706  3362.31830353
 3374.69500812 3385.32968342 3388.08367703 3391.81916835 3396.36619113
 3397.73298795 3400.83418075 3401.22291318 3412.46988706 3414.63378204
 3421.09656703 3421.14870024 3425.11452437 3425.40579036 3426.70412068
 3430.57867834 3437.98009449 3439.33289135 3445.5266103  3446.73794082
 3446.74360747 3450.03323317 3455.26925434 3476.64617136 3479.81399734
 3486.97401405 3490.87320499 3493.6549652  3503.64760866 3521.9013996
 3537.22846401 3537.23539733 3550.97613208 3564.29853448 3569.36645604
 3569.83668829 3579.51196582 3579.51693247 3585.21911923 3587.07588159
 3587.13971477 3591.31800507 3598.97732061 3603.90497584 3606.92720215
 3610.55926038 3615.23964952 3617.41334447 3618.17260937 3629.38311667
 3636.12263435 3640.81059013 3641.73535465 3641.75202128 3645.55591245
 3650.38680123 3656.96175263 3659.80107937 3676.19997462 3699.35802084
 3702.70667973 3702.90977926 3703.61781095 3708.45516638 3716.95864663
 3717.41957889 3718.14954387 3718.45074317 3720.9466707  3723.20483213
 3736.86796706 3737.13986643 3740.41802549 3759.32734824 3778.00197154
 3778.28360422 3779.18490213 3791.23574081 3796.8394278  3805.39144127
 3805.99127321 3806.99353755 3807.53266963 3808.27670123 3812.33572514
 3813.94685473 3847.82367606 3856.48708928 3868.51556135 3869.39162598
 3879.00463699 3879.4432693  3883.59072634 3887.08375156 3888.16511571
 3888.19264898 3898.13662589 3901.67171768 3902.38788269 3915.91015128
 3915.91905126 3916.38485018 3925.63476203 3927.82855694 3932.826712
 3936.06053782 3939.09579744 3939.10816408 3941.71549136 3948.33504265
 3952.07480063 3956.83272292 3959.83314928 3964.7206046  3966.74109991
 3969.29326065 3971.36655583 3973.47445094 3978.24950652 3978.82197185
 3988.375983   4005.00627771 4007.32500566 4013.18272539 4013.24472525
 4030.83098441 4032.17034796 4034.94907484 4040.73636141 4041.47779302
 4049.24610831 4054.45902954 4060.6182819  4070.72975842 4070.96489121
 4071.58455643 4078.16534115 4080.23333635 4082.4380979  4089.82271408
 4096.1582327  4097.75492899 4103.23318294 4107.27330689 4111.46399716
 4144.18202118 4146.40954934 4162.16964607 4168.42593154 4181.36536816
 4194.47960438 4195.63233503 4202.19418646 4212.34082956 4214.35522489
 4228.84629123 4228.85185789 4229.95918865 4244.15525568 4253.39653422
 4257.66112432 4268.0028003  4268.19629985 4289.79704969 4299.28482766
 4306.51231087 4306.88024335 4308.99280511 4310.46570169 4323.27273862
 4324.09513671 4327.84626133 4330.20992251 4334.62764558 4340.50269861
 4349.75677712 4357.59855891 4358.04299121 4361.83691573 4364.62540925
 4384.85696227 4388.76658653 4392.50967783 4393.44407566 4394.32520695
 4428.44996104 4433.05281702 4433.76151537 4436.97530791 4439.81933463
 4440.21630038 4470.48523009 4472.06795975 4473.248657   4488.54972147
 4497.39990092 4510.78803649 4511.3583685  4522.06547697 4527.91453006
 4528.42076221 4531.90985411 4546.74431966 4550.44507773 4559.91798907
 4569.47626687 4573.97788975 4574.42188872 4594.14550958 4604.48675224
 4605.65254953 4609.45267404 4618.29405351 4641.70243248 4645.78368967
 4650.63791173 4677.15818347 4679.65404435 4681.1532742  4681.83537261
 4684.6554994  4692.99934669 4693.12041307 4693.62171191 4693.62914523
 4698.99919942 4705.31391809 4706.23251596 4710.98023826 4733.04855368
 4733.64165231 4736.57737882 4738.9124734  4742.91086411 4751.2564114
 4751.58961063 4757.71362974 4765.55411153 4766.79040866 4785.70843139
 4789.94495489 4802.59709217 4803.81405601 4804.32912149 4815.57019538
 4849.61278299 4852.65814259 4854.55070486 4859.90259243 4870.61593422
 4872.23989711 4896.1573749  4904.23598948 4904.56405538 4911.71590544
 4924.73774187 4930.74062793 4933.78088753 4936.43864803 4955.43377058
 4968.56334009 4994.82634577 4999.77646761 5015.30736487 5016.68022835
 5085.34813556 5117.55466076 5125.77270835 5130.14473153 5135.79595174
 5147.88022367 5153.60584371 5154.07074263 5158.61089875 5182.12954414
 5202.05669786 5234.85575503 5237.3665492  5246.30182845 5263.51585514
 5290.55719234 5300.05780361 5338.48931437 5339.90724441 5376.10839367
 5404.23636168 5416.89646562 5431.67306464 5434.03532582 5437.47881782
 5439.02524756 5450.80618687 5457.31720508 5489.26573089 5501.40060271
 5539.90887995 5555.11947796 5567.79588186 5571.58267306 5572.11217183
 5584.4007433  5588.15700124 5643.31403982 5644.50557039 5671.96977327
 5671.98030658 5696.79011563 5737.02815552 5738.15591957 5741.28484564
 5745.95366813 5750.53839082 5756.1886777  5773.73803694 5815.30880707
 5841.32294666 5846.88243375 5852.43375419 5856.15454555 5899.89044398
 5902.52023788 5922.00795929 5927.79934584 5935.22949525 5946.33386946
 5958.55817441 5964.6759602  6044.96194043 6052.85042211 6061.50516867
 6079.46602696 6079.48669358 6092.92002905 6117.71050482 6119.51380063
 6129.79367676 6144.88784171 6165.09792811 6173.44560872 6214.77584608
 6221.32749753 6321.22936553 6381.10289316 6400.69731432 6476.35153863
 6494.32413023 6574.28934453 6638.55439529]"
229,664851_2023-11-16_B-439,CA1,True,"[  25.09618673   25.45485256   25.63275215 ... 6691.07557332 6691.31997275
 6691.5154723 ]"
230,664851_2023-11-16_B-441,CA1,True,"[  20.28946456   20.45516417   20.9144631  ... 6687.41638182 6688.05921366
 6690.4547081 ]"
231,664851_2023-11-16_B-447,CA1,True,"[  90.87046732  101.43667611  109.64595705  110.17912248  185.54431413
  185.75854696  284.28008484  342.75598237  382.49095677  402.47557702
  411.84992192  412.02238819  412.18795447  412.32005416  412.46155383
  417.48664216  419.11120506  420.58663497  441.03935414  441.22732037
  442.45415085  449.34580151  476.74283789  477.54846935  523.75292872
  524.35982731  543.02231731  543.78481554  579.16046672  599.41901967
  659.12681435  677.05810604  693.9117669   711.25115997  720.88757093
  720.91587086  720.9252375   738.04819774  741.07115739  741.16935716
  745.32651417  763.57850512  784.05572423  784.07542419  784.0857575
  784.17479062  787.80734885  788.44428071  788.45821401  795.10403191
  819.70007479  819.84257446  819.85070777  819.93014092  819.94254089
  820.32910666  820.62960597  825.17326208  837.44033359  838.19716517
  909.12793378  909.27853343  923.31373417  924.26643196  925.40689598
  926.24069404  926.39466035  926.56535996  926.80155941  926.80962606
  926.96375903  927.91999014  944.72258446  944.83978419  944.84785083
  944.96731722  944.97378387  945.15665012  951.10876963  953.11849829
 1002.48528365 1008.84743554 1024.68816542 1072.87838685 1101.1346879
 1128.50685766 1156.60129242 1162.99134425 1170.77145952 1219.8405789
 1219.84747888 1219.8520122  1219.86084552 1219.86931216 1233.30721429
 1233.31641427 1233.32224759 1267.48086827 1292.3421772  1304.18684969
 1323.58870464 1325.97629909 1337.0546067  1403.24951964 1460.63585304
 1460.94705232 1460.95245231 1460.95768563 1460.98281891 1461.02251881
 1461.03865211 1481.06643893 1563.38521443 1563.45311428 1570.27046511
 1627.07906652 1627.1041998  1627.11083311 1683.45596893 1685.43096435
 1685.43746433 1685.44743098 1707.55057965 1761.93985334 1794.6976106
 1827.85203361 1835.90074825 1895.62500956 1914.62109878 1914.71649856
 1950.36838243 1965.57038046 2085.63186831 2097.48794078 2129.12250065
 2136.55321673 2163.5928206  2164.49491851 2165.72314899 2177.11845586
 2219.41129098 2243.2576356  2255.20120786 2255.22490781 2296.87887775
 2296.88777772 2298.43730746 2327.47914002 2342.71120464 2342.72107129
 2343.02210392 2349.60342197 2353.28404676 2413.49900692 2444.12576913
 2444.12876913 2447.1703954  2485.25857361 2492.74832289 2568.08348127
 2573.93666768 2585.61064057 2596.38174889 2600.0940736  2600.11547355
 2601.09340462 2615.62913753 2621.89578964 2654.87474639 2655.90947732
 2667.44395053 2684.39177784 2685.85544111 2693.18839075 2693.19755739
 2693.20422405 2801.16234001 2805.20736395 2815.06994104 2820.57892825
 2826.94128014 2828.93800884 2844.36400635 2846.02980248 2846.28856855
 2846.30060185 2850.112893   2850.12255964 2868.18935102 2876.20609907
 2876.2236657  2876.22966568 2876.32609879 2876.33656543 2895.24362153
 2896.63885162 2907.01529419 2937.22885736 2939.57978523 2955.79674757
 2963.90086209 2966.70485558 2967.08675469 2967.89445281 2967.92125275
 2968.06305242 2968.20765209 2968.80685069 2968.91595044 2971.43931125
 2975.75323456 2977.13483135 2993.07979433 2993.74822611 2993.83289258
 2995.86665452 2999.50651274 3001.24090871 3002.73723857 3006.46319658
 3025.58311885 3044.5194082  3114.40024592 3114.4095459  3114.44494582
 3114.45001247 3114.69217858 3119.10666833 3120.46979849 3120.48079847
 3123.31362522 3133.01513603 3151.13749394 3153.15478926 3158.01717797
 3163.67576483 3205.9176334  3205.97673326 3215.57974429 3215.8344437
 3215.84231035 3216.32750922 3227.11911749 3227.12838414 3227.1328508
 3227.13808412 3227.17918402 3245.17474223 3251.80386017 3252.99122408
 3253.30105669 3254.63142027 3262.47756872 3270.16045088 3270.47378348
 3270.8956825  3279.88059497 3286.55041281 3286.615646   3303.65693976
 3310.14205803 3313.24108416 3326.7044529  3326.80515267 3327.91675008
 3328.06371641 3330.02434519 3330.03924516 3330.05834511 3330.13447827
 3330.15357822 3341.97281744 3367.85479067 3394.42002898 3436.32973166
 3436.89089702 3438.02322772 3438.17582737 3438.20446064 3438.3921602
 3438.39959352 3469.1652554  3487.12561369 3498.10968819 3507.03633412
 3511.53292368 3511.7841231  3513.21065312 3539.61192514 3542.11211934
 3544.03648153 3547.36210714 3547.40964037 3548.66957077 3584.46915431
 3584.87392003 3596.80405899 3615.64104858 3623.21596433 3623.33663071
 3623.48589703 3625.89859143 3655.90955507 3701.97561476 3705.57777306
 3705.92747225 3706.06747192 3706.33190464 3706.35777125 3706.96896983
 3751.4055333  3777.04960709 3779.03390248 3787.40701637 3791.61443993
 3799.77398765 3804.23507729 3804.92620902 3808.09700165 3836.46330245
 3836.81260163 3876.81367541 3880.7785662  3887.89824967 3901.70588427
 3901.74365085 3911.21339552 3912.7008254  3917.26078148 3917.3396813
 3917.44064773 3917.46418101 3917.49811426 3917.8115802  3918.06611294
 3926.72889283 3926.92169238 3927.10692528 3932.75171217 3933.40887731
 3943.4606873  3943.64708687 3949.90430567 3951.43266879 3953.04136506
 3955.16176013 3961.76077814 3962.43080992 3962.65834272 3964.88400422
 3965.06947046 3972.47381993 3974.94824752 3974.97044746 3986.0375551
 3987.0693527  4016.24588495 4059.90875022 4064.03290731 4064.81290549
 4081.87673253 4098.29312774 4101.02798806 4119.21931248 4153.85109872
 4179.59320561 4183.23176383 4193.92057234 4196.11050059 4223.74783641
 4245.93968487 4254.00263281 4256.73552647 4266.32937086 4268.6216322
 4270.574261   4300.67175777 4333.44628166 4340.54576517 4346.66745096
 4352.23347136 4356.88286057 4357.05959349 4357.07816011 4357.09589341
 4357.19069319 4358.45029026 4358.75375622 4365.1961746  4396.13370275
 4404.50764997 4413.10919666 4413.12919662 4417.5871196  4433.51118262
 4455.91886391 4455.92403057 4455.95576383 4456.4838626  4469.09356665
 4475.87031758 4483.38683346 4485.43239538 4510.60887024 4518.0220197
 4521.45081173 4528.65336167 4533.68958331 4536.40971033 4575.72938568
 4580.71450744 4636.35201157 4642.31539772 4642.86546311 4657.45659589
 4658.92629248 4659.99552333 4686.90089418 4688.15845793 4689.78682081
 4691.33045056 4697.00897071 4697.028804   4697.23153686 4707.00938082
 4710.49207273 4710.61550578 4715.15649523 4738.79024035 4741.67010033
 4741.69750026 4746.91822147 4763.45401641 4764.75204673 4771.48606442
 4781.23694178 4781.2707417  4785.77426457 4790.76511965 4813.95723246
 4820.75921666 4842.3044333  4842.32099993 4842.59706595 4847.06675557
 4862.15635386 4874.23232582 4916.25442823 4938.28727707 4955.44147056
 4960.18815954 4961.09102411 4973.69809483 4973.92159432 4974.06722731
 5000.06366694 5001.87022941 5001.97169584 5010.24834329 5035.02981907
 5041.46047081 5057.96783247 5061.32922467 5063.62261934 5083.92430553
 5091.73482072 5117.19939492 5121.50355159 5136.26691731 5141.71460466
 5142.05430387 5142.06990383 5142.28530333 5144.4225317  5149.58318639
 5166.02964819 5175.3716265  5188.14193018 5188.42396285 5189.12859455
 5191.12282325 5219.40152425 5233.20705886 5271.48563663 5292.48325454
 5292.64835415 5292.71655399 5292.86552031 5313.17157316 5313.40437262
 5349.410589   5357.6654365  5427.27814151 5438.64774844 5444.1768356
 5474.50929849 5499.2102078  5512.63290996 5534.94342482 5535.22892415
 5551.73591915 5552.32855111 5572.12323848 5573.15526941 5581.23011733
 5587.22060342 5589.62509783 5595.10105178 5605.29239478 5608.64425366
 5612.69377759 5618.51816407 5622.85702066 5627.09247749 5635.76645735
 5638.17941841 5642.08260935 5645.47790146 5657.84787273 5658.71933738
 5663.15426041 5663.96965852 5674.57380056 5681.3015516  5688.32376863
 5699.84194188 5699.88730844 5700.28554085 5700.51904031 5700.5654402
 5700.60277345 5714.21090851 5727.97354322 5740.70574698 5740.95761307
 5745.0778035  5745.94213482 5747.84559707 5772.01424094 5772.09180743
 5772.13450733 5772.1478073  5772.17064058 5772.18574055 5772.19364053
 5772.54070639 5772.78093916 5772.79273914 5814.35560928 5842.25921115
 5875.51943391 5875.53436721 5875.54966718 5875.90706635 5876.77856432
 5877.4037962  5880.93335467 5898.56921372 5902.12430546 5906.79836128
 5908.53999056 5908.57892381 5911.22668433 5939.41201887 5941.13194821
 5950.12806065 5959.51717218 5968.0340524  5974.38423766 5986.63567587
 5993.60469302 6028.26101254 6029.18294373 6039.5908529  6054.68531785
 6094.85892455 6096.04598846 6096.16538818 6096.17268817 6096.23138803
 6096.77145344 6182.99501988 6191.68813302 6240.22598697 6254.6535868
 6269.58791879 6280.63219314 6315.33267922 6316.36741015 6318.26650574
 6348.61826859 6384.43128543 6389.57627348 6399.7311499  6401.14577994
 6401.33021285 6403.69597402 6404.17910623 6404.42057234 6436.65026416
 6447.46183905 6501.82167948 6502.09737884 6502.3722782  6502.51637787
 6508.16959807 6509.49082834 6520.95480172 6536.83429817 6551.11463168
 6556.71631867 6556.72685198 6556.73371863 6556.87931829 6562.83493779
 6606.28560356 6609.89846183 6611.88935721 6619.9629718  6638.06912975
 6649.85766904 6681.40092912 6686.59471706]"
232,664851_2023-11-16_C-7,MRN,True,"[  21.9232799    22.62650683   25.70581211 ... 6688.03242105 6691.22382531
 6691.32962435]"
233,664851_2023-11-16_C-8,MRN,True,"[  20.43522679   20.46059322   20.48742631 ... 6691.11325965 6691.19622556
 6691.4337234 ]"
234,664851_2023-11-16_C-10,MRN,True,"[  20.43886009   20.46395986   20.69002447 ... 6638.56457168 6690.20076797
 6690.35579989]"
235,664851_2023-11-16_C-52,APN,True,"[  20.33919433   21.68578206   21.79924769 ... 6613.17983626 6623.90720521
 6647.45839066]"
236,664851_2023-11-16_C-66,APN,True,"[  20.12086298   20.15779598   20.20529555 ... 6687.67285766 6689.8827042
 6689.90623731]"
237,664851_2023-11-16_C-70,APN,True,"[  69.76861071   72.3567538    84.26247868 ... 6690.45983227 6690.47199883
 6691.45432321]"
238,664851_2023-11-16_C-76,NOT,True,"[  21.27531913   21.5684498    21.60981609 ... 6691.25249172 6691.35535745
 6691.38865714]"
239,664851_2023-11-16_C-78,DG,True,"[  20.43186015   20.53269257   20.58222545 ... 6688.67418187 6688.84371366
 6688.86241349]"
240,664851_2023-11-16_C-79,DG,True,"[  20.42466022   20.60379192   20.86875617 ... 6689.26660981 6689.41870842
 6689.7793718 ]"
241,664851_2023-11-16_C-80,SUB,True,"[  20.25709508   21.04565456   21.72671502 ... 6677.63538243 6685.33404563
 6688.60884913]"
242,664851_2023-11-16_C-81,SUB,True,"[  20.42589354   21.59304957   21.8429473  ... 6679.79726274 6680.18165924
 6687.02189692]"
243,664851_2023-11-16_C-82,SUB,True,"[  20.23792858   20.26046171   20.56262563 ... 6690.31320027 6690.36019985
 6690.526365  ]"
244,664851_2023-11-16_C-84,SUB,True,"[  20.34682759   21.68121544   22.16671101 ... 6686.26507048 6688.83068045
 6689.53307405]"
245,664851_2023-11-16_C-87,SUB,True,"[  20.48779297   20.68532451   21.17565338 ... 6691.09472649 6691.2982913
 6691.61488842]"
246,664851_2023-11-16_C-101,SUB,True,"[  20.21812876   20.26512834   20.30169467 ... 6691.59668858 6691.71585416
 6691.770087  ]"
247,664851_2023-11-16_C-102,SUB,True,"[  20.70932429   20.75199057   20.78755691 ... 6691.60135521 6691.60875514
 6691.71982079]"
248,664851_2023-11-16_C-106,SUB,True,"[  20.11606303   20.37412734   21.17178674 ... 6690.49779859 6690.76559615
 6691.56072224]"
249,664851_2023-11-16_C-107,SUB,True,"[  20.13726283   20.21856209   20.29049477 ... 6690.72312987 6690.82152898
 6691.11569296]"
250,664851_2023-11-16_C-110,SUB,True,"[  20.41209366   20.5330259    20.59245869 ... 6690.76689614 6691.22639196
 6691.57378879]"
251,664851_2023-11-16_C-111,SUB,True,"[  20.38126061   21.14995361   21.50331706 ... 6691.09349317 6691.50825605
 6691.59388861]"
252,664851_2023-11-16_C-112,SUB,True,"[  20.26769498   20.39119385   20.56845891 ... 6691.57472212 6691.65135475
 6691.68418779]"
253,664851_2023-11-16_C-113,SUB,True,"[  20.67449127   20.81242335   21.12752048 ... 6690.04673603 6690.32406684
 6690.64813056]"
254,664851_2023-11-16_C-116,SUB,True,"[  20.29002811   20.46689317   20.5733922  ... 6690.54756481 6691.23355856
 6691.37109064]"
255,664851_2023-11-16_C-118,SUB,True,"[  20.21162882   20.2184621    20.29059477 ... 6688.70701491 6690.67096368
 6690.75176295]"
256,664851_2023-11-16_C-119,SUB,True,"[  20.11152974   20.20049559   20.28912812 ... 6691.62855496 6691.65802136
 6691.79148681]"
257,664851_2023-11-16_C-122,SUB,True,"[  20.16556258   20.23152864   20.39472716 ... 6690.91169482 6691.18419234
 6691.18935896]"
258,664851_2023-11-16_C-123,SUB,True,"[  20.12812958   20.49259293   22.02921227 ... 6689.38584206 6691.20049219
 6691.44708994]"
259,664851_2023-11-16_C-126,SUB,True,"[  20.22359538   20.44849333   20.6607914  ... 6689.37960878 6690.34186668
 6690.62216413]"
260,664851_2023-11-16_C-127,SUB,True,"[  20.60632523   20.87018949   21.18561995 ... 6690.30306703 6690.63823065
 6690.82322896]"
261,664851_2023-11-16_C-128,SUB,True,"[  20.228562     20.25282845   20.36559409 ... 6691.21615872 6691.65358806
 6691.67238789]"
262,664851_2023-11-16_C-129,SUB,True,"[  20.33729435   20.53079258   20.87092282 ... 6690.47799877 6690.50179856
 6691.07422667]"
263,664851_2023-11-16_C-130,SUB,True,"[  20.36242745   24.217159     26.1096751  ... 6674.20374702 6675.24623753
 6685.32347906]"
264,664851_2023-11-16_C-133,SUB,True,"[  31.18609552   54.6469818    69.46824678 ... 6690.29023382 6690.44323242
 6690.89516164]"
265,664851_2023-11-16_C-148,SUB,True,"[  20.25629508   20.39532715   21.22568625 ... 6691.2248253  6691.29815797
 6691.68432112]"
266,664851_2023-11-16_C-149,SUB,True,"[  20.53055925   20.55909233   21.02032146 ... 6690.26063409 6690.3178669
 6691.24795843]"
267,664851_2023-11-16_C-150,SUB,True,"[  20.40589372   21.02812139   21.10802066 ... 6691.2512584  6691.32579105
 6691.78288689]"
268,664851_2023-11-16_C-157,SUB,True,"[  20.265195     20.68869114   21.47031736 ... 6689.93213708 6690.26453405
 6691.45952317]"
269,664851_2023-11-16_C-158,SUB,True,"[  20.12526294   20.2138288    20.2542951  ... 6691.71365418 6691.73645398
 6691.77742027]"
270,664851_2023-11-16_C-162,SUB,True,"[  20.12246297   20.12699626   20.22949533 ... 6691.5109227  6691.68608777
 6691.7300207 ]"
271,664851_2023-11-16_C-163,SUB,True,"[  20.65969141   21.43011772   21.46058411 ... 6690.76562949 6690.91749477
 6691.03186039]"
272,664851_2023-11-16_C-169,VISp,True,"[  20.25456177   20.37762731   20.54972574 ... 6691.04126031 6691.62135502
 6691.76615371]"
273,664851_2023-11-16_C-170,VISp,True,"[  20.50809279   20.80439009   20.90578917 ... 6690.93379462 6691.59352194
 6691.7008543 ]"
274,664851_2023-11-16_C-171,VISp,True,"[  20.12469628   20.19162901   20.30512797 ... 6691.54418906 6691.76872035
 6691.7811869 ]"
275,664851_2023-11-16_C-174,VISp,True,"[  20.16809589   20.23879524   20.85178966 ... 6691.3564241  6691.36705734
 6691.67985449]"
276,664851_2023-11-16_C-175,VISp,True,"[  20.64519154   20.6538248    20.66635801 ... 6691.32182442 6691.46272314
 6691.75065385]"
277,664851_2023-11-16_C-179,VISp,True,"[  24.68038812   26.39647248   26.53903785 ... 6691.52118927 6691.61665507
 6691.80292004]"
278,664851_2023-11-16_C-185,VISp,True,"[  20.35212754   20.84372307   20.97482187 ... 6687.26852801 6689.09601136
 6689.16944403]"
279,664851_2023-11-16_C-187,VISp,True,"[  20.15819598   20.2105955    20.25169513 ... 6681.0084517  6681.45898093
 6686.73299956]"
280,664851_2023-11-16_C-194,VISp,True,"[  20.10642978   20.13696284   20.37099404 ... 6688.61241577 6689.428375
 6691.14049274]"
281,664851_2023-11-16_C-196,VISp,True,"[  20.66842466   21.25915261   23.61866445 ... 6690.31230028 6690.41956597
 6691.33165766]"
282,664851_2023-11-16_C-202,VISp,True,"[  20.20149558   20.3276611    20.40549372 ... 6691.26295829 6691.67012125
 6691.71312085]"
283,664851_2023-11-16_C-205,VISp,True,"[  20.33142773   20.49525957   20.73659071 ... 6691.1370261  6691.33112433
 6691.74628722]"
284,664851_2023-11-16_C-211,VISp,True,"[  20.13749617   20.15756265   20.20712887 ... 6691.56205556 6691.6057885
 6691.78808684]"
285,664851_2023-11-16_C-213,VISp,True,"[  20.34079431   20.35822749   20.42586021 ... 6691.257825   6691.30725789
 6691.31972444]"
286,664851_2023-11-16_C-214,VISp,True,"[  20.29392807   20.54585911   20.56869224 ... 6690.84702874 6690.92972799
 6691.14262605]"
287,664851_2023-11-16_C-216,VISp,True,"[  20.2545951    20.26566167   20.2694283  ... 6689.97943665 6690.58836443
 6691.25722501]"
288,664851_2023-11-16_C-217,VISp,True,"[  29.86357423   45.08856887   45.31003352 ... 6670.92614355 6672.19563198
 6679.27690081]"
289,664851_2023-11-16_C-218,VISp,True,"[  23.69926372   24.85991981   24.96595218 ... 6690.00123645 6690.37709969
 6690.53093162]"
290,664851_2023-11-16_C-219,VISp,True,"[  20.10036317   20.71979086   21.61274939 ... 6688.97754577 6689.73530554
 6691.16605917]"
291,664851_2023-11-16_C-220,VISp,True,"[  20.13109622   20.51365941   25.23661638 ... 6689.73337222 6690.35043327
 6691.23825851]"
292,664851_2023-11-16_C-221,VISp,True,"[  20.10136316   20.68605784   20.9794885  ... 6690.88662838 6691.03659368
 6691.74718721]"
293,664851_2023-11-16_C-234,VISp,True,"[  20.53332589   20.55465903   20.57885881 ... 6691.53255583 6691.56778885
 6691.59632192]"
294,664851_2023-11-16_C-235,VISp,True,"[  20.12859625   20.72439082   20.92582232 ... 6690.88909503 6691.05619351
 6691.38922381]"
295,664851_2023-11-16_C-245,MRN,True,"[  20.13476286   20.36406077   20.46019323 ... 6691.58478869 6691.67608786
 6691.74898719]"
296,664851_2023-11-16_C-257,SUB,True,"[  22.06427861   26.69160313   27.23499818 ... 6674.2579132  6677.11025388
 6690.93359462]"
297,664851_2023-11-16_C-258,SUB,True,"[  50.92411571   53.51389212   53.83758917   56.83432854   58.26288219
   60.79142583   80.53947926   92.16034007   99.21054251  109.94827803
  112.42742211  147.89363236  153.22591712  176.00750959  181.35566087
  195.26773413  207.11739286  207.28015804  215.60938216  226.95894544
  242.2880058   242.29283909  249.4484739   258.55422429  259.23408476
  260.76287083  267.41714355  269.31322628  269.96525367  280.1815606
  280.6763561   293.50953919  299.24178697  317.76635156  320.33082819
  325.41951517  336.49204764  338.68542766  341.85326547  342.0834967
  343.49815048  343.77291465  344.85613811  345.05283632  355.73980563
  358.03718471  359.03964224  361.48598662  363.79463226  369.87144357
  375.18536183  376.16425291  376.44195038  381.3359058   381.63683639
  381.862001    384.88114017  385.60766688  386.28862735  390.53245535
  395.3207784   397.44915901  403.58420312  404.63542688  405.52478545
  407.65409938  411.67432943  413.60201187  416.38565317  419.27192688
  423.25112397  424.73301047  426.74862544  430.79465525  432.29920821
  440.38913451  444.90176007  444.97355942  446.00318337  454.72573725
  455.03563442  455.29163209  457.74084311  460.74918237  463.28729259
  465.0166435   466.88315983  469.51863582  469.66480116  470.80472411
  476.38907324  478.24418967  478.32998889  478.82378439  485.5919894
  486.20141718  489.64221917  491.01057337  493.02952165  496.36225795
  501.25901335  502.15167188  506.98069456  508.07958455  511.48935349
  512.64334297  513.21637109  514.79855667  515.39548457  517.2624009
  519.67101229  526.16401981  527.23137675  530.21004961  539.15390147
  539.42109904  542.76373526  543.2855305   544.145656    547.23996115
  547.42652611  548.89884603  548.90654596  553.80870131  554.58072761
  560.98733591  563.11411654  563.93970902  571.23187592  572.64186308
  574.38998049  578.69677459  586.36630472  591.99988673  600.5147425
  601.34313495  606.46008834  606.60782033  608.59756887  610.30342
  612.29546852  613.65615612  615.48843943  618.82030908  618.828709
  623.50996636  624.79485465  626.7987364   629.98100741  630.07553988
  630.72560063  631.85615699  633.2683108   634.636065    639.12769075
  640.00074947  642.58595925  643.00808874  644.05407921  645.21256866
  646.7404214   652.27697097  653.10086346  657.94211936  658.62334649
  659.76176945  665.99641266  666.58547396  670.27890698  672.75388443
  672.77468424  676.90947991  677.05927855  680.49958054  688.52034081
  694.10968989  694.27878835  695.96497299  700.44849881  700.720663
  701.28575785  708.68732376  709.10811993  713.67987828  714.26463962
  716.56951862  724.58101231  730.07862889  733.3534324   736.33480524
  739.81854017  745.06065908  751.15693688  751.79786437  752.01782904
  752.83278828  752.87018794  762.36353479  767.47262158  768.89470863
  786.27865027  787.29810765  792.17416323  792.83495721  793.08735491
  799.9343592   801.16201469  804.82094802  804.92874704  810.22923209
  810.897326    812.27114682  818.1315601   819.68547928  825.22799546
  827.50004143  828.6009314   828.62393119  842.18030769  844.3493546
  845.69800898  847.01536365  851.27495818  851.59442194  852.98704258
  853.41103872  856.22677974  858.9638548   863.42228085  863.43964736
  864.23440679  864.73423557  867.45544411  872.89516123  884.88991863
  894.17813402  894.71682911  902.99245372  903.50808236  905.30436599
  908.83283385  909.64482645  912.21473638  916.86412736  917.8358185
  918.25068139  924.23322689  924.46529144  925.06728596  929.42651292
  935.94298689  940.90024173  944.37014345  945.51903299  950.43158824
  950.61018661  951.42417919  954.40628536  956.312168    960.50319649
  968.79675427  969.0684518   975.64409189  985.42960275  990.16689293
  997.4116936   997.81518992  998.33948515 1004.29566422 1005.55125279
 1014.20877392 1017.73497513 1018.82713185 1026.37879639 1032.33314215
 1032.52564039 1037.94705767 1038.85718272 1049.78618316 1050.83344028
 1067.13199181 1074.33192622 1074.53762435 1077.74922842 1083.77724018
 1085.62655667 1098.15844251 1104.33185293 1121.97815885 1122.32548902
 1124.22040509 1131.09434247 1140.36625801 1142.73036981 1152.20081687
 1162.38359077 1163.89451034 1164.08950857 1170.42201755 1173.78298693
 1184.80201988 1196.71027807 1199.88571581 1211.46971029 1223.26053621
 1231.96362359 1233.46777656 1240.56024528 1250.19555751 1255.75850683
 1262.02861638 1271.79186078 1274.36000405 1274.78486684 1276.67178299
 1277.98697101 1282.08086705 1301.12019361 1304.18676567 1304.81205998
 1305.0731576  1311.46439938 1316.48738695 1317.86100777 1318.16847164
 1322.19393497 1332.33654257 1333.21726788 1336.72740257 1337.65612745
 1347.56583717 1367.34945695 1370.76182587 1374.81425562 1377.35489914
 1377.84782798 1381.01669912 1382.32215389 1383.63887523 1388.91046054
 1400.24445729 1401.48771263 1407.0271955  1433.62905317 1435.56023558
 1440.35745855 1440.40582477 1443.55466275 1444.35012217 1451.38282478
 1463.98290999 1468.13117221 1486.36467277 1492.44738403 1498.81522602
 1498.87699212 1500.24001304 1506.10319296 1510.98591515 1519.20450695
 1522.64007565 1524.70232353 1524.9588212  1532.5360855  1538.04226868
 1539.95615124 1552.45840402 1559.50983978 1563.1123403  1567.7845644
 1574.34323799 1575.49142753 1587.60028389 1588.69767389 1589.84869674
 1598.55681741 1605.59301998 1606.0930821  1609.2213536  1624.7763119
 1625.87280191 1636.6684369  1644.69563044 1651.34433654 1651.99696393
 1669.33123936 1671.51168616 1672.16771352 1695.63279976 1700.5312218
 1702.28177252 1703.11939823 1704.76094994 1725.18893052 1735.80503381
 1735.9996987  1736.36622869 1739.49593352 1740.16986071 1748.8650815
 1755.32168935 1758.71389178 1766.82341791 1776.7769939  1782.97513744
 1795.7723542  1809.9286919  1812.62216737 1814.28958551 1817.27099169
 1818.38184823 1820.05096636 1833.68667548 1842.20949784 1848.97080291
 1849.93019417 1866.06924715 1868.50909159 1877.31717802 1877.9819053
 1880.74084683 1884.92844202 1887.90304826 1914.84843613 1950.84180824
 1963.85172306 1981.31969727 2012.58181248 2023.62021193 2034.28398145
 2043.20610018 2060.86543931 2061.41660095 2065.00473493 2112.96399804
 2148.40177522 2154.04792379 2171.04963557 2192.45560724 2193.05956841
 2203.94673589 2225.2609084  2250.69571003 2261.08448206 2289.41875728
 2308.7261814  2332.04830228 2338.70650829 2344.8741521  2350.80203144
 2390.16930615 2390.32667138 2398.18026651 2410.60432    2426.39617614
 2441.80993573 2539.5372788  2540.49887004 2541.784825   2554.94850508
 2563.71979184 2579.9417774  2593.38985489 2598.1311117  2614.76292686
 2622.08249352 2652.25148536 2679.95903295 2707.74741314 2708.04704375
 2716.82226381 2722.70194358 2740.05961879 2751.63014672 2764.61896173
 2837.99182667 2852.55002739 2881.13856696 2930.55791677 2939.37903641
 2947.67559416 2948.59158582 2993.40947755 3009.00533548 3022.14931574
 3022.50474583 3035.52959385 3040.46514889 3045.32903791 3050.04512829
 3059.9157717  3062.94457744 3065.67021928 3069.27875308 3070.47927547
 3079.48129347 3084.44514825 3095.47111447 3107.23814061 3110.9061072
 3134.96015475 3146.06588691 3146.30281809 3147.77963797 3149.80105288
 3151.78070152 3166.7042989  3169.75623777 3172.64331147 3173.47523722
 3196.50182746 3197.94724763 3199.64533216 3201.05155268 3203.01976808
 3203.76079467 3208.75488251 3212.89644478 3220.15291201 3224.58210499
 3244.50435684 3247.37873066 3252.75104839 3254.60699815 3264.65320663
 3278.33694864 3288.33029094 3294.90399772 3298.74962936 3299.66972098
 3305.31100292 3310.39752325 3315.6065758  3318.4642831  3322.49731303
 3323.08007438 3331.77716182 3335.24943019 3338.96796298 3343.21169099
 3352.46060674 3357.83429112 3360.34263494 3362.62008086 3371.75536431
 3376.70468589 3392.42514268 3394.09629412 3394.3837915  3422.73919986
 3425.58197397 3449.16215916 3450.85374375 3453.05252372 3471.69342058
 3471.9287851  3474.09353205 3474.9875239  3482.24332447 3505.04125013
 3524.57590551 3541.67724972 3542.45274266 3545.20275094 3550.5642021
 3566.55222312 3576.10430277 3578.28894954 3584.30669472 3585.98887939
 3590.72393626 3591.86042591 3603.64611854 3611.93367638 3622.64534547
 3631.11966827 3632.81871946 3637.92340629 3649.94476345 3653.52416417
 3658.66605067 3659.92223922 3660.41726805 3680.58905096 3688.35508021
 3712.21499619 3718.6212045  3720.15795717 3721.24068064 3729.07840924
 3740.98500077 3746.45365096 3756.47045971 3756.8258898  3757.09152072
 3764.1922227  3781.81082887 3800.54779152 3822.3615928  3830.71261673
 3838.94594172 3843.56513298 3869.62989554 3878.42904872 3880.86849316
 3882.81477543 3894.84403252 3903.22112287 3918.59188285 3922.88311042
 3924.09556605 3929.96611257 3932.73418735 3967.37543845 3990.43366173
 3996.11154334 4001.15063077 4012.08746448 4021.70627685 4051.45120589
 4066.15880524 4085.50019572 4093.1316262  4095.97713361 4097.07112364
 4105.26938229 4164.20827872 4169.76499477 4196.86328124 4197.88850524
 4207.56055046 4212.79106948 4226.35891255 4241.72143927 4260.05553892
 4326.87686354 4338.35809229 4343.63604421 4350.52254814 4356.05366442
 4359.46679999 4372.98827682 4385.88262602 4392.06956966 4423.67581508
 4457.91653649 4499.97148672 4517.67219214 4530.56007474 4541.85273853
 4559.06924836 4576.01102736 4603.71354167 4622.82930087 4675.41635516
 4695.4676725  4703.54843222 4717.2315409  4732.86689847 4748.45405648
 4774.72211719 4799.58102407 4820.48536697 4822.88417845 4830.26917784
 4841.88017207 4844.24605052 4912.75999305 4925.33324518 4928.47204992
 4969.66750798 4990.99934699 5024.6517071  5025.58746524 5029.32876449
 5029.46929655 5049.39978165 5052.41212088 5096.94704852 5113.90836067
 5133.67061398 5152.18487866 5164.13390314 5166.07125216 5173.17682076
 5182.49120258 5222.84126834 5227.78432331 5235.11038991 5238.82375608
 5265.64431176 5277.10734067 5351.63979504 5355.28859513 5356.67844914
 5359.87971998 5361.87053517 5370.38295763 5374.21938935 5374.8388837
 5427.25493955 5433.60721502 5478.63510483 5481.08544918 5484.65801663
 5515.38730337 5524.30958875 5574.55466438 5576.6117123  5585.390799
 5586.05515961 5613.43284354 5673.94445898 5696.27558888 5705.45093863
 5710.15532911 5711.98584577 5716.2197072  5717.59349468 5747.53928856
 5828.57505035 5838.46976022 5839.05682154 5847.68497627 5890.27098833
 5925.50513403 5937.49575813 5947.8764969  5970.12666088 6007.01169154
 6086.83566437 6109.77412208 6138.76929128 6215.63195776 6242.0133841
 6243.87883377 6257.53107607 6325.72198822 6352.33277914 6355.91174653
 6372.43976264 6381.12098355 6382.43893822 6426.69630172 6454.98901065
 6465.57351423 6475.65772236 6513.54981052 6532.43837178 6579.56544247
 6613.44776715 6624.40703399 6641.62297716 6644.89078072 6672.04263338
 6672.54946209 6690.79499589]"
298,664851_2023-11-16_C-262,SUB,True,"[  56.97232728   70.87363398  106.42994341  125.11533986  144.39399757
  148.84365704  154.69783704  193.15792002  211.03599049  230.23051564
  258.60625715  261.76782835  272.84762741  300.75070656  364.01956354
  384.52264343  438.04955583  445.83761821  478.29432255  518.91325252
  540.26722466  555.00472375  565.5551943   599.35745304  642.11566353
  671.46289619  727.80141631  741.56315761  778.80878498  783.94603818
  802.67896753  822.51028688  829.48652333  851.33652428  891.01062954
  891.82322213  908.02867451  921.33851993  927.14660035  962.18524783
  972.92711664 1000.35856676 1002.9701763  1010.8587711  1012.6742879
 1084.10710384 1130.16078431 1131.09804244 1141.27558306 1142.88100177
 1144.37635481 1151.7653875  1188.69631774 1195.09719277 1216.03946866
 1248.76800385 1255.06084652 1264.35082856 1276.55565071 1280.24858374
 1281.22610817 1282.48196339 1291.40268213 1292.9760678  1305.90655001
 1308.55692586 1312.20555929 1315.10956617 1334.74715395 1344.0538025
 1354.69987218 1369.11010758 1370.22173079 1372.64777535 1394.29384483
 1435.38183721 1440.11072746 1442.64513771 1476.05330004 1504.96247002
 1509.46259569 1536.10871962 1550.5982543  1554.98771431 1584.78084291
 1599.16111191 1599.27291089 1611.2008689  1611.41620027 1616.47338754
 1625.84466883 1626.55909566 1628.91544086 1645.55335596 1649.45875372
 1671.56691899 1677.87449486 1678.81331964 1678.9720182  1679.66241191
 1679.8972431  1680.85066775 1692.08719872 1697.60898176 1698.4681406
 1699.75466221 1704.3740868  1727.60004188 1734.55674518 1736.91465703
 1766.59595331 1768.4894694  1770.05755511 1796.95841006 1800.43561172
 1812.89483155 1818.59337964 1838.88582812 1840.13531673 1842.62822736
 1843.21222204 1863.28007256 1869.63291469 1889.21550297 1905.48835473
 1917.94914122 1925.78840314 1935.02735231 1960.36235485 1966.13556892
 1970.86345919 1983.94547335 1985.0157636  1993.95851547 2002.82743468
 2012.32681481 2013.19727354 2019.90271246 2027.5866758  2033.27542397
 2057.52580306 2074.51994825 2076.63149568 2079.21070552 2094.70069775
 2107.86977778 2119.8519353  2121.28805555 2126.78600546 2128.58168911
 2132.50168673 2156.86273148 2160.53879799 2165.98091508 2168.31552715
 2173.93674261 2180.21221877 2181.91250328 2186.4366954  2188.12201339
 2194.44162248 2194.70422009 2199.26474521 2202.61214805 2216.22839068
 2217.42591311 2232.86337248 2234.15056075 2238.07175836 2240.80603346
 2265.3395433  2269.52743848 2269.80160265 2274.57762581 2285.74842405
 2291.05414238 2297.59704945 2306.82569871 2308.01128791 2312.35544834
 2312.56407977 2328.99763007 2340.43889251 2342.19834315 2345.74101087
 2350.28220284 2353.20514288 2356.33564769 2361.85759739 2367.44481316
 2370.6715171  2373.40122557 2374.47204915 2378.12774918 2380.75805855
 2382.42221006 2382.91717221 2386.03124385 2393.19661191 2398.52899666
 2399.00882563 2401.6317684  2403.51835121 2411.07204907 2418.6282469
 2421.08059123 2432.33722202 2432.3866549  2440.8831775  2459.13127794
 2463.61053713 2466.48611094 2480.96811234 2483.50902253 2499.49774355
 2509.38452015 2515.98006007 2534.89882106 2542.14095508 2563.7104586
 2566.69073145 2569.09907617 2574.50296028 2597.9774131  2600.80758732
 2601.59528015 2606.25573769 2608.72651518 2609.41324226 2611.48802336
 2613.2808737  2625.56332847 2639.6157338  2650.84273152 2656.39608093
 2660.96930594 2676.75479547 2686.13224338 2687.199267   2693.54107589
 2694.39320146 2699.32958983 2699.62692045 2701.46503704 2702.29642947
 2741.02351001 2743.33642228 2750.56465643 2759.92507116 2778.03553952
 2786.31029747 2792.69743928 2799.69694219 2807.89993413 2820.89498242
 2821.8626736  2822.52600089 2823.71485673 2825.6432725  2827.03265984
 2830.78919228 2833.14783746 2834.61022414 2841.86205808 2844.09510441
 2851.54130324 2862.14224    2878.25225992 2879.51544841 2895.34360422
 2905.40384591 2911.285559   2922.26465898 2923.24391673 2924.39070628
 2926.13285708 2928.09580586 2929.51002631 2930.27055272 2933.44092384
 2937.31525521 2938.75770874 2942.85977137 2943.71316359 2961.20153762
 2967.01071803 2968.31543948 2971.47947732 2971.4995438  2971.78967449
 2978.93010945 2987.85019486 2988.18975843 2988.73392014 2994.384802
 2997.63167242 3006.44419214 3012.93173304 3019.71660457 3025.20245459
 3035.31692912 3035.67695917 3040.07148581 3046.24399625 3048.03634659
 3067.7973999  3068.9133564  3069.46048475 3069.86641439 3071.03507041
 3076.11142417 3078.35953702 3097.16353239 3102.53741677 3117.06168446
 3120.00752429 3137.10173524 3142.45781978 3146.1185531  3147.34997521
 3147.91017011 3152.69545985 3164.35888694 3173.30533877 3181.20896677
 3191.08964343 3195.41600402 3197.99578052 3220.99413768 3224.35714038
 3227.54844464 3234.53971428 3239.93163183 3245.06291842 3246.55720481
 3253.48254172 3266.99361864 3267.68761232 3272.18573801 3277.36292418
 3277.77748707 3288.98921827 3294.45970177 3296.88904631 3321.58728798
 3325.57931828 3332.3543899  3335.58066051 3337.82984002 3344.40828009
 3348.85007296 3350.62909009 3352.22247558 3363.66020472 3365.5100212
 3367.79553371 3374.02297698 3374.27637467 3376.45892146 3380.63498342
 3380.90138099 3382.66303161 3394.68298878 3399.97297392 3401.20362938
 3418.44757229 3428.22634988 3436.68603948 3437.88912852 3438.47722316
 3439.52481362 3441.07296618 3456.22242818 3469.6130062  3471.36945686
 3471.6282545  3475.39148689 3476.29881196 3476.50174344 3476.5169433
 3488.26410296 3503.00543534 3504.4800219  3514.78329471 3516.48704586
 3518.11643102 3526.8860178  3530.00835602 3540.93935644 3545.28901682
 3554.5051662  3559.94664996 3587.10926919 3588.90061953 3589.21981663
 3590.60927064 3592.68658505 3599.56262241 3620.19696777 3620.20266772
 3628.62189102 3632.97338472 3640.32141778 3648.70194144 3650.0372626
 3663.07694382 3671.27803578 3686.29656563 3690.3247956  3691.66945002
 3693.31960165 3700.5820355  3711.42077009 3717.14728459 3723.89405647
 3728.42718184 3729.02200975 3744.10150572 3760.63025515 3763.3583303
 3767.30052772 3772.41064783 3772.97957598 3774.16919848 3777.11160501
 3779.05785395 3781.48439851 3784.13504103 3786.28758809 3792.98746039
 3797.56068539 3797.7431504  3800.22686111 3806.09890761 3807.25866372
 3814.61096341 3818.70335946 3825.02853517 3827.07491653 3836.55809681
 3842.79464    3853.21311176 3855.51612411 3855.7950549  3856.23588422
 3874.66118304 3875.86847204 3880.4138973  3881.033025   3885.7231156
 3893.06214875 3893.07208199 3897.22871079 3898.8706625  3908.74510588
 3921.80128695 3923.00434265 3940.69008154 3962.2182521  3962.79334686
 3970.77374083 3978.33717193 3983.54195785 3987.32089009 3993.12717053
 3993.57353313 4016.78085505 4020.03035879 4022.94813221 4024.67751645
 4030.60432913 4046.87424758 4049.16359339 4050.2939831  4051.53997175
 4053.3162889  4057.41615155 4060.13296013 4063.76536038 4068.6441826
 4072.27334954 4090.89494657 4100.85958913 4117.12207432 4124.45360753
 4127.43124708 4129.76049252 4139.65920235 4140.53102774 4141.16178866
 4143.23156981 4143.52380048 4146.57127272 4159.17072461 4160.5437121
 4174.40208586 4174.54258458 4177.76458856 4190.57287188 4200.34808283
 4212.73936995 4217.93818926 4219.05371243 4219.30497681 4228.87982292
 4235.16399901 4252.27030984 4270.71784179 4277.21778258 4279.78979248
 4285.56130658 4289.17554032 4291.72075047 4295.50388267 4300.00844163
 4302.38378666 4308.89006073 4313.08428919 4318.0920769  4335.25818719
 4338.53485734 4349.26265962 4350.43574893 4368.2696198  4372.58188052
 4375.04622474 4383.28774966 4384.2934405  4391.63174032 4395.93816775
 4408.54765289 4410.37276959 4411.05229674 4416.39524807 4417.03034228
 4422.45415954 4431.97350615 4434.33408465 4441.64165141 4451.72585955
 4463.90038198 4478.01452007 4483.77186763 4485.07955571 4500.95064447
 4523.32907394 4525.41792158 4527.54096891 4533.80541184 4544.48578121
 4546.95932535 4556.94183441 4560.77049953 4561.12486297 4563.20237738
 4589.56247058 4624.76741655 4631.82305227 4671.14496073 4683.76494577
 4694.60318037 4698.71770956 4699.60756812 4710.52393534 4711.69842464
 4712.5442836  4718.34916406 4723.58418303 4725.90222858 4725.90872852
 4737.8624863  4738.00375168 4738.79231116 4742.54141034 4749.23324938
 4751.02943302 4763.17312239 4766.32326036 4777.46702552 4784.15966455
 4790.01837785 4806.065165   4821.51455759 4842.7775639  4842.83823001
 4844.10738512 4848.88177496 4864.3044678  4870.32504628 4871.6915005
 4881.32641273 4886.60953127 4889.08810869 4892.28911287 4893.19737126
 4898.1071932  4904.06587225 4904.47156856 4914.70844197 4914.89674025
 4922.2210402  4925.57047635 4926.4434684  4936.58577601 4942.28332411
 4944.56403666 4948.31496916 4949.61472399 4950.55974871 4954.31478117
 4960.8762214  4967.71235913 4975.91731772 4976.44467958 4979.23955412
 4980.70884073 4986.33478948 4991.75264013 4993.65685612 4994.50848169
 5007.77172754 5010.61923493 5013.09537904 5032.61400123 5035.27897696
 5042.24241352 5052.78611747 5053.10738121 5069.27066731 5069.62113078
 5073.07526598 5082.02925108 5091.5589976  5099.57902454 5100.86897946
 5104.38034747 5136.39985579 5144.51168189 5152.12097924 5154.59992332
 5165.22049324 5193.7807664  5196.08414542 5217.62271588 5222.42227216
 5226.38323607 5229.3733755  5241.34636643 5248.71403265 5251.58980645
 5257.68695091 5274.10416802 5277.39857135 5291.96033869 5292.52590021
 5298.97970808 5303.26813568 5311.20376339 5314.76789759 5320.75564305
 5324.35354361 5331.69407674 5335.76250634 5337.27719254 5338.70207956
 5340.33973131 5348.47979049 5349.63247999 5351.64716164 5352.28582249
 5364.29004647 5367.73928171 5373.10423284 5377.6309916  5377.77959025
 5378.60034944 5385.12272336 5404.08958391 5405.42790505 5410.29592737
 5419.22947932 5421.95252119 5430.31734499 5433.11611949 5442.33620216
 5443.84078846 5451.53295172 5459.27314788 5468.05536787 5468.26799927
 5474.12794589 5475.09110378 5477.64738049 5481.22004795 5487.28492603
 5494.86369033 5505.93005618 5522.69437014 5523.06013347 5536.0692483
 5554.94587634 5556.20603152 5563.17876801 5563.47063201 5574.6293637
 5576.72701125 5587.91914263 5606.15937647 5631.37158013 5639.60700511
 5647.50926646 5653.46221223 5656.75608222 5659.53752355 5661.77080321
 5664.49294508 5683.48943869 5687.26123767 5690.43427543 5693.20251688
 5697.38981206 5700.85738048 5740.54241896 5747.13475891 5749.52837044
 5776.15586121 5788.62108099 5790.95559305 5806.0331557  5807.4453095
 5810.92847777 5811.16067566 5816.25982921 5819.99616184 5824.83841773
 5826.19727202 5830.24333516 5840.38737608 5862.11227818 5862.9805036
 5867.48642922 5868.86351668 5870.10957199 5875.76665379 5888.67410288
 5890.10028988 5896.43839881 5905.72124758 5910.41763814 5911.54892783
 5916.24385173 5919.02495973 5923.79921623 5926.61495725 5927.2204184
 5932.66066884 5941.19109114 5944.18506386 5947.81233082 5958.46480045
 5964.65697737 5967.4090523  5981.01432836 5987.71893395 5987.75433363
 5996.99891608 5997.84144174 6018.5422865  6022.84088067 6028.33566395
 6030.44371141 6034.15067765 6038.64143674 6045.35810888 6062.39205371
 6063.11034717 6066.59788206 6079.5147644  6081.47507987 6083.00143263
 6098.3511928  6132.2607839  6133.9153355  6134.51536336 6134.93459288
 6139.9633804  6151.99257082 6155.632171   6165.19191725 6169.51807784
 6172.52031715 6180.25694668 6180.77944192 6186.42189052 6195.88220434
 6198.4222812  6205.0420209  6205.13642004 6207.34333326 6210.43457177
 6220.40678093 6221.98626654 6226.93978808 6227.0255873  6230.64255435
 6238.49038286 6240.55113076 6241.2815241  6249.60288163 6249.67264766
 6250.42177417 6253.67487787 6282.50358192 6293.21425102 6295.5834961
 6296.02852538 6300.76191559 6309.35007069 6349.4640386  6351.57475271
 6360.70700285 6372.75569309 6372.83689235 6381.34924814 6390.61349708
 6394.26066386 6400.95150291 6401.09260162 6427.70035924 6431.86405464
 6434.10790087 6436.66151094 6438.3849619  6450.15928798 6450.58525076
 6451.82000618 6465.4811484  6495.4498754  6496.27040126 6498.88644409
 6517.42907518 6527.80054736 6529.32650013 6539.71830547 6540.04950245
 6570.26496053 6585.65002038 6599.33432905 6604.46681563 6615.147385
 6617.84336044 6620.90559922 6625.05089479 6627.23370824 6641.15281477
 6645.23561091 6648.7932785  6652.5220112  6658.34335817 6660.71653655
 6673.51221999 6676.80605665 6678.28590984 6684.27282197 6686.80089894
 6691.0317604 ]"
299,664851_2023-11-16_C-265,SUB,True,"[  21.21488635   21.216553     21.45198419 ... 6691.22509197 6691.24392513
 6691.32792436]"
300,664851_2023-11-16_C-266,SUB,True,"[  20.42362689   20.7223575    20.81885663 ... 6691.24572511 6691.32655771
 6691.34305756]"
301,664851_2023-11-16_C-267,SUB,True,"[  57.21069178   98.39311662  189.33825482 ... 6691.4078903  6691.63512157
 6691.72022079]"
302,664851_2023-11-16_C-271,SUB,True,"[  43.21825258   67.76746228   79.84491892  150.73550647  258.58849064
  269.051162    294.06680078  333.03491247  379.12739258  398.37175061
  418.07270447  419.14739468  453.5236482   541.98024239  561.050702
  576.71245933  618.98007429  627.29386522  638.64286184  662.62631002
  689.23790094  700.4790652   724.88010958  759.86912418  787.81206963
  804.6876159   862.59648838  915.74810419  932.0112227   947.08885202
  947.5233814   966.09737886 1034.44928954 1040.64933306 1042.09291991
 1055.59436358 1068.35048071 1081.84395779 1094.05091326 1110.52766316
 1125.1309968  1162.24602536 1182.60253992 1189.12241386 1225.61941472
 1243.09168889 1244.82317312 1251.13228231 1262.77450959 1418.68675596
 1494.5138652  1517.27292454 1522.22414611 1556.02063824 1596.05340689
 1620.51101742 1677.67216337 1711.15142506 1717.32256884 1732.08740101
 1735.7732341  1786.43217261 1820.6617608  1821.00305769 1846.80338932
 1866.00898104 1869.82521294 1880.32098399 1907.01267418 1933.93322894
 1938.49258741 1952.69655801 1989.39329039 2002.71550236 2037.48441896
 2038.89330613 2051.2575935  2069.81022449 2084.20549336 2088.15612403
 2109.97125864 2178.64416639 2223.17509407 2246.24571724 2263.45339381
 2265.26727729 2315.62521855 2331.12491069 2333.81545284 2356.82897653
 2357.55646991 2358.47622819 2369.00116565 2390.28543843 2391.23506311
 2422.97304066 2444.1620143  2455.70837578 2497.13333175 2510.7402078
 2511.16200396 2515.35386577 2515.40289866 2524.31721745 2532.84067314
 2543.77390688 2546.38231645 2562.42077034 2564.53131778 2570.74459452
 2577.32226793 2610.1037693  2613.94783429 2624.46490515 2636.24799781
 2645.63877893 2676.73619564 2681.65681749 2689.14081598 2694.63966588
 2701.59830249 2707.46141575 2708.60427201 2717.34489238 2739.56055667
 2757.1543964  2774.67263682 2783.10066004 2784.45421438 2785.64003691
 2795.66331227 2807.50630438 2809.35285423 2811.06213866 2812.61352452
 2814.64800599 2816.05762648 2821.04044776 2834.25336073 2836.25347584
 2838.77391955 2860.99828376 2862.94719934 2863.68889258 2882.20379059
 2884.55306918 2886.58338402 2892.11553363 2892.52926319 2894.53127829
 2903.77956071 2903.86642658 2905.55421121 2908.02352204 2912.34664933
 2916.85144163 2923.50758099 2946.85410165 2959.76098407 2965.47913198
 2979.89743397 2986.96176962 2988.58992145 3031.14133383 3041.78877017
 3065.25558973 3100.82863234 3117.40338135 3125.91333716 3187.62497499
 3189.15792769 3218.52746015 3221.6026988  3232.96789527 3240.80619053
 3241.05992155 3243.0160704  3253.50594151 3258.17196567 3259.01232468
 3267.72161201 3268.43597217 3274.09155398 3302.68606016 3313.56179442
 3334.7293016  3335.48166141 3362.4655156  3374.31950761 3384.69664642
 3404.29246791 3406.43341507 3406.78944516 3414.18227781 3415.95372834
 3421.35741245 3423.58225885 3430.69139409 3437.92689484 3443.71110882
 3479.35528411 3482.8221192  3501.26968448 3506.51223673 3511.6962895
 3518.07653138 3532.55159952 3532.58856585 3539.02624054 3550.89029913
 3565.39520033 3599.03146058 3601.89530116 3616.27150353 3635.9605575
 3648.57697591 3654.98211756 3657.84902478 3662.48784919 3677.55241195
 3693.26950211 3701.02589812 3702.32048633 3704.07127038 3706.20788425
 3732.96357385 3761.3339154  3768.30981852 3774.67629386 3791.28757587
 3797.25648816 3797.4757195  3831.72544083 3832.06950437 3839.44730382
 3851.47956088 3863.93478075 3888.44349082 3895.40482741 3905.22013799
 3908.52517455 3930.30114285 3934.97346695 3968.49886155 3976.78568606
 3986.8335612  3987.44332231 3991.96491445 4000.91869955 4014.57180851
 4019.62656246 4035.03475544 4037.37393413 4045.50619338 4047.10501215
 4049.30842541 4058.82827202 4059.53979887 4059.60799825 4060.50749006
 4063.00406731 4084.35523948 4085.00556689 4092.27883397 4116.92180948
 4136.78699518 4143.2256032  4153.53450929 4164.30974446 4177.78858834
 4179.68073777 4180.74582807 4186.36567687 4192.53552067 4198.35240101
 4229.55148347 4240.88301358 4243.2587586  4250.12089609 4283.78785606
 4288.48051332 4293.6009     4299.08118341 4301.36426262 4313.5296518
 4318.78163729 4334.1992635  4347.90207201 4370.81729659 4373.12594223
 4395.28074041 4408.49745334 4415.56985558 4419.49015321 4426.68648765
 4428.10034144 4428.2366402  4428.93340051 4436.42156563 4450.32773895
 4469.94749356 4475.41061046 4476.99639601 4484.02559865 4487.21226962
 4488.13166124 4495.40582831 4504.54077843 4526.72530967 4549.85256566
 4589.53230419 4601.79545915 4634.63552665 4636.17097933 4643.15451571
 4664.07295849 4665.7953428  4666.79780033 4668.92108099 4673.93430199
 4676.08311575 4682.99548611 4690.11765457 4716.78717828 4718.1388993
 4733.49875938 4740.97682459 4746.65210623 4747.5990976  4754.4824349
 4783.49500394 4791.4836645  4791.80492824 4794.26077253 4802.15650061
 4817.96548993 4835.89782657 4856.50960547 4860.98396471 4877.07748477
 4878.15697494 4883.99972171 4898.47968981 4905.42105991 4938.79592254
 4939.66644795 4942.2254913  4944.80683445 4957.79491614 4959.03433818
 4960.27629353 4960.40295905 4976.89577547 4977.14420654 4986.51755449
 4990.35335288 4997.33568927 4999.16677259 5007.00410119 5010.25090495
 5010.75136706 5023.56541699 5024.79747244 5027.53448084 5028.10844228
 5036.89922886 5043.16147182 5072.04420871 5072.59110372 5079.39437508
 5080.0584357  5083.60480339 5083.93726703 5093.07165049 5095.42312907
 5120.51486716 5120.64666596 5122.77571323 5123.29504183 5123.84930345
 5132.65968986 5135.72599526 5135.86436066 5146.66856224 5146.82472749
 5151.19745432 5152.62200801 5167.6762042  5174.2596109  5175.83212991
 5180.46885434 5187.91765315 5208.33903378 5213.50565338 5224.74668432
 5253.16482544 5272.10798621 5296.85909407 5299.74353446 5306.82283664
 5306.86880288 5318.41553103 5334.36551907 5334.94468046 5361.4472057
 5379.52670767 5382.48621404 5386.35561213 5398.17810443 5404.57671281
 5422.99907832 5440.18468843 5441.49324318 5454.1260281  5456.58937232
 5461.04189843 5466.53538172 5470.23464802 5471.32803806 5476.7352888
 5482.41010377 5485.32544388 5492.59521099 5498.05699457 5501.56909591
 5509.57752296 5530.43393296 5535.35098817 5539.99074591 5567.56899468
 5603.13310404 5606.46584034 5606.90430302 5610.47793713 5619.02652592
 5621.47627027 5622.30449606 5629.54783008 5652.61375329 5656.27635326
 5683.36627315 5687.31723716 5705.26264035 5710.12519605 5713.7133967
 5718.66888489 5747.09985923 5749.66230255 5749.66720251 5751.59318496
 5756.89070337 5765.36735948 5770.52624582 5774.61654189 5774.751774
 5801.73106156 5811.18910873 5818.32081043 5819.31830135 5830.14766936
 5833.79660279 5836.02994911 5854.9197437  5862.87153793 5863.83106252
 5871.58609187 5873.34247587 5876.1645835  5895.37554183 5896.40463245
 5896.62249714 5903.69409938 5909.6204454  5916.88424589 5926.70125647
 5948.05899524 5956.50411831 5985.9059838  6022.66191564 6030.98043986
 6048.84204381 6058.58382174 6065.214628   6081.5851122  6093.3355385
 6099.61814793 6102.66305353 6128.79318216 6136.70727673 6141.26646853
 6141.40963389 6168.63401922 6170.24417122 6186.771254   6200.13383227
 6205.83154704 6210.72110249 6217.63973947 6218.20020103 6225.26450334
 6226.78322284 6229.99386026 6234.21138851 6235.23141255 6240.87339449
 6273.97782625 6302.42270046 6306.85869339 6327.43407262 6335.12676921
 6335.18413535 6359.47148077 6365.61532481 6365.98782141 6390.66712993
 6392.92114273 6396.60270919 6400.09667736 6405.5918273  6411.73010472
 6427.69372596 6443.7784461  6447.04851632 6447.38591324 6450.8592816
 6452.3305682  6465.20278427 6466.4360397  6471.2664957  6475.36565836
 6479.88868382 6522.29396419 6524.24564641 6529.56863126 6541.29925773
 6557.20021288 6557.93937281 6565.40200483 6575.10924973 6575.78291026
 6599.98292315 6601.8837725  6602.05590426 6623.82117266 6632.8691569
 6654.9078228  6678.45027501 6681.963843   6687.63659132 6688.12405355]"
303,664851_2023-11-16_C-272,SUB,True,"[  31.06429663   61.31618771   70.57227006 ... 6691.62848829 6691.63425491
 6691.77525362]"
304,664851_2023-11-16_C-273,SUB,True,"[  20.2906281    21.51641694   21.67491549 ... 6690.43859913 6690.76692947
 6691.63575489]"
305,664851_2023-11-16_C-275,SUB,True,"[  29.33901234   32.87601346   34.51389854 ... 6690.76416283 6690.93366129
 6691.00636063]"
306,664851_2023-11-16_C-276,SUB,True,"[  22.04621211   32.85168035   57.92761858 ... 6691.18229236 6691.43309007
 6691.66715461]"
307,664851_2023-11-16_C-283,SUB,True,"[  20.18926236   20.31182791   20.6758246  ... 6691.56318889 6691.64462148
 6691.80352003]"
308,664851_2023-11-16_C-284,SUB,True,"[  20.5657256    22.52760773   23.04810298 ... 6688.61861571 6689.74230547
 6689.93203708]"
309,664851_2023-11-16_C-286,SUB,True,"[  20.81635665   21.04375458   21.20355312 ... 6688.90994639 6690.93116131
 6691.32295774]"
310,664851_2023-11-16_C-296,SUB,True,"[  20.51412607   21.33575192   22.00057919 ... 6679.62319766 6681.12788395
 6690.22513441]"
311,664851_2023-11-16_C-302,VISp,True,"[  20.51702604   20.58939205   20.59939196 ... 6689.25454325 6689.53267405
 6690.60166431]"
312,664851_2023-11-16_C-304,VISp,True,"[  24.91421932   25.37371513   83.26505443 ... 6659.78937833 6685.77450829
 6685.81687457]"
313,664851_2023-11-16_C-305,VISp,True,"[  20.24509519   20.30339465   20.31096125 ... 6688.65164874 6688.74378124
 6689.2638765 ]"
314,664851_2023-11-16_C-309,VISp,True,"[  20.25052847   20.30966126   20.34942757 ... 6690.92686135 6691.23439188
 6691.4445233 ]"
315,664851_2023-11-16_C-314,VISp,True,"[  20.33606102   20.35839415   20.42132691 ... 6690.74019638 6690.82916224
 6691.7480872 ]"
316,664851_2023-11-16_C-321,VISp,True,"[  25.19761674   25.22834979   41.38573594 ... 6655.54101703 6659.28904956
 6671.12887504]"
317,664851_2023-11-16_C-322,VISp,True,"[  35.38672392   40.18241357   40.68304234 ... 6690.65563049 6691.24342513
 6691.30282459]"
318,664851_2023-11-16_C-324,VISp,True,"[  20.36586075   20.69665774   22.16314438 ... 6691.08925987 6691.0968598
 6691.65122142]"
319,664851_2023-11-16_C-334,SUB,True,"[  33.79493842   34.12283543   40.21747991 ... 6690.92246139 6691.06539342
 6691.29509133]"
320,664851_2023-11-16_C-335,SUB,True,"[ 137.19286317  228.44203193  292.47844859 ... 6689.12954439 6689.89227078
 6690.8153957 ]"
321,664851_2023-11-16_C-342,SUB,True,"[ 908.43727079 1300.99449475 1558.49828233 1569.79014613 1654.07797831
 1723.48687935 1730.94594474 1738.58070852 1760.90090519 1821.9968153
 1828.89151916 1904.53446342 2042.5448062  2043.91369373 2062.91482064
 2078.61267764 2101.34780386 2143.38855422 2162.54227974 2199.61697534
 2216.86638487 2232.73464032 2233.19043616 2250.64907712 2270.98329189
 2273.46890258 2303.25336459 2325.04979936 2336.19356451 2414.30558628
 2414.61528346 2438.1132694  2450.6862882  2462.04251808 2517.35418088
 2536.76120409 2557.83134548 2567.97351976 2602.26807402 2604.1577568
 2604.54518661 2615.61195246 2616.52274416 2638.10294758 2667.96740886
 2673.95812095 2698.09070111 2698.43899794 2704.37631052 2704.5327091
 2706.79248851 2708.32124125 2710.50575468 2724.86879051 2726.36451022
 2727.47730008 2730.91550209 2739.56508997 2740.58881397 2760.75766358
 2770.11744498 2775.55622877 2786.67529414 2794.46218988 2807.13890773
 2811.80203192 2815.27600027 2821.45251067 2829.79013472 2832.75284106
 2834.06096248 2843.224479   2843.93220589 2847.86910336 2857.09108602
 2861.11328271 2866.3547683  2875.18838783 2878.94058698 2887.9284051
 2896.92038986 2897.10938813 2918.38949428 2925.16266591 2932.07146964
 2939.81849907 2947.62839459 2963.86644667 2972.48360151 2972.70589948
 2976.69599647 2980.45459556 2991.6287271  3002.98795696 3003.11462247
 3004.13837981 3013.3575625  3018.3447504  3026.70657422 3028.08542833
 3029.08171925 3052.45210636 3072.31229211 3075.57556238 3075.93499244
 3077.54971106 3081.15171158 3085.02740961 3088.9992401  3093.65013106
 3105.31255816 3117.698112   3119.88379208 3140.65883617 3155.34090242
 3174.68219289 3176.07198023 3180.6754383  3185.03579858 3214.93749285
 3230.16252082 3231.09947896 3231.96390441 3233.87762031 3234.18948414
 3239.24690474 3239.91229867 3247.04650035 3253.53567457 3254.44856626
 3265.32416718 3269.02266682 3276.58876457 3277.85115307 3282.38637842
 3305.03293879 3305.26247003 3333.79171014 3338.21860314 3347.14248852
 3352.028944   3356.00790776 3356.96573237 3360.96136263 3371.33303482
 3380.88228116 3383.32805888 3389.26357148 3389.41097014 3420.14539016
 3423.40589379 3424.17335347 3424.76414808 3433.51123507 3434.48469287
 3436.89347092 3447.82483801 3468.16041943 3469.04497804 3475.67595096
 3485.04669893 3494.30221462 3495.12270715 3497.28865408 3497.43058612
 3499.82429765 3501.359817   3505.05631665 3522.82618811 3523.22515114
 3530.56231764 3535.096843   3560.60824393 3567.09338486 3581.44552078
 3587.72199694 3600.67824558 3602.94165829 3606.29002779 3631.28603342
 3640.24888511 3642.24513359 3665.68268675 3672.19866072 3676.44745535
 3678.73946781 3694.42182495 3715.57086562 3715.92676238 3725.18674469
 3743.40064544 3743.88224105 3749.32769144 3785.51332847 3791.53927358
 3799.04537187 3800.41142609 3814.20003382 3817.29877225 3828.8088674
 3829.40806194 3839.05584072 3844.28252644 3848.97211706 3849.62381112
 3850.54246942 3855.61605653 3862.98662272 3866.71212212 3881.94405003
 3891.19496576 3893.2062141  3895.02523087 3896.59061661 3915.18424722
 3917.27076155 3920.14936866 3920.8627955  3927.20493772 3934.67776965
 3939.04352988 3944.62257905 3952.25327621 3952.84527081 3956.77410169
 3957.61319405 3985.77330419 3989.65823546 3997.2976992  4007.19097575
 4008.97702614 4011.67080161 4013.56698433 4021.36751327 4022.25537185
 4031.09499133 4034.12563038 4038.64155591 4055.94499829 4064.14515692
 4065.23594698 4074.28839785 4075.37658794 4078.65415808 4078.79659012
 4078.992055   4088.26800384 4094.15421688 4106.17980733 4125.12600141
 4151.46846144 4159.09485863 4165.82353067 4166.19199398 4171.37068014
 4176.4502672  4196.65514981 4203.94191676 4207.48881778 4207.52741743
 4229.3800517  4235.1461325  4238.92246477 4241.54944084 4243.42159045
 4246.52079555 4246.87495899 4248.72120884 4260.30463665 4262.60601569
 4265.22785847 4276.35382379 4288.85464324 4289.75113507 4294.42522583
 4294.97165418 4302.09345597 4307.18414293 4313.38121981 4316.29102664
 4316.67182317 4327.68978947 4331.20215747 4337.90782972 4343.32091374
 4348.35906785 4349.57592343 4350.11951848 4360.65842247 4367.8163906
 4384.77383612 4395.36670629 4399.31427033 4408.69235157 4408.88414982
 4425.63333058 4428.3167728  4428.5616039  4436.25176718 4439.17024059
 4449.42064722 4449.51567969 4451.75945925 4456.47451629 4456.74081387
 4458.77786198 4467.57348185 4474.28078742 4474.67651715 4478.3266839
 4493.16528206 4493.59444481 4494.28197188 4495.62519298 4500.26198407
 4502.11773384 4510.01502856 4536.51768713 4541.44437559 4543.17782646
 4561.9560554  4562.87408037 4565.08766021 4568.30686421 4581.05734806
 4596.42057478 4607.99616933 4609.10072593 4610.73761102 4610.94184249
 4612.91719116 4617.66701456 4619.11580136 4625.0326808  4628.1719522
 4630.65779622 4632.54637902 4634.63272668 4634.90095757 4637.78206466
 4652.68362891 4654.49897904 4656.36566203 4668.32151979 4679.37875239
 4683.30281665 4692.53233257 4697.55352016 4702.15064495 4703.69126425
 4704.3884579  4707.92082572 4709.14921453 4710.33523706 4712.18545354
 4714.90719541 4719.4093544  4723.1558536  4724.56257412 4734.20528628
 4739.03487562 4741.18188939 4744.4410597  4749.92744306 4752.05142371
 4757.13471074 4760.7424112  4777.10532881 4786.37914433 4786.39621084
 4793.67564453 4797.33194456 4798.36146851 4810.53305763 4810.63119007
 4818.58615094 4828.2611628  4834.76993684 4843.1432939  4843.25775952
 4852.43870922 4860.6052015  4865.69238849 4873.6533493  4880.69395183
 4887.91965267 4891.09439042 4892.201647   4893.27747053 4896.9873034
 4897.73832989 4905.79318985 4910.85481041 4914.87854042 4915.22653725
 4915.72539937 4934.1420316  4935.56695196 4942.33472364 4952.59056355
 4954.16768251 4959.17417024 4968.72551656 4969.82093992 4972.54161513
 4977.39197095 4978.0664648  4981.16160328 4981.54229981 4982.94872033
 4984.42400689 4985.66412893 4992.18713617 4992.92452945 5000.585093
 5020.38071267 5025.60496508 5030.23032295 5046.93493744 5051.36806372
 5051.89205895 5054.54443479 5054.69990004 5055.44212661 5059.12782637
 5064.2138467  5065.29883682 5073.63216091 5077.1456289  5083.23720674
 5085.0566235  5089.27991836 5093.73894441 5096.36205385 5121.6558901
 5134.27820845 5135.67942902 5139.16573059 5144.10455227 5145.05561027
 5146.31576546 5147.30365646 5151.95498075 5153.00100456 5158.57712043
 5159.30214716 5160.82939991 5162.87978123 5173.40308537 5173.56531722
 5180.10422432 5193.52153543 5195.02262176 5211.40160588 5213.04142428
 5216.52029259 5217.57694963 5218.07721174 5235.47615324 5250.17051938
 5255.99703297 5256.23436414 5261.28351815 5265.01025086 5268.70825051
 5274.65776298 5279.93314826 5282.65962342 5285.94582682 5312.51731809
 5330.03565851 5330.18975711 5333.06123095 5333.66222547 5337.28685912
 5337.65725575 5337.78792122 5340.95215907 5349.46764816 5352.65095249
 5362.05926679 5366.52099281 5373.55152877 5382.42641459 5388.57132527
 5394.96936699 5395.12886554 5397.87520719 5398.26723695 5404.57137952
 5406.48212878 5414.01702681 5420.33646924 5424.20860063 5424.45846502
 5427.85190078 5432.81172226 5433.08438645 5443.62249045 5446.61789649
 5465.64998979 5468.70346197 5476.89158738 5477.89207827 5482.91823248
 5488.34971633 5492.39751279 5503.43937887 5505.85612352 5506.86771431
 5512.81212682 5518.73200623 5523.35483079 5533.24400737 5535.66125201
 5536.39001204 5545.30136419 5556.11969898 5568.50618614 5577.91696708
 5580.58904274 5590.11158933 5596.20740046 5606.94590264 5611.43026179
 5620.53787882 5622.75922525 5632.95376572 5640.78282773 5643.32127127
 5646.54287526 5649.18721784 5649.65314693 5655.72205831 5659.78305465
 5661.52973874 5670.66542218 5671.5409142  5678.92444694 5717.89265863
 5737.47081361 5737.89127645 5740.59788512 5740.99434818 5744.60444863
 5761.32129634 5764.02403839 5765.46352527 5773.99768087 5779.47646429
 5783.80849149 5788.19061824 5788.88507858 5792.3961466  5792.62657783
 5804.97863197 5811.60013832 5812.19783288 5812.70596158 5817.23698697
 5822.20894168 5838.67432502 5840.26287722 5843.97717671 5846.83575067
 5853.68798825 5857.70538499 5868.45342041 5868.68235166 5869.96757329
 5871.53035905 5872.66691536 5879.68588476 5883.8960464  5886.61682162
 5890.0618569  5891.38861148 5900.55326133 5903.23970352 5905.20425229
 5905.47678314 5909.63714525 5910.95453324 5920.58577884 5921.10807408
 5923.23925467 5938.73151354 5946.45080989 5963.14039119 5964.87830869
 5970.93768682 5973.08070063 5977.79955765 5985.07409138 6003.35525818
 6004.91834394 6006.27289827 6008.13331465 6015.73667872 6017.2176319
 6032.73902384 6038.88593451 6044.07438724 6069.3713568  6071.41150488
 6081.04921709 6096.60067542 6097.71386528 6107.91233904 6108.94316298
 6114.50737896 6114.58051163 6119.73866464 6121.55254812 6128.53008455
 6129.7728399  6130.12993665 6132.35881634 6136.13898191 6138.27966241
 6147.07384896 6149.84275707 6152.65549811 6156.31929807 6176.81747801
 6177.06304244 6180.89717418 6183.96514623 6194.17368657 6194.41538437
 6201.40598735 6207.06720245 6214.02420574 6219.76888674 6222.88955831
 6223.29988791 6227.95714548 6229.53266446 6234.66378439 6251.78616174
 6259.72655607 6263.19315783 6264.03618348 6264.51304581 6272.98490196
 6276.33907141 6280.6615987  6283.42740684 6303.00956178 6305.66623758
 6311.913714   6318.10715758 6321.4355606  6323.84717196 6331.16870527
 6338.71110322 6338.95110104 6350.64692783 6354.61102505 6356.01631225
 6356.40020875 6358.17465925 6359.32011549 6360.80803526 6371.60427025
 6372.23716448 6373.43618689 6379.97909396 6380.82931955 6387.99452094
 6409.63165717 6409.67459011 6416.42946191 6423.67032928 6426.28863876
 6431.2538602  6432.26298434 6435.40898901 6439.23298751 6444.05407693
 6444.5360392  6447.10611579 6451.11087931 6454.31868342 6458.98044095
 6460.18752996 6461.61015033 6468.99644971 6472.80448169 6479.8799839
 6490.27182257 6491.54794428 6493.52322628 6494.20688672 6496.13340251
 6501.0850574  6504.78632368 6505.24961946 6507.4148664  6510.54477122
 6510.569271   6511.1439991  6513.61434326 6514.79446584 6519.87378624
 6521.54183771 6522.8200594  6523.99491537 6526.93155528 6535.91527344
 6542.09165051 6548.79008949 6554.47257106 6557.55940961 6565.87130056
 6576.88306691 6583.76223758 6600.48465191 6608.59744467 6610.51746051
 6611.90381455 6619.68341035 6621.65225908 6625.82028778 6628.98455895
 6633.9302139  6643.48249355 6643.50749332 6654.16456291 6659.75104535
 6686.07587221]"
322,664851_2023-11-16_C-343,SUB,True,"[  20.10509646   20.25132846   20.44826    ... 6691.57352213 6691.60148854
 6691.63718821]"
323,664851_2023-11-16_C-346,SUB,True,"[  40.27987934   41.98603047   49.86352537   60.17533144   78.56153061
  100.48926419  116.20248772  132.63883799  200.91288271  221.71785985
  240.29929058  265.63615977  291.32419243  310.32885264  313.11632725
  313.58338966  330.42533624  336.1190177   336.70291239  387.6733814
  431.68918043  433.43183122  439.02941357  442.21088458  457.47777884
  479.1551147   482.58188349  501.6376099   537.12705327  546.84079812
  549.36420846  566.32738727  590.96906279  612.77736413  617.95258365
  624.51665719  658.749712    659.67703689  667.00643679  678.49933209
  713.57881253  737.8057585   776.83393631  778.50382109  780.25107184
  784.5808324   784.88436297  785.3535587   785.7115221   802.37357032
  804.36478551  813.12323906  842.87590136  884.13195886  905.46646452
  941.80416683  985.00163998 1005.15268975 1008.88105579 1009.32678506
 1009.44841728 1026.65489387 1031.67288149 1044.314833   1046.95347563
 1063.61172388 1079.47277939 1083.15357919 1089.54642096 1094.30954423
 1099.43069758 1101.61504435 1105.25064456 1129.66722214 1141.78471175
 1142.63920397 1144.48428716 1145.21718049 1145.29681309 1150.21863492
 1162.22952551 1166.82195034 1167.29797934 1175.10057493 1184.54225558
 1193.63477275 1197.96776662 1199.73455052 1201.60456682 1208.25853954
 1215.57867286 1228.82835216 1232.46625235 1241.80576727 1252.57786914
 1267.28400184 1272.80971817 1287.52461746 1288.13731188 1290.6928886
 1291.38601561 1325.46207186 1328.55694367 1330.43319324 1349.06182355
 1355.71439628 1362.63569989 1367.57945486 1391.97299931 1403.91722383
 1416.00374706 1441.61561375 1449.88560508 1469.65699164 1470.94524657
 1485.68004568 1492.7980475  1502.05356319 1537.03741116 1566.92327225
 1570.37894077 1570.99330184 1579.73528887 1581.53967243 1594.51162093
 1599.00211336 1611.9879284  1640.20700467 1645.59762223 1653.4968836
 1654.11524463 1654.13717777 1658.37017254 1662.24947053 1667.85308615
 1672.480744   1687.2083765  1709.28794203 1732.26326607 1755.24409006
 1762.49675732 1763.40594904 1770.99594657 1782.16454482 1785.35248245
 1790.57996816 1793.77877236 1796.65661281 1797.56120457 1813.24152839
 1843.3409542  1850.241758   1868.28519363 1875.85589133 1880.00175357
 1893.39413157 1902.56448136 1908.63712604 1921.95483806 1946.70637925
 1977.89436181 1995.22313728 1995.74736584 1999.74459609 2003.22216441
 2006.63459999 2010.82482849 2013.42523813 2023.12358312 2030.99227811
 2033.45515567 2048.71048337 2051.49382468 2061.32210181 2071.32127739
 2075.64913797 2077.23769016 2081.49391806 2088.53688723 2092.81698157
 2093.23014448 2105.23123515 2126.60877375 2138.25140102 2142.78849302
 2145.8206654  2147.73858126 2150.1240262  2154.46475332 2161.79351989
 2166.32957857 2184.98617528 2185.18027352 2201.04926229 2226.45693084
 2232.72560706 2233.52176648 2236.19184216 2254.46647568 2259.40793067
 2274.92212267 2284.38256982 2285.37369413 2288.0741362  2294.85904105
 2306.98243062 2349.88273981 2349.97980559 2355.0290596  2377.0240259
 2381.11332198 2385.14048529 2387.28116579 2391.00443188 2396.71324654
 2398.80679413 2399.66621964 2401.27223834 2412.74290051 2416.51506615
 2417.34205862 2422.21711421 2432.76231815 2439.32255838 2446.54619258
 2451.82711114 2454.80781732 2458.65521561 2486.12679868 2491.43778364
 2502.97794518 2508.67472661 2514.69430511 2521.39434408 2525.02054438
 2525.82810369 2532.05184699 2538.79915219 2563.78399126 2566.72646445
 2570.71989474 2574.66835877 2578.76895475 2606.73226668 2623.81824437
 2652.59321558 2654.02410254 2658.92919119 2679.23273957 2686.52803978
 2688.40335603 2696.1817185  2697.09377686 2703.41558594 2704.68114108
 2706.76212212 2727.05920389 2733.38254629 2736.1179547  2740.31584979
 2741.73883683 2746.67599185 2750.42652436 2752.96126793 2759.0091795
 2778.88123181 2779.48742629 2782.25420109 2790.95928845 2798.25905529
 2808.37269649 2809.2130555  2811.53226771 2812.69602377 2816.81071962
 2821.79350756 2831.9944813  2836.2104429  2856.1274948  2874.68829238
 2875.09092205 2882.51012113 2904.24702311 2919.30411928 2920.54367466
 2946.68486986 2980.72859306 3000.25554852 3003.56188506 3022.8745758
 3033.38844669 3048.95257157 3063.16540877 3074.71233691 3080.28965277
 3100.97843097 3116.783387   3118.41870543 3125.92133709 3147.73200507
 3154.10391369 3181.08036794 3190.09978578 3193.37695593 3249.5984771
 3292.71098437 3318.02602042 3338.50943383 3344.63007807 3347.25798747
 3348.26747827 3363.31877449 3388.82547547 3394.77885457 3398.07822451
 3404.75679701 3415.49073256 3423.15502941 3448.85986191 3453.04299047
 3460.4939226  3468.74298079 3478.15309507 3488.54743371 3502.66733842
 3506.12147362 3514.05020139 3527.03524977 3536.08310068 3536.84076045
 3536.88522671 3556.68911297 3558.10223343 3561.29373769 3564.70180664
 3566.56735631 3579.44347235 3583.17343837 3587.48326578 3596.26718576
 3597.37134237 3598.17776836 3613.42489613 3615.27511261 3620.32816658
 3623.29777286 3626.07888086 3628.65412406 3638.40496857 3643.37308998
 3644.79291038 3645.95239982 3656.04914117 3658.61005118 3669.51215186
 3670.71520757 3673.06435284 3686.44919757 3687.21762391 3693.67279844
 3707.95890163 3725.52087498 3730.1772659  3742.99808244 3750.52051391
 3756.16382917 3757.65228228 3765.15091397 3796.42429575 3840.98468982
 3859.59518695 3860.15278187 3861.96223206 3863.39255236 3875.75050645
 3883.07313974 3884.85799015 3888.37112481 3888.5661897  3898.54723211
 3905.80733264 3914.1880563  3914.65058542 3915.49267775 3932.14869269
 3952.02127832 3963.58343966 3983.49739159 3985.16370974 3986.51903073
 3995.09361928 4008.68412881 4009.14659127 4044.68976748 4055.24167136
 4057.96871318 4076.31424606 4091.32844262 4100.84085597 4114.94256084
 4124.56323987 4136.7668287  4140.34026281 4152.29195394 4171.37131347
 4197.05564616 4199.51099046 4204.71590971 4209.42036685 4232.19182608
 4232.27935862 4234.52517149 4241.70490609 4253.65709721 4269.80171681
 4271.03823887 4286.48543149 4297.5569973  4314.53144267 4317.0716862
 4317.09725263 4323.18639716 4334.38406182 4353.06729162 4353.72901893
 4359.44736684 4359.71853103 4393.85762004 4398.59174358 4410.52816818
 4435.13561068 4457.3705748  4485.67381697 4487.49473371 4490.71660436
 4493.25401458 4494.43923712 4502.11216722 4511.48911513 4514.22362356
 4514.73701888 4517.08023087 4521.58165653 4534.62893767 4537.17621447
 4542.83942954 4543.00052808 4549.73936669 4562.58481634 4571.34553653
 4587.78225347 4600.53550396 4621.62977846 4625.87533979 4631.84655206
 4646.83871549 4658.87700582 4659.28583543 4671.23735989 4673.98056824
 4674.11743366 4675.67985276 4685.38413102 4687.11628191 4694.38551569
 4696.64372845 4709.756709   4716.0761181  4718.58852854 4722.78899028
 4723.87554705 4733.68239104 4733.89318912 4734.46471725 4736.81552917
 4741.30382162 4743.68233328 4757.32767564 4764.56167641 4764.86377366
 4769.35409942 4785.71291707 4786.20611257 4793.40604699 4800.6563476
 4808.99183834 4817.05446489 4817.91975701 4827.40427061 4848.23188088
 4852.23214444 4858.69208559 4865.19052639 4874.45114203 4885.40170894
 4890.53376219 4891.08002388 4936.21164608 4958.27581176 4962.3915076
 4966.53450319 4969.1676792  4975.57438751 4988.45133687 4991.76634
 5016.86721135 5030.72191847 5051.20899851 5079.110411   5080.38403273
 5087.13060461 5089.03325394 5089.94504564 5091.51026471 5094.405405
 5098.51900086 5100.70741426 5101.41774113 5102.3790657  5132.14746119
 5132.28365995 5133.7194802  5136.53958785 5145.89596928 5147.03852554
 5168.11930017 5169.96195005 5180.38822174 5185.32084347 5202.2628558
 5220.46972328 5232.81884412 5236.40624477 5241.95619421 5255.33377235
 5267.52232798 5274.52293087 5274.75279545 5279.21665478 5282.47582509
 5285.36706542 5295.41587388 5306.19567568 5311.70692548 5341.95978322
 5342.91464119 5350.37603988 5386.61247645 5387.16560475 5391.47179885
 5395.68446048 5403.13505927 5429.69268401 5438.15937355 5442.77289819
 5451.79774931 5459.27678118 5471.61696876 5472.36949524 5472.52106053
 5472.53099377 5475.77583088 5476.50889087 5478.3379742  5490.24893237
 5492.66191039 5539.10085401 5545.9882246  5560.19462852 5562.58350676
 5577.16694058 5586.38738992 5586.7006204  5587.91774264 5590.11728927
 5590.60391817 5605.92964523 5653.3736797  5659.09739423 5670.46672399
 5678.34375223 5697.12628113 5704.51374717 5714.58035547 5725.96195178
 5725.96965171 5729.20718889 5730.6547757  5730.72367507 5746.25860022
 5752.20424606 5777.09295267 5787.13872782 5788.96267787 5789.8379699
 5792.19964839 5803.80347601 5808.5541994  5810.66704682 5815.0900732
 5815.54603571 5816.0300313  5819.11423654 5825.23418079 5829.34204337
 5829.69747346 5857.38458791 5861.43101772 5863.39856646 5868.75235102
 5869.79567485 5884.65253951 5929.42883162 5934.32945364 5934.69821695
 5942.23058167 5956.33671983 5963.86958454 5994.07767603 6018.37538802
 6027.54413783 6031.63690054 6033.71874825 6035.2318678  6086.32203572
 6115.53303629 6122.09994313 6134.76039447 6141.26410189 6146.27872287
 6165.0144522  6173.45080868 6176.58864676 6180.37724558 6184.53467438
 6211.19413152 6212.21652221 6244.46312845 6278.2722538  6278.47698527
 6284.72512835 6302.92869585 6322.83914781 6323.68540677 6334.88047145
 6340.34082171 6342.56643477 6352.54761051 6375.94606403 6415.83670064
 6419.42343464 6422.09151033 6427.22419691 6451.03661332 6459.85096636
 6486.61838918 6490.23778955 6497.32289167 6512.13432341 6514.64806718
 6516.38735133 6519.07766016 6519.19182579 6519.19419243 6527.9534793
 6531.0354179  6534.94531561 6565.0618746  6569.93859684 6571.3440507
 6576.30727215 6601.35267733 6603.7929551  6620.14737279 6622.72484931
 6624.00320433 6632.82625729 6641.3806127  6648.00905231 6672.5924617
 6673.21222272 6680.22372552 6686.43620226 6688.28371876]"
324,664851_2023-11-16_C-347,SUB,True,"[  33.77107197  199.15389873  385.81729831 ... 6685.0230818  6685.71170886
 6691.76595371]"
325,664851_2023-11-16_C-357,VISp,True,"[ 135.39661287  194.37040898  255.8231825  ... 6686.31263672 6686.34710307
 6686.54580126]"
326,664851_2023-11-16_C-363,SUB,True,"[ 812.97080711  822.84628382  914.59998131 1397.61478125 1479.58983449
 1580.73574642 1895.86280908 1898.67458347 1930.88495671 1942.1926537
 1950.53024442 1966.93052835 1981.27726432 1990.61151262 2002.80556821
 2072.14926985 2124.46635993 2145.64246702 2150.46732307 2177.47697702
 2191.5091492  2195.15698263 2204.56733024 2220.00512294 2224.90807828
 2263.20616273 2273.58766816 2323.7426446  2336.13593171 2352.20295201
 2366.05185918 2366.52272156 2368.8564003  2376.76746157 2382.09137974
 2404.26331109 2407.93647763 2437.21954421 2444.3229795  2455.00371554
 2501.41462608 2537.37733181 2549.97238374 2562.02147398 2563.59862628
 2575.75674886 2594.43641203 2594.99507361 2634.07821757 2689.78957673
 2693.17907919 2709.29449905 2712.93659921 2717.31802596 2720.3036321
 2731.254799   2777.50784432 2788.15584732 2798.81598355 2811.29026991
 2812.82228929 2834.1434284  2849.34445659 2855.04153802 2881.43426426
 2886.81028196 2898.48240896 2899.1627361  2908.38985204 2921.0876697
 2956.55034665 2970.87348284 3001.30920558 3026.27934478 3064.64766193
 3068.30562861 3068.62249239 3071.83672977 3090.45329352 3096.42407246
 3103.87243794 3125.58167351 3131.44025348 3145.03409631 3157.98451167
 3159.48419801 3168.33095075 3183.20218195 3189.11899471 3198.14701247
 3223.33451636 3231.32954353 3256.82207797 3277.23805865 3286.7615719
 3313.85662507 3314.30442099 3315.47814363 3317.17236153 3331.65396295
 3336.7486832  3351.11681898 3378.92886562 3382.76889731 3416.06312735
 3445.39026019 3453.96148211 3455.65886665 3460.79975315 3471.58305492
 3490.82617962 3499.17390357 3508.54395155 3527.94277484 3544.94151998
 3545.07651875 3556.6894463  3557.31174063 3581.56801966 3585.48945061
 3588.81992027 3594.79666582 3596.7499147  3673.85401231 3676.32982309
 3685.86203626 3707.01974352 3710.44344566 3718.1342756  3725.35550982
 3738.78988744 3750.95197665 3769.58770688 3775.09582337 3782.12545934
 3810.09017126 3818.07969847 3826.44472227 3847.90489345 3852.61215056
 3866.05719475 3909.71583037 3921.60852204 3931.93726128 3935.43619607
 3945.469838   3960.67626614 3965.33262373 3968.35636285 3986.00773539
 3994.868288   4025.98490454 4031.00739212 4038.16192695 4038.25795941
 4045.74945783 4055.90613197 4063.26796491 4063.45129657 4071.79238726
 4079.44778418 4082.26075856 4089.99915473 4100.44172627 4106.92386722
 4111.18649506 4117.72643548 4120.65104217 4124.95810294 4133.77282264
 4141.54458518 4144.65099021 4147.3346991  4152.28072071 4159.93505098
 4174.24875392 4175.67550759 4196.35465254 4197.658274   4212.17087513
 4214.14405716 4216.75386672 4232.63152208 4238.29163718 4242.97619451
 4249.57196776 4260.79506552 4271.49430139 4287.66858738 4311.00374147
 4320.41628906 4322.01704115 4337.74726452 4350.93831102 4358.86607213
 4368.01572212 4377.79083307 4380.20061112 4403.29833404 4403.82702922
 4413.30567621 4414.02303634 4436.55693107 4436.87862814 4455.95525436
 4487.06317098 4500.82074565 4500.90704486 4502.97365937 4511.68601334
 4519.86697215 4535.25776528 4539.69462486 4540.24458652 4544.07198498
 4546.16986587 4556.04030929 4556.98000073 4560.02330634 4566.12705074
 4585.9966364  4591.15955603 4598.68152085 4609.96281808 4613.374487
 4618.51074021 4619.87016116 4620.01012655 4628.2925511  4640.0421774
 4641.9664932  4671.33165903 4673.14427585 4675.58825359 4678.58549295
 4685.55612945 4689.52022668 4691.00734646 4695.77573636 4727.71374542
 4731.26401307 4734.04825438 4741.34905454 4749.52644671 4753.37231168
 4760.16224982 4763.82721644 4766.99785422 4783.86703388 4790.65507205
 4794.65333562 4794.9672661  4796.74221659 4803.77655251 4804.89164236
 4807.87844848 4820.87983004 4828.75412498 4836.64151979 4856.11020911
 4862.91534712 4868.85442635 4899.21328312 4918.90760372 4919.04726911
 4920.68645418 4928.33575116 4932.56631263 4935.99278141 4943.47744656
 4949.80105562 4953.05909261 4962.1935094  4974.20836662 4980.27557801
 4988.5431027  4990.11562171 5011.6109259  5029.60912861 5034.37591852
 5034.4100182  5047.88359547 5051.31206423 5051.57579516 5055.24329509
 5060.09888419 5065.76809921 5082.05465085 5090.31217563 5102.27413332
 5105.57670324 5108.8527734  5110.90565469 5117.4038955  5126.62914479
 5133.81821264 5136.71568624 5145.99473505 5159.32608027 5163.36901011
 5175.638865   5176.23992619 5180.38075514 5180.56738677 5189.47003901
 5189.55380491 5192.00588257 5193.84256584 5218.9707036  5258.52997656
 5261.28225149 5262.74240486 5274.56803046 5274.64739641 5279.05922288
 5285.56749693 5286.22359095 5286.36002304 5294.16738526 5296.91229358
 5300.17649718 5307.11210067 5308.12952473 5316.52021496 5321.17650588
 5327.27855029 5332.49243613 5343.1107394  5360.87844421 5362.89219253
 5367.69011549 5373.40973006 5379.87263785 5398.90563113 5412.61833955
 5413.07683537 5427.05364138 5432.92225459 5435.2808331  5438.55763659
 5441.32744469 5442.26406949 5457.04546817 5457.12146748 5476.67555601
 5479.87289355 5487.41665817 5493.87236603 5497.53889929 5521.31381604
 5524.60235275 5525.69964276 5530.25583459 5535.61195246 5536.66857617
 5538.77785695 5544.48673828 5547.70214232 5549.8527894  5573.81910441
 5576.11868346 5578.01483286 5578.30616353 5579.98731489 5582.01919638
 5586.38568993 5587.48561325 5592.91103049 5600.50189467 5602.61230878
 5605.28271779 5611.77732529 5616.89164537 5621.25257231 5625.50270026
 5631.32061393 5631.64911094 5633.88385724 5640.96652606 5643.27817167
 5648.05096152 5657.84613896 5658.14046961 5669.69983098 5689.16632031
 5699.19829559 5703.05039383 5728.85382544 5730.46887739 5735.96602732
 5739.36856299 5740.91741555 5741.69274182 5741.80680744 5748.27818183
 5748.73417767 5754.12682855 5765.13012831 5771.53846993 5776.10672832
 5785.40047699 5788.06788602 5793.60100229 5798.46299133 5800.79757006
 5804.25407191 5804.43507026 5806.13575477 5806.64445013 5811.39324021
 5816.33072856 5839.28255281 5876.22638294 5904.64009077 5911.07333216
 5911.34452969 5923.55138516 5934.86071547 5935.10881321 5940.08130125
 5946.21767868 5955.10793103 5958.68656509 5966.74055839 5970.0508949
 5982.99511032 5989.51465093 5991.1639359  5998.16730544 6022.37328493
 6039.19216505 6039.91259182 6053.91756424 6057.1499348  6061.67426025
 6061.97432418 6064.72706577 6066.32491788 6071.60303647 6080.73598661
 6083.23069721 6091.1910247  6098.69682299 6112.62689609 6133.39144027
 6144.3765402  6154.0041525  6164.80825407 6165.3140828  6167.41446367
 6174.00393697 6175.79555399 6179.54185319 6194.09375396 6194.68521524
 6201.78235059 6205.84494691 6209.67057873 6222.19519797 6229.94339405
 6230.13592563 6240.74596231 6242.7782438  6247.26676958 6259.57299081
 6302.73493095 6311.11585461 6313.48416637 6320.08793954 6325.33619173
 6326.07758498 6335.40909997 6342.34090349 6351.75465107 6352.8751742
 6362.27338858 6363.71297547 6367.3032761  6379.48883176 6383.14089849
 6386.64119993 6393.45430454 6396.24061249 6403.27434841 6416.54449419
 6418.86607305 6430.51740024 6434.91269353 6444.39284051 6446.01669238
 6451.95467162 6452.85759673 6455.18067557 6457.28552306 6457.73048567
 6469.03254938 6476.19061751 6478.13646645 6478.19399926 6492.60880128
 6513.98880652 6520.47601409 6563.83015248 6564.17021605 6568.43934383
 6592.60889032 6595.42739798 6600.85221523 6601.94367195 6606.45476419
 6608.79340955 6610.75949164 6631.08993977 6633.92454729 6647.70888838
 6658.2633589  6668.4946657  6674.59141016 6676.32032774 6688.1987862 ]"
327,664851_2023-11-16_D-8,ORBm,True,"[  20.36426447   29.87802574   30.17685786 ... 6627.22976867 6678.55799305
 6682.63087647]"
328,664851_2023-11-16_D-13,ORBm,True,"[  20.62793006   27.13290358   31.16625383 ... 6689.72421426 6689.73291422
 6690.47424454]"
329,664851_2023-11-16_D-18,ORBm,True,"[  20.18509853   20.33726458   20.76656283 ... 6691.08754204 6691.68333962
 6691.76250596]"
330,664851_2023-11-16_D-19,ORBm,True,"[  22.59415539   28.49286471   34.21580808 ... 6680.57611817 6680.70695097
 6681.0092164 ]"
331,664851_2023-11-16_D-21,ORBm,True,"[  20.37256443   20.39739767   20.87096241 ... 6691.20760822 6691.59897329
 6691.71657281]"
332,664851_2023-11-16_D-28,ORBm,True,"[  21.14579462   21.30222732   25.02627882 ... 6691.16137507 6691.24957471
 6691.49247373]"
333,664851_2023-11-16_D-31,PL,True,"[  25.88537533   34.0884086    34.34480756 ... 6689.48648189 6689.56964822
 6689.93474673]"
334,664851_2023-11-16_D-33,PL,True,"[  21.85705839   28.46966481   30.26879081 ... 6690.3104452  6690.41151146
 6691.79517249]"
335,664851_2023-11-16_D-34,PL,True,"[  34.26527455   34.30417439   34.36384081 ... 6685.70266396 6685.71683057
 6685.72236388]"
336,664851_2023-11-16_D-35,PL,True,"[  20.50483056   20.86349577   20.90969558 ... 6689.52388174 6689.57028155
 6689.94074671]"
337,664851_2023-11-16_D-36,PL,True,"[  20.12289878   20.16286529   20.82486259 ... 6691.74533936 6691.7603393
 6691.79313917]"
338,664851_2023-11-16_D-37,PL,True,"[  21.67012582   21.79789197   22.2148236  ... 6691.68297295 6691.73120609
 6691.79157251]"
339,664851_2023-11-16_D-38,PL,True,"[  20.79269606   21.08842819   22.39788952 ... 6689.84048045 6690.23174552
 6691.31174113]"
340,664851_2023-11-16_D-41,PL,True,"[  34.15560833   34.26104123   34.53180679 ... 6678.91829158 6679.2660235
 6679.46805601]"
341,664851_2023-11-16_D-42,PL,True,"[  20.66346325   20.89839563   20.93426215 ... 6690.05527958 6690.45374462
 6691.50180702]"
342,664851_2023-11-16_D-48,PL,True,"[  20.15623198   20.22869835   20.88749567 ... 6671.71965422 6675.74293784
 6676.19010269]"
343,664851_2023-11-16_D-53,PL,True,"[  24.55271408   42.7674066    45.72489456 ... 6671.52962166 6673.99797828
 6682.12617852]"
344,664851_2023-11-16_D-55,PL,True,"[  29.67625989   36.19023338   36.53243198 ... 6691.47520713 6691.53740688
 6691.75177267]"
345,664851_2023-11-16_D-56,PL,True,"[  21.03919505   21.17452784   21.19722774 ... 6690.30944521 6690.36471165
 6690.44474466]"
346,664851_2023-11-16_D-57,PL,True,"[  20.27286484   21.09589482   22.38555624 ... 6690.30077858 6691.2117082
 6691.55357348]"
347,664851_2023-11-16_D-58,PL,True,"[  21.32516056   21.71222565   23.62321787 ... 6686.63139351 6687.30379078
 6687.76072225]"
348,664851_2023-11-16_D-59,PL,True,"[  20.13083209   20.23039835   20.53983042 ... 6689.61238138 6690.80730985
 6690.98427579]"
349,664851_2023-11-16_D-60,PL,True,"[  20.20543178   20.51866384   20.70452975 ... 6659.18300525 6677.22093182
 6678.25276096]"
350,664851_2023-11-16_D-62,PL,True,"[  20.86759575   20.93982879   20.97239533 ... 6686.9303923  6688.12695409
 6689.16748319]"
351,664851_2023-11-16_D-64,PL,True,"[  20.48666397   20.84319585   21.34079383 ... 6690.97060918 6691.4487739
 6691.68467294]"
352,664851_2023-11-16_D-65,PL,True,"[  26.33484016   50.74070748   51.50993768 ... 6674.79617503 6675.75093781
 6679.20359042]"
353,664851_2023-11-16_D-68,PL,True,"[  52.44333388   52.56016674   53.27676382   79.13112524   79.28629127
  113.51325194  123.1928792   123.48467801  123.63221074  123.81940998
  165.5414068   172.39047892  184.93799451  221.81494439  222.52407483
  222.64380768  247.76603874  250.3554282   250.63036041  258.35482897
  258.47462848  258.97009313  259.30029179  259.41319133  304.80813986
  356.10439771  362.69737087  373.45042709  373.94452508  382.30745771
  382.41312394  382.86948875  418.87527551  419.53367283  426.59231076
  489.29552217  489.53842118  510.75840146  553.61849365  643.95279258
  653.38148753  653.73815274  700.56722877  736.01328448  759.14105699
  808.56975577  815.6619269   821.10337142  833.60978717  833.84188623
  842.51951757  844.61344238  845.09147376  845.23297319  856.44316089
  856.55566043  856.73232638  856.9800587   863.93279706  864.603061
  865.15775874  865.32029141  865.52325726  874.20242192  879.72539944
  898.22889078  907.87838483  908.37578281  914.48872459  926.98117373
  973.69885022  999.00441387 1023.15311556 1102.8066913  1105.07448207
 1129.12788415 1129.22788374 1129.27148357 1129.44194954 1164.22524127
 1185.29718882 1209.84602222 1240.8198628  1241.36329392 1328.93113744
 1371.10203243 1391.35471665 1419.45896891 1437.61836165 1448.62425018
 1478.9903599  1480.04235562 1500.4686058  1500.61987185 1525.17113857
 1525.19530514 1525.36417112 1525.6711032  1525.78873606 1551.76659697
 1570.1573221  1596.51731479 1600.04950042 1642.2295287  1647.7586062
 1647.95643872 1648.03497174 1648.87763497 1660.81431971 1664.81273677
 1691.93189304 1725.70648888 1731.87709709 1743.49864978 1743.53194965
 1743.59834938 1744.06258082 1747.36280072 1748.2529971  1749.1453268
 1781.10109671 1790.88449021 1904.16222907 1904.31619511 1984.40080243
 1999.91977259 2008.57120404 2025.84266706 2026.0540662  2053.68688704
 2053.85131971 2053.87895293 2079.079617   2079.20758315 2079.28868282
 2079.39984903 2079.50138195 2079.58321495 2079.64668136 2079.67484791
 2079.71258109 2079.86618047 2079.93038021 2080.04061309 2080.65411059
 2080.79394336 2084.8701601  2088.78917748 2097.71777446 2126.38229111
 2126.44939083 2126.4833907  2126.72635637 2164.5575357  2164.67560189
 2196.28533987 2254.41470323 2255.85093072 2280.32866441 2310.66647424
 2314.0674604  2314.10922689 2314.17685995 2327.44773926 2327.65957173
 2327.75197135 2327.81240444 2342.6108442  2344.74716883 2344.99003451
 2345.17866708 2345.23176686 2345.43616603 2354.1636305  2370.79626279
 2370.94526219 2385.85266817 2386.24396657 2408.49844264 2408.61094219
 2428.44489478 2429.24675818 2429.54415697 2429.87668895 2431.90708068
 2431.993747   2435.27016699 2435.3669666  2435.55136585 2436.6777946
 2436.77339421 2438.41865418 2438.94731869 2443.8248655  2461.27702779
 2461.70252606 2461.80115899 2461.82882554 2462.17662413 2468.45359857
 2468.54936485 2471.07078792 2484.87336506 2484.97446465 2491.24070581
 2498.2444773  2504.99978313 2505.00484978 2505.523081   2505.74161344
 2505.86744627 2506.02464563 2507.11447452 2517.93966379 2526.64142836
 2528.05562261 2528.34575476 2528.38452127 2528.42442111 2537.59068379
 2539.58857566 2539.63680879 2539.80884143 2539.86427454 2547.54820992
 2547.6852427  2547.74790911 2547.86237531 2548.08504107 2548.16074076
 2548.22857382 2548.62217222 2553.0561875  2564.07607597 2573.98260231
 2574.48090028 2577.57265436 2597.26934085 2597.42284022 2597.50647321
 2597.5340731  2597.76433883 2598.09953747 2598.30813662 2599.85466365
 2622.76593705 2627.15328586 2631.60446774 2640.18933279 2644.78658074
 2645.29274535 2659.96985227 2664.74243284 2664.78186601 2664.8323658
 2664.85529904 2664.92169877 2664.95939862 2665.18343104 2674.41759345
 2688.39163656 2692.20235438 2695.19057555 2709.89038238 2710.06341501
 2737.249571   2738.00246794 2738.61779877 2763.55323059 2769.16550774
 2774.99118403 2775.18184992 2776.28867874 2776.49414458 2791.29865097
 2791.63008296 2792.3988465  2792.49057946 2792.57414578 2792.62701223
 2792.79634488 2792.86907791 2792.97504415 2793.04757719 2803.79396677
 2809.09104521 2809.95477503 2810.25974045 2818.83197222 2819.01917146
 2820.98796345 2836.96333175 2837.0889979  2843.02357374 2843.35983904
 2855.26102392 2871.93278939 2872.0199557  2872.19952164 2933.19613999
 2961.71852388 2961.83925672 2961.94732295 3003.69948631 3004.05341821
 3019.92912025 3020.10668619 3022.56350952 3024.09783661 3029.41531496
 3029.6843472  3031.34104046 3043.04085949 3062.67081292 3067.80355869
 3107.59983001 3107.73299614 3108.14196114 3124.96039268 3125.61952333
 3129.34784148 3130.16610482 3132.37739581 3166.78768907 3167.33168685
 3204.41133591 3208.15635399 3215.18452538 3245.17800328 3245.37083583
 3261.77440239 3263.48522876 3279.06799865 3279.09763187 3279.33779756
 3279.43589716 3283.0435158  3341.3360785  3352.01153504 3355.97865223
 3381.21108284 3381.29824915 3381.41791533 3390.3257124  3390.44541192
 3392.41007058 3392.74633588 3405.08551898 3414.92301227 3418.35819829
 3418.45933121 3421.33278618 3424.077775   3428.00272569 3433.90226834
 3440.33787548 3466.62333514 3480.03458054 3486.15912228 3486.42655452
 3486.54795403 3489.45130887 3490.87136976 3493.20732692 3493.25709338
 3494.80025377 3525.64519487 3530.5915414  3531.91350268 3533.064098
 3533.19289747 3533.25069724 3533.48729627 3544.5680845  3549.20699895
 3559.42349069 3560.25742063 3572.43377106 3582.28466429 3582.7735623
 3603.31537868 3603.52634449 3603.63827736 3613.72143632 3623.21586433
 3635.97581239 3635.99107899 3636.24604462 3716.00565326 3762.50699729
 3762.90556234 3768.74680523 3779.18782939 3779.2678624  3794.83873234
 3802.60933404 3802.65836718 3802.69230037 3802.79559995 3802.91129948
 3802.9962658  3803.58336341 3830.15012193 3830.1654552  3830.23532158
 3830.4181875  3837.86625718 3844.59926311 3860.39883212 3872.17268419
 3959.7592943  3969.12915616 3969.25578898 3969.37518849 3972.98630712
 3973.07437343 3973.17760635 3973.20143958 3973.26820598 3973.30150584
 3973.33823902 3973.36927223 3973.39317213 3973.44307193 3973.48763842
 3973.50703834 3973.60343795 3973.8513036  3981.79427127 3981.92470407
 3982.21620288 3991.27579934 3993.48742367 3993.61142316 4010.3133885
 4011.34958428 4013.11371044 4013.28890972 4013.30240967 4013.32484291
 4014.24967248 4024.73042981 4025.01006201 4029.96224185 4031.98023363
 4037.5735442  4037.98197587 4043.51692    4043.66568606 4043.86601858
 4044.03395123 4044.20518387 4048.95843118 4057.47472985 4064.60710081
 4064.74633358 4116.1058245  4117.31095293 4136.81170688 4149.14095669
 4150.40271822 4160.19811167 4180.99649367 4199.52875156 4202.62747228
 4218.1646757  4218.4512412  4220.62459902 4220.85979806 4233.04888177
 4233.25714759 4233.75144558 4233.99347793 4239.61078839 4241.94047891
 4244.20893634 4244.36913569 4245.13776589 4246.01806231 4246.90189204
 4249.15704953 4273.67034974 4289.17705328 4289.71541776 4296.23952453
 4299.33217861 4300.38100767 4322.31718504 4325.16974009 4326.01187
 4342.65926889 4354.71431982 4355.67048259 4368.88609546 4374.42397292
 4374.49613929 4374.56090569 4374.6321054  4374.65073866 4374.70047179
 4374.77017151 4374.81420466 4374.93630416 4375.34233584 4377.24026145
 4378.09695796 4389.75251052 4392.72059843 4394.23939225 4419.0447246
 4431.53420709 4478.50424922 4483.2339633  4484.02666007 4489.2429055
 4530.7245033  4570.69710724 4570.97390612 4577.53131276 4584.09398604
 4585.99234498 4590.18572791 4598.63179353 4598.69979325 4598.72049316
 4598.74109308 4598.75722635 4598.78805956 4598.88812582 4598.93212564
 4598.98725874 4599.07372506 4607.66115677 4608.04105522 4608.36518724
 4614.17193026 4614.32219632 4614.57549529 4625.40778452 4644.16610816
 4644.67553942 4646.30443279 4692.66584406 4754.30959311 4754.42149266
 4756.75004984 4757.25794778 4758.03687794 4758.3830432  4761.65652987
 4769.56319768 4778.27389556 4782.96737645 4783.25590861 4824.30890815
 4835.24289697 4836.32135925 4866.5733361  4884.55629623 4884.62332929
 4884.85572834 4891.20533582 4891.26420225 4891.34816858 4891.38706842
 4937.06734913 4940.69080104 4946.95717553 4947.15217474 4947.19930788
 4947.69673919 4947.7843055  4948.02380452 4976.41768893 4976.94468679
 4979.23747746 4979.36747693 4979.44780993 4980.02860757 4980.66297165
 5014.95039874 5022.31726875 5022.45686818 5022.5349012  5022.83143332
 5030.36910264 5041.80935607 5084.32644965 5113.44989776 5113.51479749
 5113.71236336 5176.8980728  5182.23255109 5188.72725798 5189.2552225
 5208.1601122  5208.43737774 5209.08800843 5224.04934752 5286.31982736
 5289.34338172 5289.63581386 5292.53766871 5302.8255935  5304.29782084
 5370.36301856 5370.78251685 5379.98797938 5432.85766415 5670.14646484
 5684.30450721 5761.25932727 5950.77802242 6212.35065759 6300.68669799
 6329.37491453 6330.32124401 6396.61894079 6492.8931822  6493.5647128 ]"
354,664851_2023-11-16_D-69,PL,True,"[  21.3385605    21.6183927    21.74839217 ... 6690.97317584 6691.00227572
 6691.01274235]"
355,664851_2023-11-16_D-71,PL,True,"[  22.37298962   29.4291609    34.0553754  ... 6690.07851282 6690.32884513
 6690.47637786]"
356,664851_2023-11-16_D-75,PL,True,"[  21.81992521   22.608622     23.62408453 ... 6690.69647697 6690.78224328
 6691.76060597]"
357,664851_2023-11-16_D-77,PL,True,"[  20.16313195   20.35236452   20.61303012 ... 6676.09083642 6676.12843627
 6690.25634542]"
358,664851_2023-11-16_D-79,PL,True,"[  20.12216545   20.62006343   20.93539548 ... 6688.1085875  6688.31472
 6688.72351833]"
359,664851_2023-11-16_D-80,PL,True,"[  30.50378986   43.76456921   43.81910232 ... 6690.01021309 6690.52514433
 6691.66587302]"
360,664851_2023-11-16_D-82,PL,True,"[  32.23934946   32.99191306   33.15157908 ... 6678.36299384 6678.90589163
 6689.1983164 ]"
361,664851_2023-11-16_D-86,PL,True,"[  34.17394158   34.25570792   34.28694112 ... 6680.66251781 6680.92785007
 6681.16668243]"
362,664851_2023-11-16_D-87,PL,True,"[  20.38023107   20.44109749   21.01839514 ... 6687.07545837 6688.33575324
 6690.10071272]"
363,664851_2023-11-16_D-88,PL,True,"[  20.14599869   20.55029704   20.9137289  ... 6690.49341113 6690.67724371
 6691.17604168]"
364,664851_2023-11-16_D-89,PL,True,"[  22.29288995   23.28705257   23.82195039 ... 6629.7935249  6650.81703931
 6650.97727199]"
365,664851_2023-11-16_D-90,PL,True,"[  58.19307714   74.23544516   79.45589058 ... 6670.49382588 6671.22595623
 6672.98524907]"
366,664851_2023-11-16_D-92,PL,True,"[  20.51976384   20.67926319   20.84506251 ... 6680.34261912 6680.36481903
 6680.67151778]"
367,664851_2023-11-16_D-94,PL,True,"[  51.32630509  186.59038778  186.92671974 ... 6686.62942686 6686.88015917
 6688.25045359]"
368,664851_2023-11-16_D-95,PL,True,"[  41.99944306   42.20757555   42.36024159 ... 6690.49521112 6691.47907378
 6691.65703972]"
369,664851_2023-11-16_D-99,PL,True,"[  54.17839348  269.27251786  340.46356138 ... 6547.05476172 6547.19169449
 6617.50350826]"
370,664851_2023-11-16_D-100,PL,True,"[  20.34306455   20.42219757   20.71402971 ... 6688.19775381 6688.78715141
 6689.09185017]"
371,664851_2023-11-16_D-101,PL,True,"[  28.28033224   29.78195946   35.87770132 ... 6691.28094125 6691.42040735
 6691.59227332]"
372,664851_2023-11-16_D-102,PL,True,"[  22.80278787   22.94425397   23.05495351 ... 6691.38314084 6691.56360677
 6691.7362394 ]"
373,664851_2023-11-16_D-103,PL,True,"[  31.79121795   34.91183858   35.01013818 ... 6685.46956491 6685.50859809
 6685.54146462]"
374,664851_2023-11-16_D-104,PL,True,"[  20.19303183   32.25574939   49.94541071 ... 6686.18289534 6686.30256152
 6686.48702744]"
375,664851_2023-11-16_D-109,PL,True,"[  44.40633326  107.59704269  107.59707602 ... 6670.11192743 6680.37665231
 6681.89761279]"
376,664851_2023-11-16_D-110,PL,True,"[  57.55501307   70.13762851  104.61992147  120.82792216  122.28654955
  137.8002864   138.00321891  154.70501758  162.29962     167.40059923
  248.43126937  262.98774344  272.43013834  272.50713802  274.01283189
  274.56502965  280.01027415  281.01493672  285.49055184  285.62705128
  287.43424392  368.26871486  380.79786385  382.50065692  405.14696473
  420.72833463  422.00862942  430.14582963  452.38923908  466.54304813
  466.99264629  472.76585613  473.56745286  502.44790196  541.79350846
  550.35137362  552.34149885  576.83833246  594.75835951  609.44659971
  625.65676706  634.75163003  647.24044586  653.01572235  655.95584371
  658.80949876  662.15245182  727.53418566  736.71824827  754.89854093
  758.49939294  764.26186948  794.79997849  811.54204367  813.08260407
  813.12607056  813.31903644  816.27925772  817.12195429  817.14168754
  817.21422058  832.55075815  839.46456334  846.47660146  846.8593999
  847.68482987  849.69435503  851.12858252  913.90309364  925.17628108
  945.71539747  949.23501647  957.23528391  966.36808006  974.65294633
 1018.870133   1039.08911735 1052.70149527 1062.09399037 1071.42001907
 1088.70041539 1132.90920209 1151.53065962 1153.2950191  1153.6229511
 1153.72351736 1169.28158736 1176.70339048 1190.66120032 1201.0976245
 1226.19108902 1242.42645626 1244.40101489 1258.37629133 1259.64855282
 1264.10460134 1266.41142528 1270.7807075  1271.95966936 1296.74160181
 1298.94679284 1299.08069229 1303.43704122 1313.15956831 1320.39577219
 1392.77977752 1408.58151319 1415.42295201 1433.56721148 1438.89665645
 1439.02672259 1447.25535576 1450.62454204 1452.09813604 1453.009899
 1459.13717405 1459.77843811 1459.95477072 1471.99378838 1480.23195485
 1496.61908814 1501.0979699  1508.84980501 1527.19643032 1531.04281467
 1531.56611254 1534.7430996  1535.81986189 1536.59709206 1542.15720275
 1543.01143261 1543.34866457 1586.69118813 1606.66750681 1608.65936537
 1610.06179299 1611.7538861  1613.22561344 1620.84261577 1626.79692486
 1655.78604018 1656.99770192 1659.23742613 1661.72351601 1662.05674799
 1663.7490411  1664.09043971 1664.38777183 1666.5424964  1668.28122265
 1669.33801835 1669.8241497  1672.7147046  1673.96119953 1676.19602376
 1720.61080962 1728.85184274 1750.5281545  1770.34267384 1770.54560634
 1771.34053644 1772.49423175 1773.07576271 1773.3650282  1794.51427544
 1808.64548458 1814.46022757 1814.52846063 1833.13631821 1838.00643172
 1844.50233861 1850.22318199 1853.72900105 1861.99370074 1885.1331732
 1894.46583521 1901.75780553 1914.82178568 1915.81581497 1927.11066899
 1937.05346184 1938.10095758 1941.61474327 1942.33644034 1942.43240661
 1942.56257275 1942.59473929 1942.72620542 1942.77507188 1943.07270401
 1943.28393648 1943.44743581 1943.92830052 1944.16646622 1944.38256534
 1944.85296343 1945.56522719 1945.73379317 1947.86811782 1948.21411641
 1949.8299765  1951.27697061 1951.32883706 1951.65526907 1957.91504358
 1990.2790785  1996.61145272 1999.51477424 1999.79613976 2001.88309793
 2011.5596252  2011.90319047 2016.46460524 2030.34281541 2034.50749845
 2038.01935082 2050.6765993  2056.55870868 2078.44841957 2079.29944944
 2090.33257119 2100.68582905 2107.85319987 2111.38798548 2111.85441692
 2125.69426057 2126.83678926 2129.43887866 2132.23720061 2132.49006624
 2135.15568872 2149.26973127 2152.27801902 2162.66361008 2168.69735218
 2174.59419484 2177.93434791 2186.66281238 2197.75180057 2200.64245547
 2208.29332432 2218.0752845  2222.52759971 2239.95726209 2242.56845146
 2249.3718571  2251.67554772 2253.36830749 2267.4414502  2273.75749116
 2280.33846437 2280.90649539 2290.45012321 2298.07039218 2298.75522273
 2308.924748   2312.12406831 2312.4691669  2313.00903137 2319.3478389
 2324.57721761 2325.29658135 2329.52223081 2329.82612958 2338.89752598
 2338.96499237 2339.0810919  2346.03669692 2354.38212961 2363.19932705
 2366.86041215 2370.9005957  2371.70895908 2373.09822009 2373.19865301
 2383.84090969 2383.93950929 2392.86570628 2393.68203629 2397.76975299
 2406.47841753 2408.44780952 2409.82577057 2410.95476598 2419.68866376
 2421.92995463 2430.68961897 2431.84181428 2431.93784722 2438.37482102
 2438.61965336 2439.10765137 2450.53643818 2452.055432   2454.73022111
 2478.07009276 2481.93227704 2500.69980064 2504.0584203  2516.06427142
 2548.41753972 2558.07516707 2573.95736908 2577.98525268 2578.0869856
 2586.14111948 2591.23103209 2596.29534481 2599.27719934 2607.83156451
 2611.72884865 2618.53842093 2624.38479713 2624.39769708 2624.96346144
 2646.00500911 2647.67113567 2662.75244094 2664.43040077 2670.7116752
 2673.49969719 2686.01594623 2702.24064685 2703.39664215 2711.7593081
 2720.8322045  2721.24180283 2725.87311731 2740.12422597 2740.15962582
 2740.39145821 2740.41332479 2749.20462233 2751.15228107 2758.85154973
 2763.04106601 2773.38099058 2785.8706064  2790.04158943 2802.16117342
 2806.42258941 2809.78130907 2810.12354101 2810.99027081 2811.76973431
 2814.84452179 2818.08234194 2823.48271996 2829.49232883 2830.68375731
 2833.25098019 2836.57160001 2842.42317619 2843.369239   2846.93555782
 2850.76667555 2867.606807   2871.33272516 2872.20632161 2888.71658773
 2892.83030432 2902.84536355 2902.88896337 2903.48909426 2905.37825324
 2906.31821608 2906.9998133  2911.88576008 2912.02255952 2920.69042424
 2920.79955712 2925.10330627 2934.81786672 2951.04583399 2980.72957982
 2982.48397268 2984.68626372 2985.44109398 2985.63965983 2987.4656524
 2994.31589118 3001.729761   3004.69511559 3007.59587045 3008.42386708
 3015.27397253 3028.40458574 3041.99979706 3042.16679639 3065.79803352
 3066.71496312 3069.97361652 3077.28598675 3084.42449103 3115.05279967
 3161.09614557 3161.15527866 3173.91012674 3173.95572655 3173.97589314
 3186.30654294 3192.82858306 3200.77901736 3209.95967999 3215.27595834
 3238.34929775 3242.34701481 3242.44644774 3242.55418063 3245.69880116
 3260.01627621 3267.74967806 3300.1011797  3319.18866866 3327.85673337
 3328.10616569 3328.2444318  3332.64801387 3348.81858137 3379.85078838
 3384.59860238 3384.82460146 3390.92737662 3413.7447504  3421.40288589
 3423.48737741 3443.43492953 3443.60132886 3444.34862581 3447.94817783
 3458.98313291 3486.1697889  3486.30175503 3487.06011861 3488.49304611
 3490.75223691 3492.44569668 3492.80582855 3494.83758695 3507.7710343
 3513.30771176 3526.40959175 3577.4190841  3582.68182934 3589.9064666
 3592.79038819 3597.19103694 3597.21783684 3605.4629366  3621.70663714
 3626.13955243 3644.46047785 3645.58307328 3669.23761032 3674.36902276
 3683.51871885 3687.97433404 3691.0713881  3711.38217208 3716.60841748
 3724.28221957 3735.41777424 3741.61218236 3750.56691257 3751.85127401
 3752.78910352 3753.49713397 3759.17747752 3775.78060993 3778.77033109
 3795.74546198 3806.39831862 3807.84237941 3812.5857601  3816.09677914
 3816.33331151 3817.46514023 3821.36172437 3825.65900688 3845.59112574
 3866.66867326 3874.53220792 3903.84918857 3906.58334411 3921.19338463
 3924.82036987 3927.30349309 3928.89515328 3944.83722172 3958.62576558
 3961.29568805 3962.98751449 3967.18706407 3967.74619512 3976.21672731
 3977.07639047 3982.92876665 3983.14283244 3990.63080196 4004.98027688
 4045.80054404 4057.81856178 4058.89442407 4116.75292187 4117.72045126
 4120.50373993 4124.24292471 4129.78763547 4131.56189491 4133.89218543
 4141.09132279 4143.21341415 4149.83772052 4160.38241092 4204.51809792
 4206.10009148 4242.13971143 4248.22242    4249.08561649 4252.21663708
 4276.81100362 4292.54240625 4298.58751497 4318.13556873 4332.13997838
 4333.50240617 4333.66603884 4334.46776891 4369.72822537 4378.39439009
 4393.81579397 4401.66762868 4401.72676177 4402.99282328 4417.01529953
 4436.92411849 4442.48019587 4448.1963726  4453.76108328 4459.78092544
 4461.04265364 4478.86164776 4480.20290897 4489.82016982 4516.86459306
 4531.33386749 4531.49876682 4532.32263013 4551.60525163 4561.25337902
 4572.63596602 4572.92303152 4600.14112071 4604.62336913 4604.8686348
 4627.50447599 4628.31007271 4628.7870041  4629.58686751 4634.85614606
 4635.31331087 4635.36384399 4636.56800576 4673.74445442 4677.88887088
 4716.58814667 4717.94154116 4724.63488058 4726.52923954 4729.45966094
 4729.75845972 4731.99515062 4761.17263184 4766.23044458 4794.22706395
 4803.75609182 4817.25163688 4821.1457877  4827.69939435 4864.67097718
 4871.84174799 4892.21649838 4892.40089762 4892.93622878 4901.11606215
 4902.57262288 4913.51914499 4918.78609021 4920.14448468 4927.2391558
 4940.10040345 4942.98922502 4958.01286386 4974.77976227 5007.42086272
 5009.02868951 5024.13192803 5027.14498243 5027.54748079 5053.66537447
 5070.58013894 5074.9461545  5083.37745351 5111.8020378  5111.84497096
 5118.73894289 5134.56187848 5145.38173443 5145.56120037 5146.79712867
 5147.17139382 5148.50955504 5153.78270024 5161.31956955 5161.3500361
 5161.65616818 5167.4415113  5167.55514417 5173.35088724 5174.4513161
 5175.60697806 5176.90050613 5195.70742956 5199.87417927 5231.3104513
 5238.87585383 5240.55421366 5254.82148892 5262.24882535 5264.0460847
 5264.13478434 5264.31521694 5265.39741253 5265.97674351 5273.75464518
 5274.90897381 5285.73306308 5298.69427698 5302.80616024 5306.66347787
 5336.00942508 5339.07894592 5354.83901509 5355.00478108 5355.22018021
 5355.6143786  5359.70426195 5363.62911264 5412.64281311 5445.53917919
 5460.45525181 5483.40942503 5485.9381814  5486.42654608 5488.29543847
 5494.98094459 5501.54331787 5506.88266281 5512.96053806 5520.17807535
 5525.51038697 5527.47997896 5536.66154158 5551.7237136  5558.02482128
 5563.30726644 5569.35657515 5570.92516876 5571.77806529 5572.05376417
 5575.28028437 5577.44024224 5578.99603591 5579.30656798 5579.3571011
 5579.72439961 5580.04276498 5580.07639818 5581.26259335 5610.78507316
 5622.33162616 5635.50397254 5637.06706617 5642.63647683 5649.44288246
 5677.51000153 5679.86769194 5688.32699083 5691.0462131  5691.1346794
 5691.41671159 5691.44457814 5691.81780996 5693.45403663 5696.84722281
 5720.07759491 5720.76592544 5728.64486004 5768.85332969 5770.21085749
 5770.44405654 5770.8161217  5772.46991496 5775.33486997 5783.40537045
 5783.7850689  5794.86545713 5818.14656235 5821.57021508 5822.54421112
 5823.63797333 5824.08923816 5827.36885814 5829.60494904 5829.69114869
 5830.14038019 5857.89830053 5865.37380343 5867.4679949  5873.89103542
 5874.11223452 5879.17578058 5887.26251432 5917.41615824 5920.84081096
 5923.11326838 5924.82109476 5934.1955566  5946.81103857 5967.05372283
 5993.68624775 5994.08617945 6021.30546865 6021.64776725 6022.85479567
 6030.87456303 6036.04077533 6036.54173996 6037.43253633 6037.8822345
 6038.46593212 6040.97485524 6044.7843064  6050.42515011 6061.55040482
 6061.92530329 6075.30431549 6082.38235334 6083.00128416 6119.36066948
 6125.94960932 6126.191175   6126.2077416  6126.48080716 6126.49080712
 6127.28117057 6127.31023711 6127.49450303 6128.06703403 6128.35713285
 6128.6566983  6128.68793151 6129.79362701 6129.95782634 6132.20858384
 6133.74004427 6136.4187667  6136.72643212 6144.49946714 6148.21341869
 6156.58348461 6161.54479775 6168.24653713 6170.26552892 6172.1105214
 6172.15838788 6174.0615468  6174.69127757 6182.05904757 6190.66984585
 6197.85664993 6202.11566592 6204.21485738 6214.45828234 6217.93126821
 6218.27173349 6219.06789691 6223.19451345 6232.36704277 6234.97769881
 6258.25840404 6282.50170535 6297.98167566 6298.08144192 6298.4302405
 6301.91919297 6302.08852561 6302.70232311 6307.05407206 6307.19497149
 6307.29757107 6307.35600417 6307.91336857 6307.98783493 6307.99526823
 6308.15360092 6308.60739907 6309.5600952  6310.65929072 6310.81845674
 6312.76594881 6314.27887599 6314.83807371 6315.89120276 6316.60423319
 6318.36025937 6318.4442257  6319.07282314 6320.06718576 6321.96521136
 6322.8412078  6323.41877211 6327.98632019 6328.46875155 6329.21801517
 6330.07731167 6332.72990087 6335.7539219  6337.34164877 6341.32459922
 6342.92302605 6343.24072475 6345.53481541 6345.85774743 6357.83413201
 6357.9444649  6358.04473115 6358.64329538 6362.1281812  6362.13984782
 6362.14958111 6362.16984769 6363.65667498 6367.31612674 6368.11389016
 6373.74216725 6380.59180603 6389.81843514 6398.38040029 6398.55499957
 6399.23613014 6399.94529391 6400.31625907 6400.71272412 6434.2571209
 6443.05095177 6449.8478241  6480.63629876 6482.92478945 6486.36884209
 6486.67440752 6487.51740409 6488.42533372 6488.61299963 6489.51802927
 6490.49305864 6490.63172474 6490.9040903  6496.49700086 6501.21434833
 6523.30792505 6529.1088681  6529.71813229 6537.49220064 6540.50185506
 6555.13736215 6556.43015688 6556.82175529 6562.80713092 6573.14728883
 6595.37436501 6595.39439826 6595.81006324 6596.86525894 6602.09993763
 6604.20996238 6623.94118205 6640.77934684 6651.86803503 6655.76628583
 6674.52700946 6675.98067021 6680.58291814 6681.85681295 6682.9177753 ]"
377,664851_2023-11-16_D-111,PL,True,"[  34.20820811   34.35104086   34.40400731 ... 6683.39354003 6685.48013153
 6689.30048265]"
378,664851_2023-11-16_D-114,PL,True,"[  68.85076709   77.60999809  105.56728428 ... 6681.83664637 6682.03561222
 6682.78784249]"
379,664851_2023-11-16_D-119,PL,True,"[  20.12493211   26.45020636   30.20799106 ... 6691.45097389 6691.61537323
 6691.69900622]"
380,664851_2023-11-16_D-120,PL,True,"[  36.94033032   36.96883021   36.99209678 ... 6691.34174101 6691.40430742
 6691.6619397 ]"
381,664851_2023-11-16_D-121,PL,True,"[ 129.66421952  129.67295282  335.01868355 ... 6689.79828062 6690.5168777
 6690.66851041]"
382,664851_2023-11-16_D-129,PL,True,"[  28.96359613   29.43099423   30.37749037 ... 6672.16215242 6674.44384313
 6691.79167251]"
383,664851_2023-11-16_D-131,ACAd,True,"[  22.96665387   23.17168637   24.91541261 ... 6676.69690062 6676.87893322
 6681.31471516]"
384,664851_2023-11-16_D-135,ACAd,True,"[  25.53321009   34.04984209   34.11110851 ... 6670.10849411 6676.16116947
 6676.34700205]"
385,664851_2023-11-16_D-136,ACAd,True,"[  20.21366508   20.234065     20.35633117 ... 6691.67263966 6691.72520611
 6691.79750582]"
386,664851_2023-11-16_D-137,ACAd,True,"[  34.05510873   34.09390858   34.1117085  ... 6685.58363111 6691.27144129
 6691.43187397]"
387,664851_2023-11-16_D-139,ACAd,True,"[  21.43769343   22.67545506   22.76158804 ... 6689.96124663 6690.76647668
 6690.89034284]"
388,664851_2023-11-16_D-140,ACAd,True,"[  21.54539299   22.40075618   22.41482279 ... 6672.30121852 6679.32332327
 6686.25702837]"
389,664851_2023-11-16_D-142,ACAd,True,"[  61.50806364   74.46971088   85.58569896 ... 6656.66041552 6658.24104242
 6659.2867715 ]"
390,664851_2023-11-16_D-146,ACAd,True,"[  20.28259813   20.3228313    20.39319768 ... 6687.1756913  6690.53494429
 6691.03367559]"
391,664851_2023-11-16_D-147,ACAd,True,"[  29.67849322   40.457716     40.46418264 ... 6691.65257307 6691.65617306
 6691.78840585]"
392,664851_2023-11-16_D-150,ACAd,True,"[  20.7001631    20.95559539   22.53718896 ... 6685.77989698 6686.05882918
 6686.16782874]"
393,664851_2023-11-16_D-152,ACAd,True,"[ 159.74716372  181.22814294  190.53657172  197.37507721  201.73285947
  203.21168678  221.75084465  238.51444307  265.85786509  292.35852388
  293.79651802  310.52491659  404.96666546  408.62251725  441.06115186
  442.89641105  452.44517218  474.97918045  490.03161917  495.44006382
  524.15734692  525.86963995  528.29373008  540.75267936  575.70260375
  578.91002403  631.648776    651.23969625  652.82508979  656.14320962
  656.40297523  666.73296651  671.7303795   674.95266638  690.06967151
  696.30437946  710.0184903   744.66804924  751.55608787  774.63812724
  811.15344526  826.13535093  845.58157177  849.20849034  925.21554759
  940.73765107  994.32446625  996.93075564 1034.47476947 1046.85208575
 1095.03582294 1095.22598883 1112.10995343 1115.73043869 1121.97007996
 1148.64643803 1177.45465408 1192.14026097 1242.21179047 1266.0649267
 1267.1846888  1271.1006062  1280.13940273 1289.75376359 1345.67113596
 1423.84448439 1425.47174443 1432.88068094 1441.31517994 1441.42291283
 1601.44649473 1667.75749145 1668.17315642 1668.33475577 1674.33469801
 1693.91278497 1739.33556673 1741.96078938 1742.02412245 1770.67643915
 1772.13539987 1832.53428733 1861.04053795 1861.15673748 1923.68651626
 1991.70750602 2032.54157312 2041.08287168 2048.94657301 2057.82803685
 2079.55661506 2081.31354124 2092.10913063 2102.58552131 2111.67395098
 2121.00394633 2125.81179343 2146.29257672 2176.9128854  2192.52165519
 2222.28833402 2265.78652361 2299.45271989 2305.20332981 2314.32462602
 2320.82496622 2341.48404879 2359.36684265 2385.19320418 2425.87313858
 2437.17345924 2481.45667897 2501.53023059 2501.84766263 2506.93304193
 2551.10709543 2556.20747467 2566.47713286 2568.43032491 2583.51186352
 2585.92045371 2586.90528304 2597.23600765 2598.59996876 2600.70859351
 2607.9426974  2613.02121005 2615.66599929 2621.98127358 2624.39609708
 2637.76807598 2638.85683821 2643.68661855 2644.51151519 2650.43302442
 2662.79224078 2665.7103289  2684.21908688 2688.19373737 2700.80488603
 2732.26515796 2736.97873877 2766.2445863  2770.96380042 2780.45099513
 2783.64178214 2793.68000795 2810.72067191 2827.91136859 2830.92575632
 2831.53082053 2833.78744467 2854.51992694 2869.85923116 2883.6647083
 2886.97819481 2891.82034176 2893.41976858 2898.27908214 2900.92533803
 2905.03238798 2910.60593195 2919.94169395 2921.15008903 2932.84854141
 2935.77919614 2938.16211978 2940.78754242 2942.07683717 2942.21903659
 2945.64275599 2949.05570876 2955.41198289 2960.95366033 2968.14996437
 2970.06738989 2971.53381726 2972.27108092 2978.51182218 2979.07871988
 2979.69921735 2990.82087208 2995.20678755 2995.5967193  3000.39459977
 3003.23168822 3009.11839759 3025.41436458 3030.25294489 3048.95730208
 3062.85127885 3068.35978976 3091.76982779 3092.01562679 3094.36818388
 3109.00232431 3109.78382112 3112.76647565 3118.41311933 3120.79684296
 3125.70092299 3125.96295526 3127.80018111 3129.60964042 3129.90247256
 3131.45443291 3136.80861111 3180.20643444 3182.2886593  3184.22351809
 3184.981915   3195.60380509 3204.73953457 3213.47986566 3214.66826082
 3217.8908477  3219.12317602 3223.84889011 3224.42862108 3231.49669231
 3244.8702712  3249.39621944 3251.18831215 3277.88200348 3285.65377184
 3286.65350111 3313.91669012 3318.88913655 3323.17575243 3329.43559361
 3329.84629194 3345.63659433 3350.86517304 3351.64686986 3363.0997899
 3365.52061338 3368.13660273 3373.57758058 3378.49296057 3381.82188035
 3389.47081588 3389.68384835 3397.50998316 3414.50431397 3444.31152597
 3498.45130557 3499.63833407 3500.68186316 3502.72665483 3532.8106657
 3534.87579062 3571.8272402  3597.13230385 3605.2272709  3644.97144244
 3649.85615588 3658.82298605 3697.53739511 3710.35657626 3711.68433752
 3712.77729974 3740.33948754 3753.42636759 3772.95902141 3778.45929902
 3778.49533221 3793.53363766 3807.86941263 3815.60881446 3834.05873935
 3841.2772433  3851.68776758 3852.23763201 3858.29880734 3872.75554849
 3917.13376783 3921.59864965 3940.05244119 3944.29322393 3951.38842838
 3956.89570596 3957.75753579 3976.33382683 3977.82515409 3978.17378601
 3982.52243497 3986.937417   3987.68864727 4004.63964493 4004.91957713
 4011.99551499 4015.17516871 4017.49592593 4025.92709161 4049.56779537
 4082.98749265 4111.69660912 4164.8106929  4166.00372137 4181.31052573
 4184.28478029 4206.54575633 4211.64926889 4215.35978712 4216.54598229
 4222.10075967 4223.91921894 4227.44753791 4279.98309071 4281.30431866
 4285.70540075 4288.58728901 4291.34387779 4299.85124316 4300.67950646
 4309.78926937 4314.59878312 4325.90253711 4327.96429538 4328.6395593
 4343.45246566 4361.11289377 4370.66885487 4371.83468346 4390.26184178
 4402.8008574  4432.03267173 4433.55803219 4434.5945613  4436.66821953
 4449.27793486 4464.52697278 4464.74453857 4468.59148957 4483.82742755
 4491.53356284 4498.04193635 4500.5430595  4528.32874639 4532.20283062
 4535.02205247 4536.00778179 4544.30921467 4547.94843318 4548.12473247
 4563.59823614 4577.75651184 4583.52545502 4599.16705801 4611.21694229
 4613.76899857 4616.7269532  4619.58787488 4635.34374408 4639.57772684
 4662.84689878 4665.18072261 4679.62586381 4693.15067542 4693.46754079
 4705.62169131 4706.24538878 4707.13491849 4710.63593757 4717.49960963
 4729.59766038 4771.21032431 4775.03090876 4786.75072771 4840.20201012
 4852.53189326 4859.94556308 4864.35487846 4876.77406124 4903.76901801
 4926.21799329 4942.5679934  4956.1940046  4970.64101245 4971.99664027
 4976.76742084 4990.44083185 4999.41642864 5006.59916607 5011.63831222
 5013.41027168 5025.15865718 5037.2230414  5045.70240688 5047.43886648
 5060.37284716 5071.35433579 5078.65800606 5079.94326749 5083.93805123
 5091.29262129 5105.93412835 5112.95819976 5139.76779062 5170.69476472
 5173.76541889 5186.41536739 5191.74317904 5195.95756188 5199.02441606
 5206.22828674 5206.75848458 5212.69516041 5230.44675481 5230.48865464
 5248.31191542 5253.13256246 5267.07243905 5306.07718026 5319.1289938
 5330.27634842 5372.70340903 5383.26169939 5394.46812043 5396.86777733
 5411.80004988 5445.6602787  5446.29170946 5460.94524981 5462.46704362
 5464.254903   5464.96536678 5491.50659207 5491.92572369 5512.37960709
 5512.42337358 5525.28715455 5545.91643724 5550.69331779 5554.41763596
 5562.56530279 5577.50000866 5609.29684589 5635.47847264 5652.0697051
 5657.77904852 5694.17933368 5699.28091291 5703.02073102 5703.47322917
 5715.74581255 5725.02270812 5729.79552202 5731.94217995 5734.87550134
 5755.08051909 5761.05302811 5761.85275818 5794.78445746 5803.3457226
 5803.52938852 5820.30752022 5838.05881462 5848.19034005 5854.63621381
 5856.62280572 5868.57179041 5873.76303594 5904.33904481 5910.0876214
 5910.67735234 5915.16926738 5922.22563866 6018.20908125 6036.57003984
 6070.48153512 6105.72389166 6112.86729591 6129.60122779 6152.65966725
 6173.61468195 6217.41857029 6217.70726912 6219.3993289  6226.76009893
 6259.92826391 6312.33238391 6314.70487425 6380.26944068 6380.97203782
 6402.78158237 6404.03474393 6404.40134244 6406.19783513 6406.59936683
 6417.66455512 6420.35901081 6421.213474   6423.65569739 6424.04849579
 6433.67428994 6436.02554704 6449.60812508 6456.36406424 6482.94148938
 6483.60968666 6486.24924258 6486.97817295 6487.02473942 6488.95279824
 6489.26403031 6490.0280272  6513.30236578 6522.21469617 6527.4467082
 6527.88170643 6530.60962866 6532.01655627 6542.15901498 6548.6971217
 6549.22701954 6552.60087247 6553.31023625 6557.8172179  6559.32427843
 6564.58255703 6565.43938687 6567.27934605 6568.46684122 6575.44304615
 6575.64867865 6584.11051087 6596.59339338 6597.84722161 6598.82835095
 6621.18415994 6627.90783257 6630.86018722 6640.329982   6642.46947329
 6644.8591969  6652.81939783 6655.52385348 6660.68979912 6663.2482887
 6673.69624617 6677.43799761 6683.40357332 6684.31843626 6690.74687676]"
394,664851_2023-11-16_D-154,ACAd,True,"[  31.84521773   32.60434797   34.09474191 ... 6687.86942181 6688.8614511
 6691.26297466]"
395,664851_2023-11-16_D-159,MOs,True,"[  25.41687723   29.977092     31.07025422 ... 6690.07964614 6691.1720417
 6691.78687253]"
396,664851_2023-11-16_D-161,ACAd,True,"[  20.13746539   20.24686495   20.36596446 ... 6659.25187164 6662.54962488
 6674.79067505]"
397,664851_2023-11-16_D-163,MOs,True,"[  20.15536532   20.17446524   20.1834652  ... 6689.00658385 6690.49397779
 6690.99637575]"
398,664851_2023-11-16_D-165,MOs,True,"[  21.01286183   23.95554985   24.36998149 ... 6690.99390909 6690.99467575
 6691.60013995]"
399,664851_2023-11-16_D-167,MOs,True,"[  21.49815985   21.62842599   22.14462389 ... 6689.48674856 6689.61951468
 6691.53174023]"
400,664851_2023-11-16_D-170,MOs,True,"[  21.74519218   22.07319084   23.71298417 ... 6684.08237056 6684.26016983
 6684.31566961]"
401,664851_2023-11-16_D-173,MOs,True,"[  24.79447977   24.81367969   30.71572233 ... 6690.96314255 6691.29170788
 6691.52460693]"
402,664851_2023-11-16_D-174,MOs,True,"[  21.55205963   31.83481777   34.13587507 ... 6688.94778409 6689.11941672
 6691.00344238]"
403,664851_2023-11-16_D-177,MOs,True,"[  20.14663202   20.21393175   20.23789832 ... 6686.65536008 6687.2248911
 6687.82072201]"
404,664851_2023-11-16_D-178,MOs,True,"[  20.60503016   20.94749543   22.29285662 ... 6639.94801689 6650.81027267
 6682.57997667]"
405,664851_2023-11-16_D-180,MOs,True,"[  24.11198255   25.66740955   58.40737627 ... 6689.30848262 6689.87298032
 6691.43030731]"
406,664851_2023-11-16_D-181,MOs,True,"[  35.64143561   46.22905918   50.56344153 ... 6691.51350697 6691.54647351
 6691.57140674]"
407,664851_2023-11-16_D-184,MOs,True,"[  35.05427133   54.71909128   71.16282434 ... 6685.20083267 6687.88485508
 6689.28141606]"
408,664851_2023-11-16_D-185,MOs,True,"[  22.65975512   22.69815497   23.3372857  ... 6688.46138607 6688.62825205
 6691.6129399 ]"
409,664851_2023-11-16_D-186,MOs,True,"[  20.90436227   21.05026168   21.19479442 ... 6688.94871741 6690.1223793
 6691.179175  ]"
410,664851_2023-11-16_D-188,MOs,True,"[  22.39262288   25.02311217   33.28377854 ... 6689.24778286 6690.605644
 6691.22280816]"
411,664851_2023-11-16_D-189,MOs,True,"[  24.33731496   25.00454558   25.04477875 ... 6687.04009185 6690.52414433
 6691.33647436]"
412,664851_2023-11-16_D-190,MOs,True,"[  21.79485864   22.78115463   25.05814536 ... 6690.6806437  6691.32477441
 6691.50464034]"
413,664851_2023-11-16_D-194,MOs,True,"[  26.95487097   29.90559229   31.123754   ... 6675.28900636 6681.20401561
 6683.58690591]"
414,664851_2023-11-16_D-223,ORBm,True,"[  20.35809783   21.216061     21.67655913 ... 6688.69695177 6688.8126513
 6689.97941322]"
415,664851_2023-11-16_D-232,ORBm,True,"[  21.12889469   26.09210782   28.40699839 ... 6690.90624278 6691.32564107
 6691.55134015]"
416,664851_2023-11-16_D-237,ORBm,True,"[  22.50142244   22.53888895   22.58208877 ... 6691.54910683 6691.67550631
 6691.73913939]"
417,664851_2023-11-16_D-241,PL,True,"[  34.154775     50.92300673   54.06206062 ... 6687.71662243 6687.82095534
 6690.57901078]"
418,664851_2023-11-16_D-242,PL,True,"[  45.71729459   45.87199396   62.18866087 ... 6689.60181476 6689.63451462
 6690.14754587]"
419,664851_2023-11-16_D-247,PL,True,"[  26.04990799   61.68536292   61.71609613 ... 6690.0421463  6690.07271284
 6690.59394405]"
420,664851_2023-11-16_D-248,PL,True,"[ 234.49782609  234.54105925  340.57106094 ... 6682.68770957 6683.20170748
 6688.22775368]"
421,664851_2023-11-16_D-249,PL,True,"[  92.98740216  780.97896809  827.09274703 ... 6677.70786317 6678.61875947
 6685.77813032]"
422,664851_2023-11-16_D-250,PL,True,"[  20.14609869   20.40166432   20.55646369 ... 6687.85272188 6688.88471768
 6690.934976  ]"
423,664851_2023-11-16_D-251,PL,True,"[  29.72749302   37.23256247   38.06479241 ... 6678.39826036 6681.95904587
 6682.01077899]"
424,664851_2023-11-16_D-252,PL,True,"[  29.5846936    43.93723517   49.70604502 ... 6690.09321276 6690.687777
 6691.75877264]"
425,664851_2023-11-16_D-256,PL,True,"[  20.7011631    24.1396491    27.37916924 ... 6684.25303653 6684.5132688
 6684.71596798]"
426,664851_2023-11-16_D-259,PL,True,"[ 603.73488963  798.24839779 1423.31055323 ... 6654.03562621 6670.08802753
 6678.24396099]"
427,664851_2023-11-16_D-260,PL,True,"[ 157.83320485  264.18643856  389.04919693 ... 6690.90780944 6691.29100788
 6691.32537441]"
428,664851_2023-11-16_D-261,PL,True,"[  21.83399182   24.87021279   25.23797796 ... 6682.12754518 6685.36033202
 6688.47568601]"
429,664851_2023-11-16_D-264,PL,True,"[  39.76841881   39.90308493   40.30211664 ... 6688.61211878 6688.7970847
 6688.99618389]"
430,664851_2023-11-16_D-269,PL,True,"[  28.61499755   28.89229642   34.38740738 ... 6686.09589569 6686.1939953
 6686.80645947]"
431,664851_2023-11-16_D-275,PL,True,"[  34.51237354   50.29817594   51.34883833 ... 6665.9998775  6666.59907506
 6686.39836113]"
432,664851_2023-11-16_D-277,PL,True,"[  27.08993709   34.19787482   74.7101099   137.53928746  147.92531185
  157.91547118  166.3277036   191.58630078  200.59553077  213.25437923
  224.15620152  226.74895763  239.42490603  249.83496365  261.99348082
  284.17439053  287.91830862  291.36976124  302.94324745  306.23626738
  322.88856626  325.97625369  328.43324369  336.60564375  341.56109025
  346.12573833  355.5261334   366.15532346  368.21458174  391.18325491
  394.04387659  399.95208588  402.15744356  404.50543401  412.28910232
  415.73755495  416.62381801  417.60001403  420.2856031   422.84949266
  424.39668636  436.05203892  447.22056012  474.66518173  475.44641188
  481.9917519   496.10226113  511.96029657  517.16824204  530.1462892
  530.78921992  534.28537235  536.25753099  551.67400157  556.9400468
  559.90623472  561.92805982  568.12786792  577.10953135  579.73142068
  587.50415571  621.56905037  643.6615271   651.18249648  678.85145051
  682.78596782  685.82045547  701.53769149  727.99721711  729.35581158
  732.86029731  746.66850777  757.93379524  771.62823949  779.89400584
  782.60952812  784.49225379  787.83734017  788.12530567  792.72585361
  793.14661856  797.98789885  810.8713464   811.1986784   811.21761166
  814.35213223  823.78142718  825.33725418  825.40902056  826.60314903
  827.02524731  827.92237699  836.21354324  837.39247177  841.41958871
  841.87325353  842.24175203  847.22646507  848.35412715  850.11621998
  850.14401986  851.21081552  854.45173566  855.1370662   858.10825411
  861.37234082  861.5889066   863.42826578  863.99713013  867.34501651
  870.79046915  872.22602997  873.25229246  874.56568711  874.61335358
  874.77815291  875.6322161   881.23992661  894.15150738  913.22412974
  926.75690798  937.35433151  939.64332219  958.34211273  973.11181927
  973.56211744  974.81704567  975.75244186  981.82141715  986.21839925
  986.35516536  993.72913534  998.59524887 1005.2615884  1010.54713355
 1023.14991557 1024.22781119 1035.45673214 1047.773182   1052.37682993
 1101.38559709 1110.45239351 1111.38358972 1146.30474756 1147.83367467
 1150.53493034 1179.74284477 1197.75163812 1199.25193202 1203.99847936
 1206.48266925 1206.65860186 1208.96289248 1224.73532828 1225.24785952
 1255.31697045 1291.48942319 1294.57831062 1303.19560887 1311.3680756
 1318.00994857 1320.02464036 1326.13864881 1328.45953936 1333.64578491
 1334.44694832 1347.21709633 1352.03044341 1365.77568745 1379.97576298
 1382.8031848  1391.22481718 1394.59520346 1398.19172216 1410.55027184
 1412.18956517 1413.03446173 1423.56635219 1442.51594172 1457.19404863
 1457.99041205 1459.2246737  1460.29803599 1487.09852689 1506.94181278
 1509.04003757 1526.46833329 1527.74916141 1532.13581022 1538.34915159
 1543.77086285 1543.90862896 1549.5568393  1554.17632049 1558.01893818
 1592.62049732 1613.90571067 1622.01194434 1626.20226062 1636.97118344
 1637.39774837 1637.96911272 1638.95700869 1663.13961025 1665.37263449
 1667.32419321 1674.07343241 1678.6110806  1692.1463255  1705.87413628
 1707.52852955 1718.57611791 1720.4779435  1734.72925215 1739.78279824
 1763.56760142 1784.18721748 1787.05720579 1819.31030783 1835.77620746
 1849.236486   1859.82994288 1865.69321901 1868.13180908 1883.77374541
 1892.36631043 1908.64451083 1925.26470983 1957.43397888 1974.01984469
 1975.87500381 1989.55648144 1992.34950341 1993.36039929 1999.40694134
 2006.15758053 2009.39880067 2015.65440853 2048.73740719 2081.53057369
 2132.06743463 2158.39659411 2165.17583318 2204.73317215 2205.1880703
 2208.8723553  2214.73833142 2229.64860405 2244.01197892 2256.18116271
 2264.36276274 2264.51842877 2266.56562044 2268.18038053 2268.96754399
 2275.85791594 2317.9155114  2323.00765733 2325.18204848 2325.31338128
 2325.6620132  2334.39081099 2351.77437356 2352.61260348 2355.61162461
 2364.04609027 2369.72386716 2382.45951531 2409.52607179 2411.03249899
 2411.41096412 2414.15728627 2430.17442107 2430.45771992 2431.90041404
 2432.53574479 2433.11024245 2464.53724785 2481.06764722 2496.1805857
 2527.85115677 2529.91224838 2556.16917483 2566.39283321 2580.56720884
 2597.13850804 2603.7418145  2609.32709176 2619.84748227 2621.76117448
 2624.7603956  2624.99122799 2625.25096027 2625.82835792 2625.90589094
 2628.56934676 2629.1578777  2631.19266941 2657.15609705 2677.78571307
 2679.63200556 2695.162509   2788.73832806 2791.35271742 2796.73919549
 2812.7548303  2812.77179689 2813.8351259  2815.44048603 2820.58533175
 2830.48109147 2832.68361583 2850.87570844 2853.66806374 2871.24435886
 2902.71359742 2902.84153023 2902.85623017 2903.0459294  2911.9534598
 2919.58406207 2919.79702787 2920.13725982 2920.92105663 2925.59893759
 2926.77246614 2930.51831756 2933.18397338 2934.76200028 2936.61409274
 2937.31562322 2948.43894461 2951.09516713 2955.04081773 2993.57232754
 2995.80001847 3056.40610509 3061.21581884 3068.31145662 3070.57691406
 3080.94900517 3086.51934916 3112.38131055 3116.62389328 3116.67259308
 3120.95627564 3128.9423098  3154.69357163 3180.45666676 3186.42067581
 3187.97670281 3193.88714542 3194.40307665 3200.07005358 3213.00633425
 3244.35630663 3244.86357123 3277.95623651 3278.00640298 3279.75276253
 3419.13542846 3458.84810012 3477.79558966 3480.34627927 3493.25692671
 3503.79618381 3507.96250018 3516.27633301 3519.54045305 3527.90438567
 3580.01814019 3797.03875672 3837.24502638 3837.65945802 3837.80305744
 3866.82753928 3911.79755622 3913.81311468 3914.60597812 3915.44274138
 3915.89447287 3935.3592603  3947.27121181 4009.41469216 4058.3144931
 4058.52945889 4061.20951464 4063.30283946 4064.41960158 4064.70926706
 4065.87166233 4066.60392602 4071.86920458 4072.42453566 4072.91636699
 4073.20513248 4078.32211165 4078.35221152 4078.70424342 4080.36417
 4083.95342206 4089.31370024 4089.37553332 4089.55116594 4090.34092939
 4091.62952414 4094.53947896 4095.2181762  4099.18239339 4102.63941265
 4105.1087026  4105.46823447 4106.20663147 4117.91051715 4118.94094629
 4124.04829217 4125.92921784 4127.29901227 4127.3977452  4127.51001141
 4130.08836758 4130.41383292 4144.6246084  4170.10750467 4173.14789229
 4177.63790734 4216.21258364 4241.63788014 4241.82794603 4246.07366208
 4246.12279522 4247.17719092 4247.896388   4249.07758319 4249.57794782
 4250.54404388 4252.69286847 4253.28373273 4255.93032196 4256.55198609
 4273.69158299 4299.67291055 4299.85267649 4306.02515136 4313.06618936
 4318.2071351  4318.48346731 4322.07148604 4325.30747286 4351.00083494
 4374.29687343 4385.85482638 4447.09721041 4447.51404204 4469.55108566
 4478.67891517 4479.40001224 4479.65207788 4480.65517379 4480.87700623
 4483.2093634  4483.40649593 4489.9143361  4490.14363517 4490.49900039
 4497.86817039 4498.50900111 4499.05666555 4499.26436471 4548.77552982
 4570.12717623 4581.08726495 4587.35923941 4587.53207204 4591.28152345
 4597.44839834 4597.59603108 4599.47992341 4600.38201973 4605.05733403
 4606.15816289 4606.58289449 4607.01782605 4620.75297014 4628.27753951
 4628.41030563 4629.71203367 4639.31289458 4639.55762692 4639.81279255
 4640.43975666 4640.61302262 4643.37841137 4648.08735886 4650.16708373
 4659.50811237 4660.16807635 4661.48647098 4665.53642116 4674.89114975
 4719.27123575 4731.84335124 4737.13072971 4743.51773704 4747.31078827
 4762.10612804 4786.89079381 4819.70676022 4838.60301663 4853.84258792
 4859.29236574 4870.49348681 4877.36809215 4891.70103381 4900.75499695
 4906.58930653 4907.03357139 4908.63966485 4914.3921081  4971.61774181
 4976.1163235  5012.51200867 5013.38697177 5022.61456754 5024.74259221
 5024.94979137 5040.22446252 5044.72267754 5049.89615648 5050.96751878
 5071.51440181 5073.12859524 5132.10408849 5207.33518223 5216.70117743
 5225.91870658 5341.06473783 5355.0583142  5356.89124007 5361.39948838
 5362.73444962 5452.03948607 5484.46098741 5491.73029116 5514.67326442
 5534.26031802 5576.29694689 5586.70033788 5637.83806303 5686.93039652
 5700.57360764 5754.75192042 5779.0771214  5804.76021685 5810.33889414
 5828.99748485 5865.15173767 5865.6581356  5875.19956343 5894.27528577
 5912.27977915 5926.5150212  5994.85874298 5999.11759231 6000.27538759
 6005.7195321  6021.12203606 6061.95053652 6070.79933383 6092.48061224
 6170.73862699 6171.89338896 6247.1731825  6252.21132866 6376.59868896
 6382.88089672 6408.83525772 6410.49145098 6411.12241508 6433.81738936
 6442.79521948 6496.50233418 6520.7901353  6557.54658567 6562.59453179
 6564.41005773 6573.52782061 6613.30719201 6617.80104038 6674.50520955
 6678.89799166]"
433,664851_2023-11-16_D-285,PL,True,"[  21.17199451   23.62018455   24.48691435 ... 6690.71427689 6691.68760626
 6691.77547257]"
434,664851_2023-11-16_D-293,PL,True,"[  21.39002696   21.60372609   21.71799229 ... 6690.0831128  6691.32870773
 6691.65790639]"
435,664851_2023-11-16_D-294,PL,True,"[  34.06897534   34.11790848   34.14337504 ... 6685.02676671 6685.12819963
 6691.39697411]"
436,664851_2023-11-16_D-295,PL,True,"[  21.02299512   21.04812835   25.91207522 ... 6689.72198093 6689.81484722
 6689.92221345]"
437,664851_2023-11-16_D-296,PL,True,"[  51.53117092  114.33141527  115.42717748 ... 6477.18421282 6556.78075546
 6570.6169658 ]"
438,664851_2023-11-16_D-298,PL,True,"[  63.44692242  167.92403044  212.08321734 ... 6493.19411431 6501.97791188
 6547.5160265 ]"
439,664851_2023-11-16_D-299,PL,True,"[  22.24162349   27.77923428   31.697485   ... 6687.08775832 6687.54742312
 6688.35728649]"
440,664851_2023-11-16_D-300,PL,True,"[  21.06282829   21.48722656   27.87953387 ... 6691.61160657 6691.69450624
 6691.79090584]"
441,664851_2023-11-16_D-303,PL,True,"[  37.34026203   37.73586042   61.8204957  ... 6680.6012514  6681.34661503
 6687.99605463]"
442,664851_2023-11-16_D-304,PL,True,"[  20.18133188   20.26593154   20.32079798 ... 6690.66481043 6691.25254137
 6691.46780716]"
443,664851_2023-11-16_D-305,PL,True,"[  21.66039253   28.15159943   33.0406462  ... 6681.21591556 6686.21942853
 6690.66461043]"
444,664851_2023-11-16_D-309,PL,True,"[  24.14641574   34.12047514   34.39940733 ... 6690.20351231 6691.49420705
 6691.62437319]"
445,664851_2023-11-16_D-311,PL,True,"[  20.23909831   20.45233078   21.10172813 ... 6690.54581091 6691.27940793
 6691.35404096]"
446,664851_2023-11-16_D-312,PL,True,"[  26.68823872   27.14423687   32.21598289   34.1466417    36.96996354
   42.67427365   43.05893875   43.32297101   52.57496668   62.52729283
   63.48832225   69.51903103   69.64063054   69.72706352  102.70589593
  102.73656247  105.56731762  108.16644037  127.53602818  187.01035274
  220.83751503  220.84321501  220.92818133  242.35276078  293.81855127
  293.82598457  336.21371201  336.47824427  340.3608618   423.39385711
  429.54039876  429.66036494  443.33287594  443.34210924  445.55190024
  446.14409783  451.15621076  452.36507251  463.94439204  464.07495817
  496.56325925  512.5004277   512.55972746  512.66076039  512.66922702
  512.86735954  512.94812588  513.06779206  513.19792486  513.21059148
  513.38432411  515.89708054  516.62674424  524.13094702  540.86114558
  544.45843094  544.95946223  545.33139405  554.55538984  554.64008949
  554.66265607  554.81465545  555.661552    565.37144581  565.39111239
  565.73991097  565.76497754  565.83807724  566.0023099   566.0535097
  566.1663759   566.23450896  566.39267498  566.44924142  566.48990792
  566.7737401   566.98543924  567.43677073  567.64293656  567.71933625
  567.91833544  568.00740174  568.15843446  568.17660105  568.46036656
  570.155593    570.91125659  574.85804052  584.25923558  585.33983118
  585.45216406  586.531293    587.14825715  589.76861315  589.87807938
  590.22801128  590.35101078  590.50311016  590.5692099   590.73977587
  590.86790868  591.44230634  591.61987228  592.53436856  593.0583331
  602.90265969  603.08275895  603.09312558  618.98892754  629.93238299
  629.94121628  630.20208189  630.3457813   634.4574979   667.77349561
  709.68829164  709.81549112  730.60787315  730.63457304  787.19467612
  787.76267381  789.27646765  790.50086266  796.78940373  804.39297278
  814.43643189  827.29247955  827.30227951  827.31081281  827.49871205
  827.757411    828.00820997  828.28537551  837.46160482  866.91278493
  867.20441708  867.31098331  948.63695224  948.94685098  949.3105495
  949.81381412  949.97331347  949.98881341  962.15543054  962.52912902
  975.98110759  975.99030756  982.97887911 1008.67124118 1008.87370702
 1009.01130646 1009.14603925 1009.59870407 1022.3495855  1026.74613427
 1047.35911702 1095.37422156 1100.68459994 1101.25379762 1101.26529758
 1104.7977832  1131.61487403 1131.74624016 1131.76007344 1133.90633136
 1158.39296502 1163.3512115  1171.89637671 1171.90677667 1172.1852422
 1218.12388852 1218.54228682 1219.18565087 1219.26228389 1219.27771716
 1221.57087449 1242.52485586 1249.67522675 1258.19842539 1258.60802372
 1259.28612096 1259.41105378 1259.60331967 1259.68811932 1259.75458572
 1259.78561892 1259.99531807 1260.15301743 1260.26678363 1260.40281641
 1260.48548274 1260.51178263 1260.66474868 1260.81821472 1261.00891394
 1261.45614546 1261.63074475 1261.82424396 1261.83547725 1262.03187645
 1262.14194267 1262.28137543 1262.73977356 1262.82367322 1263.38320428
 1263.4915705  1263.81280253 1263.89173554 1264.16026778 1264.99029774
 1265.00356435 1265.67746161 1266.0473601  1268.86768195 1269.08164775
 1277.59194644 1282.87772492 1283.01899101 1283.40245612 1284.74818397
 1285.19648215 1285.42228123 1285.65021363 1285.86281277 1286.16417821
 1288.34950264 1292.38445288 1295.0897752  1295.30780765 1295.45780704
 1295.56733993 1295.71060601 1295.96843829 1296.26860374 1297.16733341
 1297.89913044 1298.1450961  1298.39599508 1298.88252643 1299.07885897
 1299.27212485 1299.34195789 1299.47795734 1299.69892311 1299.84065586
 1300.41582019 1301.09851741 1301.14831721 1301.34504974 1301.5019491
 1301.5355823  1301.60578201 1301.82178113 1301.99538043 1302.02298031
 1302.10421332 1302.181513   1302.42034536 1303.06557607 1303.16687566
 1303.77043987 1303.83450627 1304.00027226 1304.34897085 1305.31126693
 1307.23462576 1308.16738863 1309.05251836 1309.46455002 1309.61641607
 1309.87654834 1310.47481257 1310.7558781  1311.00144376 1311.11010999
 1311.23417615 1311.3783089  1311.47137518 1311.67627435 1311.8597736
 1312.13867247 1318.11454814 1318.44288014 1321.08216939 1327.06471171
 1328.89567092 1336.03830851 1339.87535955 1346.16670061 1351.34071288
 1354.38580048 1354.44106693 1357.98501917 1358.32085113 1362.47896754
 1369.3091064  1370.16683624 1370.27520247 1370.43210183 1374.09865357
 1374.44015218 1374.63381806 1374.95945006 1375.08044957 1375.18794913
 1375.56134761 1376.68314305 1377.76563864 1382.26622032 1393.07597631
 1398.83295288 1409.45764296 1410.25483971 1416.98241233 1424.58528138
 1455.66345486 1455.71802131 1455.77128776 1455.85378742 1455.8819873
 1456.18801939 1456.50831809 1457.00091608 1457.1431155  1458.37551049
 1460.81483389 1462.45489388 1462.68402628 1466.63297687 1467.0350419
 1470.54982759 1479.41295818 1486.16009738 1492.97246965 1493.02976941
 1493.13006901 1493.38663463 1493.41303452 1493.66800015 1501.67856754
 1501.82026696 1502.10726579 1505.02628724 1505.35385258 1505.51988523
 1505.67561793 1505.68478456 1505.84208392 1505.98455001 1507.13531199
 1507.43567744 1507.51734377 1507.5752102  1507.84887575 1507.9355754
 1508.0252417  1508.44853998 1508.89003818 1509.3124698  1509.57730205
 1510.05476677 1510.38729875 1510.96372974 1511.05186271 1511.31966162
 1511.79702635 1512.20399136 1512.46482363 1512.74395583 1512.78495566
 1512.81888885 1513.28582029 1514.18361663 1515.66627726 1519.14519643
 1523.06024716 1523.82351072 1524.69617384 1532.57707509 1533.1393728
 1533.1626727  1535.7676621  1536.1444939  1557.61683982 1557.84187224
 1607.5955697  1607.79786887 1607.90033512 1607.9803348  1609.86789378
 1616.72576586 1618.6722246  1629.69857972 1646.58121099 1656.91726891
 1657.4782333  1658.54459562 1676.1465573  1678.02868297 1681.42120249
 1683.18556198 1687.90494277 1688.25587467 1692.023426   1696.26857538
 1698.75276527 1699.05436404 1703.63807872 1717.22082342 1718.52548478
 1730.33237005 1732.30706201 1736.56804466 1736.81074368 1741.68412384
 1742.02442245 1742.0947555  1743.22895088 1755.28576847 1757.67902539
 1757.69032534 1761.61810935 1767.65651811 1775.07665457 1775.31155361
 1775.38535331 1775.64728558 1775.84345144 1776.47354888 1776.95494692
 1786.1635761  1810.55207682 1814.7390931  1814.94549226 1830.72109471
 1866.08985073 1868.60814048 1898.25328646 1914.68031959 1917.43114172
 1920.4002963  1926.56263788 1933.06804473 1933.37281016 1949.4192115
 1975.94080354 1975.9988033  1976.15930265 1976.32496864 1976.72316702
 1976.73473364 1977.31299795 1978.90079149 1979.67935498 1993.23446647
 1993.71333119 1993.84656398 1994.08592967 1994.30379545 1994.61542752
 1994.82775998 1998.81564375 1999.79267311 2005.66178255 2013.63375009
 2013.94368217 2014.08418159 2014.42798019 2014.60717946 2015.75334146
 2017.63326715 2018.11199853 2018.25319796 2018.61066317 2019.06036134
 2020.34048946 2030.45568161 2030.81621348 2033.79993467 2037.03065485
 2037.73638531 2038.09741717 2046.71861541 2047.05791403 2053.78175332
 2058.29566828 2058.37726795 2058.54073395 2060.08752765 2060.44292621
 2067.98462884 2077.49615678 2077.72638918 2077.80042221 2078.14258749
 2078.33822002 2079.0071173  2079.22634974 2080.10931281 2080.12227943
 2080.28064545 2089.24230897 2098.12423948 2105.46450959 2121.78284316
 2122.57717326 2129.192613   2147.02920706 2149.67582961 2159.81498834
 2160.02488749 2166.67119376 2169.53341544 2169.76891448 2170.77444372
 2213.40893683 2215.00039702 2215.20766284 2215.87659345 2216.13212575
 2216.36665812 2217.44805372 2217.59005314 2218.17258411 2219.54711184
 2219.69864456 2220.22620908 2220.44940817 2222.7915653  2238.53490121
 2239.44329752 2239.67439657 2239.84086256 2239.90779562 2240.41666022
 2240.50579319 2241.699955   2241.88468758 2247.10826631 2248.42399429
 2254.33260357 2255.37456599 2257.90688902 2281.5833593  2282.47458901
 2304.40763305 2304.73223173 2305.15629667 2305.27066287 2307.52595369
 2307.6060867  2307.7210529  2307.94975197 2308.03658495 2309.02198093
 2309.42351263 2310.29547575 2318.05664416 2324.4336182  2324.45635144
 2324.78711676 2324.94714944 2325.19241511 2338.51259422 2338.6232271
 2345.14980053 2345.37953293 2347.41959129 2370.77606287 2370.92736226
 2371.09362825 2382.9952798  2383.25827873 2408.9589741  2420.82639246
 2446.26472224 2481.06324724 2481.10601373 2481.3593127  2481.57294517
 2481.67561141 2482.55010785 2482.76327365 2483.3490046  2484.03996846
 2484.60789948 2484.69006581 2484.92919817 2492.76749959 2504.8998502
 2505.24024882 2526.39529603 2574.05843533 2604.76351034 2620.94857778
 2625.50605923 2635.90158358 2667.3297223  2667.47678837 2667.57245465
 2667.96828637 2668.29211839 2669.61397967 2669.74374581 2669.9678449
 2670.3843432  2671.09977362 2671.47240544 2672.83186657 2672.8504665
 2672.86446644 2673.1450653  2686.6632436  2686.83250958 2689.36096595
 2690.17916262 2700.26105491 2761.62153845 2762.01713684 2762.25513587
 2777.47314059 2811.76626765 2815.35925303 2815.4396527  2815.56141887
 2816.49528174 2816.94064659 2827.09843857 2830.28999224 2845.49469702
 2852.60533474 2870.46072871 2882.24288075 2884.33160558 2886.67026273
 2887.11592758 2887.24112707 2905.69795193 2907.96414271 2908.48197393
 2910.74413139 2911.53952815 2911.82066034 2915.79967748 2923.62114564
 2923.99554411 2926.50836722 2926.6265334  2927.12079806 2946.86808434
 2947.26644938 2947.81288049 2962.25302171 2964.10254751 2997.31787896
 3028.48941873 3052.83491962 3053.12755177 3053.75564921 3053.92601518
 3054.75331181 3062.89394534 3069.9862498  3083.24972914 3108.22242748
 3108.65775904 3124.02879647 3140.96872751 3141.6019916  3142.62488743
 3144.11164805 3144.3847136  3144.91324478 3174.30002515 3186.28187638
 3186.33140951 3192.22108553 3192.51785099 3234.5298133  3256.9645553
 3266.80461524 3330.69568848 3358.4413422  3363.36148884 3363.88388671
 3368.60036751 3381.02711692 3383.06537529 3394.61739493 3396.45655411
 3397.97464793 3412.24548984 3417.16070316 3418.47743113 3418.74623004
 3419.30822775 3419.49309367 3420.30379037 3420.45075643 3420.75198854
 3422.09228308 3423.18277865 3435.12926335 3442.22093448 3487.45001702
 3487.85771536 3487.93428172 3493.5236923  3512.49034842 3516.6204316
 3519.17912119 3637.18804079 3676.61674694 3678.16014066 3742.35297934
 3807.71111327 3866.72430637 3905.00245055 3908.36933684 3939.00151214
 3944.50552307 3944.9068881  3967.18496407 4116.55702266 4141.56792085
 4252.88716768 4332.1358784  4369.35899354 4468.58315627 4518.83628503
 4716.18361499 4742.1209094  4746.72999063 4879.68461606 5045.69597358
 5074.25702398 5306.63821131 5379.89651308 5380.18551191 5443.81535288
 5456.84223318 5570.8828356  5603.77093505 5634.49167666 5652.53370321
 5688.62615628 5909.50249045 6000.65971936 6008.97171886 6073.87808796
 6083.14335025 6125.9622426  6146.55095879 6149.33028081 6157.37424806
 6192.04437359 6219.83616045 6237.07529027 6237.36858908 6257.69320634
 6265.80307333 6266.60247007 6286.48258914 6315.00367304 6322.30007667
 6373.07033665 6384.00049216 6384.26429108 6495.3657388  6495.61560445
 6538.38289702 6562.80476427 6607.2988498  6617.13280977 6683.39354003]"
447,664851_2023-11-16_D-313,PL,True,"[  23.76195064   23.85995024   24.14218242 ... 6690.89367616 6691.02517563
 6691.42197401]"
448,664851_2023-11-16_D-319,PL,True,"[  20.13383207   20.21503174   20.42993087 ... 6691.22100816 6691.31267446
 6691.33710769]"
449,664851_2023-11-16_D-320,PL,True,"[  34.60127318   34.77857246   34.96123838 ... 6669.13833139 6669.91346157
 6679.92755414]"
450,664851_2023-11-16_D-322,PL,True,"[ 335.02768351  495.10293186  667.91352837 ... 6658.2211425  6662.04046029
 6667.44573828]"
451,664851_2023-11-16_D-325,PL,True,"[  54.19896006  210.16982512  316.13516042 ... 6685.45666496 6685.47329823
 6686.48816076]"
452,664851_2023-11-16_D-329,PL,True,"[  36.9940301    53.970161    167.09613381 ... 6660.57306626 6678.45636013
 6679.80232132]"
453,664851_2023-11-16_D-331,PL,True,"[  26.60840572   60.08260278   67.72187168 ... 6654.07455938 6674.24234395
 6691.21674152]"
454,664851_2023-11-16_D-332,PL,True,"[ 218.40855825  276.7963539   279.92810781 ... 6538.1502313  6543.06257797
 6548.98128721]"
455,664851_2023-11-16_D-333,PL,True,"[  24.9331792    24.95997909   25.229178   ... 6685.59153108 6686.90179241
 6691.01467567]"
456,664851_2023-11-16_D-334,PL,True,"[ 279.73300861  316.35019288  356.48906281 ... 6558.95767993 6621.97672338
 6626.54797144]"
457,664851_2023-11-16_D-336,PL,True,"[  29.61596014   29.72072638   29.74929293 ... 6691.05120886 6691.11200861
 6691.78300588]"
458,664851_2023-11-16_D-338,PL,True,"[  24.0649494    24.09991593   24.69111352 ... 6691.51290698 6691.6132399
 6691.70030621]"
459,664851_2023-11-16_D-343,ACAd,True,"[  43.52403685   70.46019387  136.86755686 ... 6690.06464621 6690.20547897
 6690.35657835]"
460,664851_2023-11-16_D-345,ACAd,True,"[  40.83878112   41.0230137    52.25253465 ... 6679.91552085 6680.62118465
 6683.21700741]"
461,664851_2023-11-16_D-348,ACAd,True,"[ 163.609948    204.72818061  310.55558313 ... 6684.48200226 6684.87620066
 6685.05803325]"
462,664851_2023-11-16_D-350,ACAd,True,"[  35.08053789   40.50938246   41.08981343 ... 6686.96932547 6688.02668783
 6690.6383772 ]"
463,664851_2023-11-16_D-351,ACAd,True,"[  20.30569804   20.52416382   20.80242935 ... 6691.38077418 6691.60723993
 6691.7930725 ]"
464,664851_2023-11-16_D-353,ACAd,True,"[  34.35414085   40.47101595   44.67439884   65.28074829   66.33947731
   77.84026382   84.42600368   84.43313698   90.24021334  103.15166078
  107.69747561  109.9527331   110.30623166  116.40880682  123.3485119
  123.37037848  123.39101172  123.69414382  123.70071046  127.75542729
  135.16879711  136.26005934  141.73953703  153.0307244   155.10818261
  156.62790975  172.85137704  180.45077944  180.46031274  185.01776085
  188.00868201  190.63160466  190.83970382  201.00049579  230.36787623
  230.85827424  238.35714371  243.95825424  264.39437105  269.63288306
  273.36853452  302.79771471  305.87686885  312.79890733  316.51945885
  337.68190604  450.77681231  452.6863712   463.44589407  489.41708834
  489.66662066  496.45079304  498.15978608  500.80607531  500.84510849
  504.81559232  623.95570732  629.64641748  636.23745732  636.28165714
  646.91561385  660.72119098  667.16329809  674.25146923  686.35568663
  691.09113402  691.10076731  691.13176718  730.72473934  738.14654246
  754.5781089   758.34912688  764.2811694   787.51730814  793.31288455
  797.28356838  806.62359703  806.65166358  806.66493019  824.73212331
  836.64624148  845.32653947  848.1705279   857.24672428  859.97511317
  865.92735561  865.94422221  903.02810458  925.65107915  951.7501729
 1020.76442529 1020.84555829 1021.04915746 1032.64767691 1035.24469967
 1117.02026677 1153.72778401 1174.2661004  1187.97157794 1187.98011124
 1196.5872762  1206.78633468 1219.11798448 1259.56675315 1267.66665351
 1299.27142485 1393.42787488 1393.44347482 1419.73746778 1434.77630656
 1452.6075673  1465.35448208 1465.41481516 1472.06675475 1479.65615719
 1481.20378422 1487.49392528 1520.03132616 1542.87933315 1552.68565989
 1560.3734286  1564.39871221 1584.6585964  1605.63784433 1605.66381089
 1680.00187494 1703.50784591 1709.94001973 1714.0259031  1726.58315198
 1735.09385066 1739.21653388 1749.99215668 1751.26221818 1773.68889355
 1781.19962964 1793.99877754 1803.63620497 1809.54008094 1821.3080997
 1861.5612025  1933.04931148 1951.25283737 1955.57248645 2006.05828093
 2025.55263491 2025.79583392 2032.45994012 2037.56278601 2043.72076095
 2048.72467391 2051.50079594 2057.03187342 2066.48446828 2093.23252606
 2112.04038282 2121.78590982 2166.8244598  2216.63012372 2229.67390395
 2229.68927056 2229.71063714 2229.75180363 2232.96379056 2247.18209934
 2271.93383192 2271.94389854 2281.53389284 2291.28068649 2374.49764772
 2388.96258884 2389.01175531 2389.2913875  2389.86321851 2390.77844811
 2395.47476233 2416.80094218 2427.68019789 2432.76491052 2432.86364346
 2440.07644743 2446.17995591 2457.81214189 2478.06035947 2478.70522351
 2478.74885666 2507.29977377 2515.42757401 2524.42683738 2524.44080399
 2531.45820876 2539.995174   2548.71380518 2551.8433591  2553.78135121
 2558.59549828 2561.06438823 2561.4727199  2563.73871068 2567.04713054
 2567.40099577 2571.59004538 2577.58538764 2578.12078546 2584.85482472
 2592.01362891 2597.29927406 2599.62639792 2630.51667217 2630.53280543
 2630.56097199 2630.59390519 2630.61413844 2640.2677658  2655.32227119
 2662.53447516 2667.18445623 2669.83881209 2672.47546802 2689.70716454
 2704.15553906 2728.20387449 2743.35294616 2752.64957498 2762.68093414
 2763.07486587 2766.07275367 2807.87251684 2821.02472996 2826.53904085
 2826.56334075 2834.05771024 2838.73005789 2843.35913904 2854.69662622
 2856.32865291 2858.67987667 2863.0057924  2872.63118655 2883.32160969
 2883.58957527 2883.87127412 2903.32226161 2913.27845441 2935.00163264
 2945.62962271 2947.73581414 2955.86438105 2957.69364027 2961.06452654
 2966.72030352 2966.73153681 2973.54237575 2977.00579498 2997.32131228
 2998.76080642 2998.78003967 3012.18408511 3013.65691245 3015.70687077
 3043.04832613 3048.57197031 3050.28309668 3053.10898517 3059.80085793
 3060.69858761 3075.33149471 3075.83995931 3078.51601508 3082.5558653
 3083.63642757 3086.75578154 3110.46601835 3125.95115531 3128.19101286
 3128.42074526 3146.14363977 3151.69668383 3152.53598042 3152.56194698
 3173.06383018 3174.06609277 3187.5767711  3198.52115988 3209.96871328
 3217.19735052 3217.39611638 3217.69754849 3219.27047542 3243.71714256
 3260.86193944 3268.1504431  3273.91975295 3277.85157027 3291.65241409
 3292.95364213 3295.52576499 3311.24790099 3313.4715586  3323.34748506
 3333.78414258 3349.07278034 3349.08384696 3363.62025445 3384.66280212
 3386.22082911 3398.07334753 3404.39325514 3443.25913025 3444.37895902
 3462.1852532  3476.41846193 3487.33188417 3508.35043194 3509.15999531
 3525.61502832 3533.4899296  3550.97492508 3551.06529138 3553.6318476
 3554.01744603 3556.78216811 3558.46036128 3560.67248561 3560.6898522
 3560.71308544 3569.2054842  3571.14434298 3578.69257892 3591.47216023
 3598.47289839 3611.00061406 3615.98886042 3622.44483414 3623.2490642
 3624.42205942 3636.42604389 3640.21006182 3643.99384642 3652.34504575
 3656.87116066 3671.67760038 3676.01281607 3685.14181224 3685.95640892
 3686.69933923 3692.43488255 3700.52464962 3703.23537192 3710.91114067
 3732.8805179  3737.40293282 3745.61633272 3751.18147673 3753.11763552
 3753.41023433 3760.63130493 3771.90265905 3788.50745812 3788.52212472
 3792.69860772 3797.21795599 3806.11895309 3814.93691719 3857.12454545
 3871.73991929 3905.2012164  3910.54349466 3912.59198632 3918.30612972
 3927.9495238  3933.53063441 3933.68543378 3937.29068577 3938.95747898
 3955.84594357 3961.37378773 3968.022494   3988.04577915 3993.25622461
 4008.81892792 4012.28348048 4027.37305239 4036.80924731 4041.12432974
 4041.40329527 4042.42575778 4046.27350878 4051.93488573 4053.58297902
 4056.64006658 4067.02909095 4069.37914805 4083.46439071 4089.36000005
 4099.83325741 4099.94725695 4103.90894082 4109.40741844 4109.65028411
 4118.41828175 4124.87738879 4128.86670589 4130.17946721 4130.36786644
 4131.1155634  4131.12826335 4136.27587572 4136.63114094 4136.88993989
 4139.44416283 4144.76030785 4145.39610526 4145.44107175 4145.7717704
 4151.75674604 4156.6303262  4159.32208191 4171.5086323  4181.86819012
 4185.21870982 4195.48930134 4200.3065484  4217.22567952 4218.01060966
 4226.71610755 4231.53298794 4234.12561072 4243.69913842 4254.36079501
 4256.44431987 4259.05364258 4265.94701451 4272.95518598 4278.37723058
 4278.75912902 4281.18381915 4290.24778226 4292.42700672 4300.30720797
 4303.60356122 4310.74606548 4316.7008079  4322.62695044 4323.26601451
 4324.64647556 4324.77287504 4326.31456876 4358.08610609 4364.05488179
 4370.76495448 4372.74751307 4375.47496864 4382.31327413 4386.04242562
 4386.63218989 4389.07434661 4401.32033009 4419.21025726 4422.41264423
 4422.60111013 4454.08804861 4456.64550487 4466.40296515 4472.70707282
 4477.25158765 4479.75881078 4479.99614314 4482.25750061 4488.2853094
 4494.81734948 4495.07318177 4497.6127381  4503.10314908 4506.65886794
 4509.14782447 4509.44912324 4509.8454883  4511.05178339 4512.44437772
 4516.27896211 4525.93605613 4525.95282273 4525.96625601 4526.05952229
 4526.43958741 4545.91704145 4547.13830315 4552.91064632 4557.85339286
 4571.14210543 4577.09721452 4580.29066819 4582.04562771 4583.23232288
 4584.70838354 4594.56461008 4602.70487694 4604.30687042 4635.21541126
 4639.1699285  4645.50833603 4647.01089658 4657.84975246 4658.9350147
 4663.78626162 4666.98488193 4672.18909408 4673.38935586 4684.12947881
 4691.41701581 4693.78383951 4693.84117261 4694.98253463 4697.9863224
 4702.22277182 4703.34063393 4716.89767874 4731.96005076 4731.96471741
 4739.26025438 4741.73481097 4742.58940749 4743.50920375 4745.27049658
 4748.60898299 4752.32003454 4755.24062266 4758.72307515 4765.90404591
 4770.26962814 4770.97389194 4774.77427647 4778.65436067 4785.62746562
 4789.43711678 4790.58414544 4796.10195631 4802.09203193 4806.73564636
 4813.78738432 4825.66253598 4832.93470637 4838.183785   4844.43585955
 4853.70478849 4853.73295504 4855.68431376 4856.98690846 4865.23180823
 4865.41364082 4874.55893692 4883.90076556 4887.79474971 4889.63577555
 4890.82467071 4892.55969698 4897.57564323 4907.50493614 4910.58135695
 4910.72855635 4912.57828215 4915.19733816 4924.0368355  4925.44402978
 4927.5020214  4940.66660114 4940.68266774 4940.69660102 4941.87679621
 4946.31224482 4948.4646694  4949.85916372 4958.58742819 4966.13926411
 4968.76395343 4981.83593354 4987.95894195 4991.13216237 4996.15744191
 4998.38239952 5003.41297904 5003.61741154 5009.78648643 5015.1727645
 5017.08575671 5023.06826569 5024.39069364 5027.14184911 5036.85970955
 5038.878768   5039.86296399 5041.15959204 5045.01654301 5050.69995321
 5050.8089861  5050.8236527  5050.9380189  5057.16356023 5059.13538553
 5060.41964697 5061.79234138 5067.44165172 5067.78015034 5068.2969149
 5069.50320999 5072.46239795 5073.61679325 5075.00902091 5078.29347421
 5079.19063722 5079.37090316 5079.65973531 5088.27590024 5093.82634431
 5098.15099337 5099.57525424 5107.1504234  5117.02068322 5118.34721116
 5121.17086633 5123.54385667 5133.70888195 5135.10730959 5136.86126912
 5137.57436622 5138.89912749 5138.91012745 5150.77004583 5151.50257618
 5155.87439172 5168.41344068 5173.98481799 5177.16357172 5177.18893828
 5184.64920791 5184.67837446 5184.69200774 5196.68029227 5213.33955779
 5221.35399183 5231.29618469 5241.91170814 5246.20919064 5248.05858312
 5248.64134741 5253.10469591 5259.52910309 5285.37013122 5287.18992382
 5289.53581427 5289.61308062 5294.7182265  5297.71584763 5298.0029798
 5299.72540612 5302.14636293 5302.90842649 5308.38770419 5308.44160397
 5309.29130051 5314.2405137  5314.77557818 5317.8096325  5324.24040632
 5328.05075748 5329.560318   5332.67727198 5339.03921274 5340.70690595
 5354.42898343 5354.78441531 5361.96835274 5367.55989664 5370.9582828
 5389.41337434 5400.98289391 5402.63402052 5421.25824471 5435.41295375
 5438.66947383 5446.77694082 5461.13254905 5469.45428184 5471.88913859
 5482.14573017 5484.41575427 5492.49575471 5493.04545247 5494.42618018
 5513.13657068 5523.12336336 5527.43627913 5544.19084426 5550.06548701
 5552.93040868 5566.91358509 5569.38350837 5570.93933537 5571.08956809
 5573.10822654 5579.69173307 5580.24693081 5580.26309742 5580.53952962
 5607.16028792 5612.20573405 5622.09212713 5628.83549968 5629.26206461
 5629.34416428 5630.9183912  5653.15696734 5653.31553336 5658.19818015
 5658.47367903 5661.14123484 5665.03195233 5665.86108229 5672.07802365
 5684.89353814 5685.63333513 5710.20300178 5710.46376738 5712.51772569
 5718.76920024 5721.37938961 5721.88825421 5722.2591527  5722.39748547
 5735.02723405 5741.67364033 5743.71556535 5749.47474191 5750.9907024
 5760.9062287  5763.56528455 5766.93277084 5768.68009706 5769.97825844
 5770.31202375 5770.84152159 5770.88502141 5770.89978802 5779.12942119
 5783.33137075 5789.54664545 5793.5611291  5819.63108964 5819.68588942
 5824.57913617 5824.59426944 5827.85062285 5830.41664574 5830.74651106
 5835.51182499 5838.13231433 5853.71361756 5855.02151224 5860.88698836
 5870.87984768 5872.49374111 5880.69344106 5884.06752733 5902.33611963
 5903.24561592 5911.68614823 5914.08100515 5921.11447651 5922.52007079
 5928.3246805  5928.49104649 5929.52570894 5933.70502526 5949.04499615
 5961.54737858 5967.02738961 5978.49374293 5979.96410361 5981.67063
 5982.93519152 5983.00372457 5984.66735113 5995.18497498 5999.24622512
 6003.43834138 6019.53574252 6026.27711508 6059.8257785  6067.76431285
 6069.21970693 6073.77185506 6079.00450043 6099.169785   6100.13518107
 6101.12517704 6101.15634358 6103.58176704 6106.13412332 6112.47179752
 6113.52115992 6115.13642001 6116.39188156 6116.72504687 6119.28496978
 6119.54406873 6119.62906838 6125.62614397 6127.88070146 6130.35662471
 6130.75478976 6130.77322302 6130.78132298 6132.0138513  6132.54688246
 6133.61587811 6134.80687326 6135.23833817 6136.4196667  6139.87935261
 6139.94938566 6140.11175167 6141.64867874 6147.3414889  6147.37752209
 6154.94269129 6155.19165695 6159.16334078 6164.81698443 6166.55357736
 6168.04457129 6174.19954623 6175.14580905 6181.19178444 6181.9371814
 6183.37760887 6184.98223567 6194.07179867 6201.94703328 6202.4000981
 6202.64756376 6211.34462835 6218.86359774 6219.42606212 6280.83354547
 6292.85172988 6293.67039321 6293.6899598  6308.22166731 6312.60678279
 6324.40683476 6324.42490135 6329.21878183 6352.84605232 6358.48079605
 6362.18934762 6363.55524205 6364.36190544 6370.09764875 6378.29408205
 6383.73412658 6394.32475013 6414.82383335 6416.03076177 6433.51885724
 6440.7752277  6442.16185539 6453.16034395 6458.31948961 6461.45284352
 6469.68854333 6481.03749713 6481.23569632 6484.97221445 6485.62244513
 6485.82817763 6485.8602775  6488.36323398 6488.53443328 6507.8283214
 6511.36990698 6512.62873519 6513.94209651 6517.69181458 6521.11203399
 6521.62649856 6523.44682449 6526.02531399 6526.2274465  6526.58391172
 6527.95593946 6528.42847087 6529.31020062 6531.67272433 6531.73065743
 6533.7774491  6534.12911433 6534.47314627 6534.78891165 6534.90111119
 6536.88316979 6537.41120097 6537.69069984 6542.88571202 6542.91261191
 6546.86026251 6546.9602621  6547.42196022 6550.06594946 6550.96381247
 6551.72290938 6552.22704066 6556.56058969 6564.41605771 6570.15386768
 6573.26772167 6576.42924214 6578.37063423 6584.97934066 6591.17061546
 6601.56127316 6601.87903853 6615.07451815 6615.0854181  6615.57321612
 6616.40401274 6624.29974726 6635.3532356  6642.52273974 6644.04346689
 6645.65892698 6645.66679361 6647.58221915 6647.59171911 6648.7397811
 6648.85438063 6649.75334364 6651.64586927 6653.6207279  6658.42414168
 6663.51278763 6670.33252653 6673.5083136  6674.99874087 6675.35273943
 6676.69216731 6676.92173304 6677.47103081 6680.52875169 6681.19221566
 6681.87261289 6682.57677669 6686.91405903 6687.37575715 6688.35201984]"
465,664851_2023-11-16_D-356,ACAd,True,"[  20.13623206   20.67886319   20.78262943 ... 6681.09781604 6681.70731356
 6682.7385427 ]"
466,664851_2023-11-16_D-357,ACAd,True,"[ 165.24944132  185.36649276  214.31000827 ... 6690.94257596 6690.96717586
 6691.70817285]"
467,664851_2023-11-16_D-358,ACAd,True,"[ 164.49101108  164.78594321  217.06413039 ... 6644.75593065 6645.26222859
 6654.7333567 ]"
468,664851_2023-11-16_D-360,ACAd,True,"[  24.88364607   39.67998584   45.61506168 ... 6678.80989202 6679.04765772
 6680.35791905]"
469,664851_2023-11-16_D-361,ACAd,True,"[  20.49433061   20.67779653   20.72002969 ... 6684.81976756 6686.24652841
 6687.70908913]"
470,664851_2023-11-16_D-362,ACAd,True,"[  25.94140843   41.11444666   84.53366991 ... 6650.74033962 6676.52123467
 6682.91500864]"
471,664851_2023-11-16_D-364,ACAd,True,"[  24.91021263   25.08161193   26.57040587 ... 6691.62340653 6691.66697302
 6691.70283954]"
472,664851_2023-11-16_D-365,ACAd,True,"[  20.14056538   20.37509776   20.5457304  ... 6680.5991514  6681.4180814
 6682.03667889]"
473,664851_2023-11-16_D-366,MOs,True,"[  20.19063184   21.17069452   21.45916001 ... 6684.23083662 6685.84169673
 6688.87405105]"
474,664851_2023-11-16_D-370,MOs,True,"[  20.26359821   20.91182891   24.80984637 ... 6691.40874073 6691.51094032
 6691.69017292]"
475,664851_2023-11-16_D-372,MOs,True,"[  20.18079855   20.37219777   21.5098598  ... 6691.24797472 6691.50534034
 6691.65957305]"
476,664851_2023-11-16_D-376,MOs,True,"[  24.96924572   24.97451237   24.97881235 ... 6686.30242819 6688.15545398
 6688.94841742]"
477,664851_2023-11-16_D-380,MOs,True,"[  34.23124135   34.27850783   34.29154111 ... 6681.22854884 6682.8930754
 6688.81711795]"
478,664851_2023-11-16_D-381,MOs,True,"[  24.89957934   40.96828059   43.1109052  ... 6673.2298814  6682.2963445
 6687.50508996]"
479,664851_2023-11-16_D-382,MOs,True,"[  33.00131302   33.00874633   52.81729902 ... 6688.0016546  6688.17392057
 6688.76988481]"
480,664851_2023-11-16_D-383,MOs,True,"[  21.21196102   23.76551729   24.75537993 ... 6689.18338313 6690.20177898
 6691.15844175]"
481,664851_2023-11-16_D-385,MOs,True,"[  35.96766762   54.66059152   55.20298931 ... 6680.55331826 6680.63588459
 6681.82911306]"
482,664851_2023-11-16_D-388,MOs,True,"[  20.1843652    20.19286517   22.02975769 ... 6679.46685601 6679.74102156
 6679.92668748]"
483,664851_2023-11-16_D-390,MOs,True,"[  20.18429853   32.23804946   34.12914177 ... 6689.13928331 6689.82441385
 6691.17217503]"
484,664851_2023-11-16_D-396,MOs,True,"[  20.26123155   26.57697251   29.48866066 ... 6689.10448345 6689.22384963
 6689.34121582]"
485,664851_2023-11-16_D-402,ORBm,True,"[  41.24004615   41.41164545   44.56699928   49.31127996   50.3169092
   57.75544559   58.80347465   72.48745228   74.13367891   96.20765572
   96.35578845   96.86445304  101.65880019  104.34775591  115.3892443
  140.84654067  145.79465386  156.60370985  159.02196668  169.41152438
  173.40744145  180.89101098  181.74087419  183.19190162  184.28856382
  185.74299123  185.87415736  186.82785348  205.42014446  212.76938121
  218.08765956  225.93646094  233.52776337  244.21941985  246.89857561
  256.34953713  261.91218115  269.72978266  271.82017415  288.33260693
  289.56750191  301.52415323  314.87413222  325.95365378  326.87925001
  331.0756996   336.45667769  340.06599633  348.5067953   350.04412238
  360.00288184  366.45295558  368.64244667  377.5193772   399.83438636
  409.12408187  420.87793402  421.93772971  425.70298105  433.30095012
  448.17195625  474.28234995  482.63561595  502.81300047  512.01169636
  513.47019042  549.06981217  553.32599484  556.04335045  556.49234862
  556.92111354  560.25849995  578.98465705  583.52873856  588.67815093
  603.16219196  611.43782494  618.01333151  620.95741952  624.71970421
  658.91399834  663.92557794  670.02948642  683.65349763  685.34295742
  692.92599321  714.73253777  748.94019852  764.46486865  772.51810254
  772.82576795  772.85273451  773.89839692  783.01192648  795.94687383
  804.15077376  808.02549132  811.54204367  813.97883375  818.81241408
  819.97454268  821.2946373   823.15752972  824.22272538  842.57351735
  842.69005021  844.4513097   846.37166855  846.57300107  870.39383743
  893.69287591  896.96392926  897.48909379  911.1444382   933.98967854
  944.77886795  959.2763756   977.66663407  987.66146004  992.72327277
 1001.53963688 1010.69886626 1024.75817569 1040.02148023 1040.1668463
 1042.59733641 1043.27130033 1074.18587448 1081.87364318 1087.79315242
 1092.15123468 1094.94218998 1095.348555   1118.85129265 1124.38267013
 1134.65522832 1140.51077115 1143.12209385 1166.68479793 1171.26237929
 1182.56839993 1185.98085271 1192.2558605  1193.56198851 1194.85888323
 1202.28045302 1212.88764317 1216.23996286 1220.55391197 1224.50449588
 1242.43815621 1247.7061681  1286.71730929 1300.82761851 1311.1324099
 1317.10005227 1317.98154868 1346.399533   1349.36562092 1357.89361954
 1362.33873478 1363.05546519 1386.02660501 1403.74593288 1434.59840728
 1440.86634843 1442.51477505 1453.51179695 1461.38836489 1469.28726607
 1487.05389374 1493.96096562 1499.68037567 1503.68749269 1508.14990786
 1512.2834577  1518.34436636 1536.1692938  1536.4394927  1563.19135046
 1584.05999884 1600.04073378 1620.18981843 1630.04391164 1639.95967128
 1678.8643129  1683.06266248 1685.91798419 1686.40931552 1692.19285864
 1692.67502335 1694.47191603 1696.94263931 1700.4153585  1707.92149461
 1711.00618206 1713.39087235 1713.722571   1715.49846377 1717.89372068
 1719.28958167 1720.89197515 1721.36457322 1728.37554468 1729.60860633
 1729.78727227 1731.5881316  1734.42282006 1736.42557858 1736.68574418
 1739.13476755 1739.79849818 1741.71095706 1742.49102055 1747.23643457
 1748.25776374 1749.79795747 1750.11172286 1753.01634437 1753.69747493
 1754.00540701 1760.59331353 1763.72170079 1783.60465318 1787.28943818
 1790.42082543 1812.64880161 1814.86139261 1903.13003328 1929.35572651
 1951.21747085 1952.94046384 1953.25592922 1954.4968575  1965.56304578
 1978.91925808 2022.7130798  2025.95573327 2068.40266047 2104.99774483
 2195.20367761 2222.73709886 2222.82083185 2240.37696038 2257.44475757
 2287.4307355  2287.45643539 2289.02512901 2289.52086032 2291.44298583
 2295.67590193 2296.46239873 2299.11118795 2299.23942076 2299.35845361
 2299.46391984 2305.47472871 2305.68556118 2306.28545874 2308.2282175
 2311.82840284 2312.08646846 2323.80735408 2324.22255239 2324.27685217
 2324.8828497  2338.57129398 2339.06265864 2363.79962461 2371.40449365
 2371.65252597 2371.81455865 2372.08662421 2372.15819058 2374.3397817
 2382.81758052 2383.69777694 2384.52450691 2387.90995979 2390.0195512
 2390.19751715 2408.82430798 2412.46195984 2421.50145638 2455.22798575
 2457.17801114 2460.86086282 2485.67156181 2497.73814603 2501.32063144
 2502.08006168 2507.08707463 2509.91822978 2511.56865639 2511.72425576
 2511.77878887 2515.4396073  2522.48251196 2526.98596029 2537.55248395
 2552.65392247 2554.2181161  2563.67977759 2568.73502367 2600.52289427
 2604.92890966 2609.25805871 2615.08870164 2618.01565639 2648.33746629
 2648.64123172 2654.14867596 2655.54263696 2666.75929129 2679.99273742
 2681.22969905 2683.97062123 2688.66856877 2693.66118178 2695.42464127
 2711.92124078 2720.12530738 2720.33060654 2720.82217121 2721.01520376
 2732.97965505 2742.81704834 2749.17882244 2766.76665084 2783.42398303
 2785.33960857 2797.34025971 2797.54995886 2813.42296091 2814.51785645
 2816.42004871 2835.41757137 2849.08921572 2867.70737326 2905.50611938
 2954.69235248 2972.66401266 2982.6932385  3017.33403081 3023.98367041
 3042.98849304 3112.49357676 3123.38389909 3154.84397102 3155.13236985
 3158.30809025 3167.94105104 3173.59686135 3173.87376022 3174.38289148
 3186.30337629 3191.96998655 3196.85623333 3210.50004445 3242.78047971
 3266.63898258 3275.58957948 3279.60529647 3289.07949123 3295.02010038
 3333.47437717 3376.60393493 3415.20781111 3419.64149306 3419.66285964
 3420.15595763 3433.97066806 3455.04948225 3460.59519301 3478.39762054
 3490.85003651 3490.96443605 3513.50844427 3519.09435487 3519.34485385
 3519.72658563 3525.45449564 3535.11075633 3542.52235949 3573.58496638
 3573.75686568 3580.78080375 3587.34997701 3599.88175932 3600.79165562
 3604.90993885 3605.51926971 3635.56118074 3645.77570583 3655.57889925
 3665.28735973 3674.86892073 3694.95453896 3695.07863845 3713.21459796
 3763.83079191 3770.09693306 3790.03101858 3808.67157603 3817.15817482
 3826.5463366  3834.63973698 3834.9477024  3838.88308638 3858.89200492
 3860.74993069 3860.95516319 3861.20832883 3861.88935939 3864.08001714
 3864.47341553 3864.94418028 3865.92254297 3873.38284593 3874.64730745
 3879.94105257 3885.95819474 3892.772567   3905.46284867 3924.11367275
 3959.33269604 3969.41172168 3983.31469841 3989.00927523 4009.96292326
 4024.69466329 4047.48540385 4069.06288267 4077.51811492 4078.87134274
 4087.16397565 4087.93920583 4089.74506515 4095.94393991 4099.11516033
 4099.5495919  4108.70698795 4116.56055598 4118.97717948 4143.26331395
 4149.40452228 4195.94066617 4195.97826602 4219.14097172 4223.00505599
 4224.0013186  4235.90333682 4248.10872047 4250.24411177 4280.44752215
 4308.07567635 4322.03105287 4323.02524882 4324.84920806 4331.22814876
 4331.62604714 4343.54363196 4343.54769861 4348.40271218 4351.22186737
 4354.87861915 4379.9223172  4392.12046754 4393.4161956  4398.12834309
 4435.82692295 4447.65694146 4448.0651398  4449.79933274 4459.93642481
 4464.16207427 4467.55789378 4485.53925391 4490.01593569 4513.44160699
 4529.3400756  4547.91606665 4632.81228771 4669.82407038 4673.21808989
 4678.54133489 4721.89942505 4725.9485419  4757.16081484 4757.31384755
 4757.64097955 4759.35270592 4760.37586842 4761.22643162 4761.50529715
 4765.61301376 4767.35680666 4768.30770279 4769.82242996 4770.53982704
 4778.77392685 4778.89602636 4782.53457821 4782.72061079 4800.5114717
 4811.49039367 4817.34280318 4818.66346447 4837.98765247 4838.44018396
 4851.01929942 4870.13095495 4910.16439198 4911.87211836 4941.43273135
 4948.29263676 4955.23250851 4957.8318646  4957.8549645  4959.17962578
 4959.34305844 4962.94224379 4970.08261472 4974.7558957  4982.33726484
 4983.11322834 5003.45577887 5010.49781687 5030.034004   5042.70641908
 5046.44253721 5048.96049362 5054.81026981 5060.28218087 5075.75625121
 5133.96638091 5140.5426208  5149.36795154 5154.33553132 5158.36958156
 5178.6906655  5189.27398909 5231.6534499  5243.25230268 5243.48186841
 5244.77609648 5249.97910863 5266.25477571 5272.7416493  5300.081938
 5302.48466155 5313.29711754 5333.58746827 5403.24758469 5447.77717008
 5497.9266326  5505.85816698 5505.94349996 5544.49747635 5604.35359935
 5618.54964155 5674.13578194 5687.84525946 5713.64118778 5730.57478551
 5742.88776872 5748.1263474  5821.90994703 5849.57830106 5865.40800329
 5892.15242775 5900.67749304 5903.23344931 5935.87284977 5936.23288164
 5951.47638625 5955.09550485 5959.99848489 5984.80428391 6019.43487626
 6077.56323963 6163.95802126 6191.98510716 6196.57845513 6219.35596241
 6229.42452142 6265.46190805 6363.92124056 6368.6371547  6479.19043798
 6563.02486337 6568.17447574 6595.5907308 ]"
486,664851_2023-11-16_D-408,PL,True,"[ 111.28279435  133.60637014  237.42364751  266.56209556  295.09847939
  333.29782388  404.81246609  433.61901549  564.73801505  575.74487024
  739.15917167  741.71052795  759.68155479  800.42918891  812.52083969
  832.2107262   836.74987439  867.43474947  867.58331554  872.17739683
  897.18026172  899.11345385  936.63346777  995.14432958 1002.4437332
 1024.63557619 1044.25449633 1059.64380035 1073.14791204 1095.38198819
 1110.53595984 1131.31417525 1131.32040856 1135.04026008 1136.2397552
 1164.04110869 1166.7066645  1168.50272386 1172.35520818 1174.03650133
 1257.74896055 1257.95092639 1258.39379126 1261.9117436  1262.35997511
 1262.54987434 1263.64100323 1274.73989138 1282.80115856 1294.50677758
 1300.94941802 1301.0775175  1338.45256535 1358.20375161 1372.92225836
 1386.4633699  1406.50542164 1410.64603812 1435.72520269 1436.61846572
 1477.81786467 1484.42253779 1484.46890426 1498.74704614 1520.42342456
 1544.38019371 1629.40351425 1637.16618265 1642.45432779 1653.4393164
 1653.46278298 1656.06383905 1668.97925314 1674.87452914 1675.4500268
 1679.51547692 1696.05057627 1696.08614279 1717.1525237  1719.62724696
 1734.27722066 1741.9950559  1742.57128689 1761.50400982 1770.4576067
 1771.08943746 1784.99854751 1787.20337187 1787.27057159 1793.87621137
 1822.5020615  1847.7215255  1885.63903781 1927.34870135 1932.36691426
 1968.92289877 2024.32347324 2031.43477763 2065.88823737 2124.21166661
 2127.54505304 2132.16993421 2168.7012855  2185.23468486 2207.99392554
 2215.95552646 2220.19904252 2221.25420489 2229.79960344 2237.01307407
 2239.19759852 2246.3013696  2253.69193951 2264.53032872 2264.64102827
 2264.68069478 2268.14578067 2268.32237995 2282.18969017 2309.46814579
 2316.73171622 2325.5293804  2328.9449665  2334.94324208 2350.5035454
 2429.10372543 2432.21611276 2465.95987539 2479.56808666 2480.49601622
 2482.2367758  2482.60970761 2488.72704938 2504.30408596 2505.52341433
 2507.92267123 2536.44588845 2541.68650045 2560.69002309 2563.03924686
 2571.58247875 2571.75644471 2572.28630922 2574.32246759 2574.43150048
 2577.16352269 2584.2616938  2593.69142208 2603.92931373 2607.20060042
 2607.86146439 2624.00193202 2633.80795877 2646.88867218 2664.24756818
 2676.8297503  2679.01994138 2702.57177884 2733.08832128 2733.21852075
 2744.63707426 2748.65259125 2748.67649115 2752.71804136 2783.53511591
 2813.65822662 2838.50825879 2852.70210101 2862.11099604 2867.10340905
 2870.35786247 2883.14837706 2887.99295734 2891.53497626 2901.89563408
 2906.13265016 2918.14593459 2929.20565624 2929.97821976 2936.14586132
 2942.27990301 2943.05159987 2948.13777917 2948.32154509 2952.46542822
 2963.49688331 2971.07981911 2974.7409042  2998.99673879 3000.00056804
 3002.93762275 3016.64690027 3026.89715855 3026.99582481 3048.86520245
 3064.79387094 3066.17899863 3066.8916624  3070.19334896 3081.01403824
 3086.41228293 3091.12456375 3093.84415268 3109.74358795 3143.15178529
 3143.45398406 3154.95683723 3157.62385971 3166.80005568 3168.44608232
 3183.81625308 3187.31333884 3195.81143758 3198.75842558 3199.83805452
 3213.66323158 3239.105928   3253.51436935 3254.95486348 3274.45695076
 3280.17669414 3322.81212058 3325.17641095 3336.8896966  3342.79803922
 3360.36766769 3360.5470003  3364.79611633 3372.55211809 3382.29937841
 3387.51822383 3392.92203517 3393.96203093 3393.96533092 3415.236211
 3418.28369859 3426.79446394 3426.82019717 3441.02593934 3464.40927748
 3479.23275047 3486.4325545  3486.66105357 3487.68254941 3488.08108112
 3513.45877781 3513.78404315 3520.73874817 3521.48964512 3555.97480473
 3558.07746284 3558.56116087 3566.33822921 3567.96522259 3623.61186272
 3624.25016012 3631.59273023 3638.84220072 3649.22112514 3652.64024455
 3652.96327657 3661.54227498 3667.48588412 3683.62478508 3706.36309252
 3722.04439535 3731.11472509 3736.79970195 3737.58036544 3741.44468304
 3755.67202512 3760.24543983 3787.03289745 3787.95229371 3791.32681331
 3807.41711447 3808.7369091  3836.46342956 3841.41327608 3847.49575132
 3847.63578408 3853.66125955 3862.58708988 3872.9482477  3880.01845225
 3897.54644756 3908.51296959 3910.08382986 3910.25876248 3913.31035006
 3916.10430535 3920.89005254 3942.74919688 3950.51383194 3950.53839851
 3955.24504601 3961.92791881 3979.80197938 3979.85437916 3980.21751102
 3980.29247738 4001.66535704 4060.64645027 4061.91761176 4100.86881986
 4113.39813552 4113.74576744 4118.17878273 4149.69712109 4158.14258671
 4164.50209415 4277.68900005 4282.66597979 4282.69247968 4290.43441483
 4305.20378804 4322.71841674 4323.17568154 4365.49667593 4376.59513074
 4408.88703262 4413.26424814 4413.98587853 4424.78393457 4435.77302317
 4454.08464863 4467.6182602  4468.6591893  4468.67058925 4478.72214833
 4480.08900943 4493.20975602 4500.54952614 4512.91080915 4541.84859135
 4546.20930693 4546.88620418 4549.21672802 4549.68745944 4566.89342273
 4596.08917054 4600.13275408 4601.26694946 4620.19147242 4639.20816168
 4644.4112405  4653.37320401 4663.85689467 4728.32143224 4740.23541707
 4781.62214859 4793.88196535 4799.3405098  4819.65252711 4825.18043794
 4837.96531923 4848.40107674 4874.66936981 4875.05110159 4900.86052985
 4909.05762982 4912.65601517 4945.33681546 4962.84781084 4993.94385092
 5003.54191185 5014.86589908 5016.4838925  5021.10694034 5023.80242937
 5024.77599207 5025.66828844 5030.53366863 5048.1381303  5048.17253016
 5080.55633166 5082.92012204 5095.16673885 5099.4874546  5150.45324712
 5179.56432861 5198.63155099 5214.8016185  5215.24821668 5254.10995848
 5254.18512484 5261.59996132 5263.59905319 5299.49540706 5327.23006082
 5333.25423629 5360.66439138 5364.12611062 5376.53126012 5377.78555501
 5384.10952927 5384.19459559 5397.96943951 5399.73013234 5427.48278603
 5430.60443999 5452.81578291 5455.9112703  5468.32055312 5470.20571211
 5471.49140688 5490.92682776 5491.17302676 5491.3763926  5493.26315158
 5493.56801701 5498.45223046 5523.66512782 5527.03828075 5538.08460245
 5539.75536232 5552.96377521 5554.36750283 5560.42391151 5567.49798271
 5571.47536652 5572.19543026 5573.34299225 5606.46295743 5609.22784617
 5615.70958645 5619.86710286 5621.31226364 5625.88937834 5633.57508039
 5638.83235899 5639.47482304 5639.83175492 5645.57203155 5648.98451766
 5657.32961702 5660.79293625 5669.23743521 5677.74133393 5697.76095243
 5704.02436026 5735.20856665 5740.85601033 5741.6411738  5748.10488082
 5762.30015636 5766.6876385  5767.60493477 5779.7075855  5786.4377581
 5788.46458318 5811.82695474 5819.08722519 5837.63031637 5843.05082764
 5845.74988332 5846.70631275 5856.0867079  5894.86828336 5900.17042844
 5903.20134944 5908.85142644 5921.6411077  5932.52596339 5941.90429188
 5944.68534723 5944.77364687 5960.76991508 5964.88583166 5976.88638281
 5999.56635715 5999.65372346 6011.8680404  6016.40105528 6027.83977538
 6110.00884088 6117.54037689 6118.25627397 6125.98770917 6152.12103611
 6166.66994355 6193.94563252 6218.40246629 6222.26701722 6226.9485315
 6253.83198873 6262.25135445 6296.91631333 6297.6033772  6302.22232507
 6312.04465175 6313.0972808  6334.09729531 6351.21282563 6352.77641927
 6362.25031403 6368.29135611 6368.62498808 6370.46421393 6370.48454718
 6380.19637431 6399.85342762 6445.75110744 6473.04629633 6489.84586127
 6489.89952772 6489.9694941  6490.52222519 6490.56149169 6492.31568455
 6492.46258395 6493.53094627 6497.61122966 6497.8227288  6499.09205697
 6511.21284096 6512.81780109 6522.80162711 6536.14707279 6542.50691356
 6554.96709617 6555.76029294 6562.93876372 6566.19581713 6566.33694989
 6575.398113   6592.09737835 6592.88680847 6598.54848542 6600.58374381
 6604.46659467 6612.13386345 6621.77525754 6635.26080264 6643.20857028
 6649.59704428 6660.24306761 6679.27299014 6689.74748083]"
487,664851_2023-11-16_D-409,PL,True,"[  22.39538953   32.67921434   33.97837571 ... 6690.94817594 6691.09297535
 6691.17020837]"
488,664851_2023-11-16_D-410,PL,True,"[  23.06438681   23.0830534    49.22664697 ... 6681.05958286 6681.68254699
 6682.69057622]"
489,664851_2023-11-16_D-411,PL,True,"[ 131.54587853  137.16755564  137.20592215 ... 6690.34097841 6690.36901163
 6690.83590973]"
490,664851_2023-11-16_D-421,PL,True,"[ 182.56510417  241.60499716  283.08652829 ... 6680.45741865 6681.84754632
 6689.76258077]"
491,664851_2023-11-16_D-422,PL,True,"[  57.8001454    76.0115046    85.5017993  ... 6690.08634612 6690.17251243
 6691.66727301]"
492,664851_2023-11-16_D-428,PL,True,"[  22.0262577    27.36270265   34.05254208 ... 6689.80991391 6691.46060719
 6691.72223946]"
493,664851_2023-11-16_D-429,PL,True,"[  25.45111043   35.88056797   50.51677505 ... 6669.67529587 6679.22182368
 6679.9450874 ]"
494,664851_2023-11-16_D-430,PL,True,"[ 103.32296009  111.53132667  111.67739274 ... 6688.32041997 6688.58865221
 6688.71095172]"
495,664851_2023-11-16_D-431,PL,True,"[  21.39332695   23.01962033   23.93351661 ... 6691.17750834 6691.3520743
 6691.48454042]"
496,664851_2023-11-16_D-433,PL,True,"[  43.34440425   69.83966306   69.91996273 ... 6669.06039838 6669.40309698
 6670.67945845]"
497,664851_2023-11-16_D-436,PL,True,"[  24.9746457    25.27411115   28.34439865 ... 6690.89027618 6691.08020874
 6691.72210612]"
498,664851_2023-11-16_D-438,PL,True,"[  26.59970575   35.71543531   36.96196357 ... 6686.86499256 6688.29238675
 6691.59940662]"
499,664851_2023-11-16_D-439,PL,True,"[ 137.1460224   137.1527557   140.4539756  ... 6688.9929839  6689.31841591
 6689.75841412]"
500,664851_2023-11-16_D-440,PL,True,"[  20.37276443   20.41493093   20.75276289 ... 6691.3099078  6691.34847431
 6691.47730712]"
501,664851_2023-11-16_D-444,PL,True,"[  24.66494696   75.43910693   75.79927213 ... 6684.8919006  6684.94323372
 6685.07119987]"
502,664851_2023-11-16_D-447,PL,True,"[  20.2017318    21.32739388   23.49165174 ... 6691.05564217 6691.62220653
 6691.78020589]"
503,664851_2023-11-16_D-449,PL,True,"[ 210.30035793  213.92027652  231.08137333 ... 6555.8534259  6597.99898766
 6652.35663304]"
504,664851_2023-11-16_D-451,PL,True,"[  24.87827943   29.6660266    65.2366818  ... 6676.41310178 6686.57679374
 6686.93052563]"
505,664851_2023-11-16_D-459,PL,True,"[  27.6356682    28.18743262   28.61339755 ... 6688.40781962 6688.78781807
 6689.19634974]"
506,664851_2023-11-16_D-461,ACAd,True,"[  24.86877946   24.93937918   25.02044551 ... 6685.86479664 6686.67022669
 6689.64601458]"
507,664851_2023-11-16_D-467,ACAd,True,"[  21.07546157   22.11635734   25.42611053 ... 6681.72678015 6684.88446729
 6689.90324686]"
508,664851_2023-11-16_D-468,ACAd,True,"[  65.0722158   105.60785078  119.58969387 ... 6673.29551447 6678.50105995
 6683.82813826]"
509,664851_2023-11-16_D-469,ACAd,True,"[  27.18277004   27.71696787   28.34793197 ... 6684.92390047 6690.93967598
 6691.05110886]"
510,664851_2023-11-16_D-470,ACAd,True,"[ 260.03282214  338.54583585  446.33869704 ... 6679.14792398 6681.29311525
 6681.75674669]"
511,664851_2023-11-16_D-474,MOs,True,"[  44.65933223   44.68433213   44.9126312  ... 6684.62553501 6684.81506758
 6684.94363372]"
512,664851_2023-11-16_D-477,MOs,True,"[ 153.77572137  155.96557912  159.23206582 ... 6689.02525044 6689.22658295
 6689.35744908]"
513,664851_2023-11-16_D-479,MOs,True,"[  29.90745895   34.44364049   37.18512933 ... 6691.33427437 6691.37164088
 6691.40100743]"
514,664851_2023-11-16_D-488,PL,True,"[ 148.87114133  229.67344573  247.72390558 ... 6653.71982749 6653.76979396
 6666.88217391]"
515,664851_2023-11-16_D-491,PL,True,"[  26.11607439   27.42753571   29.71635973 ... 6643.38726956 6644.20933288
 6681.56438081]"
516,664851_2023-11-16_D-496,PL,True,"[ 227.25362225  530.55482087  550.46530649 ... 6678.91475826 6679.93975409
 6685.31499887]"
517,664851_2023-11-16_D-497,PL,True,"[  20.21949839   61.83889563   62.06489471 ... 6687.24469102 6687.32625735
 6688.41315293]"
518,664851_2023-11-16_E-2,MOB,True,"[  20.38672709   20.58602562   20.88925672 ... 6690.80882681 6690.86332641
 6691.29105659]"
519,664851_2023-11-16_E-4,MOB,True,"[  21.80674997   23.82366847   25.6140553  ... 6691.0956247  6691.42832225
 6691.58602109]"
520,664851_2023-11-16_E-8,MOB,True,"[  20.20296177   20.42982677   20.51842612 ... 6691.39862247 6691.41758899
 6691.43488887]"
521,664851_2023-11-16_E-16,MOB,True,"[  20.43279341   20.75205773   22.74327642 ... 6691.45172208 6691.46082201
 6691.55162134]"
522,664851_2023-11-16_E-18,MOB,True,"[  20.12572901   20.19179519   20.21592834 ... 6691.643154   6691.67345378
 6691.74505325]"
523,664851_2023-11-16_E-23,MOB,True,"[  20.17372865   20.96675615   20.9777894  ... 6690.30589717 6691.06569158
 6691.23899031]"
524,664851_2023-11-16_E-29,MOB,True,"[  20.12676233   20.15012883   20.17782862 ... 6691.65175394 6691.77115306
 6691.80045284]"
525,664851_2023-11-16_E-32,MOB,True,"[  20.17869528   20.38302711   20.42839345 ... 6691.59878766 6691.63432073
 6691.8026195 ]"
526,664851_2023-11-16_E-55,MOB,True,"[  21.22092095   21.23158754   21.62958461 ... 6691.66335385 6691.71778679
 6691.77538636]"
527,664851_2023-11-16_E-61,MOB,True,"[  20.49659294   21.31795357   21.62845128 ... 6659.19149271 6666.27067397
 6677.35222579]"
528,664851_2023-11-16_E-62,MOB,True,"[  20.52055943   20.66715836   20.9143232  ... 6691.22485708 6691.22962371
 6691.36822269]"
529,664851_2023-11-16_E-78,ORBm,True,"[  21.30268701   22.2876131    30.99041575 ... 6689.30917117 6689.56426929
 6689.6723685 ]"
530,664851_2023-11-16_E-82,ORBm,True,"[  20.73219121   20.79875739   21.08212197 ... 6689.20007197 6689.80390086
 6690.17139816]"
531,664851_2023-11-16_E-83,ORBm,True,"[  20.33616079   20.83899043   21.27065392 ... 6689.69600166 6690.1700315
 6690.93572587]"
532,664851_2023-11-16_E-86,ORBm,True,"[  20.73619118   21.03312233   21.04505558 ... 6691.28115666 6691.67175379
 6691.69678694]"
533,664851_2023-11-16_E-89,ORBm,True,"[  27.36170911   86.6804061   116.34982119  156.80589027  156.95372251
  188.50189045  264.94899478  301.73022422  339.92064329  377.81439788
  377.84543099  397.54251943  405.14929681  413.27260372  416.48294678
  429.43385151  479.06361977  483.8761177   490.26870401  495.65053109
  503.5702395   521.48017443  521.56440714  547.11548586  658.16916896
  685.75473271  689.34977293  690.10323405  711.14334595  722.7103942
  741.9820191   742.07635174  745.04272992  750.73492139  782.11209058
  787.77811557  793.56610632  796.74914958  812.16680283  826.77479538
  844.89979538  896.78264707  933.95227366  982.69014848  991.11438651
 1026.95665619 1030.35639785 1037.75561009 1061.53663516 1075.84889655
 1120.6353671  1130.06709772 1135.57489054 1152.06520257 1158.2694236
 1161.11983597 1161.42653371 1168.36694933 1173.57887765 1173.60447747
 1191.32438045 1224.72076813 1228.63147269 1228.66953908 1244.38369016
 1250.16774761 1257.84875777 1263.48451632 1271.55645694 1276.03605732
 1281.54875011 1293.94339227 1295.51391405 1300.9309742  1301.05667327
 1301.36867098 1302.97335918 1302.9794258  1330.09305969 1335.9600832
 1342.62730082 1364.4494403  1373.86883768 1380.46768914 1388.15496592
 1431.9323439  1433.06903554 1435.56981714 1438.71286069 1438.71916064
 1440.28208248 1451.05483657 1465.23579892 1504.55987633 1531.87600872
 1532.51277071 1535.69481397 1544.25975096 1546.67823317 1555.01377186
 1564.29827023 1568.83267021 1592.13553213 1592.37339704 1601.59896252
 1605.9469972  1606.36816077 1613.23341027 1639.99331342 1650.88253332
 1658.17271303 1660.05659917 1667.53344418 1686.59510396 1721.75514533
 1735.05614749 1737.42336341 1744.45917832 1755.2378657  1761.88238349
 1770.60865263 1775.37791755 1813.28530537 1838.2631883  1838.43425371
 1847.3048218  1854.94716558 1874.15859093 1881.65800243 1916.86671011
 1925.78221119 1933.04289111 1951.20165754 1959.62146227 1963.10686997
 1972.3873017  1977.53663049 1986.37476548 2012.51577319 2012.91213694
 2013.66149809 2023.30269384 2023.84448985 2030.23504285 2054.11036722
 2076.14880511 2076.16003836 2079.16861623 2079.82774471 2089.4910403
 2090.55023251 2093.33661201 2111.08621478 2122.76836218 2133.12785264
 2134.00471286 2134.67287461 2144.58746835 2146.65645313 2162.18760555
 2164.64028751 2199.03183453 2212.7518336  2222.75046006 2222.87959244
 2232.17269075 2232.92801852 2235.80829734 2239.3031383  2246.90748236
 2246.93038219 2247.43731179 2278.88844711 2278.92271352 2289.12713846
 2292.35114808 2292.47501384 2304.41805932 2307.40343736 2314.48258528
 2318.18885802 2325.20647307 2330.07057062 2383.72390928 2426.72575963
 2435.98975816 2449.80198989 2459.09162155 2462.11519931 2471.12043307
 2482.40905003 2489.81462889 2490.83232141 2490.87675441 2491.02332
 2496.28144799 2496.30824779 2498.52116485 2503.96025817 2508.45765842
 2509.66004958 2509.78608198 2529.37803787 2531.33695679 2550.62044828
 2555.97070892 2560.32097692 2565.08264189 2568.6437157  2610.05787773
 2610.16134363 2622.97041608 2640.89645088 2643.61149758 2650.58984625
 2652.75086368 2663.68138328 2664.7025091  2667.14055783 2667.15699105
 2672.65755058 2676.15909149 2687.00994501 2688.40850139 2695.70198107
 2707.18396328 2707.28646252 2710.02497571 2724.47960272 2757.62759222
 2765.0125379  2794.23928957 2849.04431977 2849.05265304 2853.44455407
 2859.06804603 2881.34001554 2888.04693287 2888.06623273 2892.40766746
 2899.37121624 2905.56950397 2913.24048088 2929.55102757 2932.49050595
 2961.07029572 2963.23084649 2983.29836554 2997.09816403 2997.74872591
 3026.82347871 3033.8126273  3037.47146705 3040.6012107  3053.81971346
 3054.01727867 3086.56723924 3105.90263034 3108.23954649 3115.41509371
 3123.47113445 3135.31004736 3145.79120359 3145.89676949 3146.51243162
 3148.88784748 3152.11895705 3183.73205784 3186.01540771 3191.72136574
 3233.07319489 3233.95012177 3239.09968389 3269.64069257 3272.85193562
 3286.21760397 3331.24107278 3359.86789554 3363.36876978 3366.79981121
 3370.45825097 3392.85901952 3394.37810835 3404.67259929 3412.8596724
 3413.8248653  3422.57820091 3426.8033365  3432.48119473 3435.59023853
 3452.33154872 3454.93736288 3498.05781236 3521.19107552 3555.73272144
 3556.67264786 3561.27758065 3566.30704366 3574.99934638 3577.10089759
 3591.35195943 3591.48355846 3601.92124835 3605.39405614 3607.9186709
 3611.14918047 3621.92193456 3634.71884043 3639.62840431 3645.77065913
 3663.44029582 3669.13665392 3677.23042772 3685.85923091 3688.94500821
 3704.8701244  3706.1894147  3726.01506886 3746.5105181  3751.59741401
 3787.87514716 3803.72026394 3808.47659562 3809.0182583  3820.39684126
 3833.28127982 3844.06850047 3894.0786326  3903.54172966 3904.20785809
 3917.90802398 3920.69923678 3956.41064076 3965.68877251 3976.34672745
 4028.01481405 4038.55306986 4054.8971163  4057.06190038 4072.34015466
 4074.97840192 4078.50150934 4079.03747206 4097.85213366 4191.53107791
 4195.42968256 4213.5329494  4228.48213943 4244.21689035 4246.00867717
 4248.93402232 4249.63095053 4253.68008741 4273.30444306 4306.11276839
 4332.01771117 4341.88673857 4345.31248004 4352.87825772 4367.44245059
 4375.65792349 4379.08349829 4389.94125175 4390.83601184 4398.61935459
 4403.56988484 4434.38145819 4437.77859987 4455.73350113 4490.12118151
 4499.4983792  4510.39863235 4514.48483562 4521.33731855 4524.49836197
 4526.63064628 4527.05724314 4570.57452303 4584.18538958 4592.16119758
 4609.19910558 4632.5789336  4632.59350016 4632.98783059 4633.04776349
 4668.0660059  4693.96204874 4697.0312595  4700.13107003 4700.21683606
 4703.69987711 4708.12754454 4726.07361253 4728.36376235 4746.60992814
 4753.52321062 4760.39946003 4760.62232506 4777.85396497 4799.14627502
 4803.95880628 4821.43204442 4835.49610763 4844.57364086 4844.66784016
 4865.53115336 4884.3910813  4909.45073029 4921.43450881 4941.30402932
 4941.94042464 4968.52986238 4970.64964679 4991.48006023 5004.16260027
 5015.75524833 5022.11670154 5025.19541222 5044.9329337  5050.22569477
 5050.34112725 5073.4685238  5105.6961534  5113.28393092 5117.17240232
 5120.46611142 5138.74474363 5148.82396949 5151.31341784 5154.06293095
 5156.94297643 5170.82040769 5177.59785783 5179.24961235 5179.8768744
 5181.17673151 5202.59704061 5210.19575138 5223.6100527  5273.5212189
 5283.58817818 5288.46637563 5290.60155992 5291.15418919 5302.83580326
 5306.57314244 5315.04574678 5361.57963781 5375.8013332  5376.13103078
 5389.22623445 5403.87029339 5407.75609814 5420.66556985 5421.09340004
 5439.55783088 5450.09418671 5450.32821832 5466.44343311 5484.721232
 5499.53542303 5532.6093464  5541.46738124 5550.61358063 5550.80014593
 5562.37672744 5585.57759011 5645.36551698 5651.01340877 5651.662004
 5663.34221808 5669.55873902 5679.69016449 5697.07943658 5708.60205182
 5743.22629713 5745.3193484  5768.48504466 5770.79656099 5781.61474808
 5784.30169498 5787.27747309 5802.88975825 5806.30876643 5808.86771427
 5809.21907836 5874.84559562 5895.85747439 5903.71338327 5926.28008393
 5938.70829251 5953.61344954 5966.43478856 5974.09619887 5978.68053182
 5996.09313706 5996.32663535 5999.31478003 6014.52016818 6018.60123816
 6021.39975091 6065.8960236  6084.05665668 6101.39399581 6108.68350886
 6109.6755349  6125.71041695 6132.08173675 6139.18111786 6148.97047918
 6149.95330528 6150.2588697  6164.24203351 6166.50281688 6183.72302354
 6227.69336677 6231.11234162 6290.27517309 6300.55116417 6302.35068426
 6310.09952726 6311.85548101 6339.57374379 6354.7345656  6359.92746074
 6364.00089744 6376.86383615 6380.59587537 6381.05383867 6387.5475909
 6399.60683552 6420.44534891 6422.77156513 6438.5817155  6441.22506272
 6453.09817538 6472.17980169 6482.79045697 6491.60719211 6500.45272705
 6507.30657663 6534.81960758 6548.20484245 6551.97081475 6554.05916606
 6585.28716968 6588.48664614 6594.08590496 6607.83813713 6621.23823856
 6634.42747487 6635.36983461 6641.74075441 6641.97735267 6641.98015265
 6654.5580268  6660.20025196 6674.00841705 6681.47619546 6685.20450136
 6686.49199189]"
534,664851_2023-11-16_E-92,ORBm,True,"[  20.23592819   20.48335971   20.49435963 ... 6691.28105667 6691.28875661
 6691.31055645]"
535,664851_2023-11-16_E-93,ORBm,True,"[  20.65025848   43.28969195   70.08332819 ... 6689.01727332 6689.73093473
 6689.94393317]"
536,664851_2023-11-16_E-95,ORBm,True,"[  66.07369102   66.09275754   70.73479006 ... 6690.90359278 6690.95599239
 6691.61228756]"
537,664851_2023-11-16_E-101,ORBm,True,"[  24.0275003    30.22752136   34.27682491 ... 6689.83513397 6690.19103135
 6691.31385642]"
538,664851_2023-11-16_E-104,ORBm,True,"[  20.90135663   21.04522224   24.341098   ... 6690.92832593 6691.39288918
 6691.63245408]"
539,664851_2023-11-16_E-107,ORBm,True,"[  42.95262776   62.8942144    69.57953189 ... 6686.74889    6690.37416334
 6690.53839546]"
540,664851_2023-11-16_E-108,ORBm,True,"[  22.53861126   25.50795608   31.33064658 ... 6690.51322898 6690.64676133
 6691.65145394]"
541,664851_2023-11-16_E-116,ORBm,True,"[  28.34860185   28.84303155   37.08867089 ... 6691.14412434 6691.19402397
 6691.26572345]"
542,664851_2023-11-16_E-120,ORBm,True,"[  26.52854857   32.27270632   37.96349779 ... 6689.88660026 6690.59789502
 6690.6276948 ]"
543,664851_2023-11-16_E-123,ORBm,True,"[  20.62462534   29.38942753   77.51280687 ... 6684.62207232 6687.6420501
 6688.88257431]"
544,664851_2023-11-16_E-126,ORBm,True,"[  23.64616978   32.21074011   32.22610666 ... 6690.51116233 6690.65746125
 6691.18245739]"
545,664851_2023-11-16_E-129,ORBm,True,"[  41.17234086   50.22917423   62.90224768 ... 6684.43314037 6687.29965262
 6689.09133944]"
546,664851_2023-11-16_E-133,ORBm,True,"[  43.33565828   43.85605445   96.77673184 ... 6689.54570276 6691.3402229
 6691.72458674]"
547,664851_2023-11-16_E-165,FRP,True,"[  52.49462424   62.76351537   63.03901334 ... 6637.96094888 6659.03982716
 6679.82240762]"
548,664851_2023-11-16_E-194,PL,True,"[  25.00165981   29.98312316   30.77018404 ... 6674.44344719 6682.51712113
 6687.1296872 ]"
549,664851_2023-11-16_E-244,MOB,True,"[  24.16329931   30.69501793   31.39541277 ... 6628.55775139 6634.91490462
 6660.04985307]"
550,664851_2023-11-16_E-249,MOB,True,"[  20.91272322   21.44741928   22.26234662 ... 6688.83347467 6690.80816014
 6690.96202568]"
551,664851_2023-11-16_E-268,ORBm,True,"[  20.16186207   20.18569523   30.68125136 ... 6688.48284392 6689.05247306
 6690.18429807]"
552,664851_2023-11-16_E-270,ORBm,True,"[  20.20769507   20.68659155   21.02215574 ... 6690.13099846 6690.14709834
 6691.27992334]"
553,664851_2023-11-16_E-285,ORBm,True,"[  44.34208421   69.77263047   71.91264807   72.11064661   74.1379317
  111.96318679  119.08336775  132.14453834  133.14046435  135.28741522
  185.01321611  206.8431222   206.87788861  230.7189799   238.74748751
  238.8218203   238.86895329  239.01115224  240.19244355  240.4576416
  242.50689319  242.65019214  248.01075271  248.34861689  270.78605184
  278.56442796  286.42793678  286.63656858  299.90817095  310.44829342
  310.82829063  325.46438297  325.65201492  326.59837462  326.68890729
  326.78630657  350.6458644   354.67333477  359.35846698  376.66867298
  388.41028661  410.90562113  411.8126478   439.21274624  459.08250008
  463.65746643  465.27222122  466.22751419  472.03787145  497.32971874
  502.27154906  517.38770453  527.82952772  566.36691091  566.64397554
  567.0983722   567.52720238  567.95579922  568.08483161  568.11866469
  568.13969787  568.16659767  568.21319733  568.24876373  568.33306311
  568.3672962   568.45629554  589.48914083  607.44130877  607.59980761
  607.67414039  607.83057258  608.30530242  608.41443495  614.48592362
  614.52292335  628.82465148  707.81417044  708.39576616  760.41861682
  800.83681951  832.31275464  834.27687353  834.39870596  834.41557251
  907.63376725  964.19825117  981.75445536 1037.08968166 1046.13894842
 1049.01226062 1049.61982282 1050.71201478 1050.84904711 1050.91907993
 1051.03144577 1051.23837758 1051.62990803 1051.8381065  1052.15317085
 1056.15580807 1056.37367314 1065.89130313 1065.95386933 1066.07333512
 1066.49216537 1066.51653186 1066.55413158 1066.57309811 1066.84082948
 1068.63944958 1071.85175928 1096.70980976 1102.7136656  1108.07169285
 1113.32962084 1113.50908619 1146.84410765 1149.4970548  1154.37981888
 1164.04891442 1174.62576995 1176.18872512 1176.22185821 1176.59715545
 1176.80052062 1197.57170117 1201.46087256 1218.92447743 1218.99891022
 1230.08826198 1231.51795146 1235.23065748 1235.8949526  1242.66806944
 1259.03434905 1259.29884711 1259.33074687 1265.14537077 1265.64833373
 1265.78179942 1270.51086463 1271.1358267  1277.8693105  1296.89503722
 1296.95800342 1297.42703331 1297.45406644 1297.76413083 1297.84259692
 1297.95176278 1298.12599483 1298.15426129 1298.19862763 1298.30639351
 1298.42852594 1298.55575834 1298.68589071 1298.93812219 1298.96235535
 1299.00785501 1299.03842145 1299.1182542  1299.28375298 1299.31955272
 1299.34688585 1302.54496233 1308.38461937 1321.23675817 1328.64033704
 1328.67923675 1345.2857146  1411.56646038 1412.58508622 1417.47805022
 1427.27931146 1431.50508038 1431.7060789  1432.3085078  1432.42324029
 1438.42882945 1438.57962834 1438.69169418 1438.78392683 1439.73828648
 1439.98085136 1440.11541704 1451.81299766 1453.54518492 1494.16958609
 1494.79224818 1503.5940501  1503.65491632 1503.74381566 1506.2530972
 1506.67039413 1513.09978017 1513.51824376 1537.58506673 1537.90486438
 1538.21982873 1541.11634075 1542.16916634 1542.98206036 1543.42485711
 1555.2160037  1565.11656421 1565.33712925 1565.47692823 1565.59922733
 1603.52194837 1603.69438044 1603.93517866 1608.00178208 1608.39197921
 1611.56158923 1644.94087703 1651.6014947  1651.68886073 1651.77289344
 1656.96132194 1659.56070282 1664.69059842 1671.63824731 1671.65908049
 1671.72331335 1671.7584131  1671.88094553 1671.89994539 1671.91977858
 1671.96081161 1672.00634461 1672.03194442 1672.06364418 1672.14094362
 1672.18230998 1672.21874304 1672.23937623 1672.27967593 1672.32444227
 1672.42950816 1672.5607072  1672.587607   1672.63720663 1672.7451725
 1672.79673879 1672.81777197 1672.87827153 1672.99740398 1673.4578006
 1673.91639722 1673.95059697 1674.00086327 1674.04299629 1674.18609524
 1674.28992781 1674.34162743 1674.36466059 1674.65519179 1674.71965798
 1674.83275715 1675.15938808 1675.28892046 1675.43345273 1675.79211676
 1675.8320498  1675.88651606 1675.9906153  1676.05571482 1676.08638126
 1676.16251403 1676.22908021 1676.26497995 1676.3251795  1676.41757882
 1676.59477752 1676.68687684 1676.87767544 1677.00930781 1678.39953091
 1678.72316186 1678.7630949  1679.71985453 1680.29318365 1680.33038338
 1680.35221655 1680.38798295 1680.43711592 1680.67281419 1680.7761801
 1680.8618128  1686.15564053 1686.181707   1686.22757333 1688.50592324
 1688.87112055 1693.53511958 1693.72451818 1694.07348228 1694.81307684
 1696.89476153 1709.78873335 1709.8503329  1709.97353199 1710.03923151
 1710.22366348 1710.46379505 1710.61789392 1710.7060266  1710.79839259
 1710.9603914  1711.06585729 1711.23152274 1711.38985491 1711.45178778
 1711.48398755 1711.6400864  1713.37664029 1714.48496547 1716.13631999
 1725.78458235 1726.01961396 1727.85613378 1732.79959742 1732.89149674
 1733.02709574 1733.13522828 1733.32462689 1733.4139929  1760.77569163
 1762.20131447 1772.95986867 1772.99916838 1773.02936816 1773.18423369
 1773.76476275 1774.16479314 1776.68370794 1776.98097242 1777.02350544
 1777.06367182 1777.13320464 1777.1424379  1777.16267109 1777.24143717
 1777.30363672 1777.57873469 1777.66370073 1780.39328066 1788.31988902
 1795.074106   1799.92473699 1814.14016575 1848.42471356 1848.50631296
 1848.60781221 1849.81390334 1878.16169482 1878.47109254 1879.05758823
 1882.80456066 1883.27472387 1894.70577312 1896.52095977 1896.68209191
 1908.82650258 1912.87423947 1918.15290064 1919.79842187 1930.99717283
 1931.10137206 1931.41663641 1931.71970085 1931.75930056 1932.7181935
 1932.82725937 1933.57205389 1934.20314925 1955.49165932 1955.59435856
 1960.17199156 1960.23582442 1960.338157   1971.72900654 1979.6244818
 1979.73908096 1979.84024688 1979.92064629 1986.49289794 1995.06380156
 2004.19286774 2004.43679928 2004.84402962 2014.18612757 2021.07551022
 2025.74004258 2051.47915324 2051.70241827 2054.64582995 2063.52499797
 2064.2734258  2066.27404441 2073.173127   2073.22989325 2081.99972874
 2082.0637616  2092.31755284 2092.33101941 2092.48108497 2092.57418429
 2092.65238371 2094.02654027 2094.09173979 2096.91675234 2121.05127481
 2121.18130719 2146.61518677 2155.60128733 2162.5432696  2162.62060236
 2162.67776861 2163.05136586 2186.08942973 2191.68782188 2202.25167751
 2210.53734989 2235.45839991 2240.31186421 2240.657895   2241.69942067
 2245.32446067 2248.814235   2255.57155196 2255.85554987 2256.17831416
 2271.74163301 2271.77549943 2295.12779432 2308.96245922 2309.14159124
 2309.83891944 2329.05521142 2330.5355672  2330.91883105 2343.74797001
 2378.65324658 2389.00410378 2389.72349849 2389.79153132 2394.46369695
 2407.11183725 2438.3032078  2457.25393507 2463.63155483 2471.31789829
 2472.33189083 2472.55902249 2473.26941726 2483.18444433 2483.46210895
 2501.86230694 2506.78983736 2507.54949844 2511.09817233 2511.93683283
 2516.69166452 2531.50992219 2531.53662199 2540.29259091 2540.38249025
 2557.44283143 2563.36735451 2575.36296627 2575.55039823 2575.60653115
 2575.69396384 2575.87682916 2576.00882819 2576.94642129 2578.39381065
 2578.49240992 2578.89964026 2579.24283773 2582.96161038 2583.55407269
 2583.63390543 2585.31415974 2599.02352556 2609.80927956 2609.84951259
 2609.9931782  2611.79659827 2615.13040708 2615.26577275 2615.29843918
 2632.38778014 2633.28457354 2641.98537621 2645.48945043 2652.12783493
 2656.79316728 2657.01426565 2673.3173124  2678.43044145 2680.24462811
 2680.99592258 2681.93778232 2687.35147583 2694.08359298 2698.21236261
 2714.7710408  2725.55336149 2735.28242326 2735.33248955 2740.30321966
 2745.45568176 2745.55144772 2766.22176234 2766.61385945 2766.76655833
 2766.99299    2767.04612294 2769.96150149 2771.37512443 2773.93120563
 2784.84209203 2788.69873033 2798.67782359 2799.26078597 2804.71244587
 2806.93249621 2806.95229606 2807.07126185 2807.11589486 2807.17976105
 2807.48319215 2807.50929196 2807.6769574  2809.09748028 2816.82069014
 2816.8667898  2816.91412278 2817.03682188 2829.25883197 2846.9334353
 2847.10143406 2847.23439975 2874.61326502 2874.63086489 2874.67116459
 2874.81409687 2874.83403006 2874.86052987 2913.24608084 2913.27238065
 2913.29408049 2921.20115566 2924.90452841 2953.65741691 2987.24070321
 2987.26513636 2987.29396948 2987.33573584 3010.64019775 3010.73436373
 3018.0925096  3031.94100773 3033.64572853 3047.69555851 3135.14324859
 3135.2269813  3143.82791804 3156.66615693 3157.66931622 3168.83023412
 3175.23065371 3179.67632101 3187.42023071 3189.52001526 3189.56211495
 3189.65298095 3189.88901255 3200.17940352 3200.31106922 3200.40523519
 3200.42753503 3200.50136782 3228.83805938 3239.28018257 3243.67261692
 3255.38279745 3307.11941688 3322.34870486 3322.48240387 3339.75701014
 3383.61045422 3411.41658301 3416.01918249 3416.03901568 3416.08054871
 3416.23004761 3422.62196726 3426.42863925 3442.22368973 3478.2767912
 3488.51448256 3491.95245727 3492.08968959 3515.58218345 3516.00361368
 3516.09024638 3522.62029835 3522.91666283 3523.00896215 3523.0847616
 3523.2064607  3523.32829314 3523.51819174 3523.6732906  3523.85445593
 3523.9501219  3527.98579221 3537.14629149 3541.6817248  3552.16501435
 3552.21824729 3559.60505962 3559.66002588 3560.33668757 3560.63035208
 3560.65268525 3570.23121479 3570.8740434  3575.45000974 3575.67364142
 3583.54801683 3587.18215677 3598.39344097 3601.08822114 3605.76002011
 3607.35177507 3644.90826547 3649.30123316 3649.5269315  3655.67961957
 3662.24130464 3662.44696979 3692.8475795  3744.86373021 3747.99570717
 3758.03303334 3758.33829776 3766.38420524 3766.6072036  3774.63001125
 3791.97368368 3792.3515809  3793.28717401 3794.86809572 3795.96192101
 3803.66856432 3818.35115631 3821.27153483 3871.25493382 3893.61233603
 3921.93879433 3952.76993421 3953.01893238 3953.48252897 3953.82822642
 3976.40029372 4012.81372587 4084.3074333  4155.30817769 4248.30086031
 4248.81768984 4251.87553402 4257.04956262 4257.3652603  4257.48015946
 4257.64112494 4258.49448533 4258.5347517  4367.73031514 4715.33235821
 4739.88294428 4838.27938716 4899.26897186 4988.71364724 5006.17648546
 5026.80140041 5145.15832979 5189.04797361 5274.80740943 5333.44647809
 5333.91897462 5451.90197341 5745.47698057 5767.95228191 5821.61848715
 5823.70233849 5859.01744538 5867.67978166 5890.01335071 5892.03533584
 5926.84494645 5926.98117878 5955.93913243 6089.68218197 6312.7590077
 6312.83787379 6318.36049983 6423.2234618  6490.49943359 6525.94990616
 6629.38374531]"
554,664851_2023-11-16_E-286,ORBm,True,"[  20.82875717   20.88759007   21.85128298 ... 6687.35658553 6687.76328254
 6688.37777802]"
555,664851_2023-11-16_E-304,ORBm,True,"[  23.61323669   24.04523351   24.06983333 ... 6691.26695677 6691.3349896
 6691.5573213 ]"
556,664851_2023-11-16_E-338,FRP,True,"[  61.54299101  162.87584562  193.08889004 ... 6689.88970023 6690.11173193
 6690.50042907]"
557,664851_2023-11-16_E-362,PL,True,"[  20.26146134   20.8606236    20.89142337 ... 6674.2787484  6682.0133915
 6682.31588928]"
558,664851_2023-11-16_E-377,PL,True,"[  25.37175708   25.58368886   25.99991913 ... 6686.80495626 6686.89805557
 6687.47115136]"
559,664851_2023-11-16_E-392,PL,True,"[  46.28553658   51.93639501   52.78738875 ... 6676.86836268 6678.32591863
 6681.03203206]"
560,664851_2023-11-16_E-402,MOs,True,"[ 203.42488068  217.91260744  218.02013998  339.78657761  423.59319447
  499.67503482  513.04106984  550.17076338  566.74414147  586.62316191
  730.76810159  754.40166108  759.17355931  764.00259046  765.20378162
  769.65774886  824.56707828  856.35684444  869.51924762  872.95908898
  880.96116345  881.0325296   884.23343938  895.99685285  908.29236241
  962.41343097  962.6897956   968.51988605  976.86499133 1005.9068777
 1020.98746677 1024.2778759  1028.9275417  1119.35407653 1153.84535615
 1276.81351827 1303.57168811 1320.75189507 1325.40372751 1330.81505437
 1462.21562114 1570.97912109 1576.80501156 1576.82087811 1585.41858154
 1600.24807245 1628.62333039 1628.77042931 1628.78496254 1642.67446037
 1656.40162606 1656.49799202 1658.58531    1660.10096551 1687.56459683
 1704.22704093 1709.1196716  1736.00154053 1799.37417437 1859.61716456
 1928.20292672 1951.38905616 1951.68915395 1959.7177949  1992.17895612
 1992.55552001 1995.94372842 2015.87994844 2026.1985392  2031.55329982
 2041.57222612 2044.96783447 2045.52399705 2060.18148923 2064.49632416
 2121.71733658 2199.74702927 2201.64054867 2209.45979115 2210.1518194
 2222.84929266 2224.90387755 2244.1515693  2244.44440048 2253.2364358
 2275.53917175 2280.44463566 2281.49302795 2281.49949457 2281.80212568
 2291.5056543  2292.05471693 2292.24711551 2292.81237802 2293.33084087
 2293.66203844 2293.7855042  2294.18780124 2294.92119584 2298.30903759
 2299.11209835 2305.04788802 2305.89958175 2308.03306606 2311.54277357
 2318.34449021 2319.25015021 2323.70291746 2344.43099832 2344.45289816
 2349.2956292  2358.44986186 2364.42098461 2369.81137829 2375.72833477
 2377.65842057 2381.8949894  2388.61897328 2389.04297016 2423.3816509
 2431.68612315 2461.69306908 2485.30282875 2503.34552936 2532.69278015
 2554.59778569 2564.81111056 2565.42480604 2565.9526355  2628.26681045
 2639.17999684 2658.87815194 2665.18207224 2668.91144481 2683.30677225
 2692.09044097 2707.31336233 2714.28824435 2723.44757698 2738.44213335
 2761.13063312 2773.99000519 2788.82652939 2807.18862765 2811.03713268
 2812.44245567 2860.52953528 2860.93376564 2861.07759792 2861.19789703
 2862.10332371 2875.97812165 2878.34590423 2885.98694802 2902.00246355
 2902.00983016 2911.53529342 2924.7528962  2930.01925746 2941.92336989
 2951.93692957 2968.58544044 2970.54689267 2993.29305869 2997.11063061
 3000.25907411 3011.80625584 3027.10737662 3029.60775823 3070.88388794
 3073.40323607 3073.6902673  3075.15962315 3075.61528647 3076.51327986
 3076.57187943 3101.37849696 3105.20713546 3118.95603432 3133.32482863
 3151.26529666 3152.07749069 3156.656757   3162.18131636 3162.45881432
 3162.6527129  3173.56709928 3179.3875898  3181.51340749 3185.92360838
 3185.97150803 3197.49365661 3224.55835753 3225.25721905 3237.55096195
 3251.5381924  3263.2696061  3268.91209793 3269.93862371 3317.33960837
 3333.92688635 3346.71999225 3435.09807548 3438.14031977 3462.75430538
 3499.21690383 3499.96119836 3519.14492391 3567.23013687 3572.9030618
 3572.9308616  3589.31700773 3601.15655397 3615.95384513 3622.5101969
 3642.88101372 3643.44387625 3645.20246331 3651.29831847 3661.61064261
 3683.80581268 3683.81501261 3721.32773667 3724.72067838 3725.40893999
 3725.94666936 3728.99741359 3741.04109166 3742.5181808  3744.85873025
 3745.62895792 3747.01668104 3748.44613719 3749.43686324 3751.66004689
 3754.57789209 3756.51834448 3767.17333277 3769.17305139 3772.48216039
 3774.15544808 3774.8237765  3777.700122   3784.93353546 3792.08211621
 3792.47954662 3804.86662217 3810.85997808 3812.80909708 3813.98792174
 3824.2802127  3824.28604599 3828.68188032 3852.68983705 3855.17195213
 3860.29291446 3865.97163935 3866.04933878 3866.10763835 3866.22613748
 3866.30840354 3866.32127012 3867.78282603 3875.91486621 3879.41167382
 3883.08971344 3886.06309156 3891.22015363 3893.14330615 3894.34699729
 3899.10242898 3904.81642028 3905.45248227 3906.3143426  3908.18182886
 3915.62900741 3916.57246714 3924.07421196 3924.8164065  3928.05824932
 3930.23103334 3931.33955851 3947.89393674 3958.19646096 3960.50334399
 3976.38649382 3978.62494402 3986.85511681 3988.55257099 3992.1410446
 4013.81091853 4014.95634344 4027.36485216 4027.43105168 4027.95868113
 4030.97172563 4050.92627885 4051.72310632 4061.02503789 4064.36551332
 4064.87097627 4065.48307177 4065.497505   4067.04022698 4071.36879514
 4072.69458539 4073.70487796 4075.60966394 4075.90252846 4079.64463426
 4086.74438204 4096.18561259 4097.18137193 4125.19293255 4136.43994982
 4136.73594764 4146.24147772 4155.08574599 4156.87929947 4156.93426573
 4157.17316397 4157.64126053 4157.76835959 4158.02652436 4159.03401695
 4166.9438921  4172.12425399 4174.26553824 4178.10594333 4178.8349713
 4182.25041284 4184.84256044 4185.70198745 4200.3961127  4211.95799431
 4211.97779417 4213.60584886 4224.00050573 4224.96479864 4225.10976424
 4236.88607761 4237.37374069 4237.44610683 4238.29690057 4241.61220951
 4246.27817519 4254.24461659 4258.69761717 4259.14061391 4260.30313869
 4264.93643794 4276.18438854 4278.9986345  4284.48122751 4299.31981836
 4299.43025088 4301.4125363  4304.24338214 4305.48803965 4306.38866636
 4309.73027511 4309.91850706 4311.78585999 4311.96292535 4314.17940905
 4315.94122942 4318.86280793 4319.65953541 4319.74966808 4319.94943327
 4320.57439534 4320.83296011 4320.96852578 4321.2735902  4321.50222185
 4321.73378681 4321.93881864 4322.13438387 4323.7428387  4323.99550351
 4324.0827362  4324.39206726 4325.97508895 4326.32105307 4326.47598526
 4327.05131437 4327.73584266 4329.47679652 4334.39429368 4334.59015891
 4334.83135714 4335.62875127 4339.44535653 4343.93682349 4344.17362175
 4354.35148022 4357.53325681 4360.10293791 4360.53086809 4361.10306388
 4361.28849585 4367.90221387 4368.13581215 4368.97620597 4371.00075774
 4372.09631635 4372.36114774 4372.66601216 4374.71626375 4376.09985357
 4377.62374236 4383.62876485 4384.61472427 4385.56401729 4385.82868201
 4388.40839636 4389.66375379 4390.2065498  4390.53101408 4395.08994721
 4395.22687954 4398.41872273 4408.35998293 4410.46623411 4416.02069325
 4422.1307483  4425.64455579 4426.91124647 4435.05881987 4438.54262758
 4438.76252596 4439.67975255 4445.49984307 4445.64134203 4445.6817084
 4445.74267462 4445.87657363 4446.17743809 4446.3339036  4447.38586253
 4447.73079333 4448.68888628 4449.13634965 4465.16173177 4465.20139815
 4465.96169256 4466.78081986 4472.17828016 4472.31467916 4472.35881217
 4475.05629232 4490.00984899 4495.78770649 4495.81780627 4496.03193803
 4497.08139698 4509.07027545 4513.42164344 4517.6918787  4519.00966901
 4522.36974429 4522.77224133 4524.06306517 4524.81772628 4524.97599179
 4537.71516474 4538.37862653 4539.89324872 4543.56175507 4543.90608587
 4544.08255124 4544.51261474 4590.60747567 4604.62797254 4604.67043889
 4604.69667203 4604.84203763 4605.06783597 4613.99023701 4614.3038347
 4617.38141206 4617.796909   4618.26340557 4618.90400086 4620.52552227
 4623.89139751 4623.94313046 4624.21989509 4624.75082452 4625.32338697
 4639.19845158 4641.65306685 4641.92686484 4642.63725961 4642.69679251
 4643.46838683 4643.5682861  4643.96951648 4644.71354434 4645.09300822
 4645.86670253 4646.10303412 4646.26896623 4647.40472455 4648.01188675
 4648.08641953 4649.39514324 4650.55373471 4655.39939907 4657.17905265
 4657.7700483  4657.85088104 4658.06284615 4659.43950269 4661.24302275
 4667.43841051 4675.15602041 4685.15118022 4688.36288993 4688.46608917
 4688.76265365 4689.65008046 4692.67995817 4693.81624981 4694.48277824
 4694.70887658 4694.76444284 4698.08121844 4699.73533961 4700.04957063
 4700.61169983 4701.28396155 4701.29616146 4706.96691975 4707.10808537
 4707.27931745 4707.42374972 4710.41389439 4714.65419653 4718.32203622
 4719.529994   4724.70188929 4725.0895531  4726.25427787 4734.91191418
 4741.57423184 4758.36794164 4761.60181786 4766.37134944 4772.08924071
 4782.71696254 4831.66856912 4839.91290847 4859.68992966 4862.37614324
 4887.196394   4887.25236025 4887.77435641 4895.10376916 4895.13536893
 4895.27716789 4895.38673375 4895.68949819 4895.91709651 4896.99162194
 4930.68557409 4931.876832   4938.71414837 4957.09931313 4959.07279861
 4976.43220425 5054.32596461 5056.01345219 5063.38559797 5127.87185694
 5129.35364604 5137.57378558 5159.01522786 5159.04232766 5159.06069419
 5159.07816073 5159.12272707 5159.15866014 5159.19359321 5159.77432227
 5160.63201596 5160.7454818  5162.7162673  5163.17236394 5163.3139629
 5164.72688584 5165.21014895 5166.49740615 5167.02450228 5178.97181439
 5207.98353432 5209.63275552 5211.51604167 5211.9012055  5212.21816984
 5217.19023326 5224.80661057 5226.16483391 5227.25725921 5227.39589152
 5236.76792258 5241.60252035 5242.72867874 5244.44933275 5247.53054341
 5266.83753473 5274.58551107 5274.60614425 5274.71404346 5274.97317488
 5276.05350027 5276.18713262 5277.36782393 5278.15501814 5296.34425101
 5298.21170394 5305.43175083 5311.96540277 5312.32460013 5313.87565539
 5314.73564906 5329.01264404 5329.04211049 5329.21920919 5329.30594188
 5329.64400606 5330.14010241 5331.48485919 5339.75019839 5339.80326467
 5339.98616332 5340.02396304 5340.55769245 5341.06865536 5341.23832078
 5341.64648444 5354.69978842 5355.28161747 5355.4282164  5355.48954928
 5355.66141468 5355.97071241 5362.45086474 5362.75356251 5362.76272911
 5372.09596046 5373.08961981 5373.42211737 5373.73174842 5375.3391366
 5375.43526923 5375.7291004  5375.93629887 5377.36858834 5380.68316396
 5383.30881131 5388.05197642 5388.53217289 5388.56417265 5388.93863656
 5391.55678397 5397.96227019 5398.33533411 5400.5802176  5401.47064438
 5401.65910966 5402.43213731 5402.76026823 5413.84372003 5413.85871992
 5416.51553371 5417.10982934 5420.60383697 5423.68814762 5423.73791392
 5424.36260932 5431.1677926  5433.6144746  5435.49282745 5437.57914544
 5439.40739865 5441.91481354 5442.50547587 5442.56840874 5453.57956107
 5460.04231353 5463.21165689 5481.92178592 5486.12808831 5492.20417695
 5494.37189434 5512.17986335 5518.30871826 5526.22839334 5527.17975301
 5533.978003   5536.06618764 5551.1031437  5555.84110885 5556.13734
 5557.24873183 5558.18552493 5558.45675627 5558.65022152 5558.66912138
 5558.84522008 5559.16358441 5559.57264806 5559.91004558 5560.04774457
 5560.4553749  5560.68560654 5560.78773913 5560.99810425 5561.0404706
 5561.21043602 5561.25613568 5561.40903456 5561.73093219 5563.42238641
 5572.03332307 5580.79205864 5582.70111127 5589.08413098 5594.65162336
 5598.1033313  5603.42165885 5617.03735869 5619.41320788 5624.46473739
 5625.21283189 5626.37748999 5636.83084643 5642.36617238 5646.43220913
 5646.80777304 5647.13717062 5652.29679933 5652.3374657  5662.37199188
 5664.1099791  5664.58910891 5670.78656332 5671.2469266  5672.1218535
 5674.64230162 5676.86501861 5689.55199195 5693.2521314  5693.55852914
 5696.93727096 5697.91643042 5700.21181354 5700.3480792  5707.45659358
 5709.37171282 5709.80504297 5711.28449875 5715.94516447 5716.15032963
 5717.47511988 5717.92618323 5719.2180404  5730.51082399 5736.08204968
 5755.85253758 5756.62129859 5757.15599466 5757.58782482 5758.36111913
 5768.27097957 5771.63452149 5781.26941729 5784.21899559 5785.40005357
 5787.76730282 5795.46457953 5795.68854455 5795.78351052 5797.73439617
 5798.60448977 5805.49317243 5807.9936207  5808.28165192 5815.17583454
 5819.70360123 5821.51922121 5821.5754208  5822.62901305 5833.83643061
 5834.66439118 5838.50559626 5840.64971382 5844.27078719 5845.07188129
 5845.86464213 5847.39473087 5847.97405995 5880.23285599 5882.50247263
 5925.06525954 5928.97986408 5929.44402733 5929.83259114 5945.28411081
 5945.87190649 5945.92353944 5946.17993755 5946.33283643 5947.08703088
 5947.13566386 5947.2155966  5947.3199625  5947.88875832 5948.40808783
 5951.8149961  5955.37460325 5955.52453548 5958.96351019 5962.68654947
 5966.60562064 5972.52971039 5973.49946993 5980.04332179 5981.18648005
 5986.77697226 5988.98498935 6007.81041754 6012.00735333 6032.14237189
 6032.64943483 6048.23358686 6059.85393471 6062.73871349 6078.00803451
 6078.575197   6084.00025709 6084.81725108 6087.48363147 6100.76410045
 6108.74687506 6121.60101384 6138.073826   6148.24855116 6179.68158661
 6188.12362451 6189.47048127 6202.95254876 6209.29796875 6209.45330094
 6215.98258625 6226.9910386  6229.12722289 6229.25682194 6233.80412182
 6240.73397084 6240.94836927 6241.64306416 6249.6310054  6268.17383567
 6268.71256504 6275.88337896 6278.09322937 6288.43091999 6290.41170542
 6294.59607464 6298.28261419 6299.65820407 6325.91951089 6330.88180773
 6331.26670489 6331.29230471 6331.69703506 6332.79266034 6333.09832475
 6336.03040319 6352.40721605 6353.45167504 6354.20716948 6354.77353198
 6355.08572968 6355.53885968 6367.75653648 6385.33384052 6401.75375307
 6403.15060946 6405.24852736 6407.07001396 6407.26241254 6407.65570965
 6414.5772254  6427.31896501 6444.27494028 6444.61517111 6446.67722261
 6447.04718656 6447.18861885 6463.32743347 6477.20503139 6487.85788636
 6491.86725687 6522.19836709 6524.29701832 6529.57704614 6534.18787889
 6534.25384508 6534.33084451 6534.79134112 6563.27969823 6608.28003388
 6611.56994301 6612.10817239 6612.84946693 6617.9836625  6624.16858367
 6626.63803217 6629.75220927 6630.422671   6633.186584   6634.3373422
 6636.86649027 6656.35508024 6691.77175306]"
561,664851_2023-11-16_E-427,MOs,True,"[  47.92215787   47.93239113  203.48858021 ... 6542.56938391 6633.57478115
 6672.9513915 ]"
562,664851_2023-11-16_E-431,MOs,True,"[  25.1388588    31.08438173   32.76343604 ... 6687.9098148  6688.49624382
 6688.96697369]"
563,664851_2023-11-16_E-439,MOs,True,"[ 461.35841668  799.18493166  801.3541157  ... 6680.95449929 6683.06905041
 6687.20761996]"
564,664851_2023-11-16_E-451,ORBm,True,"[  63.45994358   63.53200971  223.1783687   379.54581848  444.94293743
  522.7846315   583.37285248  586.51559603  759.05572684  796.08122116
  863.71652364  876.28413119  899.12692983  899.13352978 1025.05117021
 1026.50285953 1039.84229474 1052.46770187 1063.51082064 1082.68674625
 1097.44887099 1199.79308483 1234.43353001 1260.32333957 1280.30439259
 1301.55980291 1316.19596191 1337.7261702  1339.85432122 1347.4655319
 1409.30197703 1427.83674069 1431.27584873 1436.6045762  1455.01364078
 1455.03940726 1455.31570523 1455.35297162 1466.62902201 1466.98961936
 1470.46979376 1471.23775477 1473.36907243 1474.42309801 1481.92100952
 1483.6462635  1505.10823896 1507.88058523 1511.5185918  1517.14538375
 1531.75230963 1531.77710945 1535.68914734 1535.93081223 1541.95640124
 1542.48326403 1542.53579698 1543.30545798 1543.85378728 1544.32701714
 1544.34241702 1591.29670496 1611.97218621 1628.02556812 1633.64932676
 1656.52269184 1656.53219177 1657.41331862 1657.69961651 1658.1177801
 1658.27324563 1661.48595533 1663.93447065 1666.41188576 1667.70480958
 1667.89160821 1668.50630369 1670.75848712 1670.80012015 1670.8383532
 1670.96985223 1672.21757639 1677.36317187 1677.38460504 1680.77471344
 1689.44161635 1700.81689935 1707.59701614 1724.66535725 1742.59035873
 1744.43887847 1744.61197719 1744.91747495 1745.00724095 1745.46660424
 1749.09154424 1749.53944095 1749.85960526 1761.5996189  1761.89055009
 1762.48434573 1764.20813305 1767.94197225 1770.44242052 1782.29786665
 1792.12956099 1798.67471285 1799.44954048 1808.2701756  1808.48934065
 1809.50816649 1810.10882874 1812.90940814 1817.29854252 1825.78421343
 1827.46833438 1838.45962019 1844.26747747 1844.55800867 1874.23142373
 1907.69901088 1920.34338453 1927.90226226 1928.16202702 1953.97520381
 1954.59603257 1972.86056489 1973.17582923 1973.18559583 1973.53965989
 1973.56209306 1973.58935953 1973.63162588 1974.01865637 1974.45911979
 1975.06038204 2008.11117225 2009.94619209 2013.22836795 2014.64745751
 2014.66519071 2023.83528992 2026.11897312 2028.24845746 2031.87449745
 2032.15216208 2035.11014032 2056.088486   2056.12905237 2056.18038533
 2056.21431841 2056.73114794 2057.16494475 2058.33273616 2067.39983613
 2069.50635397 2069.7792853  2080.04657644 2084.52091019 2089.04064361
 2089.06111013 2089.11947636 2089.18514255 2097.59478069 2097.64911362
 2097.70427988 2099.31196806 2109.32266109 2110.8699497  2114.91081998
 2120.39821295 2144.45153601 2149.9100292  2150.34159269 2159.03329542
 2180.76733555 2181.46146377 2181.55869639 2181.61016268 2183.60248136
 2207.16047473 2247.4140453  2254.03596326 2254.94285658 2257.56590396
 2258.07750019 2267.66429634 2280.97509843 2325.92346779 2326.42126413
 2326.42623076 2345.04486047 2350.48832043 2352.67460435 2355.67081564
 2358.14069747 2364.72034907 2364.72921567 2371.03120265 2371.06383574
 2371.07800231 2371.19546811 2371.47546605 2384.87130084 2386.46422246
 2388.71913921 2390.32252741 2403.28273208 2428.26061501 2436.65038663
 2461.91010082 2466.2684021  2480.90116113 2481.19822561 2481.62428914
 2482.16108519 2482.84238018 2483.89913907 2483.91473896 2489.79132906
 2492.28124408 2496.81541073 2515.2804749  2515.28854151 2555.43177955
 2561.42396881 2565.65203771 2565.6626043  2573.91481026 2575.05076857
 2576.5922239  2614.50577834 2667.13282456 2673.83650858 2686.52401525
 2686.53864848 2690.99001573 2713.77674812 2716.71569316 2716.72432643
 2716.75882618 2721.73898955 2729.86866308 2755.5995738  2786.68287849
 2798.66079038 2803.96781801 2811.00463292 2831.98784523 2832.34934257
 2874.90762952 2884.10262855 2885.58485098 2885.67501698 2910.82823196
 2914.01884182 2957.99181836 2958.87767851 2959.31504196 2965.55566272
 2981.82744303 2995.84610658 3001.63756397 3014.26727107 3018.26574166
 3020.6801239  3026.29074929 3026.31001582 3033.54029597 3044.73094698
 3047.80199106 3062.51598283 3107.11145479 3166.95548125 3186.00950775
 3187.41519741 3188.96361936 3189.10511832 3205.41319835 3205.54033075
 3205.58879706 3205.67392977 3207.97237953 3233.02996188 3353.34747683
 3418.27249925 3418.83462845 3435.83733671 3457.3723783  3479.03668561
 3510.63801982 3519.34472244 3523.51245845 3528.14895768 3539.49434089
 3565.58321565 3624.07595205 3638.23711455 3638.27621426 3650.90098806
 3713.55519385 3775.46513844 3797.53694275 3797.95630633 3802.72273794
 3806.5169767  3806.53444323 3831.57192573 3869.98180986 3870.8960698
 3900.73301699 3911.53557086 3913.86522039 3917.89742406 3927.330888
 3930.2442999  3930.51569791 4014.81264449 4020.51146924 4020.53230242
 4068.08281931 4084.22383391 4099.75478634 4117.35002357 4125.9654602
 4164.68174207 4216.17336331 4252.69259467 4252.74596095 4266.93362325
 4266.93672323 4266.94582316 4266.9503898  4266.96248971 4295.79601094
 4295.83297734 4295.90157683 4295.90631013 4295.98050959 4296.07504222
 4296.18967471 4303.72268597 4305.55540582 4310.22840478 4413.33851298
 4479.21599506 4485.45191585 4573.02520501 4583.49862797 4650.97983158
 4659.98876531 4678.83659334 4694.64614371 4746.46506253 4772.31977235
 4781.2760398  4781.32440611 4886.67236452 4886.696631   4895.64056521
 4895.70856471 4895.71879797 4895.80766399 4899.21717224 5025.2298453
 5025.24031189 5082.18319303 5082.18672633 5082.2051262  5082.22942602
 5082.24499257 5082.24799255 5082.2682924  5082.28345895 5082.29592553
 5082.31925869 5082.33802522 5082.34272519 5082.35759174 5082.38842485
 5082.42465792 5082.50219068 5107.09524311 5107.12120958 5107.68717209
 5108.08140252 5114.18405763 5114.20385748 5169.67498278 5172.52919512
 5172.56722817 5228.31888473 5228.32195138 5228.4326839  5228.44205049
 5228.46168368 5228.49795008 5263.56972543 5263.58525865 5288.53770844
 5290.77939195 5290.79215852 5304.63752334 5327.25755695 5340.42276011
 5340.45002657 5352.73946951 5377.79171856 5406.05367733 5406.13547673
 5407.2043022  5407.22743537 5408.06229589 5414.51528176 5476.49432585
 5476.50179246 5476.54642546 5476.56045869 5476.60649169 5510.20511121
 5520.4242027  5520.44350256 5525.62986441 5533.53543959 5546.24924607
 5546.26141265 5551.79857192 5634.15929941 5639.53572653 5656.91059872
 5660.40413969 5666.82629245 5669.64093841 5721.18575925 5740.84534797
 5741.04591317 5762.04265872 5779.03476706 5779.06300018 5803.71158554
 5866.0109606  5872.1516821  5873.26317392 5873.73357046 5873.78293677
 5900.25947534 5900.27100859 5900.29550841 5900.36607456 5900.46697381
 5909.48127417 5909.54774035 5909.72317239 5910.55153297 5917.4850153
 5944.7015151  5944.7283149  5978.93749659 5981.14294704 5981.34527888
 5982.15057296 5982.87200098 5982.93056722 5988.18069527 5988.32586087
 6020.5136241  6033.11476474 6038.12936118 6067.72171017 6089.05368659
 6104.09377596 6122.99880356 6125.99628151 6126.18458012 6126.24907965
 6127.84993454 6128.17199884 6128.20193195 6140.22437685 6144.33431328
 6144.34567987 6241.59966448 6288.34092065 6301.06009376 6301.06712704
 6311.26145205 6312.48834303 6313.1626714  6314.51412812 6317.93026966
 6318.92326236 6319.28235972 6346.47682634 6359.65946271 6359.66856264
 6359.67646258 6359.68016255 6359.70969567 6359.72032893 6359.73806213
 6359.74696206 6359.83019478 6362.19514405 6362.28731004 6362.61297431
 6372.00970519 6384.43104716 6384.46164693 6384.50707993 6409.15449863
 6409.16533188 6409.330464   6425.47284526 6425.9747749  6430.3157763
 6453.39953983 6489.87103822 6490.05703685 6490.86396425 6491.16242872
 6491.17192865 6494.87930138 6537.95175121 6551.87144882 6567.92116409
 6567.95309719 6592.00145362 6592.7798479  6592.9058803  6608.17993462
 6608.29910041 6608.45213261 6608.99486195 6609.07282805 6633.06121826
 6682.85778529 6683.19751613 6687.88821496 6688.51781033]"
565,664851_2023-11-16_E-453,ORBm,True,"[  83.26599789  169.72326191  236.07890714  236.12377348  238.50118932
  266.44805042  424.15875698  434.50614753  565.08622033  583.34108605
  733.1282509   738.7374763   780.6636679   784.99556937  837.08401954
  850.99565054  892.21111403  921.2304339   921.73136355  947.90703767
  947.9715372   950.69561716  991.26715205 1031.08915913 1031.09485909
 1034.48050085 1082.68444626 1091.43411524 1108.43815682 1206.30797024
 1212.16182718 1218.54181358 1300.97040724 1300.97430721 1301.05043999
 1301.05640661 1301.07727312 1301.1444393  1311.49126319 1370.74652731
 1376.58911767 1425.44485829 1440.25541601 1455.32833847 1475.62858914
 1512.50041792 1515.33359708 1515.85622656 1527.9589042  1530.61718465
 1530.62041796 1530.71538393 1530.71971723 1535.65351427 1537.59413333
 1606.28632804 1606.29042801 1606.29426131 1606.30042793 1606.3048279
 1628.57156411 1628.85286204 1656.09182834 1656.09539498 1656.10046161
 1656.14822792 1656.21356078 1656.51232525 1722.04087656 1729.83738587
 1741.88239727 1741.89033055 1741.89979714 1749.03987796 1766.46621644
 1798.88897794 1798.89221125 1807.12661734 1808.27767554 1808.28257551
 1838.32885449 1868.63463156 1898.7917764  1938.64668323 1976.53030456
 1978.39872415 2014.58615796 2016.80610829 2016.88554104 2017.18267219
 2017.79886766 2038.10451829 2071.02854277 2087.60852081 2107.38800865
 2107.40177522 2107.41217514 2107.76380589 2107.80140561 2107.80813889
 2108.70223232 2136.16749695 2152.32354478 2165.7603126  2177.29236111
 2242.36844908 2278.86564728 2307.50996991 2307.51353655 2307.51920317
 2307.55876955 2307.64613557 2326.41513084 2330.35760184 2330.51826733
 2331.46502703 2331.5679596  2331.71222521 2331.8494242  2331.95865673
 2335.44173111 2351.40614701 2387.16045067 2387.20871698 2387.41284882
 2387.46221512 2387.57008099 2387.68441348 2387.80011263 2387.89947857
 2387.95024486 2388.01664437 2388.14997673 2388.29484233 2388.40610818
 2388.47000771 2392.00058174 2401.60674441 2401.79604301 2403.03556723
 2403.20499932 2403.31979847 2410.82100996 2410.85774302 2412.24006619
 2412.2788659  2413.13699292 2413.15262614 2436.00449138 2436.5048877
 2436.65028663 2438.05230965 2438.16257551 2438.4312402  2438.76297109
 2467.79122423 2480.48206421 2480.48629751 2480.49913075 2480.50989734
 2480.51506397 2480.52723054 2480.53369716 2480.59783002 2480.60786328
 2480.63182977 2480.6365964  2480.64342969 2480.65002964 2480.66786284
 2480.77219541 2480.78829529 2566.70362997 2567.60972331 2568.91201373
 2580.3492296  2602.94426339 2609.94424523 2609.95177851 2609.95987845
 2614.43517886 2614.52474487 2624.25720661 2625.85979482 2625.98246059
 2627.77464741 2630.00253102 2653.07902794 2667.15539106 2667.15902436
 2667.24392374 2667.39945593 2667.74875336 2673.55417732 2685.12825885
 2702.42159831 2774.6186339  2787.73920406 2790.70951554 2826.70041746
 2826.83718312 2826.84331641 2826.98398204 2826.99438197 2832.85537219
 2833.03310421 2849.03885314 2876.52765094 2876.62368356 2876.63495015
 2876.74691599 2876.78418238 2876.89744822 2876.93154797 2877.01798066
 2877.13647979 2877.30967852 2877.64357606 2877.79614161 2877.93904055
 2877.95997373 2877.96817367 2878.03923982 2878.05423971 2878.06987293
 2878.21250521 2878.36507075 2878.54656942 2878.78726765 2878.90293346
 2878.97723292 2878.9847662  2888.10899908 2890.96381141 2898.96528589
 2978.53846722 2983.77436204 2988.13956326 2988.14899653 2988.30129541
 3001.9558283  3002.08449402 3026.84391189 3030.50295164 3030.65631718
 3043.33465725 3044.1527179  3050.60303712 3050.79356905 3154.23620814
 3155.8455963  3155.93562897 3156.06666134 3166.20392011 3166.21642002
 3166.22065332 3166.23461988 3166.2780529  3168.09290621 3185.28964638
 3185.36857913 3185.6950434  3185.75237631 3185.83807568 3186.00940775
 3189.19181768 3189.20018428 3189.3432499  3198.69438111 3234.42425162
 3283.54245698 3339.32597997 3339.33877988 3392.89471926 3411.43921618
 3417.07987469 3418.26789928 3418.33466546 3418.37203185 3419.87088749
 3421.07624529 3421.14591145 3427.88392855 3427.94959473 3429.51444989
 3429.51971652 3433.67418596 3433.69748579 3433.77431855 3433.78535181
 3433.82148487 3433.84158473 3433.89971763 3433.90755091 3433.91875082
 3433.94791728 3434.03065    3434.06774973 3434.0852496  3434.18618219
 3434.22621523 3434.26411495 3434.35424762 3434.53131299 3434.78351113
 3439.75454123 3453.91933704 3454.4413332  3454.51919929 3454.60723198
 3503.41697294 3503.4350728  3516.13977935 3516.24914521 3516.26317844
 3516.29614486 3516.35567776 3516.37957758 3516.41371067 3516.46457696
 3516.4823435  3516.49221009 3516.64284231 3516.7355083  3517.14777193
 3517.38237021 3517.4743362  3519.33445585 3524.04105456 3524.17325359
 3524.27081954 3524.34071902 3524.37688542 3524.4525182  3524.5347176
 3524.54828416 3524.63605018 3524.67181659 3524.68781647 3524.70351635
 3524.8381487  3524.90848151 3524.96424777 3524.98024765 3525.02031402
 3525.04058054 3525.07674694 3525.08418022 3525.10684672 3525.12857989
 3525.15541303 3525.21337927 3525.2452457  3530.66303918 3530.69870559
 3530.72283874 3530.73033869 3530.75360518 3530.76647176 3530.79570487
 3530.80497147 3530.83953789 3530.86767101 3530.91560399 3530.92833723
 3530.96250365 3530.98140351 3531.02420319 3531.06010293 3531.096436
 3531.13870235 3543.2223468  3543.35881246 3543.47931157 3543.4937448
 3543.51521131 3543.55924432 3543.63601042 3543.72597643 3543.73940966
 3543.89870849 3544.04210744 3544.11250692 3544.25370588 3544.42083798
 3544.58673676 3544.63893638 3544.69830261 3544.77913535 3544.7945019
 3544.91230103 3544.98613382 3545.11043291 3545.31899804 3545.41386401
 3545.58709607 3545.84052754 3546.03729276 3546.14549196 3546.2037582
 3546.22872468 3546.3040908  3546.37739026 3546.3856902  3546.47345622
 3546.56132224 3546.60698857 3552.33784641 3552.48561199 3552.49547859
 3552.56871138 3552.59434453 3552.65981071 3552.81044294 3557.63947408
 3570.63554515 3576.81609969 3597.82021185 3631.74442897 3638.23538123
 3640.15936707 3649.85289577 3677.35239348 3679.72604269 3679.75817579
 3707.74790323 3724.06261656 3724.07228315 3733.95357713 3748.63780245
 3775.11994098 3782.25472183 3806.07474662 3806.28311175 3806.30041162
 3836.44568988 3871.94202877 3872.0143949  3872.18929362 3872.21432677
 3872.45089169 3872.55702425 3872.77528931 3872.92582153 3873.17381971
 3873.19468622 3873.27891894 3873.31928531 3873.36761828 3876.40812925
 3876.42312914 3882.69168303 3886.4656886  3911.53997082 3913.35415748
 3913.42789027 3917.90759065 3921.36096525 3950.86241491 3951.3162449
 3951.32257819 3951.42707742 3951.45681053 3951.52747668 3951.66314235
 3951.75540834 3951.89370732 3969.73877605 3975.76779837 3975.79813148
 3975.82989791 3975.89886407 3982.29975032 3983.60304074 3997.26690689
 3997.34460632 3997.48597195 3997.50730512 3997.64323746 3997.70667032
 3997.82286947 3997.92596871 3997.97653501 3998.01150142 3998.21499992
 3998.34643229 3998.49309787 3998.6387968  3998.7658292  3999.18012615
 3999.30692522 3999.35349154 3999.41729107 3999.46772404 3999.53969017
 3999.58262319 3999.59288978 3999.65215601 3999.7950883  4000.07848621
 4000.09981939 4000.12268589 4000.19238537 4000.29981792 4000.54261613
 4000.68608174 4000.69944831 4000.89674686 4001.21571118 4001.33747695
 4001.40727644 4001.42640963 4001.63550809 4001.74660727 4001.84000659
 4008.44592466 4008.49115766 4008.56399046 4008.71495602 4008.72798925
 4031.86961903 4032.68617969 4049.27879097 4082.13091598 4108.13695801
 4119.53537417 4157.99079129 4216.12976363 4243.45576262 4245.13868357
 4246.02071042 4246.26577528 4250.82500841 4250.84207495 4250.86320813
 4252.67999477 4252.7164945  4252.73599435 4252.77052743 4253.29995687
 4259.47077815 4259.47521145 4266.96935632 4298.72782271 4298.82352201
 4310.1488387  4310.15623864 4310.18873841 4310.28067106 4310.45810309
 4337.9499342  4359.88430618 4371.00482438 4374.14576794 4376.30291874
 4378.36047027 4379.99335826 4405.58513668 4464.11830611 4483.90796054
 4483.93619367 4489.80508383 4674.14316119 4674.1655277  4674.25792702
 4733.99105429 4734.00518752 4734.08498693 4734.12045334 4734.17698626
 4734.31888521 4742.11946117 4758.83090491 4761.88134913 4780.25424732
 4780.3250468  4780.51114543 4780.52837863 4780.75624363 4780.83027641
 4780.9455089  4780.98647526 4781.02917495 4781.07760793 4781.09534113
 4781.14857407 4781.17127391 4781.24487336 4781.2758398  4781.32717276
 4781.55987105 4788.54791964 4797.92988396 4805.87902549 4808.45500654
 4808.92180311 4818.34430046 4842.66008827 4842.67565482 4842.73725437
 4842.81522046 4842.96265271 4843.01881896 4843.09795171 4843.2132842
 4843.23485071 4843.26395049 4843.5884481  4843.64228104 4887.29385995
 4895.58226564 4901.4525558  4901.48062226 4915.0376892  4958.18287183
 4968.25866438 5028.39545535 5071.66530373 5080.92610227 5081.0401681
 5081.16786716 5082.91238766 5088.02755004 5102.4514106  5114.06119187
 5151.46578339 5151.58644917 5151.61521562 5151.65778198 5151.71531489
 5151.7270148  5151.78444771 5151.80508089 5151.83688066 5151.85038056
 5151.90851347 5151.99897947 5152.05787903 5152.08787881 5152.17317819
 5152.2025113  5152.21314456 5152.288944   5152.39424323 5152.53997549
 5152.58207518 5152.82574005 5152.88790626 5153.18967071 5153.29940324
 5153.64713401 5153.75853319 5154.06179763 5154.06649759 5154.15403028
 5163.98009134 5186.32332698 5188.76130905 5188.78377555 5199.235832
 5225.66770423 5253.78326409 5253.89386327 5294.52996436 5304.07259416
 5304.71415611 5304.73262264 5306.98620606 5307.63106799 5326.54019556
 5340.86819017 5348.07457049 5377.78405195 5377.80088516 5391.30801913
 5414.65811404 5414.69714709 5414.78774642 5456.81120397 5476.50675909
 5479.58153647 5486.23905417 5486.2800872  5515.45643925 5572.53121941
 5576.4753904  5615.05140663 5618.34778239 5626.55542201 5626.56475528
 5629.865231   5629.8734976  5629.88629751 5636.92757905 5637.77123951
 5638.60066674 5638.65799965 5638.6703329  5638.68199948 5645.72438101
 5649.40968723 5651.12664127 5651.17127427 5696.387275   5713.8028469
 5736.75611139 5740.57691662 5740.69768239 5740.78031512 5740.91608079
 5741.25277831 5741.26461156 5741.27267816 5756.14790208 5756.17976851
 5758.55435104 5758.57401756 5758.58455082 5761.95432603 5770.57969592
 5770.68056184 5805.10370863 5817.44441785 5864.14190768 5869.52403476
 5871.04589023 5876.88874725 5909.41307467 5920.21056192 5938.92505759
 5938.92842423 5972.38717811 5992.7576616  5993.32862407 5993.56188902
 5995.65954025 6008.14178177 6016.58691965 6033.13379793 6033.23596384
 6033.3192299  6052.49972214 6052.50672209 6124.7473907  6125.95108184
 6125.9883149  6127.46290405 6197.98871861 6206.87165327 6288.34712061
 6293.36635035 6314.30276301 6317.24627469 6345.299735   6346.79579066
 6346.84872361 6358.93920134 6361.38158337 6361.60844837 6361.62971488
 6373.31796224 6420.46644875 6423.01573    6430.53847466 6430.582441
 6442.15992251 6453.77370375 6454.11373458 6463.59979813 6491.34002741
 6519.17082269 6530.85517008 6531.20796748 6538.83851135 6542.15452029
 6542.41135174 6542.47141796 6542.49791777 6569.81401683 6607.97133615
 6617.19523497 6660.22835175 6684.98253633]"
566,664851_2023-11-16_E-457,ORBm,True,"[  20.126629     20.13339562   20.17099534 ... 6690.92942592 6691.62495414
 6691.79451956]"
567,664851_2023-11-16_E-466,ORBm,True,"[  37.22230324   41.52993822   47.98205743 ... 6691.32025638 6691.34098956
 6691.43518887]"
568,664851_2023-11-16_E-468,ORBm,True,"[  29.45702703   60.59926462   75.90791868 ... 6691.33902291 6691.48495517
 6691.68995366]"
569,664851_2023-11-16_E-470,ORBm,True,"[ 117.47181294  137.20616777  137.48603238  246.66022931  359.89802967
  360.58735794  374.33969011  574.64751667  639.36544061  658.00283685
  695.3170957   710.68078269  730.94933359  792.02248434  812.25746883
  818.63535525  831.0679638   838.9529058   841.16855616  844.51423155
  908.41926148  923.57511666  928.27834873  939.30180097  944.79266058
 1064.99394306 1110.31334303 1135.01339467 1142.4045403  1153.07049518
 1170.39380108 1223.17904613 1272.37051762 1273.65270819 1292.53973592
 1300.54167706 1303.76445336 1397.89609427 1450.96003727 1479.88795781
 1480.34975441 1551.32573232 1574.65629404 1582.42007026 1620.12032627
 1620.9551868  1632.28110349 1665.15212836 1667.25167958 1684.77905065
 1690.90707224 1712.11594956 1716.75121547 1721.22041593 1722.15057575
 1724.63645746 1761.80028409 1776.9614059  1791.20006783 1795.89229998
 1875.07115088 1921.32974394 1936.98409546 1939.60104287 1941.67082765
 1942.9782847  1960.72405416 2012.87830385 2020.46091474 2090.04966952
 2111.67547711 2112.23800631 2185.44466781 2191.79892107 2218.54135768
 2230.44287014 2237.48178503 2259.59845567 2274.88290991 2311.60007315
 2334.47913819 2334.73360299 2334.87036865 2355.68204889 2356.12414564
 2369.4970806  2405.20308462 2434.98619887 2438.30250781 2438.52473951
 2443.30927098 2443.54856922 2461.92726736 2478.23588073 2483.60300792
 2506.55810573 2526.56035859 2538.2150062  2542.81203905 2562.97009077
 2598.24243131 2607.74196143 2609.74154672 2638.70030037 2664.99734027
 2673.42867825 2678.87177154 2688.45143441 2694.90695359 2706.87333223
 2729.84372993 2731.79638223 2734.77886029 2763.79194688 2765.58570035
 2790.72334877 2791.04254642 2796.8363038  2823.4690079  2826.56205181
 2852.37559526 2864.83143697 2869.28850419 2877.30294523 2884.68869091
 2887.41857082 2913.54781195 2935.80988153 2939.59935365 2942.59066498
 2995.73240741 3024.73672739 3025.85348584 3052.10662606 3077.9317361
 3119.65182921 3156.03632823 3181.72540593 3184.42335275 3203.33921361
 3204.07467487 3228.82905944 3237.58996167 3251.46755958 3263.93393455
 3265.6168555  3297.41042163 3310.9725552  3311.01792154 3362.84124033
 3372.02290612 3385.17344272 3393.12315091 3419.68292221 3420.05445281
 3430.50837591 3435.95030255 3445.29440048 3445.82396325 3462.96717048
 3469.6298548  3492.68065191 3497.15061903 3522.39380001 3534.49554433
 3542.23975403 3547.97274519 3548.5695408  3556.88391297 3563.94022773
 3564.36505794 3579.11454945 3579.67277867 3590.71156414 3598.09250985
 3598.34334133 3600.32656008 3600.64229109 3614.66158797 3621.60497022
 3621.95626764 3626.6012668  3639.74500345 3650.31422571 3666.89397042
 3669.34651904 3694.58500006 3698.21637334 3700.20892535 3701.27855082
 3703.69823302 3709.9233539  3709.954387   3710.58094906 3712.1796373
 3712.7452998  3718.72648914 3723.33005528 3731.26656356 3732.92645135
 3742.67344632 3742.98174406 3759.76918724 3759.8830864  3766.44127149
 3778.77351411 3782.81918435 3788.03174601 3809.45982172 3810.03401749
 3814.13412067 3842.9492087  3843.10614088 3846.2986174  3855.28618462
 3861.09400857 3865.85594021 3867.38456229 3878.28788209 3884.18120541
 3901.00081502 3912.17473282 3920.71713665 3926.18429644 3926.33799531
 3943.59436837 3948.4522993  3956.66147225 3971.84062726 3973.0942847
 3986.74515096 3991.58148205 3992.47730879 3992.93020546 3993.51216785
 4007.08326802 4016.63716441 4039.98435933 4071.69285942 4075.24843327
 4075.43193192 4089.93795855 4093.04626902 4099.4239221  4109.5113479
 4114.63587687 4122.42048628 4140.71691836 4175.65236137 4201.33157248
 4201.77980252 4202.17823292 4219.76390356 4220.16450061 4220.31849948
 4222.60901597 4224.94316546 4226.21888941 4227.13688266 4231.00002091
 4259.40861194 4267.77891703 4269.14117368 4283.26010316 4294.04362383
 4306.61196472 4311.82205972 4322.14795043 4335.41278619 4336.6985434
 4341.63324044 4342.66726616 4366.5932235  4383.1735682  4391.97657012
 4392.07083609 4402.46199299 4423.47970505 4428.44023523 4441.89553625
 4446.91393267 4451.09503525 4451.20706776 4451.2551674  4480.75458374
 4493.08052641 4503.0051534  4520.65215692 4522.30747808 4541.56910306
 4586.47447274 4587.17263427 4587.22226724 4591.95926573 4601.21903095
 4602.33285609 4607.23262005 4619.11533264 4620.52502227 4627.62013675
 4629.26425798 4649.16337828 4649.1921114  4649.4958425  4649.62094158
 4658.28061121 4659.51316881 4659.61186808 4659.92979908 4660.15256411
 4674.34349305 4702.05475588 4709.9732643  4716.05565289 4716.23825155
 4717.84683971 4721.74384438 4738.15985696 4741.43343288 4741.52433221
 4741.72813071 4743.20985315 4752.84154896 4760.58675866 4763.92626742
 4771.17311412 4772.17084011 4782.51773067 4785.40224278 4792.94345398
 4805.90575863 4808.17844191 4813.10930564 4813.16360524 4819.72699029
 4820.2289866  4824.05565845 4824.07095834 4825.53461424 4835.36754191
 4841.91516041 4856.65581865 4864.26986264 4869.3143922  4876.27547433
 4886.12173523 4887.04739509 4895.42376681 4898.42941137 4905.93468949
 4918.26533212 4918.37089801 4930.23907738 4930.653341   4931.42966862
 4932.75179223 4937.16029313 4954.03816898 4954.50253223 4957.05118015
 4964.3452265  4977.87029367 5003.04910846 5003.88330233 5005.6175229
 5011.07621608 5012.6548378  5022.97342857 5042.74131649 5043.33121215
 5077.87679137 5103.57766898 5104.60192812 5105.49362156 5119.46518545
 5145.50836055 5154.17463013 5155.69478562 5161.36064394 5164.97365069
 5168.19076036 5180.63010219 5182.70775358 5192.17651726 5192.90031194
 5197.46417836 5210.89111293 5225.62387122 5227.6794561  5227.84858819
 5233.54914626 5239.48123596 5243.50070639 5244.59003171 5244.69499761
 5255.82831571 5255.88614862 5275.02410784 5275.40343838 5292.67661132
 5299.35776218 5305.71471542 5315.69950864 5315.7906413  5358.09066348
 5363.16452616 5406.18454304 5419.08134817 5423.63284802 5428.86594286
 5445.80051829 5449.26842612 5449.283926   5458.1882605  5470.14160591
 5473.8086456  5485.8718902  5497.68603663 5504.44662023 5504.92081674
 5514.91320991 5525.45739901 5530.34219641 5530.78725981 5549.04329218
 5550.03685154 5550.62821386 5555.6212438  5572.20725513 5575.37639848
 5575.5731637  5579.90906514 5580.10203039 5602.43286612 5619.09647688
 5620.53556629 5629.85486441 5631.8900161  5632.22331365 5632.93264177
 5633.00217459 5633.15380681 5659.82457729 5666.30759627 5692.79570142
 5697.69353206 5712.53718954 5724.30913628 5745.46344734 5746.31490774
 5755.04097689 5760.56496959 5768.28674612 5780.09539259 5811.986258
 5816.36565912 5816.45159182 5822.12368343 5822.61977978 5857.63992218
 5872.43777999 5878.33456995 5885.22228595 5885.37801814 5886.92627342
 5888.96782507 5889.07179097 5896.3496041  5896.4716032  5896.52070284
 5912.78291655 5912.84648275 5913.37614552 5930.64341851 5975.00682551
 5975.09962482 5984.80718675 5989.20078776 5992.61026268 5992.67892885
 5992.96072677 5993.07532593 5996.51390064 5996.98403051 6029.67352338
 6032.74123415 6044.01895119 6044.14985023 6052.80141992 6055.68779869
 6086.23097402 6088.91078764 6096.22273385 6105.74443048 6121.17485031
 6121.30028272 6140.45657514 6154.82003615 6169.11593099 6169.21163029
 6182.98029567 6195.46147053 6201.01579634 6208.53624102 6236.69763387
 6236.85029941 6236.93439879 6250.99289538 6251.35035942 6251.72828997
 6252.98304741 6254.54213594 6296.88449114 6304.76119987 6304.78413303
 6319.27389311 6320.02972089 6323.00473234 6324.76558605 6332.64519475
 6344.40957488 6344.53527396 6356.84291676 6364.51449366 6369.24625885
 6370.05308625 6384.02501681 6388.37541814 6389.28804476 6405.48059232
 6407.15218002 6416.60234384 6427.591863   6448.64304149 6461.70264542
 6462.7748042  6466.28677837 6467.6374351  6467.72970109 6467.89556653
 6491.88725672 6493.07581464 6499.78993192 6499.8430982  6502.75941008
 6506.01448613 6511.90707612 6514.63188941 6518.54042733 6526.07260526
 6530.17900838 6530.40757337 6537.42145511 6561.72697632 6561.79320916
 6564.20532476 6579.21778099 6584.21797754 6604.45816199 6608.51999878
 6615.85284484 6618.41222601 6618.53435845 6618.6365577  6625.2609423
 6626.48283331 6629.37071207 6629.4034785  6629.87930833 6632.83311994
 6645.15722928 6645.21486219 6645.5445931  6647.40751273 6659.69478901
 6661.2778107  6662.0393051  6664.41835426 6664.49695369 6668.06529411
 6673.61198664 6677.34572584 6678.48611745 6685.28560077 6685.48573263]"
570,664851_2023-11-16_E-471,ORBm,True,"[  76.7200127   191.35880277  213.90060362  233.7730241   283.73805657
  308.21937648  356.80515243  367.94153717  379.00468913  446.93518944
  450.03703329  564.75805608  623.46112426  631.82852938  729.50521088
  795.43302592  796.99294778  799.04039939  806.28971273  860.17381636
  876.01273319  916.8445995  1010.31187863 1011.35747094 1058.73532243
 1078.05581365 1092.87593796 1104.19078807 1172.65028449 1188.06287111
 1244.63672163 1281.77374845 1313.19128401 1321.83108713 1349.26645198
 1361.87545923 1370.68229445 1373.55070668 1375.3603267  1375.42579289
 1420.09469764 1423.38244013 1471.56168572 1480.62068575 1492.41909897
 1493.15602688 1494.02968712 1501.45206585 1562.30641821 1564.13187145
 1624.48116086 1625.39732079 1631.16804501 1667.18278009 1667.22704643
 1703.95177629 1716.62091643 1726.02148061 1734.87901545 1775.10545289
 1787.93369186 1803.70920915 1814.85402717 1844.27721073 1862.56360955
 1865.99528431 1868.29483406 1878.14212829 1890.62663646 1895.34916839
 1906.13555571 1914.62049329 1918.27613307 1947.25085327 1950.20373155
 1957.2344465  1959.03079995 1968.15473284 1968.85386103 2007.63484242
 2009.78322662 2011.36631498 2012.90270367 2023.35792677 2028.24842413
 2036.24663196 2041.98122311 2051.4397202  2062.2470407  2080.98653619
 2135.15487107 2231.41289634 2254.00356349 2285.78382972 2289.7922669
 2320.70183953 2322.89142343 2323.57051843 2326.32056487 2358.27306316
 2384.39327103 2386.26195728 2386.4086562  2396.48638207 2441.57481707
 2450.40318547 2477.80348391 2492.40784315 2524.72550542 2534.49573356
 2538.47647094 2555.15724824 2558.72505533 2561.49280163 2565.12590824
 2566.45603179 2570.99919837 2603.67992464 2612.17276217 2631.44792039
 2638.31306989 2642.17824145 2647.90453267 2647.96303223 2657.69649397
 2681.25448735 2692.28060624 2776.99228311 2845.57987859 2863.35808114
 2868.77290798 2869.93123279 2956.5051293  2980.37358706 3029.72692402
 3052.22915849 3071.04325343 3074.2691297  3082.57480194 3082.77383381
 3115.1342291  3138.19779278 3204.37273934 3213.86590284 3240.31344163
 3276.12581153 3293.19305266 3297.1659901  3308.145676   3341.9911937
 3361.03668694 3429.88501383 3439.10224603 3450.64426113 3470.35368281
 3476.43127144 3477.00270057 3544.35007184 3548.72773963 3549.76036537
 3554.5422302  3561.57787844 3568.37356179 3571.34287328 3577.75282613
 3609.25476107 3617.09020343 3618.93635652 3619.04055575 3620.74157657
 3621.72893598 3626.83643174 3634.61200788 3645.25946289 3655.57922031
 3656.23931546 3659.81708914 3672.00856613 3672.30909725 3673.48765525
 3692.9432788  3697.20048082 3703.69739969 3705.85821713 3706.66881117
 3717.80459592 3729.74917473 3732.37352209 3742.62841332 3750.29619025
 3759.68578785 3768.77045436 3784.42420588 3794.03786849 3811.50690666
 3814.05405459 3817.43072975 3827.70272086 3833.50367819 3850.64181879
 3856.11861183 3866.33806999 3868.48582086 3883.43614422 3883.45761073
 3884.38703723 3887.3316489  3889.86896357 3895.16625793 3915.1781774
 3918.53068607 3932.74651483 3948.11800176 3958.48789215 3966.07366968
 3971.44036354 3985.24236201 3985.41072744 3992.32307659 3995.12618931
 4001.84330656 4002.36203608 4002.68506704 4004.29822184 4004.83501789
 4005.27004802 4005.37091395 4006.54110534 4007.57279775 4009.17011933
 4014.8025779  4022.3301892  4025.00773617 4028.67684251 4032.20918319
 4039.5228294  4043.34830126 4044.20319497 4063.82635062 4069.22184427
 4069.67970757 4075.31113281 4078.79337386 4080.01366488 4082.68227859
 4084.11660137 4089.93079193 4090.77378573 4092.59933897 4093.64599794
 4097.28407118 4098.23566418 4109.88011185 4128.35940926 4137.0761118
 4156.92689912 4171.30392669 4175.41662977 4195.94737875 4201.29777273
 4201.33660578 4203.61298903 4204.02431934 4214.69174087 4214.7328739
 4217.25602201 4219.21820758 4225.88855851 4227.7748113  4230.58785727
 4232.04094659 4232.19614544 4236.08228352 4241.70050886 4253.19802429
 4257.87385656 4264.05337777 4282.21344419 4282.98193854 4300.40807702
 4300.65977517 4300.87777356 4301.52133549 4306.86149621 4308.02485432
 4315.13913532 4315.44386642 4317.74148285 4321.86908582 4323.21110928
 4323.70853895 4330.83561986 4331.05198494 4345.22101404 4350.89770562
 4359.57944176 4359.69994087 4371.4826542  4371.69491931 4395.03588094
 4396.75946827 4397.54582915 4399.79494594 4413.33164636 4416.85452045
 4424.47853103 4429.53712716 4430.22675542 4436.24211117 4447.65322723
 4447.83359257 4451.0421023  4454.52407669 4466.71005372 4467.29494941
 4476.09018472 4477.88047155 4479.75762441 4485.17521789 4491.73990293
 4492.04123405 4499.77111052 4502.9503538  4508.587379   4535.8629117
 4543.18822448 4551.49223007 4552.86735329 4554.92747147 4559.476838
 4573.2344368  4573.36163587 4575.02495696 4576.89500987 4599.12044639
 4607.92134831 4627.09670726 4639.88974649 4649.03991252 4658.63867524
 4660.07796466 4668.46520296 4671.00535094 4691.42366741 4699.07647779
 4699.58144074 4701.35992766 4706.3299911  4710.10872997 4713.15614088
 4714.11273385 4715.73972188 4720.56808636 4731.52087246 4732.36776623
 4736.24660437 4743.33315224 4744.42854418 4750.71226463 4753.4578111
 4757.51091462 4758.94780405 4760.31656064 4764.65042876 4767.74803931
 4770.31738708 4771.02904851 4771.82747597 4787.4521277  4791.70902972
 4795.70543366 4796.00163148 4808.17230862 4811.61414997 4811.97131401
 4816.9978437  4818.55329893 4819.94845533 4845.63299973 4856.49905314
 4856.86061714 4861.73654794 4862.17817803 4862.60534155 4862.74084055
 4866.07254938 4874.66258619 4880.91364021 4881.2046714  4883.11495735
 4884.78384508 4911.38488273 4913.51453374 4916.97810826 4921.43430881
 4942.34042169 4954.4705658  4956.45675119 4970.64771347 4985.54307057
 4989.30147625 4989.3537092  5023.76685606 5024.14075331 5024.9938137
 5028.78005252 5028.87261851 5029.51648044 5029.85544461 5033.02705461
 5049.80893117 5058.2876688  5082.80922175 5086.8353588  5086.90965826
 5103.64403516 5108.04196948 5110.79141592 5114.94238539 5115.94947798
 5124.99614476 5125.74100595 5128.19098793 5128.65848449 5130.98483405
 5132.15449211 5138.94710881 5142.68744796 5148.11654136 5148.1603077
 5148.68433718 5148.78256979 5162.12767163 5165.30874823 5165.55921305
 5177.64485749 5179.34307833 5181.68589443 5184.53940677 5187.60991752
 5190.51529615 5193.888738   5197.38494561 5213.77619171 5218.20859244
 5225.67453752 5227.14479337 5228.76698144 5228.91428035 5233.94087671
 5237.43818432 5251.54228057 5255.4224187  5262.40670065 5265.20351341
 5270.06957762 5280.3858684  5290.00396432 5293.52563841 5298.61943428
 5301.05831634 5303.04380173 5303.27526669 5303.68363036 5312.5145654
 5315.90940709 5319.60077994 5319.74864552 5326.53422894 5333.0695142
 5344.14696605 5345.4767896  5355.76798056 5359.70498494 5368.17505597
 5371.26503324 5371.52549799 5372.1314602  5386.54652083 5414.43368236
 5419.60314433 5420.24903958 5423.50184899 5424.1842773  5424.93173847
 5425.39903503 5426.07146342 5434.49540145 5437.35478042 5441.00388691
 5447.89063625 5455.26778199 5456.74000449 5457.63889788 5459.87724808
 5470.08547299 5470.35910431 5472.00345888 5477.26225353 5477.69571701
 5478.22484645 5478.68337641 5482.62318076 5486.16968801 5490.21835823
 5498.45429764 5503.90149091 5519.96233943 5521.68372677 5522.47328763
 5523.4155807  5529.80250038 5530.32839652 5531.06552443 5542.65920581
 5543.64519856 5544.46672585 5544.96295553 5565.70296964 5567.70495491
 5568.1727848  5568.37721663 5577.03425295 5581.12715618 5592.61973831
 5592.81630353 5592.89593627 5594.22095986 5594.57859056 5595.56788329
 5624.0690403  5624.53973684 5630.50169298 5630.86085701 5633.72826925
 5636.66838096 5647.2711363  5648.14396321 5657.64642664 5660.77983693
 5661.76769633 5665.86559952 5665.88599937 5675.950292   5677.16228309
 5677.73811218 5678.28477483 5681.31955251 5681.85454857 5683.33030438
 5687.15087628 5705.15917714 5709.58027796 5710.68440317 5711.40123123
 5711.96306043 5712.00629344 5712.32905774 5718.56067856 5720.59183029
 5731.41271736 5731.78621461 5733.09700497 5735.71318573 5735.84018479
 5735.92895081 5740.22465254 5743.10643134 5743.94062521 5745.57254653
 5749.8822815  5750.61430945 5751.86900022 5752.10333183 5756.09920243
 5759.72744241 5777.16644747 5803.64161938 5804.75301121 5809.25071146
 5818.46067704 5820.09453169 5836.96974089 5844.08468856 5845.0850812
 5850.24140993 5851.20136954 5851.64909958 5852.67019207 5855.75993601
 5869.8952987  5870.08809728 5870.58476029 5871.93908366 5872.4321467
 5872.71941126 5874.97642799 5876.09811973 5879.20989685 5886.8420407
 5886.94657327 5893.50152505 5899.38398178 5918.69753971 5928.2785359
 5929.50186024 5930.87865011 5931.16304802 5931.59871148 5965.81649311
 5978.55846605 5978.89356358 5979.6303915  5982.63510273 5982.78463496
 5983.63182873 5984.07899211 5985.27651663 5988.01919645 5988.32512754
 5988.72419127 5989.4539859  5990.48721163 5991.81653519 5997.17002914
 5997.72502506 5997.7282917  6003.10845213 6003.2118847  6003.92857943
 6004.16707767 6010.23359971 6019.52296472 6021.18875246 6028.39099948
 6028.55256496 6030.32838523 6043.6188208  6043.69138694 6043.99141806
 6044.5982136  6045.2731753  6047.443626   6050.42300409 6062.79451308
 6064.27226888 6069.53723015 6070.04372642 6076.29854708 6076.98284205
 6079.67062228 6081.26381056 6082.56026769 6083.68049278 6088.64232295
 6090.97977242 6095.69903771 6096.62899753 6099.35477748 6101.61016089
 6117.74860885 6130.28234998 6131.49167442 6131.59810697 6134.07355543
 6135.23711353 6136.669203   6136.82003522 6137.04610023 6138.97725269
 6140.54240784 6141.65943296 6141.94673085 6142.35132787 6144.05841531
 6147.49959    6148.1477519  6150.06823777 6150.34383574 6152.97281641
 6156.34355828 6156.82725472 6157.79538093 6158.3342103  6163.89583606
 6164.58183101 6164.87942882 6166.21151902 6166.65521576 6168.5344686
 6170.85355154 6171.47591363 6171.50868006 6175.4368845  6177.64223494
 6178.94052539 6182.05610247 6184.79218235 6186.05993969 6186.8644671
 6190.98997009 6198.660147   6209.2913688  6222.48887172 6226.6555744
 6230.01604968 6233.19265965 6233.26549245 6240.55090552 6243.4815173
 6243.61471632 6245.91333275 6246.37876265 6254.6738683  6263.08287311
 6263.22177209 6265.3828562  6267.13580997 6273.67536186 6273.86782711
 6275.07475157 6275.88421228 6276.32914234 6280.06634819 6281.86723494
 6286.92923104 6288.41682009 6297.35868765 6297.61631909 6298.49631262
 6298.62627833 6299.91410219 6299.99393493 6302.523083   6305.49456114
 6305.49759445 6305.82282539 6306.85071783 6311.28895185 6311.43715076
 6311.66438242 6316.9555435  6317.06097606 6320.74704894 6320.96418068
 6324.87125194 6325.1253834  6325.2792156  6326.02507678 6329.81824888
 6332.77616046 6334.3204491  6334.41174843 6334.60668033 6340.91560058
 6341.74072785 6344.76777225 6347.44531922 6351.60105532 6356.75131743
 6360.45612351 6360.55228947 6369.07016015 6371.18257794 6371.96720551
 6372.17047068 6372.27926988 6372.47770175 6381.31090344 6385.11344214
 6385.96030257 6388.95964718 6390.32430381 6393.74711196 6394.42724029
 6395.64883131 6396.71419014 6401.57352106 6401.65398713 6413.25003517
 6422.9118641  6425.82667599 6427.17356608 6444.63827094 6444.89736904
 6452.57981253 6455.1480603  6456.43761748 6458.80433341 6461.00518388
 6462.3670072  6464.64745709 6465.24208605 6465.3894183  6467.85036687
 6469.20205692 6472.09566897 6478.18885748 6480.41590777 6480.72543882
 6482.05142907 6482.33866029 6489.43037479 6492.22372091 6493.25034669
 6495.22663216 6498.23647668 6499.27700236 6500.41536065 6504.48719737
 6510.01445671 6511.5295789  6511.99720879 6512.0456751  6519.02725708
 6519.20365578 6521.93533569 6522.19366712 6522.48656497 6533.66974937
 6538.50851378 6539.93363663 6540.10996866 6540.72566414 6541.78722299
 6544.99103276 6547.33854883 6551.65075044 6551.75724966 6552.39247832
 6553.80396793 6558.81269776 6559.90098975 6568.42426039 6575.92037191
 6576.00517129 6576.83479852 6577.45792727 6583.57858225 6584.04021218
 6597.16081567 6599.16316761 6609.28195984 6614.86741876 6615.14755003
 6615.20808292 6619.38431886 6620.52274382 6621.18983892 6621.24463851
 6622.20609811 6625.80627162 6626.06880303 6627.23949442 6630.00824072
 6631.41069707 6631.7004616  6635.88386416 6639.25827267 6643.22291018
 6645.28219503 6646.61165192 6649.907861   6652.7217403  6654.34196172
 6654.44499429 6656.32094716 6656.37168012 6658.15260036 6658.46799804
 6659.88922091 6660.14775235 6667.52569807 6669.55501648 6672.67649352
 6677.31185942 6677.36899233 6684.5204064  6685.01803607 6685.94636257
 6687.42811834 6687.86941509 6688.77087513 6689.1651389  6690.37096336]"
571,664851_2023-11-16_E-482,ORBm,True,"[  20.58122565   20.7205913    20.77615755 ... 5682.5253103  6435.8306024
 6527.80995914]"
572,664851_2023-11-16_E-491,FRP,True,"[ 421.91457349  450.90586023  470.31565079 ... 6690.70636089 6691.06819156
 6691.34302288]"
573,664851_2023-11-16_E-515,PL,True,"[  20.36309393   20.43272675   20.52619273 ... 6671.68830079 6672.23216345
 6685.14863511]"
574,664851_2023-11-16_E-528,PL,True,"[ 195.19380789  195.19980784  199.72837453 ... 6585.34456926 6585.6241672
 6687.1296872 ]"
575,664851_2023-11-16_E-544,MOs,True,"[  52.97398738   78.68156494  103.1486183  ... 6687.12858721 6687.15692034
 6688.39454457]"
576,664851_2023-11-16_E-561,ORBm,True,"[  20.85615697   21.71355066   21.85148298 ... 6688.80300823 6688.84914122
 6690.69229433]"
577,664851_2023-11-16_E-568,ORBm,True,"[  32.62970369   32.96460123   33.22076601 ... 6691.47745522 6691.55045468
 6691.75965315]"
578,664851_2023-11-16_E-606,PL,True,"[ 267.40501004  308.38144196  452.28201677  741.9005197   797.97120725
  829.45387567  848.37800313  848.40336961  848.4277361   892.24758043
 1016.7641645  1022.46782255 1066.7326636  1070.30917063 1076.89978882
 1095.39925274 1108.4679566  1115.45103857 1184.2629324  1197.59680098
 1212.95702133 1214.84200746 1261.40426495 1262.43575737 1269.28917362
 1271.79438852 1449.8450788  1459.70133963 1459.90630479 1462.74021728
 1466.25569142 1473.05617473 1523.38230454 1552.31972501 1582.52756947
 1582.54320269 1582.56323587 1582.64096864 1596.81286439 1603.09728483
 1618.90866852 1654.2887416  1692.21002932 1724.35159289 1738.78658671
 1739.51264804 1816.86401238 1887.97128932 1891.62616244 1951.3569564
 2011.81957831 2011.95344399 2078.45535481 2087.5110882  2087.73258657
 2097.56864755 2109.06316299 2186.08049646 2186.1343294  2186.31909471
 2186.36146106 2208.18776718 2208.20523372 2208.23363351 2208.72949653
 2355.91444718 2364.79151522 2398.1680697  2415.41164286 2428.96157652
 2435.91949201 2468.06605554 2524.93237057 2572.76151874 2586.02545451
 2586.59385033 2781.23498523 2787.54653881 2805.8865039  3024.04719913
 3049.77707653 3143.59741973 3166.81644894 3172.14814305 3178.68419497
 3204.18087409 3207.047053   3213.27040722 3213.3961063  3213.67987088
 3214.21650027 3214.38153238 3214.53476459 3214.59619747 3220.6958526
 3223.41729925 3226.9816397  3229.64342012 3229.96815106 3230.2118826
 3230.38214802 3231.3544742  3231.53360622 3231.57843922 3232.61103162
 3232.69966431 3232.97222897 3235.92197394 3237.36319667 3237.99002539
 3238.44255539 3238.54035467 3238.69525354 3238.83688583 3239.09855057
 3239.83624514 3240.15640945 3252.25168715 3253.89090842 3254.91240091
 3256.60935509 3257.06245176 3258.84403866 3261.41331976 3261.80038358
 3266.20778449 3269.35029471 3270.37102053 3273.02936764 3273.52286401
 3275.23398476 3277.17250383 3279.99911638 3280.04428271 3280.32361399
 3282.55403091 3282.6649301  3282.87436189 3283.18499294 3285.96793914
 3287.43039504 3287.59106053 3292.39235855 3314.2136647  3314.87309318
 3315.40832258 3315.577388   3315.70482039 3315.92415211 3316.1076841
 3316.30504931 3316.45054824 3322.07557353 3322.49980374 3322.5372368
 3323.37379732 3324.04025908 3324.41715631 3324.66338783 3325.37071596
 3325.85477907 3326.22197636 3327.8436311  3342.6615221  3345.24643642
 3352.67554844 3354.82129932 3355.83645852 3358.01210919 3359.6772636
 3359.69766345 3359.7182633  3359.76346297 3359.79579607 3359.86236224
 3359.92996175 3359.9589282  3359.98326135 3360.08889391 3360.23209286
 3360.76155563 3360.89815462 3361.05902011 3361.42388409 3361.68208219
 3362.64010848 3363.06947198 3364.42429535 3364.51366136 3364.78422604
 3365.28492235 3365.63301979 3366.20091562 3366.6557456  3367.34130723
 3367.52533921 3367.98606915 3369.36775899 3369.98285446 3375.64184617
 3376.06857636 3376.95340319 3377.23156781 3377.75846393 3378.03259525
 3379.61308362 3380.66177591 3380.99307347 3381.95066643 3382.18963134
 3382.53399547 3382.82645999 3383.59632099 3383.91258533 3384.18561666
 3385.53370674 3386.16143546 3386.54599929 3386.78376421 3392.29139036
 3395.07943652 3395.29023497 3395.37083438 3395.73789835 3395.81639777
 3396.05576267 3396.26132783 3396.29712757 3396.33462729 3396.35782712
 3396.88492324 3403.76643929 3403.91510486 3406.0845889  3406.45025288
 3406.68101785 3406.92278274 3409.81656145 3410.49445646 3410.92052
 3411.08641878 3411.43328289 3414.5132269  3418.48183104 3418.62199668
 3422.06303803 3422.37320242 3431.47236882 3431.68620058 3431.74836679
 3432.21863    3432.55396086 3432.68802654 3432.82279222 3438.95244713
 3439.22657845 3446.46222522 3452.34604861 3452.83584501 3453.03577687
 3453.49360683 3454.15703529 3462.8424714  3462.97643708 3463.19410214
 3463.27783486 3463.77396455 3464.13722854 3466.46861139 3470.30744982
 3470.50251505 3472.72236539 3477.66576236 3479.03671894 3479.14001818
 3479.63028124 3479.95811216 3491.01683082 3569.54711982 3597.53351396
 3597.7821788  3624.67111434 3654.79772606 3664.69501992 3743.15434279
 3743.27794188 3743.66090573 3744.29640105 3744.3668672  3758.44639697
 3762.69809902 3763.53865951 3769.1226851  3779.68554073 3792.77354446
 3863.82718846 3867.37969566 3911.4162384  3914.97171225 3914.99601207
 3915.02157855 3946.7213787  3950.40291829 3955.80644521 3979.87790147
 3999.91178744 4001.04667909 4004.11315653 4005.18114868 4007.34756607
 4020.1314387  4031.9948181  4046.75867617 4057.39429794 4057.42159773
 4057.51499705 4057.65579601 4062.7241254  4064.01384924 4064.12628175
 4064.24114757 4064.7404439  4065.3294729  4076.73748898 4079.28837022
 4089.77975971 4091.2534822  4097.61236876 4108.18875763 4114.14351383
 4125.36873126 4195.26978374 4223.21737816 4232.25954498 4232.35321096
 4232.46861011 4232.55767612 4235.57198728 4238.97296226 4239.16572751
 4240.71364946 4246.92627042 4252.14246539 4253.21289085 4260.04964056
 4260.70606906 4260.98460035 4269.22867304 4270.14623295 4295.03268322
 4296.64123806 4307.69195677 4308.00335448 4308.32601877 4308.36738514
 4309.21184559 4309.5956761  4309.63110917 4320.50739584 4321.00112554
 4337.54847048 4347.59596324 4347.80029507 4348.23212523 4356.60213033
 4360.8014661  4361.30839571 4361.50096096 4361.6171601  4361.88129149
 4362.0305904  4362.20332246 4362.46405387 4362.57085309 4367.41108415
 4367.53294992 4367.74728168 4375.35792569 4379.33402978 4389.71688674
 4390.55388058 4404.3726456  4419.16790343 4422.8653429  4425.14679279
 4426.40768351 4428.56113434 4431.84087688 4432.05584196 4432.47317223
 4433.77459599 4435.52998307 4436.42707648 4436.82047358 4438.51859442
 4442.12666788 4443.48092459 4447.0588316  4450.02287647 4452.27355991
 4452.32305955 4463.41671128 4472.48394458 4473.93316725 4475.26945742
 4475.52458888 4481.86064227 4484.88335337 4484.97981933 4485.1244516
 4499.51144577 4500.18780746 4519.82002971 4522.29911148 4530.47205136
 4530.78924902 4535.27671601 4538.71719071 4547.43542658 4552.37852355
 4571.98497933 4580.27295169 4589.5621167  4602.65268707 4603.96997738
 4608.36497838 4614.16170241 4616.1748876  4622.13711041 4624.38349389
 4633.10279642 4650.3658361  4655.05980157 4655.48516511 4655.65796384
 4658.2463448  4659.79636673 4663.91033646 4666.9054811  4671.04651731
 4677.06597303 4677.86560048 4702.73421755 4722.01287574 4727.13000476
 4727.85519943 4729.03995738 4742.15569423 4743.15312023 4752.9955145
 4754.11263961 4757.88724518 4762.84944201 4762.95167459 4769.49279314
 4771.38124592 4772.08254076 4772.61923681 4786.46850161 4801.52452419
 4802.95781365 4805.39536238 4810.83782235 4812.64350907 4817.23097532
 4823.83256009 4824.5016885  4852.84311336 4855.72939213 4867.45097257
 4871.1864451  4871.18937841 4872.73083374 4872.90903243 4895.70443141
 4898.55951041 4907.03744805 4927.30899893 4928.63478918 4929.47144969
 4930.64920769 4976.16380623 4987.56238905 5002.24901435 5014.97475407
 5073.25785868 5084.76654069 5086.8774585  5165.46931371 5174.12801669
 5183.70134627 5216.56603785 5235.19003419 5303.16273419 5308.98035806
 5313.8694221  5316.30450419 5357.65600001 5368.43585405 5372.6380898
 5386.83658536 5445.7863184  5459.61988331 5472.72708689 5532.85381127
 5533.03454328 5534.52346566 5559.35454967 5560.55044087 5588.7917998
 5601.29960779 5619.0710104  5641.47164562 5642.462705   5643.08890039
 5654.55594938 5669.8063372  5676.25575642 5678.88030378 5717.59271902
 5717.59455234 5743.69059371 5749.06772082 5797.58749725 5800.21107795
 5827.42504444 5846.75260226 5859.2905767  5870.68192624 5932.30463962
 5932.43667198 5969.70039787 5976.66151333 5976.83964536 5979.66332459
 5981.18871337 5984.77902029 5986.73083927 6001.94652734 6009.82893602
 6012.00828666 6048.22642024 6054.39900817 6068.2395397  6078.16736667
 6078.50456419 6083.11909691 6084.33912127 6085.97444257 6106.1763273
 6175.19175297 6262.32081205 6322.2839043  6328.48142538 6360.434857
 6365.90661675 6373.93309104 6382.71605977 6385.74673748 6390.23883777
 6394.39004057 6413.57863275 6419.50478916 6423.70589159 6456.48581713
 6470.4373145  6482.85542316 6484.05571433 6501.56125223 6502.36194634
 6502.43007917 6516.64047464 6517.73743323 6532.52729111 6576.91016463
 6578.54908591 6580.93293504 6593.29124414 6611.85170761 6618.12236148
 6622.97255914 6636.69152489 6654.23659583 6654.8652912  6654.91865748
 6657.98273494 6660.54578275 6678.72561569 6684.22730855]"
