,unit_id,structure,is_qc_pass,spike_times
0,708016_2024-04-29_A-5,ACB,True,"[  27.56291563   27.87768128   29.7640752  ... 7273.90474798 7274.7062454
 7275.13731068]"
1,708016_2024-04-29_A-7,ACB,True,"[  19.70947429   19.84440719   20.05743983 ... 7274.9116114  7275.04144432
 7275.16607725]"
2,708016_2024-04-29_A-9,CP,True,"[  20.63190465   21.18143621   21.6073015  ... 7273.88271472 7274.08354741
 7274.23731358]"
3,708016_2024-04-29_A-14,MOs,True,"[  46.43858809   46.76475371   77.29602192   88.46575257   89.46621601
   90.36507977   90.42687957   90.43077956   99.18568466  102.60044032
  105.09719893  147.35482933  186.1584042   187.53196644  187.55119971
  192.82754936  196.59570387  205.14744296  205.25700928  205.2707759
  213.46651614  222.97035216  249.02606813  249.15490105  249.17913431
  305.68995207  306.89228153  420.83468076  421.50001195  421.6193449
  421.86344411  432.21484406  432.67110926  449.97678678  453.05667685
  461.57561605  462.04908119  463.36147695  468.75052624  469.2078581
  469.25662461  469.67082327  476.58503431  478.16352922  485.08707356
  488.53249578  493.95444497  494.04844466  494.27881059  495.11187457
  500.15039165  502.79941644  504.64617715  504.65287713  506.43693805
  510.50862492  510.51659156  511.2365559   514.90064409  519.3509964
  523.28021706  524.03261464  524.67087925  527.52420338  527.93800204
  530.16696152  530.21966135  539.23736561  541.78575739  542.18035612
  543.63375143  550.67286206  552.28542353  577.56197535  581.37512972
  586.80221222  588.6595729   596.07531565  598.11530907  601.82293045
  603.44899187  604.51302178  613.90805815  613.92092477  618.5935097
  623.96312572  624.45455747  628.47157785  631.27593547  653.8210961
  654.04766204  656.07972215  656.12275535  676.06889103  676.85752182
  680.20911101  680.81360906  690.21057876  694.78003069  695.11249628
  707.43502321  711.43187699  716.31002792  717.93642268  718.10485547
  718.85321972  721.58584424  729.77461784  729.79028445  731.81247793
  731.87867772  732.63200862  734.22413682  734.77463505  734.83333486
  735.36906646  736.10826408  736.27949686  738.27829042  738.39382338
  739.37988686  745.38610083  749.30852151  751.34101496  751.56104758
  753.20517561  754.82463706  755.02513641  762.20821325  763.02474395
  763.45194257  763.7206417   763.85740793  764.70563853  774.88110571
  776.11356841  776.35683429  781.36058482  781.61978398  781.63551727
  783.07901261  788.39299547  788.53079503  790.93968726  791.91365079
  793.03364718  794.82024142  794.87874123  797.04490091  797.31010005
  797.78503185  798.16139731  798.16563063  810.49509087  810.50742416
  816.16603925  816.17207256  816.25967228  816.29017218  816.30907212
  816.31490543  816.38633854  822.24671964  849.0401999   853.87435098
  927.41914715  929.65943993  932.21809834  933.69356025  934.32622488
  934.40095797  934.41205793  939.20057582  940.28390566  942.82646413
  943.88812738  946.12278684  949.09711058  951.06690423  952.2009339
  953.27899709  963.27313153  964.11092883  966.19002212  969.78167721
  974.34616249  991.98307228  998.02241947 1004.83846416 1008.39221937
 1010.8329115  1016.3309271  1018.7904525  1025.53973074 1027.99865614
 1028.97581966 1037.40102582 1118.58226403 1129.3316627  1132.3196864
 1132.4946525  1132.52765239 1133.46894936 1154.31541547 1159.97406389
 1159.98646385 1165.04038088 1165.35377987 1169.77176562 1189.51836861
 1189.63190158 1192.18272669 1196.88181153 1254.46885916 1284.42612923
 1304.28383186 1317.24942338 1320.62664582 1341.69144456 1341.88231061
 1352.41290998 1355.94203194 1358.16765809 1374.68713816 1375.01347044
 1383.54780958 1425.57107407 1428.42876485 1429.02796292 1431.72612089
 1481.58669343 1481.65532654 1481.66535984 1614.93143009 1614.93929674
 1614.96239666 1614.97962994 1615.25466239 1615.44286178 1615.53812814
 1615.56672805 1615.74062749 2052.43861924 2072.15235567 2132.31456166
 2135.48605144 2183.45283009 2199.84597722 2214.62686289 2289.54365464
 2330.08885722 2331.71098533 2334.62360927 2337.48280005 2338.41066372
 2338.77526255 2377.93056961 2377.97370281 2396.01957795 2396.80047543
 2398.15493773 2398.4208702  2404.63281684 2404.84721615 2405.54788055
 2405.99474578 2407.4261745  2407.45504107 2407.56280739 2407.97860605
 2408.05167248 2411.18592904 2413.69208762 2414.19881932 2414.44178521
 2415.82218076 2416.23901274 2416.41504551 2416.76281106 2417.02961019
 2417.05064346 2417.19864298 2418.9933372  2419.19373655 2420.08693367
 2420.37533274 2420.69826503 2421.64462865 2421.80686146 2421.90939446
 2426.51611294 2426.60144599 2427.05014455 2428.21024081 2429.96053516
 2432.1403948  2440.22640206 2441.78079705 2441.79163034 2442.14882919
 2442.39459507 2442.5402946  2443.07202621 2443.2629256  2444.05485638
 2448.3263426  2449.22807303 2449.38733918 2452.58946219 2453.70052527
 2455.232787   2455.42171972 2455.65848563 2456.29715023 2456.31611684
 2468.33317809 2469.8495732  2470.26233853 2470.26697185 2470.55410426
 2470.78323685 2473.03712958 2474.95252341 2475.13835614 2475.4818217
 2476.76161757 2492.04366829 2497.08445204 2502.79610029 2503.28619871
 2504.1036294  2507.94161703 2526.00952543 2533.65423411 2534.19689903
 2538.2463193  2543.39600269 2544.95329767 2547.17112385 2551.31324383
 2562.60104076 2590.59201717 2594.05603933 2603.8334078  2627.71589745
 2630.35178895 2630.79352086 2633.59737848 2635.50240567 2636.78306821
 2676.54274    2680.9244592  2681.41449095 2681.53212391 2681.6266236
 2681.68205676 2682.09978874 2701.57435928 2702.13385747 2702.56188942
 2712.13285856 2715.58181411 2715.66781383 2715.73148029 2724.66195149
 2733.63925587 2733.65085584 2737.70450943 2737.76924256 2737.85034229
 2738.08067489 2738.80653921 2746.76698021 2789.33934292 2848.33865266
 2888.49588983 2895.22776813 2897.33216134 3009.96263147 3010.32923029
 3020.38346453 3021.65836042 3064.48295565 3072.09229778 3077.77517946
 3141.13500847 3172.45344081 3196.0031982  3214.06203996 3219.48475581
 3233.82174291 3234.26724147 3279.59239531 3305.45224525 3389.96470606
 3394.3641252  3406.08888739 3478.36155433 3497.40809291 3515.11166915
 3515.32463513 3518.33622542 3530.58968591 3539.46445729 3542.9228128
 3544.34234156 3544.35327486 3548.95662668 3569.35806089 3578.01153298
 3580.14022612 3590.101094   3613.63181812 3619.76109835 3627.07217478
 3635.51001423 3661.69719645 3666.20768191 3672.36242873 3673.85429058
 3674.47005526 3674.69842119 3683.16849388 3693.74199312 3737.56958512
 3760.52247777 3796.70859441 3808.07105777 3808.09422436 3830.07952013
 3856.65596776 3867.42926635 3900.11186096 3905.13204477 3905.19334457
 3905.92430888 3925.23237995 3925.2901131  3928.90510144 3928.95850127
 3929.08673419 3929.09493416 3929.34530002 3929.453633   3977.82744368
 3983.80972439 3990.63993569 4000.11743847 4010.87840376 4010.90930366
 4049.78704496 4071.32880883 4082.85663832 4091.07414515 4104.3316024
 4124.46517081 4139.29665631 4159.3022918  4171.97271761 4187.5852006
 4195.42330865 4218.93046618 4233.65968535 4260.35329927 4306.65011664
 4311.90693302 4345.44489154 4397.501257   4398.21608803 4410.67911451
 4424.67703603 4464.50980758 4603.35349318 4620.27717194 4620.71930385
 4621.04873612 4621.15360245 4720.08818341 4733.5168401  4744.66230416
 4744.67887077 4744.78850375 4745.12030268 4745.81256712 4745.88696688
 4745.90563348 4745.91200013 4745.95096667 4746.17276596 4746.18036593
 4746.93799682 4749.93998714 4751.27578283 4753.0030106  4753.33140954
 4754.8101381  4756.82333161 4757.68572883 4757.86936157 4757.88706151
 4758.22026044 4759.05155776 4759.82702192 4760.3502869  4760.35715355
 4760.50138642 4760.70901908 4761.34545036 4761.34998368 4761.47448328
 4761.80494888 4762.11138122 4766.91569907 4766.92203238 4767.69759654
 4767.73832975 4767.92966246 4768.3314945  4774.68527401 4780.33128914
 4795.51534017 4795.58557328 4796.22233789 4807.86810034 4814.34787944
 4814.99187737 4815.9617409  4828.86879928 4828.87669926 4828.88983255
 4828.89683253 4829.07296529 4873.04022351 4873.09145668 4873.09765666
 4874.64935165 4874.92025078 4875.0491837  4875.26238301 4875.54414877
 4939.73317511 4960.85474033 4960.88064024 4970.97630769 5038.7200559
 5038.91045528 5039.00902163 5039.17468776 5098.86459528 5098.88659521
 5098.89546185 5101.53112001 5101.90361881 5102.02131843 5102.11921812
 5107.58836715 5107.73866666 5107.80216646 5108.02446574 5169.53620071
 5172.88672324 5183.71978831 5184.76895159 5206.08351619 5360.99871663
 5430.64055872 5496.72171229 5533.5387269  5539.93910626 5540.11647235
 5541.5385011  5592.03120494 5601.213342   5611.85087436 5612.00344054
 5613.66710184 5614.08903381 5614.09633379 5614.23853333 5614.75976498
 5631.49944433 5631.6428772  5634.2688354  5643.36650606 5677.07236404
 5677.1041306  5677.13203051 5677.15839709 5701.11981982 5723.76218014
 5725.16824227 5726.02227285 5730.83102401 5759.81213056 5763.47301875
 5763.49898533 5763.67701809 5768.33296974 5774.8889486  5775.05988139
 5799.96973439 5801.48406284 5802.35439337 5802.44909306 5812.57469374
 5812.58179372 5813.04525889 5813.06172551 5813.06749215 5813.3421246
 5813.7036901  5813.77952319 5813.78788983 5814.85768638 5814.92241951
 5814.94775276 5814.98788596 5815.05195242 5815.13871881 5815.24068515
 5815.34155149 5815.39918463 5815.40475128 5816.06614915 5826.49811551
 5827.42684585 5827.49034564 5827.60421194 5827.6682784  5827.67251172
 5827.68707834 5827.70477829 5827.81291127 5827.89224435 5828.78174148
 5934.7073999  5986.79973191 6010.14838995 6021.84881889 6021.97241849
 6022.03525162 6022.06168487 6022.69391616 6025.10360839 6025.26127455
 6025.34530761 6025.41097407 6025.49794045 6025.85083931 6026.09517186
 6026.25517134 6027.11100192 6039.29772928 6112.15176101 6112.25229402
 6122.81522663 6127.75704403 6128.6859077  6129.58803812 6149.50324057
 6149.65050676 6151.60803378 6151.9433327  6152.04163238 6155.16225565
 6188.20594909 6188.49611482 6188.91728013 6205.10746126 6208.9713488
 6209.0729818  6259.80435154 6260.44841613 6260.61784892 6292.32764666
 6292.50924607 6292.85481163 6293.24844369 6293.44957637 6293.46167634
 6294.17274071 6294.28727367 6294.30924027 6294.33844018 6294.37547339
 6295.30740372 6296.01480144 6296.42330012 6296.43236676 6296.48683325
 6296.64696606 6300.99301872 6301.63041666 6301.64088329 6302.89147926
 6303.06831202 6303.08774529 6304.31290801 6304.3675745  6308.43312806
 6310.14125588 6381.60315877 6381.96632426 6382.16482362 6383.36548642
 6383.70428533 6383.74175187 6383.75888515 6383.76735179 6384.54721594
 6395.03308213 6463.23969551 6463.50549465 6465.34052207 6465.47018832
 6469.97224047 6473.44229594 6476.1961204  6476.53291931 6476.55441924
 6479.9684749  6482.99973179 6483.65659634 6487.6595501  6488.39761438
 6488.78054648 6490.44454112 6490.62827386 6490.87063974 6490.89073968
 6490.99003936 6494.32262861 6496.42628849 6500.22387625 6500.44847552
 6500.62794161 6500.76367451 6501.57857188 6501.59983848 6501.6545383
 6501.75730463 6501.77040459 6502.83623449 6502.84833445 6513.39980042
 6514.11263146 6523.75843369 6556.90212681 6557.50842485 6558.11145624
 6558.37648872 6558.61172129 6558.62185459 6558.68512106 6558.95455352
 6558.98175343 6558.98742008 6559.05431987 6559.10955302 6559.4373853
 6559.86898391 6559.95875028 6560.01331677 6561.33437918 6567.97029111
 6599.30062341 6607.87902908 6630.31655673 6630.32905669 6630.48708951
 6630.55585596 6630.79132187 6630.84762168 6632.23848387 6632.3323169
 6632.38505006 6632.39611669 6632.52114962 6632.80954869 6667.67463626
 6675.17074542 6707.85917334 6710.86126366 6717.57017536 6718.15510681
 6718.16670677 6720.57936565 6731.0476319  6733.15122511 6738.68557393
 6739.84720352 6739.87610343 6739.88163674 6742.22666251 6743.86005725
 6745.26748604 6746.12441661 6749.09180704 6749.78817146 6750.86663465
 6754.50065627 6756.87718194 6757.71297924 6762.09359845 6765.34738796
 6810.37110943 6840.31687953 6842.548539   6842.57420558 6842.67897191
 6852.84303914 6855.48703061 6857.95148933 6860.42708135 6864.84323377
 6864.85476707 6877.91472495 6912.14471457 6912.16078119 6912.17224782
 6923.01991283 6925.97726996 6929.63505817 6929.70045796 6934.53464237
 6934.59874216 6935.44403944 6935.45807272 6935.47917266 6935.59780561
 6935.64487212 6935.64867211 6935.67720535 6935.68333866 6935.74623846
 6935.75277177 6954.74544386 6955.94910665 6958.87023056 6961.37375582
 6961.48702212 6961.50072208 6961.87322088 6962.54058539 6965.30904313
 6965.32710974 6965.45520932 6971.65685599 6975.15231139 6976.24894118
 6979.72339665 7002.57722295 7002.74022242 7006.88067574 7010.1688318
 7011.32256141 7012.93222289 7050.627568   7052.47536204 7053.05726016
 7068.55831018 7068.70707636 7071.08360203 7076.54681775 7077.43018157
 7080.28820568 7081.30070242 7082.85396408 7082.9695637  7083.41249561
 7084.07479347 7084.18175979 7084.27115951 7085.49515556 7086.21218658
 7086.86145115 7086.87878443 7091.89206826 7091.91733485 7092.13406748
 7092.63746586 7092.97289811 7093.13529759 7093.67236252 7093.80662876
 7093.98939483 7094.25149399 7094.29849384 7094.33079373 7094.36949361
 7094.37459359 7094.3819269  7094.44152671 7094.44756002 7095.55162313
 7097.54131671 7098.6215799  7102.82066635 7105.25835849 7105.37479145
 7105.68252379 7106.49668783 7106.52235442 7106.74342037 7107.0250528
 7107.89404999 7107.94968315 7108.02674957 7108.54618122 7109.48351154
 7109.74947734 7110.12347614 7110.12934279 7111.23777255 7111.39223871
 7111.58627142 7111.65930452 7112.04956993 7112.35540227 7112.36013559
 7116.30952286 7116.32515614 7116.80628792 7118.77728157 7129.97567879
 7130.12214498 7130.25851121 7130.69734313 7134.37993125 7135.96215948
 7164.04920224 7165.13273208 7168.71935385 7170.07654947 7171.1209461
 7174.74763441 7176.98189387 7179.19472007 7184.88230173 7187.3405938
 7189.74381938 7193.20597488 7196.67663036 7200.21181896 7207.28436282
 7213.36377655 7214.39127323 7215.78173542 7216.77619888 7221.42978387
 7223.98924228 7224.16477505 7227.25069843 7232.90711353 7237.55996519
 7242.36391636 7244.79980851 7245.90087162 7248.93339518 7249.37016044
 7252.93884893 7256.74866998 7257.90046626 7259.25789522 7261.4871547
 7262.23181896 7263.63214778 7264.42197856 7264.76571079 7268.68863147
 7272.2571533  7272.28385321 7272.38335289 7272.39298619 7272.41895278
 7273.18958362 7273.34971644 7273.36398306 7273.3743497  7273.37971634
 7273.52471588 7273.59558232]"
4,708016_2024-04-29_A-15,CP,True,"[  33.61956276   33.65126266   36.11232139 ... 7220.57378663 7225.97473588
 7226.0718689 ]"
5,708016_2024-04-29_A-17,CP,True,"[  23.96556056   24.00689376   28.26321337 ... 7273.20355025 7273.76151511
 7273.76578177]"
6,708016_2024-04-29_A-19,CP,True,"[  19.55887477   19.73904086   20.0474732  ... 7274.44361291 7274.53411262
 7274.56124587]"
7,708016_2024-04-29_A-20,CP,True,"[  19.39430864   20.21800598   20.21983931 ... 7275.13431069 7275.1502773
 7275.16007727]"
8,708016_2024-04-29_A-22,CP,True,"[  19.385442     19.43250851   19.43960849 ... 7248.68819597 7264.53007822
 7266.25557265]"
9,708016_2024-04-29_A-23,CP,True,"[  20.17740611   20.37363881   20.38830543 ... 7274.62944565 7274.87051154
 7274.97294454]"
10,708016_2024-04-29_A-26,CP,True,"[  20.28480577   33.37866354   33.41699675 ... 7275.03254435 7275.09111083
 7275.14017733]"
11,708016_2024-04-29_A-28,CP,True,"[  25.92142092   28.31707986   33.48026321 ... 7274.83257833 7274.91591139
 7275.02954436]"
12,708016_2024-04-29_A-32,ORBl,True,"[  20.00364001   21.08526985   22.57183172 ... 7274.89424479 7275.13214403
 7275.14771064]"
13,708016_2024-04-29_A-44,ORBl,True,"[  26.27491978   27.55381566   33.06116456 ... 7274.24041357 7274.24498022
 7274.2502802 ]"
14,708016_2024-04-29_A-48,ORBl,True,"[  19.41887522   19.99754003   20.418772   ... 7273.72594856 7273.84451485
 7273.98571439]"
15,708016_2024-04-29_A-57,fa,True,"[  39.36134425   50.25540912   53.33616585   79.5038148    98.81248587
  129.87951902  150.55378568  212.37068634  212.57165236  214.10001409
  232.90765344  241.38385944  242.00269078  271.8583945   274.59948566
  306.00111773  440.29965132  539.95962994  547.43903916  566.6931104
  688.19681858  699.10471674  721.83114345  729.84031763  756.63903121
  765.10867056  792.39008259  922.80732869  938.81684373  947.26154983
  977.288553    989.89561235  997.85478668 1017.58308973 1035.65486478
 1041.11264718 1064.81780407 1116.05983883 1171.65885954 1203.77428931
 1209.11790541 1215.13491934 1215.98178327 1311.50350857 1345.10103356
 1368.41519171 1513.99388893 1525.51118512 1525.93368376 1582.11820258
 1628.01622123 1642.63144077 1653.34123957 1661.82864553 1667.3254278
 1667.39242759 1672.74637699 1681.48494881 1682.23221307 1694.99967189
 1697.91419583 1722.36698364 1736.7058374  1736.74750393 1741.5553551
 1761.14839191 1765.28084526 1767.01977298 1768.88453363 1779.8424983
 1814.46195333 1819.86140258 1820.82909946 1888.88534666 1958.70838817
 1966.74086226 1991.30958304 1997.24579723 2002.34478078 2009.68465711
 2010.24515531 2012.80464705 2026.19430387 2029.52229314 2039.96502613
 2043.04154955 2045.16884269 2046.27567245 2047.14066966 2052.70165173
 2057.21293718 2062.38138718 2066.5311738  2067.70857    2078.52463512
 2084.89368125 2088.52330288 2092.5883231  2099.77593326 2103.42718815
 2103.66152073 2105.38351518 2105.77181392 2108.91533712 2130.44553436
 2138.48704176 2139.67697125 2150.10940428 2155.49905357 2155.75658607
 2171.10693657 2174.36692605 2179.55310933 2218.40958403 2219.46478063
 2220.97847574 2222.61740379 2231.06550988 2251.55331048 2271.83121176
 2282.36747778 2284.69877026 2297.38852934 2317.82816343 2329.39292613
 2339.254861   2353.31718232 2356.69030477 2368.44276688 2373.3339511
 2387.79127115 2397.45450665 2398.70023597 2407.42590783 2421.7097951
 2461.08613479 2464.4629239  2473.41659503 2476.20631936 2478.96864379
 2503.78963042 2509.70001136 2535.26966223 2546.44369287 2567.5524248
 2571.35911252 2575.06520057 2575.18236686 2605.9206344  2608.06836081
 2611.96474824 2627.29976546 2638.35086316 2638.76916181 2643.44408006
 2655.40597482 2659.13296281 2663.53938193 2664.69197821 2680.98629233
 2683.32141814 2702.08239097 2704.25625063 2709.50360037 2720.25973235
 2721.51459497 2722.0011934  2728.79133817 2729.08433723 2730.40276631
 2737.07461146 2748.26370871 2748.99420636 2753.23402602 2762.77129526
 2784.17165959 2806.38445462 2810.79650706 2816.02292354 2817.02582031
 2820.08187712 2821.48627259 2831.95240551 2839.94197974 2840.19901225
 2850.14694683 2858.01015481 2858.55611972 2858.68168598 2877.04709342
 2890.09458468 2893.63167327 2896.23999819 2917.28843032 2923.05781171
 2944.73524181 2948.76082883 2953.21578113 2974.7356784  2993.99064964
 3013.59098643 3028.54777153 3029.90920048 3039.71336886 3047.53954362
 3049.22493819 3061.51803188 3082.83902979 3086.51971792 3089.32977553
 3106.20155445 3111.23817155 3127.98545087 3140.32644441 3149.5823479
 3164.48169985 3171.70480989 3176.3835948  3197.3376939  3262.51028373
 3268.87622987 3272.16781925 3284.13098068 3288.17733429 3290.3777272
 3290.44242699 3295.15521179 3296.1024754  3308.58660181 3318.84900205
 3327.34800798 3337.4621087  3358.54850736 3381.54103322 3396.04511978
 3398.665078   3466.28509327 3502.66614262 3512.87710969 3530.3862199
 3536.85439904 3539.76875631 3541.12818526 3545.04850595 3551.91445047
 3568.15953142 3573.13598204 3597.65483631 3602.31322128 3614.37284906
 3629.13010147 3646.96694395 3662.58469359 3676.13108324 3686.87901525
 3688.64740954 3689.52667338 3690.74516945 3723.07836518 3724.19509491
 3733.25549903 3754.04393199 3762.06673945 3764.47689835 3775.49812947
 3792.94110656 3811.35178052 3815.44783398 3817.45972749 3819.89745296
 3820.05791911 3820.7644835  3840.80305221 3848.03102891 3849.59829052
 3849.84288973 3869.87119181 3892.29935282 3904.52881338 3933.53005319
 3938.09233848 3958.6876054  3962.72709237 3979.02577315 3986.13275023
 4002.70233013 4010.68433772 4016.91755096 4033.69566352 4034.09446223
 4045.71452476 4046.3338561  4117.13666111 4133.06240975 4136.17136639
 4137.79616115 4177.64706598 4184.54021041 4215.3788443  4215.86940939
 4218.6360338  4231.82682459 4244.02448526 4246.37814434 4246.99284235
 4270.99336496 4275.53461698 4276.98497897 4288.9154405  4304.06505831
 4305.03058853 4321.6909348  4327.65548224 4342.49380105 4355.83629136
 4362.66610267 4399.01265213 4409.41735191 4411.42811209 4423.82993876
 4439.63992111 4448.03062739 4464.9914727  4471.25538583 4479.98439101
 4514.67291249 4573.7937885  4592.10259613 4606.4262166  4620.89790327
 4629.07364357 4647.26305158 4674.08473176 4691.0843436  4710.39118134
 4724.52253577 4752.27134629 4759.60175598 4793.93414527 4802.44895115
 4802.75685015 4929.24857558 4929.5542746  4933.37209562 4936.75535137
 4942.59123256 4967.49711891 4974.87956177 4999.12928357 5015.61489707
 5017.04692579 5099.67282601 5106.22687154 5210.71940124 5212.23299636
 5254.49596007 5272.57250178 5273.60279846 5273.76243128 5278.04945079
 5284.58302972 5288.88108252 5366.66226503 5391.50558492 5401.5387859
 5406.20097086 5413.27568138 5455.41447883 5472.09365838 5472.38125745
 5501.62636314 5525.42725306 5525.57881923 5534.94358903 5554.01316087
 5554.13269382 5555.31519001 5556.41205314 5567.93051599 5666.1684992
 5673.30924284 5680.73858555 5683.22761085 5710.56812269 5752.97905259
 5758.05820288 5769.15996708 5783.84085307 5789.61290112 5790.49476495
 5790.75396411 5795.48804884 5805.50251655 5810.60733342 5811.23546473
 5829.58640555 5897.93385181 5902.95413563 5912.39057186 5918.39338584
 5923.81673502 5925.92172823 5951.65317858 6005.18643928 6006.33490225
 6013.87694459 6015.7444719  6021.3482205  6048.77023207 6135.91571772
 6146.49565026 6178.19928136 6189.03414642 6201.21480714 6272.77634304
 6291.78268175 6297.91449531 6300.94915219 6377.33020588 6396.56354386
 6399.73050031 6406.74941101 6418.49950645 6424.57448686 6429.4011713
 6464.62465771 6466.07108638 6473.89506115 6485.92592235 6489.65037701
 6498.94414704 6507.11912068 6507.38768648 6509.1066476  6529.73824774
 6532.52810541 6555.04916611 6565.54619893 6567.43849283 6589.87138716
 6628.13613043 6629.7886251  6631.31108686 6658.98756427 6659.12659716
 6661.81565515 6669.66812983 6678.15806912 6698.12950472 6770.65497084
 6770.95153655 6771.51623473 6772.9719967  6774.66819123 6777.53864864
 6800.9034733  6801.67013749 6841.58517544 6850.91441202 6854.22910133
 6860.6902805  6869.65518492 6887.69072676 6903.15161024 6909.49722311
 6923.94430985 6925.13963933 6927.34853221 6928.18379618 6929.53695848
 6936.06467077 6937.10333409 6946.35653758 6950.13335873 6952.13761894
 6953.25351534 6954.15754576 6957.08623631 6994.32511623 6996.63144212
 6998.7663019  7022.7476579  7023.38122253 7028.64027223 7029.67340224
 7060.74016872 7060.84750171 7085.96775403 7092.27513369 7113.13939975
 7114.99622709 7116.10342352 7116.35168939 7124.59456281 7134.89309626
 7169.23445219 7176.5897618  7190.01298518 7204.12433968 7227.64089717
 7231.47198482 7237.95153059 7243.70501204 7265.19997606]"
16,708016_2024-04-29_A-67,scwm,True,"[ 115.41689899  117.78625801  153.61367581 ... 7272.80028488 7272.97338432
 7273.39574963]"
17,708016_2024-04-29_A-72,scwm,True,"[ 145.10506992  239.94453075  240.32562952 ... 7214.09597419 7244.26674356
 7247.83373206]"
18,708016_2024-04-29_A-75,MOs,True,"[  20.24940588   20.51887168   20.77797084 ... 7272.2681866  7272.8037182
 7274.23518025]"
19,708016_2024-04-29_A-76,MOs,True,"[  19.45654177   19.66977442   19.73227421 ... 7274.87061154 7274.95074461
 7275.00827776]"
20,708016_2024-04-29_A-78,MOs,True,"[  22.37333236   37.74908278   40.55717373 ... 7267.49806864 7267.50770195
 7267.81176763]"
21,708016_2024-04-29_A-80,MOs,True,"[  22.65049814   25.61395525   32.92143168 ... 7271.7608549  7272.96141769
 7273.99011438]"
22,708016_2024-04-29_A-81,MOs,True,"[  28.73137853   30.93973807   32.01870126 ... 7271.84055464 7272.44485269
 7273.08618396]"
23,708016_2024-04-29_A-83,MOs,True,"[  66.09142472   69.93484566   73.07453553 ... 7268.36679918 7269.39326253
 7270.68142505]"
24,708016_2024-04-29_A-84,MOs,True,"[  20.29917239   20.32200565   20.46937184 ... 7275.01391107 7275.12404405
 7275.17667722]"
25,708016_2024-04-29_A-86,MOs,True,"[  20.32750563   34.45956006   34.75122578   49.20941249   71.98663904
   78.6878841   198.29306507  218.22440079  242.68398858  259.45736783
  260.42479804  266.51234508  296.49984837  323.66616077  375.24339445
  388.46415181  420.40218215  449.4118886   492.08565099  549.54966569
  549.86973132  560.68552977  577.11797678  619.81567243  907.2356789
  926.00788503  949.31390988  950.0320409   951.93773475  952.72859887
  958.95884544  964.28826159 1099.01146047 1210.32723484 1210.90349965
 1214.55628787 1243.77482698 1256.85198481 1292.39613686 1296.00855854
 1335.42376477 1336.34002848 1382.75324548 1399.77632392 1430.22079241
 1479.22656771 1519.49290453 1565.84262173 1590.5446754  1648.71258783
 1664.36927067 1664.62103652 1664.64923643 1700.5707206  1700.81215315
 1704.73304051 1713.50124557 1719.13359407 1784.69141599 1938.52368659
 1950.17224903 1951.62591101 1952.99420659 1958.38912253 1958.58518856
 1995.43086975 2010.17158888 2017.88959732 2028.65419594 2120.20563404
 2178.85921157 2210.44234305 2245.9460619  2255.18153211 2266.10086357
 2270.35461652 2270.58608244 2272.02737779 2272.86980841 2276.07219808
 2291.63954788 2292.70884443 2299.20382349 2300.3572531  2307.71496271
 2311.57261693 2312.13318179 2312.84217951 2315.38780463 2317.21083209
 2318.16269568 2321.65798441 2321.76268407 2321.84018382 2322.47588177
 2325.99733708 2328.08586368 2328.31152962 2331.76968514 2334.78017543
 2340.11582489 2350.13565924 2350.81005707 2351.55552133 2352.00098656
 2352.17821932 2352.29448562 2353.66341454 2356.05170683 2364.9823447
 2367.22973745 2384.41984869 2386.68040806 2386.70467465 2387.76043791
 2388.09040352 2388.96200071 2389.40956593 2393.16655381 2393.70455208
 2399.72923265 2409.37466821 2410.70033061 2411.41202831 2428.67280598
 2431.38036392 2433.94785564 2437.47831092 2449.68157157 2454.46655614
 2480.37130593 2492.39223384 2493.12196482 2510.20220974 2531.03647588
 2541.68114156 2579.36218671 2591.04004905 2591.2731483  2609.30439016
 2636.77183491 2716.23217867 2716.24417864 2717.42614149 2719.36733523
 2782.0162332  2802.13996831 2806.97601938 2807.76341684 2845.33022903
 2912.23917993 2923.31857754 2925.49830384 2928.72182678 2933.26281214
 2934.17407587 2937.35079896 2946.76783525 2969.98709371 2999.72636448
 3001.0829601  3026.30081211 3039.09103754 3042.38336025 3043.74995584
 3049.35450444 3058.22987582 3062.00876363 3076.86914904 3081.4625009
 3081.58206718 3082.18666523 3082.54159742 3086.81285031 3095.52115556
 3106.82585244 3111.79460308 3135.65335948 3136.2359576  3136.92985536
 3138.58648335 3142.20653835 3144.72709689 3157.48598907 3158.7174851
 3186.02269705 3194.31923696 3194.53350294 3195.96699832 3198.89372221
 3200.20978463 3202.3293778  3208.35275838 3210.46055158 3218.14702679
 3229.78818925 3234.06364213 3239.96618976 3240.73465395 3241.94835004
 3244.18047617 3245.7023046  3251.36925299 3257.30013387 3259.65885959
 3261.1235882  3262.52598368 3263.6790133  3269.37222827 3281.51192246
 3287.38830351 3293.332951   3296.35994124 3297.60103724 3320.94639529
 3334.20995252 3341.30552964 3342.05239389 3345.0055177  3345.34521661
 3356.00728223 3361.14839898 3368.53714182 3369.05780681 3369.25367284
 3370.90923417 3371.38596597 3371.66593173 3372.98999413 3388.77710989
 3400.75590459 3401.3099028  3401.73170144 3404.78732492 3409.38677676
 3410.96220501 3415.77995614 3425.20149243 3429.20374619 3432.3212028
 3443.05336819 3457.44738844 3465.89106121 3467.32142327 3470.51177964
 3470.68591242 3509.83201951 3511.47508088 3543.49327763 3547.27779876
 3559.32165992 3624.32355031 3646.03468029 3681.14556707 3682.13286389
 3682.9652612  3691.57466677 3692.77569623 3693.05579533 3699.74020711
 3721.85986911 3727.47721766 3765.00109666 3774.57003247 3775.35216328
 3775.52979604 3837.52832944 3858.24946262 3867.20100042 3869.11199426
 3869.2758604  3869.90102505 3890.23145949 3890.26709271 3890.28529265
 3897.05853747 3903.84818224 3915.21307893 3993.59205951 4080.71944521
 4080.81267824 4111.74917848 4113.92863812 4117.33736046 4123.62334019
 4125.3158014  4125.8101998  4126.05033236 4127.5176943  4128.21475872
 4129.2325221  4130.45045151 4137.34092929 4155.96100258 4161.23191891
 4169.30229289 4170.21928993 4170.54072223 4178.06239797 4181.44265374
 4183.49618045 4189.52346101 4192.40348506 4202.32598639 4203.49241596
 4204.66097886 4206.86473842 4210.03576153 4222.56222114 4223.3478186
 4232.32165633 4235.62314568 4247.26000816 4253.85715355 4254.89701686
 4265.09945063 4267.71467553 4273.06629161 4277.42587755 4281.18756542
 4281.29349841 4283.17799233 4288.80084087 4292.32006285 4294.1459903
 4295.96218444 4298.33967677 4300.89750186 4303.26402756 4304.62658983
 4306.41065075 4308.40224432 4311.80413335 4312.67319722 4323.46489575
 4326.25088677 4355.50532576 4357.79225172 4363.99686504 4368.31815111
 4368.88851594 4369.30428126 4371.58130725 4391.82880863 4421.11404752
 4429.39025417 4433.29214158 4435.50703444 4439.09965619 4450.12068732
 4461.31811787 4462.02964891 4463.94370941 4469.73899072 4471.7296843
 4480.1757904  4482.67234901 4501.73375421 4522.06932197 4536.0536102
 4559.84483348 4575.94734822 4577.57890963 4578.63340623 4594.98178684
 4597.7137447  4597.95664392 4607.42274672 4612.46379713 4617.58428062
 4617.81124656 4618.69061039 4632.97306433 4640.09610803 4640.53387328
 4659.70797812 4669.26824729 4674.30873103 4674.54039695 4684.41623177
 4705.2674312  4727.46609295 4735.46590048 4741.29924834 4747.39112869
 4807.63386776 4832.68538697 4857.03467512 4858.06147181 4859.52543376
 4859.84916604 4884.05742131 4915.01605481 4915.60591958 4919.39227403
 4939.98457429 4972.81750175 4974.28023037 4983.10846856 4989.34448179
 5012.00864204 5029.61031861 5029.97088411 5073.30121105 5087.14063309
 5099.54619308 5099.61472619 5109.31269492 5116.86563723 5132.08978814
 5153.31951968 5153.94688432 5182.97379072 5200.09993549 5207.2901123
 5217.56617916 5257.91504905 5285.15399454 5294.55156424 5316.92182543
 5330.41404859 5340.63811562 5342.94687484 5345.12860114 5345.2959006
 5347.55779331 5359.77398725 5364.10203996 5373.11851088 5373.5258429
 5390.39808849 5395.18320639 5397.0299671  5397.60836524 5399.01062738
 5400.63622214 5401.10152064 5401.24578684 5408.30956406 5411.85045265
 5413.14694846 5416.33233819 5421.21378912 5427.52283544 5431.38205633
 5441.68405644 5450.39436168 5473.63158675 5474.34128446 5475.76754653
 5477.55364077 5482.91142349 5486.80781093 5487.40094235 5493.54138921
 5496.25498046 5496.90504503 5497.2857438  5500.82309906 5501.09499819
 5508.24250847 5516.68111459 5520.3057029  5524.80158841 5530.84963557
 5535.08502191 5535.53945378 5537.78037989 5545.84472055 5547.16688295
 5547.89664726 5554.46392609 5560.04277476 5564.08552839 5565.46742394
 5580.90770748 5589.52574635 5591.43930685 5599.85551304 5608.95121704
 5613.45913584 5630.11378213 5630.20994849 5636.84766042 5640.73631455
 5652.75964244 5658.8084896  5666.69353084 5667.61019455 5685.08077155
 5699.18822605 5720.01705888 5721.91781942 5722.25815166 5724.02834595
 5729.75459415 5777.20140781 5788.30570534 5799.87330137 5808.86213905
 5819.00360634 5821.48216502 5841.90426583 5843.18549503 5848.62867748
 5855.92065396 5856.24238626 5858.22864652 5860.35700632 5872.92299913
 5880.05697613 5881.05580624 5885.20699286 5887.7677846  5894.26163032
 5902.44327061 5907.44265448 5912.7316041  5920.53867892 5929.67361613
 5940.49214791 5971.61138089 5991.40015041 5997.52476399 6015.76093852
 6018.35269683 6073.12898685 6111.27603051 6128.28087567 6145.97828527
 6150.35913781 6188.86201364 6194.333696   6212.54940392 6220.16991268
 6232.5479061  6246.21912868 6290.56358568 6301.60221675 6306.30593492
 6311.343852   6340.84932352 6434.97605332 6456.80058294 6470.41050572
 6483.98022863 6495.88982356 6517.2412547  6560.39784887 6582.80010996
 6629.49945936 6629.75309188 6652.1155531  6669.21053131 6676.7584403
 6679.78209722 6717.39157593 6726.26388066 6738.00950945 6738.54944104
 6739.09320595 6750.01917072 6753.94602472 6766.16365199 6767.61598064
 6783.42259633 6799.8898099  6808.6762149  6815.69239227 6834.4978983
 6849.38818361 6857.97882258 6858.3338881  6868.11672322 6884.51913699
 6899.3486225  6904.36590632 6906.88363154 6939.82329198 6941.6569194
 6959.38209558 6991.53765855 7005.33241406 7011.04582897 7028.18424037
 7046.05364941 7047.31994533 7048.96447336 7081.20390273 7128.79374926
 7131.18537489 7136.71225706 7143.73493442 7206.84923089 7222.45231391
 7230.97908641 7235.46393861 7237.13976654 7239.88935768]"
26,708016_2024-04-29_A-89,MOs,True,"[  19.42917519   19.44520847   19.49187499 ... 7275.12287739 7275.13801067
 7275.15944394]"
27,708016_2024-04-29_A-94,MOs,True,"[  19.48340835   19.6032413    19.70737429 ... 7274.72627867 7274.99871112
 7275.09147749]"
28,708016_2024-04-29_A-96,MOs,True,"[  25.97682074   27.20425012   28.22881348 ... 7274.11468064 7274.60547906
 7274.73657864]"
29,708016_2024-04-29_A-97,MOs,True,"[  21.33410238   21.64093473   21.8545007  ... 7274.94214464 7274.96434457
 7275.00944442]"
30,708016_2024-04-29_A-98,MOs,True,"[  19.41747523   19.94477353   21.55990165 ... 7274.9844445  7275.0562776
 7275.1494773 ]"
31,708016_2024-04-29_A-100,MOs,True,"[  34.69809262   39.78790954   49.30481218 ... 7267.13860314 7268.25283288
 7272.41878611]"
32,708016_2024-04-29_A-104,MOs,True,"[  19.51344159   19.82304059   20.00090668 ... 7274.85407826 7274.92911135
 7275.02241105]"
33,708016_2024-04-29_A-105,MOs,True,"[  19.46697507   19.6216079    20.54800492 ... 7274.92781135 7274.94604463
 7275.12647738]"
34,708016_2024-04-29_A-107,MOs,True,"[  24.51045881   26.78201815   30.1855405  ... 7269.02533039 7271.51675569
 7273.85694814]"
35,708016_2024-04-29_A-110,MOs,True,"[  31.29317027   47.0773527    62.52383622 ... 7274.97964452 7275.0571776
 7275.16411059]"
36,708016_2024-04-29_A-114,MOs,True,"[  20.68593781   26.88088449   65.7040593  ... 7268.22343297 7270.86715778
 7273.97234777]"
37,708016_2024-04-29_A-115,MOs,True,"[  77.45342141   86.93835749  102.60374031  103.00890567  106.14256223
  119.26028659  125.2441673   129.65198642  135.5496674   137.50566109
  140.63658433  153.8452084   163.71397658  166.74756679  174.12520967
  174.9616403   189.2991274   194.02644549  200.173359    203.64121449
  206.11777317  210.51515899  225.59884368  241.7912248   244.47561614
  254.28595117  258.60090392  261.98275968  266.7224444   275.78041519
  297.74891101  375.90045899  387.42902182  398.61778574  424.18773661
  446.13893249  447.53872798  448.24345904  461.22225052  462.45104656
  467.18443129  483.37634574  500.1780249   502.63911696  526.77517246
  576.2669462   581.28989666  634.66885786  659.07004584  694.72016421
  707.85858851  718.32552143  720.84894662  743.87843902  748.48265751
  749.69368694  752.0116128   759.13932314  778.01086229  783.83147685
  789.73899113  794.85770796  798.1752306   867.0669751   881.04643002
  881.50862853  881.56049503  884.84471778  920.63470236  945.5442887
  946.63938517  968.25548213  975.64599163  977.3606861   985.53945973
  991.01190875  995.27716166 1037.61282514 1038.72552155 1046.57512957
 1050.80244927 1054.23467154 1079.39752372 1098.76742793 1113.93461235
 1136.66847237 1144.73577969 1146.8817061  1158.57043508 1176.50931056
 1193.36682287 1195.97208113 1214.62145433 1218.13967632 1233.86242561
 1246.09375284 1257.29391672 1257.94984794 1261.95106837 1277.41968515
 1278.17748271 1307.01715637 1342.48877532 1345.12640015 1354.84003549
 1366.051166   1381.97451466 1382.31044691 1415.62557281 1416.43067021
 1434.05098006 1460.67759419 1487.95017291 1489.80916692 1512.52209367
 1524.37908877 1534.18532381 1542.41936393 1544.8675227  1545.90701935
 1573.43789723 1590.74184143 1596.5395894  1596.85095507 1609.88511303
 1641.29091176 1645.09769948 1654.21617008 1664.10147153 1665.44376721
 1675.25306891 1693.48437678 1695.05723838 1698.86149277 1699.51369067
 1729.01422887 1739.3217623  1757.52853692 1779.89003148 1820.6617
 1833.53625848 1841.12996733 1841.82833174 1887.99071621 1911.16257482
 1932.18907368 1943.8558694  1955.34599901 1979.72628706 1987.7331279
 2034.3318443  2061.24962416 2063.09338488 2071.50049111 2082.57352207
 2088.36943671 2097.90337263 2126.37611415 2152.89192864 2169.80930742
 2197.61601775 2197.78245055 2199.85131054 2253.95000275 2276.74612924
 2278.11035817 2287.02846275 2305.68466925 2346.31900489 2359.01886393
 2377.97663613 2393.62928566 2433.88285585 2451.47089913 2457.31978027
 2484.81245828 2488.20864733 2488.81804536 2512.1047036  2544.81253146
 2567.54849148 2578.54268936 2588.47189067 2590.84414969 2607.97542778
 2617.99326214 2634.27184298 2653.74251352 2659.28326232 2660.29152574
 2673.2661839  2694.28411612 2698.52443578 2778.88377664 2785.00012358
 2808.17561551 2808.94514637 2826.45772322 2832.4084707  2833.07700188
 2850.44024589 2867.65619037 2868.59182069 2898.49762425 2899.8759198
 2901.50098123 2914.4001063  2920.49185332 2938.61432821 2955.15384155
 3024.01231949 3029.80983413 3060.20733611 3070.06727098 3076.23838441
 3086.96234983 3093.54086195 3098.08181397 3099.26331016 3107.7392495
 3114.30662832 3120.79877405 3129.22201355 3144.36253139 3151.10220966
 3156.91502425 3166.42786024 3169.26955108 3170.54794695 3174.36490131
 3181.64607783 3182.02564327 3189.05835393 3189.7794516  3193.997438
 3200.20881797 3220.98895096 3229.99835524 3231.96168224 3251.70718523
 3260.91695554 3263.71221319 3271.67352085 3300.38189494 3303.84735043
 3315.63417909 3316.25987707 3320.05216484 3322.10299156 3325.00124888
 3325.61641356 3336.03064665 3340.91573089 3384.96412218 3394.41015839
 3400.15967318 3401.02460372 3403.58509547 3407.98858127 3413.3005308
 3423.89102998 3435.31692647 3438.22368377 3476.33006088 3524.24710636
 3549.90082363 3562.95538154 3582.72355112 3583.18234964 3613.37285229
 3617.5040723  3628.24063768 3636.66451051 3654.57761941 3656.97351169
 3681.29369993 3696.30621818 3701.95749996 3730.37247499 3732.78073389
 3742.21350347 3753.57656683 3779.37205031 3781.05871154 3789.05295243
 3789.62355059 3789.84584987 3798.64145484 3814.73196962 3814.80746938
 3816.65593008 3819.83075318 3820.30275166 3829.19772297 3833.1574102
 3833.4898758  3840.61631948 3857.43249859 3858.63649471 3859.45015875
 3860.88195413 3863.07854705 3868.84719511 3875.11840822 3875.27110773
 3875.51007363 3875.95733885 3878.47126408 3880.02302574 3896.17604032
 3896.35280641 3899.72339554 3911.12122546 3923.05725363 3926.02644406
 3935.50098017 3940.13903188 3942.5204242  3946.34611186 3948.52380484
 3951.26852932 3958.18090703 3979.41963854 3979.4732717  3989.39270638
 4004.10342561 4008.10141272 4014.78232451 4019.7359752  4026.42912028
 4027.27451756 4027.80124919 4032.53233394 4032.65326688 4032.68793343
 4062.22197153 4064.00106579 4065.13176214 4067.40135482 4068.83855019
 4072.50933835 4074.57929834 4083.39183659 4091.2972111  4092.76223971
 4102.40487528 4103.84030398 4107.97759064 4113.11240742 4121.33994755
 4123.76573973 4129.50235456 4139.4235559  4154.35077443 4161.47868478
 4191.19428896 4194.03434646 4204.25228018 4210.24332753 4210.4265936
 4229.425799   4250.48336443 4251.95299303 4271.30453062 4284.67122085
 4302.27366409 4311.83966657 4319.92724049 4323.8839944  4326.02788749
 4326.65285214 4332.58213302 4333.20563101 4347.76548405 4350.15960967
 4350.52027517 4362.18143757 4362.6761693  4363.58059972 4364.12666463
 4365.02726172 4373.49910107 4375.37682835 4380.58431155 4386.31589307
 4387.00835751 4419.51711934 4421.27984699 4438.67585756 4442.46137868
 4456.37373382 4465.44800456 4474.81374102 4487.25253424 4498.39703164
 4498.8650968  4508.95686425 4554.46078418 4561.09519612 4567.46817557
 4590.36746839 4614.51789051 4614.68058999 4619.89137318 4634.31979332
 4634.90919142 4635.64422238 4643.62592998 4644.47562724 4647.46538426
 4658.98298045 4670.00624491 4676.11305855 4677.6047204  4679.61311393
 4691.01974381 4707.51405729 4713.40620495 4715.3966652  4725.85986479
 4738.17282509 4758.05052765 4767.71349649 4772.25644851 4773.32854505
 4776.66933428 4778.66249452 4786.50676922 4787.69516539 4793.78524575
 4804.85891004 4811.0235235  4816.18994017 4818.92423135 4821.25899049
 4828.51683375 4835.99180965 4838.95253343 4849.68759881 4851.7270589
 4852.81078874 4853.44632003 4860.93899586 4863.08902226 4867.57274114
 4869.66170107 4873.45765549 4878.03007408 4887.03957836 4888.76157281
 4890.96113238 4898.05807616 4912.47049635 4915.03342142 4931.59606801
 4933.42222879 4941.94420131 4948.76704597 4951.32483773 4952.02986879
 4957.5051178  4968.96198085 4974.91609498 4985.8380931  4992.79750399
 5005.05936444 5011.60234335 5017.41262461 5017.79759003 5024.33503562
 5026.02423017 5031.90971119 5045.22883491 5056.36846565 5057.24169617
 5072.73541287 5073.81964271 5088.90579406 5090.63242183 5095.65707229
 5097.36146679 5103.21778124 5108.34483138 5135.35904426 5138.87583292
 5143.5751511  5159.57853283 5160.93376179 5167.17810832 5167.38567432
 5175.70704748 5179.15750302 5207.23677914 5209.99390358 5229.56797379
 5236.14268593 5236.48661815 5243.49636221 5244.49179234 5258.97011231
 5261.44610433 5266.34655519 5267.76618395 5272.41313563 5277.71905185
 5278.44541618 5281.4557398  5281.50067299 5282.56530289 5283.59863289
 5284.50859662 5287.94718554 5289.67557996 5294.46883117 5296.29715861
 5309.60721569 5310.81731179 5312.15540747 5315.95886187 5319.61875007
 5327.92518995 5335.75089805 5339.2502201  5339.75158515 5345.29626727
 5345.75506579 5348.30225757 5348.33045748 5350.58588354 5357.24032875
 5357.28876193 5367.60849531 5369.25105668 5373.80640866 5377.40349706
 5378.44926036 5380.77825285 5381.65648335 5388.15619572 5391.88511703
 5393.88124392 5393.92991043 5396.24096965 5396.54153535 5398.32832958
 5398.90419439 5406.15303768 5408.36423055 5411.47892051 5411.55852025
 5419.91815996 5425.4665754  5442.89951919 5444.16968176 5444.46614747
 5445.36774456 5447.10540562 5447.18750536 5447.74633689 5467.64360606
 5474.59501698 5481.37902843 5482.71355746 5485.54798166 5489.34053609
 5491.27392986 5493.43392289 5494.2495536  5495.12925076 5498.59767291
 5498.69877258 5503.67388987 5504.57575363 5525.91365149 5532.41903051
 5534.00029208 5540.25290525 5550.8099712  5559.1224444  5559.93564177
 5559.99754157 5560.12857449 5565.65092334 5584.41109618 5585.09199398
 5585.62535893 5605.20996244 5605.75962734 5607.44065525 5619.68844909
 5628.88818609 5637.34325882 5639.49641854 5648.2659236  5649.75131881
 5649.9201516  5655.71636624 5662.81011003 5667.58252797 5676.54033242
 5678.48512615 5684.06207483 5685.15503797 5692.43948115 5694.05227595
 5702.20961631 5708.86962817 5713.39718023 5713.6040129  5715.6184064
 5715.76510593 5731.23522271 5736.90907108 5737.30940312 5740.97309131
 5759.96963005 5765.57231198 5771.09816083 5772.2115239  5776.05207819
 5783.87588629 5785.86301321 5785.86784653 5786.00824608 5787.95990645
 5793.50565524 5794.69891805 5798.99313754 5801.21013039 5801.87089493
 5806.68804606 5818.20464225 5820.56756797 5825.23235293 5833.46872636
 5849.07857603 5853.58872815 5853.86409393 5855.44992215 5858.58754536
 5864.78812537 5867.72578256 5868.58877978 5877.07748574 5878.98594625
 5881.1724392  5882.46660169 5883.78473077 5885.83745749 5891.9637044
 5898.7130493  5905.69882677 5921.34050967 5921.81680813 5930.16801453
 5932.71920631 5936.69829348 5938.93565293 5949.43508574 5949.65861835
 5950.40951593 5952.81234151 5953.29160663 5962.1594447  5968.03565909
 5968.78872332 5976.50336511 5980.24875304 5980.28228626 5985.3967031
 5987.86522847 5990.94121856 5993.54621015 5997.2011317  5999.4753577
 6001.13888567 6007.36506559 6017.14693405 6017.88523167 6048.60516594
 6050.7658923  6073.38525269 6087.72110646 6087.87097265 6098.7904041
 6102.48485885 6105.33918298 6105.53921567 6105.95541433 6106.75691175
 6110.59749936 6113.24189083 6114.78165253 6128.78930736 6133.83325776
 6168.30131328 6169.29524341 6186.55928774 6186.65088744 6200.99077453
 6201.3735733  6201.54487274 6214.69853033 6214.96772946 6220.73054421
 6224.76316454 6224.85513091 6225.343796   6231.17647719 6232.13694076
 6232.52560617 6232.64637245 6234.96116499 6235.78566233 6242.90723936
 6243.03340562 6243.94780267 6253.40567217 6254.00657024 6257.31552623
 6257.32489287 6259.50925249 6276.31413163 6277.15216226 6280.50625145
 6282.22471257 6285.1520698  6287.07009695 6289.36745621 6290.46915265
 6298.85135896 6299.53519008 6301.64244995 6308.11269576 6313.28271242
 6319.6965584  6329.46919355 6336.43537109 6337.45533447 6358.59616629
 6364.66011341 6371.42422493 6379.06453362 6379.51509883 6381.85245796
 6409.82306777 6412.56832558 6416.92361154 6429.4845377  6440.73053476
 6441.01730051 6443.99082425 6450.01440483 6470.63447166 6482.26193417
 6489.6833769  6502.79700128 6505.47505931 6505.91622456 6514.06739827
 6514.46423032 6518.34218449 6521.37394138 6522.70600375 6526.89822356
 6527.76908742 6533.86823442 6539.85688177 6541.11194439 6553.48910448
 6561.12404652 6571.77447885 6572.50707648 6572.70760917 6575.11803473
 6578.47222391 6579.34128778 6584.14457229 6591.61668153 6597.34919637
 6598.66055881 6601.2586171  6609.21615811 6619.00685987 6627.57156558
 6628.84762813 6636.75073598 6643.80714656 6647.50463464 6649.59602789
 6650.07485968 6650.91335698 6653.70578131 6653.82478092 6654.42391232
 6656.98930405 6662.29272028 6668.64793312 6669.23363123 6673.06135222
 6675.24064519 6677.71877054 6678.65310086 6689.78729828 6689.98406432
 6691.32729332 6692.14342402 6694.58844947 6704.41228446 6707.13477568
 6712.47365846 6713.24765596 6718.87523782 6723.1403574  6727.90267537
 6734.97575256 6741.22119909 6742.59072801 6753.64709235 6754.64422247
 6755.36098683 6758.16197779 6765.15602191 6770.24653882 6771.07886947
 6780.20334005 6783.06586415 6797.62738386 6809.87301104 6844.58376577
 6846.65549242 6848.18518749 6852.45187373 6862.85730684 6864.41783514
 6871.62507857 6874.32726986 6881.63454629 6892.03177943 6898.30689253
 6912.34061394 6914.14557479 6914.64277318 6915.28770444 6919.82985645
 6921.05258584 6925.94950339 6930.45848885 6932.32511616 6937.8110318
 6958.44786525 6958.82943069 6962.67058497 6964.52424566 6964.67071185
 6965.51460913 6968.36533327 6974.47508024 6974.64661302 6978.05000204
 6978.52886716 6980.44579432 6988.23146921 6990.59976157 6990.74119445
 6992.27055618 6993.20155318 6997.87850477 7002.67902262 7006.13857813
 7007.07617511 7008.59980353 7011.61696046 7013.73705363 7014.71411714
 7014.92448313 7018.73957083 7023.59015519 7025.15258348 7025.73378161
 7031.2258639  7035.78861585 7039.8545694  7044.81978673 7047.06474615
 7059.69150544 7060.8396684  7062.92526167 7063.6208261  7063.77059228
 7070.55993705 7076.64351744 7077.00578293 7084.41479238 7088.55074571
 7090.90520478 7093.26846383 7093.48486313 7097.15075131 7099.32211097
 7101.9386692  7104.43186116 7105.50729102 7107.75541711 7109.40227846
 7113.22966612 7118.17008352 7118.96144764 7121.66990557 7122.12677076
 7124.64756264 7124.72892904 7131.32480777 7135.42126123 7149.64811535
 7175.185333   7178.35992276 7180.71438183 7181.08098065 7186.4735966
 7201.58228121 7220.12218809 7220.80735254 7230.25148876 7231.37558513
 7232.04461631 7233.84861049 7239.44882576 7239.77662471 7243.41697963
 7254.25754468 7254.62567682 7254.7258765  7257.59493391 7265.1442429
 7268.41203236 7268.88249751 7268.98879717 7271.65055525 7272.19448683]"
38,708016_2024-04-29_A-116,MOs,True,"[  19.94900685   20.12827294   20.71920436 ... 7274.97301121 7275.0280777
 7275.1083441 ]"
39,708016_2024-04-29_A-117,MOs,True,"[  19.83234056   20.08527308   20.59610476 ... 7272.74731838 7273.36728305
 7274.00068101]"
40,708016_2024-04-29_A-119,MOs,True,"[  19.38490867   19.3940753    19.43230851 ... 7274.61187904 7274.93784465
 7275.10121079]"
41,708016_2024-04-29_A-120,MOs,True,"[  33.58539621   34.47399334   43.96506274 ... 7269.18159655 7271.55835555
 7273.44541613]"
42,708016_2024-04-29_A-121,MOs,True,"[  28.37647967   30.21274042   38.72611296 ... 7269.0920635  7269.19892983
 7271.5126557 ]"
43,708016_2024-04-29_A-122,MOs,True,"[  19.85960714   19.92457359   20.83537066 ... 7273.15508374 7273.60974894
 7274.02624759]"
44,708016_2024-04-29_A-125,MOs,True,"[  19.41010859   19.4793417    19.53444152 ... 7275.07084422 7275.12644405
 7275.15511062]"
45,708016_2024-04-29_A-126,MOs,True,"[  20.11807297   20.76713754   25.43908914 ... 7274.65867889 7274.85384492
 7275.10594411]"
46,708016_2024-04-29_A-127,MOs,True,"[  22.70916461   24.69405821   50.62410793 ... 7274.73444531 7275.01857773
 7275.1198774 ]"
47,708016_2024-04-29_A-130,MOs,True,"[  19.39804196   19.49414165   19.52654154 ... 7274.9014781  7274.97711119
 7275.07967753]"
48,708016_2024-04-29_A-131,MOs,True,"[  19.9115403    20.68220448   22.02306683 ... 7274.85757825 7274.95611126
 7275.01911106]"
49,708016_2024-04-29_A-132,MOs,True,"[  21.61423481   22.48326534   22.61456492 ... 7274.1894804  7274.70791206
 7275.12261072]"
50,708016_2024-04-29_A-133,MOs,True,"[  19.80674064   22.29179929   22.37373236 ... 7272.14102034 7273.96468112
 7274.02644759]"
51,708016_2024-04-29_A-135,MOs,True,"[  19.46467508   19.59730798   19.71144095 ... 7274.58721245 7274.76144522
 7274.99584447]"
52,708016_2024-04-29_A-136,MOs,True,"[  19.58074137   19.76820743   19.87224043 ... 7274.3447799  7274.49174609
 7274.65514556]"
53,708016_2024-04-29_A-137,MOs,True,"[  19.78397405   21.42440209   26.37661945 ... 7259.84585999 7265.78844082
 7272.40898614]"
54,708016_2024-04-29_A-138,MOs,True,"[  27.58851555   30.62030577   30.77783859 ... 7274.81831171 7274.97191121
 7275.10347745]"
55,708016_2024-04-29_A-139,MOs,True,"[  19.79157402   19.8716071    20.49343843 ... 7274.61034571 7274.728112
 7275.1702439 ]"
56,708016_2024-04-29_A-141,MOs,True,"[  19.47654171   19.59564132   19.74990749 ... 7273.84361485 7274.20504702
 7274.37091315]"
57,708016_2024-04-29_A-142,MOs,True,"[  19.84614051   21.21900275   22.39999894 ... 7273.19548361 7273.34438313
 7273.96794778]"
58,708016_2024-04-29_A-143,MOs,True,"[  19.38857532   19.45580844   19.73124088 ... 7273.51628257 7275.11404409
 7275.12494405]"
59,708016_2024-04-29_A-144,MOs,True,"[  21.45686865   21.66560131   22.06163337 ... 7270.94919085 7274.69821209
 7274.87101154]"
60,708016_2024-04-29_A-145,MOs,True,"[  20.35060555   21.21233611   21.30830246 ... 7271.15335686 7271.68275515
 7272.54635237]"
61,708016_2024-04-29_A-147,MOs,True,"[  20.24500589   21.04540331   21.79346757 ... 7269.17889656 7270.93149091
 7274.15871383]"
62,708016_2024-04-29_A-148,MOs,True,"[  23.74962793   30.05044094   31.40810323 ... 7273.91644795 7273.96608112
 7274.00901432]"
63,708016_2024-04-29_A-150,MOs,True,"[  19.4779417    28.0373141    29.61080902 ... 7271.13745691 7271.19975671
 7272.97251766]"
64,708016_2024-04-29_A-151,MOs,True,"[  20.88730382   22.10143324   22.43159884 ... 7274.0766141  7274.43234628
 7274.78697847]"
65,708016_2024-04-29_A-152,MOs,True,"[  22.09723325   22.87056409   27.2089501  ... 7269.11889675 7273.04955074
 7273.62621555]"
66,708016_2024-04-29_A-153,MOs,True,"[  22.0107002    22.07513333   22.16009972 ... 7270.49825897 7273.41751622
 7274.30248004]"
67,708016_2024-04-29_A-154,MOs,True,"[  19.99850669   20.79840411   20.8634039  ... 7273.49251598 7274.03721422
 7274.05248084]"
68,708016_2024-04-29_A-156,MOs,True,"[  20.69997109   20.98343685   21.06303659 ... 7274.57794581 7274.8398783
 7274.89377813]"
69,708016_2024-04-29_A-157,MOs,True,"[  19.40534193   19.51040826   19.57977471 ... 7274.40057972 7274.63827895
 7275.15691061]"
70,708016_2024-04-29_A-158,MOs,True,"[  20.06430648   20.29900572   20.33093895 ... 7273.68931535 7273.89688134
 7274.65881222]"
71,708016_2024-04-29_A-160,MOs,True,"[  21.37843557   21.39866884   21.40766881 ... 7274.88314483 7275.00931109
 7275.05324428]"
72,708016_2024-04-29_A-161,MOs,True,"[  21.762701     22.05743338   22.83683087 ... 7252.64664987 7264.99071006
 7268.06656681]"
73,708016_2024-04-29_A-163,MOs,True,"[  21.12823638   25.17998998   25.20075658 ... 7267.23666949 7272.67288529
 7274.39497974]"
74,708016_2024-04-29_A-165,MOs,True,"[  19.48974166   19.61864125   19.67080775 ... 7274.27721345 7274.4592462
 7274.46517951]"
75,708016_2024-04-29_A-167,MOs,True,"[  21.27080259   21.31410245   21.34823567 ... 7273.6214489  7273.66884875
 7273.83308155]"
76,708016_2024-04-29_A-168,MOs,True,"[  19.51410825   19.69627433   19.85120716 ... 7274.65807889 7274.96931122
 7274.98547783]"
77,708016_2024-04-29_A-169,MOs,True,"[  20.05813983   20.92197038   24.64002505 ... 7272.72555179 7273.57364905
 7274.13774723]"
78,708016_2024-04-29_A-172,MOs,True,"[  28.34554644   32.84566526   32.85783189 ... 7263.20968247 7263.2414157
 7269.83479444]"
79,708016_2024-04-29_A-174,MOs,True,"[  20.01740663   40.76443972   41.59997036   45.01829267   45.75869029
   48.69541415   49.6199445    51.2004394    67.05125496   67.23008771
   67.99098526   70.31114444   70.92484246   75.89642643   80.14434607
   80.32177883   85.16949653   88.06152054   97.02072498  107.58989089
  107.98658962  131.20381475  139.71542063  141.57268131  143.90834044
  145.42843554  148.30769292  154.56257275  154.8181386   158.07046144
  160.90628563  161.86398254  163.09281191  167.13579887  172.22638246
  173.27837907  173.52974492  182.71808196  183.93817802  197.58926734
  205.24734264  211.31265641  211.7711216   229.84133     231.5155246
  239.93369745  242.93332111  243.12958715  258.70263693  261.02346278
  278.4531399   286.12201517  290.06606912  293.20092568  297.92294379
  302.36052947  303.84699135  303.90479116  306.04925091  306.37094988
  311.95843186  316.70881654  337.30791678  341.6317695   342.47610011
  342.83299896  345.76192285  364.80699477  365.21439345  368.75068205
  373.95696526  376.81652271  380.13217868  381.02267581  391.50944199
  393.74383479  394.17506673  403.76033582  405.6071632   408.92361917
  413.49410443  415.58519769  418.32612218  436.93922883  437.86792583
  449.08218967  460.02002106  460.03182102  464.2153742   469.48035722
  471.40531768  471.52638396  472.00244909  476.70096727  478.66509427
  479.03652641  487.61086542  488.30449652  489.09059398  489.19429365
  491.20302051  497.55423336  513.40488224  521.87155494  523.63041593
  525.24817738  530.33212766  537.26313864  543.63105144  544.01905019
  545.56931185  549.968931    549.99649758  557.03847487  567.6148741
  568.81103691  574.90238393  579.28563646  590.83533255  593.43209084
  598.51907444  598.94150641  599.03070612  599.73567051  607.38767917
  615.22255391  617.25904734  617.53707978  621.93013228  622.06966516
  622.75802961  626.98534931  628.79897679  634.51449169  649.05627813
  654.04466205  669.64424508  674.58196249  676.62058925  679.71467927
  688.86364977  691.74160715  700.85861108  720.7012471   728.00295688
  729.10402     737.96475809  740.29478391  752.68817728  753.72620727
  754.63643766  756.57279809  756.96923014  759.00489024  761.73388144
  765.55750245  774.8738724   787.38083207  788.22326269  791.21118639
  799.13516083  829.46339637  837.70773645  863.99365168  893.21289079
  899.80736952  905.11478574  919.94747124  923.50359311  932.95996262
  936.5097845   940.34757213  950.9626379   951.55453599  957.91908213
  977.99435072  991.242508    992.25753806 1000.36477859 1014.54349953
 1024.43963428 1032.96924011 1034.2042028  1048.4869234  1052.64557666
 1094.63150793 1097.18023305 1108.02163142 1121.6317542  1129.0201637
 1130.12619347 1138.8001655  1146.62840692 1164.57281572 1178.66267029
 1178.68580354 1191.31176283 1199.29700375 1207.34797778 1209.90313621
 1221.81076448 1231.71763253 1232.41759694 1233.72822605 1237.87797933
 1244.75485716 1250.64163817 1254.3655595  1256.46865271 1257.53921593
 1277.50775154 1283.58033195 1304.25743194 1311.49987525 1352.07494441
 1353.01997469 1356.0041984  1356.31436407 1370.03175317 1371.31011571
 1373.11950988 1398.301962   1402.33278234 1413.14651413 1414.27334383
 1429.5909611  1440.03089411 1449.32793079 1449.33979742 1457.35230491
 1472.04745753 1474.04788441 1494.81981742 1495.4593487  1501.51139585
 1517.70254363 1518.4997744  1538.15611101 1569.48567665 1570.81367236
 1582.38693504 1585.7376909  1588.96384717 1592.31130304 1598.64644928
 1606.84042285 1609.60421394 1611.07884252 1627.89605495 1630.08054791
 1633.65920304 1635.11019836 1639.12605207 1648.81098751 1651.97761063
 1654.12403704 1655.9448645  1667.67839333 1668.28995803 1671.14378216
 1671.48994771 1679.53238844 1684.91483775 1685.47093596 1687.24053025
 1690.78855214 1695.78860268 1698.64226015 1701.72708353 1701.94818282
 1713.41954583 1713.9558441  1722.64391608 1727.70573309 1728.83242946
 1733.47628115 1735.20097559 1741.09678991 1754.77291247 1755.03187831
 1755.15987789 1761.60212379 1765.25674533 1767.19153909 1779.79426512
 1790.13703177 1793.86311975 1793.92118623 1794.48075109 1796.75567709
 1798.38530517 1798.39593847 1804.75901795 1805.15171668 1806.38637937
 1807.41710938 1828.16117582 1840.68506876 1849.1189749  1857.94687976
 1864.75149115 1867.22581651 1872.37946656 1880.06780843 1882.54236712
 1891.28107227 1898.56411545 1899.43714597 1901.00684091 1905.33246029
 1915.33942802 1931.3580097  1932.46230614 1938.71515264 1942.19304142
 1946.94635943 1948.01118933 1953.02337317 1953.38667199 1956.32686251
 1957.00026034 1983.40744185 1986.42956544 1987.28079603 1988.14355991
 1996.40819993 1999.16832436 2000.56131987 2006.97803251 2008.27192834
 2008.61112724 2018.9313273  2018.97946047 2021.35095283 2022.62748204
 2024.80427502 2044.41571178 2048.52429853 2054.28341329 2058.04076784
 2062.7268194  2063.57305    2065.78590953 2082.13005683 2085.35791309
 2086.27761012 2096.66544329 2097.12937513 2097.74337315 2099.58496721
 2105.01224971 2114.16852018 2122.82585893 2129.7091034  2130.97063266
 2155.13968806 2155.32838745 2158.5276438  2165.49032135 2165.69065403
 2171.70010132 2173.33352939 2176.62118545 2176.89025125 2180.15720738
 2182.65569933 2205.12332687 2217.65218647 2218.06918513 2220.73140987
 2221.28217476 2222.51357079 2236.86619118 2239.22958356 2242.16164077
 2248.41698726 2256.63136077 2257.11595921 2265.3561993  2265.67339828
 2276.80239573 2299.0847572  2320.38318852 2325.64673822 2331.22548689
 2347.81890005 2355.8337742  2358.03113378 2360.77305827 2369.31723072
 2369.9440287  2371.90812237 2375.27067819 2375.96617595 2390.85882792
 2393.7914518  2399.65356623 2402.51169034 2409.1602689  2410.25396538
 2413.23915575 2413.52288817 2435.67788339 2436.37258115 2441.30636524
 2446.446282   2449.44560566 2451.21089997 2461.11643469 2472.3090986
 2475.31488891 2485.75295525 2499.51897752 2507.33245232 2545.25963002
 2554.18173458 2555.58293006 2557.565757   2561.97410945 2564.36850173
 2568.30832236 2575.83753141 2591.62671383 2600.91805053 2604.50630563
 2613.13884446 2633.86967761 2658.24953232 2664.1067801  2669.85866155
 2681.42529092 2716.42047807 2718.99113644 2719.02320301 2720.35506538
 2739.19350463 2744.41845445 2746.06784913 2761.38363307 2781.66436767
 2798.11914794 2809.16274566 2815.18735957 2815.47605864 2816.73598791
 2823.41636637 2826.05065787 2832.87460253 2839.71108049 2841.52907462
 2846.70992458 2846.71552457 2866.44739427 2868.83485324 2874.2421358
 2879.98075063 2882.345043   2885.49536618 2889.35918705 2892.3421441
 2906.31519904 2915.28773677 2922.99797857 2930.89995309 2938.89599397
 2941.03685374 2941.35498604 2952.03215161 2952.59718312 2955.70410644
 2960.45132446 2965.14154267 2966.693571   2980.76909228 2981.91292192
 2995.92227674 2997.37520539 3000.46212877 3003.64981849 3013.99581846
 3014.35955062 3017.7658063  3019.78693312 3020.93626275 3021.23349512
 3027.89094032 3044.72995268 3063.00039377 3120.08114303 3121.63713801
 3121.85297065 3135.09556128 3156.22772647 3156.35542605 3157.96198754
 3162.53340613 3162.54657276 3173.85170297 3187.58159202 3189.53445239
 3216.69139815 3226.40743349 3246.4351689  3266.68140361 3268.0925324
 3273.92038027 3280.85032459 3287.55486963 3295.22184491 3296.77517324
 3307.15060644 3316.21124389 3326.59084375 3330.12349903 3339.80156782
 3342.2466266  3356.57178041 3380.22923745 3380.25327071 3380.9473018
 3387.38878103 3390.79500338 3396.34885213 3397.08151644 3418.79624641
 3422.14623561 3428.02501665 3430.4396422  3441.24847401 3441.6027062
 3459.11528306 3464.1168336  3464.16863343 3471.90047517 3478.17038828
 3536.24843433 3545.32117174 3547.76956384 3552.18851626 3568.36016411
 3570.80775622 3578.9778632  3584.0942467  3596.11300795 3601.16245833
 3628.77943594 3673.98999014 3687.47581332 3687.82114554 3694.79022307
 3705.2113228  3713.19356372 3724.08732859 3726.79098654 3731.16407244
 3747.65101927 3763.70730083 3776.17936061 3779.67981599 3821.37798152
 3830.33348598 3834.49990587 3844.39850729 3868.49179626 3877.16726828
 3878.07879868 3879.41862769 3906.18007472 3914.52564781 3940.24153155
 3962.57065954 3973.60419063 3987.76967828 4000.23520475 4000.89430263
 4015.61335516 4043.39623224 4064.28843153 4065.69102701 4082.81810511
 4088.43472033 4105.58733168 4140.39328611 4140.64351864 4143.48450948
 4151.49131699 4153.03031203 4154.00047556 4161.8340503  4170.73045495
 4177.74049901 4184.5558437  4185.86103949 4187.44983436 4188.62093059
 4201.9104544  4203.79184833 4225.84807721 4241.26056084 4246.13197846
 4252.40712489 4257.17144286 4262.19819332 4275.62525002 4286.44611513
 4318.38484547 4321.52210202 4325.92345449 4332.4953333  4345.87162349
 4351.98633711 4358.35491657 4359.99117796 4369.05734873 4370.18557842
 4370.57681049 4377.4911882  4382.26940612 4383.38213587 4385.57459546
 4402.44190774 4404.78463351 4405.1082658  4405.93316314 4413.32577264
 4427.89142567 4433.36430802 4453.39897675 4473.12811312 4479.18122694
 4502.85675059 4512.87698494 4512.99748456 4520.42939392 4522.55645373
 4544.68971569 4545.34718024 4551.73965962 4559.01140284 4564.44648531
 4567.54470865 4579.42987033 4601.0430673  4608.13901108 4613.96859228
 4619.07390915 4619.6576406  4634.68019216 4641.34923732 4645.64552346
 4646.18762172 4646.7599532  4671.52430668 4680.27264513 4691.00687719
 4694.19830023 4695.08336404 4695.36652979 4710.37014808 4731.44098013
 4738.23789154 4755.95620107 4757.43942962 4764.53287342 4790.28392371
 4799.59529368 4801.04235568 4809.15856284 4822.72841908 4827.31337096
 4831.17449185 4839.48133173 4839.98629676 4844.30731616 4845.36594608
 4879.24607016 4879.33526987 4902.97469364 4904.69505476 4940.38650633
 4945.06309125 4946.23065415 4955.84175649 4973.33260009 4993.90483375
 4996.27869276 4998.03305377 5037.79722554 5039.44008691 5042.58467677
 5050.35211839 5051.50178135 5058.26405954 5059.14842335 5065.89626826
 5069.13715781 5071.32321743 5076.88999948 5082.30691534 5084.60250794
 5085.58413811 5087.03863342 5088.14376319 5088.6759948  5108.48026427
 5109.96699281 5111.15472231 5112.77628375 5116.94720363 5124.76547842
 5132.60951979 5140.42579459 5142.93928648 5146.32787556 5146.84310723
 5147.63830466 5158.07050436 5167.25084142 5177.96587353 5187.79144185
 5210.79730099 5224.30239077 5233.71029377 5233.8872932  5239.82820737
 5248.82867835 5252.04663464 5252.06543458 5252.37626691 5255.58765655
 5256.19802125 5273.93236406 5276.60768877 5296.86622344 5320.0936152
 5331.10947968 5340.53608262 5358.31445862 5366.33589942 5369.77418833
 5386.76113355 5396.66953493 5403.26308034 5403.91591157 5416.85796983
 5417.60813408 5422.50655162 5434.47501302 5440.0734283  5451.91372345
 5455.22904609 5479.36033494 5480.80406362 5483.43238848 5497.79637549
 5502.38939401 5502.42689389 5519.50333882 5535.7077199  5538.86664305
 5545.75068752 5556.62041913 5578.54624843 5599.32218143 5606.14779275
 5618.12708745 5619.45408318 5651.72557911 5706.86473463 5715.91863877
 5721.66208691 5722.53925075 5725.72214049 5744.77931237 5757.98673644
 5772.35662344 5791.50972834 5811.51693049 5824.10542323 5830.72800187
 5837.97194518 5845.49635425 5846.74095023 5849.02794286 5850.08407278
 5851.42823512 5868.85934557 5879.26131203 5887.34078597 5896.37225685
 5901.39694065 5914.27243246 5915.863494   5935.41656428 5948.19368974
 5948.75358793 5965.10680186 5978.92589064 6006.17563609 6006.84006729
 6028.65599693 6028.69236348 6057.09433856 6059.67853023 6060.89379298
 6066.46304168 6073.92858428 6075.83561146 6082.2507241  6109.09480421
 6112.81902553 6120.57693385 6125.69588401 6134.68575502 6134.93962086
 6135.27098646 6139.19794046 6148.30277777 6149.1721083  6160.92453707
 6169.97627455 6184.25649516 6185.15725892 6190.85554055 6191.73870437
 6195.52209217 6202.44143652 6218.71371738 6243.45087094 6247.92178986
 6250.03051639 6258.28545644 6278.15929235 6280.96304997 6307.00189934
 6342.84781708 6342.91015021 6346.54230516 6370.69076062 6392.09095828
 6392.90455566 6400.51306446 6409.87373427 6428.73820677 6435.16588604
 6435.25018577 6452.46739692 6453.93579218 6454.96438886 6469.61144163
 6470.76240459 6484.55356011 6488.12351527 6490.40757457 6493.48276465
 6502.17353663 6517.40985416 6528.81728404 6530.44174547 6542.05000803
 6552.16780874 6567.3454598  6569.92181815 6569.99445125 6575.03466833
 6587.7164941  6587.90869348 6617.08649939 6619.90435697 6623.62854496
 6625.14537341 6632.32495025 6639.51069375 6641.18492168 6642.32318468
 6643.76418003 6664.45297998 6666.35187386 6675.19337868 6685.96187729
 6691.52585934 6712.2141593  6712.21902595 6712.71732434 6713.97138696
 6719.50070247 6730.1177349  6730.85489919 6744.21015612 6756.27161722
 6759.65593964 6761.65386653 6764.12382523 6766.45855104 6770.91693666
 6773.20992927 6780.8087381  6782.28759999 6783.938428   6787.15738429
 6793.06666523 6795.39092441 6796.82571978 6802.90650017 6812.45116939
 6819.12174788 6827.12748873 6828.2955183  6832.14190589 6836.68232458
 6853.45323717 6867.48139193 6874.67536873 6884.16507146 6899.97982047
 6904.88327132 6905.98806776 6909.51422305 6913.17774457 6917.47379739
 6919.43425773 6922.10471579 6927.34836554 6929.23669279 6968.97346465
 6970.81215872 6972.42268686 6978.54116713 6982.52262095 7005.24644767
 7006.98967539 7009.48006736 7010.31059801 7012.81325661 7017.56600795
 7019.43516859 7020.45036531 7039.87403601 7046.73748054 7050.83983398
 7052.08202997 7071.62966694 7084.05219355 7084.78469118 7089.12681051
 7117.7840181  7120.09574398 7131.91970585 7136.12702562 7154.40466668
 7158.1702212  7192.47807723 7197.27562843 7209.78418809 7223.1686116
 7228.20959534 7228.54692759 7236.09903657 7269.09579683]"
80,708016_2024-04-29_A-175,MOs,True,"[  22.86296412   25.26615637   29.16811045 ... 7260.90312325 7264.18667932
 7271.51762235]"
81,708016_2024-04-29_A-176,MOs,True,"[  22.12849982   25.53148885   25.54108882 ... 7271.71082173 7273.0305508
 7273.03608412]"
82,708016_2024-04-29_A-177,MOs,True,"[  20.42583864   20.78710415   22.52549854 ... 7272.72118513 7272.79475156
 7273.72728189]"
83,708016_2024-04-29_A-180,MOs,True,"[  19.46487508   19.60777462   19.67000775 ... 7274.70511207 7274.77174519
 7275.09544415]"
84,708016_2024-04-29_A-181,MOs,True,"[  19.60574129   20.75763757   21.72053447 ... 7273.41131624 7274.0639808
 7274.43301295]"
85,708016_2024-04-29_A-182,MOs,True,"[  19.8199406    19.84257386   19.85020717 ... 7272.78755159 7273.4556161
 7273.53684917]"
86,708016_2024-04-29_A-183,MOs,True,"[  28.45447942   44.19666199   56.72085493 ... 7272.10395379 7272.1121871
 7272.97248432]"
87,708016_2024-04-29_A-184,MOs,True,"[  30.75493867   37.57708334   40.76723971 ... 7265.44920859 7269.89862757
 7272.4434527 ]"
88,708016_2024-04-29_A-186,MOs,True,"[  20.27893912   23.06046348   23.62939498 ... 7271.74805494 7271.8214547
 7271.82445469]"
89,708016_2024-04-29_A-187,MOs,True,"[  20.07367311   20.86857055   23.87332753 ... 7272.45058601 7273.29284996
 7274.67797882]"
90,708016_2024-04-29_A-188,MOs,True,"[  21.31526911   32.33443358   33.71092914 ... 7268.09430006 7272.22985339
 7272.87018465]"
91,708016_2024-04-29_A-190,MOs,True,"[  31.89586832   37.51298354   45.11725902 ... 7265.48234181 7265.78924082
 7274.45054622]"
92,708016_2024-04-29_A-191,MOs,True,"[  20.76263756   21.11816974   21.33790237 ... 7274.82044503 7274.8508116
 7275.0059111 ]"
93,708016_2024-04-29_A-192,MOs,True,"[  26.79325144   32.03030122   32.5332996  ... 7273.0639507  7273.07128401
 7273.08598396]"
94,708016_2024-04-29_A-207,ACB,True,"[  19.6322412    19.74707417   19.81900727 ... 7274.96471123 7275.09557748
 7275.17854388]"
95,708016_2024-04-29_A-210,CP,True,"[  60.01867763   87.10802361   88.46541923 ... 7272.77305163 7273.30821658
 7273.49154932]"
96,708016_2024-04-29_A-219,CP,True,"[  19.43594184   19.6432745    19.66244111 ... 7264.91674364 7270.05072708
 7274.45931286]"
97,708016_2024-04-29_A-221,CP,True,"[  21.63173476   25.34095613   27.98428094 ... 7275.00027779 7275.09247749
 7275.12514405]"
98,708016_2024-04-29_A-225,CP,True,"[ 153.10531079  168.55966095  178.51932883 ... 7249.76129251 7249.77189247
 7274.53414596]"
99,708016_2024-04-29_A-226,ORBl,True,"[  21.44303536   26.02315393   27.53634905 ... 7274.73721197 7274.89734478
 7275.03044435]"
100,708016_2024-04-29_A-230,ORBl,True,"[  25.58132202   27.41638277   28.17634698 ... 7274.24098023 7274.41181302
 7275.01371108]"
101,708016_2024-04-29_A-231,ORBl,True,"[  19.75837413   19.86200713   20.06433981 ... 7275.06211092 7275.11914407
 7275.12884404]"
102,708016_2024-04-29_A-232,ORBl,True,"[  19.58244136   20.25677252   21.11920307 ... 7241.22405337 7274.18618041
 7274.3973464 ]"
103,708016_2024-04-29_A-237,ORBl,True,"[  19.51430825   22.11736652   22.54023183 ... 7270.18749331 7271.16875681
 7274.59561242]"
104,708016_2024-04-29_A-240,fa,True,"[  19.42454187   19.75560747   19.95604016 ... 7275.11174409 7275.13687734
 7275.15417729]"
105,708016_2024-04-29_A-248,MOs,True,"[  23.34089591   25.70452162   28.26411337 ... 7271.81362139 7274.3242133
 7274.97984452]"
106,708016_2024-04-29_A-252,MOs,True,"[  65.46052675   90.83307826   90.85644486  108.21435555  141.09654951
  153.11151077  153.7416754   162.15794826  198.14526554  210.07062709
  240.14146345  240.49006233  243.84895149  244.29675005  244.42381631
  244.51401602  248.28323719  266.59374481  276.70044556  280.61159961
  290.11443563  293.23449224  301.29316625  302.05733045  352.93386639
  353.10819916  353.68739729  353.76899703  353.95339643  354.50846131
  354.63422757  355.7714239   356.3114555   357.06328641  358.56868155
  358.64714796  359.55187838  360.2369095   360.4771754   363.30073296
  365.97302434  366.6262889   367.20972035  369.10221425  370.86327524
  371.0511413   372.27323736  372.62923621  374.10839811  375.18112798
  375.44606046  382.01930593  384.50926457  384.52233119  385.23956221
  386.97115663  391.81267435  409.4827507   410.08658209  414.24990199
  416.50629472  419.7585509   425.0693671   464.88983869  467.44099713
  467.49179697  472.90834617  472.96834597  473.27891164  473.47451101
  473.61021057  473.67581036  473.75101012  476.28933526  488.3324631
  507.45893475  557.86073888  558.13847132  572.50672499  575.64894819
  579.93096771  580.08526722  580.32796643  580.93533114  743.17210797
  743.783506    745.34846762  746.0471987   746.13833174  746.66459671
  746.71709654  747.13876184  747.44612752  747.94145925  749.62575382
  752.34451172  753.30884195  754.7590706   754.96913659  755.57726796
  755.69323426  756.59269802  756.91389699  757.34006228  759.07739001
  762.97927743  764.6104055   765.57946904  766.34576657  768.32966017
  769.3767568   770.13318769  770.25952062  770.65121935  770.94521841
  780.04655572  784.4247416   785.20130577  787.48633173  803.30658072
  810.10625879  824.11814694  845.83691023  845.90251002  860.19476393
  867.56780682  867.58117345  893.10342448  935.76265358  967.55295106
  968.63784756  999.24141554  999.24924885  999.25778216  999.26828212
 1008.28661971 1015.72996237 1036.03816355 1084.21900818 1090.2273888
 1097.4545655  1130.55412542 1150.19936207 1155.21397924 1169.57579959
 1178.36650457 1178.75583665 1180.65183054 1194.20212018 1196.3350133
 1198.61597261 1213.53405783 1213.56702439 1213.63615751 1213.68795734
 1225.46851935 1232.37916373 1238.17981169 1249.52634177 1253.64119517
 1260.41377333 1263.13259789 1278.61698129 1279.86477727 1292.28380389
 1331.85957626 1345.72273156 1359.51338709 1362.20131175 1364.74187023
 1366.27166529 1366.79813026 1368.05569287 1391.8738494  1397.10039921
 1397.34639842 1428.73063055 1439.45339597 1446.61870619 1446.65060609
 1473.43375306 1473.44571968 1473.45801964 1473.47668625 1484.45868417
 1484.57491713 1484.71021669 1485.91314615 1487.98823945 1491.25156226
 1499.99406741 1521.02246626 1535.6257525  1536.09781765 1538.30591053
 1538.85087544 1540.37293719 1551.66623411 1565.55665598 1565.59448919
 1565.59762252 1565.59922251 1565.60615582 1565.62565576 1565.64472237
 1565.65015568 1565.68148891 1565.70058885 1565.74602204 1565.77052196
 1565.77772194 1565.79665521 1565.82702178 1565.8296551  1565.84265506
 1565.86218833 1565.89908821 1566.0161545  1566.05952103 1566.09088759
 1566.17038734 1566.19878725 1566.23998711 1566.28415364 1566.33062015
 1566.36452004 1566.40398658 1566.481853   1583.67136423 1588.14028316
 1588.38514903 1589.13124663 1590.17594326 1611.71244048 1612.46143806
 1614.75233067 1615.17569597 1615.23759577 1616.35212551 1616.3675588
 1640.16238206 1642.03594269 1654.8722013  1659.82058534 1694.95980536
 1702.24058188 1750.81052525 1860.32483876 1860.75210405 1869.54340903
 1875.57072293 1887.92598309 1891.23687241 1909.39611385 1911.72470634
 1922.93130354 1939.56888322 1939.65651627 1939.89114885 1940.06028164
 1941.11451157 1941.30117763 1947.65035716 1951.14864588 2008.9849927
 2016.72303442 2016.91036715 2020.84655445 2063.86261574 2063.86754905
 2108.72503773 2108.73837102 2211.49600632 2212.14040424 2213.82599881
 2216.64012307 2222.51323746 2223.06883567 2252.00057571 2252.04154224
 2270.47971612 2287.15566234 2287.38936159 2287.50572788 2288.26162544
 2305.04337132 2311.41958409 2317.22539871 2361.53285582 2362.7912851
 2377.70197035 2385.29631253 2566.20226248 2588.76082307 2589.17422174
 2635.44297253 2636.23996996 2636.31643638 2636.3829695  2642.45368326
 2642.76324893 2689.27986559 2734.00932135 2752.13219624 2758.24104321
 2802.41850075 2827.42285345 2838.53905093 2843.97346674 2891.28578084
 2892.8378425  2895.72943317 2897.0026624  2897.77929323 2900.07398583
 2931.34051834 2944.42317615 2968.23069938 3023.55032098 3041.51856304
 3042.96782503 3043.37162373 3043.70352266 3053.06559247 3092.69506468
 3092.73706454 3100.58207258 3101.48840299 3131.39353988 3145.84609328
 3145.86499322 3145.90412642 3145.94625962 3146.00959275 3185.42489898
 3193.28054031 3194.53630293 3200.18905137 3204.11227205 3237.65843054
 3245.55290508 3251.51348586 3286.70280572 3305.97984355 3307.69153803
 3309.62746512 3363.80822374 3375.7270853  3384.19479133 3385.21888803
 3386.27891794 3390.99553606 3391.04153592 3397.34731558 3401.40353583
 3401.5809686  3402.23686648 3412.00113499 3412.66423286 3415.38349075
 3415.96032223 3416.17635486 3416.35705428 3416.92278579 3420.34767474
 3426.22912245 3429.35681236 3456.93799008 3457.96852009 3458.22611926
 3458.37931877 3458.66511785 3465.68626187 3465.98159425 3468.30808675
 3468.41091975 3480.27021484 3480.3778145  3481.2152118  3494.44933579
 3510.55795051 3515.99316631 3517.71619409 3568.8688958  3575.62020736
 3584.65157824 3585.09477681 3598.62553318 3608.23340219 3608.85506686
 3609.19946574 3619.61396549 3641.75649409 3645.00508361 3645.16131644
 3647.38120928 3649.24570327 3660.18500133 3660.30060096 3682.23769688
 3684.51658953 3687.00524817 3720.12137472 3729.87800992 3801.25201309
 3831.23488307 3832.39144601 3880.45182436 3880.7082902  3886.14920598
 3886.37793858 3897.90183475 3907.89773585 3908.83036618 3919.36539887
 3931.68485914 3940.47123081 3949.72106765 3958.67087212 3962.86889192
 3963.00885813 3969.86560269 3972.46949429 3972.61302716 3993.57645956
 3995.00728828 3995.52391994 3996.38398384 4006.43828475 4026.18968772
 4038.16671577 4038.5379479  4046.10949015 4047.18615335 4076.46295894
 4088.27108752 4103.70990441 4124.07643873 4125.3554346  4132.17504595
 4135.10346984 4141.69431525 4162.72918075 4163.30497889 4193.2797489
 4198.28133277 4213.55818351 4213.62461662 4213.7457829  4213.76324951
 4214.0366153  4214.127315   4215.36631101 4223.46721822 4237.53260619
 4237.72517224 4238.17793745 4240.93536189 4266.81037845 4267.06311097
 4267.14494403 4276.51994714 4287.73491097 4290.33936924 4290.68820145
 4320.09707328 4332.91053196 4339.38651107 4339.58687709 4339.91690936
 4340.02847567 4340.32730804 4346.92022011 4348.29248235 4349.19551278
 4362.54620306 4370.84184297 4406.86092682 4407.56355789 4407.76102392
 4407.76709056 4407.85505695 4407.96882325 4415.50266562 4430.08258527
 4434.920403   4443.00877692 4447.32589633 4464.6501738  4466.19016883
 4466.25940194 4466.39923482 4466.45756797 4466.66863395 4466.78760024
 4466.83736674 4467.54226447 4480.05105747 4480.67582212 4480.97855447
 4481.07095418 4481.42505303 4483.28091372 4498.53006454 4498.75673048
 4499.14459589 4506.67430495 4519.16653133 4519.17233131 4533.83635069
 4534.68331462 4537.24657302 4546.3198771  4546.40924348 4546.5479097
 4546.99527492 4547.31334056 4547.63813951 4547.80650564 4572.66679214
 4573.59228915 4574.59601925 4611.9059656  4620.40350486 4642.53080018
 4656.06118988 4671.65120627 4688.99061702 4689.00471698 4689.10914997
 4689.29964936 4689.43894891 4708.26225487 4708.31022139 4709.45905102
 4717.19292608 4717.55382491 4717.6404913  4729.96451822 4730.03781799
 4739.64082035 4748.56482491 4771.7530168  4798.08819854 4801.41728781
 4812.81708438 4818.54393258 4819.49266285 4820.08816093 4831.68135688
 4838.08600289 4845.21454657 4856.53401007 4865.94924637 4898.25317553
 4915.19865422 4915.66421939 4930.75493739 4970.67297533 5086.83883406
 5089.96082399 5099.10912782 5101.54345331 5104.6062101  5105.58260695
 5105.772673   5163.72518612 5166.59304354 5196.49928043 5207.74337751
 5207.79101069 5207.97384343 5208.09320971 5219.83947183 5231.58873394
 5233.84499334 5235.25288879 5241.7418012  5243.95526073 5283.96709837
 5306.16739345 5316.78192588 5317.10702484 5317.35535737 5317.49705691
 5317.73462281 5317.884089   5318.19665466 5319.83644937 5324.53783421
 5324.67220044 5325.89146317 5365.05647021 5368.34789293 5377.85836226
 5378.01142843 5386.8998331  5389.14049255 5389.32902527 5400.38378962
 5400.80865492 5400.81528823 5408.76986258 5412.89661594 5413.085082
 5419.83846022 5437.74943579 5444.88261279 5459.10583359 5470.6403964
 5471.58536002 5471.60245996 5471.9216256  5472.31845765 5496.05111445
 5496.64411254 5496.88844509 5509.92023639 5528.9370084  5530.4669368
 5536.04798547 5536.22138491 5536.61921696 5555.54308927 5568.01314906
 5568.07118221 5568.1051821  5568.21524841 5568.25224829 5568.32094807
 5568.38644786 5568.47071425 5568.54144736 5568.60421382 5568.65101367
 5568.71471346 5568.7660133  5568.85134636 5568.93077943 5569.00394586
 5569.0460124  5569.11557884 5569.15347872 5569.18434528 5569.2602117
 5569.32877815 5569.39117795 5569.48191099 5569.54614412 5600.84710984
 5602.65823734 5604.2615655  5614.33596635 5614.40813278 5622.25014083
 5623.02183834 5635.13219928 5636.00976312 5641.37981247 5641.61364505
 5641.84011099 5660.03501898 5664.95593644 5684.36634052 5684.59413978
 5684.6398063  5684.80020578 5688.92332582 5697.30356546 5709.07946082
 5709.28422683 5709.38102652 5711.09402099 5712.7159491  5716.45187038
 5716.73300281 5727.48486814 5746.39877381 5751.6536902  5758.6732009
 5776.00647833 5776.54594326 5776.68067616 5776.88140884 5777.07747488
 5777.23684103 5777.35364066 5788.46023817 5791.29366237 5791.74952757
 5792.85629066 5803.03305785 5807.01834499 5809.25480445 5809.45827046
 5809.52047026 5809.57347009 5809.64403653 5809.74203621 5809.82663594
 5809.91650231 5810.03240194 5810.12183499 5810.24626792 5810.47023386
 5810.79433282 5811.28703123 5811.34489771 5811.68382995 5820.3619353
 5820.5253681  5820.72010081 5820.76820065 5820.89750024 5821.02779982
 5821.44049849 5837.14601451 5840.85313589 5843.95069256 5844.03989228
 5844.18022516 5844.30905807 5854.33412575 5863.31493012 5874.95722591
 5885.72622451 5901.92443895 5902.2480379  5902.31633768 5902.40977071
 5902.47880382 5903.01726875 5919.53991547 5930.21938103 5930.23278099
 5930.25228093 5930.26461422 5930.28021417 5930.31064741 5930.3225807
 5930.33504733 5930.34328064 5930.35228061 5930.36674723 5930.38024718
 5930.40214711 5930.4146804  5930.42481371 5930.43731367 5930.45394695
 5930.46768023 5930.48328018 5930.49618014 5930.52304672 5930.53744668
 5930.55194663 5930.61824642 5930.64277967 5930.65114631 5930.67527956
 5930.70944612 5930.74131268 5930.77224592 5930.78784587 5930.84494568
 5930.86837894 5930.89507886 5930.93547873 5930.97474527 5930.99571186
 5931.03267841 5953.75900513 6018.54342955 6061.46009115 6074.69864846
 6107.47880942 6109.68030232 6110.11193426 6110.97216482 6131.30613258
 6141.63829926 6173.50516317 6194.30086277 6199.38884636 6199.63031225
 6204.10343116 6224.84856426 6287.48766227 6288.54672552 6346.63590486
 6349.52252889 6370.73986047 6380.43469587 6380.93502759 6381.28212647
 6381.46339255 6381.78732484 6383.8995847  6385.16274729 6387.17690746
 6409.71353479 6410.51949885 6413.2536567  6428.30507483 6471.56516866
 6471.58370194 6471.63016845 6472.20863325 6505.9011246  6505.99035765
 6526.83985708 6532.4877722  6532.72233811 6540.97141151 6548.08375524
 6572.92187515 6588.18445926 6588.86715706 6606.4800336  6606.53270009
 6606.54196673 6606.58599992 6606.5921999  6606.62206647 6606.64539973
 6606.65596636 6606.68883292 6606.72996612 6606.7895326  6606.91426553
 6606.9429321  6607.0466651  6607.09526495 6607.13826481 6607.17629802
 6607.22663119 6607.2969643  6607.37519738 6607.42309722 6607.46606375
 6607.54039684 6607.60792996 6607.6891297  6622.59638163 6623.88241081
 6659.64622882 6675.7963434  6691.23972693 6695.34561369 6697.25277421
 6697.86550557 6718.50690567 6724.9580182  6734.10825536 6741.08219954
 6741.34473202 6747.76771131 6752.19926369 6752.83442831 6759.78953921
 6759.81930578 6760.02993844 6764.52852393 6764.70945668 6775.35718901
 6775.85148742 6790.06274159 6790.18954118 6790.26730759 6790.35254065
 6801.83590362 6823.40810072 6824.10189849 6824.58883025 6828.39098466
 6838.50971869 6839.17681654 6839.35721596 6839.75758133 6845.18689716
 6846.32172683 6856.20296164 6857.21655837 6872.5051424  6880.7529158
 6882.02224504 6882.70914283 6885.01953538 6888.30942477 6889.71888689
 6889.86138643 6903.69834181 6904.22230679 6938.54246278 6940.72312241
 6941.18618759 6941.91528523 6947.45663403 6959.14306301 6960.32152588
 6960.75712447 6962.1652866  6993.92275086 6994.24348316 7003.74015253
 7004.7728492  7014.26811858 7035.85828229 7046.08378265 7053.06629347
 7063.89709187 7090.90423812 7130.99660883 7134.74553007 7141.28530898
 7141.29814227 7147.31012289 7168.54152109 7200.508218   7207.58066186
 7219.22869097 7237.73976461 7240.74075493 7241.46501926 7242.84558148
 7243.08054739 7244.01304438 7254.66364337 7255.39380768 7255.93133928
 7257.19050188 7257.91809954 7268.11649998 7268.29059942 7271.19882338]"
107,708016_2024-04-29_A-255,MOs,True,"[  19.42120855   19.72627423   19.98080675 ... 7274.92337803 7275.01311108
 7275.03181102]"
108,708016_2024-04-29_A-256,MOs,True,"[  19.97694009   21.02860337   24.03036035 ... 7274.66861219 7274.72777866
 7274.82467835]"
109,708016_2024-04-29_A-261,MOs,True,"[  19.95064018   20.06157315   20.17870611 ... 7275.0584776  7275.11744407
 7275.15757728]"
110,708016_2024-04-29_A-263,MOs,True,"[  30.70167217   44.24519517   48.19114911 ... 7272.12652039 7272.43488606
 7274.43071296]"
111,708016_2024-04-29_A-265,MOs,True,"[  66.65545623  193.61808014  239.11106677 ... 7269.47059562 7273.28821664
 7273.79464834]"
112,708016_2024-04-29_A-268,MOs,True,"[  19.45620844   19.74277418   19.86274046 ... 7274.68954545 7274.87111154
 7274.97227788]"
113,708016_2024-04-29_A-269,MOs,True,"[  19.38930865   19.54777481   19.65814112 ... 7275.04817763 7275.13911067
 7275.16107727]"
114,708016_2024-04-29_A-271,MOs,True,"[  19.52814154   19.60574129   19.64364117 ... 7274.75124526 7274.79204512
 7274.94294464]"
115,708016_2024-04-29_A-273,MOs,True,"[  20.84270397   29.31767664   29.49654273 ... 7273.73918185 7274.23641358
 7274.46751284]"
116,708016_2024-04-29_A-276,MOs,True,"[  21.68960124   21.7837676    22.01583352 ... 7275.09301082 7275.12547738
 7275.15614395]"
117,708016_2024-04-29_A-277,MOs,True,"[  20.5413716    21.28040255   26.16742013 ... 7268.62153169 7269.10843012
 7269.27706291]"
118,708016_2024-04-29_A-278,MOs,True,"[  23.53359529  159.77602261  196.65847034 ... 7264.98631008 7267.1308365
 7269.75092805]"
119,708016_2024-04-29_A-280,MOs,True,"[  21.18673619   27.74564837   34.37976031 ... 7273.63394886 7273.9940477
 7274.99867779]"
120,708016_2024-04-29_A-281,MOs,True,"[  19.4154419    19.52780821   19.59414133 ... 7274.59264577 7274.67127885
 7274.73097865]"
121,708016_2024-04-29_A-282,MOs,True,"[  19.62607456   19.84454052   19.9233736  ... 7274.16548048 7274.23771358
 7275.10317745]"
122,708016_2024-04-29_A-286,MOs,True,"[  19.91534029   21.93516711   23.3864291  ... 7274.27771345 7274.82604501
 7275.09651081]"
123,708016_2024-04-29_A-287,MOs,True,"[  19.77544074   20.56657152   24.22269307 ... 7274.43544627 7274.45157955
 7274.71074539]"
124,708016_2024-04-29_A-289,MOs,True,"[  31.66783572   31.81693524   34.02909478 ... 7272.06732058 7272.18985351
 7273.57864904]"
125,708016_2024-04-29_A-292,MOs,True,"[  36.65251965   44.02776253   47.31028528 ... 7248.67242935 7267.53146854
 7267.8943007 ]"
126,708016_2024-04-29_A-296,MOs,True,"[  27.69634853   42.04583559   51.13297295 ... 7240.53125561 7258.06876572
 7265.31700901]"
127,708016_2024-04-29_A-297,MOs,True,"[  20.35960552   20.37227215   27.12841703 ... 7274.60454573 7274.70367874
 7274.90441143]"
128,708016_2024-04-29_A-299,MOs,True,"[  19.55904144   19.7166076    19.96680679 ... 7264.12354619 7264.5130116
 7268.7633979 ]"
129,708016_2024-04-29_A-300,MOs,True,"[  19.73417421   19.81950727   19.99434004 ... 7274.04168088 7274.49511275
 7274.74237862]"
130,708016_2024-04-29_A-302,MOs,True,"[  37.96164876   47.88071678  100.89647915 ... 7248.95002846 7250.69502283
 7252.97511548]"
131,708016_2024-04-29_A-304,MOs,True,"[  19.5300082    20.14800621   20.54060494 ... 7274.00354767 7274.27814678
 7275.12184406]"
132,708016_2024-04-29_A-306,MOs,True,"[  77.53672114  107.49825786  138.85122342  153.18061054  156.27906722
  166.87299972  169.33202513  178.18286325  209.51696221  225.45087749
  238.02910359  321.09166907  330.05790682  345.83888927  354.58979438
  380.77160995  404.64413297  407.69715646  421.54767846  456.50706572
  462.21354732  463.68257592  479.47679165  492.55064949  506.3180051
  554.48881642  559.09340158  568.05953933  606.26214947  613.44362631
  622.60029678  624.12209187  668.23668295  702.16627353  708.18468746
  721.26954526  730.9225808   746.85602942  761.74141475  761.84924774
  768.05999438  795.0329074   796.37270308  810.15619196  814.56154442
  859.0056011   860.62829587  861.08736105  891.6711291   891.77459543
  891.96332815  893.39292354  893.84678875  900.12210184  905.25585195
  910.83473396  922.5263296   936.61151751  958.40084724  975.41005906
  998.70311728 1000.14987928 1052.82434275 1054.79623639 1073.67364218
 1074.40173983 1076.61539936 1077.53159641 1083.22224472 1093.56214471
 1095.04187328 1119.09532904 1126.30477246 1166.37964323 1169.38043355
 1182.87795669 1192.17266005 1201.94696187 1238.24981147 1240.32153812
 1258.34907998 1271.74553678 1273.89262986 1280.16864295 1290.71974226
 1295.21979442 1297.54672025 1311.57184169 1318.43001957 1322.52447303
 1326.18739456 1327.6203566  1330.60771363 1347.36219294 1349.59221908
 1367.95792652 1369.89878693 1375.87483433 1379.81948827 1381.00968443
 1389.51549034 1411.90821813 1414.77890887 1418.97532867 1422.46925074
 1427.09026917 1447.2480375  1469.1001337  1491.22416235 1494.84545068
 1525.21311941 1576.095522   1580.9119398  1626.33472666 1634.1262682
 1639.91661619 1656.06409745 1661.91457859 1662.11201128 1674.87157014
 1680.0086869  1691.73674908 1710.97862037 1739.14562953 1757.49090371
 1760.93402594 1761.87575624 1763.34838482 1768.95313341 1780.33713004
 1805.14165005 1862.2048327  1862.31309902 1866.34281936 1875.76178898
 1878.26771423 1881.37113756 1899.44534594 1921.15850926 1949.37908492
 1964.40080314 1973.43607401 1989.31188948 1991.72751502 2005.19497159
 2044.8128105  2061.85688887 2062.49405348 2071.40445808 2074.1069827
 2083.55795222 2095.32111429 2104.3209186  2114.41451939 2121.62316281
 2131.177332   2153.0798947  2166.25065223 2205.90759101 2218.9042491
 2219.6483467  2227.66325419 2233.52653528 2239.25848346 2260.75314748
 2273.0691411  2280.30158444 2300.19345363 2308.51949345 2354.94797706
 2355.65774144 2358.84426449 2359.05776381 2373.68858329 2390.21156334
 2391.99982424 2399.84003229 2401.0490284  2432.34509414 2460.93390195
 2500.57457412 2557.39869087 2605.00377069 2646.65320305 2648.61366339
 2673.81711545 2676.32637403 2693.62138492 2707.45584031 2740.16656816
 2740.83039935 2753.28665918 2771.95833231 2779.88230675 2791.1965036
 2802.17206821 2818.42638246 2822.80406834 2831.94443886 2841.63557428
 2860.68727951 2860.84954565 2904.37530529 2917.1590974  2929.33085815
 2930.74772025 2934.41467509 2945.04424081 2947.10273417 2966.280439
 2969.0385301  2978.8599651  3013.75515257 3018.75233646 3031.40762898
 3062.60042839 3067.17961362 3084.20715871 3094.25612631 3097.89424791
 3103.39583017 3108.56554683 3127.43055266 3127.76178493 3133.80113212
 3133.84529864 3136.71515606 3171.67887664 3175.32486488 3190.90654797
 3211.88268033 3216.74859797 3217.94886076 3233.75827645 3242.78784733
 3247.80963114 3268.16059884 3285.50324292 3287.44546999 3307.70177133
 3318.20873745 3334.40815188 3369.52183865 3392.11653245 3393.33432852
 3398.20807947 3407.06838423 3412.34880054 3415.55295687 3416.33488768
 3427.03751984 3441.3874069  3453.19430216 3454.27749866 3467.5181893
 3470.1237809  3477.92085575 3494.3317695  3504.22420426 3525.41243594
 3527.67126199 3546.13900243 3550.86548719 3553.08881335 3556.88763444
 3561.28678692 3561.63768579 3574.08574564 3575.99447282 3583.86548077
 3587.414636   3590.9786245  3602.91895266 3606.37780818 3627.79277245
 3628.24040434 3662.41162748 3681.23623344 3682.63886225 3701.08896942
 3719.33321059 3721.64633646 3729.16921221 3748.37938359 3755.34599446
 3756.75672324 3777.4637898  3788.0165891  3792.51430793 3799.56531853
 3816.24429808 3836.96619792 3850.59058732 3852.30961511 3860.26522279
 3881.62248725 3891.31728932 3914.11098248 3933.76321911 3944.31331842
 3997.91847889 4022.32343352 4029.11354496 4038.79538041 4062.34337114
 4081.40637633 4082.68850553 4083.49603626 4088.88258555 4100.89498015
 4112.30324336 4113.95737136 4132.54091143 4138.87812433 4148.49462665
 4155.88670281 4158.59186076 4159.28605852 4170.40615599 4180.6061231
 4208.99293156 4213.05688512 4216.50164068 4228.38206904 4252.20465888
 4255.73241417 4261.1093635  4266.42947968 4269.30740373 4305.80078605
 4318.17554614 4327.13155059 4334.8928589  4343.36259825 4346.49472148
 4366.34755746 4369.10101525 4385.30342967 4390.82881185 4398.7021198
 4401.31381137 4402.95757274 4422.12714426 4435.33516833 4461.15895172
 4474.89134077 4482.06115098 4494.49711088 4500.07015958 4508.86703121
 4532.18712267 4537.54377207 4538.74986818 4565.680848   4569.93230095
 4572.9378246  4578.58880637 4597.62291166 4640.98787182 4642.60836659
 4657.41158552 4665.98935786 4673.13343482 4673.80566599 4676.87528942
 4716.29199565 4725.46126608 4759.04422445 4776.38406853 4796.35187081
 4804.72717713 4808.95236351 4861.76555987 4870.7483309  4877.14431027
 4897.25594542 4903.65772477 4914.88042192 4923.86279295 4937.31121625
 4939.48540924 4940.51477259 4955.01652582 4972.57206921 4992.57807136
 5008.35522048 5017.52895757 5025.69869789 5031.30191315 5035.40873324
 5037.6661593  5037.73282575 5053.31344217 5062.24721336 5063.39740965
 5070.85318561 5090.53492214 5091.08568703 5097.42683325 5102.38328393
 5105.83840612 5112.25588543 5114.39567853 5118.34519913 5126.16077392
 5133.26465101 5134.91051237 5175.1015161  5202.61562738 5205.41038503
 5221.23576733 5224.55565662 5237.17804925 5240.66717134 5251.92136838
 5260.71567335 5271.61793819 5275.87692446 5285.32476066 5287.34895413
 5296.94405652 5299.21391587 5304.71089814 5309.84448159 5331.33174563
 5346.74969591 5356.1710322  5375.68553593 5387.18576552 5388.51306124
 5399.30232644 5407.78696575 5410.99028875 5416.57480408 5449.07176595
 5458.78840128 5463.76338524 5474.40988424 5486.01028016 5489.38756927
 5497.19624409 5508.93643957 5519.06844023 5525.64065237 5526.00998451
 5527.45651318 5529.88400535 5537.64474699 5545.14705613 5575.09422622
 5587.48398627 5605.84159374 5608.67385127 5609.77974771 5624.78286599
 5634.93223326 5638.7129544  5674.0440738  5688.17792822 5695.75177047
 5709.72475874 5737.0885705  5765.35941267 5771.20182716 5773.71241906
 5786.02774602 5792.41172543 5797.57177546 5804.15075424 5810.66683323
 5813.32402466 5816.00454935 5817.85781004 5828.57544214 5834.86708852
 5836.01151816 5839.81473923 5842.68106332 5877.59138408 5895.71279231
 5906.35692465 5907.20468858 5919.48208233 5933.47117055 5937.66809035
 5944.88046709 5953.14517377 5962.13157813 5966.44659754 5987.3295302
 5996.55703378 6001.39175152 6007.67039794 6010.62095509 6011.73298484
 6014.12047714 6039.80362765 6064.08451602 6068.33133566 6085.7872127
 6086.8217427  6101.69439474 6106.23834675 6110.37840007 6116.12768153
 6116.41171394 6126.41498169 6128.49054166 6129.55383823 6139.93880474
 6161.9286005  6174.11916119 6184.50462769 6205.4547268  6213.57773394
 6226.34842609 6233.89090177 6240.10958172 6240.57614688 6247.6604907
 6290.57091899 6309.74665715 6324.40424322 6341.33472196 6342.32831875
 6343.87771376 6350.59342543 6374.48738171 6381.70239178 6398.29150495
 6401.50969457 6402.27315878 6407.2388761  6412.83345806 6413.49745592
 6428.46057433 6429.21057191 6433.57135785 6438.4131089  6440.39653584
 6440.71606814 6443.50909247 6443.79719154 6464.2967921  6471.21940311
 6498.23638266 6500.28327605 6503.52016562 6510.29584377 6513.38313381
 6516.6542566  6518.92948259 6532.82163779 6553.90830313 6583.48154109
 6628.62759551 6634.20091087 6639.33816097 6666.91383871 6671.48789063
 6696.10617791 6704.35068465 6707.66407397 6724.15838745 6725.25558391
 6737.57531085 6739.14833911 6748.36537605 6772.45166505 6784.95849138
 6785.04279111 6804.43416191 6810.23247655 6828.67628374 6831.44914146
 6832.25797219 6835.12856293 6836.74039106 6842.44270601 6844.44146623
 6879.038288   6885.62723342 6900.57925187 6911.23218418 6912.15141455
 6912.19644774 6927.47176514 6932.90248097 6932.99804732 6933.2728131
 6948.01066558 6976.45987384 6994.53901554 6998.33710329 7006.33187751
 7022.57275847 7029.15333725 7041.64089698 7042.13482872 7048.17934256
 7062.77446216 7072.64196367 7087.94491433 7098.44428047 7109.54841133
 7118.72721506 7120.43460955 7125.56305968 7129.57804674 7141.55517478
 7147.08895693 7154.27850042 7170.99304652 7189.0152884  7190.17471799
 7197.61836066 7203.91877367 7215.5187696  7217.51316317 7219.58492315
 7234.39694205 7239.2008599  7256.11557202 7272.16452026]"
133,708016_2024-04-29_A-307,MOs,True,"[  19.96287347   20.09520638   20.19047274 ... 7274.38407977 7274.65694556
 7275.12381072]"
134,708016_2024-04-29_A-308,MOs,True,"[  19.39204198   19.45820843   19.5817747  ... 7273.72661523 7273.80074832
 7273.83518154]"
135,708016_2024-04-29_A-309,MOs,True,"[  21.4218021    21.55110168   24.03476034 ... 7274.41201302 7274.69494544
 7275.05194429]"
136,708016_2024-04-29_A-310,MOs,True,"[  19.74287418   19.86974044   19.95887348 ... 7273.5481158  7273.68518203
 7273.82438158]"
137,708016_2024-04-29_A-313,MOs,True,"[  25.40735591   32.65429921   35.66848949 ... 7267.66473477 7267.83846755
 7270.30892625]"
138,708016_2024-04-29_A-314,MOs,True,"[  23.22359629   26.72825165   37.92108223 ... 7267.55876845 7268.66313155
 7269.44452903]"
139,708016_2024-04-29_A-315,MOs,True,"[  28.50277926   28.75454512   30.94810471 ... 7268.73006467 7270.00112724
 7272.98808427]"
140,708016_2024-04-29_A-316,MOs,True,"[  21.19413617   21.20583613   21.21720276 ... 7273.01421752 7273.26285005
 7273.70124864]"
141,708016_2024-04-29_A-318,MOs,True,"[  23.67712816   24.54862535   24.84462439 ... 7270.3220262  7270.84372452
 7270.86439112]"
142,708016_2024-04-29_A-319,MOs,True,"[  23.09526337   24.09326015   32.8026654  ... 7270.3018596  7270.32085954
 7270.32549286]"
143,708016_2024-04-29_A-320,MOs,True,"[  24.96482401   25.10162357   25.41432256 ... 7265.64827461 7266.1270064
 7273.97488109]"
144,708016_2024-04-29_A-322,MOs,True,"[  41.52397061   44.35962813   58.14378368 ... 7261.01772288 7265.85597394
 7267.26683606]"
145,708016_2024-04-29_A-324,MOs,True,"[  19.70174098   25.61858857   33.83876206 ... 7268.44566559 7268.87019755
 7272.75278503]"
146,708016_2024-04-29_A-334,ACB,True,"[ 100.82847937  112.5618082   213.38071641  213.57501579  214.73111206
  237.70690463  410.36224786  538.82850026  543.04565333  605.98381703
  662.25593557  662.59623447  743.30007422  755.78363397  827.98296781
  868.92450245  917.5944455  1048.8276223  1207.0843453  1209.54923735
 1387.38766387 1703.51374444 1708.96076021 1732.56875074 1733.44941457
 1738.15746605 1778.3127699  1780.31096345 1928.97251739 1957.49499208
 1958.65692167 1995.6719023  2035.18597488 2050.26179293 2140.28063597
 2185.6204231  2185.650823   2186.55245343 2187.18565138 2187.46191716
 2218.07615177 2229.73914749 2229.91708025 2232.52283852 2233.71040135
 2241.08367758 2304.0488412  2322.14004952 2436.93771266 2440.84100008
 2453.91155793 2498.45558095 2564.72036726 2609.38662322 2692.17855624
 2712.23959155 2722.63129137 2754.52512186 2783.52412834 2802.4339007
 2805.24029165 2836.49449086 2864.48273394 2866.87405956 2878.51785534
 2905.56893478 2907.12866308 2933.55784452 2982.82441898 3071.99889808
 3109.8993092  3116.32718847 3142.33623793 3190.42538285 3209.66265415
 3270.72342391 3308.93546735 3367.10754643 3395.78625395 3401.24300302
 3410.40130682 3416.60912013 3424.95202656 3484.62843412 3496.68212859
 3528.15006044 3529.81345508 3676.99418046 3682.35186318 3709.10511024
 3709.30194294 3709.87200777 3748.45398335 3764.78673068 3766.35545896
 3781.17761116 3800.43871571 3802.67177518 3811.2327809  3812.24344431
 3815.24756796 3815.43536735 3816.22049815 3816.46769736 3817.06649543
 3817.37016111 3817.66182684 3817.71299334 3819.43732111 3819.49578759
 3823.01624291 3823.13144253 3823.13540919 3836.33813328 3845.37957079
 3845.60283674 3854.62197432 3859.94212383 3860.63792159 3868.35756336
 3869.5626928  3885.40644171 3904.43961367 3927.21630689 3975.10641912
 3979.02563981 3979.21300588 4085.78559554 4094.3066014  4104.15013632
 4128.80662347 4131.83941369 4137.1805298  4157.5449308  4204.58604577
 4208.60716614 4209.93936184 4218.0971022  4269.00953802 4269.222004
 4286.5374815  4354.088697   4369.59668032 4398.28272115 4424.43037016
 4426.28569751 4456.79169914 4469.99848988 4470.56535472 4507.96143413
 4544.82041527 4575.3441835  4580.6780663  4580.71539951 4600.49653573
 4600.88870113 4644.16022825 4648.79204665 4648.97857938 4671.67800618
 4680.41987799 4697.67058903 4709.36078467 4750.24998614 4818.50993269
 4826.09860822 4836.09630931 4841.92032386 4860.61046359 4864.46941781
 4864.5052177  4864.73861694 4865.20774876 4866.59987761 4866.81037693
 4918.92197555 4923.17626183 4926.13518562 4926.31281838 4926.63598401
 4926.7521503  4926.89398318 4929.79577382 4929.81834041 4931.11996955
 4931.17206938 4932.93549703 4933.9871603  4934.79772435 4935.1454899
 4935.50572207 4935.53672197 4943.46506307 4950.07324176 4950.15190817
 4953.01083229 4954.04649562 4969.24751326 4979.93364547 4980.33291085
 4999.93374764 5072.13858146 5088.60352837 5088.81036104 5089.00622707
 5089.06849354 5092.33754966 5093.36307969 5094.920608   5097.12663422
 5125.48984275 5155.00068092 5169.57226727 5203.86999    5209.42507208
 5213.11282686 5215.96811765 5216.00451753 5216.00965085 5216.03115078
 5239.36027555 5265.58282432 5279.11308069 5290.48024403 5302.86083744
 5332.45407535 5336.29612962 5336.40909592 5338.69438856 5345.793199
 5354.10633886 5368.89859115 5374.64197263 5381.99394892 5391.34205211
 5391.98638337 5395.61273834 5396.76246797 5397.50673223 5425.2395428
 5425.47417538 5426.29983938 5426.37517247 5444.02398223 5453.04145315
 5455.44847872 5457.92863739 5461.27535993 5466.00814467 5471.36799405
 5472.04259187 5478.3920714  5498.39870688 5503.64752329 5517.3933123
 5522.34526299 5538.48587761 5538.49667758 5544.56925799 5551.68946837
 5552.91409775 5567.02241892 5575.01155982 5575.12995944 5575.14649272
 5633.72707048 5634.08696932 5640.9269806  5656.98416215 5660.30971809
 5710.92722153 5713.17794761 5716.87030237 5734.19477983 5766.32227623
 5807.87874222 5823.19412616 5829.79380488 5834.6578892  5848.11271247
 5848.52731114 5848.58554428 5850.46970487 5857.26634962 5859.06821048
 5859.55587557 5860.31923978 5972.25191216 5974.82130387 5993.03361181
 6020.59655626 6026.79266961 6027.41950092 6027.59013371 6029.15409533
 6029.28946156 6029.45526102 6029.69792691 6029.7121602  6030.00725924
 6030.44635783 6030.5259909  6038.82886413 6040.20259303 6087.77307296
 6089.53320062 6100.25749937 6110.8329986  6110.88589843 6116.66174647
 6116.76374614 6121.34439804 6181.58810377 6191.50490512 6191.51543842
 6191.68053789 6191.76153763 6191.87983725 6191.89837052 6240.09044844
 6240.10718172 6252.7563076  6252.76400758 6291.62648225 6292.15241389
 6297.2967973  6297.6796294  6301.89481581 6306.33830148 6382.49568922
 6388.46470331 6433.15052587 6433.20629236 6433.34079193 6437.8044442
 6447.35034675 6483.88862892 6483.93256211 6484.28272765 6484.32072753
 6484.41392723 6484.41952721 6484.4236272  6484.70862628 6486.82841944
 6486.98451894 6498.2110494  6498.73688104 6507.08722078 6507.10395406
 6548.01922212 6567.86415812 6570.29281696 6580.80474973 6583.96107288
 6586.7860971  6588.12542612 6599.96165462 6618.23779568 6618.27076224
 6632.11968425 6632.53204959 6632.72991561 6632.87344848 6633.01224804
 6633.14551427 6633.39371347 6633.41021342 6633.42071339 6634.20924418
 6634.3775103  6634.46171003 6634.48367662 6634.51120987 6634.51967651
 6634.66307605 6634.68114265 6634.75517575 6634.76354239 6634.7692757
 6634.77664235 6634.85947541 6634.87144204 6634.87767535 6634.89627529
 6634.91030858 6634.9242752  6635.05907477 6635.22367424 6660.3852931
 6676.79534018 6676.92537309 6682.61665474 6682.77108758 6682.78958752
 6682.86808726 6682.9285204  6683.47321865 6684.91744732 6684.94901389
 6686.21904312 6688.92190108 6689.26439997 6748.22954316 6748.24047645
 6748.38004267 6767.4432812  6767.502781   6768.73687703 6769.0133428
 6770.71450398 6770.94853656 6771.04623624 6771.0614362  6771.08840278
 6771.32420201 6771.33300199 6771.44120164 6771.45273493 6771.68156753
 6771.70666745 6780.66263857 6790.85607236 6796.41735443 6797.21451853
 6797.99061602 6798.14994884 6804.611828   6809.5944786  6824.50023054
 6847.86722185 6848.61911942 6848.64381935 6848.68641921 6848.87295194
 6848.9382184  6848.9462517  6849.03258476 6849.09648455 6849.11568449
 6849.2359841  6849.27575064 6849.69464929 6849.73801582 6850.37941375
 6850.47111345 6859.39715134 6861.60831087 6868.21708956 6869.54038529
 6872.86494124 6881.10101468 6881.12838126 6881.56291319 6882.5413767
 6883.10340822 6883.48797365 6890.17328542 6895.19786922 6896.90759704
 6896.91656368 6896.92353032 6897.01446336 6897.4683619  6899.32055593
 6899.45622215 6899.51845529 6904.58983893 6904.71630519 6904.73353847
 6906.96219795 6912.0330816  6914.86007248 6917.98699573 6920.37745469
 6921.20878534 6921.30165171 6921.32905162 6921.38698477 6921.44035126
 6921.75385025 6921.76065023 6921.76625021 6921.79411679 6921.92904969
 6922.11688241 6922.12391572 6922.13194903 6922.15564895 6922.21048211
 6922.22488206 6922.30378181 6922.47818125 6922.49061454 6922.49851452
 6922.78744692 6923.26141206 6923.37954501 6923.56624441 6923.58867767
 6923.73401053 6923.8071103  6923.83687687 6924.20710901 6926.88570037
 6929.45409209 6929.68049136 6929.69142465 6929.893924   6929.93912385
 6929.95165715 6930.11938994 6932.22624981 6932.38238264 6932.44988242
 6932.46628237 6932.47098236 6932.55641541 6932.59868195 6932.62754852
 6933.26344647 6933.69094509 6933.74291159 6933.82051134 6933.82914464
 6933.84101127 6933.85137791 6933.86671119 6935.22420681 6936.12747057
 6936.30583666 6936.49476938 6936.93036798 6937.94179805 6938.14306407
 6938.15366403 6938.43556312 6938.43972978 6938.44709642 6938.4539964
 6938.50692956 6938.63672914 6940.38915682 6940.64948932 6941.53055314
 6941.63448614 6942.86078219 6943.06398153 6943.58377985 6944.89094231
 6946.87123592 6947.44440074 6950.20822516 6950.26362498 6950.40849118
 6950.41679115 6950.43799108 6950.91582288 6950.99675595 6951.00528925
 6951.0747557  6951.22455521 6951.63505389 6951.76145348 6951.7673868
 6951.78342008 6952.71545041 6953.72801381 6953.96274638 6954.22707887
 6954.33111186 6954.92110996 6955.84347365 6955.93344003 6955.9946065
 6956.00197314 6956.05363964 6956.06977292 6956.20213916 6956.48570492
 6956.49710488 6956.51550482 6956.57860462 6956.73240412 6956.74617074
 6956.81763718 6956.83797045 6956.86447036 6956.89193694 6956.93093681
 6957.45446846 6957.74826751 6958.6106314  6964.24954655 6968.36269995
 6968.47573292 6968.69396555 6969.21983052 6969.28239698 6969.3087969
 6969.95682814 6974.05541492 6977.4225374  6982.72908695 6982.98781945
 6994.05298377 6999.49509955 7002.62792278 7009.29696795 7012.30195826
 7012.93408955 7013.72185368 7013.80902006 7015.13438245 7015.9367132
 7015.99817967 7016.0802794  7016.10997931 7016.12631259 7016.20484567
 7016.43954491 7016.50611136 7017.39487517 7017.49997483 7017.51570811
 7017.69560753 7017.99577323 7018.0874396  7018.31653886 7022.37969242
 7023.55102198 7028.93687128 7032.39639346 7032.46955989 7032.56325958
 7032.57535955 7032.80069215 7032.8256254  7034.53508656 7035.90778213
 7036.62911314 7037.79887603 7051.14109968 7056.84948127 7057.57104561
 7057.64097871 7057.65397867 7057.79574488 7057.8427114  7057.85181137
 7058.09211059 7058.63034219 7058.91854126 7059.86597154 7060.87160163
 7060.89046824 7060.97323464 7061.04036775 7061.08413428 7061.26566703
 7061.45473308 7061.75256546 7062.06493112 7062.24996385 7062.26339714
 7062.31563031 7062.33776357 7062.38316342 7062.40799668 7062.41519665
 7062.42469662 7062.42986327 7063.48412654 7064.04875805 7064.13945776
 7064.14825773 7064.15649104 7064.2083242  7064.22135749 7064.25012407
 7064.27852398 7064.47245669 7064.57525635 7064.71965589 7064.81208892
 7064.92895521 7064.95245514 7065.08068806 7065.10502131 7065.15615448
 7065.203121   7065.21692095 7065.40585368 7065.5005867  7065.64668623
 7065.97181852 7066.9787486  7067.05794835 7068.57804345 7068.74650957
 7069.48770718 7069.58164021 7069.66023996 7069.72097309 7069.74100636
 7069.75687298 7069.8624393  7069.94120572 7070.06240533 7070.07013863
 7070.07773861 7070.10527185 7070.1117385  7070.11963847 7070.18673826
 7070.30153789 7071.7663665  7071.94439926 7071.98456579 7072.08063215
 7072.08543214 7072.09536544 7072.22866501 7072.26123157 7073.34652807
 7073.35352805 7073.3773613  7073.38452795 7073.41876117 7073.46596102
 7073.47976097 7073.61292721 7073.65269375 7073.66366038 7073.67252702
 7073.68296032 7073.69192695 7073.74236013 7073.75362676 7073.77026004
 7073.8234932  7073.9142929  7073.94692613 7074.03212586 7074.39865801
 7075.13398897 7075.23512198 7077.6690808  7077.72541395 7077.86901348
 7077.90401337 7077.92907996 7077.96407984 7078.14697925 7079.06630962
 7079.20974249 7079.22727577 7079.52814147 7083.16472974 7083.6632948
 7083.93486059 7083.95916051 7084.30725939 7084.32159268 7084.42152569
 7084.49372545 7084.61922505 7086.92235096 7087.10051705 7087.78578151
 7087.83188136 7087.88714785 7087.95934761 7088.55741235 7088.65317871
 7095.17989099 7096.34382057 7096.39278708 7096.54105327 7096.62441967
 7096.84575229 7097.25241764 7097.61444981 7098.12128151 7098.56128009
 7098.64661315 7099.49824374 7099.64127661 7099.79074279 7100.00790876
 7100.41774077 7100.56360697 7100.75250636 7100.81940614 7101.70053663
 7101.90566931 7102.08950205 7102.2372349  7103.31256477 7103.33713136
 7103.62503043 7104.70122696 7106.06248923 7108.38524841 7113.21989949
 7113.41706552 7119.33177978 7121.46637289 7121.48340617 7121.99937118
 7124.51296307 7124.96862827 7126.04692479 7127.81868574 7132.39383766
 7133.29470142 7133.36286786 7133.46186754 7133.47473417 7133.58616714
 7133.70793342 7133.7431333  7134.00259913 7134.57939727 7139.48244813
 7139.82908035 7140.74041074 7140.77797729 7141.12280951 7141.54020816
 7141.73184088 7143.08140319 7143.87276731 7144.38493232 7153.04863772
 7156.1233278  7160.42701392 7160.67824645 7169.31048528 7171.25784566
 7178.03235715 7192.87857594 7198.27069189 7198.37569155 7198.57369091
 7199.62218753 7202.40247856 7207.75056132 7236.27910265 7236.30206924
 7237.00583364 7243.16008046 7243.60637902 7244.18757715 7255.34730783
 7261.78955372 7270.69379167]"
147,708016_2024-04-29_A-345,ORBl,True,"[  23.55956187   23.73572797   24.08112686 ... 7142.85450392 7148.10878698
 7232.3361487 ]"
148,708016_2024-04-29_A-347,ORBl,True,"[  21.246036     27.78794824   30.62733908 ... 7252.23061788 7263.95718006
 7270.30539293]"
149,708016_2024-04-29_A-349,ORBl,True,"[  33.50259647   53.77329777  357.5601848  ... 7148.62195199 7175.38129903
 7183.03574101]"
150,708016_2024-04-29_A-350,MOs,True,"[  95.85982872  100.41088071  103.60053709 ... 7270.44015916 7270.58062537
 7271.97112089]"
151,708016_2024-04-29_A-351,MOs,True,"[ 138.6921906   141.05258299  165.02847234  174.21977603  185.71660562
  188.46449676  192.34968423  220.78659253  221.39069058  221.89362229
  263.8370537   399.90821491  406.70855965  407.48319048  417.14285933
  421.94944383  465.09293804  478.88519356  484.53370868  499.5768935
  505.43987459  559.53643348  560.0164986   575.41848226  576.59387847
  583.39572321  599.09380592  604.46122194  614.49445625  622.37633084
  622.88622919  633.72126092  647.75231567  685.00496221  685.29572794
  686.01905894  687.94778605  700.02408044  711.08547811  714.60780008
  715.31166448  715.42596411  719.79158336  740.93694851  742.17997783
  746.81666288  785.31957205  813.94817973  815.30434203  820.13842644
  833.58874973  838.74343311  839.34573117  842.16308875  842.27712171
  843.52535102  844.78438029  847.33593873  852.54808859  854.87024777
  854.87718108  858.04737086  861.20229402  863.14252109  863.2121542
  864.50975002  864.59838306  867.74437292  870.65123021  871.46389426
  874.96444964  875.66068073  880.36106557  881.04899668  895.66591621
  907.41921165  999.86261354 1006.63605836 1010.01101415 1021.76570957
 1022.24454136 1027.27272515 1033.59893808 1063.51984159 1063.62444126
 1068.33642606 1076.25413386 1081.62781653 1082.4944804  1082.75027958
 1098.26742954 1098.4868955  1098.80019449 1099.03399374 1115.75003983
 1116.09083873 1119.40532804 1120.08822584 1121.76858709 1122.36658516
 1123.05501627 1124.33434548 1126.81200416 1127.42926883 1136.90943826
 1137.09390433 1138.70333248 1138.93979838 1140.02839487 1147.7706699
 1154.15844931 1155.35077879 1163.90461788 1166.04881096 1166.29057685
 1166.9246748  1185.77884734 1198.8245386  1213.66319075 1221.89089755
 1222.01933047 1222.22169649 1222.22982979 1239.16224186 1240.97876933
 1240.99683594 1242.45369791 1246.15235265 1247.54584815 1248.14391289
 1248.77984418 1248.87191055 1252.11706675 1255.33482304 1260.39180673
 1267.47615055 1276.73858735 1293.6641661  1293.95983181 1305.43516148
 1309.17851607 1316.09896042 1319.60528245 1320.07721426 1320.2100805
 1320.45611304 1322.79063884 1324.84276556 1328.90415246 1332.4881409
 1333.06813903 1334.10040237 1342.87534074 1345.69733164 1348.29678992
 1349.60938569 1352.99837476 1353.09274113 1353.10010777 1353.42730671
 1353.77213893 1353.8131388  1354.0516047  1367.19036233 1367.20566228
 1376.80736465 1395.77133683 1396.89333321 1400.96428675 1404.92037399
 1405.45227228 1406.91663422 1408.07933047 1415.36464031 1417.61963304
 1423.65304692 1423.939346   1424.65421036 1426.79323679 1435.94150729
 1435.96340722 1437.22386982 1474.90044833 1474.91078163 1522.91676015
 1564.42049298 1573.32683093 1586.96065363 1592.51126906 1595.58679248
 1612.40673824 1615.05959635 1626.37625985 1626.61705908 1629.67281589
 1629.91171512 1638.00682235 1638.17442181 1640.26358174 1643.63317087
 1645.5990312  1781.78962535 1844.36025691 1871.98670116 1875.97878828
 1922.56113807 1924.17869952 1926.23765954 2219.77267963 2803.95146247
 2818.09301687 2849.07575029 3025.93254663 3110.46587404 3110.47310735
 3136.72008937 3136.98152186 3137.92505215 3138.62554989 3152.01234006
 3229.9392221  3230.34998744 3262.48538381 3351.90009547 3359.85466982
 3365.89131702 3371.09226691 3402.95366417 3406.94818462 3407.2023838
 3407.56088265 3409.29321039 3409.37704346 3413.11416474 3413.18506451
 3413.50803013 3414.30212757 3427.41651862 3429.42454547 3429.86774404
 3432.44213574 3433.11986689 3438.14531735 3439.14954745 3451.63034053
 3451.92157293 3452.74457027 3455.62692764 3459.54544834 3459.91434715
 3460.26247936 3465.4295627  3488.97425344 3504.88410214 3505.06560155
 3513.16747542 3518.80959056 3519.15695611 3519.48902171 3548.56036129
 3548.84336038 3574.78571005 3601.22642479 3601.61262354 3601.85192277
 3609.00263305 3621.51412603 3698.08024579 3698.65374394 3737.99395041
 3738.32948267 3747.19062076 3755.28019467 3787.30525806 3832.82051129
 3833.50270909 3874.49374357 3876.8632026  3908.82656619 3915.96424317
 3916.40340842 3919.53683165 3941.0227957  3941.134462   3949.19920266
 3949.22890257 3950.00950005 3958.24374016 3963.81788886 3964.08838798
 3964.95231853 3976.00741621 4023.07283111 4027.07438487 4035.27592509
 4064.54253071 4064.66896364 4065.38902798 4221.76235705 4239.49009988
 4241.78589248 4254.31498541 4265.02701753 4278.63610698 4279.39140454
 4279.39857119 4279.4053045  4279.75980335 4282.1023958  4282.47412794
 4311.00043595 4332.91473194 4384.70683159 4384.72416487 4388.48151942
 4394.90603204 4403.20313861 4442.10621316 4445.74373476 4450.8502183
 4456.67166619 4458.82939257 4460.45282067 4461.99764902 4463.17874521
 4493.21384835 4516.22760747 4519.69206297 4524.17574851 4531.10915948
 4561.41916174 4579.81780241 4582.84172599 4589.56150432 4644.94809238
 4648.6531471  4648.6633804  4664.20009696 4664.27123007 4666.95455475
 4667.084621   4674.8656959  4676.86968944 4678.66825031 4713.6406042
 4811.80295432 4818.09903401 4818.43653292 4821.71972234 4845.16754672
 4867.21904228 4930.15197267 4934.5358252  4978.80064912 4978.90138213
 4978.98561519 5012.1758415  5034.37290325 5078.64756047 5080.15055563
 5088.84992757 5089.77675792 5099.52472648 5127.7386355  5155.24054681
 5166.49984384 5197.85857605 5201.92046295 5230.25523824 5269.35287883
 5312.38207341 5489.84123448 5511.01889952 5516.59254821 5524.03412421
 5527.42717994 5528.20144411 5550.81807118 5551.17867001 5564.03589522
 5566.69671997 5566.86831942 5593.3241341  5593.40926716 5593.6355331
 5599.07258223 5607.41748866 5610.98724381 5615.33539646 5616.26876011
 5616.69092542 5617.77262193 5648.01502441 5648.95485471 5649.26145372
 5649.63378585 5650.47038316 5651.35158031 5651.3648136  5704.48104232
 5730.75419093 5735.95264083 5736.48133912 5752.56868725 5756.34987505
 5790.28386563 5799.46350269 5805.89334862 5846.5954507  5855.08035667
 5857.74348142 5862.8445983  5863.63392909 5866.25292064 5870.56107342
 5896.54618962 5900.00587847 5914.08589973 5914.26326582 5955.85309837
 5955.86513167 5956.16629736 5958.59242287 6006.49920172 6010.72352143
 6038.17003292 6055.7808428  6106.85321143 6110.79016541 6112.79665894
 6131.86549744 6157.97687991 6169.49654276 6173.25149732 6203.45666658
 6216.72069047 6289.44928927 6349.83692787 6350.91592439 6351.52015578
 6375.05207989 6378.33156932 6390.98566185 6407.68064134 6408.28027274
 6411.48506241 6413.68068866 6414.06202076 6414.06888741 6414.9507179
 6416.10808083 6416.84391179 6419.09800452 6421.77906254 6422.36486066
 6422.63925977 6423.92955561 6425.04871867 6427.33487796 6427.35421123
 6427.46911086 6446.20408378 6447.16164736 6476.64155229 6476.96511792
 6477.66021567 6482.32113398 6511.61880617 6512.24417082 6528.52655164
 6562.89310749 6562.97830721 6563.3433727  6563.98070398 6572.99124159
 6575.06353491 6576.04223175 6578.02802535 6578.39712416 6578.81345615
 6579.80251962 6579.9748524  6579.98725236 6579.99061902 6580.27308477
 6580.62925029 6585.16126901 6585.29983523 6585.71210057 6586.04053284
 6591.73551448 6595.84150124 6597.22016346 6597.22829676 6606.60773318
 6606.69379957 6606.75413271 6606.86956567 6607.02249851 6607.24969778
 6608.8882925  6616.97279976 6618.75942733 6619.09972623 6621.86655065
 6622.35144908 6622.8823807  6653.3448158  6663.38221677 6672.06195544
 6682.7533543  6686.09184353 6691.2591602  6699.48253369 6701.55322701
 6729.96290206 6730.20196796 6733.43839085 6736.1648154  6736.597914
 6737.02847928 6737.1354456  6737.8883765  6738.24114203 6738.91923985
 6739.57060441 6740.21350234 6746.00621699 6746.9039141  6747.39627918
 6751.44866611 6751.6797987  6752.48096278 6755.48428643 6755.49115307
 6756.19758413 6756.46978325 6756.6203161  6756.85348201 6756.97138163
 6757.20034756 6759.86050565 6763.51132721 6764.42695759 6764.44409087
 6765.38355451 6768.41127808 6768.89567651 6769.39884156 6769.95350644
 6773.56766145 6775.97458702 6775.980687   6775.98772031 6778.38704591
 6779.73190824 6785.38908999 6792.53323362 6799.25731194 6803.01453315
 6803.20176588 6804.8723605  6804.92952698 6806.15675636 6806.16682299
 6806.33718911 6806.42888881 6806.72772118 6807.06062011 6807.07388673
 6807.78118445 6808.48664884 6808.86014764 6809.21474649 6812.97326771
 6815.93015817 6816.19075733 6820.42017703 6822.04510512 6825.11799521
 6825.65056016 6825.65876013 6834.94119687 6834.94633018 6835.09842969
 6836.49322519 6838.14988652 6838.87545085 6839.85894767 6840.34351278
 6840.49654562 6845.95012803 6851.66927626 6852.51644019 6853.17017142
 6853.41780395 6854.23716797 6855.2409314  6856.85359287 6857.58529051
 6864.72690081 6865.73633089 6865.74946418 6865.9202303  6866.78462751
 6866.96866025 6867.99039029 6868.56888843 6868.86088748 6869.13718659
 6869.35335256 6871.25004645 6871.80917798 6871.82437793 6872.57444217
 6872.58310881 6877.42299321 6877.63719252 6877.69252567 6877.70079231
 6877.88002507 6879.55498633 6881.62864631 6882.40217715 6889.92745288
 6896.13449953 6896.30423232 6896.81083069 6899.50825532 6902.65624517
 6904.72277184 6905.53676921 6905.97343447 6906.5238327  6906.64953229
 6909.46075656 6910.55248637 6912.99601183 6915.51387037 6915.6915698
 6915.84313598 6921.11421898 6921.29815172 6922.23958202 6924.10850932
 6926.18710262 6938.72029554 6940.10655773 6944.74060946 6969.85862846
 6978.88106603 6979.68299678 6979.89582942 6980.34226132 6988.04326982
 6990.28922924 6995.59314547 7011.14712865 7015.37481501 7015.59038098
 7016.04864617 7056.92998101 7058.37120969 7072.80746314 7087.20928336
 7141.62084123 7184.59943597 7185.00726799 7192.84630938 7204.65077131
 7226.99179927 7228.63546063 7238.4757289  7247.80906547 7250.16715787
 7258.80099669]"
152,708016_2024-04-29_A-353,MOs,True,"[  20.30557237   22.1243665    27.43248272 ... 7265.45890855 7271.33988959
 7272.8058182 ]"
153,708016_2024-04-29_A-354,MOs,True,"[  19.38877532   19.51980823   20.05217318 ... 7274.01118097 7274.6427456
 7274.92881135]"
154,708016_2024-04-29_A-356,MOs,True,"[  32.19186737   33.50576313   43.85806308 ... 7272.24495334 7272.51485247
 7274.03128091]"
155,708016_2024-04-29_A-358,MOs,True,"[  23.82626101   24.25052631   24.3997925  ... 7273.2090169  7274.69917876
 7274.829245  ]"
156,708016_2024-04-29_A-359,MOs,True,"[  19.7477075    20.04437321   20.41307202 ... 7271.39862273 7273.79978166
 7274.16601381]"
157,708016_2024-04-29_A-360,MOs,True,"[  21.97673364   23.32542929   26.52381898 ... 7267.96076715 7271.76748821
 7274.27828011]"
158,708016_2024-04-29_A-361,MOs,True,"[  21.59136822   23.77492784   24.10699344 ... 7270.18182666 7272.34151969
 7272.95278439]"
159,708016_2024-04-29_A-365,MOs,True,"[  19.41860856   19.43350851   19.53484152 ... 7274.4269463  7274.47394615
 7274.98894449]"
160,708016_2024-04-29_A-367,MOs,True,"[  21.11096977   21.83196744   23.77612784 ... 7273.38528299 7273.41454957
 7273.6303822 ]"
161,708016_2024-04-29_A-368,MOs,True,"[  28.40294625   30.78273858   53.95619718 ... 7257.5169675  7265.02864327
 7267.7714011 ]"
162,708016_2024-04-29_A-370,MOs,True,"[  20.09140639   23.29969604   24.37609257 ... 7271.31918966 7273.2603834
 7273.28441665]"
163,708016_2024-04-29_A-371,MOs,True,"[  24.0261937    26.5781188    29.47110948 ... 7271.88748782 7272.01692074
 7273.2907833 ]"
164,708016_2024-04-29_A-374,MOs,True,"[  21.36196896   32.84663192   38.77347948 ... 7268.76136457 7272.1021538
 7273.38411633]"
165,708016_2024-04-29_A-375,MOs,True,"[  20.29153908   20.4090387    20.9553036  ... 7269.09549683 7269.35949598
 7271.81375473]"
166,708016_2024-04-29_A-377,MOs,True,"[  51.32303901   58.20411682   70.49221053 ... 7269.36399596 7273.55861577
 7274.78461181]"
167,708016_2024-04-29_A-380,ACB,True,"[  23.88936081   33.09596445   33.57609624 ... 7273.10025058 7273.79358168
 7273.97304776]"
168,708016_2024-04-29_A-387,MOs,True,"[  65.25406075   90.81157833   91.3185767  ... 7262.52845134 7266.66177134
 7267.56020178]"
169,708016_2024-04-29_A-388,MOs,True,"[  20.04857319   45.7535903    68.69411632  199.12542905  279.38530356
  298.67010804  310.81113556  312.27153085  314.35365747  320.58330404
  358.82528072  381.78624001  384.64759745  386.77875725  430.75614876
  449.25438911  481.90651715  550.14849709  550.99686102  552.80552185
  554.21255065  576.58107852  583.77722198  610.82376809  642.4004996
  685.98702571  697.81105425  742.26354423  749.24448839  768.82362525
  846.05104288  851.3245592   856.35140966  890.46333299  909.14383942
  920.13903729  920.40613643  937.6382142   938.78734382  950.53317261
  953.89109512  959.33447756  960.35784093  995.50976091  995.93092622
 1032.12417617 1045.42883327 1047.00822817 1076.68286581 1090.61892087
 1107.66513257 1115.43544084 1189.20956961 1201.87069545 1202.32606064
 1218.08500983 1233.2889608  1233.50862675 1250.20370625 1254.17669344
 1254.21659331 1254.4268593  1255.91958782 1258.14181399 1259.2540104
 1307.1437893  1313.66003495 1320.2198138  1321.29831032 1361.72574662
 1367.11962923 1371.68544784 1382.77014542 1391.51595055 1392.09791534
 1480.37926399 1480.42266385 1497.4221757  1519.04630597 1520.20883555
 1523.05185972 1589.58301184 1625.33066323 1659.53955291 1670.55155073
 1676.16096598 1682.6987449  1702.4500812  1718.58769583 1733.28734843
 1746.30900643 1747.28023664 1764.3880148  1788.3786041  1792.66052363
 1839.72997184 1844.17252418 1844.3424903  1850.62033672 1858.93637657
 1861.22160254 1868.01894728 1881.28870449 1924.14023297 1941.94467556
 1958.49782218 1965.01976781 1967.00839473 1967.18076085 1976.68316354
 1976.94842935 1985.99826683 1990.4829857  1991.54914893 1997.14573088
 2005.58507033 2018.01119693 2020.63738846 2021.44855251 2035.84920607
 2054.41961286 2055.48277609 2065.63887668 2089.05076784 2090.19509749
 2091.14912774 2121.39173022 2148.97467461 2154.91945543 2164.80302356
 2165.05465608 2196.21302227 2226.89172334 2249.20578472 2257.87382343
 2297.34479615 2307.54582992 2355.66600808 2356.97773718 2365.94447493
 2369.6246964  2374.05714877 2410.67509735 2424.42018636 2433.32455765
 2442.97935985 2481.37943602 2541.67390825 2545.02933076 2547.18839047
 2548.44395308 2561.84954319 2574.09087038 2576.59492897 2577.53935926
 2633.77541124 2634.32884279 2650.80318967 2659.70659429 2693.61128495
 2714.52495085 2715.22021527 2723.45462205 2731.34519661 2810.02800954
 2829.6697462  2856.091461   2878.87288753 2900.12915232 2901.88977998
 2923.84114252 2933.72251066 2951.51475328 2958.39879775 2968.27309924
 2975.40964289 2975.99047435 2976.55627253 2995.34764526 3007.24780689
 3021.97699272 3023.12515569 3025.18711571 3030.66263138 3082.19729853
 3112.65043366 3115.13612564 3119.99280998 3123.85663085 3126.97565413
 3151.67170782 3210.65771761 3216.23709962 3217.85959438 3218.16556006
 3221.71014863 3244.46054194 3246.90306739 3252.91438134 3268.87412988
 3279.98072739 3306.5039752  3317.31824032 3330.58136422 3349.94166845
 3360.80790008 3381.69573272 3389.54984073 3415.27275778 3433.60989864
 3459.87388062 3459.90694718 3463.29650291 3535.73960263 3539.95425571
 3540.67122006 3542.58434723 3542.85294636 3546.4595014  3546.68916732
 3564.85000876 3579.01319642 3583.96474712 3584.35441253 3584.36467916
 3596.08047472 3596.49887337 3598.79219931 3600.0853618  3600.64412667
 3605.25621179 3615.85304429 3616.06154362 3624.31415034 3635.4994476
 3659.77883597 3679.5951054  3688.24134419 3714.28859353 3736.51552185
 3745.07059426 3770.78264468 3786.08509533 3803.40297282 3833.77540821
 3859.31789251 3863.63591192 3874.99114197 3883.65911401 3894.22404661
 3906.75893952 3910.44972762 3920.46059534 3930.7254289  3944.27065189
 3954.46188569 3968.89647248 3976.67791405 3979.2159392  3983.74669126
 3983.78849112 4022.82373191 4038.75451387 4049.57194565 4050.6442422
 4051.38347314 4053.13323417 4053.91683164 4056.00105825 4056.23952415
 4060.3906441  4060.63350998 4079.94351438 4100.21998233 4137.17599649
 4165.78923755 4168.38889583 4181.90698557 4211.39995713 4211.47479022
 4216.41650762 4219.45569782 4229.8698309  4235.41507969 4253.63752093
 4260.79296452 4287.2187793  4300.52660305 4339.38271109 4342.62803395
 4343.91349648 4353.66733169 4359.19194721 4369.39968096 4388.78905176
 4394.7735658  4396.54649341 4402.99557262 4414.91890083 4423.89350523
 4423.91347183 4429.00812207 4429.04792194 4441.89724717 4449.45042281
 4456.11656798 4461.69315    4469.60539115 4470.02068981 4477.63913191
 4477.89099776 4512.21472041 4513.82988187 4528.24253539 4536.07784346
 4552.17262489 4552.36569094 4560.93359664 4563.95568689 4584.4195209
 4623.05912963 4679.37948135 4693.98503425 4694.36263303 4699.34451697
 4702.69877282 4732.75617589 4737.11396184 4740.30778487 4745.59743448
 4745.76010062 4746.76383072 4750.86471749 4751.61521507 4763.70557608
 4764.29137419 4764.50874016 4765.94550219 4768.12182851 4778.89099378
 4780.85522078 4784.12594357 4798.93876247 4811.24632278 4829.19243157
 4831.77352325 4840.79846081 4846.74164165 4852.03739124 4857.87113909
 4863.37218802 4863.83525319 4864.0805524  4880.2974001  4880.41619972
 4907.26244648 4913.80972537 4919.83743926 4926.66508391 4943.99872802
 4944.85242526 4958.65188076 4976.59728956 4979.356514   4984.98076253
 4997.26065626 5026.27036271 5040.07235154 5043.09657512 5048.71789032
 5051.11798258 5062.26391331 5064.80410512 5077.21889842 5080.35482164
 5082.514948   5082.79258044 5083.48491154 5090.86098776 5096.159504
 5125.24034356 5149.79736437 5162.83142234 5176.30034557 5178.39540548
 5178.93750373 5186.96867783 5187.742842   5187.81434177 5191.00739814
 5192.601993   5212.2530963  5215.82001813 5221.05363458 5223.56392649
 5223.80545904 5233.08369579 5233.52272771 5233.71322709 5235.84232023
 5240.56487167 5246.47518594 5256.00045522 5256.51482023 5268.12558279
 5268.28531561 5280.4540097  5281.2606071  5284.2998973  5289.96014571
 5295.80559353 5351.63568016 5355.02616922 5374.01337466 5385.59007066
 5387.18543218 5387.49529785 5391.01191984 5392.84614726 5420.26829217
 5427.21366977 5440.1136615  5441.18225806 5456.99597373 5457.93913735
 5473.19862148 5477.22467516 5486.44244544 5503.97875555 5511.37833169
 5517.7448445  5517.98411039 5518.45540887 5519.64870502 5536.72681662
 5572.70453393 5574.07966283 5575.1019262  5578.09441655 5578.38808227
 5603.76776709 5617.09239079 5617.10839074 5617.94262138 5646.06039738
 5663.81064014 5682.8013789  5685.02527172 5685.03657169 5701.63721816
 5714.95110855 5717.76099949 5718.40203076 5718.52129704 5722.10071883
 5729.67682773 5762.75632106 5769.21886689 5770.3821298  5775.89251203
 5793.72632119 5799.25357003 5800.56206581 5801.5575626  5803.11129093
 5833.08559427 5833.40522657 5841.97193228 5849.83427359 5853.58772815
 5853.96139361 5866.2559873  5867.66701608 5872.85363269 5878.68688055
 5890.62310872 5891.29610655 5897.15375433 5903.02026875 5904.23623149
 5904.96722913 5915.47719524 5915.55846165 5921.77254161 5922.62333886
 5933.56740357 5934.68169998 5935.06353208 5950.04965042 5975.63980123
 5989.17052427 5997.78486315 6000.23302192 6020.54475642 6023.14171472
 6031.91271977 6036.389372   6041.13489003 6043.19481672 6047.10277078
 6048.00196788 6053.70228283 6057.89390265 6059.51099743 6064.18648236
 6072.06345696 6083.27062082 6085.63687985 6092.32512495 6092.59979073
 6093.24615531 6098.717171   6102.87579093 6112.62052617 6114.78148587
 6114.97921856 6115.14798469 6119.44217084 6119.90126936 6127.44737836
 6128.62154124 6134.57202205 6134.96058746 6154.97092293 6155.29268856
 6161.60213488 6169.03097759 6177.61148326 6187.303052   6192.51136854
 6192.53210181 6194.55849527 6196.58792206 6198.12328378 6198.78631497
 6201.94117147 6202.06003775 6206.98022188 6218.37345181 6223.12873648
 6225.41479577 6228.84991803 6229.30608322 6229.92498123 6232.20477387
 6232.29640691 6235.93816183 6240.02968197 6240.03468196 6242.0668754
 6252.08197644 6274.94183606 6288.66745846 6293.62754247 6304.84987294
 6333.92581252 6334.68651006 6345.9837403  6365.08801203 6370.24162874
 6376.84230745 6377.09033999 6378.16796985 6380.89539438 6382.57952229
 6382.7504884  6384.06741749 6385.53934607 6411.02999721 6414.04438749
 6427.26371152 6429.7836034  6444.72005523 6444.9774544  6454.31075764
 6472.7939647  6477.80411521 6481.96090181 6490.65780709 6493.5194312
 6501.04104028 6502.86726772 6530.59181165 6535.81362814 6541.46614325
 6550.00738237 6560.33978239 6566.93749444 6569.59358588 6569.87195165
 6571.49704641 6573.37550702 6574.7958691  6583.77420682 6598.09169398
 6598.69275871 6599.10709071 6605.69626946 6607.92886226 6623.68237812
 6637.74309945 6638.13153153 6641.98868576 6652.17991956 6665.20367756
 6665.53887648 6678.79263374 6681.33949219 6717.41254253 6718.50283902
 6719.51436909 6767.25291514 6792.26126783 6813.16836708 6818.09045121
 6832.70380408 6842.70480516 6849.68178266 6871.36457941 6900.01202036
 6900.71695142 6930.25318951 6931.66521829 6937.14686728 6945.46957377
 6973.70781604 6974.80011252 6982.70025371 6990.2076295  6992.97615391
 6997.13717382 6998.13083729 6999.42269979 7007.79993944 7029.37486987
 7031.4722631  7046.49111467 7048.2402757  7049.2324725  7054.35522264
 7101.9271359  7112.79620085 7117.79055141 7135.96369281 7136.85318994
 7139.00181635 7146.51019213 7151.3785431  7167.27032519 7170.76338059
 7173.23927261 7176.51119539 7181.71997859 7201.67961423 7203.51714163
 7225.62097035 7229.20125881 7230.86688677 7234.4236753  7237.22836626
 7245.35220673 7252.34485084 7258.81162999 7273.56081576]"
170,708016_2024-04-29_A-391,MOs,True,"[  21.71960114   21.73423442   24.94799073 ... 7268.85979759 7273.22635017
 7274.68267881]"
171,708016_2024-04-29_B-4,AId,True,"[  19.82857094   20.22366973   20.51826883 ... 7275.05451987 7275.09138643
 7275.15711956]"
172,708016_2024-04-29_B-7,AId,True,"[  21.52056576   22.35526321   23.62415933 ... 7270.83653277 7273.51179126
 7274.62885451]"
173,708016_2024-04-29_B-9,AId,True,"[  33.08173041   33.36196289   34.40115971 ... 7274.57722133 7274.6639544
 7274.79412067]"
174,708016_2024-04-29_B-13,AId,True,"[  19.43123882   19.55310511   23.11979421 ... 7247.69640353 7248.39796805
 7258.2018714 ]"
175,708016_2024-04-29_B-15,AId,True,"[  21.04223389   21.42013274   24.64052289 ... 7267.95780824 7269.90873561
 7273.57745772]"
176,708016_2024-04-29_B-20,AId,True,"[  27.76411334   32.61723183   33.13693025 ... 7273.68309073 7274.1616226
 7274.20602247]"
177,708016_2024-04-29_B-21,AId,True,"[  20.17310322   20.24763632   20.32416942 ... 7272.85475993 7272.95815962
 7274.69772096]"
178,708016_2024-04-29_B-24,AId,True,"[  19.96503719   21.90726458   24.14885773 ... 7270.67053328 7273.00419281
 7273.83675693]"
179,708016_2024-04-29_B-25,AId,True,"[  19.40943889   20.38680256   20.41246915 ... 7273.33609179 7273.79112374
 7274.08882283]"
180,708016_2024-04-29_B-26,AId,True,"[  19.89857072   20.1241367    20.18746984 ... 7275.05581987 7275.10171973
 7275.17795283]"
181,708016_2024-04-29_B-31,AId,True,"[  19.89067075   20.04947026   20.74396814 ... 7274.90312034 7275.07288648
 7275.10318639]"
182,708016_2024-04-29_B-32,AId,True,"[  19.69947133   19.93650394   19.94100393 ... 7274.53875478 7275.09945307
 7275.15168624]"
183,708016_2024-04-29_B-33,AId,True,"[  33.15449686   33.39189613   68.30755604 ... 7273.25355871 7274.59685461
 7274.88408706]"
184,708016_2024-04-29_B-34,AId,True,"[  20.89370102   21.01790064   21.24426661 ... 7274.83182055 7274.86598712
 7275.00698669]"
185,708016_2024-04-29_B-36,AId,True,"[  19.74350453   19.89953739   20.47233564 ... 7274.93645357 7274.98778674
 7275.07695314]"
186,708016_2024-04-29_B-37,AId,True,"[  21.06013384   23.56142619   25.52388686 ... 7269.41907044 7271.07806537
 7271.35293119]"
187,708016_2024-04-29_B-38,AId,True,"[  23.73492566   33.5982955    33.76982831 ... 7269.29807081 7269.39070386
 7272.27839503]"
188,708016_2024-04-29_B-39,GU,True,"[  19.48487199   19.57250505   19.77957109 ... 7274.57958799 7274.98882007
 7275.04175325]"
189,708016_2024-04-29_B-40,GU,True,"[  47.30542026   75.17310171  204.19877385 ... 7260.19119865 7260.42943126
 7273.42835818]"
190,708016_2024-04-29_B-41,AId,True,"[  20.027937     20.17286989   20.27540291 ... 7274.66182107 7274.77675406
 7274.86892044]"
191,708016_2024-04-29_B-42,AId,True,"[  33.08149708   33.12326362   33.12789694 ... 7257.69477295 7258.69433656
 7273.38272499]"
192,708016_2024-04-29_B-44,AId,True,"[ 128.35710576  128.58717172  193.38867357 ... 7267.76180884 7271.35196453
 7273.21249217]"
193,708016_2024-04-29_B-47,GU,True,"[  27.81981317   46.03472414   93.46494578  112.32955476  136.65061373
  143.81505849  157.88511547  159.44097738  249.22983616  370.02610014
  375.13668451  389.86457281  410.46750981  410.50494303  411.11474116
  431.96921073  433.01747419  462.1643184   464.73214388  559.26615483
  560.69771712  575.64763807  582.26208451  589.60676205  591.6642891
  595.68771013  604.38728353  608.49777096  610.73519745  626.18305021
  645.97845635  689.75235584  697.12636662  702.56161667  704.71624342
  732.13635957  741.95742954  757.08361662  759.44817606  767.46895154
  779.46314819  781.01234346  781.5449085   783.14113695  784.03850087
  796.54426263  804.33297215  821.68915241  832.36328644  835.13741129
  837.80383647  848.32327097  859.86170236  868.8196083   869.16050726
  870.11373768 1048.12799336 1074.30994664 1091.06352874 1095.340049
 1099.41983652 1115.40648764 1136.24912391 1142.74627071 1188.82316316
 1237.27828166 1242.12233352 1293.7229424  1298.22022865 1305.67537252
 1319.25489767 1329.2070339  1341.52459624 1395.15706558 1430.22835834
 1458.76553775 1465.7474164  1495.203993   1542.20151596 1542.25384913
 1542.3302489  1542.57488148 1563.07945212 1569.11890032 1575.27918148
 1711.13363275 1715.42005297 1721.51196768 1745.27502835 1745.30392826
 1745.32266154 1745.36679474 1765.86353206 1796.82780405 1816.07561186
 1833.10882645 1836.84001504 1882.38604244 1903.03204598 1912.23148451
 1927.20060541 1936.78767609 1967.11078338 1990.78721098 2073.75509062
 2073.88549022 2091.12940416 2133.7615738  2188.39994007 2192.28869485
 2194.24842219 2243.89740371 2255.95530017 2265.03597241 2270.73572164
 2273.45964665 2309.1116043  2309.12050427 2309.13030424 2309.14993752
 2309.65016932 2309.77390228 2309.8199688  2310.29226736 2310.31586729
 2311.16099803 2311.23959779 2329.96544054 2330.20260648 2330.79857132
 2331.33113636 2331.58870224 2332.58203254 2334.54765986 2335.59692332
 2336.03082199 2339.20024563 2349.7181468  2350.15157881 2350.19404535
 2351.18827564 2351.34710849 2358.23332077 2368.47455612 2376.92486361
 2393.06248094 2393.06954758 2393.09071418 2393.85704517 2393.95731153
 2394.57294299 2397.8266997  2397.85496628 2397.96686594 2405.37390996
 2405.84277519 2406.08634111 2407.90543555 2466.79905547 2594.07026631
 2606.95342692 2610.41901632 2619.46238867 2626.2879678  2633.01474723
 2633.79314485 2638.9456291  2673.60845644 2694.88042473 2702.5549346
 2754.12814357 2771.29635774 2798.87694007 2864.44960624 2900.90489477
 2986.9835649  3000.67142304 3015.18911199 3017.68077103 3019.02016694
 3019.64069837 3055.20448963 3083.95480172 3084.42733361 3123.13424859
 3123.97624601 3184.42679451 3185.87935673 3187.81015083 3222.55121127
 3240.98135491 3241.14402108 3265.4594134  3279.51483709 3281.95046297
 3285.50985209 3316.35999109 3345.27363602 3368.91676372 3369.10816314
 3372.85051836 3405.37101892 3485.16944159 3583.46840768 3657.98637983
 3662.16643371 3700.38588352 3701.50648009 3750.28886426 3814.88966673
 3971.98301972 3982.77848671 3986.80354107 3996.51287805 4018.75211004
 4038.8894818  4071.6282817  4085.79890503 4095.94417401 4115.80637995
 4123.60668943 4145.94438779 4161.55920672 4163.05500214 4223.73298327
 4227.5175717  4300.83374752 4321.390818   4331.49088711 4347.7603707
 4349.46516549 4359.31003538 4368.57614038 4369.17680521 4378.98080857
 4379.43654051 4382.85749672 4417.42062436 4426.36953033 4442.36868141
 4453.40198101 4464.39611406 4483.03552373 4506.27431934 4519.74637815
 4531.09504345 4531.62527516 4539.16955209 4564.17587563 4564.4139749
 4564.75397386 4570.63895587 4590.74232773 4605.62128223 4621.15186808
 4625.41528838 4627.88974748 4636.03038925 4649.48401478 4666.78732854
 4671.75868    4683.55861059 4686.79126737 4695.35407452 4697.9446666
 4767.61722023 4796.41329885 4812.12961746 4843.46088832 4846.8459113
 4854.8808534  4854.90212    4929.28115924 4945.11661082 5016.50249254
 5033.03644199 5039.67668835 5056.66936973 5143.40653784 5160.90481767
 5162.46997955 5166.48086729 5197.64990531 5197.96663768 5205.81938033
 5206.06691291 5206.08031287 5222.74319525 5235.09362415 5235.77398874
 5243.89063059 5252.82246995 5265.23389866 5364.96962703 5385.47816432
 5386.74232712 5408.94445924 5432.84841948 5437.85640416 5443.54205345
 5453.69428907 5457.6203104  5460.82160061 5463.26619314 5478.60584623
 5488.74604856 5488.84201493 5489.44517975 5498.01188689 5501.96570814
 5503.9827353  5509.76805095 5517.42206088 5524.3489397  5524.36377298
 5541.9320526  5542.33875135 5561.69859216 5565.46324731 5573.98548792
 5579.4004047  5596.33321959 5609.93187801 5611.58053963 5627.05082566
 5632.33370951 5645.20433682 5651.76121677 5677.96007    5678.42923523
 5679.70809798 5679.92783065 5680.36062932 5683.518853   5695.50134969
 5695.67401583 5733.40490046 5733.82899917 5737.76722046 5753.32663955
 5756.43006339 5760.07505225 5763.63607469 5764.82420439 5806.12107812
 5807.62657351 5811.13876277 5811.7627942  5812.32069249 5812.79072439
 5812.96132387 5823.68269109 5834.59829104 5839.32354326 5849.62117844
 5850.44934257 5852.5873027  5865.25939729 5866.18802778 5878.43315701
 5881.61324728 5886.98223087 5891.94021571 5907.58230121 5911.30938981
 5916.25637469 5918.14030226 5923.34451968 5926.24007749 5932.67832447
 5941.79819659 5945.8285176  5954.99488957 5962.21046751 5997.84405855
 5999.18828777 6000.66391659 6004.44573836 6017.9308638  6041.97109029
 6059.6594362  6108.82325254 6184.19028876 6193.71662629 6212.46666896
 6227.6282226  6319.78840747 6320.09263987 6331.27583901 6357.4089591
 6372.13351408 6406.84230795 6431.88069806 6444.23419362 6466.57342531
 6490.6259851  6511.27262197 6518.48646657 6530.79176228 6557.27384797
 6559.35990826 6560.12847258 6572.45323489 6572.87770026 6575.99805739
 6584.89649685 6587.94332086 6594.09620205 6596.63376096 6596.91736009
 6599.84618447 6604.72420288 6606.38516447 6627.2295674  6628.95729545
 6642.31842127 6653.86825262 6707.8892541  6714.58570029 6714.60843356
 6714.63306681 6714.68373333 6715.0735988  6718.06345633 6734.35803983
 6749.49816021 6755.04447658 6759.23806376 6762.44145396 6774.55608359
 6803.0255632  6805.91785436 6814.25432887 6817.09302019 6823.66443343
 6828.44185215 6828.71728464 6829.45478239 6838.0318895  6839.6559512
 6840.62881489 6843.18490707 6843.54327264 6847.10856174 6847.47079397
 6867.89693151 6879.72592867 6879.93682803 6881.50978989 6883.03021857
 6884.86811295 6894.33118402 6894.77948265 6909.05930565 6927.3140165
 6936.19582267 6936.9842536  6943.11293486 6945.64286045 6946.11209235
 6950.14028003 6952.84697176 6955.91299572 6958.28868845 6959.744884
 6966.67279615 6970.12795225 6975.93730115 6975.98243435 6977.39773002
 6980.348221   6981.94301612 6985.90057069 6986.28606951 6989.9945915
 6992.62098347 7001.66602248 7002.80941899 7003.96001547 7005.25157819
 7006.99777285 7010.27672949 7016.13117825 7027.21721102 7035.85865127
 7036.16618366 7036.63014891 7037.36547999 7039.85707237 7044.7980906
 7051.74970268 7052.21006793 7056.80875387 7060.59450896 7061.12940733
 7068.39568511 7071.38834263 7072.38557291 7075.69826278 7078.76398674
 7078.82588655 7078.83598652 7078.84938648 7078.89248635 7083.44623909
 7083.89693771 7087.50262669 7091.978413   7094.90730405 7118.09046649
 7122.21825387 7122.32948686 7123.30428388 7131.31552605 7136.80844259
 7137.55120699 7140.69403071 7141.32732877 7141.32979543 7156.34134953
 7158.90677502 7166.05761982 7166.23148596 7168.56841214 7171.45813664
 7174.88382617 7183.113001   7197.63978992 7199.20188514 7205.71636522
 7209.7354196  7226.46693511 7228.10143011 7230.46245622 7230.52085604
 7231.64225262 7233.97704548 7237.41736829 7240.47392561 7243.40781664
 7252.73902144 7257.13850799 7259.04086884 7261.22649549 7263.71005456
 7266.80707842 7267.06931096 7267.9162417  7268.18324088 7268.81103896
 7272.54566088 7273.42619152]"
194,708016_2024-04-29_B-48,GU,True,"[  30.24717241   34.43332628   34.46939284 ... 7270.69376654 7272.96139294
 7273.51492458]"
195,708016_2024-04-29_B-49,GU,True,"[  19.89793739   20.07790351   20.0810035  ... 7274.27022227 7274.36558865
 7274.5121882 ]"
196,708016_2024-04-29_B-51,GU,True,"[  19.38950561   19.47777201   19.54153848 ... 7272.9965595  7273.3000919
 7273.91402336]"
197,708016_2024-04-29_B-52,GU,True,"[  21.62663211   21.72776513   23.5575262  ... 7273.56465776 7274.21155578
 7275.11805301]"
198,708016_2024-04-29_B-56,GU,True,"[ 762.46016685 1043.12890865 1311.83162036 1524.03440484 1659.57229041
 1663.94741036 1941.81309406 2028.90452776 2029.35979304 2030.55968937
 2119.56295055 2133.40937488 2173.84605124 2285.88147533 2286.20940766
 2298.66533624 2298.71913608 2298.74136934 2298.76596927 2302.79572361
 2307.2044768  2312.39926092 2314.18828878 2317.78687777 2319.00664071
 2322.14226446 2339.15781243 2342.45983567 2360.29281447 2361.73287673
 2366.00203035 2378.97475735 2388.38532857 2388.65296109 2422.50985756
 2429.18867047 2429.20950374 2430.57289957 2432.56456015 2454.65295928
 2455.38689037 2457.31915113 2457.87461609 2464.04503056 2466.67235586
 2476.34705961 2479.10961783 2485.70426433 2489.73478534 2493.92623919
 2498.4690253  2502.34794677 2502.50767962 2506.61910038 2507.89106316
 2533.75198408 2542.29515796 2549.4119362  2551.07563111 2583.66059814
 2589.31281419 2590.96864246 2594.17533266 2607.92459062 2629.34435845
 2634.77637518 2635.48840633 2646.93980465 2672.21119405 2678.52070809
 2688.41761116 2695.01455765 2702.48276815 2735.43486739 2742.04624718
 2742.37774616 2758.99929534 2802.33269617 2807.49488039 2814.72599161
 2830.90844213 2831.02990843 2834.47446456 2837.15205637 2853.51893966
 2869.52822404 2870.75725362 2877.15243406 2893.07315205 2903.10842136
 2906.8353433  2907.30354187 2907.70434064 2907.84344022 2918.32137485
 2923.56462548 2923.66989183 2924.54492248 2930.32183815 2946.05539004
 2946.46955544 2975.71039937 2980.48978475 2989.11362505 2990.74758672
 3007.56486863 3040.89300006 3042.98792698 3044.26328975 3046.77198208
 3047.89737864 3050.68740344 3050.78473648 3061.54750357 3064.41566147
 3067.00818687 3067.23375285 3068.71948164 3094.73093544 3095.746599
 3100.16578548 3100.24571857 3100.40601808 3103.28044263 3104.08544017
 3113.92124342 3120.88685546 3127.468402   3129.82216147 3142.42198961
 3153.40398936 3154.35558645 3166.13338377 3167.92077831 3190.49594261
 3192.331237   3193.67723289 3199.36761549 3202.85213817 3203.66423568
 3217.6137597  3223.45467517 3224.5334052  3229.12649116 3231.21538477
 3231.79441634 3236.06736994 3245.74197369 3254.24574769 3271.28036227
 3280.3828011  3282.67936074 3304.63522694 3308.72824776 3313.84663211
 3317.92905296 3318.26495193 3326.48359347 3339.4892537  3340.37815098
 3358.12746338 3360.82465513 3362.41265028 3369.03679669 3373.64091594
 3377.7097035  3381.21179279 3386.41177689 3387.08127485 3389.63420037
 3391.2394288  3397.31721021 3401.73506337 3412.00333198 3413.14972847
 3418.43424564 3418.78327791 3419.21807658 3426.6589205  3440.9714434
 3445.51232951 3458.21912399 3528.38047613 3544.16022788 3558.78334983
 3574.92366714 3589.68648867 3597.69479752 3598.65302792 3600.25252303
 3604.23607752 3614.88184496 3618.3809676  3625.51657911 3626.40390973
 3629.06923492 3634.23881911 3634.74448423 3637.95197442 3646.20068253
 3654.95225577 3655.0531888  3659.88797401 3660.44407231 3660.70310486
 3661.0274372  3681.71320728 3681.8141403  3683.98273367 3720.19185629
 3721.00172048 3728.40359785 3729.00672934 3730.18815906 3730.57862453
 3734.00828071 3734.81601157 3739.29086456 3745.64717845 3755.09844956
 3756.53031184 3761.64449621 3768.12440973 3769.99773733 3770.0405372
 3771.43289961 3773.76242582 3778.16557902 3780.63480481 3787.84314943
 3788.27461478 3790.76860715 3792.36893559 3793.41446573 3800.35517784
 3801.00724251 3803.42873511 3804.27013254 3813.88930312 3835.86496926
 3839.73509076 3854.06664694 3866.94047424 3874.52415105 3874.92754982
 3876.42324525 3879.50950248 3892.07576405 3892.59742912 3896.52115046
 3897.53661402 3900.3895053  3908.5639803  3915.97522431 3916.14412379
 3917.80095206 3924.10289945 3927.88152123 3930.47667997 3932.58907351
 3935.35399839 3942.35191032 3956.01153522 3958.20179519 3969.17072832
 3969.88242614 3973.3196823  3974.4755121  3982.08555549 3991.24676081
 3994.36085129 3995.93697981 4009.3811387  4011.19966647 4012.47122925
 4013.42985965 4014.25652379 4017.91554594 4031.52467099 4035.75289139
 4037.31455329 4056.28312862 4059.44888561 4064.61176982 4064.99520198
 4081.38835185 4081.44981833 4085.40770623 4094.96211035 4097.79183503
 4101.63695661 4101.71368971 4101.78788948 4102.11275515 4102.73465325
 4104.39478151 4108.68466839 4111.97339167 4115.74691346 4116.6388774
 4120.21139981 4120.97106416 4124.27195406 4128.82370681 4129.19103902
 4133.2092934  4133.99769099 4142.6817311  4144.024027   4146.27075346
 4146.59158582 4152.06586908 4153.59733106 4161.33057408 4167.15115628
 4168.55721865 4177.27322533 4177.50409129 4190.19911914 4194.69883872
 4196.39276687 4196.51323317 4206.53810252 4222.05552173 4222.43985389
 4222.99338553 4224.88187976 4236.5884773  4239.37256878 4244.35458688
 4249.27720517 4252.54126185 4254.68705529 4256.60928275 4257.63774627
 4267.22901694 4268.93201173 4270.62490656 4280.02294449 4280.66367586
 4297.76225691 4300.97381376 4303.96103796 4311.23531572 4337.12910321
 4338.86946455 4340.76669208 4343.6383833  4344.828813   4353.33488699
 4371.74846402 4375.77491837 4376.74258208 4386.1217534  4391.44397046
 4392.93913255 4396.27412236 4400.06984408 4401.02430783 4403.21240114
 4405.87475967 4409.3193158  4409.45374872 4419.03581943 4419.58588441
 4434.37427252 4434.81400451 4437.58256271 4437.80736203 4447.33439956
 4452.70818313 4452.90064921 4453.18511501 4468.31093542 4485.69794893
 4488.55207353 4516.79945383 4518.22214948 4523.63453293 4548.34799069
 4551.76524691 4557.96289463 4563.4655778  4568.5022624  4569.61149234
 4571.32748709 4575.62257396 4582.04578765 4583.68444931 4585.7575763
 4587.38523799 4593.380053   4594.29181688 4594.92794826 4596.32551066
 4617.53651247 4617.94437789 4628.6121786  4628.8212113  4632.35986714
 4637.40298505 4641.56940565 4642.36640321 4643.06120109 4650.91417707
 4657.19359121 4658.36092097 4666.7891952  4668.65615616 4670.36278427
 4672.85454332 4675.57450167 4680.76291914 4691.37518669 4708.82879999
 4715.90911167 4717.21330768 4719.90396612 4721.78436037 4727.86510845
 4731.08083195 4731.99419582 4744.11125877 4749.86327452 4750.904438
 4758.6215144  4761.61423859 4770.57377786 4777.65502287 4783.39870531
 4783.91903705 4785.68089833 4789.45395346 4791.80094628 4801.63621621
 4801.8670155  4802.03791498 4802.3366474  4815.5591403  4818.22263216
 4822.42748597 4823.44124954 4830.47922802 4835.08634726 4841.7235603
 4855.8619504  4866.71588388 4868.06841308 4869.83707434 4870.39243931
 4877.55195075 4879.4219117  4883.98149775 4912.5287438  4915.22976887
 4916.13146612 4918.62585849 4930.34002267 4944.42451294 4945.93414165
 4956.73110864 4959.16923452 4960.6700966  4966.30584603 4975.53358448
 4979.96933759 4996.61858668 5001.21933928 5013.12486954 5019.06408471
 5020.79181276 5026.92516067 5028.34092301 5041.08591737 5041.46824954
 5048.08186265 5048.32852856 5051.14258662 5070.79502653 5070.96809267
 5081.94352578 5090.20833384 5094.51062068 5098.98297368 5107.14518205
 5108.36981164 5127.55991963 5128.07751805 5129.50544701 5145.95303005
 5153.53084022 5155.71410021 5157.20649564 5162.01174762 5167.87486302
 5169.73579067 5175.22020723 5175.4380399  5183.02001671 5185.79560823
 5188.69686602 5193.28448533 5195.26724593 5198.96396796 5202.36065758
 5203.4444876  5203.59945379 5208.27790615 5215.22128492 5223.62785921
 5235.01549106 5253.96749978 5272.44057663 5274.95780226 5282.08374714
 5289.11722563 5290.07022272 5290.57158785 5292.32818248 5293.89897768
 5297.49646668 5299.40972749 5303.18908261 5304.90811068 5307.37126982
 5315.69681103 5319.32503327 5324.56191725 5324.64185034 5325.06044906
 5327.46590837 5329.31493605 5333.82015561 5342.2172966  5343.09646058
 5346.87851568 5349.04754238 5349.42394123 5359.45587722 5360.54604056
 5368.36528332 5370.56424326 5374.24606533 5379.22248345 5384.34790111
 5386.17936218 5389.69735142 5390.96198089 5393.46037325 5398.6983239
 5400.06358639 5404.15390722 5410.67085396 5411.07521939 5419.24136108
 5429.89559517 5457.28677809 5466.20605081 5470.99703616 5473.36639559
 5489.55081276 5492.24230453 5494.86082986 5500.04864733 5502.38924017
 5503.40370374 5515.22716759 5517.22499481 5517.55006048 5533.70487775
 5536.4495027  5544.91724347 5545.38440871 5549.91199486 5551.21795754
 5554.50918081 5559.02880032 5568.072606   5568.38163839 5570.99959705
 5579.72507037 5580.36960173 5593.94246023 5600.58563992 5607.42865233
 5608.44508255 5609.23541347 5609.50317932 5609.83404497 5612.02007162
 5629.57578461 5629.7108842  5644.6333719  5648.3612605  5653.59127784
 5654.59007479 5655.32090589 5663.89097968 5667.70030137 5669.07139718
 5682.10682398 5682.44665628 5684.06485133 5709.73470617 5711.62213373
 5712.39959802 5716.63495174 5717.65914861 5724.56619415 5725.52679122
 5747.83082302 5750.09784942 5750.36368194 5768.75485904 5776.26510274
 5797.49063784 5799.39829867 5800.59622834 5811.51372829 5813.789988
 5819.78933632 5832.65063033 5834.13745912 5843.71019651 5843.73859643
 5844.42742765 5848.76024774 5851.76517188 5854.61592983 5874.71220172
 5878.86932234 5881.85457988 5888.11729406 5894.1865755  5900.0859908
 5900.7188222  5901.44588664 5902.19035103 5903.90531245 5908.57889816
 5917.20963844 5920.37069544 5935.24661662 5936.56667925 5937.7508423
 5939.9071357  5949.10694091 5951.62589987 5959.54644232 5960.59243912
 5964.79412627 5964.97875904 5967.85818357 5969.26837926 5971.45303925
 5974.82992892 5974.9452619  5976.45179063 5977.31022134 5979.64174754
 5984.40496631 5987.28492417 5989.19665166 5991.56871107 5991.94234326
 5995.67669851 5998.28599053 6000.34448424 6012.72501305 6019.0847936
 6021.18712051 6021.55025273 6022.6387494  6026.42550449 6030.74259129
 6033.38158322 6039.94516315 6049.22416811 6050.05746556 6062.12899532
 6065.29381897 6066.02348341 6072.7536295  6073.7679264  6077.18641594
 6087.64635063 6110.77901323 6111.98914286 6114.52536844 6138.14602955
 6158.12143513 6159.36829799 6159.90099636 6173.61538776 6175.57751509
 6181.58416339 6183.43315774 6184.49655449 6185.40125172 6196.53515101
 6211.00500676 6220.65354393 6221.35424179 6225.71282846 6230.2459146
 6231.38384445 6243.57077385 6247.49699518 6252.04538127 6256.80846671
 6257.23319875 6285.2226465  6287.51930614 6292.94542288 6334.94462779
 6335.8677583  6347.95138802 6359.32385325 6360.67271579 6380.54795502
 6384.06667759 6385.99380503 6387.95293238 6393.54698194 6393.69681481
 6398.60999979 6401.67525708 6404.29188242 6408.57510265 6458.37845037
 6462.95906969 6464.04686637 6466.11696004 6471.02101171 6472.60147354
 6472.9312392  6473.85590304 6477.77745772 6485.73516672 6485.96853267
 6487.33239517 6493.11627748 6495.23987099 6499.50689128 6502.60178181
 6511.66908742 6514.33021262 6520.95245903 6525.87094399 6529.84736517
 6543.18469105 6550.93043404 6551.79116474 6565.16722384 6573.24899913
 6573.63333128 6590.01911451 6590.4611465  6590.65097925 6599.33901935
 6622.0743165  6632.19268556 6664.71415279 6701.78730609 6757.60013543
 6933.00756575 6961.34527911 6975.18377013 6977.58289612 6982.81948011
 7028.35454088 7029.41573763 7073.50736948 7081.40527866 7095.67086838
 7097.12629726 7097.32619665 7107.51469883 7111.11492115 7112.43738378
 7118.87313076 7120.49022582 7122.04338774 7122.75551889 7122.98208487
 7126.88993958 7135.77444575 7141.87436043 7148.57020663 7159.76147241
 7160.48063687 7172.320634   7178.47958184 7179.30164599 7181.12317376
 7195.76712898 7213.19444236 7219.62958935 7227.53666517 7231.85698529
 7232.83764896 7234.75440977]"
199,708016_2024-04-29_B-60,GU,True,"[  19.53203851   21.15376689   23.52569297 ... 7274.65905442 7274.78602069
 7274.97885344]"
200,708016_2024-04-29_B-62,GU,True,"[  21.7826983    24.6697228    31.05300328 ... 7272.17922867 7274.1638226
 7274.39558855]"
201,708016_2024-04-29_B-64,GU,True,"[  19.4384388    19.51147191   19.55643844 ... 7274.903987   7274.99168673
 7275.17401951]"
202,708016_2024-04-29_B-68,GU,True,"[  19.48243866   19.61943824   19.76677113 ... 7274.97878677 7275.06588651
 7275.1318863 ]"
203,708016_2024-04-29_B-69,GU,True,"[  41.43483821   42.23666909   48.37571698   49.88744569   67.36312559
   88.1823286   118.07760385  123.71028663  125.11918232  128.05070669
  128.63200492  132.90322519  138.70554078  140.09693653  148.64907704
  155.81055514  160.90207291  167.4881861   172.97016934  186.48566135
  195.56480025  196.1051986   197.85679325  210.88152009  212.05314984
  216.33457008  234.36678161  236.98234028  237.12003986  239.1341337
  239.64316548  244.57705039  249.5335019   254.37888708  257.75661009
  264.79032192  285.74409118  299.07618375  304.553067    309.20781943
  313.86183854  318.68115713  323.82344141  335.07804033  338.48009659
  340.30942433  340.68695651  342.61585061  344.52624477  345.86780734
  356.77224066  357.18943939  368.94650344  374.92345183  376.42788056
  379.66027068  393.44906185  394.35475908  394.99015714  418.51025188
  420.47824587  422.36147344  433.3300399   437.99372564  448.82942584
  450.22535491  454.77587433  459.68139266  469.21519684  469.71689531
  481.81959164  484.63654969  495.98224833  524.83342678  530.41644304
  534.16196492  535.66099367  546.02509531  546.56679366  546.86702607
  550.42934851  559.71632012  566.5239993   571.86514964  576.44606896
  591.29219023  594.64051333  595.73630998  595.75180993  627.74927876
  636.01825347  637.27011631  644.3587613   646.99775324  661.93884088
  671.24094577  672.76180779  687.79372849  689.7642558   705.37154141
  709.29326275  732.97712367  733.4687555   734.58698541  735.16155032
  737.69664257  738.29867406  738.79523921  747.03471402  749.01670796
  756.62521803  758.49587897  761.102071    762.22923422  780.33651219
  802.32421162  804.34627211  817.2572993   827.40086828  831.09652365
  858.37564024  879.23847644  901.28640903  905.7320621   905.88446163
  907.26929073  935.2087053   938.09746314  940.07792375  942.87598186
  944.19387783  946.36023787  973.05002293  976.83334469  988.46904245
  990.32940343  990.45163639 1003.14959756 1016.07402471 1036.68239502
 1044.7359704  1053.02534505 1053.40927721 1055.6155038  1063.75474558
 1076.77580576 1088.92726861 1090.56006362 1094.21678577 1118.70257756
 1124.94052516 1134.99682774 1137.4962201  1144.73816462 1159.99948462
 1160.42794998 1162.35417742 1172.09724763 1184.76397557 1185.8003724
 1187.58230028 1189.0262292  1208.00453784 1230.96083431 1239.41837512
 1241.27216945 1242.47106578 1244.46269303 1266.77312481 1297.15539857
 1315.75340837 1325.22257942 1332.15669155 1334.26085178 1335.18724895
 1362.87193096 1370.88783979 1380.43257727 1381.36717441 1381.39950765
 1384.92903019 1398.92448739 1404.0996049  1418.74569345 1430.3071581
 1433.51651495 1443.79268353 1451.7715258  1452.1193914  1464.44345372
 1483.61886175 1519.8627176  1529.20245571 1536.26623411 1559.04749778
 1563.3134514  1563.32078472 1565.27367874 1566.24420911 1590.06343628
 1597.15058127 1608.28268057 1612.25106843 1633.77863594 1635.52859726
 1644.80806888 1660.41412117 1661.06191918 1661.27068521 1661.51818446
 1665.1232401  1673.81264686 1675.88427386 1689.89256436 1696.77434332
 1739.9832112  1757.28199164 1775.18687022 1814.52264995 1833.08415986
 1876.27259447 1940.30799866 1940.75553063 1948.05134165 1950.9471328
 1963.21202863 1977.95145023 2019.43425672 2030.21222376 2085.97431992
 2101.55743894 2111.92160725 2123.43987203 2123.98603703 2177.4665735
 2189.21363758 2209.54287542 2210.63337209 2210.72820513 2214.98485878
 2215.82302288 2220.85644083 2228.49531747 2228.50821743 2238.51812016
 2258.89925784 2268.49829515 2276.55247052 2281.17775638 2289.08923219
 2312.3273278  2314.8885533  2322.45909682 2323.1754613  2325.67318699
 2325.6837203  2331.71623518 2334.09332791 2342.71886821 2348.52561712
 2356.15332713 2364.81500064 2366.61089515 2369.81008537 2383.8310425
 2384.86907266 2392.823215   2415.08878025 2435.81141689 2438.70070806
 2457.83624954 2519.01539581 2528.93016549 2577.75564953 2587.75438563
 2601.38381062 2605.41326496 2610.51674936 2642.30375216 2687.16911498
 2687.9034794  2695.92642153 2696.88805193 2711.22840808 2735.75569975
 2754.24364322 2771.1569915  2785.24808175 2802.83892796 2803.55919242
 2828.42594972 2830.81654241 2831.32634085 2834.92389652 2855.15040134
 2871.71588402 2883.94751328 2901.54855947 2907.26587532 2917.09311194
 2923.80235809 2924.69422203 2927.79577921 2930.71263696 2937.15525059
 2953.70893331 2954.93879621 2970.24691607 2995.69447159 3020.70052847
 3047.58441293 3047.69514592 3058.11174741 3065.6024245  3080.01061378
 3080.55821211 3099.81595322 3101.14901581 3101.65784759 3122.98041572
 3128.84859778 3131.79565544 3190.71647527 3197.32082175 3198.63705105
 3201.91820769 3205.38086377 3208.32958808 3210.537448   3214.06577054
 3214.15950359 3218.65562318 3250.82225815 3277.25271067 3282.65782748
 3298.75594492 3301.21930405 3309.08478    3309.61244506 3320.65424463
 3336.15299724 3341.39941453 3343.0652761  3368.9996968  3374.2967806
 3376.7622064  3383.40641942 3410.76613576 3418.70654481 3422.03146798
 3426.69705371 3430.46610885 3470.49515312 3472.83297931 3479.48095898
 3493.66874893 3495.62124296 3496.63677319 3499.5566976  3514.62551819
 3514.82898423 3516.72721176 3520.84233251 3532.12579801 3541.51180264
 3542.60313264 3576.7492949  3611.58648837 3621.19639232 3622.18805596
 3662.51099933 3665.22982435 3668.07404898 3674.02916411 3675.78112542
 3684.75049799 3687.17519058 3702.02291185 3706.04693287 3706.8552304
 3710.77435175 3720.51385531 3720.61055501 3737.51326999 3746.4614093
 3754.57538449 3755.6827811  3761.55596314 3785.56292307 3804.62346479
 3813.76100352 3814.13323571 3853.57474844 3875.31374864 3878.82903789
 3888.713441   3893.16679405 3921.20764164 3922.80007011 3926.34855925
 3926.48519217 3940.02305078 3948.06075953 3948.42135843 3951.67941513
 3953.38657658 3955.71496946 3976.0221407  3993.97078582 4008.34174188
 4009.32970552 4034.40219552 4038.7376156  4044.25819872 4078.75332658
 4105.40884507 4109.66486539 4125.83991593 4129.63053768 4131.91523069
 4152.56753421 4167.19995613 4170.34484652 4175.24003155 4179.64375142
 4193.70100843 4196.50309987 4215.98184031 4216.36723913 4229.82123132
 4239.04670311 4270.95583888 4271.25553796 4273.37729814 4276.3026892
 4291.1146439  4294.27973423 4297.39989135 4307.98379232 4318.93265885
 4323.56231136 4325.57933852 4327.53349921 4333.09088222 4337.97023397
 4339.47732936 4350.56576212 4350.73462827 4354.65888294 4362.34402611
 4365.02971789 4367.62527662 4369.38350458 4374.2829896  4377.94264508
 4379.6589065  4395.93999005 4398.6031819  4412.61953904 4436.60846569
 4438.72215923 4452.65958328 4466.71230698 4469.66059796 4489.63623688
 4491.7331638  4493.61985804 4500.35917076 4501.98583245 4504.94619007
 4511.45010352 4519.47534564 4536.19836118 4536.5164602  4543.70023824
 4544.37136952 4546.87466186 4556.95933103 4561.39931745 4572.02338497
 4573.27264781 4575.70300705 4583.76964905 4601.25819558 4605.22655011
 4614.55892157 4615.70421807 4625.96148671 4628.21524648 4629.51890916
 4633.16863134 4643.55779957 4643.66189925 4643.75153231 4648.50401778
 4649.22238225 4650.87617719 4651.38927562 4655.14893079 4683.08251205
 4687.92973056 4689.83922472 4698.70416428 4704.48044662 4710.20859577
 4717.28810746 4742.65599655 4748.01831349 4754.66019318 4754.85329259
 4763.17033383 4765.39539369 4772.32813916 4776.9465917  4777.87298887
 4780.36811457 4783.02490645 4789.31608721 4790.00148512 4792.2090117
 4807.37626533 4814.4065105  4821.45072229 4845.93264743 4852.15659507
 4855.8086839  4863.82982604 4868.82127744 4887.5305869  4888.29035125
 4902.26430852 4905.25646604 4916.2997656  4919.62648876 4923.88477574
 4945.06277765 4946.31140717 4956.4724761  4958.36377032 4968.95637126
 4973.02275883 4989.41734203 4990.45483886 4996.92078575 5006.54412299
 5021.57074371 5044.88440576 5048.40982831 5049.2332258  5051.0743535
 5052.23534995 5053.00531426 5085.7516808  5092.08732809 5092.16542785
 5097.93031023 5097.99891002 5101.89806476 5107.63231389 5125.70715863
 5127.47048657 5138.15282057 5144.45296797 5162.46697956 5183.5696817
 5200.49416328 5213.51219014 5217.7144773  5219.45533864 5228.5599108
 5228.71084367 5241.29417186 5261.75110931 5268.81142106 5272.08534438
 5280.75018455 5287.9279626  5303.12774946 5318.66850194 5318.87013466
 5333.26472398 5348.43867758 5370.48917682 5376.53059168 5382.53060667
 5389.4766521  5392.21881038 5395.06586834 5398.08862576 5401.94008065
 5402.99004411 5412.06271637 5422.14881886 5425.89367408 5437.5738717
 5440.97002798 5474.24585956 5488.95278126 5537.79246526 5556.23717552
 5561.51682605 5564.0052851  5581.13709939 5600.51734013 5605.89309036
 5606.48125522 5626.85132627 5641.17848246 5647.47166322 5659.02526123
 5703.0207267  5714.86122383 5716.28305282 5733.74503276 5738.31145213
 5747.34399117 5765.14443674 5804.92844843 5806.37007736 5826.38778281
 5837.50618215 5843.70942985 5862.37763943 5871.10277942 5872.94717378
 5875.86103154 5882.83631021 5886.72859831 5895.64143772 5898.46652908
 5900.63662245 5911.27758991 5913.81548215 5919.10623264 5927.1551747
 5935.32908304 5935.54674904 5936.75644534 5944.6847211  5946.29011619
 5956.10591951 5958.26547957 5964.6970599  5970.02217695 6018.79246116
 6019.24299312 6033.76064873 6035.61977638 6041.43815858 6045.91677822
 6049.7722331  6054.24935275 6064.90432017 6074.6501237  6075.28955508
 6093.17713372 6097.30478776 6098.91621617 6117.16199371 6150.78859089
 6168.45423687 6173.55492128 6174.02118652 6193.66995977 6200.47340563
 6200.78473802 6207.54765067 6219.16608181 6222.33447212 6227.33212351
 6239.25108706 6260.0611901  6264.47034328 6267.83743299 6270.95892344
 6280.13892871 6287.81980522 6288.55656963 6290.12309818 6290.29493099
 6339.51308049 6346.01172729 6368.52515845 6395.61790894 6402.91738662
 6406.64500855 6411.54136025 6473.11170532 6482.81414232 6487.18392896
 6487.48196138 6488.40112523 6489.97635375 6520.44232726 6540.35159972
 6542.9953583  6546.68244703 6559.84134012 6584.8008638  6589.03601752
 6593.19207148 6595.85109668 6596.07452933 6599.22815302 6610.31201913
 6625.00470754 6626.0862709  6627.66956606 6653.80848613 6657.35344196
 6660.08403361 6660.20416658 6660.21149989 6685.01189072 6698.55491598
 6698.65158235 6698.8319818  6707.82598763 6708.51978551 6740.89745317
 6740.93405306 6778.05370623 6794.91312134 6801.29526849 6819.76301202
 6823.79453303 6832.86643862 6834.57693339 6854.59720551 6855.15747046
 6859.48365724 6879.65976221 6892.02832439 6911.57343129 6912.48446184
 6937.9087841  6948.93691705 6964.34736993 6993.05821547 6997.64413478
 7003.51741682 7014.54631643 7019.48226801 7026.84077884 7032.06019621
 7039.04960818 7048.45974607 7058.23194952 7060.80760831 7061.34850666
 7065.14066173 7066.69369031 7078.50508753 7081.82324405 7086.16849743
 7092.24057887 7093.77530751 7093.78537414 7095.80080131 7096.32536638
 7098.29476035 7105.19430592 7116.38140505 7124.56208004 7129.50726492
 7132.82225478 7149.6692366  7156.36894945 7158.51434289 7180.09661023
 7180.46240911 7187.43182113 7191.23127618 7203.84490428 7206.43239637
 7211.66981369 7216.79283135 7226.58146809 7236.57537086 7240.42729242
 7243.6381826 ]"
204,708016_2024-04-29_B-72,GU,True,"[  22.02753088   28.03997916   28.202312   ... 7273.49309131 7273.50135796
 7274.62492119]"
205,708016_2024-04-29_B-74,GU,True,"[  22.30849669   23.4160933    23.54375958 ... 7275.08701977 7275.11951967
 7275.15945289]"
206,708016_2024-04-29_B-75,GU,True,"[  19.8625375    20.07623685   20.23146971 ... 7274.90128701 7275.0233533
 7275.14998625]"
207,708016_2024-04-29_B-78,SSp,True,"[  19.77200444   20.03507031   20.05920357 ... 7274.77525406 7274.9806201
 7275.03941992]"
208,708016_2024-04-29_B-79,MOp,True,"[  19.40113891   19.58323836   20.67516835 ... 7268.69620598 7269.12457134
 7272.31542825]"
209,708016_2024-04-29_B-80,SSp,True,"[  19.42870549   19.6893047    19.8420709  ... 7274.55195474 7274.8389872
 7274.99772005]"
210,708016_2024-04-29_B-83,MOp,True,"[  33.5551623    34.21509362   34.35285986 ... 7251.89289069 7272.79679344
 7273.91405669]"
211,708016_2024-04-29_B-85,SSp,True,"[  19.39863892   19.52130521   19.58490502 ... 7274.97302012 7275.02011998
 7275.14858625]"
212,708016_2024-04-29_B-88,MOp,True,"[  30.8418706    33.44939596   49.87774572 ... 7271.86792962 7272.39459467
 7274.33752207]"
213,708016_2024-04-29_B-90,MOp,True,"[  19.67007142   19.9407706    20.37683593 ... 7274.14938931 7274.22298908
 7274.24492235]"
214,708016_2024-04-29_B-91,MOp,True,"[  19.45823874   19.54067182   19.63080488 ... 7274.91315364 7274.99505339
 7275.08228646]"
215,708016_2024-04-29_B-92,MOp,True,"[  19.42617217   19.49437196   19.6009383  ... 7274.60985457 7274.80862063
 7275.02301997]"
216,708016_2024-04-29_B-95,SSp,True,"[  27.20788171   30.44550514   33.43562933 ... 7267.11937747 7273.00765947
 7274.50018823]"
217,708016_2024-04-29_B-96,MOp,True,"[  22.75192867   22.91802816   23.62035934 ... 7274.53128814 7275.04048658
 7275.13165297]"
218,708016_2024-04-29_B-97,MOp,True,"[  19.49973861   19.86713749   20.27166958 ... 7274.80952062 7274.89065371
 7274.90795365]"
219,708016_2024-04-29_B-98,MOp,True,"[  21.90919791   50.89330928   70.63741558   81.40614932  112.05312228
  145.32862053  168.22445052  200.95798376  207.64599665  214.8669079
  237.43963888  246.20571208  261.91329738  302.94690524  307.51949126
  327.61429648  329.11912522  348.09856718  369.54636827  397.1929504
  414.57269726  419.29608281  424.09266815  424.31726746  439.89881982
  442.02341332  473.68044986  504.73722156  515.32778918  531.65703925
  548.68735384  548.90561984  556.19173089  570.27528783  592.68378598
  597.99333641  611.28246244  624.04539008  641.71910271  642.64303322
  718.92183331  722.16899005  752.96402922  761.13850423  784.01663427
  784.03603421  791.69031081  795.45006598  795.46626593  801.33848131
  802.43344462  803.27574205  816.70310099  826.55517087  837.87563625
  840.91909361  868.49764262  886.06928889  926.01880007  943.4087469
  943.92774531  944.79624265  944.9231756   981.74209635  984.88062009
 1027.73295572 1031.95657614 1034.16326939 1070.37785866 1075.53937621
 1088.76446911 1093.17285563 1099.31893683 1109.64197194 1109.73640498
 1110.84510159 1161.3492805  1162.97307553 1178.02312951 1209.22390078
 1211.75775969 1231.19566693 1247.93514907 1259.24878115 1289.63118825
 1332.11565834 1333.85981967 1369.00431221 1375.09742692 1380.90157583
 1397.34489222 1424.63440878 1439.61066299 1446.13397637 1472.45162923
 1480.12540577 1539.04799227 1561.04452501 1566.10600953 1567.17063961
 1623.39613436 1636.05106233 1637.87789007 1647.02642877 1667.58539924
 1669.58632645 1674.7801439  1687.04383974 1693.99808514 1705.98181517
 1731.74006974 1735.33755874 1801.09825766 1813.17815406 1828.65464007
 1878.41598791 1911.07035473 1915.26020859 1922.04678783 1968.48157918
 2011.32661484 2074.46778844 2091.66640252 2119.06298542 2125.36183282
 2130.64248334 2158.55519799 2205.15862216 2207.45154848 2211.32380331
 2234.7873649  2265.88116982 2271.55265248 2301.9593595  2334.19466094
 2348.25831794 2355.83986142 2368.69495545 2385.02617218 2591.09570874
 2603.94773611 2738.28545868 2753.62131178 2758.8613291  2779.4515328
 2804.76178875 2838.37648596 2858.22125862 2886.29883943 2888.80133178
 2890.94252523 2893.76374994 2908.40193851 2951.13137452 2966.46426097
 3034.80105202 3053.8721937  3074.86176286 3111.03361892 3203.47933625
 3234.98997323 3275.45861616 3307.34425199 3376.18347484 3384.25001684
 3405.80725092 3419.84437467 3443.12267015 3486.33580469 3496.21807447
 3500.63372764 3501.57722475 3542.3772     3559.84444659 3590.16922053
 3643.20792502 3657.1442824  3685.18389667 3696.93812739 3699.22002042
 3704.65137047 3705.67240069 3729.04959587 3740.15136193 3799.35244757
 3806.58752545 3869.99413157 3892.8678283  3898.72527705 3925.46439529
 3927.21718993 3951.9739809  3975.47057572 3993.77268642 4017.16054824
 4036.11132363 4047.63852172 4063.10707442 4077.73209637 4089.12232821
 4100.88289225 4102.40512092 4105.20791235 4105.70581083 4112.75308928
 4123.89568855 4147.94568167 4156.33768935 4156.55752201 4205.60310537
 4206.14347039 4211.60382036 4226.56770794 4228.52396862 4245.50685003
 4246.5067803  4268.03248115 4348.22350262 4370.335235   4386.88561773
 4403.3035342  4403.58496667 4416.67555998 4419.57898443 4438.33516041
 4456.13537265 4464.51991368 4482.46399215 4502.52289748 4516.30872199
 4531.44057572 4535.91586204 4538.35062126 4547.04542801 4547.32582715
 4548.87722241 4555.07787011 4559.54902311 4559.79802235 4564.01617612
 4590.36652888 4637.96551667 4643.23916721 4670.20805141 4684.66064055
 4691.60925264 4703.07318425 4715.21264714 4724.43358561 4736.06281671
 4736.23681618 4738.55374243 4738.6400755  4742.01789851 4754.10552821
 4770.53297798 4800.71635236 4803.52374377 4804.5269407  4811.50011938
 4817.10243559 4821.93308748 4835.92541136 4843.68995429 4871.60450227
 4879.23091228 4879.69931085 4883.59289894 4903.86870361 4936.99366899
 4945.30051026 4948.44136732 4950.8256267  4952.59772128 4954.46428224
 4956.90970809 4976.41901511 4991.08150361 5014.91959738 5022.64727375
 5024.78773388 5047.59233081 5047.9992629  5055.18784092 5056.84103587
 5081.98399232 5081.99685895 5081.99922561 5088.81430477 5113.08283056
 5121.39013849 5122.80263418 5124.8780945  5135.59036174 5142.57327372
 5154.59833695 5173.97934436 5215.34981786 5221.66179856 5226.14605151
 5227.0671487  5231.52883505 5239.7665432  5240.10804216 5240.92647299
 5251.49160735 5280.92295069 5281.24628303 5284.34447356 5292.812681
 5299.22339473 5317.44353902 5332.87202518 5336.34121457 5338.81317368
 5355.8974881  5365.61409173 5368.99878138 5381.57324293 5403.06357722
 5420.01059207 5437.79947101 5486.75185466 5499.24318313 5500.6353122
 5514.84976874 5552.3629207  5568.5635045  5602.03663548 5609.39221299
 5620.26977973 5622.35307336 5625.90099584 5666.80147078 5680.41652915
 5689.77113388 5695.2278172  5707.33844683 5711.55746727 5718.68511214
 5730.63927559 5748.52565423 5772.52791417 5778.14036367 5787.44800188
 5802.66428869 5802.78492165 5806.36081072 5807.92113928 5828.70124241
 5840.92323837 5846.07268929 5846.4505548  5848.65844805 5859.20528247
 5863.37580305 5863.68496877 5868.55962053 5874.63330196 5891.70824975
 5895.57930458 5902.40281705 5915.46034379 5926.01794484 5928.12900505
 5948.24054356 5982.47853887 5983.01423723 6033.3117501  6038.26580162
 6059.22890419 6075.53158767 6081.77603524 6096.45932368 6096.63188982
 6097.68311994 6103.91746754 6103.94380079 6105.07483067 6122.95364267
 6142.91978162 6147.46843437 6152.55881881 6193.80475936 6193.84399257
 6194.36189099 6243.28060808 6247.3267957  6248.24799289 6248.26122618
 6264.12737767 6272.50465205 6272.97681727 6278.4740338  6278.70139977
 6286.51620921 6288.55726963 6294.91088354 6295.91841379 6332.99646708
 6337.69108606 6339.60591354 6340.44921096 6347.19142368 6347.29739002
 6369.66532163 6371.82468169 6375.97850232 6377.71166369 6391.24768897
 6394.76841154 6395.38277632 6397.88190202 6411.65209324 6411.92122575
 6413.52438752 6429.41213894 6441.27150268 6441.41006892 6454.41142916
 6458.56868312 6458.60644967 6458.72258265 6470.80124572 6474.12373556
 6474.27520176 6476.13226275 6502.02518358 6512.42541844 6513.84838076
 6524.45208167 6531.28372744 6531.58662652 6541.10689741 6549.33397225
 6552.1311637  6552.43186278 6563.43352914 6566.62775271 6571.64623736
 6574.59006169 6576.25358994 6599.41275246 6607.08756232 6607.12522888
 6607.6854605  6607.82082675 6608.7966571  6610.32905241 6610.41568548
 6619.82952336 6623.58587854 6660.77919815 6662.74425881 6674.00089106
 6681.00083632 6681.18946908 6681.75180069 6682.00486658 6690.89630606
 6694.50509503 6695.14155975 6695.2441261  6695.74042458 6697.07398717
 6699.63777933 6703.17340185 6703.30060147 6706.05479304 6706.12102618
 6706.29119232 6716.16306214 6717.08565932 6717.5708245  6717.75879059
 6728.23019191 6728.46322453 6730.76351749 6732.18011316 6733.72424177
 6736.96943185 6744.28737614 6744.42420906 6750.36552422 6755.14104295
 6755.34787565 6757.24250319 6764.12548215 6764.56194748 6777.33447509
 6779.48156853 6783.88972171 6784.03478794 6797.19004771 6801.0097027
 6803.19626268 6803.23069591 6807.99441468 6816.7514879  6821.05244141
 6822.98956882 6828.15985302 6831.65184234 6832.53517297 6835.22399808
 6837.89455658 6839.06121968 6847.34126103 6847.34576102 6850.19121898
 6850.19981896 6856.99856484 6870.78552268 6872.46795087 6881.17485758
 6882.46528697 6883.07245178 6888.41396878 6897.27760834 6898.25927201
 6898.73570388 6899.18143585 6900.60033151 6902.09326028 6921.15273534
 6922.15673227 6922.25333197 6922.46529799 6927.17478359 6927.26594998
 6930.18870771 6938.38801597 6943.79013278 6944.03863202 6956.63176019
 6957.17305853 6973.89157408 6974.95087084 6975.25443658 6977.95449499
 6981.8841163  6988.4709295  6989.51319298 6989.57529279 7004.6361134
 7009.31056578 7015.52704677 7019.53176786 7023.08385699 7024.52188593
 7030.66430048 7032.28262887 7042.4757977  7043.23499538 7060.64457548
 7065.0181621  7101.47961728 7101.90168266 7111.69438605 7113.24914796
 7117.02780307 7117.06630296 7121.22172358 7137.71450649 7141.6793277
 7158.63550918 7164.83052357 7167.56291522 7176.30682182 7178.12898291
 7178.56874823 7180.37050939 7181.59470565 7181.61257226 7183.02606794
 7183.21413403 7183.33103367 7185.29716099 7186.85278957 7187.07618889
 7188.94051652 7196.25839414 7197.08549161 7205.73723183 7206.3661299
 7219.2635238  7219.27215711 7220.33025387 7220.56195316 7223.91057626
 7235.61030715 7237.58713444 7242.79541851 7243.17451735 7244.20184755
 7254.48724943 7254.77044856 7255.55314617 7263.04462326 7267.8729085
 7269.77863601]"
220,708016_2024-04-29_B-100,SSp,True,"[  20.01180371   20.02157035   20.20336979 ... 7273.55259113 7274.52175484
 7274.89955368]"
221,708016_2024-04-29_B-102,SSp,True,"[  24.48169004   26.90924929   29.68210748 ... 7273.3133252  7273.85832353
 7273.92215667]"
222,708016_2024-04-29_B-103,SSp,True,"[  19.77470444   19.88383744   20.52473548 ... 7274.6327545  7274.67915435
 7274.8292539 ]"
223,708016_2024-04-29_B-104,SSp,True,"[  33.52762905   33.97049436   40.55580756 ... 7274.13865601 7274.44532174
 7274.83085389]"
224,708016_2024-04-29_B-105,SSp,True,"[  20.05440358   20.34743602   20.42643578 ... 7274.94015356 7275.00265337
 7275.05681987]"
225,708016_2024-04-29_B-106,SSp,True,"[  20.81503459   23.68519248   23.69299246 ... 7274.06188958 7274.15225597
 7274.58005466]"
226,708016_2024-04-29_B-107,SSp,True,"[  19.51167191   19.55973843   19.8297376  ... 7275.0012867  7275.07425315
 7275.12141967]"
227,708016_2024-04-29_B-108,SSp,True,"[  19.54830513   19.63387153   20.13057002 ... 7275.09545308 7275.09971974
 7275.1111197 ]"
228,708016_2024-04-29_B-110,SSp,True,"[  20.26426961   20.28266955   20.69483496 ... 7274.69315431 7274.8391872
 7274.97572011]"
229,708016_2024-04-29_B-111,SSp,True,"[  75.54190058   75.90709947  118.17197023  132.47772649  148.59377721
  187.81899061  205.30097048  207.8896959   209.8303233   210.08995584
  210.77592041  212.18244944  226.79017144  240.78772864  245.30831482
  245.81317994  258.51794109  263.25632661  274.09022681  274.15539328
  300.49931273  346.99147057  389.97140581  397.42068304  419.88604768
  449.15962483  484.36981717  495.50578312  505.92795125  506.70271555
  509.01064183  521.81510267  536.84799004  538.50388498  566.02640082
  569.42429043  578.04196408  582.25338454  609.97306645  657.07488909
  675.4938661   722.11149023  781.28547596  814.63770731  834.0780812
  844.68951542  852.97745674  881.34210334  881.54466939  883.92262879
  897.07518857  905.0359309   908.54282017  928.78549161  932.64411314
  952.84871803  953.86788158  962.18528948  998.93407711 1012.37196936
 1020.04744589 1088.67363605 1089.21760105 1143.05333644 1164.20223844
 1194.97927766 1208.63356925 1209.50323325 1222.39292718 1240.98557032
 1256.5380561  1257.50268649 1261.79120671 1276.26736244 1309.67919361
 1336.77837742 1337.9412072  1342.71039261 1357.48411411 1373.94953043
 1376.00412414 1377.44811973 1381.56744047 1384.03026627 1397.3643255
 1405.80316636 1425.45117295 1438.83426536 1506.07722642 1556.00794041
 1559.69352914 1573.80398599 1577.06820935 1593.21455998 1603.14539628
 1651.03994983 1684.88874633 1694.50271693 1695.06054856 1713.47095893
 1759.99735    1776.04883425 1779.01455852 1863.63086645 1870.18541308
 1930.89069413 1942.1836596  1947.17154434 1949.45763735 1957.03454752
 1967.02911696 1972.56273337 1975.1682254  1989.77598074 2008.34749062
 2008.85295574 2009.17925474 2009.96195235 2024.52327449 2031.29692045
 2032.42571699 2034.44001083 2048.88833332 2049.06309946 2052.81572131
 2080.97153522 2083.85099308 2130.07268508 2151.68778566 2152.33018369
 2196.93111398 2207.62804794 2240.27961477 2260.36768668 2261.43791674
 2274.87337566 2290.77302704 2292.45715523 2293.92398407 2314.1063557
 2315.62895104 2332.7913319  2333.82772873 2338.08388238 2345.55109288
 2345.93912503 2346.37709035 2352.77480413 2367.77035827 2372.24937791
 2372.95857574 2373.64224032 2374.98896953 2380.92895137 2427.54044218
 2431.6108964  2484.71883401 2504.48607357 2512.10865026 2517.31290101
 2517.84716605 2571.47973539 2593.81906708 2635.99457145 2638.05873181
 2657.09630693 2671.40992983 2711.14480833 2714.45676487 2735.16490155
 2741.12061668 2744.87467186 2745.54600314 2747.3274977  2749.48839109
 2751.92188365 2758.28819751 2770.92155889 2782.26219088 2796.86887955
 2804.80755527 2809.32320813 2857.43259436 2879.16916123 2882.52411764
 2884.55191144 2892.05868848 2897.55663834 2898.74966802 2898.78513458
 2910.02060023 2913.00652443 2913.55385609 2915.3608839  2922.99882721
 2942.12773539 2966.54972738 2969.65708454 2987.90056209 2990.85155307
 3046.08815084 3065.61242447 3067.79498447 3071.75510569 3092.88194109
 3107.39396338 3110.91828594 3115.74963783 3137.7811038  3138.79770069
 3143.30675357 3173.61862755 3194.3053643  3201.34710943 3203.74913542
 3208.19648849 3225.50383557 3236.50096861 3236.6041683  3247.01380313
 3251.46325619 3253.48611668 3258.88150018 3263.82061841 3309.07458003
 3310.17564333 3317.73328689 3330.88834667 3332.75757429 3335.93079792
 3343.66937425 3370.34649268 3378.11226894 3385.15224741 3387.12890803
 3395.07308374 3396.53297928 3398.69637266 3405.61341818 3412.75482968
 3427.31275183 3449.42811754 3463.83914014 3479.77345809 3554.46952969
 3556.42205705 3571.9717095  3578.60652255 3588.03629372 3595.86786977
 3601.32395309 3682.14600596 3684.15776647 3694.16896919 3714.80107277
 3729.11022902 3737.0320048  3756.32487914 3757.4396424  3783.38922972
 3788.78234656 3806.76429158 3813.24750509 3816.75669436 3819.79455173
 3905.35312345 3906.30055389 3907.41741714 3912.40980188 3932.3397076
 3934.71386701 3935.00416612 3945.11556854 3947.75842712 3962.77001456
 3967.60153312 3981.69392336 4003.50175668 4014.35625682 4022.36153234
 4037.62331901 4057.69975762 4067.59959402 4071.18634972 4102.75648652
 4103.47138433 4111.39432677 4115.30084816 4117.0217429  4117.72520741
 4119.5176686  4121.15543026 4123.89992187 4134.72015545 4135.50975303
 4136.27848402 4143.40502889 4144.86045777 4216.87587091 4218.46343272
 4233.24315419 4234.91341575 4253.92275763 4257.2571141  4258.76084283
 4259.11517508 4260.20920507 4262.43836492 4263.46382845 4264.27429264
 4276.1383897  4295.49076386 4298.36128841 4309.71412037 4327.98689783
 4330.53072338 4334.91417665 4378.54890989 4380.76336978 4391.90590238
 4407.47755477 4409.46724868 4409.52571517 4426.0641646  4430.78955015
 4433.9582738  4442.9849462  4451.1495879  4478.19993852 4499.06394139
 4499.06564138 4500.46383711 4505.13655615 4516.9832866  4519.87227776
 4521.37323984 4526.10709203 4530.68031138 4530.73361122 4538.43105435
 4538.91721953 4546.38186337 4547.63365954 4548.02935833 4549.51932044
 4551.04671577 4555.9313675  4557.03116414 4558.0899609  4592.07252366
 4615.16985304 4622.00686546 4635.566424   4635.62895715 4642.84673508
 4644.10353123 4665.07653377 4676.61806515 4709.8726968  4710.4267951
 4716.83140885 4720.59219735 4724.42011898 4730.15960143 4734.10188938
 4737.4524458  4737.86427787 4747.9716803  4748.4839454  4751.94350149
 4752.05696781 4756.02268902 4763.15103389 4773.6349685  4791.39841418
 4810.00725728 4815.38894082 4822.23128657 4823.55181586 4833.14935319
 4840.5016307  4849.89836864 4865.90051971 4870.62240527 4870.83877128
 4879.97381001 4892.0348398  4893.40003562 4901.65447705 4915.40770166
 4922.4158469  4947.06190487 4948.39556746 4950.14196212 4950.77526019
 4956.36914308 4957.00954112 4973.93942269 4974.6782871  4987.34591503
 4988.5979112  4992.32573314 5003.70416501 5008.69214976 5018.89731855
 5031.42661358 5040.62498545 5049.33812548 5054.57680946 5086.04084658
 5094.14995512 5117.4976504  5140.02648151 5154.47627066 5189.04313163
 5204.45771783 5207.16320956 5218.0724762  5253.92019992 5270.51504918
 5280.86278421 5293.5102122  5296.50453638 5303.60631466 5304.45094541
 5324.85894968 5333.05782461 5344.54358949 5349.12064216 5349.90173977
 5356.29385356 5357.40148351 5359.61284341 5364.87096067 5388.78878753
 5401.10751653 5413.15851302 5414.04464364 5415.54850571 5417.6452993
 5422.30675171 5442.47575671 5454.91268534 5475.39498938 5496.91732357
 5500.87871146 5508.51528811 5525.66773566 5536.97970107 5537.66019899
 5538.54302963 5556.42680828 5557.34510547 5570.93086393 5574.17065402
 5583.83335781 5594.9563238  5611.12734102 5619.75521464 5659.83652541
 5662.48385065 5683.48085312 5683.75691894 5684.91474873 5685.14178137
 5695.2258172  5695.8932485  5711.10130199 5719.09671088 5725.25282539
 5725.596991   5726.04725629 5737.95028656 5744.75586575 5752.55434191
 5753.28207302 5755.5334328  5763.81544081 5775.09993964 5776.90420079
 5783.01381544 5808.10677205 5810.15806577 5819.12340503 5824.77692107
 5834.64345757 5845.49305773 5850.99887423 5858.32741848 5884.60070482
 5890.45155359 5917.54143743 5929.33086804 5931.01649622 5944.97605354
 5961.52583627 5990.9908795  5991.8440769  6002.74974355 6005.44330198
 6012.74054633 6020.9830878  6054.22361949 6059.58190311 6086.64718702
 6090.71484124 6092.56330226 6106.46969307 6115.31803268 6117.36519309
 6120.57728327 6139.44859223 6141.62755223 6150.0533598  6178.59827252
 6235.02289999 6246.95513017 6296.78094449 6324.4872931  6382.7002151
 6395.26854334 6405.66671155 6406.28567632 6417.86077426 6460.0792785
 6467.09569038 6471.50331024 6481.55207951 6482.70834264 6484.15033823
 6495.49880353 6498.75389358 6523.43775143 6553.37915988 6560.77727059
 6576.50408917 6582.43223771 6610.49608524 6611.07218347 6638.50929958
 6649.39033297 6662.1481273  6678.83834293 6699.89667854 6700.11074455
 6700.22397754 6700.55587653 6718.76895417 6720.71718154 6735.77896882
 6738.91505923 6741.23311881 6750.76182301 6771.22162712 6771.59109265
 6780.84273103 6804.944424   6805.83852127 6821.99327187 6838.90705349
 6872.40025107 6903.37915635 6932.93903263 6938.05175033 6956.77709307
 6976.54049931 6981.96468272 7009.21696606 7010.4139624  7082.71647465
 7086.36626349 7091.92931315 7097.20633035 7122.68131912 7141.20426248
 7142.42732541 7145.12328383 7149.86860266 7153.44862504 7174.77385984
 7197.69658974 7235.28390815 7237.60870104 7255.31548023 7257.75327278]"
230,708016_2024-04-29_B-112,SSp,True,"[  20.13463667   26.71451655   28.94654306 ... 7274.12122273 7274.16112261
 7274.70355428]"
231,708016_2024-04-29_B-113,SSp,True,"[  20.25053631   20.36180264   21.37356621 ... 7263.95768714 7271.14323183
 7272.31109493]"
232,708016_2024-04-29_B-114,SSp,True,"[  33.55806229   35.24055715   35.77402218 ... 7271.76096328 7272.31256159
 7274.30272217]"
233,708016_2024-04-29_B-116,SSp,True,"[  19.41033888   19.50553859   19.63203821 ... 7274.05952292 7274.52572149
 7275.15808622]"
234,708016_2024-04-29_B-118,SSp,True,"[  19.3941056    19.62647156   19.83873757 ... 7274.86572045 7275.00028671
 7275.15885289]"
235,708016_2024-04-29_B-119,SSp,True,"[  19.92380398   19.95817054   19.96753718 ... 7274.94118689 7275.01885332
 7275.07478648]"
236,708016_2024-04-29_B-122,SSp,True,"[  22.08483071   26.90851596   26.92004925 ... 7271.68343018 7272.34312816
 7272.86119325]"
237,708016_2024-04-29_B-123,SSp,True,"[  20.1262367    20.73946815   20.74153481 ... 7272.96139294 7273.13159242
 7274.2293224 ]"
238,708016_2024-04-29_B-124,SSp,True,"[  20.64710177   20.76123475   20.95883415 ... 7273.74592387 7273.90225673
 7275.06548651]"
239,708016_2024-04-29_B-125,SSp,True,"[  19.74557119   19.85517086   20.73330151 ... 7273.98175649 7274.03825631
 7274.48375495]"
240,708016_2024-04-29_B-128,SSp,True,"[  33.68842856   35.50908966   42.54030149 ... 7271.04983212 7273.32529183
 7274.97442012]"
241,708016_2024-04-29_B-129,SSp,True,"[  20.16250325   20.60660189   34.08619401 ... 7271.197065   7271.51003071
 7271.96186266]"
242,708016_2024-04-29_B-130,SSp,True,"[  27.96647939   30.1531727    30.54030485 ... 7274.45928836 7274.56078805
 7274.94152022]"
243,708016_2024-04-29_B-132,SSp,True,"[  19.53990515   25.57032005   31.44860207 ... 7274.8387872  7275.03975325
 7275.10311972]"
244,708016_2024-04-29_B-133,SSp,True,"[  19.41730553   19.5030386    19.56447175 ... 7274.17052258 7275.04141991
 7275.13508629]"
245,708016_2024-04-29_B-134,SSp,True,"[  19.48317199   19.53237184   19.55897176 ... 7274.85698714 7274.96902013
 7275.05651987]"
246,708016_2024-04-29_B-136,SSp,True,"[  23.01166121   23.3729601    23.64019262 ... 7275.06681984 7275.10818638
 7275.11775301]"
247,708016_2024-04-29_B-137,SSp,True,"[  19.64273817   19.65343814   19.94673724 ... 7274.65395443 7275.01425333
 7275.122553  ]"
248,708016_2024-04-29_B-140,SSp,True,"[  20.09680345   20.12190337   21.71369851 ... 7274.01622305 7274.87765375
 7274.93772023]"
249,708016_2024-04-29_B-143,SSp,True,"[  19.76450447   20.03380364   20.42386912 ... 7274.30892215 7274.89252037
 7275.01368666]"
250,708016_2024-04-29_B-144,SSp,True,"[  19.49103864   19.52817186   19.56683841 ... 7275.12628632 7275.13375296
 7275.17268618]"
251,708016_2024-04-29_B-145,SSp,True,"[  20.54623541   31.28810257   32.34619933 ... 7236.57170421 7249.68239745
 7260.36803145]"
252,708016_2024-04-29_B-146,SSp,True,"[  19.39697226   19.42470551   19.55603844 ... 7275.02845329 7275.08851977
 7275.12025301]"
253,708016_2024-04-29_B-147,SSp,True,"[  24.03229142   24.04232472   32.69016494 ... 7269.92006891 7270.02110193
 7271.088532  ]"
254,708016_2024-04-29_B-149,SSp,True,"[  19.49353863   19.57193839   19.91513734 ... 7274.89125371 7274.95748684
 7275.02108664]"
255,708016_2024-04-29_B-152,SSp,True,"[  20.38140258   25.37762064   26.99824902 ... 7254.22001691 7257.62827316
 7267.29507693]"
256,708016_2024-04-29_B-153,SSp,True,"[  19.56563841   19.77823776   19.80173769 ... 7275.10525305 7275.13701962
 7275.16295288]"
257,708016_2024-04-29_B-154,SSp,True,"[  20.10697009   20.12380337   20.62976849 ... 7274.31085548 7274.47102166
 7274.74218749]"
258,708016_2024-04-29_B-155,SSp,True,"[  19.43023882   19.54573847   19.83030427 ... 7274.7833207  7274.94542021
 7275.17178618]"
259,708016_2024-04-29_B-156,SSp,True,"[  19.41860553   19.57870504   19.61860491 ... 7275.10471972 7275.12435299
 7275.15158624]"
260,708016_2024-04-29_B-160,SSp,True,"[  19.42217218   19.44237212   19.47763868 ... 7274.98752008 7275.03931992
 7275.06721983]"
261,708016_2024-04-29_B-161,SSp,True,"[  19.7534045    20.42710244   22.54232931 ... 7273.52399122 7274.13635601
 7274.23515571]"
262,708016_2024-04-29_B-164,SSp,True,"[  19.51513856   19.58400502   19.89940406 ... 7273.42069154 7274.48585495
 7274.71628757]"
263,708016_2024-04-29_B-165,SSp,True,"[  23.01549453   24.24772409   30.30620557 ... 7267.31444354 7272.6916271
 7272.93659302]"
264,708016_2024-04-29_B-169,MOp,True,"[  23.99319154   39.52074406   39.84687639 ... 7263.81952089 7267.70380902
 7269.36060395]"
265,708016_2024-04-29_B-170,MOp,True,"[  19.39730559   19.43747213   19.47833868 ... 7275.03081995 7275.04558657
 7275.16385287]"
266,708016_2024-04-29_B-171,MOp,True,"[  34.14909382   48.39598359  111.01539212  142.97006107  186.93352665
  230.75449265  240.38449654  276.75211867  292.32313773  302.69217269
  304.76463302  316.04743185  419.15231659  486.26344471  494.19212047
  572.36938143  701.90278535  719.4264651   722.62578865  737.05141121
  798.67195613  931.6760161   967.60163959  987.60844508 1112.59332958
 1171.77421529 1181.80491795 1313.81948095 1368.71601309 1384.4545983
 1421.4974517  1449.21176696 1451.97005853 1464.38612056 1472.23196324
 1508.51765229 1555.43254217 1582.17159374 1629.73241498 1644.73620244
 1674.77197726 1703.09359066 1736.12415633 1755.76729627 1766.4198637
 1778.55782658 1842.85542998 1845.73832116 1864.06409846 1907.08620025
 1909.73559215 1943.68648833 1973.18383147 1976.9248867  1987.19008865
 1987.92221974 1993.94590132 1994.1260341  1995.70782927 1998.62212036
 2024.44200807 2024.66917404 2038.18386605 2077.92414454 2078.48024284
 2081.23310109 2087.93024728 2088.24197966 2100.64240841 2113.09120368
 2120.96697959 2139.79042204 2150.0395907  2150.44048947 2177.25540748
 2178.0125385  2178.39997065 2189.46513681 2195.17485269 2211.60963577
 2221.60190521 2237.87815545 2241.23944517 2256.47196526 2257.28516277
 2286.62333973 2286.88027228 2309.2986704  2323.75505953 2325.93411953
 2335.49755695 2355.88149463 2375.69470071 2391.30591964 2406.89150532
 2420.32153092 2422.79162337 2429.79653528 2431.6100964  2443.02992815
 2457.44098409 2462.20720285 2487.44809233 2490.3370835  2516.85816907
 2543.26695499 2543.6770204  2544.74725046 2548.63023859 2574.25666023
 2597.3224897  2616.37439811 2628.76139357 2629.3960583  2641.57735438
 2648.64063279 2678.38940849 2689.53420774 2695.39665649 2704.5940617
 2709.66584619 2715.51449497 2726.405595   2726.98332657 2732.43544323
 2736.21236502 2742.48547917 2743.5996091  2749.81785675 2756.00163784
 2763.05018295 2776.21950935 2782.01969162 2808.90370941 2814.30425957
 2820.99650577 2834.47503122 2850.73068152 2860.59111804 2880.48822386
 2881.31745466 2888.49786604 2890.70839261 2893.0223522  2905.56384719
 2908.89630367 2911.46226249 2911.90769446 2914.01058803 2919.27820525
 2927.77957926 2943.51856447 2953.70733331 2958.98098385 2965.59096364
 2970.76384783 2975.17543434 2979.88695326 2987.31123056 2996.39610278
 2996.67896858 3001.02652196 3016.96483989 3023.66228608 3027.27417503
 3036.23454763 3055.46038885 3061.04847176 3063.41513119 3092.12597673
 3099.55948734 3100.67231727 3140.73882809 3149.48983467 3153.85898797
 3184.24796172 3189.36834606 3198.51975141 3200.19381296 3218.69248973
 3219.23715473 3221.60448083 3226.72486517 3227.57389591 3243.2977145
 3246.23590551 3250.71255849 3256.74904003 3260.23369604 3276.15514736
 3276.89477843 3277.42357681 3277.78194239 3281.45373116 3298.45087919
 3310.91800773 3325.32516368 3341.39704787 3358.81366128 3375.21757779
 3390.98892956 3391.27462869 3393.93685388 3404.39112192 3412.19289806
 3418.80611117 3420.10637386 3420.79680509 3427.85071685 3434.28613051
 3455.68183175 3457.07679415 3461.40834758 3464.93600346 3486.10193874
 3507.36234039 3509.63706677 3510.31676469 3514.64915145 3523.09302563
 3535.13898879 3570.09714857 3579.78191896 3581.53934692 3583.14064202
 3586.33579892 3588.21829316 3617.97233551 3622.71172102 3648.90910759
 3651.6851991  3654.07515846 3658.4116452  3675.33659344 3683.21386936
 3694.82406719 3695.54986497 3709.71802165 3721.05918697 3731.00565656
 3734.13101367 3734.67107868 3744.26424935 3772.71232903 3775.58182026
 3787.46681725 3795.59105907 3806.70575842 3813.34163813 3814.53783447
 3814.54296779 3817.31019266 3842.69054839 3856.06484083 3871.82172598
 3878.00354041 3890.48536891 3895.5164202  3906.7320859  3907.2018178
 3918.23408407 3922.54050423 3927.5660222  3943.78563927 3947.47586132
 3952.28967993 3952.98831113 3961.45251858 3988.16007025 4016.04045167
 4037.72831869 4074.65570577 4086.78966867 4089.17206139 4090.96742256
 4108.10650349 4108.34900275 4113.91831905 4124.29548732 4127.84267648
 4138.13984499 4140.25977184 4147.31151695 4171.38467667 4177.64839085
 4180.68271491 4185.42376708 4200.89158645 4204.46714218 4217.56513546
 4218.02173407 4223.16451834 4252.12209647 4253.31362616 4255.16258717
 4308.24932485 4311.41268184 4315.27643669 4316.86213184 4329.45672667
 4339.43206283 4358.10090575 4362.61659194 4370.30743509 4375.61545219
 4376.91028157 4406.65962393 4411.32200968 4420.14248271 4428.47815722
 4438.3732603  4442.76761353 4449.21102716 4451.83828579 4480.1352326
 4483.40535594 4485.54454939 4522.72710237 4530.57757836 4538.57632057
 4562.67694688 4580.02872716 4590.36336222 4597.9036725  4606.64967909
 4610.92449935 4618.24054365 4619.21620733 4634.20932815 4636.05278918
 4636.66645397 4646.41979082 4688.69162823 4706.51744039 4708.14580208
 4708.90479976 4715.07898088 4724.68478484 4726.08681388 4730.44793388
 4733.80189029 4747.5913148  4771.05160973 4774.09640042 4776.75485896
 4786.77622831 4788.16985739 4794.54970455 4800.36192011 4823.95208131
 4824.65114584 4863.29296101 4869.39290903 4878.47544792 4894.61146525
 4897.57858951 4907.49552586 4927.96916325 4953.90275062 4974.92158635
 4978.57000853 4987.73374718 5001.36673882 5003.49409899 5017.35002329
 5046.63543374 5065.18451035 5067.34510375 5073.9674835  5074.99761368
 5079.57316636 5088.34463954 5112.23349983 5113.12746376 5119.31054485
 5141.2278445  5144.23223532 5150.08358409 5154.91433599 5170.37548871
 5171.50911858 5196.11494334 5212.55909306 5238.64197997 5284.32037363
 5284.83030541 5298.07569824 5308.30806695 5308.40716665 5342.83459471
 5343.069394   5349.76527352 5350.69113736 5373.12940208 5375.41639509
 5380.03168098 5408.97552581 5417.39563339 5424.54207821 5430.66455949
 5432.38645422 5469.51287403 5476.61241899 5481.1334385  5501.248477
 5504.71229974 5515.54103329 5523.26287635 5542.72511684 5543.12881561
 5549.62556241 5554.5433807  5554.55524733 5582.49162858 5601.70016984
 5613.26280116 5616.48169131 5620.27061306 5641.66154765 5653.50927809
 5656.75983482 5670.87899165 5676.22394197 5703.20642613 5704.42535574
 5717.46188254 5731.79163873 5734.02083191 5745.92836217 5753.38090605
 5776.26530274 5782.70131639 5789.38739595 5790.55189239 5794.56804678
 5795.5949103  5799.28613235 5808.5679373  5810.11923256 5810.1280992
 5810.25399881 5810.91666345 5811.82542734 5819.7642364  5828.7702422
 5837.27401619 5838.66477861 5873.75657131 5900.21479041 5905.31764147
 5908.40936535 5909.62819496 5914.1149479  5919.23599891 5931.53502797
 5938.95693861 5948.0405775  5961.10827088 5961.65850253 5963.63176316
 5972.3850364  5979.91061338 5993.17240617 6019.1617267  6044.88561471
 6057.13581059 6074.55269066 6076.58248446 6084.65415978 6105.71362872
 6127.20282967 6129.13442377 6132.12664795 6137.59846455 6155.35717692
 6159.46083104 6166.35394329 6192.24599746 6200.56060537 6202.3366666
 6204.98182518 6207.28048482 6227.82938865 6235.24586598 6275.21607709
 6291.4464608  6316.23685166 6326.91361902 6327.12271838 6356.66252805
 6361.52567985 6410.31219734 6410.45333024 6415.94438012 6426.42174808
 6451.2595388  6454.26076296 6472.25867459 6493.19511057 6506.43707008
 6509.52059399 6515.45064252 6523.2852519  6541.17979718 6541.2078971
 6542.46472659 6547.76314372 6573.33123221 6624.32550962 6624.99170758
 6659.71363474 6665.0924183  6679.43607444 6691.13773866 6754.40507854
 6755.53620841 6758.65669887 6775.33961452 6869.95715854 6870.57109
 6880.40055995 6882.33602069 6902.94762434 6929.54384301 6946.19535876
 6947.62662105 6962.56150872 6978.09569455 7022.39769243 7038.99240835
 7081.28794569 7085.95493142 7104.59960774 7105.41507192 7110.29625699
 7117.25626904 7131.78295796 7157.0385474  7184.28653075 7209.1239548
 7233.28538092 7249.45183149 7259.3475679 ]"
267,708016_2024-04-29_B-175,SSp,True,"[  20.50746886   20.76326808   21.12563364 ... 7274.62335452 7274.82918723
 7274.95495351]"
268,708016_2024-04-29_B-181,MOp,True,"[  19.39750559   19.5801717    19.7527045  ... 7275.10875304 7275.12765298
 7275.13605296]"
269,708016_2024-04-29_B-182,MOp,True,"[  19.4270055    19.79167105   19.82177096 ... 7275.03955325 7275.11605302
 7275.17975282]"
270,708016_2024-04-29_B-183,MOp,True,"[  19.5245052    19.78037109   19.81360432 ... 7275.11418636 7275.12965298
 7275.17758616]"
271,708016_2024-04-29_B-184,MOp,True,"[  19.95407055   20.42376912   20.46890231 ... 7274.90748699 7274.96162016
 7275.06478651]"
272,708016_2024-04-29_B-185,MOp,True,"[  21.47223258   22.42349634   22.5992958  ... 7271.71693008 7272.56469415
 7274.04705629]"
273,708016_2024-04-29_B-186,MOp,True,"[  79.02478993   96.7403691   195.13366824  269.995706    313.28380697
  404.65539425  443.35810924  453.49147826  482.5938226   507.07904773
  535.63662708  631.28650128  645.41209142  665.3569971   702.64064976
  784.52649938  801.44278099  839.65256415  862.09769552  882.67869926
  954.31951353  968.45290365  972.61619092 1005.69888976 1081.03179275
 1100.15180095 1102.24669455 1107.06134649 1153.85167009 1166.63799766
 1180.87982078 1231.00373418 1262.11190573 1306.92213538 1350.04220353
 1365.32209014 1370.68770707 1382.44630444 1426.43403661 1441.17265821
 1449.19550034 1475.3182538  1504.15679896 1505.61629449 1546.46693625
 1557.60890218 1596.42231683 1643.30247349 1646.42026395 1652.04904674
 1736.84695412 1760.13091626 1767.02519518 1771.53654805 1773.36884245
 1773.93367406 1785.12350651 1787.22040009 1807.1693391  1812.99055463
 1823.02465728 1824.17465377 1834.9555208  1920.68402533 1924.13344812
 1929.08689964 1941.23929582 1942.06442663 1948.13104141 1968.13671357
 1975.88115656 1978.34611569 2004.08777031 2018.24862701 2029.14186037
 2029.41765953 2034.26924469 2037.75080071 2059.58596728 2092.96706521
 2117.55479003 2124.34620259 2124.80943451 2137.79279481 2142.46694719
 2166.89553916 2182.70769081 2184.04718671 2215.14675829 2224.2336305
 2245.54856533 2246.7779949  2252.01717888 2262.9345455  2285.89804195
 2290.03119598 2290.17742886 2292.75075433 2303.15805584 2303.75862067
 2307.21334344 2314.08948908 2338.93304645 2341.18937288 2358.88338545
 2375.16883565 2376.91846363 2383.54167672 2399.89169339 2401.9715537
 2404.94001129 2414.69401479 2418.82923548 2427.23074313 2432.57292679
 2437.60794473 2440.04570394 2448.51144472 2451.09097017 2453.09403071
 2459.73414374 2470.18934511 2518.82966304 2555.12861872 2564.27522408
 2580.2419086  2580.764407   2595.08719654 2600.31784721 2610.99211457
 2656.71334144 2659.7674321  2659.9742648  2702.05873612 2711.39127425
 2711.97663912 2716.68372473 2727.9658569  2730.49024918 2732.4468432
 2734.05357162 2735.13763497 2746.6077999  2757.08193454 2765.13270992
 2783.01768857 2783.10725496 2806.19625103 2808.45774411 2809.51217422
 2857.41039443 2877.86466522 2890.70375929 2918.29777492 2929.5425072
 2929.69117341 2932.7580307  2937.58841593 2941.86763618 2945.25629249
 2947.07885358 2953.20200152 2961.48270954 2972.51224248 2986.7653989
 2991.57388419 3003.31288163 3003.87891324 3009.63202898 3015.8162434
 3017.44647175 3019.69396488 3031.22766294 3038.57800714 3041.42549843
 3051.79790005 3058.59164594 3058.87291175 3062.54260053 3068.21178319
 3089.30941868 3090.12054953 3092.26577631 3103.56060844 3105.09083709
 3109.99795542 3128.74516476 3130.67175887 3149.26683535 3179.36370999
 3190.52724252 3195.19299492 3200.30284596 3200.66371152 3200.91654408
 3201.04791035 3215.06900081 3225.4393691  3234.71204075 3234.73484068
 3260.32866242 3266.6040099  3282.20552886 3285.5491853  3299.96510789
 3309.62884501 3317.07978889 3324.74186546 3341.21084844 3359.82662485
 3362.77718249 3363.65527981 3372.92828479 3373.39305003 3376.1737082
 3384.03018418 3385.31291359 3392.59795798 3394.08155344 3401.50513074
 3417.74718108 3428.44038172 3429.94571045 3433.40606653 3443.9896675
 3494.89944517 3501.57382476 3516.94947775 3521.53983038 3522.75652666
 3527.98347734 3547.19598526 3547.93348301 3562.59083819 3569.42451729
 3573.85487041 3584.70320391 3589.64178881 3598.84816066 3605.1451414
 3616.94603865 3632.5854575  3635.4405821  3644.49555441 3650.73900199
 3658.10937945 3662.24153349 3664.43559344 3664.6461928  3671.34667231
 3675.17019395 3681.44447477 3684.10313331 3684.72933139 3694.31150209
 3696.68936149 3706.43499835 3712.5255464  3713.57110987 3717.61563083
 3721.78491809 3726.17533799 3728.23096504 3730.29389207 3732.57441843
 3739.72796322 3751.35069435 3768.12044307 3771.99019791 3783.66246221
 3809.55191639 3818.99325418 3827.38186187 3838.59756091 3844.63117579
 3846.49493676 3854.58867868 3875.07814936 3882.39632698 3887.03024615
 3890.46123565 3891.14776689 3894.14369106 3898.35064486 3899.11487586
 3900.02917307 3901.795801   3920.27017784 3928.26322007 3934.18800195
 3950.62528502 3956.30543432 3994.44845103 3995.65934732 3997.02384315
 3998.88840412 4013.02852755 4021.10070286 4021.41920189 4036.27055648
 4049.43251623 4059.74795136 4060.67708185 4065.28643442 4066.03799879
 4093.77001399 4103.28698489 4104.83344683 4105.5960445  4118.82037073
 4120.11786676 4127.98300938 4138.9972757  4151.83736977 4155.0016601
 4159.71301236 4176.26919507 4176.48059442 4208.32339706 4208.777629
 4210.18879135 4226.1341426  4276.25838933 4283.60666686 4293.80103569
 4330.39169047 4334.5363778  4340.24936033 4353.48991985 4355.17324803
 4361.44469552 4366.26171413 4380.80346966 4393.56923063 4403.19800119
 4408.72345096 4420.5373815  4438.7334592  4455.15377565 4460.8840248
 4462.66508602 4467.77500373 4480.15673254 4489.43643749 4491.01813266
 4498.61640942 4505.54438824 4528.47771812 4535.90089542 4553.06160961
 4553.96747351 4555.21490303 4559.70825596 4570.21932382 4570.73172225
 4573.60281347 4581.54515585 4584.47498023 4598.70007006 4610.33820114
 4611.32659812 4621.10146823 4628.95751088 4642.43496967 4643.44709991
 4643.93763174 4644.17639768 4665.01053397 4688.82656115 4688.96349406
 4690.21089025 4691.8966851  4708.11686883 4713.87228457 4720.95349625
 4742.15629808 4745.90758661 4746.26311886 4756.91451962 4779.18601819
 4787.74019203 4788.99252154 4797.36906259 4810.30125638 4814.65794306
 4825.11411109 4830.09952918 4830.41276155 4832.4139221  4835.71947866
 4847.22147682 4857.44394557 4870.0140738  4870.88867112 4873.05593116
 4880.77207424 4887.4217539  4890.43641135 4890.71027718 4898.89938547
 4904.70530105 4909.49411974 4917.07049658 4918.03722696 4921.17701736
 4929.29642586 4933.51477963 4933.53244624 4933.60517935 4936.19067145
 4940.55859143 4942.93438416 4953.34765232 4957.04490768 4958.68450267
 4972.53452699 4974.27532166 4982.32623038 4985.55675383 4990.58430513
 4997.94414929 5004.39936289 5018.33658694 5024.55236793 5027.72035824
 5047.13089889 5050.12265641 5052.45371595 5060.32612521 5061.57238807
 5061.920787   5064.56634558 5067.63770285 5074.51864848 5074.90801396
 5100.69840176 5117.64298329 5119.82087663 5121.95343677 5123.42956559
 5123.83676435 5129.67741315 5137.82505491 5138.61801915 5145.07746607
 5154.19523819 5161.72268184 5166.30026784 5169.22569223 5174.48720947
 5176.4717034  5177.32556746 5196.32900935 5203.80811982 5214.65878664
 5233.76456155 5241.62680418 5245.15819338 5249.4584469  5256.42589226
 5262.31627425 5266.64282769 5290.69045416 5296.04533778 5313.12125224
 5317.20690641 5324.70221682 5325.11954888 5329.91846754 5339.94607021
 5344.00239114 5344.19205723 5344.44515646 5348.87327625 5349.70514037
 5354.19539331 5369.78314565 5388.19442268 5398.29642513 5414.7562748
 5418.69722941 5422.69878385 5424.86854388 5435.76271057 5462.44119566
 5470.61880399 5475.58345547 5477.99644809 5491.7520727  5493.34790115
 5496.57492462 5504.46606716 5513.43187308 5519.73358714 5520.05335283
 5540.72308963 5542.93558286 5550.78709219 5573.69602214 5591.25850177
 5619.51888203 5620.57124547 5622.35784001 5628.07232254 5628.48992126
 5631.98571057 5640.44188472 5643.945274   5652.0239493  5660.25152414
 5662.71468328 5663.02098234 5672.3022873  5683.48201978 5684.29275063
 5685.30024755 5709.3430407  5709.48774026 5717.72811506 5731.13197408
 5733.15946788 5733.99849865 5744.71289922 5751.81901082 5765.32496953
 5787.24293584 5792.14328752 5809.67370059 5821.51766437 5827.3718798
 5829.25950737 5837.73148146 5843.99542897 5848.89408066 5851.75537191
 5856.01822555 5866.00726167 5873.70943812 5875.57359908 5876.50149625
 5895.90590358 5901.25845388 5901.29302044 5902.95971535 5907.03513622
 5915.11887817 5927.03710839 5932.37875872 5970.59684186 5971.97827097
 5975.73555948 5981.90267396 5984.24080014 5985.25913036 5988.87568597
 6015.79437033 6026.62360388 6028.22389899 6052.37402515 6057.82050849
 6079.43854239 6084.62302654 6098.90331621 6113.52433817 6114.58563492
 6116.56902886 6131.0848178  6131.4335834  6138.63262806 6149.36202858
 6168.99096856 6169.87846585 6190.9010349  6196.07151909 6196.87801663
 6215.84229197 6217.73508619 6218.95631579 6223.29996917 6250.67418547
 6253.07711145 6282.14482257 6286.9312746  6293.89901997 6294.38508515
 6300.6907992  6321.82536791 6323.23726359 6348.06088769 6360.9636149
 6368.74825776 6374.82787251 6387.33186761 6401.1139588  6403.74798408
 6407.11190713 6426.45018133 6444.17886045 6445.53852296 6455.47075926
 6457.40545334 6490.96578406 6497.44246425 6497.65886359 6506.30500382
 6517.30293686 6519.21213102 6535.02814933 6535.66294739 6548.32517534
 6560.09067269 6576.33788968 6584.45033154 6594.85139974 6595.49166445
 6608.84765694 6611.01725031 6612.94517775 6616.9292989  6650.46392969
 6657.99823999 6662.42009313 6675.0326879  6679.11644208 6685.27608991
 6686.06128751 6691.30330482 6693.56103125 6699.5932128  6700.92104208
 6706.13139281 6711.26224379 6717.88565687 6717.93182339 6737.24269768
 6739.38739112 6746.22300355 6774.09621833 6780.8195311  6781.6697285
 6784.70578589 6791.87366397 6845.33226717 6845.74723257 6855.89446821
 6861.17145208 6863.61727793 6883.45305061 6888.54116839 6893.85145215
 6900.39456548 6911.76336405 6915.595219   6918.69030953 6947.55582127
 6949.78971444 6968.20922478 6981.98588266 6984.88450713 6988.02259753
 6988.7972285  7012.00295754 7015.97704539 7016.15034486 7020.07899952
 7025.33435011 7038.34991031 7051.09630467 7076.07199497 7106.1831029
 7108.26209654 7130.79366098 7132.33368961 7134.24725042 7135.91791198
 7136.00684504 7143.87472098 7162.26406475 7189.46548158 7190.96637699
 7192.71647164 7193.360103   7196.83285905 7209.49815366 7210.49495061
 7217.86972806 7224.95883972 7243.47048311 7263.34678901 7265.31911631]"
274,708016_2024-04-29_B-188,MOp,True,"[  30.34900544   33.55132898   33.57116225 ... 7274.40192187 7274.41662182
 7274.49908824]"
275,708016_2024-04-29_B-191,MOp,True,"[  19.42370551   20.92683425   21.27243319 ... 7272.01392917 7273.34489177
 7274.13652268]"
276,708016_2024-04-29_B-192,MOp,True,"[  21.23896663   22.15613049   28.26977846 ... 7266.45997949 7268.09367449
 7269.48617023]"
277,708016_2024-04-29_B-194,MOp,True,"[  21.46233261   22.88456159   23.04369444 ... 7273.70962399 7273.91079004
 7275.13161964]"
278,708016_2024-04-29_B-202,MOp,True,"[  42.24153574   60.09481448   61.67097633 ... 7267.34864344 7267.35044343
 7272.83106001]"
279,708016_2024-04-29_B-203,MOp,True,"[  22.46079622   22.53456266   25.12462141 ... 7272.35162814 7272.58456076
 7273.13372575]"
280,708016_2024-04-29_B-205,MOp,True,"[  19.40067225   19.40253891   20.08667015 ... 7275.06261985 7275.08898643
 7275.10555305]"
281,708016_2024-04-29_B-206,MOp,True,"[  19.64287151   19.96533719   20.24033635 ... 7272.68232713 7274.63188783
 7274.98925341]"
282,708016_2024-04-29_B-208,MOp,True,"[  19.3931056    19.91077069   19.95610388 ... 7274.48518828 7274.8937537
 7274.93092025]"
283,708016_2024-04-29_B-210,MOp,True,"[  22.20703033   22.47292952   23.23529386 ... 7271.94922937 7272.6899271
 7272.73992695]"
284,708016_2024-04-29_B-211,MOp,True,"[  19.76260447   20.10360343   20.35020268 ... 7275.14155294 7275.14715292
 7275.15068625]"
285,708016_2024-04-29_B-213,MOp,True,"[  20.56756868   20.98980072   21.5838989  ... 7274.44632173 7274.51575485
 7275.11995301]"
286,708016_2024-04-29_B-217,MOp,True,"[  19.61487159   20.09363679   20.41373582 ... 7274.41055518 7274.43802176
 7274.68385434]"
287,708016_2024-04-29_B-223,MOp,True,"[  19.3931056    19.60890494   19.61397159 ... 7275.14405293 7275.14821959
 7275.15675289]"
288,708016_2024-04-29_B-224,MOp,True,"[  19.97393716   23.71762571   25.67411973 ... 7274.86708711 7274.98938674
 7275.1098197 ]"
289,708016_2024-04-29_B-226,MOp,True,"[  19.43367215   19.6245049    20.55230206 ... 7274.8483205  7275.10418639
 7275.1543529 ]"
290,708016_2024-04-29_B-229,MOp,True,"[  20.22746972   20.44056907   20.70793492 ... 7274.35278869 7274.4250218
 7274.63002117]"
291,708016_2024-04-29_B-232,MOp,True,"[  24.37112372   25.57315337   28.23097858 ... 7270.96963236 7271.81602978
 7272.67872714]"
292,708016_2024-04-29_B-246,AId,True,"[  39.34857792   39.35961122   39.36584453   39.3767445    39.38417781
   39.42267769   39.45987758   39.48631083   39.50711077  129.14927
  190.05875042  342.13561875  383.0538603   383.06456027  383.07112691
  383.07849356  434.49463634  437.30166109  493.27772327  493.28338992
  493.2901899   691.84438277  718.60506761  761.07793774  768.52521497
  826.9818029   826.98950287  884.46822712  982.13872847  982.1502951
 1027.37705681 1027.4456566  1052.04318139 1078.14976823 1117.09354915
 1218.83727138 1260.50161065 1384.50893147 1418.21659507 1418.54252741
 1490.97950591 1572.62718959 1613.71256397 1663.28764571 1663.29381236
 1663.30517899 1663.7619776  1665.26360634 1665.82687128 1666.22057008
 1669.77042589 1669.81695908 1669.87369224 1670.27952433 1670.36849073
 1671.09182185 1685.9444431  1694.8180493  1694.92424898 1695.12184837
 1701.6331618  1727.85954827 1729.18684421 1729.78864237 1757.11912547
 1796.11867289 1812.11085732 1812.1734238  1812.20519037 1812.26655684
 1812.51668941 1832.40346194 1832.58389472 1847.87068131 1855.62939092
 1855.63572423 1855.64055755 1855.64519087 1855.65359085 1855.66159082
 1855.67235746 1873.42933649 1889.38825436 1889.48918739 1889.60925369
 1889.71372003 1889.73001998 1889.80978641 1889.89661947 1890.01905243
 1890.14245206 1890.31805152 1890.46531773 1890.5407175  1890.71398364
 1890.87674981 1890.96504954 1891.02874935 1891.19774883 1910.91148855
 1951.97149633 1954.89958738 1994.50743294 2010.13515182 2029.5460258
 2048.33226836 2048.82640018 2071.4388977  2106.5851569  2128.39699021
 2183.97452027 2188.26234049 2189.21640424 2242.92977333 2269.77322459
 2280.83712409 2281.04232346 2285.35457694 2299.40456732 2311.73699627
 2311.82299601 2312.21139482 2314.97525304 2326.07191911 2326.98148299
 2328.90607711 2330.94037089 2331.666202   2331.776035   2332.54646598
 2334.70642604 2341.03834001 2352.48580501 2361.54044399 2365.14459964
 2372.55314365 2372.67830993 2374.24170515 2374.58703743 2378.22555964
 2378.433659   2378.57445857 2385.57760382 2407.53283669 2422.58479067
 2434.31228814 2449.81200741 2456.86541918 2456.99115213 2462.93923394
 2466.16199075 2481.6926766  2496.55243116 2510.0037567  2513.70671204
 2520.18662556 2522.30288576 2563.49312648 2579.13321199 2604.39280142
 2604.76910027 2641.22522213 2642.77381739 2642.93628356 2701.33000501
 2701.36137158 2701.37777153 2701.39773814 2701.41627141 2701.43603802
 2701.50527114 2701.54480435 2701.69720389 2701.74053709 2701.7925036
 2701.83037015 2701.94716979 2702.03523619 2758.32913072 2760.18219172
 2760.19239169 2776.03610991 2804.17075722 2868.88545934 2870.11165559
 2923.81675804 2926.41741676 2926.42361674 2926.43658337 2926.46474995
 2926.48698321 2926.51568312 2926.52851642 2926.59924953 2926.64388273
 2926.66758266 2926.71554918 2926.80178225 2926.89634863 2926.97548172
 2927.01098161 2927.04741483 2927.0782814  2927.10541465 2927.11878128
 2949.27258021 3016.45547478 3016.54890783 3023.27555393 3023.36768698
 3023.48648661 3058.2338137  3088.63012076 3094.75556869 3208.01002239
 3228.23369389 3247.64200121 3253.1060845  3254.47344699 3267.71183984
 3269.65850056 3269.97899958 3270.30473192 3271.49416161 3271.56452806
 3286.68944848 3293.3322615  3294.50509125 3298.5868121  3305.57752406
 3314.55066329 3315.07352836 3316.42609089 3327.4113573  3341.79314666
 3342.2584119  3342.33651166 3415.59588766 3418.31011269 3452.15764253
 3457.69399227 3473.77544309 3500.23619552 3507.2509074  3509.11693503
 3541.48823605 3566.67579236 3566.68955899 3566.79749199 3583.49244094
 3589.17679023 3589.22225676 3602.27311685 3620.53589434 3620.54456098
 3627.69430579 3636.26177959 3668.95584629 3699.138154   3722.6739487
 3722.73131519 3744.32104918 3744.32604916 3744.33468247 3744.36124905
 3768.36184233 3768.39647556 3769.77727134 3770.33296964 3776.57438389
 3776.63835036 3793.80953119 3794.46592918 3797.51581986 3797.52555316
 3817.64339164 3818.58408877 3823.77127291 3833.770509   3860.79629303
 3871.35239408 3871.55526013 3878.89097103 3883.55605677 3890.20883643
 3891.02930058 3912.86200049 3912.87110047 3924.10686611 3924.13329936
 3924.32989876 3945.19053497 3951.99248084 3970.06495892 3993.31148783
 4002.29562703 4015.28208732 4027.09021788 4031.65437059 4036.80715484
 4066.51869732 4145.48728919 4152.82383343 4154.17726262 4154.84792724
 4156.21212306 4157.38608614 4160.98277514 4180.12608328 4184.65596943
 4184.68216934 4184.7185359  4184.74596915 4184.76150244 4204.0032436
 4207.89076505 4208.6806293  4208.79956227 4209.10576133 4243.70862219
 4244.31878699 4247.81070965 4247.84290955 4247.91550933 4247.95074255
 4249.34683829 4296.96095936 4297.10939224 4308.45295756 4309.25548844
 4321.41041794 4357.99100608 4472.68692204 4485.67361567 4519.74281149
 4519.83684454 4528.55705121 4528.64895093 4625.33182196 4658.54108709
 4715.1268474  4715.25498034 4715.30911351 4732.6430605  4734.40702178
 4782.54804124 4807.93603028 4811.29438668 4880.4678085  4880.58527481
 4902.39764144 4911.47701368 4911.50734692 4911.58784668 4911.89677906
 4912.09254513 4912.21504476 4920.97905129 4936.58397025 4936.60217019
 4951.87335683 4957.88583844 4996.73648632 5091.94632852 5135.16462971
 5143.64210379 5200.15329766 5211.61276262 5229.85904016 5251.24284144
 5271.37274656 5375.71116085 5386.53512776 5407.29163096 5407.51069695
 5407.55786348 5408.49819393 5459.22040551 5465.0670543  5625.31659763
 5627.08665889 5644.99170414 5646.20533376 5671.13119088 5761.66091406
 5761.83344687 5786.26157217 5808.28687149 5843.04606521 5848.08258314
 5853.12593439 5867.67615657 5868.27698806 5878.39225713 5883.5048415
 5886.12940014 5901.59668618 5901.76888565 5901.93521848 5906.2013721
 5922.10855679 5922.11402344 5922.12605674 5922.1394567  5922.14702334
 5922.15792331 5922.22082312 5922.22995642 5922.23922306 5922.28432292
 5935.51564913 5963.47806363 5967.18111897 5967.21571887 5973.36206674
 5973.43566652 5984.96323127 5997.93172495 6004.38480522 6004.43093841
 6010.18182082 6022.36455024 6029.84072738 6040.758194   6061.03199867
 6061.11336509 6061.13896501 6064.15348913 6105.00313089 6113.87790375
 6114.81593422 6153.97868113 6154.12368069 6171.47222764 6208.15171549
 6215.6920591  6253.49244352 6253.75154272 6285.21801318 6311.90799823
 6338.4191505  6357.13199328 6401.59255734 6403.39441849 6403.41161844
 6404.64601467 6412.03092542 6417.04177676 6459.93594561 6505.82807195
 6533.07122198 6551.99016413 6558.15794527 6560.72187076 6560.76807062
 6560.84707038 6561.96603363 6562.43616552 6568.29841426 6568.34888078
 6568.36798072 6569.96264251 6594.64190038 6615.7286359  6635.88394094
 6639.89416201 6642.83581968 6642.91418611 6647.98973726 6653.40982068
 6653.51522036 6655.19901521 6657.18484247 6683.11039654 6686.75925204
 6696.52608885 6717.58679112 6718.08502293 6725.57466669 6726.29573115
 6726.30153114 6726.31176444 6726.32016441 6726.32619773 6726.33453103
 6726.35099765 6726.37273092 6726.38209756 6726.39043086 6726.39916417
 6726.40953081 6726.41893078 6726.42746408 6726.44629736 6726.44896402
 6726.46119731 6726.46953062 6726.47946393 6726.49413055 6726.50479718
 6726.51523048 6726.52626378 6726.53976374 6726.55623036 6726.57756363
 6726.59183025 6726.60586354 6726.62629681 6726.71059655 6744.97647403
 6768.63913501 6768.85910101 6770.1903636  6770.20123024 6771.00039446
 6771.27756028 6796.9652484  6815.92142377 6819.74967873 6832.91580514
 6862.53668123 6864.40047554 6872.26995147 6872.8060165  6899.79563397
 6920.94870263 6921.2092685  6931.88883584 6985.70840461 6985.72250457
 7025.27828362 7115.42570797 7153.0143597  7196.8167591  7272.93255969
 7274.16275593]"
293,708016_2024-04-29_B-248,AId,True,"[  21.27173319   21.45239931   33.45812926 ... 7274.72175422 7274.9362869
 7274.96845347]"
294,708016_2024-04-29_B-252,AId,True,"[  20.02347034   22.7085288    22.80889516 ... 7269.88613568 7272.81056007
 7274.62065453]"
295,708016_2024-04-29_B-253,AId,True,"[ 128.34470579  292.15077159  314.40063689 ... 7271.27593143 7273.71915729
 7273.75629051]"
296,708016_2024-04-29_B-258,AId,True,"[  36.97795183   44.52239543   44.55946199 ... 7261.73692726 7264.21811967
 7274.7850207 ]"
297,708016_2024-04-29_B-259,AId,True,"[  31.23513606   68.67385492   68.68788821 ... 7255.58651273 7259.86673298
 7275.10165306]"
298,708016_2024-04-29_B-260,AId,True,"[  23.98542489   25.9025857    26.93391588 ... 7263.87075407 7266.1404138
 7268.91057199]"
299,708016_2024-04-29_B-261,AId,True,"[  27.35338126   27.6783136    31.18370288 ... 7273.75062386 7273.7708238
 7273.84829023]"
300,708016_2024-04-29_B-262,AId,True,"[  24.94432196   25.62841987   25.6412865  ... 7274.86585378 7274.88692039
 7275.13361963]"
301,708016_2024-04-29_B-267,AId,True,"[ 210.57978768  210.59025431  210.61385424  226.80010475  226.81800469
  294.12909887  294.1413655   298.76131804  414.92742951  445.93733469
  470.15789396  476.07347587  483.37998686  489.31556872  490.15496615
  490.63873134  490.91669715  490.93159711  491.14166313  492.32282619
  492.36605939  507.97191167  507.98077831  508.24981082  508.26671077
  509.03920841  605.38164715  605.39251379  634.78409058  708.86743072
  710.54629226  798.45189013  798.45815678  835.56440999  835.5809766
  837.70053679  837.71380341  852.55082471  884.07749498  893.30196677
  893.34533331  893.57629927  910.48868089  997.71611417 1001.49100263
 1047.47676202 1047.48946198 1079.16569846 1079.17679842 1126.71111974
 1126.7267197  1127.24358478 1127.90511609 1147.09055743 1163.80600632
 1172.85177866 1172.85847864 1174.43940714 1176.03476893 1177.39759809
 1177.41089805 1178.39799503 1182.52811574 1230.70723509 1230.71470173
 1290.51361888 1290.52531885 1337.12640969 1337.13400966 1337.15060961
 1339.90720118 1353.76522548 1355.90108561 1377.66128574 1411.04275034
 1411.41781586 1420.33895525 1420.34348857 1420.36282184 1458.14287299
 1516.86149344 1516.87442674 1536.91489879 1576.92640978 1576.93240976
 1578.63713788 1579.1534363  1586.68621327 1587.25747819 1587.34381126
 1606.96601793 1607.45284977 1608.20254748 1608.21124745 1616.03875685
 1632.10997438 1632.11734102 1632.44310669 1632.92663855 1647.55912714
 1648.07565889 1663.5527449  1663.86691061 1667.67529896 1798.87776445
 1798.88513109 1929.96993027 1929.97413026 1929.98063024 1933.95655142
 1935.9914452  1946.64314596 1946.6511126  1947.56377648 1947.60444302
 1947.86700888 1948.25554103 1948.7763061  1948.80540601 1949.05953857
 1949.08963848 1949.16423825 1949.18320486 1949.23013805 1949.25973796
 1949.2793379  1949.31347113 1949.33850438 1949.36347097 1949.6376368
 1949.67917001 1949.81253627 1949.83013621 1949.8775694  1949.91856928
 1949.9454692  1950.23933496 1950.58196725 1950.59333388 1950.60233385
 1950.64013374 1950.66130034 1950.67730029 1950.69010025 1950.71206685
 1950.74013343 1950.78963328 1951.03056588 1951.66596393 1953.29452562
 1953.5090583  1953.60445801 1953.6712578  1953.68485776 1953.72499097
 1953.76795751 1953.79349076 1953.94315697 1953.97792353 1954.01649008
 1954.79125438 1954.8728208  1954.95985386 1959.29300728 1969.81477511
 2005.86673154 2025.14817258 2038.21933261 2039.74896127 2041.43812277
 2044.77527923 2044.78201255 2045.51301031 2045.71404303 2054.25175026
 2058.59117032 2058.62263689 2060.14919889 2092.15410103 2127.80985867
 2129.63138643 2129.84848577 2129.8589524  2131.03021549 2131.03881546
 2131.3199146  2132.09297891 2135.80013424 2144.60867397 2146.22563569
 2180.30543149 2217.64098399 2233.8487011  2236.91459173 2246.04299715
 2246.19249669 2246.68949517 2271.02572076 2304.83268405 2342.72456819
 2375.40326827 2375.4247682  2375.59956767 2394.07611117 2399.03692934
 2410.3002949  2441.43089971 2441.442833   2445.1608883  2500.29398639
 2509.09325948 2526.42573982 2533.28545218 2551.85849538 2559.16007306
 2559.2998393  2613.66900639 2651.68779014 2651.69339012 2651.74482329
 2652.36165474 2652.6373539  2677.91580994 2681.58506538 2704.24106278
 2707.27312017 2707.2857868  2769.18509753 2773.54081754 2786.43474478
 2827.04198729 2830.8649756  2835.36262851 2852.51920938 2852.52760936
 2856.35776431 2856.8420295  2860.38461867 2905.61761369 2950.95784172
 2955.35056162 2986.95973164 2986.9701316  2986.99593153 2994.93807391
 2994.94310723 3001.19068812 3011.34995706 3023.10628778 3048.53527669
 3048.55104331 3048.977142   3050.90746944 3155.0709176  3157.6553097
 3157.66310967 3157.67434297 3158.07627508 3158.18767474 3185.57669099
 3185.58092431 3185.60399091 3209.80121692 3304.78269316 3304.79332646
 3425.99908918 3532.43726372 3532.4439637  3532.44986368 3532.45746366
 3532.46376364 3551.89707089 3551.90190421 3551.91580416 3551.92490414
 3551.93173745 3551.95413738 3553.8126317  3600.56045542 3607.61510052
 3634.27771899 3635.98738043 3647.35374567 3653.67702634 3653.68612631
 3674.16456369 3702.15591144 3702.16321142 3715.15210503 3725.8123391
 3743.98901686 3743.99631684 3746.88917466 3763.28469119 3763.30252447
 3764.12208863 3764.13498859 3765.16945209 3774.63802314 3779.30154222
 3806.25702646 3806.82735805 3806.83665802 3806.84915798 3819.97621784
 3836.38823433 3874.01015262 3887.89377684 3906.76988579 3906.78098575
 3915.47999249 3934.86519988 3967.43546696 3970.01995905 3975.1728433
 3975.20240987 3977.74483543 3978.35063358 3978.69083254 3978.77366562
 3978.80906551 3992.54449018 3996.51054472 4025.94472139 4051.40791019
 4079.77052347 4098.48196625 4144.01096037 4172.84703887 4172.85713884
 4177.1085925  4189.37058834 4189.38045498 4195.49270296 4215.13764289
 4285.14869548 4323.94034353 4369.14677197 4375.05958723 4375.0664872
 4375.07755384 4376.19718375 4376.31558338 4378.38561039 4382.95252976
 4395.35812516 4400.85757501 4402.22013751 4404.45259735 4414.99493178
 4415.17603123 4426.9794618  4427.02306167 4427.03786162 4473.50691954
 4475.24224756 4475.24951421 4500.77303616 4508.7205452  4526.18139181
 4526.75999004 4527.22495528 4528.02465284 4528.08555265 4558.22759382
 4559.05135796 4562.02398221 4566.8133009  4566.87960069 4608.40854038
 4613.88289031 4614.05948977 4615.28758601 4629.12157704 4636.33805498
 4636.34702162 4636.35345493 4636.35995491 4636.37078821 4667.46332647
 4695.51340737 4695.52730733 4704.66404606 4712.84602104 4716.50800984
 4716.51320982 4716.55717636 4717.79933923 4722.58455793 4723.98638697
 4731.57176378 4747.1657161  4747.4688485  4878.69914724 4878.70574722
 4882.0040038  4888.42725083 4903.62757102 4946.24974069 4992.18246691
 4997.69751671 5020.14508141 5078.65960249 5080.32423073 5081.94325911
 5106.24895146 5106.25695143 5133.07770276 5141.393644   5174.21094365
 5175.26757375 5175.29150701 5181.1699557  5181.18195567 5188.09256787
 5188.29816724 5190.16369487 5192.09438897 5194.75934749 5197.03917385
 5201.07452818 5201.82235922 5250.33544422 5254.42976503 5254.440465
 5254.50739813 5260.51824641 5264.03703565 5264.78793336 5264.79776666
 5301.58595417 5312.53692069 5312.54362067 5320.40979662 5407.2873643
 5417.53479964 5480.43100732 5484.2846622  5484.30346214 5499.35094947
 5502.84247212 5511.09804688 5611.98667172 5611.99900502 5620.8456113
 5636.33383061 5636.34439725 5636.48163016 5642.60534477 5646.32966671
 5659.18372741 5667.13423643 5734.79212955 5748.20192188 5769.57075654
 5770.12305486 5828.57437613 5836.70165128 5873.1368732  5880.15315175
 5911.14202366 5911.15005697 5911.24882333 5911.80842162 5932.8219907
 5945.64358483 5945.65121814 5947.16231352 5947.16848017 5952.15726491
 5965.39162445 5972.45406952 5974.02099806 5974.05676462 5974.0856312
 5974.45146341 5981.08177647 5981.08890978 5981.10160974 5985.4985963
 5995.63879863 6009.96838814 6030.13065983 6039.57666428 6048.24103778
 6048.25263775 6112.09027588 6127.01289692 6127.05333013 6144.23764425
 6147.20496851 6172.59312422 6180.47516678 6182.78972637 6183.57622397
 6190.27180349 6190.27967014 6190.29100344 6190.29877008 6201.74403508
 6236.13236327 6257.76169713 6263.64354581 6263.65611244 6274.31341319
 6278.49466707 6278.50973369 6278.53583361 6282.96032008 6299.3177034
 6301.13073119 6301.25666413 6301.47789679 6303.2297581  6303.27135797
 6307.77177755 6307.80191079 6310.68570197 6310.86453476 6331.73470427
 6342.35197181 6342.35967179 6342.37450507 6343.83970059 6343.8490339
 6344.41916549 6349.15228435 6349.41201689 6349.42691684 6358.35168955
 6358.36945617 6363.28100781 6363.29330778 6369.62658841 6370.05982042
 6370.08395368 6371.57748245 6371.88364818 6371.90364812 6372.21561383
 6372.24258041 6372.34584676 6372.36974669 6372.45797975 6374.06770817
 6374.0883081  6390.68305736 6390.71542393 6390.73005722 6390.90765667
 6393.00988358 6394.21471323 6396.94333822 6397.18590414 6397.3206704
 6398.28956744 6403.54985135 6404.33158229 6420.7347988  6420.74726543
 6454.81642793 6468.9978179  6469.01495118 6480.18381703 6480.191817
 6488.73202422 6502.13371658 6502.14704987 6503.75307829 6503.76344493
 6514.45874556 6514.47821216 6514.7924112  6514.81057781 6524.54741471
 6528.35586973 6528.5187359  6528.5410025  6528.73583523 6528.96163454
 6529.02330102 6529.06870088 6529.1066341  6529.1727339  6531.02552823
 6569.21534479 6587.26805626 6610.04825327 6620.37218837 6621.32845211
 6625.31727325 6625.33153987 6625.3461065  6684.11559346 6695.63249158
 6703.22946835 6705.21796227 6705.23712888 6705.66306091 6711.46727649
 6721.74127841 6727.85795971 6733.21587666 6738.50699381 6738.52399376
 6738.74825974 6744.04434355 6746.48140276 6758.72573199 6758.73323197
 6769.30266632 6769.34886618 6780.2761661  6780.29403271 6782.5749924
 6782.79835838 6794.21385681 6794.42328951 6794.44515611 6796.55561632
 6844.11140424 6854.55183898 6854.5678056  6866.75806833 6869.04886132
 6872.78234991 6878.2802331  6887.04840628 6887.09480614 6893.28562055
 6893.39305355 6896.88277621 6896.89124285 6909.09420554 6909.11173882
 6909.12460545 6913.65042494 6914.49755569 6915.34815309 6915.36241971
 6916.74258216 6942.6739362  6944.38689763 6944.6791634  6944.86016285
 6947.91068685 6949.07638329 6951.69237529 6952.10534069 6954.93033205
 6962.15567663 6962.58444198 6962.62694185 6966.30269728 6972.48211172
 6972.54254487 6972.56297814 6975.10177038 6981.61241714 6985.8857374
 6988.67192888 6992.63948342 6993.62328041 7001.12175748 7002.67028608
 7002.67871939 7003.131418   7003.70428292 7003.89948232 7004.66364665
 7004.71781315 7004.94464579 7004.98374567 7006.02284249 7010.49446216
 7011.10222696 7011.9064245  7037.16321394 7039.64463969 7039.66047297
 7043.17149557 7043.35526168 7052.21443459 7052.6781665  7054.85085986
 7057.27238579 7082.92147403 7086.47719649 7113.98387905 7114.87030967
 7116.58837108 7116.93000337 7116.97803656 7118.64359813 7120.15509351
 7132.84758803 7132.94322108 7132.95795436 7133.12988717 7156.75501493
 7168.8013781  7168.80794474 7179.38231241 7227.06636661 7228.28192956
 7228.28786287 7228.39936253 7228.42266246 7229.12046033 7233.76974611
 7234.28887786 7245.64374314 7262.7484575  7262.76365746 7264.3840525
 7264.42388571 7269.61066985]"
302,708016_2024-04-29_B-268,AId,True,"[  77.5757277    80.33591926  173.76610024 ... 7274.47262165 7274.91788696
 7275.01701999]"
303,708016_2024-04-29_B-271,AId,True,"[  19.53350517   19.83693758   20.09617012 ... 7274.82938723 7274.98045343
 7275.04978655]"
304,708016_2024-04-29_B-273,AId,True,"[  19.5257052    25.26302099   26.10178509 ... 7268.59753962 7268.95840518
 7272.97709289]"
305,708016_2024-04-29_B-276,GU,True,"[  26.47601728  143.21862698  143.3001934  ... 7259.06150211 7260.25649845
 7265.54311562]"
306,708016_2024-04-29_B-277,AId,True,"[  19.84373756   19.97437049   20.07700351 ... 7272.57669412 7273.28069196
 7273.45132478]"
307,708016_2024-04-29_B-279,AId,True,"[  38.22178136   41.25900541   41.28320534 ... 7269.06717151 7269.07797148
 7269.15570458]"
308,708016_2024-04-29_B-280,GU,True,"[  88.91149304  106.00214078  116.28124268 ... 7267.79267541 7269.82580253
 7269.998102  ]"
309,708016_2024-04-29_B-281,GU,True,"[  21.07863378   48.62788288   70.37744971 ... 7270.43800066 7272.94809298
 7273.8588902 ]"
310,708016_2024-04-29_B-285,GU,True,"[  64.8311       83.4076432   145.95155196  211.44001838  320.20338581
  334.10687663  424.96729881  523.55229736  594.78721288  612.64129162
  619.53297055  675.57403252  713.67231603  762.44006691  834.58341299
  838.58366742  871.05406814  928.39622613  940.32538966 1049.84132146
 1056.94533307 1092.45775781 1218.83153806 1241.39486907 1299.60779107
 1332.46372394 1376.58165571 1506.10859299 1523.95093843 1533.73024186
 1677.11267011 1811.21496006 1812.72552211 1816.11057842 1874.92306526
 1917.7294677  1940.97059664 1941.19666261 1947.94174199 2029.15619366
 2116.50769323 2119.67081689 2120.23984848 2122.21660911 2190.38876732
 2198.42154276 2210.05640718 2210.34273964 2210.95397111 2212.89713183
 2254.30380522 2259.97488788 2293.98385056 2300.21459817 2300.39916427
 2309.23183727 2313.87668973 2320.6243691  2323.20146122 2335.27559097
 2345.54165958 2357.14542409 2372.86180937 2379.0546571  2379.12595688
 2383.44391035 2393.69654566 2431.46603018 2431.59429645 2457.35038436
 2466.08492432 2473.19310259 2474.47116535 2478.68945245 2483.26857178
 2495.69620045 2498.22419272 2516.27057087 2517.29916772 2517.9180325
 2518.14476514 2520.39365826 2524.8723779  2569.94010676 2585.77625834
 2587.57478617 2587.91765179 2589.00301514 2592.36017154 2602.14337496
 2612.42714352 2634.57580913 2636.21650411 2641.70678732 2648.20370079
 2659.1013008  2672.55859298 2681.82259799 2690.78293726 2696.23832058
 2696.42615334 2711.32404112 2711.68110669 2711.72837321 2734.25967099
 2734.84613586 2737.56289422 2738.37015842 2739.9121537  2743.78087521
 2802.47322908 2808.25051141 2824.39012873 2824.82642739 2841.87597526
 2869.85568971 2879.66189306 2895.33324514 2897.96483709 2899.7929315
 2904.58238352 2906.73407694 2911.49449572 2920.47986825 2962.46103988
 2966.82555987 2966.88709301 2968.99911989 2970.99098046 2989.89038934
 2990.00825565 3026.46377751 3054.00249331 3059.3885435  3080.98147748
 3101.20548231 3103.98614047 3106.7444987  3112.65921395 3161.96816318
 3163.0508932  3177.91778107 3179.87124177 3207.75488984 3233.11564563
 3253.47028339 3262.19375672 3271.10969612 3294.30605853 3297.00455028
 3297.56888188 3298.28511303 3303.5920968  3304.58082711 3305.64309053
 3312.87133509 3314.74962935 3335.14350032 3348.03396091 3354.67387394
 3355.16327244 3356.46120181 3361.33945356 3362.28018401 3374.37231371
 3375.18851121 3381.07302655 3381.70112463 3385.80141209 3386.82100898
 3398.94580523 3411.62183314 3417.72371448 3418.9497774  3424.90169254
 3486.44740435 3491.33152275 3494.65871257 3500.39009505 3500.53746126
 3501.22162584 3503.90175098 3504.41181608 3520.07213487 3547.71521701
 3548.7094473  3570.81781303 3580.06888475 3586.35393219 3595.19670516
 3610.95819029 3619.89686296 3623.71828461 3624.13874999 3631.96272607
 3639.81980204 3653.87105908 3676.38145692 3681.59197432 3681.67487406
 3681.87084013 3682.71500422 3695.25499921 3703.4223409  3727.85733285
 3728.23823169 3729.37346155 3729.54139437 3734.66204538 3734.75061177
 3738.02150177 3749.95646528 3761.91789537 3787.12741829 3791.93077027
 3795.62295898 3808.41075321 3814.02166939 3814.04980263 3820.8845484
 3827.64659439 3833.87117536 3856.10020739 3856.11450734 3862.2436886
 3862.50645447 3865.67854477 3869.0802677  3875.60804774 3897.5111141
 3916.20965692 3923.33773513 3925.29412915 3926.89189093 3933.48007078
 3947.26912862 3960.08978942 3965.2726069  3973.82701408 3977.55760267
 4010.05653663 4022.41346552 4027.56848309 4033.82893061 4033.93199696
 4048.34618622 4051.20814414 4056.54162783 4059.47241887 4073.75074187
 4081.71438419 4084.75240823 4096.56850544 4102.0218221  4102.48988733
 4116.36067825 4117.95767337 4123.9872216  4124.39325369 4124.70505274
 4129.62487103 4131.96743053 4132.23392972 4135.99255156 4138.28491121
 4148.70587935 4157.43675265 4176.23689517 4179.17995284 4189.6340542
 4206.10633717 4212.89584974 4219.8328952  4221.14702451 4221.16452446
 4227.44480526 4230.59272896 4232.15669085 4234.58868341 4239.72306771
 4239.8695006  4241.92749431 4244.32935363 4248.30064148 4249.60680416
 4254.07225717 4265.08065684 4266.54905235 4266.87858468 4266.9366845
 4268.36828012 4272.46710092 4274.22092889 4286.5152913  4286.65505754
 4289.58311525 4292.99213816 4297.18525868 4298.52625458 4306.12633134
 4314.36263949 4329.10519441 4330.11949131 4339.12363044 4340.09092748
 4342.21832098 4349.49579873 4351.37269299 4353.18392078 4353.53351971
 4362.08409357 4375.30678647 4385.07368994 4387.69981524 4395.68719082
 4405.45316096 4405.94509279 4407.2813887  4420.17358261 4428.0585585
 4437.42262987 4447.60926539 4456.16423923 4462.84558547 4465.54264389
 4466.11427547 4466.17850861 4467.28020524 4468.91340025 4475.60711311
 4484.59478563 4490.97333279 4494.18858963 4494.67295482 4497.1733805
 4498.17351078 4502.29339818 4513.24633136 4518.94434727 4519.46661234
 4527.91448651 4534.00446788 4536.09572816 4549.04495523 4573.39148078
 4580.22339323 4587.30663823 4596.79880921 4600.70789726 4603.32105593
 4619.49220649 4628.1664133  4632.83743235 4637.74568401 4642.54963598
 4642.88603496 4675.38353559 4676.25943291 4687.26169927 4688.38996248
 4688.88249431 4690.39705635 4693.84717913 4701.57932216 4705.41511043
 4709.29569856 4712.23128958 4713.34691951 4713.84341799 4715.81911195
 4716.08981112 4718.70863645 4719.32763455 4720.07333227 4724.20325298
 4728.88310533 4729.3951371  4730.65223326 4732.26416166 4734.77272066
 4734.83502047 4739.3378067  4739.9702381  4746.14561922 4749.96800753
 4755.79382305 4756.41882114 4760.4216089  4766.2963576  4766.98658883
 4766.99075548 4785.89609767 4787.32532664 4789.97565186 4790.09011818
 4790.81994928 4799.2642568  4800.9639516  4801.68298273 4802.10951476
 4812.23125048 4812.32011687 4814.9947087  4824.90794505 4828.45970086
 4828.58490048 4829.61816398 4835.56131248 4836.17164394 4845.76224795
 4848.52370617 4854.15028897 4857.26044613 4869.56887516 4869.66910818
 4870.21197319 4870.43037252 4876.46125408 4878.39184818 4878.54124772
 4890.13611227 4897.15229082 4897.74052235 4900.82691291 4902.10377568
 4912.75214312 4913.30044144 4918.48135893 4930.80842124 4936.52550376
 4948.81306619 4956.17167702 4962.37072473 4963.69235402 4971.38939715
 4971.6910629  4983.55222663 4989.8512407  4991.0726703  4994.77795897
 4999.66137737 5000.437375   5005.47609293 5016.51622584 5022.8505398
 5033.81857293 5057.60383353 5076.0601771  5083.95738629 5085.79928065
 5088.25177316 5092.91785889 5097.86661042 5116.97091867 5122.40286873
 5133.26453552 5133.89616692 5138.11465402 5156.68339724 5157.82589375
 5162.11068065 5170.38568868 5171.915784   5178.56783033 5192.83012005
 5199.35323344 5201.82752587 5205.27848199 5206.83157724 5207.54670839
 5210.20513359 5246.97035451 5247.89315168 5254.11199934 5254.87396367
 5256.17959301 5266.84726039 5274.61110332 5276.79606331 5278.88312359
 5282.85994477 5292.56844841 5298.41786386 5316.22297608 5316.48570861
 5324.79241655 5328.36083897 5332.33502682 5335.61641679 5337.73684363
 5339.42560514 5345.09758779 5345.29782052 5361.21027186 5362.39550157
 5367.90658472 5368.44658307 5368.91054831 5377.79212116 5385.10649879
 5400.48358511 5402.56951206 5404.92550486 5411.7697506  5417.05273444
 5420.62639018 5421.72068684 5428.95793137 5433.60568383 5434.02478255
 5443.61955321 5445.51908073 5471.0597693  5475.62068869 5493.46140081
 5501.54584275 5508.25705557 5508.43892168 5510.54891522 5510.76511456
 5513.09167412 5513.45387301 5513.71647221 5521.86181397 5522.00188021
 5524.31547313 5527.81619576 5527.98579524 5528.76355953 5529.5352905
 5529.99202244 5531.86058339 5535.97080416 5545.45377516 5549.16393048
 5557.95107028 5567.29044173 5577.54837703 5578.5060741  5582.27726257
 5582.42772877 5585.04308744 5587.50111326 5596.1552868  5600.39977382
 5602.21026828 5610.96237486 5623.18077083 5634.49103625 5636.10146465
 5636.45636357 5640.54968439 5641.80241389 5644.14300673 5645.29153655
 5665.63557435 5668.32359946 5678.94736698 5683.12818753 5683.23632053
 5705.91168453 5709.50810686 5714.78222407 5720.61510624 5743.8355019
 5748.51478759 5754.03413738 5755.08866749 5768.33592699 5773.4115448
 5773.83577684 5774.02684292 5776.55356853 5778.98119444 5783.96217921
 5793.10378459 5797.6681373  5799.73596431 5802.08345713 5803.12608727
 5808.47527092 5812.06592661 5819.45317068 5826.88864795 5827.30034669
 5829.50560661 5833.32082828 5836.51141853 5839.98647457 5845.5995574
 5863.69180208 5865.49409657 5890.69101953 5891.36418413 5893.73697688
 5894.64290744 5894.94930651 5897.26503276 5898.12879678 5902.1582178
 5904.44177748 5905.5248075  5909.12616316 5911.17839022 5915.51647695
 5915.68844309 5916.05364197 5921.51059196 5929.92559956 5933.5866217
 5937.15401079 5942.41262804 5950.59020304 5956.68808439 5959.0184106
 5966.30848831 5966.73202035 5969.41404548 5969.98797706 5972.3508365
 5973.40609994 5979.25701538 6000.41361736 6001.79154648 6006.2112663
 6013.32321122 6018.52976197 6019.69512507 6031.22172316 6044.12178371
 6052.48902479 6060.42863385 6061.59689695 6062.18399515 6064.51472136
 6064.9911199  6067.41394582 6071.25443408 6072.03169837 6085.50275718
 6094.73806228 6105.23113019 6109.25961787 6109.75331636 6114.11743635
 6115.87063099 6119.78785235 6128.29769299 6140.76742153 6157.72583634
 6161.10499268 6176.08008022 6181.10023154 6186.64711458 6200.06540688
 6200.09520679 6204.55539315 6216.29885724 6218.85284943 6220.55407757
 6227.20579056 6237.26719313 6250.21115355 6255.78416984 6255.95270266
 6257.24853203 6290.98702887 6337.43322018 6343.90143374 6346.75552501
 6351.23287799 6356.60852822 6364.9874026  6374.3057741  6380.02375662
 6380.34188898 6382.2434165  6383.96771123 6392.50818511 6402.58782096
 6406.21887652 6415.15388254 6418.12674011 6420.69139894 6425.56791736
 6438.08001243 6438.51757776 6441.88816746 6445.78148889 6468.1685871
 6468.9522847  6502.58354853 6506.51410318 6508.3060977  6542.70965917
 6542.93689181 6551.73129825 6552.46169602 6553.15136058 6554.59728949
 6576.42885607 6596.74206062 6597.16525933 6622.45821533 6626.18067061
 6638.58929933 6644.00928276 6649.26023337 6680.6152375  6752.40605132
 6761.4601903  6844.4503032  6852.19301286 6901.8906609  6942.97613527
 6943.11973483 6949.36701573 6999.2965964  7010.05053018 7012.86918823
 7017.25080816 7026.62631283 7047.32354954 7077.63915685 7078.01935568
 7114.49834414 7118.93253058 7127.40133802 7127.79940347 7128.70033405
 7132.97695431 7140.22896546 7141.05709627 7141.62412787 7145.82328169
 7172.57266657 7212.3078784  7223.68891027 7226.41763526 7244.31264721]"
311,708016_2024-04-29_B-287,GU,True,"[  49.16661456   49.72874618   50.37331087 ... 7239.01063009 7261.62199428
 7263.38418889]"
312,708016_2024-04-29_B-290,GU,True,"[ 346.35757251  405.50785831  444.4383726   511.67413368  606.73477635
  895.91149213  900.23507891  901.43127525  903.94586756  913.10493956
  975.19034972 1043.52740743 1054.7542731  1098.49667268 1130.45254164
 1172.23941386 1205.02741361 1240.71950447 1247.39048407 1257.95701843
 1286.88596331 1287.54026131 1412.5054792  1478.45267755 1480.72417061
 1529.39155513 1545.27640656 1553.35531519 1567.49847194 1625.62366088
 1939.20293538 2030.67218902 2032.00858494 2033.38894738 2119.71288343
 2120.88937983 2121.17557896 2127.02526107 2209.89740767 2210.09390707
 2288.17653498 2298.93413542 2299.80836608 2313.09785878 2342.20300312
 2342.88670103 2361.56584391 2379.25468982 2380.97158457 2381.61558261
 2384.42810734 2406.62757279 2429.17657051 2429.41506978 2460.90544016
 2481.54841037 2482.0296089  2487.03669359 2495.5356676  2530.14216179
 2587.54908625 2594.51046497 2602.349841   2639.87909291 2640.00012587
 2641.56502109 2664.06258563 2675.76974983 2713.05226917 2727.93029034
 2734.3115375  2739.51838824 2740.69571797 2743.93014142 2749.23239187
 2749.52469098 2750.26488871 2771.46249057 2802.53592888 2802.86339455
 2811.8075672  2814.21302651 2815.23305673 2829.29304707 2832.26393799
 2890.58685965 2890.59719295 2896.60800791 2897.04497324 2898.93216747
 2903.6406864  2904.08841837 2904.45088392 2905.12428187 2906.6834771
 2907.29497523 2909.22450266 2911.62802865 2915.28145081 2918.04764235
 2923.53479224 2928.20977794 2934.32265925 2938.09044773 2939.13041122
 2967.66695729 2967.6869239  2968.52358801 2975.98053187 2984.20310673
 3009.76186191 3012.57968663 3023.29665386 3033.5846224  3053.45536165
 3067.14581978 3094.39196981 3101.18184904 3112.10621564 3122.94171584
 3129.39052946 3129.91756118 3138.70960096 3140.28892947 3143.57348609
 3147.82983974 3158.24397457 3180.66677267 3188.37921575 3192.96373507
 3194.10579824 3202.64427213 3233.03104589 3233.52731104 3248.91559732
 3252.11812086 3260.68682799 3296.8645507  3359.26399324 3360.31172337
 3374.11574782 3382.85398777 3382.91288759 3383.16728681 3389.70756682
 3392.18939256 3392.41812519 3395.31108302 3398.83307225 3409.18734059
 3423.08789808 3426.68468708 3452.50257481 3459.19765434 3466.03253344
 3469.79198861 3473.14124503 3492.64751872 3499.14359886 3506.04267776
 3506.95914163 3520.41160049 3525.76051747 3528.28437642 3545.70972314
 3549.896577   3553.98563117 3556.71808948 3568.98001865 3570.22041486
 3575.94789735 3579.28252048 3579.34972028 3581.97234559 3582.66907679
 3588.65919181 3589.44755607 3593.56311015 3604.08924463 3604.6006764
 3606.55633709 3619.12229866 3631.45686095 3662.40823298 3675.74985885
 3681.9479399  3690.48674712 3690.74687966 3699.24945366 3719.31845896
 3719.36649215 3727.44360078 3729.64999404 3733.70111498 3735.54030936
 3735.80940854 3736.40464005 3750.74962952 3766.61644767 3782.72703174
 3783.18826366 3784.94112497 3786.82288588 3791.97170347 3800.72471004
 3807.66525549 3814.06383592 3814.255202   3824.36433776 3837.90166303
 3854.22234646 3855.65080876 3855.78504168 3860.81242631 3861.8412565
 3861.88998968 3861.92358958 3865.63947822 3867.57743896 3870.39246369
 3876.76294421 3882.31286057 3888.33637549 3891.74756505 3892.59426247
 3895.48498696 3897.86264636 3903.26772983 3904.0744607  3925.59442823
 3928.85468493 3929.28998359 3945.3565678  3947.9831931  3951.87684786
 3953.38560992 3957.88909615 3981.76005649 3982.22262174 3994.58878393
 4006.42308108 4020.3790384  4022.93363059 4027.71394931 4029.98777569
 4030.69130687 4041.72540647 4043.50783435 4044.92536335 4046.43142541
 4055.13496546 4058.41102211 4072.42367927 4073.36570972 4081.38615186
 4081.41515177 4101.42559059 4102.84438625 4110.37442989 4113.96311892
 4123.52522301 4130.48056841 4132.86546112 4137.77601277 4140.48807114
 4141.05206942 4152.94029974 4156.38302254 4158.08955066 4161.10487477
 4165.7730605  4167.33275573 4196.62839948 4196.9814984  4210.77952288
 4213.030416   4214.1844458  4230.26019665 4234.51591697 4240.32673253
 4250.98006663 4253.6164919  4253.84262454 4255.22965363 4276.99075376
 4278.4822492  4280.10314424 4281.35390708 4288.54748509 4289.15521656
 4289.45014899 4290.84654472 4299.16931928 4303.35227315 4324.5826749
 4327.84783159 4328.49882959 4328.7159956  4362.17962661 4363.09369048
 4389.76264227 4398.94964751 4403.85406585 4415.0557316  4419.08458594
 4420.44384845 4420.84584722 4421.25117932 4422.75200806 4428.50765713
 4433.58200828 4433.80567426 4454.54091086 4461.41992316 4462.58841959
 4465.02801213 4478.88473642 4480.46933158 4491.19979877 4492.80466053
 4494.41648893 4496.5103492  4500.57580343 4521.26187351 4524.92622898
 4525.49009392 4527.77648693 4528.82455039 4545.84559834 4547.13656106
 4563.75347692 4569.18819364 4573.1343149  4594.55091608 4599.8535332
 4613.3715252  4632.40960032 4632.55826654 4636.39235481 4638.79898079
 4640.48530896 4652.36640597 4686.43840179 4688.26482953 4688.8434611
 4693.85124579 4707.86136961 4711.27682584 4714.90311475 4722.39279185
 4731.32796453 4734.48712153 4736.87431423 4748.5934784  4763.54329935
 4763.9546981  4768.5973839  4770.1240459  4775.00349765 4790.82014928
 4795.02823642 4805.09383897 4809.93212418 4811.76831856 4813.44411344
 4820.35762563 4821.88885428 4822.28385308 4857.03741348 4869.08887663
 4869.294776   4872.97433141 4873.64949601 4921.21675057 4929.09719314
 4936.90640259 4937.32153466 4939.31806188 4940.82345728 4943.10951696
 4945.00581116 4947.94470217 4948.01726862 4952.95448686 4963.35388839
 4964.58361796 4965.40648211 4972.50852706 4973.25902477 4984.80962278
 4992.9710645  4998.90867967 4999.61137753 5004.94872787 5006.90928854
 5011.340175   5070.09672867 5073.60665127 5077.18770699 5078.9370683
 5081.91372587 5082.64122364 5086.17054619 5097.02804632 5102.98112812
 5106.31235126 5108.78357704 5108.98940975 5114.31659346 5117.12108488
 5117.51121702 5118.52644725 5121.40313845 5135.99209385 5137.00592408
 5139.51501641 5141.30207761 5141.66324317 5142.28664127 5145.87556362
 5149.45385268 5157.2548955  5157.99095991 5177.79146604 5180.17769207
 5196.42924238 5205.31038189 5207.25377595 5210.29803331 5246.86022151
 5248.00488468 5253.66080072 5271.50744615 5283.55774263 5284.0470078
 5284.62613937 5298.57633004 5304.89281073 5307.00337094 5313.30458501
 5324.54001732 5327.85937384 5334.46538697 5341.47539887 5342.27489643
 5352.91179723 5356.56928605 5363.41909844 5366.40145599 5372.62647029
 5378.07055364 5378.60608533 5380.77057872 5382.40720705 5387.98915664
 5390.41864922 5407.62636327 5411.77961723 5417.01670122 5418.46333013
 5418.96096194 5427.09180375 5428.45826623 5438.90836761 5441.27756037
 5451.00716395 5469.97387263 5470.80627008 5471.23193545 5514.00030467
 5567.72697372 5568.28037203 5568.3112386  5584.27045647 5590.34933788
 5600.42254042 5621.54137584 5630.22278263 5650.89735275 5657.32969974
 5696.31078055 5700.32693494 5709.10010811 5709.46724032 5709.50960686
 5709.85060582 5724.90195979 5727.8214842  5745.66202965 5750.54691471
 5755.68173235 5776.11853652 5791.65685568 5804.86574862 5819.31200445
 5842.6344998  5878.17605779 5879.48542046 5902.70471613 5962.159801
 6012.44634723 6017.78213092 6018.72046138 6022.53991637 6024.08614498
 6024.40717733 6026.81820329 6029.10372963 6033.60038255 6037.56570376
 6059.10730456 6075.3583882  6108.72925283 6163.34341917 6178.83450513
 6285.63017858 6285.7867781  6290.68919645 6299.98613469 6331.53707155
 6333.96323079 6344.43009879 6347.06809072 6352.33544128 6361.54621312
 6365.72053369 6371.06745067 6389.92499301 6390.89092339 6393.11821658
 6396.24440702 6404.03821652 6437.67361368 6472.451574   6472.97280574
 6483.63097315 6484.98400235 6494.3426404  6494.47120667 6496.29116777
 6503.36041283 6509.9103928  6513.90934724 6514.6308117  6518.89669865
 6525.30117907 6531.93022547 6554.64192269 6575.88812439 6590.24031384
 6620.73822058 6635.03487687 6639.47939661 6644.13528238 6660.35039946
 6678.09321188 6693.30336537 6776.53017755 6796.31798371 6821.72537269
 6843.10697398 6890.67092854 6930.87713894 6933.44483108 6936.80152082
 6936.9927869  6942.44607023 6942.79173584 6967.90279239 6990.62182292
 7000.45135953 7038.06504452 7045.3428556  7126.75773999 7168.35774612
 7211.86444642 7250.86406051 7270.66706662]"
313,708016_2024-04-29_B-291,GU,True,"[  47.63435258   49.22558105   54.75669747 ... 7190.78384422 7191.66617485
 7205.45519935]"
314,708016_2024-04-29_B-295,GU,True,"[  19.42993882   19.53690516   19.64873816 ... 7269.37500391 7270.42900068
 7271.69086349]"
315,708016_2024-04-29_B-298,GU,True,"[  23.71439239   32.017367     33.14476355 ... 7272.2206952  7273.07089261
 7274.4901216 ]"
316,708016_2024-04-29_B-299,GU,True,"[  19.4170722    19.73820455   20.02547034 ... 7273.55342446 7274.05902292
 7274.07322287]"
317,708016_2024-04-29_B-300,GU,True,"[  99.87352618   99.88092616  137.04974584 ... 7244.59084636 7244.59957966
 7271.17526507]"
318,708016_2024-04-29_B-302,GU,True,"[  19.87873745   20.16350325   20.59023528 ... 7274.05822292 7274.32232211
 7274.46128835]"
319,708016_2024-04-29_B-304,GU,True,"[  20.32720275   20.34546936   20.43010243 ... 7273.56192444 7273.72139062
 7274.16275593]"
320,708016_2024-04-29_B-308,GU,True,"[  19.56063842   19.57873837   19.65957146 ... 7273.21202551 7273.75775717
 7274.98682008]"
321,708016_2024-04-29_B-309,GU,True,"[  20.38443591   35.87178855   40.92123978   54.48543163   58.4747861
   67.97075707   70.20011692  116.4610088   127.16160941  142.80602824
  164.4470954   176.61619153  186.27372866  238.01907044  252.53159273
  258.38144151  288.7146821   303.17440455  305.17359844  357.19227271
  424.23126772  435.11386778  435.22696744  501.77219729  525.17785906
  526.3427555   535.48489421  538.6504512   549.84845029  564.77743797
  586.16530591  633.88909332  643.80192967  663.18093709  664.60123274
  675.32659995  682.71054404  687.48359611  709.98729396  712.62841922
  719.53843143  722.68362181  746.52478224  781.98307382  786.93739201
  797.32199359  807.31926302  813.69497686  815.50907131  826.59570408
  882.0759011   895.78659251  937.24143242  957.48937051  962.1480896
  979.74820245 1007.95871619 1023.07353664 1036.58476199 1042.48104396
 1059.41875884 1092.80289009 1117.37211497 1117.71968057 1127.33771783
 1129.64484411 1137.59981978 1167.67082783 1185.45334013 1193.5298821
 1197.9999351  1209.84523221 1211.00572866 1211.09732838 1213.12108886
 1236.46045083 1237.41618124 1251.8413038  1308.72746319 1333.15052184
 1333.9508194  1353.52462621 1359.20340885 1369.33241121 1379.97327867
 1384.0749328  1397.42905863 1430.42119108 1434.35564572 1451.99869177
 1465.69201657 1475.01822139 1475.44552008 1504.23566538 1538.86289283
 1558.27760014 1651.80468082 1659.94478927 1661.21948537 1665.56430542
 1672.13751865 1805.53307743 1863.48796689 1903.07361252 1922.50325311
 1940.05553277 1945.51871606 1945.53154936 1947.91874206 1949.83053621
 1957.05521412 1978.73154784 1989.5166482  2008.55818997 2030.37685659
 2038.03536651 2097.56561782 2119.78121655 2120.10008224 2180.08349883
 2182.86282367 2189.185671   2201.05103472 2211.02903754 2215.08552514
 2254.41527155 2284.01254771 2285.65290936 2292.9010872  2293.62798498
 2298.82656908 2318.66594175 2331.86533473 2332.13030058 2337.26238489
 2343.78433162 2347.90255236 2351.26174209 2368.8079551  2401.62185476
 2430.68243257 2449.85367395 2453.63722905 2458.01714899 2483.96530298
 2485.33416546 2485.91109703 2487.41932575 2526.46043971 2589.38051399
 2591.55264068 2593.21696892 2637.74953275 2638.59343017 2685.65698627
 2697.00461824 2720.39194672 2735.39780084 2752.71711455 2755.9720046
 2774.31691517 2790.5710988  2798.27040859 2805.63038609 2815.34538972
 2834.65019736 2891.56122334 2893.01035224 2899.78049821 2909.32990234
 2914.96235178 2915.90498223 2915.97901534 2916.61794672 2922.45886219
 2930.0223724  2967.87832332 2973.56153927 2986.25270046 3041.7405308
 3044.35785613 3055.45842219 3056.59885203 3060.87613895 3094.87786832
 3095.3330336  3098.02679203 3131.33252352 3165.54595224 3181.53800334
 3194.89086251 3201.53944218 3202.51637253 3205.62306303 3207.49642397
 3211.03861313 3224.82973763 3227.02916424 3234.6836075  3235.39343866
 3259.48079835 3268.54743729 3340.70951664 3342.04011257 3343.4470416
 3366.17497211 3366.40973805 3366.74263704 3374.99344514 3381.05042662
 3385.54674621 3386.9334753  3390.73653034 3394.21718636 3411.04806823
 3412.48629716 3413.08069535 3413.23259488 3419.42130929 3426.25455507
 3437.01302217 3438.39311795 3452.85124041 3456.2008635  3457.95049148
 3462.15387863 3466.46299879 3494.9654783  3495.86717554 3502.71358794
 3521.27726451 3525.27718562 3531.83536556 3586.26869912 3590.03082095
 3595.27110493 3663.68659573 3663.77186214 3664.96122517 3665.11682469
 3674.17593033 3675.42072652 3683.24706926 3685.0206305  3689.92494884
 3690.68554651 3691.22004488 3706.30806541 3718.30849538 3728.38046458
 3729.16892884 3758.53780571 3779.08954286 3787.874416   3815.09533277
 3858.85623229 3890.2717029  3898.06607907 3905.56698947 3912.56583473
 3954.17387417 3994.48928423 3994.60751721 3996.94937671 4008.9778066
 4023.35892929 4036.92008783 4039.20914749 4077.38743075 4077.40249738
 4081.96008344 4084.03001044 4089.21632792 4105.11297931 4106.24254252
 4109.93963122 4110.56726263 4111.97255834 4113.5653868  4116.45081131
 4117.86660698 4118.26953908 4127.77154336 4136.72214933 4138.57101034
 4151.95410275 4152.35093487 4165.35566177 4172.21640746 4180.94538077
 4191.06534983 4197.11286467 4198.68055988 4205.99577084 4229.44029915
 4247.94740923 4248.25480829 4255.09995403 4255.55508597 4264.96672386
 4266.87671802 4268.13648083 4269.29574395 4276.06378993 4331.30768767
 4351.36835967 4371.48586482 4405.42249438 4407.37528841 4407.47405478
 4407.58402111 4408.44011849 4421.5948116  4463.56344994 4465.84990961
 4472.42972283 4472.67908873 4480.66296432 4481.19792935 4486.75021237
 4500.52173693 4501.55160045 4538.60282049 4544.87383465 4545.92423144
 4558.3629934  4574.68727682 4579.66729493 4579.76182797 4584.37764719
 4625.04318951 4643.12600089 4647.61032051 4655.92339509 4665.74783172
 4668.86682218 4685.14363908 4686.21280247 4696.15053875 4700.58835852
 4702.57288578 4709.08309921 4709.14706568 4713.62188533 4714.45998277
 4716.89200867 4721.48746128 4722.71779085 4724.22335292 4724.98911724
 4730.26610111 4731.4328642  4735.69215118 4739.93003822 4744.27432494
 4753.38516375 4753.62186302 4755.17975826 4779.7055166  4789.75375254
 4789.81318569 4794.84443698 4795.59430135 4797.69759492 4819.29716221
 4819.66812774 4841.94459296 4858.65197521 4858.81414138 4859.58003903
 4860.05417092 4860.53436945 4861.17436749 4862.72502942 4865.07972222
 4869.85234096 4890.7899436  4893.84683426 4908.18349042 4916.92139703
 4927.84863029 4931.867118   4936.62440345 4936.98643568 4938.49006442
 4956.13737712 4959.1745345  4960.4516306  4961.28759471 5022.97310609
 5070.7610933  5071.74012364 5072.09952254 5072.22438883 5086.14334627
 5092.34949396 5119.39817792 5131.87473977 5152.70604274 5195.70014461
 5254.77413064 5277.70336053 5287.8949627  5300.53752405 5310.40916053
 5316.71367458 5319.63203233 5326.56294447 5331.7195287  5333.67572272
 5333.9443219  5338.43257484 5339.05453961 5340.81903421 5345.84988549
 5369.95694511 5385.6386305  5391.09198049 5415.35930629 5419.38159399
 5422.431818   5437.31510582 5454.97721848 5455.63044982 5473.84062747
 5490.49437655 5491.18930775 5497.46902189 5497.62818807 5498.0762867
 5536.87316807 5540.45932377 5543.32011502 5546.43883882 5557.18853928
 5558.33133579 5572.03842721 5623.5063365  5641.56994793 5647.90339523
 5651.93734957 5655.11270652 5672.84368564 5674.15008165 5675.35971128
 5678.33583551 5687.37084122 5698.47177394 5709.0175417  5710.45903729
 5718.55397921 5719.56650944 5722.76289967 5754.88666811 5757.0708281
 5761.87724674 5765.27263635 5793.45215019 5819.9158026  5876.36173001
 5885.60456841 5887.04016402 5903.58674676 6008.98189116 6014.02110908
 6060.54613349 6084.83882588 6109.59191686 6119.1914875  6128.64665859
 6248.95619072 6257.60346428 6283.53448499 6294.78668392 6381.95125073
 6443.37439625 6443.5425624  6455.56345898 6463.59780108 6471.73474286
 6474.02440253 6495.6827363  6497.6674969  6507.10790137 6600.8612147
 6630.04129214 6639.56219636 6698.10348402 6705.29469537 6708.94275088
 6744.73644143 6785.61454977 6790.46773493 6792.77902787 6792.80636112
 6822.93613565 6837.44379129 6852.47307867 6863.05504632 6865.15517323
 6870.89168902 6873.44981453 6884.97741262 6890.8595613  6896.17867837
 6928.66521237 6929.2308773  6930.42810698 6934.28379519 6946.33749166
 6963.08577378 6969.99345266 6985.05990659 7002.46918669 7027.49327684
 7044.70252422 7047.85374792 7049.41987647 7052.58996677 7055.93615654
 7057.06068644 7070.37681239 7075.39376371 7079.42921804 7097.88869493
 7109.60539244 7112.62938319 7119.38866252 7124.86774577 7142.46939195
 7190.11754625 7194.77546534 7198.08178857 7202.02384318 7234.12481169
 7244.34451378 7258.19857141 7260.55879753]"
322,708016_2024-04-29_B-311,SSp,True,"[  94.54590914  109.47883015  109.49779676 ... 7269.02240498 7269.20627109
 7269.42843708]"
323,708016_2024-04-29_B-315,SSp,True,"[ 111.84328958  203.93800798  242.65815626  245.13441535  301.64007591
  314.04617131  333.04464655  361.92985822  385.01712096  387.80024579
  396.22955335  414.77956329  439.79415347  444.6452053   446.63923254
  458.70989563  466.84113744  473.73588302  506.66368234  517.54354907
  540.41381247  543.10097092  557.43176044  576.62680174  617.47791017
  670.57648114  759.01434405  781.95984056  792.46850843  818.15426322
  873.44789415  874.83352325  910.00084905  912.83924037  922.52887741
  925.99066682  958.74736666  992.7365294   994.97488922  996.10325244
 1037.75399175 1081.6487242  1109.17484003 1126.8760859  1141.08984244
 1161.48168009 1214.06105265 1263.60350117 1270.86254564 1289.67362145
 1298.56172761 1353.44922644 1360.96970345 1379.13508124 1474.24139043
 1479.75717356 1542.03884979 1544.57730869 1546.46673625 1572.20485755
 1597.02004834 1601.60636765 1707.57081031 1744.40626434 1774.35173944
 1803.26088438 1819.66553422 1833.52312518 1911.01342157 1943.35462268
 2017.20569687 2028.39519598 2034.15224505 2034.98870916 2037.97806668
 2046.29620792 2064.22935308 2067.22217726 2113.63016869 2119.68361685
 2127.2876936  2136.1059333  2141.3826505  2165.54520995 2166.25727444
 2235.47662946 2264.73117334 2265.37763803 2284.19331383 2289.94202958
 2366.13369661 2387.40776489 2403.1156502  2405.53090948 2406.31700708
 2408.70059979 2410.53289418 2411.44955805 2463.3342994  2473.92880034
 2507.0042992  2520.34485841 2520.77125711 2546.88454393 2554.0977552
 2604.80643348 2608.55122203 2620.23498631 2650.66095994 2660.1143977
 2674.54388691 2718.3066531  2721.3053106  2756.62936925 2768.18666725
 2790.81379806 2812.70276446 2830.60644305 2847.83695703 2859.12082253
 2866.14553438 2868.02472864 2870.1737554  2895.73294392 2895.97290985
 2897.73090447 2909.12896962 2918.65417383 2926.04785122 2934.63529163
 2965.73346321 2970.07061661 2974.30507033 2996.39343612 3023.2946872
 3028.13670573 3045.13858708 3046.73644886 3052.89393003 3053.69042759
 3074.58733036 3080.36014604 3082.11930733 3083.9830683  3086.85442619
 3101.16054911 3107.46299651 3192.83833545 3193.13000123 3197.27475522
 3202.98643776 3215.27920017 3216.01209793 3220.4781176  3225.27843626
 3228.3401269  3229.86402224 3236.91110069 3262.67232192 3267.01947529
 3275.02951747 3275.92131474 3294.69125735 3294.95098989 3312.06410423
 3329.1125521  3335.42216614 3342.8485101  3351.0888849  3353.21057841
 3359.60135887 3368.12746613 3378.67610055 3381.54049179 3409.80510536
 3413.72576004 3423.05633151 3425.27252474 3429.54161168 3446.57452627
 3483.47654676 3487.79683355 3501.02139312 3506.49267639 3513.96308688
 3521.45226398 3539.57920855 3547.77975014 3551.93277078 3552.08347032
 3553.78289845 3556.220791   3560.66944406 3573.28803881 3579.85345207
 3588.76749148 3596.46226795 3598.34209554 3604.93157539 3610.57882479
 3610.81702406 3630.42059745 3635.01255008 3647.19264617 3674.96796124
 3681.70967396 3682.86463709 3699.34862002 3701.41458037 3717.78919697
 3719.80772413 3727.78243308 3738.11123483 3743.55461819 3747.31727335
 3749.69219942 3750.08346489 3758.72033848 3775.18268814 3781.32513603
 3821.89621197 3825.80850001 3838.86569342 3849.68222701 3851.4953548
 3857.73993571 3870.65749621 3874.11811896 3895.23412106 3899.01754283
 3903.33386296 3904.86845827 3910.47990778 3913.48843191 3921.1462085
 3931.51971011 3935.05743263 3972.82905046 3973.67734787 3974.78224449
 3975.83710793 3980.9498923  3983.49638451 3987.45783907 3994.021419
 4035.88022434 4037.90831814 4038.03748441 4047.75095471 4051.42411014
 4069.66062105 4083.12454655 4083.30657932 4089.87035925 4109.46249935
 4110.76506203 4114.6125836  4124.81265241 4131.42379886 4136.13808445
 4136.27608402 4143.10569647 4146.97398465 4151.02387226 4158.40524969
 4158.84748167 4164.25566514 4172.4991066  4173.47293695 4181.17941339
 4181.6887785  4182.65444221 4187.35112785 4190.52448481 4191.13961627
 4193.62310867 4195.914235   4196.22180073 4199.25169146 4200.74852022
 4207.19160052 4210.96055566 4212.593984   4213.17671555 4215.14580953
 4215.754141   4215.78477424 4223.01781879 4228.84666764 4240.67153148
 4242.68205866 4243.35988993 4257.88707884 4270.44480711 4296.43966096
 4318.92232554 4329.51439316 4341.36575692 4342.51118675 4350.85139458
 4352.99775468 4355.56181351 4359.92510017 4363.95375452 4369.1474053
 4375.47968594 4376.83828179 4378.15554443 4390.95930528 4393.19339844
 4414.08923455 4421.0930798  4422.84707444 4429.96121935 4431.95517992
 4433.19827612 4439.7034229  4446.32320266 4446.56643524 4466.06850895
 4487.24641086 4498.54360965 4516.12648922 4518.2808493  4525.68655998
 4528.35188517 4538.52505406 4546.78992879 4551.3435482  4555.70166821
 4570.84445524 4573.79341289 4574.16424509 4585.6493433  4603.02589017
 4610.85243291 4617.9411779  4621.14033478 4622.38956429 4623.19052851
 4623.86782644 4630.00540767 4639.60507832 4642.47093622 4650.0769463
 4664.73490148 4665.07296711 4666.00513093 4670.62371681 4680.698686
 4684.57464082 4690.92715473 4691.89055178 4698.96193016 4714.35411643
 4714.56968243 4727.83937519 4728.40824012 4729.03540487 4729.21443765
 4738.6061756  4741.45413356 4746.06721946 4748.10464656 4756.4107545
 4762.93056789 4763.24860025 4785.0807335  4790.59061665 4802.68737966
 4804.62084042 4816.82713643 4821.86225436 4830.83896025 4838.2364043
 4845.14714983 4854.36468831 4857.3350459  4859.10840714 4859.47447269
 4860.05017093 4861.86619871 4870.54480551 4875.36725743 4908.79948854
 4911.95731221 4922.27254734 4936.58807023 4940.40535856 4941.0133567
 4941.93092056 4943.09345034 4944.05068075 4948.01543529 4948.15243487
 4963.37928831 4966.44611227 4969.50616958 4973.26712475 4996.95555231
 5011.08694244 5011.87024004 5018.59428615 5024.8897669  5039.51532218
 5040.85791807 5046.8107332  5050.04188999 5053.16984709 5061.82032064
 5075.70797818 5076.7678416  5079.3848336  5085.43978175 5085.67398104
 5085.89101371 5098.54030836 5102.4528964  5111.95093402 5112.17116668
 5112.93253102 5117.44091724 5124.67192846 5134.58253149 5137.55078908
 5157.67726087 5160.59268529 5167.18709846 5178.42679743 5179.53922736
 5186.17054041 5196.37567588 5197.70703847 5203.86371965 5208.09967336
 5208.79750456 5213.51202348 5220.37080251 5221.297933   5224.8426555
 5228.26964502 5237.11978463 5237.70128285 5242.22323569 5258.8971847
 5264.39780122 5273.42600695 5273.51160668 5287.56879703 5288.27869486
 5288.53446075 5288.93482619 5291.36351876 5302.12968584 5302.81648374
 5318.16207016 5324.8749163  5328.32520575 5328.42280545 5330.55079894
 5342.72766171 5364.98259366 5369.71294586 5375.73562745 5380.00594772
 5380.4697463  5399.9173535  5404.25227358 5412.28368236 5412.71114772
 5418.68942944 5418.71699602 5430.87185885 5437.12757306 5438.73496814
 5449.43456876 5461.41663212 5465.79048542 5483.93112995 5484.67456101
 5488.06241732 5490.31557709 5495.77249374 5499.9834142  5501.80767529
 5514.52013642 5518.36485799 5532.88088027 5533.33104556 5537.00680099
 5537.71903215 5545.26994239 5545.36410877 5548.02260064 5548.53579907
 5551.44035686 5554.95107946 5561.40765971 5576.71347958 5577.24614462
 5587.18691422 5589.70790651 5592.72796395 5595.78482126 5596.27211977
 5597.0491174  5600.16154122 5600.67703964 5601.33243764 5626.29659464
 5628.78378703 5631.5082787  5641.09921604 5644.78813809 5666.61780468
 5691.91192734 5696.62231293 5701.68983077 5702.50339495 5714.91849032
 5720.00067478 5724.06452902 5736.30899158 5738.38008525 5751.10674633
 5754.4308695  5759.48112073 5761.37324828 5762.73167746 5762.87974367
 5770.96248562 5789.24539638 5791.6815556  5795.00777876 5819.1979048
 5830.0208717  5830.76836942 5849.39491246 5869.06075233 5876.75182881
 5880.99364918 5884.02067326 5884.67677125 5889.48965653 5897.71779804
 5898.90089442 5905.36634132 5930.5885642  5932.47159177 5940.56106704
 5950.80676904 5995.70229843 5998.94048853 6005.19053609 6014.39150795
 6015.0852725  6019.06679366 6029.93889375 6046.92254182 6055.42114916
 6061.75749645 6065.93408368 6066.55174846 6078.58267834 6088.51591463
 6089.18827925 6108.88315236 6109.7099165  6111.31704492 6111.70801039
 6113.40740519 6115.87066432 6120.7532494  6122.45894418 6123.42910788
 6124.96056986 6136.95316653 6140.45018917 6152.23198648 6153.91478133
 6156.52350669 6159.58809732 6172.91218991 6176.39124594 6183.92928955
 6197.86184695 6223.92900058 6225.29502974 6236.78379461 6239.61395262
 6245.98986646 6252.08491449 6258.14822928 6273.09205025 6275.5617427
 6277.57796987 6281.80265695 6283.45011858 6286.20434349 6291.05672866
 6292.6111239  6303.05489197 6306.06038278 6310.77776835 6315.19562151
 6318.31701197 6323.14059722 6331.68523776 6334.09256373 6334.37336287
 6344.94096389 6348.51261964 6351.88230934 6357.19072644 6371.75981522
 6374.24540762 6381.67255158 6382.6036154  6385.5142065  6387.59023348
 6392.11325299 6397.08810444 6411.50396036 6424.51605391 6438.73581043
 6458.061018   6463.3835684  6475.64509757 6478.32845603 6489.30925579
 6497.55553058 6501.09968641 6508.38873078 6515.26414309 6515.58910877
 6521.13979179 6523.93144993 6525.29814575 6530.71386252 6533.31395457
 6534.65145048 6538.67287152 6539.10923685 6547.56491099 6548.22730897
 6550.40260232 6559.54677436 6591.67230946 6600.05151717 6601.41254634
 6604.76553609 6611.02651695 6618.7825599  6621.11595276 6642.14298847
 6649.14486706 6651.26882723 6653.52535366 6664.83951907 6671.86866424
 6672.12446346 6679.5892073  6695.79985773 6697.27015324 6697.53161911
 6706.5164583  6711.2242439  6711.38387675 6726.50716384 6730.59371801
 6744.90227426 6757.98643425 6766.34334203 6766.54817474 6768.58456851
 6769.91423111 6773.90875223 6777.7360072  6795.01998768 6796.57794958
 6805.10149019 6808.60724614 6830.33484637 6835.00429875 6835.49903057
 6840.92864731 6841.22781306 6842.49364252 6843.80187185 6844.23727052
 6853.58934193 6860.67622026 6878.0493338  6905.49391655 6912.13622957
 6912.98182699 6924.05512646 6945.34582803 6956.34186107 6966.7435626
 6977.71809571 6994.16781208 6997.12663636 7006.67970715 7007.97663652
 7012.3652231  7017.43454093 7029.75460326 7029.840003   7042.54333083
 7043.49736124 7045.67232126 7062.20103738 7062.98346833 7064.73369631
 7069.67404787 7073.71856883 7118.80333098 7122.13458746 7123.67911607
 7130.11829638 7134.98221484 7140.66996412 7146.55444612 7162.44939752
 7180.55497549 7180.85484124 7192.24717307 7196.85712565 7200.01444932
 7200.59428088 7202.54027493 7203.57737176 7215.00727015 7221.46678373
 7224.59424083 7232.05261803 7238.35476542 7239.77906107 7246.20517475
 7247.05617215 7252.52125544]"
324,708016_2024-04-29_B-317,MOp,True,"[  80.12391991  107.02680431  107.26890357  127.38290873  175.29469557
  185.63683061  227.50956924  233.96204951  261.46316542  290.54237651
  291.07060822  291.64257314  303.75923609  306.22482855  306.22706188
  309.21428608  309.22938603  316.08143175  332.90884696  366.30454485
  379.06373917  393.73286098  410.39011005  420.05601382  444.61287207
  446.58286605  459.07166119  464.64497748  475.98534281  485.51358034
  505.25065332  510.6340702   510.75480316  523.30219813  525.68712417
  555.89936512  555.91113175  560.76995023  560.77288355  563.63864146
  569.14269129  580.2722906   582.2552512   583.25794813  589.83596135
  599.03093324  603.65955242  603.79445201  605.25491421  614.50981924
  623.93312376  655.17889489  659.89644713  663.27050348  666.06086161
  711.95812127  711.97122123  711.97715455  717.09993888  731.44492835
  782.57293869  783.32006973  823.90001232  823.90284564  839.04883266
  839.07999924  854.97101731  862.68012707  862.68339373  868.82484162
  868.83090827  883.68582951  904.92943122  921.76787973  921.94361253
  934.67644026  938.76849442  940.38278948  940.38608947  959.03549911
  959.58753076  959.68876378  959.6937971   966.26284368  967.35587367
  983.44499114 1000.94793762 1004.97442531 1014.5490627  1016.43019028
 1016.87635559 1030.63458018 1033.11753926 1041.04744834 1043.70124023
 1080.45132786 1090.106965   1099.30760353 1103.9941892  1103.99865586
 1116.65915048 1130.4311417  1131.9037372  1138.13131816 1147.76515537
 1147.79062195 1158.71198856 1179.58492474 1231.98666451 1233.34286036
 1244.80222532 1251.8614704  1259.41541397 1259.47004714 1265.16462972
 1291.73131516 1291.73381515 1291.73811514 1293.16377744 1316.530306
 1316.73843869 1332.02692528 1344.27718782 1344.31785436 1346.13254881
 1369.3124446  1373.71003116 1396.62562775 1396.63579439 1398.42088893
 1402.69104254 1424.8024416  1430.39742449 1430.40509113 1438.70379909
 1441.26839125 1447.60570521 1447.89330433 1467.07834566 1473.06109404
 1498.39124992 1498.63504917 1504.07166588 1504.95042986 1534.667539
 1552.68075058 1552.74915037 1552.75555035 1563.90834959 1567.65930478
 1568.67880167 1576.05244579 1587.85790969 1607.71651563 1611.71267008
 1635.99876249 1642.79914169 1653.06024365 1753.66930268 1819.06380273
 1837.86134525 1846.47055226 1875.27569751 1880.95284682 1883.82350471
 1883.92943772 1914.51884419 2082.05496524 2086.67521778 2150.62478891
 2150.6281889  2187.06324416 2340.81530736 2416.20577684 2546.99377693
 2547.0020769  2558.07094306 2582.3216689  2678.50847479 2865.74140229
 2876.8021018  2976.3640307  3083.1430042  3116.3708026  3160.10266888
 3186.32542203 3283.62489119 3283.64692445 3283.65232444 3321.80267445
 3321.80540777 3333.86823756 3344.03937312 3344.80257079 3349.2673238
 3349.94625506 3350.34035386 3350.34988716 3435.10789466 3463.75060708
 3463.7648737  3467.51279558 3483.29764731 3486.65177039 3489.81152739
 3541.0581707  3563.93200075 3677.49728684 3711.97921473 3775.70801987
 3785.77648908 3806.80305812 3821.56664631 3821.95354513 3848.17466495
 3895.9843521  3968.83092936 3982.95725283 4028.03004834 4028.64771312
 4034.47456197 4047.68225492 4047.68615491 4047.69222155 4049.72324868
 4076.0981347  4076.10073469 4168.17871981 4235.76254649 4280.55430953
 4285.8184601  4308.87435627 4309.17645534 4321.83661663 4330.56788993
 4351.53422583 4357.38307461 4357.39017459 4383.75132732 4384.84025732
 4386.35208603 4386.35625268 4395.84752366 4401.58250613 4521.09590735
 4521.09850735 4524.7325629  4530.89957738 4531.86950775 4544.37700283
 4560.78041934 4561.54745033 4561.55618364 4564.27090867 4570.12875743
 4581.04465738 4583.88088204 4589.17873251 4606.53911276 4609.68633647
 4618.75450874 4622.78472975 4637.17381909 4637.17641908 4652.65597175
 4668.23602411 4681.86181578 4685.4292382  4685.43580485 4685.67847078
 4764.46369654 4771.71097438 4787.28662675 4787.2929934  4794.18860565
 4794.19160564 4817.51376766 4837.37520693 4852.17656167 4864.34845779
 4864.37259105 4879.89791024 4932.16355043 4953.13985296 4994.25002725
 5000.80377388 5006.58382287 5049.20122589 5049.2103592  5067.61170293
 5072.72828729 5128.50081675 5128.50311674 5132.47663793 5132.48290458
 5132.48640456 5132.51500448 5132.52123779 5137.50142256 5138.85225177
 5167.01206566 5236.67758598 5241.20723879 5244.67702818 5244.93269407
 5245.76729152 5257.10132353 5267.30725899 5269.08365356 5276.30963146
 5308.25216712 5314.11191587 5314.50988132 5373.31456818 5433.1788518
 5433.42995103 5433.44528432 5439.39289947 5479.48017689 5508.8144872
 5522.73561129 5533.28371238 5533.35821215 5553.29495119 5566.29411144
 5567.00950925 5579.84986999 5579.85216998 5579.85990329 5581.2957989
 5583.49222552 5583.49442551 5583.7613247  5583.76542468 5583.78939128
 5584.04602383 5630.2204493  5639.69762033 5647.89816192 5652.7445471
 5652.75008041 5670.25402689 5680.04436362 5707.99137817 5708.00231147
 5728.8805143  5735.8017598  5738.25891895 5740.83707774 5740.85397768
 5740.85834434 5740.86791098 5750.01514967 5750.02001632 5761.24998199
 5761.70301393 5765.29643628 5834.38005838 5853.74149917 5856.96855597
 5864.1324674  5871.25834561 5872.72654112 5872.73220777 5876.05133096
 5885.92110078 5898.33679615 5899.42432616 5940.34756769 5952.81902956
 5957.64144814 5969.54291175 5970.82227451 5970.84174111 5970.84567444
 5976.21575802 5999.08728808 6007.8693279  6046.57194289 6051.74852706
 6051.75239371 6076.21335225 6095.19489421 6095.20132753 6097.34408764
 6097.63005343 6107.78148906 6135.00837247 6137.25789893 6137.30843211
 6137.31786541 6168.9919019  6170.03016539 6170.03536537 6170.85622953
 6173.54145465 6186.71981436 6195.42125442 6195.6117205  6210.77377414
 6210.7759408  6221.75634056 6234.31916881 6246.69543097 6246.69826429
 6246.70506427 6246.71166425 6246.73186419 6248.14122655 6248.7676913
 6248.83475776 6251.64751582 6251.6570158  6262.58828237 6269.29016188
 6276.89317196 6278.12663486 6281.38552489 6287.70370558 6287.77110537
 6300.73396573 6302.35482744 6306.50021477 6317.74301372 6325.35719044
 6327.92794925 6333.18779983 6338.94984888 6342.53653791 6347.72922203
 6349.22798412 6361.75967913 6368.02072666 6368.47735859 6368.56789165
 6368.79649095 6400.64782689 6400.65152688 6404.71944777 6404.72251443
 6406.07807695 6408.87106841 6409.39170016 6417.92434073 6446.21525423
 6452.29870229 6466.41759245 6466.60399188 6483.20734111 6488.40295856
 6491.97951429 6496.870966   6496.88019931 6498.43906121 6499.05185933
 6499.11749247 6503.71701174 6508.19353138 6510.58085741 6528.4428028
 6561.78540085 6572.4295683  6572.43583495 6573.83523067 6577.83815176
 6605.80549958 6611.47348225 6611.84521444 6620.72588729 6621.39791857
 6622.12774967 6623.91037755 6657.85147377 6663.72032249 6667.30877819
 6678.78307643 6678.81060968 6678.88994277 6678.89374276 6684.54155883
 6692.57096761 6692.57460093 6696.71888826 6698.35244993 6698.3607499
 6700.23097752 6701.50804028 6701.57164009 6701.62767325 6701.63167324
 6720.72981484 6720.80471461 6732.18751314 6745.97430432 6762.62908672
 6763.83868302 6768.49886878 6771.17906058 6773.78385262 6789.03420598
 6792.48552876 6808.04901451 6808.05541449 6808.19308073 6808.98591164
 6809.28834405 6809.37541045 6816.86768754 6817.37571932 6821.7017061
 6823.01316875 6825.21859534 6826.37209182 6826.37472514 6836.18442848
 6845.30943391 6845.31256723 6845.32040054 6847.03696196 6855.94323473
 6858.51946018 6862.35798178 6869.19159422 6869.20642751 6872.49748411
 6877.45270229 6884.46281419 6889.97439734 6896.3636778  6896.73014335
 6896.81610975 6904.77548541 6905.9137486  6905.93031522 6912.81256084
 6913.37455912 6923.6845276  6928.25334696 6939.18104688 6944.55283045
 6961.74337789 6972.47037842 6993.12781526 7005.84890969 7015.07648148
 7017.03884214 7017.29557469 7021.61332816 7021.61826148 7025.9816148
 7039.23774093 7041.22640152 7044.63242444 7046.03335349 7046.03838681
 7046.04985344 7048.27281331 7048.28041328 7049.07654418 7051.40173707
 7056.62075445 7057.09885299 7059.52041225 7059.52331224 7059.5790454
 7060.22167677 7060.30480985 7067.61792082 7085.06510081 7085.29290011
 7085.63636573 7089.16915492 7106.73893453 7106.86906747 7152.01792942
 7153.85469047 7153.89672367 7159.14130764 7162.22106489 7167.87211427
 7181.87243813 7181.87667145 7182.11397073 7182.132704   7184.23156425
 7184.23656424 7208.82048906 7209.34038747 7213.39050842 7215.58896837
 7218.2704935  7218.29812675 7221.69058304 7222.37434762 7230.26179017
 7238.32383219 7238.82666398 7239.23896272 7240.49905887 7240.50655884
 7241.97935434 7242.0815207  7242.090154   7242.11648726 7242.13345387
 7247.14453855]"
325,708016_2024-04-29_B-319,MOp,True,"[  19.39637226   19.52983852   19.59307166 ... 7274.92255361 7274.94478688
 7275.05028655]"
326,708016_2024-04-29_B-322,SSp,True,"[  34.9834246    34.99479123   36.30035391 ... 7252.72508815 7253.78365158
 7267.19921056]"
327,708016_2024-04-29_B-325,SSp,True,"[  19.4277055    19.46807204   19.54447181 ... 7274.97588678 7275.06451984
 7275.16268621]"
328,708016_2024-04-29_B-326,SSp,True,"[  19.76860446   20.10807008   21.25123326 ... 7274.92375361 7274.9905534
 7275.04065325]"
329,708016_2024-04-29_B-327,SSp,True,"[ 419.87294772  490.17599942  553.31187303  595.34037786  660.9518439
  666.08462821  670.40784832  705.58120744  744.95038706  783.38033622
  803.17407569  804.00363982  805.89420071  816.90360038  859.41827038
  886.71238692  922.5957772   961.50662489  965.31307992  965.33254653
  965.97904455  966.35587673 1008.85294679 1030.65348013 1051.02391784
 1060.22665637 1120.71063809 1187.24353465 1188.15409853 1313.18351623
 1344.30128775 1344.85541939 1370.01750911 1396.53232804 1474.15532402
 1476.36621726 1477.95577907 1521.66961207 1521.67957871 1546.82756848
 1550.69392333 1555.87824081 1607.65041584 1655.54263606 1710.99459984
 1737.28975277 1814.14695109 1819.49846806 1918.98863052 2149.64672523
 2151.20032048 2178.73786961 2210.23630663 2210.51390578 2216.14102191
 2229.99194623 2230.34057849 2264.55280722 2281.32468927 2288.25393474
 2295.73964519 2300.09999852 2301.74706015 2312.32226115 2319.77997168
 2321.98973159 2333.31006364 2345.36519345 2346.33585715 2369.06682098
 2375.41590156 2378.54755865 2378.74435805 2396.16347146 2396.90750251
 2417.96533812 2421.0925619  2429.93660152 2453.72872877 2482.34734126
 2546.96944367 2572.25316636 2603.14880522 2603.74577006 2629.2851253
 2642.74298415 2644.59497849 2646.87477152 2663.63462027 2690.8804703
 2711.01990871 2711.68970667 2722.23227443 2722.32244082 2723.32290443
 2723.4739373  2759.60896014 2802.26656304 2814.12919344 2870.12272222
 2873.06424656 2875.49587246 2879.75862609 2883.20258223 2890.97315847
 2896.2066758  2896.76584076 2909.8983006  2911.84899464 2912.06012732
 2913.31979014 2918.88480646 2922.01229689 2928.44061057 2931.60353423
 2936.87488478 2940.07717499 2967.46989123 3016.04077605 3021.24876012
 3022.41472323 3041.87899704 3042.09052973 3044.36152278 3046.76971542
 3053.72782748 3062.52640058 3064.34176169 3092.79807468 3102.68904444
 3103.76584114 3125.22307553 3128.81296456 3129.13266358 3129.1903634
 3130.55459256 3140.62979509 3154.20738691 3179.39510989 3186.91968688
 3192.48653653 3194.82026273 3195.43399418 3200.69321143 3202.73737185
 3209.14451893 3209.37488489 3232.98477936 3233.70021051 3234.18244237
 3234.33057525 3241.56168647 3243.21071476 3250.77669163 3252.89465182
 3254.35508068 3297.3576492  3302.93956546 3304.75072659 3304.83942632
 3336.89902829 3350.00068823 3356.4296019  3373.48528309 3376.07457517
 3376.22250805 3376.85777277 3378.29886837 3383.52455239 3386.77877577
 3387.6310065  3398.57447304 3404.02438971 3407.59877878 3413.14699514
 3414.82149002 3418.18241308 3427.90428335 3430.79204119 3433.35750001
 3437.24678812 3449.61065032 3464.05803947 3465.10496961 3482.05388445
 3488.68993082 3501.88925713 3502.77845441 3506.66620919 3508.06367158
 3508.95600219 3514.81165095 3515.13991661 3516.29551308 3522.28889475
 3522.3840278  3530.18970393 3534.34325789 3544.0315616  3546.11122191
 3550.23170931 3551.25550618 3560.24584536 3570.64698022 3570.99077917
 3577.84939153 3581.60494672 3598.24419584 3602.80841521 3615.5462096
 3616.76213921 3618.01280206 3618.79293301 3625.70977852 3626.88357493
 3644.73032036 3651.5517995  3654.58662356 3656.83821667 3673.42173263
 3699.7591521  3714.15664141 3718.96589337 3719.82932406 3720.03099011
 3720.6774548  3726.0110385  3727.55130045 3729.01042933 3729.64942737
 3733.59361531 3782.45023259 3793.56079862 3795.14719376 3797.91955195
 3799.42618068 3803.90000033 3808.98705145 3811.74457635 3813.66137049
 3815.64389776 3832.06408088 3840.65058796 3840.9883536  3845.05800782
 3846.29173738 3850.16495887 3856.11527401 3857.25447052 3858.12456786
 3858.30770064 3862.01088931 3862.45565462 3872.44619074 3875.15848245
 3876.56434481 3880.76976529 3883.46452372 3890.51290216 3897.53304736
 3904.64739228 3906.58278636 3906.99855176 3927.81775476 3929.921415
 3961.27725245 3962.38054908 3972.63161773 3978.61273278 3978.99549828
 3987.19490654 3991.51952665 3992.87032252 3993.92048597 3994.24908497
 3994.36668461 3996.63984432 4003.98175521 4005.69068332 4006.89297964
 4007.7139438  4008.07497603 4012.35746293 4013.15092717 4017.76721306
 4021.60313466 4031.24837183 4033.00126647 4033.11559946 4037.34248653
 4047.67335495 4048.77945156 4064.55803665 4081.30168545 4081.72258417
 4082.54321499 4090.59822369 4101.9654556  4102.06905529 4102.43888749
 4103.47811764 4104.46638129 4109.08583383 4109.89309803 4109.96943113
 4117.21180898 4118.14310614 4123.29969037 4124.58368644 4126.09471516
 4126.5690137  4128.51627442 4130.1241695  4131.17876628 4131.42449886
 4135.00125459 4140.13437223 4140.41047138 4141.18370235 4141.407035
 4141.79500048 4146.27152013 4147.38775005 4151.29900475 4158.75068197
 4159.67897913 4164.49099775 4185.31316742 4185.42446708 4185.74566609
 4189.65168748 4190.1804192  4191.23174932 4191.83401414 4194.55007251
 4196.76769906 4197.6815296  4206.94303461 4219.68202899 4227.98737026
 4232.56288961 4237.29180848 4238.07400609 4239.82693406 4241.24232973
 4241.51076225 4252.9622939  4253.79392469 4255.31042005 4255.64478569
 4273.16429879 4281.34470711 4290.21034667 4290.25587986 4290.34091294
 4290.36811285 4290.97851099 4291.27861007 4300.35821564 4309.66318719
 4312.95841045 4338.91006443 4339.33616312 4339.36736303 4349.02920015
 4354.23371757 4362.65092517 4362.69952502 4362.95662423 4367.38737735
 4368.10590849 4369.58933729 4372.81802741 4376.33048334 4380.2347714
 4402.47693672 4407.03755611 4407.56518783 4407.60148772 4408.86358386
 4418.28362173 4420.10451616 4420.7898474  4427.93269222 4430.19378531
 4434.1429399  4434.24833958 4434.35813924 4434.53923869 4435.35820285
 4444.47604164 4444.74490748 4444.89954034 4467.70313728 4479.21090209
 4480.00833299 4487.20214433 4488.01064185 4497.45537964 4497.52521276
 4497.83734514 4498.26211051 4498.64037602 4536.50972689 4539.42991796
 4542.40050888 4546.55502951 4546.72656232 4546.83639531 4546.99566149
 4547.34889375 4560.83751917 4572.40135048 4573.85871269 4573.93487912
 4577.10816942 4583.29791716 4583.51338317 4601.37726188 4605.22151679
 4611.6050306  4617.54337911 4620.47427015 4621.34906748 4625.39642177
 4634.71299328 4640.0489103  4671.27918147 4672.62054404 4673.35040847
 4679.12425748 4680.84198556 4689.10032698 4699.99672699 4701.31072298
 4708.17586865 4708.26276839 4708.40450129 4708.65743385 4708.90336643
 4709.54939778 4716.26731058 4716.90190864 4721.90546    4722.00552636
 4722.52279145 4723.18492276 4724.1524198  4729.38427047 4729.71453613
 4735.59595148 4743.57999373 4744.03985899 4756.56438736 4758.46351489
 4758.69041419 4779.43085077 4786.5958622  4788.65395591 4789.45662012
 4789.66725281 4795.5463015  4796.00753342 4801.72714927 4801.8458489
 4802.50718021 4809.58542524 4818.81803034 4819.0162964  4819.31086217
 4830.61186094 4831.38175859 4837.36550696 4839.2181013  4839.46013389
 4844.17235281 4851.3165643  4853.15405868 4857.25614614 4859.33750644
 4865.1614553  4868.83084408 4878.66624734 4900.47148067 4912.44564405
 4913.43227437 4913.83667313 4914.96943634 4916.09276623 4921.97151493
 4926.31566831 4929.24522602 4932.99224789 4945.0917109  4948.31486771
 4948.36063424 4948.62870008 4948.7215998  4953.62491814 4954.40654908
 4955.80527814 4956.9639746  4957.25400704 4973.02249216 4973.39042437
 4991.02017046 5005.07886081 5008.29461764 5009.93924595 5010.25707831
 5032.70320967 5033.38247426 5034.64783706 5035.20860201 5041.13438389
 5044.52137354 5051.54091874 5058.91832952 5059.7743269  5070.81129315
 5071.23592518 5073.17785258 5073.62555121 5078.90800173 5082.76438993
 5089.51353596 5091.05336459 5095.30475159 5096.69441401 5097.08471281
 5098.16304285 5099.5652719  5105.22585459 5108.45241139 5117.54101693
 5117.95031568 5121.09867272 5125.76869177 5134.83509738 5135.2228962
 5142.54554047 5144.97356638 5153.29067428 5153.71053967 5189.02663168
 5192.5541209  5193.31041858 5196.29437613 5206.49877826 5207.54654172
 5207.63560811 5208.03564022 5213.49385687 5217.72044394 5225.91928554
 5232.41223235 5236.28918717 5242.60923451 5258.54855244 5263.42790418
 5264.52893415 5264.92886626 5265.51383114 5272.0570778  5272.17161078
 5274.39673731 5294.21954336 5301.37998814 5310.83199257 5315.45761176
 5318.11470363 5318.60893546 5318.97370101 5319.37799977 5324.71795011
 5331.35359649 5331.48806274 5331.65729556 5332.95809158 5337.9979095
 5342.75536162 5343.03096078 5343.16706036 5349.36127476 5349.4670411
 5352.17893281 5361.49170433 5361.61260396 5362.61213424 5371.64887327
 5388.35388886 5389.30631928 5390.11638347 5395.49176704 5400.44721855
 5412.85338062 5413.78051111 5419.7801261  5429.81252876 5434.82711343
 5435.52944461 5440.4704295  5452.4535262  5453.84665527 5455.75841609
 5456.08841508 5463.45225923 5469.41007435 5470.68570378 5471.88946677
 5476.59678571 5477.75064885 5482.86266655 5483.58616434 5490.00307805
 5492.07467171 5496.44602501 5496.69322426 5509.60015146 5512.02511071
 5512.98300778 5518.9958894  5523.47357571 5528.90602576 5533.37994541
 5535.18397323 5535.49437228 5535.90150437 5536.48896924 5545.78497415
 5545.95540696 5547.62710185 5548.38783286 5554.49288086 5554.50098083
 5557.76440419 5569.63393456 5575.65588281 5578.0259089  5603.57569744
 5607.18741973 5612.71633616 5612.77163599 5613.61816674 5621.77974178
 5628.77325373 5633.62790555 5634.09630412 5634.85233514 5640.13755231
 5650.56168711 5654.67607453 5666.09067296 5684.41961691 5700.82693341
 5709.28804087 5709.30260749 5709.81140594 5710.58190358 5716.69928488
 5717.58558217 5755.85966514 5763.05237648 5765.23670313 5765.76793484
 5776.34760249 5776.61810166 5776.90126746 5777.30896622 5782.01335183
 5790.83685818 5795.82397627 5805.94811198 5811.69736107 5811.71209435
 5817.9648419  5819.57213699 5820.00816899 5828.27577704 5828.84164198
 5830.0116384  5831.80799957 5833.57979416 5841.59646964 5843.79186293
 5861.42704234 5867.34402425 5871.31101212 5876.17979723 5879.06952173
 5902.02038488 5902.04371815 5906.16813887 5911.7293552  5912.19142045
 5914.32041394 5914.36494714 5923.42925276 5924.54111602 5926.15741108
 5936.38081315 5936.69847885 5946.44464905 5947.76244502 5948.11717727
 5950.72483596 5996.27916333 6008.72125862 6019.0534937  6019.06589366
 6019.37595938 6019.47695907 6030.43699222 6030.77662452 6034.61787944
 6036.62140665 6037.66977011 6044.80301496 6045.14734724 6045.86264506
 6068.77997498 6069.14357387 6079.97967407 6095.51125991 6099.55084756
 6103.01117031 6109.12695161 6137.16019923 6141.50878593 6147.66623377
 6158.11583515 6158.43376751 6173.37525516 6200.15470661 6211.06670658
 6212.94400084 6239.78001878 6255.57393715 6259.60879148 6272.40358569
 6279.78706312 6301.53432995 6318.1096126  6320.92497066 6321.02673702
 6329.31111169 6335.7708586  6354.22970216 6364.94630272 6365.92656639
 6379.40652517 6380.74998773 6401.38572464 6401.64259052 6407.20000686
 6425.43518443 6425.43928442 6426.12188233 6429.01850681 6431.70626526
 6448.15288163 6452.00626985 6462.09163901 6465.41259553 6471.09854481
 6476.22076248 6486.86929658 6499.22312548 6502.49978212 6507.97863204
 6508.54893029 6510.9896895  6513.43101537 6518.03096797 6518.22856736
 6518.57973296 6529.15703395 6537.5892415  6573.24463247 6573.8451973
 6599.38015256 6632.24251874 6641.14685818 6641.87082263 6662.56332603
 6671.39399903 6673.34075974 6673.84422487 6691.29933816 6702.27980459
 6711.01584454 6761.16492453 6771.56079275 6801.24170199 6822.74166958
 6825.09486239 6873.71214706 6880.76775882 6884.41984766 6917.99521166
 6924.92625713 6926.31941954 6951.92237459 6955.18423128 6956.07842854
 6961.52234523 6965.13810084 6980.74561979 6994.32917825 7002.94911856
 7021.61782814 7033.84912408 7043.66339407 7044.77029068 7051.41687036
 7063.00133494 7082.2861093  7085.29270011 7086.54726294 7086.74422901
 7088.53632353 7094.92640399 7097.80066186 7104.55180789 7131.16069319
 7134.79538208 7135.40324689 7149.1904714  7152.1866289  7157.52397925
 7160.71860281 7175.65349048 7177.12001933 7177.53911805 7181.02944071
 7182.04457094 7213.08200937 7229.36225959 7230.31789    7239.2242961
 7274.11455608]"
330,708016_2024-04-29_B-328,SSp,True,"[  20.08027017   30.44627181   43.76659774 ... 7274.95102019 7275.00668669
 7275.15188624]"
331,708016_2024-04-29_B-330,SSp,True,"[  20.20900311   22.51159607   24.35132378 ... 7274.11485608 7274.55235474
 7275.15785289]"
332,708016_2024-04-29_B-331,SSp,True,"[  20.80876794   21.60106552   23.1984273  ... 7267.20384388 7274.15788928
 7274.46912166]"
333,708016_2024-04-29_B-332,SSp,True,"[  20.12717003   21.48706587   22.70622881 ... 7274.0850895  7274.43992175
 7275.12505299]"
334,708016_2024-04-29_B-333,SSp,True,"[  19.42203885   19.43197215   19.5157719  ... 7273.95858989 7274.00595641
 7274.7722874 ]"
335,708016_2024-04-29_B-334,SSp,True,"[  19.42843883   20.56413536   20.74303481 ... 7273.85922353 7273.92089001
 7273.98628981]"
336,708016_2024-04-29_B-335,SSp,True,"[  20.78776801   24.80795571   25.07935488 ... 7271.45319755 7273.06882594
 7274.12585605]"
337,708016_2024-04-29_B-338,SSp,True,"[  19.48320533   19.48637198   19.67750473 ... 7275.08628644 7275.10205306
 7275.13291963]"
338,708016_2024-04-29_B-339,SSp,True,"[  19.53590517   19.61283826   19.67017142 ... 7275.06968649 7275.12178633
 7275.13728629]"
339,708016_2024-04-29_B-340,SSp,True,"[  19.41063888   19.59437165   19.90960402 ... 7274.77658739 7274.97762011
 7275.16031955]"
340,708016_2024-04-29_B-343,SSp,True,"[  52.9694696    61.82084254   82.75307853 ... 7264.48758552 7267.08917756
 7269.12680467]"
341,708016_2024-04-29_B-345,SSp,True,"[  25.59365331   33.47429588   33.6745286  ... 7272.90585978 7273.32519183
 7274.27985558]"
342,708016_2024-04-29_B-346,SSp,True,"[  20.56103537   22.67279558   22.89066158 ... 7273.77135713 7274.55302141
 7274.88018707]"
343,708016_2024-04-29_B-348,SSp,True,"[  20.99806736   21.70316521   22.89962821 ... 7271.62473036 7274.50248823
 7275.09425309]"
344,708016_2024-04-29_B-350,SSp,True,"[  24.55225649   28.25754517   54.50123159 ... 7269.11723803 7271.18456504
 7272.79556011]"
345,708016_2024-04-29_B-351,SSp,True,"[  19.6555048    20.34843602   21.1273003  ... 7269.32643739 7271.06866539
 7275.12918631]"
346,708016_2024-04-29_B-352,SSp,True,"[ 245.42854779  252.00356101  252.5857259   621.61296419  831.52542234
  891.25067305 1011.54740521 1011.57060514 1093.66675412 1093.88498678
 1094.16705259 1115.84241964 1189.87499327 1309.39302782 1317.39777001
 1390.08811441 1390.45707995 1458.59520494 1509.37278301 1515.93829626
 1532.13358008 1571.00279456 1634.00830191 1634.13893484 1661.38985152
 1695.02641533 1803.6150833  1846.85598441 1886.54996304 1886.67442933
 1975.20525862 2033.54121358 2073.76639059 2114.89889815 2177.20654096
 2177.29754068 2177.60497308 2177.92650543 2178.10107156 2179.49020065
 2182.29195875 2189.19663763 2266.14980233 2322.46399681 2381.89184843
 2401.39992211 2401.51662175 2401.58202155 2401.59178819 2401.67478794
 2401.8380541  2402.18048639 2417.36747329 2420.075865   2420.3077643
 2420.37353076 2447.64201405 2512.04261713 2512.71858173 2512.75168163
 2512.82964806 2523.02671688 2526.00100778 2526.14334068 2534.84128075
 2534.94254711 2542.05289203 2542.37245772 2547.46104216 2547.51267534
 2547.82060773 2547.951774   2552.60145978 2567.94194621 2568.11981233
 2576.83818567 2627.49913076 2627.50503075 2627.63436368 2627.76442995
 2628.75872691 2628.90932645 2645.7792082  2647.96153486 2652.67028713
 2654.77698069 2656.1568098  2666.14747925 2666.23131233 2667.22117597
 2682.87366144 2686.99581551 2688.11791208 2693.36399603 2693.63936186
 2693.72776159 2693.91276102 2697.01985152 2697.41048366 2708.44638325
 2725.86569665 2754.72300842 2754.98834094 2755.52490596 2755.98700455
 2766.20180665 2771.38802413 2777.205973   2858.36945816 2865.45066984
 2876.6619689  2888.80746509 2914.82498554 2943.69856392 2943.97066308
 2944.37209519 2965.66583008 2965.69249667 2995.49467221 2995.65200506
 2996.0856704  2996.24833657 2996.47100255 3001.57655361 3002.04308552
 3025.88364595 3030.90296394 3030.93246385 3031.12899658 3031.14776319
 3031.40439574 3031.53406201 3067.52255197 3109.699423   3126.48457168
 3159.09387197 3182.1166349  3182.20403464 3183.43853086 3185.76002376
 3186.10072272 3186.26152223 3187.9504504  3188.22428289 3188.91371412
 3190.24511005 3203.97093475 3205.65839625 3214.79200166 3222.36324517
 3222.4755115  3222.66494425 3222.80567715 3223.75307426 3225.92446762
 3276.14834738 3276.18414727 3276.4153799  3276.7629455  3277.09504449
 3277.19121086 3277.27041062 3277.80480898 3305.81222334 3324.8275652
 3372.29138674 3378.90679984 3408.95457463 3424.99705891 3486.87670303
 3489.0468964  3492.81085156 3534.44119093 3534.61089041 3534.77048992
 3535.10998888 3535.23348851 3535.72045368 3535.94231967 3535.95985295
 3535.9658196  3536.67625076 3544.06872816 3553.91323139 3560.8972767
 3601.9633178  3603.16314746 3630.70619658 3642.08282846 3643.05119216
 3643.05695881 3649.08667371 3649.18184008 3653.8538258  3655.37428782
 3669.41077823 3671.21037273 3671.33213902 3671.5805716  3671.90040395
 3672.70313483 3673.14356682 3697.78189148 3762.60199328 3781.05063687
 3798.72591616 3799.83951275 3800.36804447 3810.94697879 3811.15691148
 3886.83074676 3888.15727603 3888.25010908 3907.74488281 3931.18431114
 3931.61610982 3931.94397548 3932.3950741  3949.37048886 3949.93878712
 3990.5769962  3994.35535131 4004.38455398 4012.80666156 4023.98136072
 4027.97958183 4035.14992657 4035.38635918 4048.18082006 4049.74464861
 4049.8456483  4049.99521451 4063.20574079 4065.02256856 4085.40427291
 4085.53997249 4085.73170524 4085.92610465 4090.77285649 4106.14450949
 4148.56211312 4148.56827977 4148.57277976 4148.68504608 4148.69297939
 4153.62189765 4153.93276337 4154.98599348 4155.17665956 4155.33375908
 4155.59782494 4155.93075726 4156.14982326 4156.25192294 4156.28712284
 4156.58878858 4156.81558789 4156.83042117 4157.48391918 4160.65300949
 4170.80067846 4178.42535514 4179.27315255 4180.49541548 4181.67211188
 4189.10795581 4204.98770726 4205.12564017 4207.25183367 4216.39427238
 4222.1984213  4222.44392055 4259.0759752  4259.27714125 4259.39377423
 4259.78607303 4264.44199213 4271.89133602 4272.71540016 4275.9838235
 4276.55518842 4297.52022432 4318.32789403 4328.79466202 4329.4345934
 4329.93535854 4346.01410937 4353.94438512 4370.25200193 4370.26423522
 4372.90346048 4404.4030975  4406.07075907 4411.09867703 4413.59646939
 4413.74636893 4413.93733502 4431.2423821  4454.66564381 4470.60856173
 4471.29789296 4474.50698314 4474.73668244 4487.3965104  4487.6700429
 4487.78527588 4493.52722499 4523.41476693 4524.04759833 4556.05690045
 4557.31622994 4558.58635939 4559.13599104 4563.71327704 4578.40733211
 4578.58649823 4579.44982893 4580.79452481 4582.85511851 4598.62027031
 4601.72742747 4601.77126067 4625.28198878 4629.27467658 4642.60356915
 4645.35639407 4646.14479166 4647.24802162 4653.29033648 4653.49120253
 4653.59933553 4653.90616793 4673.95303996 4692.59884961 4692.9513152
 4693.16424789 4698.44436507 4698.5116982  4698.90783032 4764.68386253
 4764.87479528 4765.57609314 4772.2477394  4810.79385488 4811.27078675
 4811.33568655 4812.38535001 4813.51554655 4816.82336977 4831.74735747
 4864.31922454 4864.46099078 4865.01295576 4906.19916315 4923.2131778
 4953.99515034 4962.73465695 4962.9262897  4963.67198742 5034.28057152
 5066.8704052  5067.9068687  5091.53079646 5091.54359642 5102.75482881
 5102.79786201 5131.7564068  5137.10335711 5148.75368816 5172.16018325
 5196.4559423  5198.40316968 5240.6609738  5250.54391025 5272.52374304
 5316.9606405  5333.64622281 5336.74254667 5356.804952   5365.40269237
 5367.46951939 5368.17178391 5389.44741885 5398.74439042 5417.45206656
 5429.34749685 5430.4428935  5442.06862462 5442.43895682 5443.97971877
 5468.21924466 5469.20580831 5476.16632036 5483.36673167 5484.16786256
 5485.85812406 5500.40964623 5500.51327924 5500.67121209 5501.00384441
 5501.41544315 5504.81006611 5528.38309403 5541.78425305 5543.2830818
 5547.81686794 5558.71896793 5558.83643424 5558.92876729 5565.25031463
 5597.10018391 5615.70559369 5618.05888649 5634.2888702  5652.66461401
 5658.37816321 5660.41455698 5666.62953798 5668.19219986 5673.30155091
 5677.44393824 5693.96718772 5694.02928753 5694.12792056 5706.51788267
 5722.11883497 5733.92069888 5749.61328423 5753.18930663 5767.1876305
 5767.21013043 5780.5953895  5780.91052187 5784.30224483 5784.43064444
 5794.78384612 5794.89914576 5795.05607862 5795.11204511 5798.90150019
 5812.14809302 5812.73009124 5813.41218916 5830.47680364 5857.46762111
 5863.88476816 5868.25655479 5877.60289288 5879.42325398 5913.72984908
 5939.21893781 5939.33497079 5939.45743708 5939.54100349 5939.62123658
 5960.25294016 5961.91166842 5993.34713897 6018.89172753 6028.01353297
 6029.32586229 6029.64352798 6041.22362591 6041.98919023 6042.08365661
 6049.98263246 6055.70864828 6078.03061336 6130.73598554 6145.40234069
 6170.26666466 6193.99549211 6209.01067953 6218.94548248 6231.4111777
 6263.86024515 6272.8248844  6311.40899976 6315.02005538 6381.46548555
 6392.01028664 6392.05425317 6421.57729623 6443.59176225 6457.13942082
 6457.8211854  6457.95811832 6460.79944296 6461.12840863 6465.62276155
 6466.68602497 6466.77435803 6483.2781409  6493.08484425 6496.98689898
 6497.6797302  6509.79179316 6523.1553523  6531.17126112 6558.71694356
 6568.82107933 6585.40926194 6591.77597581 6598.51315521 6609.0897562
 6620.79635374 6633.85874713 6663.96628841 6665.16761807 6670.74916767
 6673.43389279 6679.41624116 6684.14989336 6690.43117415 6722.97534131
 6738.05086188 6782.23569344 6795.14198731 6817.14885335 6817.3502194
 6825.66456065 6829.38711593 6838.69262081 6842.34640964 6842.7498084
 6847.03592863 6852.41641218 6852.62901153 6859.74278978 6860.1396219
 6866.55723561 6876.46867197 6879.29799665 6890.68969515 6891.75019191
 6905.83514884 6914.22912317 6931.10823823 6953.65940261 6955.64129655
 6961.10421318 6963.02930729 6963.1894068  6969.31885473 6976.0320342
 6977.76789556 6986.70310157 6996.99110344 7009.08739979 7014.61061624
 7022.64729166 7023.31172296 7026.68051266 7037.88957839 7038.14487761
 7039.85517238 7043.78196037 7046.99445055 7057.65028463 7059.19821323
 7086.7342957  7095.30700282 7103.97630965 7115.60250743 7115.84167337
 7123.12368443 7124.50201355 7125.54837702 7138.06813874 7138.42570431
 7143.73768807 7144.19675333 7152.00779611 7153.4420584  7153.67032436
 7153.68829098 7168.16564671 7171.08253779 7197.77895616 7201.38271181
 7204.12270343 7229.33952632 7236.59847079 7243.290217   7243.31271693
 7244.19301424 7253.66635194 7261.92572668 7267.36471005]"
347,708016_2024-04-29_B-353,SSp,True,"[  19.39710559   19.58417169   19.78537107 ... 7273.90339006 7273.93575663
 7274.18012255]"
348,708016_2024-04-29_B-354,SSp,True,"[  19.8300376    19.95350389   20.06443688 ... 7275.02521996 7275.09931974
 7275.16138621]"
349,708016_2024-04-29_B-356,SSp,True,"[  26.89621599   28.7696436    29.82327371 ... 7274.17822255 7274.2390557
 7274.99362006]"
350,708016_2024-04-29_B-357,SSp,True,"[  22.68862886   26.39245087   26.60615021 ... 7274.97158679 7274.9908534
 7275.15311957]"
351,708016_2024-04-29_B-358,SSp,True,"[  19.81363765   20.01760369   20.16336991 ... 7275.1105197  7275.14438627
 7275.1782195 ]"
352,708016_2024-04-29_B-362,SSp,True,"[  23.22706055   30.60743798   31.97280047 ... 7272.0038292  7273.88355679
 7274.50928821]"
353,708016_2024-04-29_B-363,SSp,True,"[  20.95973415   20.97116744   21.04526722 ... 7274.40038854 7274.50222156
 7275.04771989]"
354,708016_2024-04-29_B-364,MOp,True,"[  19.46270539   19.93207062   19.96017054 ... 7275.07231982 7275.09585308
 7275.12468633]"
355,708016_2024-04-29_B-365,MOp,True,"[  19.42687217   19.54840513   19.589905   ... 7275.07111982 7275.09635308
 7275.17225285]"
356,708016_2024-04-29_B-367,MOp,True,"[  24.15292438   28.17287876   28.22747859 ... 7274.34218872 7274.55242141
 7275.16965285]"
357,708016_2024-04-29_B-368,MOp,True,"[  20.72166821   20.9419342    20.99270071 ... 7270.71726647 7274.23095572
 7274.38692191]"
358,708016_2024-04-29_B-369,MOp,True,"[  19.76610446   19.77563777   20.19720314 ... 7272.43489455 7272.97532623
 7274.91448697]"
359,708016_2024-04-29_B-370,SSp,True,"[  19.60410496   19.65207148   19.8210043  ... 7275.07238649 7275.10091973
 7275.16775286]"
360,708016_2024-04-29_B-372,MOp,True,"[  19.79967103   20.21360309   20.22623639 ... 7274.98838674 7275.08255312
 7275.11551969]"
361,708016_2024-04-29_B-374,SSp,True,"[  19.81377098   19.90603737   19.96527052 ... 7275.0472199  7275.10115306
 7275.16085288]"
362,708016_2024-04-29_B-375,MOp,True,"[  21.20783339   21.769665     21.81739819 ... 7275.1012864  7275.15778622
 7275.17325284]"
363,708016_2024-04-29_B-376,MOp,True,"[  20.41000249   20.45066904   20.5938686  ... 7275.04245324 7275.10191973
 7275.17091952]"
364,708016_2024-04-29_B-377,MOp,True,"[  20.53496878   21.27006653   21.28276649 ... 7274.71338758 7275.07388648
 7275.13608629]"
365,708016_2024-04-29_B-378,MOp,True,"[  19.41350554   19.7978377    19.90837069 ... 7275.00948668 7275.01365333
 7275.04801989]"
366,708016_2024-04-29_B-379,MOp,True,"[  21.19243343   24.58865638   81.2165499  ... 7273.81135701 7274.8835204
 7274.9810201 ]"
367,708016_2024-04-29_B-380,MOp,True,"[  19.41080555   19.90383738   19.97970381 ... 7275.10285306 7275.11605302
 7275.13118631]"
368,708016_2024-04-29_B-381,MOp,True,"[  19.82317096   20.96326747   21.39303282 ... 7266.40557965 7269.672103
 7274.15495596]"
369,708016_2024-04-29_B-384,MOp,True,"[ 131.87969499  243.4938537   264.38198983  283.64219761  334.83517441
  371.03889704  411.44880681  431.11498001  434.53413622  440.77485047
  519.5818095   694.15640904  698.86589464  719.8513638   744.7830209
  801.0801821   856.32887983  875.12495569  921.31018113  943.92801197
  951.65675501  958.0603021  1001.43280281 1022.13350618 1138.10298491
 1203.13578606 1210.19519781 1213.89548649 1231.30673325 1307.40626723
 1412.94987784 1509.50198261 1523.84123877 1525.30540096 1609.87037571
 1626.49595821 1642.38487629 1654.580439   1654.63317218 1678.16583355
 1696.21847835 1699.91620038 1718.24041102 1731.25963787 1732.51973402
 1737.79611789 1739.71281203 1746.83162359 1748.17301949 1795.94874007
 1799.95822781 1803.51715026 1834.23315634 1838.53587652 1855.25652539
 1862.79046902 1876.87852595 1889.29685464 1889.73571997 1896.53856583
 1897.10509743 1917.86043397 1920.84055819 1938.84270314 1940.78349721
 1944.30478644 1945.8237818  1946.57804616 1947.9038421  1949.27590458
 1950.80743323 1962.62113044 1962.86249637 1973.69402991 2005.65273219
 2008.56972327 2009.73551971 2019.68658928 2023.70757699 2029.58182569
 2031.82401883 2035.44110777 2038.01703323 2042.9221849  2077.86604472
 2081.74819951 2090.90447152 2116.90822534 2121.6175776  2125.18843335
 2136.41839901 2141.17248448 2146.8551671  2164.89271195 2168.88373308
 2172.97045392 2174.94098122 2180.32223144 2211.64673565 2215.22949137
 2222.7498017  2223.14200051 2223.7769319  2226.82058926 2232.02560667
 2247.95132465 2250.50781683 2253.79657344 2273.17424752 2278.78659703
 2296.26537691 2308.53990605 2316.20328262 2344.02133089 2348.61265019
 2353.43520211 2355.53956234 2359.15835127 2366.96276074 2372.0771451
 2381.70751566 2386.20136858 2391.37441943 2419.27320079 2420.02603182
 2421.87359284 2423.63195413 2425.55721491 2431.52363    2441.19553376
 2443.10046127 2445.61965357 2451.09077017 2461.83813731 2465.78859189
 2478.83941866 2481.18661148 2486.54956175 2502.74707889 2504.05650822
 2522.9758837  2528.91193222 2529.37273081 2546.0852797  2549.64520215
 2550.39079987 2554.74938654 2584.91486097 2585.38409287 2585.44772601
 2589.71481296 2590.7068766  2593.44086824 2601.7275429  2607.56379172
 2614.91800257 2616.23823186 2617.27716202 2621.80904816 2657.30767295
 2664.40275126 2669.32776953 2670.10756715 2670.65066549 2670.73819855
 2679.58150484 2688.70991027 2692.09343325 2696.22022063 2720.88474522
 2728.46685537 2731.54731261 2735.29340116 2765.34347594 2766.17084008
 2773.93874966 2780.67846239 2794.5169534  2796.13524846 2798.15884227
 2807.88717919 2809.58360734 2813.39839567 2838.13412004 2853.57400616
 2853.88540521 2854.55406983 2864.47587282 2899.60583207 2900.44089619
 2903.57451994 2911.54692889 2915.95954873 2922.34576254 2929.6639735
 2935.86122121 2937.06868419 2938.31391371 2939.84860902 2939.98897526
 2943.81063024 2947.54635215 2949.26118024 2950.64250935 2960.46757931
 2964.38706732 2968.09808931 2971.57204535 2972.60077554 2973.36907319
 2989.18195817 2989.5212238  2991.12475223 3004.4349782  3005.40330857
 3015.02087917 3022.25402372 3025.44738062 3026.97660928 3031.425929
 3035.49038324 3078.20065265 3081.46394267 3094.20703704 3095.02786786
 3101.18664903 3113.36774512 3115.07640656 3115.76140446 3123.75654668
 3144.8115823  3146.70227652 3166.24835009 3171.61470035 3180.37527356
 3187.2413859  3190.80054168 3191.29284018 3192.24897059 3206.74462626
 3233.1683788  3243.15974825 3244.76031002 3251.54052262 3254.05371494
 3257.46127119 3259.05629964 3271.06746292 3273.15008988 3278.56847331
 3285.81958448 3299.9620079  3304.13096182 3305.90515639 3315.57809348
 3337.15439417 3344.02210651 3351.78184945 3359.84429146 3367.82406706
 3368.99766347 3376.52280713 3396.22674688 3397.40700994 3400.14550157
 3402.45656117 3407.66987856 3422.01850135 3423.89972893 3427.26455198
 3427.90788334 3438.30015157 3439.97601311 3444.13016707 3448.24795448
 3453.85910399 3465.79540083 3468.20439346 3472.41848058 3478.75039455
 3478.9401273  3480.3353897  3488.76406393 3492.20838673 3495.94897529
 3497.95333583 3498.20453506 3498.36230125 3499.8052635  3503.46361898
 3504.15908352 3505.92171147 3510.34446461 3520.54123343 3521.08319844
 3525.58818467 3525.91178368 3527.24051295 3529.47817277 3543.20203081
 3555.99595835 3565.80039504 3573.44157168 3575.78136452 3582.29884459
 3589.09919047 3591.0500845  3593.05364504 3594.62564024 3604.34377719
 3610.22035922 3613.17858351 3620.66086063 3622.21815587 3638.2635068
 3643.57965721 3656.53968425 3657.12591579 3658.58127801 3661.52793567
 3662.56289917 3669.82587696 3690.33394759 3724.61914275 3731.8092541
 3736.66003927 3738.29740093 3744.80608103 3748.10403761 3752.19739176
 3753.33195496 3758.58973888 3762.94119224 3765.35728485 3767.1940459
 3768.06000992 3775.42242074 3775.48448722 3782.89599789 3789.72047702
 3790.89700676 3797.28935388 3798.68631628 3812.87843955 3814.54083446
 3815.59736457 3815.68209764 3818.05709038 3820.82481525 3825.77776677
 3827.56356131 3828.41565871 3828.63689136 3833.10004438 3862.67185396
 3866.31470949 3868.71373549 3869.34843355 3888.78574078 3888.83244064
 3897.49068083 3902.777098   3908.81724619 3920.62034344 3929.46028307
 3930.91781195 3932.17887476 3936.30036216 3942.18094418 3949.107723
 3956.53933361 3957.10413188 3962.07828334 3963.78704478 3968.06689836
 3968.92266241 3973.23448256 3973.9078805  3978.06190113 3987.70513831
 3989.22880032 3997.70480773 4006.42831439 4013.28269344 4015.94135197
 4045.98476011 4047.10739001 4060.68554849 4062.37214333 4063.78557235
 4070.66911796 4073.86867485 4086.45136971 4087.49193319 4095.10807657
 4099.44279665 4099.8825953  4107.19123962 4114.17221828 4115.48251427
 4118.08823964 4119.62903493 4129.93103676 4131.55573179 4132.61746188
 4138.8361762  4139.27697485 4152.04963579 4153.21579889 4154.23546244
 4156.42875574 4164.69566379 4165.21842886 4167.53842177 4170.19274698
 4173.5895366  4174.6466667  4187.90292616 4188.54359087 4194.93520466
 4199.53809059 4221.48039016 4222.91408578 4225.55987769 4231.19276046
 4232.9152552  4237.15880889 4237.38377487 4238.76920396 4251.12623284
 4253.08659352 4257.04104809 4259.97270579 4260.994536   4261.92889981
 4278.55211565 4286.11192587 4290.61407877 4292.72250566 4300.31541577
 4300.92704723 4320.2218549  4336.44663863 4338.62676529 4340.26192696
 4343.47195048 4343.49968373 4344.5564805  4345.39351127 4348.51933504
 4349.09729994 4355.46111382 4369.09643879 4385.01855677 4387.27331655
 4387.67134866 4394.1250956  4398.38708256 4399.73151179 4409.49211527
 4419.02211947 4419.40505163 4419.64821755 4433.64540809 4436.02823413
 4439.06692484 4469.67659791 4471.13149347 4481.42659532 4482.9247574
 4483.6669218  4484.81558496 4491.11833235 4491.24909862 4497.47381292
 4503.008196   4509.60777582 4515.06085914 4534.93249838 4535.85126224
 4538.92191951 4539.52978432 4540.18921564 4540.832947   4540.94074668
 4541.51077827 4545.92856476 4547.04159469 4552.0529127  4552.10594587
 4556.3468329  4557.24963014 4558.44425982 4577.30853547 4577.353702
 4579.91892749 4581.52448925 4597.11794157 4616.379816   4650.04201307
 4654.75693199 4655.93592839 4660.30251503 4661.75867725 4665.75163171
 4678.31389329 4684.76100691 4692.8748821  4695.09567531 4696.91866974
 4708.44600116 4718.65313661 4723.56815492 4724.86521762 4730.30430099
 4738.12301042 4744.02235904 4752.05690114 4753.49869673 4753.76219593
 4776.55165958 4780.47761424 4787.09506067 4791.18288151 4795.38603532
 4804.05817547 4808.97546044 4810.1104903  4815.2674412  4822.79778484
 4827.87166932 4832.68105462 4857.00014692 4867.60961448 4869.16174307
 4869.44567553 4871.53826914 4894.77686475 4899.39175063 4904.84393396
 4905.50973193 4910.15075107 4913.90450626 4923.73544287 4927.9961965
 4938.56296419 4942.63181842 4944.41044631 4947.6418031  4954.5096821
 4964.23221904 4967.08231032 4971.48816352 4978.07301005 4978.45510888
 4982.02376464 4990.4203723  4992.10816713 4992.44963276 4993.40876316
 5000.43110835 5011.76980702 5017.22059035 5017.41928974 5020.46361377
 5042.73827899 5050.41372219 5050.8875874  5051.46498564 5056.99693539
 5072.72828729 5075.95957741 5076.69720849 5089.92863469 5098.87194068
 5102.257797   5105.07495505 5106.15915173 5111.3796691  5116.99221861
 5129.63864661 5135.92019407 5137.37312296 5145.75946398 5146.75932759
 5152.31921059 5155.14553528 5156.12016563 5156.74029707 5163.05367777
 5163.75894228 5173.06961381 5175.1962073  5180.07719238 5188.41446689
 5190.53119375 5196.68160827 5203.22818826 5204.27855171 5207.52600845
 5222.0836306  5223.92912496 5231.21200269 5239.89347614 5240.73330691
 5241.59747093 5242.48590155 5249.1211146  5281.11908342 5282.08808046
 5287.14913165 5288.73059348 5293.29161287 5294.55157568 5296.34103688
 5297.31136724 5306.13574026 5315.53614485 5316.16530959 5318.17057013
 5318.74936836 5330.63723201 5346.14211793 5348.73874333 5349.7084737
 5349.84167329 5351.88500037 5363.22763236 5380.54621274 5386.08966245
 5386.56592766 5404.89020497 5410.44308799 5411.50328474 5411.99964989
 5421.28405484 5422.22948528 5422.56595092 5434.4318813  5441.40152666
 5441.82685869 5447.84414029 5448.13680606 5449.26953593 5455.30141749
 5456.92397919 5460.90756701 5473.13292963 5480.61807341 5486.42782231
 5492.17210475 5504.9978322  5522.00661352 5524.86243813 5540.46615708
 5544.71717741 5545.18497598 5546.09770653 5552.06228829 5571.60689519
 5572.6199921  5573.22362358 5578.01054228 5579.61693737 5580.23320215
 5584.73565505 5586.87898183 5588.59204326 5604.35196174 5612.77680264
 5629.49591819 5632.94510764 5643.57917512 5646.24423364 5654.18844268
 5662.40111757 5662.60631694 5669.50649584 5672.70325274 5689.04013612
 5692.14422663 5692.80405794 5699.15907184 5700.19496868 5719.63450923
 5720.49293994 5722.19333474 5723.98342927 5725.81189035 5730.31354325
 5731.01430777 5755.39186657 5755.43109978 5757.76669264 5766.86296482
 5779.40155982 5788.32093254 5789.43299581 5789.74166153 5791.10045738
 5791.82722182 5792.93898509 5798.62360104 5802.4212561  5804.74444899
 5811.281429   5814.62638544 5817.17857764 5824.48388864 5834.85419026
 5835.91402035 5836.07551986 5836.64258479 5838.37131284 5838.753545
 5840.37917337 5841.49126996 5853.58573298 5855.0527285  5861.00967695
 5864.32376682 5871.89204367 5873.82190444 5873.86040432 5876.9848281
 5878.41282374 5881.09954885 5881.2599817  5883.06854283 5883.27744219
 5883.43640838 5884.73437107 5896.56640156 5903.9981455  5924.49921615
 5929.82756652 5939.32130416 5939.56673674 5940.06656855 5947.23314664
 5948.84384171 5953.7755933  5955.81685372 5958.88341101 5968.04711633
 5972.81380175 5973.95566493 5987.69698958 6002.61084397 6008.1183938
 6012.78107954 6014.24804172 6018.64286162 6019.66422516 6026.5751707
 6031.06145698 6031.58008873 6036.12550816 6042.62798828 6049.913766
 6053.08658963 6053.71962103 6076.53958459 6080.89717126 6080.9400378
 6085.17165819 6085.45609066 6095.60175963 6101.38707528 6111.89554315
 6121.21444799 6121.44194729 6125.60953455 6130.65581912 6133.9419424
 6139.70819144 6140.69332176 6140.77855483 6141.98308448 6145.37250745
 6146.19237161 6146.36327109 6149.44486166 6155.39797679 6156.70293947
 6171.53492745 6177.34187636 6180.89166551 6193.75342618 6208.23254858
 6213.89969791 6216.83748893 6226.98355791 6233.65293751 6239.44625313
 6246.28406556 6250.77108517 6254.30437437 6261.69281844 6264.0607112
 6268.10629883 6269.11519575 6280.53726082 6286.91237466 6289.62049971
 6293.76938703 6304.31985477 6304.55558738 6305.62211745 6307.38371207
 6316.53491742 6321.8922677  6334.95592776 6338.85278251 6341.07417572
 6341.41837466 6344.28373257 6349.03901803 6360.34538346 6375.17140479
 6378.153829   6380.12435631 6383.80134507 6387.00546861 6390.32152513
 6390.34409173 6392.97885034 6394.67224516 6397.69383592 6400.59279373
 6404.09194969 6406.75384155 6415.23524895 6416.74607767 6433.73565905
 6438.57364426 6441.10393652 6441.12476979 6441.3630024  6444.44052632
 6445.63268934 6447.88981577 6448.5888803  6463.81903373 6469.36921676
 6473.76910331 6487.85689356 6491.98424761 6497.28596473 6502.59118184
 6503.86521128 6508.40273074 6509.65036026 6514.39094576 6515.70777507
 6523.59841761 6526.8616743  6532.03152516 6538.03797346 6545.13805175
 6558.38794457 6563.24812971 6567.07225135 6578.43278328 6579.79477911
 6580.03431171 6592.48440698 6597.7965574  6601.53671263 6605.96619909
 6607.70516044 6608.11435918 6614.68207244 6619.26945841 6628.15203125
 6634.49611185 6646.58610822 6658.40440541 6663.17319083 6667.47164435
 6674.46592297 6676.7550493  6688.10354793 6712.19694093 6718.90838708
 6734.50327272 6744.76704134 6759.12793076 6777.6711074  6777.86217348
 6782.26239336 6806.76808509 6807.53344942 6811.2792713  6817.76305147
 6820.36347685 6821.6131397  6821.62123968 6824.36619795 6831.80067522
 6843.0122076  6854.4048061  6859.06545852 6868.09806423 6880.45892643
 6899.60703455 6901.55652859 6903.15699036 6905.53221643 6906.2095477
 6914.6581552  6925.45025553 6930.85093902 6932.23990144 6939.5437791
 6944.41079755 6945.29256152 6946.65629069 6946.94092315 6961.54997848
 6963.92673788 6966.14853109 6971.2025823  6977.21353059 6977.45092986
 6979.52262353 6985.05240662 6988.17123041 6992.15871822 6998.95383078
 7000.408593   7005.05771211 7011.40295938 7011.73695836 7022.33062596
 7035.28605302 7043.60239425 7050.38017353 7068.51695141 7081.97637692
 7091.57371424 7093.40080865 7093.73690762 7093.7462076  7098.57859282
 7100.54898679 7102.66128034 7105.78420412 7123.88584877 7124.91501229
 7129.90389704 7132.38378945 7134.18821727 7135.40281355 7135.56844638
 7135.78274573 7140.5659311  7141.67609437 7142.08192647 7154.32585569
 7159.95950513 7161.06573508 7161.24210121 7164.00099278 7167.70468145
 7175.32439149 7181.47403935 7182.09487078 7190.04947979 7194.63019912
 7195.79489556 7201.46947821 7209.85775256 7212.70571052 7215.14560306
 7217.2126634  7220.82411903 7220.85038561 7223.22224503 7228.92199427
 7235.99073932 7236.67707055 7238.94363029 7249.45349815 7254.20021697
 7265.86478131 7269.29313749 7270.216468  ]"
370,708016_2024-04-29_B-385,MOp,True,"[  19.89043742   20.03217032   20.03890363 ... 7272.80466009 7273.01449278
 7274.95818683]"
371,708016_2024-04-29_B-386,MOp,True,"[  19.73850455   20.06283689   20.22096974 ... 7274.92588693 7274.9898534
 7275.14595293]"
372,708016_2024-04-29_B-387,MOp,True,"[  19.94323725   20.41543581   20.54013543 ... 7274.16075594 7274.60585458
 7275.05268655]"
373,708016_2024-04-29_B-388,MOp,True,"[  19.61563826   19.63923818   20.44556905 ... 7275.04618657 7275.06321985
 7275.08105313]"
374,708016_2024-04-29_B-389,MOp,True,"[  21.04843388   21.68063194   23.50922635 ... 7274.14525599 7275.05131988
 7275.07631981]"
375,708016_2024-04-29_B-391,MOp,True,"[  21.32859969   21.3449663    21.35573294 ... 7275.04295324 7275.05068655
 7275.06521984]"
376,708016_2024-04-29_B-392,MOp,True,"[  19.57913837   19.8511042    19.9716705  ... 7274.94065355 7274.9805201
 7275.07201982]"
377,708016_2024-04-29_B-403,MOp,True,"[  31.58660165   37.36268399   38.56284699 ... 7271.41666433 7272.93649302
 7273.70245734]"
378,708016_2024-04-29_B-415,AId,True,"[  34.20729364  816.84686722  952.13248689 ... 7115.65080728 7115.66480724
 7133.19218698]"
379,708016_2024-04-29_B-417,AId,True,"[  19.69207136   34.04329414   34.75592529   38.26258124   52.69183712
   53.35773508   56.23449295   56.8962576    65.59479767   71.56194609
   74.27667112   75.42083429   76.34593146   77.51822787   78.9150236
   80.72968472   82.34684644   96.94033515  124.07778551  124.41008449
  143.53759267  145.64358623  146.94631558  153.67846166  170.93377557
  176.93175723  177.41452242  195.89143259  294.24926517  297.22502274
  305.33516461  305.91656283  358.17090305  366.63637717  368.25833887
  368.98003667  369.27753576  374.53708634  376.3057476   378.24590833
  378.39997453  378.70070694  378.97577277  380.62276773  383.11569344
  422.51253965  432.98397429  447.28653056  448.44242703  451.38098471
  451.78308348  454.555975    463.86894652  464.03344602  466.99893695
  471.54378972  471.95515513  472.74035273  472.75755268  491.85689428
  493.44548942  493.98695443  498.88277279  499.67607037  510.55720376
  521.18923792  525.71849074  529.97551106  530.96764136  571.08295203
  574.05354294  574.16000929  589.23842985  595.19854496  600.38579576
  601.43605922  616.87344535  617.92000881  632.96442948  633.67059399
  645.68122393  645.94258979  671.0919129   673.75220476  690.08828814
  697.03023358  697.17893313  722.58312212  741.09109886  751.7391663
  757.94451399  757.96594726  781.98634048  782.02527369  810.80061904
  816.63700119  826.8181034   863.53089114  864.51092148  865.24098591
  867.56201215  870.03523792  883.93629541  899.113849    899.62891409
  900.60024446  914.3878023   920.44448378  925.07586962  926.58306501
  933.27424455  938.24316269  938.60906157  942.25528376  942.91194841
  947.45650119  947.90693314  955.43337679  957.75720302  959.41596462
  963.06272013  963.21025301  965.47257943  969.91509918  978.05000764
  979.39543686  984.76378711  988.94474099  996.73191718 1000.02710711
 1001.53493583 1002.06806753 1004.20029435 1004.30726069 1019.05518226
 1022.20670595 1039.99938488 1040.03265145 1043.73867345 1043.79630661
 1045.59626777 1050.28875342 1055.94620279 1062.81461512 1063.41761328
 1067.45816759 1099.52926952 1100.0608679  1107.41231209 1109.03847378
 1109.23967317 1112.66079604 1123.39972987 1127.21171821 1143.87536726
 1143.94976703 1147.36848991 1152.86203978 1156.57302843 1174.70963964
 1229.90837086 1240.35353892 1240.94187046 1241.57370186 1268.87491838
 1272.03507538 1275.60033115 1290.70191831 1291.16528356 1314.20207978
 1330.71382929 1356.25931785 1357.66721355 1363.29962966 1378.95538179
 1379.2761808  1380.48357711 1411.84581455 1414.84353872 1435.03494364
 1435.26847626 1452.68145635 1454.39348445 1468.80850704 1491.68217043
 1533.04074397 1546.58780255 1557.53153575 1558.04073419 1559.23696387
 1618.88851481 1619.70447898 1639.73785105 1658.06669501 1684.65401371
 1703.85378834 1720.34223792 1740.56337609 1753.03550462 1763.45543943
 1768.5869904  1769.34538808 1813.9498517  1831.92383007 1832.02119644
 1833.16619294 1836.63121568 1836.960548   1839.75753945 1855.62839092
 1856.15072266 1871.60550874 1895.42746923 1900.53565361 1910.00919131
 1916.19603906 1916.44430497 1924.19748126 1925.21581148 1927.23350531
 1940.90033019 1941.74409427 1960.55817008 1976.9786532  2006.72326225
 2006.73216222 2008.80975587 2022.93227936 2067.88217525 2069.57727006
 2093.41379718 2093.71886291 2095.2051917  2100.67674164 2102.16293709
 2102.27570341 2117.80105594 2118.84021943 2142.89671254 2143.39221102
 2154.85010932 2164.65541267 2165.54844328 2167.04257204 2169.14789894
 2169.50023119 2170.09949603 2181.17836215 2200.16123744 2207.10401621
 2207.73444762 2241.06974569 2241.22877853 2252.02391219 2252.6858435
 2253.93300636 2270.15722341 2270.19175664 2271.98811781 2272.24908368
 2274.46544357 2274.48821017 2274.64277636 2276.05233872 2282.66558517
 2305.14834975 2325.84241981 2330.58363865 2348.83931616 2358.30258722
 2418.00840466 2434.63242049 2479.90524873 2535.94387738 2556.36761493
 2573.37842958 2580.73094043 2587.26128713 2589.4642804  2593.16350242
 2599.88761519 2629.16182568 2632.36838254 2649.86299571 2662.19882466
 2671.65286242 2710.71280965 2710.91997569 2712.56750398 2723.17003823
 2727.64802454 2738.96962325 2739.16508932 2789.2967027  2791.61542894
 2791.77642845 2792.50595955 2801.78759784 2828.52778274 2841.16411077
 2856.02689866 2875.38200614 2878.69562934 2879.21526109 2912.9412913
 2920.58610125 2921.14696621 2933.54939495 2962.99377158 2963.30827062
 2966.57789396 2968.00222294 2970.5003153  2995.86100442 2996.02033727
 2998.58206277 3000.66702306 3014.73808003 3036.12524797 3065.69105757
 3074.28259796 3090.36058213 3090.47658178 3090.62881465 3122.99234902
 3124.15314547 3128.29369948 3130.50032606 3165.2644531  3165.73925165
 3191.81287192 3191.92997156 3192.14663757 3257.49277109 3258.99946648
 3288.73907555 3312.46256968 3314.99649526 3316.04882538 3342.72274382
 3343.92184015 3361.21318728 3381.99715706 3443.91933439 3445.9951947
 3464.13390591 3495.41127694 3496.20410785 3535.76092023 3539.10077668
 3539.19567639 3540.20103998 3547.93331634 3551.3367726  3551.47043886
 3557.16492145 3578.14745729 3578.68422231 3582.81897634 3589.6218222
 3589.97372113 3590.87898502 3594.85497287 3609.91032683 3615.40037671
 3628.39400365 3642.74962642 3642.87039272 3653.11949471 3663.49009633
 3690.21241462 3690.80567948 3691.10187857 3706.11393267 3708.44875886
 3711.90801495 3736.62200605 3754.87895023 3756.15187967 3758.77360498
 3773.37849366 3777.62598067 3790.48617468 3806.2439265  3838.49389456
 3840.43132197 3840.44062194 3860.11462845 3864.36448212 3871.11499481
 3888.80500739 3899.49104138 3899.74014062 3910.35157484 3911.42193823
 3912.16163597 3916.43202291 3931.81197588 3955.64696967 3966.58243623
 3974.85611093 3979.41739699 3987.33027279 3993.19625485 3993.78798638
 4010.12940308 4013.13562722 4015.24618743 4031.88873654 4032.01090284
 4032.98713318 4033.15823266 4039.47304669 4050.81567867 4056.04636268
 4068.40732488 4082.29944907 4082.37754883 4084.5469422  4101.23822449
 4105.95297674 4147.73311566 4152.22783525 4175.11076528 4195.18597056
 4211.42478757 4213.66471406 4226.44300832 4248.4493077  4269.25841074
 4290.03561387 4342.09792135 4397.06135328 4409.67894804 4466.20484186
 4469.97969699 4474.17681749 4479.26116861 4479.39746819 4481.09982965
 4507.62018189 4532.08494042 4537.95055582 4546.88749516 4573.23048128
 4702.52891925 4707.70697009 4716.40141017 4716.50834317 4718.06870507
 4719.6283003  4724.85995097 4725.72868165 4738.7835084  4747.66778123
 4762.37130294 4789.65085286 4789.77595248 4805.12010556 4821.000857
 4824.81234534 4830.52902786 4830.72312727 4841.65789384 4844.88935062
 4845.84821436 4847.65090884 4848.6672724  4849.34150367 4886.22805755
 4898.56275317 4899.62048327 4911.0224484  4916.99549681 4917.93709393
 4923.42684381 4931.53128569 4932.34304988 4935.29870751 4935.36214065
 4937.30156805 4937.32296799 4938.35043151 4940.41832519 4942.96518407
 4949.54423062 4950.82752669 4956.45930947 4959.18183448 4979.58640542
 4987.33804839 4991.20576989 5021.41697752 5023.80763687 5023.93096983
 5037.17022935 5071.79095682 5118.53551389 5118.86951287 5145.59206449
 5153.24327443 5172.7556481  5187.38500337 5191.6252904  5192.20578863
 5204.12695218 5211.47099639 5244.15486311 5244.1599631  5252.12060542
 5258.66965207 5258.69838531 5258.7780184  5259.7057489  5272.02261124
 5273.65013959 5307.19870368 5307.22503693 5308.16776738 5354.12299353
 5362.83973354 5365.68559151 5374.11526573 5375.90646026 5384.81843301
 5394.45433688 5400.49305174 5411.77161726 5418.33436386 5422.52135105
 5431.17959125 5442.42005688 5446.71804373 5473.55006169 5484.29696216
 5496.89235698 5524.06854055 5539.34902716 5553.7587831  5601.85013605
 5614.31333128 5676.24257525 5690.94679695 5701.02496614 5701.26883206
 5701.36483176 5701.40033166 5716.25578623 5741.45064253 5741.47650911
 5745.46679691 5745.48853018 5745.58179656 5758.49885707 5759.44272085
 5773.72124385 5781.71551941 5809.7771336  5832.57049724 5843.14479824
 5853.59949961 5866.70275954 5892.92551269 5894.69830727 5903.9787789
 5916.95340589 5922.64535515 5923.76125174 5926.32294391 5927.53730686
 5931.2203956  5942.00576262 5947.7453784  5947.77627831 5952.13153166
 5952.60596354 5963.60016326 5967.19928559 5967.88678348 5968.42771516
 5971.06937375 5971.36213952 5971.6750719  5972.17060372 5974.36576367
 5974.86419548 5975.17559453 5983.94286772 5984.1570004  5985.90866171
 5991.27937862 5998.91535527 6000.91878248 6002.5810774  6010.58465293
 6012.44774723 6012.68307984 6017.5051651  6021.53591944 6021.98948472
 6025.70674002 6026.03897234 6026.54103747 6030.18939298 6040.41086173
 6042.82455435 6046.0115446  6046.44217662 6046.64837599 6047.53043996
 6047.61157304 6058.16010745 6062.46892761 6064.29322203 6065.33451885
 6065.4704851  6068.02751062 6070.33593689 6077.57191476 6084.78015939
 6085.15789157 6085.45932398 6085.68475662 6090.40230887 6090.52214183
 6090.6757747  6094.52612959 6108.42402043 6110.22988157 6112.43860815
 6112.50504128 6112.92214001 6113.82587058 6116.08603033 6120.15981788
 6120.62481645 6120.71598284 6126.99796363 6128.1981933  6128.37645942
 6130.94751822 6141.7585185  6142.04028431 6142.64064914 6142.84628184
 6142.86848177 6143.35271363 6143.78877896 6149.77162733 6149.80769389
 6151.33392256 6176.70017833 6178.88427165 6187.00621348 6188.63437517
 6189.26260658 6196.31678501 6199.72587459 6201.47616923 6206.21968806
 6208.22254861 6232.33794153 6239.28562029 6240.61291623 6241.55268003
 6246.38473192 6247.63026144 6253.32817735 6260.77502125 6261.24708647
 6268.3890313  6274.57591238 6294.15861917 6294.49515148 6295.71371442
 6299.59523588 6311.46033293 6313.34456051 6313.52065997 6333.6347318
 6333.99933068 6334.13779693 6337.98741849 6340.82137649 6345.82959451
 6358.37885614 6379.21899241 6394.57934545 6404.18334941 6405.67967817
 6416.07131306 6439.46917485 6451.65077094 6454.18669652 6455.56835896
 6457.2329872  6462.71040379 6470.5348132  6476.97932682 6477.87615742
 6489.94615384 6506.29823718 6507.56246664 6512.79411731 6512.89445034
 6519.23103096 6527.44697251 6531.3093607  6531.3752605  6533.53108724
 6535.42658144 6537.73874104 6542.0455612  6547.93777652 6549.45917187
 6556.26521772 6560.51807139 6566.54615296 6570.19894179 6591.72617596
 6593.51093717 6599.3237194  6600.83171479 6601.0129809  6603.62093959
 6625.78993847 6628.52889676 6631.51108764 6632.75198385 6653.56588687
 6665.87008258 6666.21661486 6677.67101317 6678.34214445 6682.32733226
 6683.69992807 6684.72555826 6687.3640502  6689.22144452 6689.28544432
 6691.23597169 6694.73396099 6697.10328708 6699.07384772 6699.73814569
 6704.37113153 6707.58195504 6726.43736405 6728.95502302 6730.61488461
 6740.58695412 6749.25642761 6761.87502236 6768.47313552 6785.85114905
 6787.89350947 6789.84737016 6791.52586503 6793.12279348 6810.91333908
 6811.34420443 6812.22123508 6822.97133555 6826.94789005 6861.74135033
 6872.48105083 6876.63493813 6898.43113815 6902.65592523 6912.73916106
 6913.86355762 6926.13362011 6935.40569176 6939.65114544 6949.6935814
 6953.03847117 6971.39114839 6975.49766917 6980.93171922 6989.86505857
 6991.68108635 6992.43681737 7003.07188485 7011.65459194 7014.41525017
 7015.38671386 7016.52397705 7016.66384329 7017.04757545 7018.58573741
 7024.94985129 7028.50510708 7037.08114753 7057.70498447 7057.84095072
 7058.36381578 7059.24597975 7069.91688046 7078.41408781 7079.4535513
 7079.57021761 7085.78859859 7086.53589631 7094.26377268 7096.48823254
 7097.39179645 7098.27546041 7099.52585659 7107.13856665 7107.76019808
 7116.25953876 7117.58716803 7117.79803405 7124.09841479 7136.31841076
 7137.75340637 7139.10133558 7141.20599581 7145.05931736 7145.31301659
 7147.40977684 7158.21647713 7164.23065874 7166.22158599 7166.47035189
 7170.30754016 7170.68013902 7179.74247798 7183.56689962 7187.32468813
 7188.81215024 7189.77878062 7201.9632767  7202.47597513 7206.41962974
 7207.22319395 7208.55368988 7218.72009213 7221.2458844  7223.90657627
 7224.16500881 7230.55028929 7230.82028846 7230.90425487 7234.43197742
 7237.84480032 7246.04004192 7247.94366944 7248.70110045 7249.46296479
 7251.2055928  7251.98212376 7253.23998658 7254.66138223 7255.49937967
 7256.54344314 7260.15249877 7262.77742408 7264.48821885 7268.24840735
 7271.52859732 7271.78889653]"
380,708016_2024-04-29_B-418,AId,True,"[  24.63935623   24.83175564   29.2606421    29.2694754    43.3787656
   46.8547883    56.31715937   94.81600832  117.23653976  129.10937012
  190.00865058  190.01915054  190.04395047  190.05861709  217.29836713
  223.18028248  236.97314031  286.88815435  290.33931046  295.37932838
  320.72158423  323.55870889  392.07956604  464.79807702  466.22450599
  466.22883931  466.23527262  466.25673922  466.27943915  478.16893613
  491.26202943  507.55894627  515.38192235  589.0261305   605.42231369
  613.84728793  615.22335039  616.8235455   623.09055967  647.85541728
  696.30093581  711.58542241  712.14152071  747.21984678  751.32356757
  751.36313412  751.44920052  752.61189696  754.01272601  754.63785744
  765.55582405  768.43221526  768.43734857  771.45157269  809.76218888
  816.02230307  817.98379708  823.20731444  833.26515035  862.66726045
  888.430015    904.5333991   906.55092626  906.6474593   917.42175969
  918.91448846  918.92445509  919.02832144  923.46470788  925.63360125
  925.64776787  925.7241343   936.9768999   941.62698568  951.25678957
  953.59471575  953.64181561  953.66088221  956.79390597  959.06083237
  969.54673364  972.83745691  978.58027268  978.67320573  984.50705456
  993.13206152  995.27372164 1015.51289309 1027.33169028 1053.01361176
 1062.72751539 1068.63903064 1069.16426237 1094.39511856 1137.32502062
 1147.73362213 1172.45151322 1172.53104631 1199.12033167 1211.21192803
 1211.47599389 1211.56186029 1211.72162647 1211.73062644 1212.47269084
 1220.47213305 1224.84655301 1240.25227257 1262.76807039 1329.56956613
 1345.86694963 1349.60623819 1366.15888758 1378.00341803 1378.21498405
 1391.33627726 1415.77206921 1419.21965867 1419.39565813 1419.90575657
 1453.449554   1453.46568729 1469.65700445 1469.73480421 1494.24859592
 1531.91541408 1599.2782081  1612.16493536 1639.92991713 1641.75591155
 1652.14147979 1658.68152646 1663.29614569 1663.30201234 1663.30787898
 1663.62201136 1664.89057414 1665.89893773 1677.43616912 1677.44373576
 1677.74420151 1685.55867761 1732.06946873 1802.00925487 1812.51522275
 1832.41659523 1832.44549514 1832.51052828 1835.91868452 1853.26589815
 1928.31666866 1942.03899337 1960.19327119 2034.11654516 2040.17899329
 2045.86354257 2072.25152855 2072.38366148 2075.14768636 2079.32014027
 2081.05196831 2086.99815013 2087.77751441 2102.65223559 2109.605981
 2123.94250383 2125.23609987 2126.27356337 2126.78812846 2130.8196828
 2133.86860681 2161.50492231 2166.14684145 2180.77646338 2181.27859518
 2181.42739472 2181.43709469 2181.51339446 2181.81159355 2182.09595935
 2182.18795906 2182.74322403 2182.84959037 2183.27185575 2183.32498892
 2183.50488837 2183.55808821 2183.61268804 2183.77185422 2183.87822056
 2183.93935371 2185.31274951 2185.48088233 2185.69884833 2185.71244829
 2185.81248131 2187.93140817 2187.98484134 2188.08047438 2188.43663996
 2189.01090487 2189.2629041  2191.41149753 2203.44426074 2208.02954671
 2208.09947983 2212.88976519 2217.6922505  2217.70695046 2252.74007667
 2252.95914267 2253.01900915 2253.0240758  2253.03237578 2253.04537574
 2253.06034236 2253.17370868 2253.21320856 2269.30485935 2270.44228921
 2270.48725574 2270.92805439 2282.09755357 2282.53841889 2285.40547679
 2286.97997197 2306.07851358 2312.33639444 2324.05292528 2326.61028413
 2332.38959979 2339.18911233 2352.1061395  2368.7095554  2369.97695153
 2374.27753838 2385.44133757 2390.19122305 2398.66483047 2420.21469791
 2429.65910237 2447.38064818 2450.79603774 2457.18005155 2512.72624837
 2518.11916522 2546.82927743 2593.37156845 2605.61886433 2635.96560488
 2639.10539528 2639.29632802 2641.99925309 2652.12052215 2652.75598687
 2701.26867186 2701.2909718  2701.3131384  2701.34520496 2701.37267155
 2701.38297151 2701.40327145 2701.44450466 2701.45283797 2701.48063788
 2701.51330445 2701.53597105 2701.57790425 2701.60170418 2701.64027073
 2701.66690398 2701.69783722 2701.73927043 2701.7587037  2701.80707022
 2701.85130342 2701.91943654 2701.95143644 2701.98326968 2702.00673627
 2702.03376952 2702.05233613 2702.07213607 2702.12970256 2702.14786918
 2702.16466912 2702.20210234 2702.2588355  2702.29563539 2702.34626857
 2702.3705685  2702.41490169 2702.4356683  2702.47260152 2702.49066813
 2702.56806789 2702.6208344  2702.65680095 2711.88783939 2713.18873542
 2736.73379676 2736.89802959 2736.99036264 2741.86974772 2741.89254765
 2754.94854106 2773.10528554 2773.11178552 2806.40711705 2809.31690815
 2809.53264082 2822.45356798 2837.599455   2875.93367112 2898.33193597
 2915.96808204 2918.68340707 2923.71559169 2943.36739826 2975.34916714
 3019.78166461 3019.87939764 3051.02200242 3099.31525475 3114.39237532
 3114.43394186 3150.80013066 3150.85016384 3150.90603034 3150.95243019
 3150.97336346 3150.99966338 3167.90244503 3170.32563762 3170.4752705
 3170.56040357 3170.62203672 3170.76783627 3193.56823322 3196.95662286
 3209.32991836 3214.46440266 3220.22308505 3220.89628299 3220.99434936
 3221.01121597 3233.41634471 3234.14994247 3250.95409108 3256.33877462
 3263.89258486 3265.82397895 3292.951296   3304.38406104 3304.49969402
 3307.76175072 3307.76618404 3307.78345065 3312.89356836 3322.29877293
 3322.45637245 3338.98968856 3367.58250113 3382.95068748 3396.12478053
 3398.7706391  3449.87234952 3450.01454908 3450.5538141  3460.6052167
 3462.33904473 3470.26035384 3476.02816954 3479.33405943 3479.57799202
 3547.03988574 3547.05141904 3590.5048195  3613.31821641 3645.93525001
 3656.77691686 3667.46795084 3782.14383352 3817.5483586  3817.59152514
 3817.61069174 3831.40731622 3841.50551868 3861.15932525 3905.03142444
 3927.93825439 3945.28720135 3954.41914009 3955.27197082 3955.28027079
 4002.04286114 4042.39427109 4084.17004335 4106.16517609 4108.1470367
 4109.1813002  4109.30833315 4109.31769979 4109.34343304 4110.46286295
 4111.5253597  4114.73814988 4118.53613827 4127.11174538 4130.4857684
 4156.53372208 4168.08528676 4211.32625454 4241.39279594 4243.06359083
 4246.74247958 4247.53501049 4296.25342819 4299.59111799 4299.5989513
 4326.09933693 4331.10035497 4402.0377714  4408.10678618 4437.59872933
 4480.95773009 4480.96509673 4480.97506337 4482.94195735 4498.30501038
 4508.97817774 4518.76614781 4519.56757869 4523.57296645 4524.50493026
 4557.65839556 4564.89457343 4565.18370588 4566.2896025  4592.13415681
 4597.88327256 4630.99430465 4634.64262683 4634.65006014 4644.71936268
 4647.4267544  4648.25978519 4650.95267696 4650.95804361 4656.47379341
 4658.69671994 4659.11401867 4659.41218442 4666.64112899 4712.40318906
 4712.49478878 4723.85708737 4724.16811975 4743.3379278  4804.05087549
 4804.05750881 4804.1144753  4810.8718213  4910.84201562 5007.63361966
 5008.48188374 5073.18015257 5077.3014733  5088.21893992 5088.28127306
 5095.49945099 5095.6399839  5095.7590502  5096.95411321 5099.5408053
 5155.06583552 5155.86389975 5210.2895     5214.73491974 5254.12413263
 5282.9807444  5291.05738637 5296.70633576 5297.68229944 5320.97776155
 5324.8504497  5327.06870959 5331.88469486 5343.14932708 5343.24442679
 5343.37949305 5346.8385158  5347.32721431 5347.36298087 5348.23911152
 5348.71391007 5350.31003852 5359.38727743 5362.86220014 5381.16607751
 5400.59558476 5400.79601748 5407.53689687 5407.66356315 5407.88399581
 5413.57094509 5415.41207279 5418.45876348 5419.93892562 5422.28068512
 5422.33165163 5422.34001828 5450.86993104 5471.93279997 5474.52995869
 5484.62306117 5516.73252965 5535.1303734  5557.54147154 5648.8959922
 5659.61019277 5668.89573105 5672.06642135 5672.43745355 5680.6181952
 5694.52711934 5700.94686638 5733.35660061 5773.41514479 5773.42111144
 5773.42707809 5773.43477806 5773.44261137 5773.45094468 5773.46057798
 5773.47214461 5773.48231125 5773.49631121 5773.50727784 5773.5214778
 5773.53954441 5773.5518777  5773.56544433 5773.58781093 5777.35306608
 5806.46554373 5810.52213133 5810.53429796 5813.68098833 5824.68372136
 5845.78312351 5853.09786781 5853.38763359 5856.38312443 5863.24530345
 5904.0007455  5935.14198361 6003.89360672 6003.90017337 6003.90964
 6003.91950664 6003.93680659 6003.94777322 6003.95570653 6003.98823976
 6011.31211737 6077.00084984 6119.72658587 6131.12681768 6138.00642997
 6143.25621392 6200.62860516 6200.64653844 6202.43743296 6208.02158255
 6208.08344903 6244.92100306 6253.33134401 6253.335844   6253.34324397
 6253.35154395 6253.35954392 6253.3675439  6253.37507721 6253.38411051
 6253.40301046 6253.41071043 6253.41904374 6253.42817705 6253.43554369
 6253.4533103  6253.46834359 6253.49287685 6253.50934347 6253.52181009
 6253.53427672 6253.55024334 6253.5623433  6253.58300991 6253.60060985
 6253.63337642 6253.64830971 6253.66674298 6253.70450954 6253.73640944
 6253.75300939 6253.77714265 6253.80067591 6275.71684223 6290.51343032
 6293.61575416 6301.43899691 6303.24849138 6340.95424275 6352.9084062
 6353.26857176 6375.40127075 6375.41123739 6376.76219993 6382.43534925
 6410.90399553 6420.27366688 6430.11433679 6444.54042601 6456.84085507
 6457.73158568 6534.64598383 6535.72968052 6536.02001296 6536.03894624
 6538.33843921 6545.93364932 6546.11928208 6557.17214828 6557.23491476
 6557.30684787 6557.65328015 6557.98267914 6558.00507907 6558.13757867
 6560.6784709  6560.72263743 6560.79977053 6560.89067025 6560.92317015
 6587.12032338 6593.17680486 6600.31398304 6600.35631624 6600.75654835
 6601.51747936 6605.73406646 6612.16401347 6631.23858848 6631.7857868
 6631.94435299 6632.54168449 6632.74418387 6633.06674955 6633.18341586
 6637.22633684 6638.31293351 6638.76839879 6654.60545036 6658.2438059
 6658.25413921 6658.46380523 6659.76523458 6659.90100084 6661.77666177
 6662.55525939 6662.93739155 6676.77454924 6676.84168237 6677.04344842
 6677.48288041 6679.43307445 6683.60656168 6684.71992495 6700.56014318
 6713.89183575 6726.39179753 6735.50700299 6749.64542642 6749.66272637
 6756.61487178 6756.96143739 6757.0346705  6757.04497046 6757.05320377
 6757.4680025  6758.10050057 6768.91443417 6774.11591827 6777.15194232
 6780.20583298 6787.08677861 6787.21041156 6787.40081098 6787.82364302
 6787.97937588 6791.0240999  6791.10559965 6792.10869658 6792.11999655
 6792.13106318 6792.20789628 6792.31429595 6792.47139547 6793.90619109
 6794.65068881 6794.67002208 6794.74395519 6794.79872169 6794.91752133
 6800.43930444 6821.21397425 6824.58273062 6824.72659685 6824.73929681
 6824.77516336 6848.72742346 6848.95098944 6882.98758537 6882.99605201
 6885.19521195 6885.31727824 6888.90626727 6898.81257031 6900.07889977
 6903.10285719 6907.80794281 6912.92539383 6914.75538823 6920.12003849
 6930.35454053 6952.11180734 6983.91697675 7003.45031703 7003.46808364
 7003.49138357 7003.51808349 7003.59711658 7019.52156789 7034.17452308
 7057.27381912 7060.40320955 7090.55595068 7113.9780124  7113.99441235
 7115.0355425  7115.08610901 7115.15314214 7115.24380853 7115.28717506
 7115.71474042 7115.79694017 7115.90950649 7123.76254915 7124.11474807
 7137.01664195 7143.57035525 7143.70545483 7143.74038806 7149.92150249
 7156.04145045 7156.67168185 7156.97771425 7163.50532763 7175.97718949
 7177.35021862 7181.62187223 7200.09831573 7200.15818222 7210.71284994
 7210.72554991 7213.04170949 7214.19163931 7216.8645978  7216.96816415
 7222.94891253 7223.76027672 7229.58379224 7230.5461893  7244.72624594
 7250.22519579 7256.43984346 7258.26523788 7258.46720393 7258.61170348
 7259.49386745 7259.74396669 7263.10748974 7267.165444   7269.82283587
 7269.84340247 7270.29813442 7270.30446773 7270.57246691 7270.66839995
 7271.48999744]"
381,708016_2024-04-29_B-419,AId,True,"[  19.85587086   20.06590355   20.23706969 ... 7252.67512164 7262.36222535
 7264.23335296]"
382,708016_2024-04-29_B-420,AId,True,"[  21.19383343   26.3271844    28.98037629   29.1085759    30.45137179
   44.96506075   53.05940266   53.43733484   55.25146263   56.08402675
   65.36449837   66.09912946   68.46015557   71.54997946   72.19934414
   72.70547592   73.47707356   80.04155349   83.42280982   84.95430514
   88.02909573   96.42793672  103.096183    104.00248023  111.28545796
  111.43902415  112.57912067  118.62906883  122.32339087  128.48233871
  135.22175143  151.06370299  166.7172218   188.17365619  189.01778694
  190.68984849  191.66191219  191.8980448   197.25042843  197.31736156
  213.51474537  213.9084775   240.67169566  242.14572449  242.52465666
  247.68574088  251.96119448  252.05702752  252.21046038  253.17009078
  253.33129029  253.533423    253.81378881  254.58805311  276.80511851
  276.99465127  287.28395314  293.96293271  293.977566    295.39749499
  304.15100156  316.28396446  316.30916439  325.36683669  330.14102209
  344.28737884  346.98903724  351.19555771  353.49511735  373.41398978
  376.99007884  392.16453244  392.528198    397.33621663  397.50644944
  405.09532624  412.19890452  420.05514716  420.66744529  422.09790758
  422.80607208  422.95083831  426.44036097  436.50743019  461.78788622
  462.55615054  476.56227438  476.89187337  476.90983998  478.05963647
  480.26246306  485.49284707  489.30213542  490.68206454  495.69114922
  501.42626502  505.86131812  508.80874244  531.12190755  531.28280706
  534.08749848  537.45258819  538.45858512  539.72941456  540.31541277
  540.62954515  540.83157786  541.84607476  549.90515012  550.04838301
  550.22134915  555.97233156  558.66555666  563.60617489  563.77777436
  564.88673764  573.36224506  577.55256558  577.57139885  578.54489588
  583.13604851  590.68562542  591.62232256  591.78878872  592.8511188
  597.0703059   601.15692674  604.20948407  625.68598507  637.15515
  638.58531229  646.75702064  646.93375343  648.32331585  649.40587921
  654.93342897  658.14391915  666.24926104  672.18304289  675.64769897
  680.18921841  695.32610546  695.81013731  699.37185976  699.38815971
  701.94791855  702.84464914  703.06364847  703.11758164  709.29279609
  714.42961371  717.01097249  717.02517244  719.18766583  721.12545991
  721.1942597   721.48275881  722.89328784  723.37675302  723.44615281
  723.79845173  726.73624275  727.36127417  730.32576511  731.10482939
  732.90979054  735.68238206  739.20550462  742.86879342  748.97540808
  751.46870046  761.51146975  766.00208935  766.9574531   777.33162138
  779.29594871  785.09689763  793.68917136  795.22266667  814.26317512
  824.96117574  825.11094195  839.71526396  847.24614093  851.84169355
  855.36478278  859.04040487  868.86724149  874.1300254   876.02771959
  883.43253029  886.56428738  888.16381582  888.8566137   889.45531187
  889.73771101  890.14457643  895.8322257   904.54153241  904.66716536
  911.67124394  913.14583943  915.38196593  920.32178416  923.94837307
  935.80397015  944.21494443  947.8207334   948.95036328  949.06009628
  950.55689171  950.81809091  951.44898898  952.65498529  952.97781764
  953.3069833   962.17712284  972.36275836  978.64787248  989.56543909
  993.64269329 1005.6855898  1006.45232079 1014.41959643 1024.15283334
 1032.30697507 1033.54473795 1037.4753926  1038.07169078 1041.09691486
 1042.64677679 1043.06557551 1044.08810571 1044.42507135 1047.46912871
 1048.24219301 1058.09196289 1058.32122886 1058.47596172 1058.98772682
 1077.01503837 1080.49649439 1085.3542462  1087.1761073  1089.32066741
 1090.86259602 1092.82732335 1093.14422238 1094.10188612 1094.89541703
 1099.54956946 1099.70473565 1105.07978589 1108.1610098  1121.50280233
 1124.12596098 1126.60432007 1130.77804064 1137.6599196  1146.65612542
 1150.32224755 1150.3606141  1153.79603692 1161.38344706 1161.44541354
 1174.87987246 1177.9289298  1179.34012549 1179.43959185 1179.59982469
 1186.62103656 1187.01753534 1188.8201965  1199.25613125 1199.43756403
 1203.60408463 1203.7210176  1207.15127378 1208.0270711  1208.30557025
 1209.7603658  1212.1588918  1216.91707725 1221.44266341 1221.71356259
 1227.89891034 1231.93356467 1234.51702344 1237.47784772 1247.09905163
 1247.20781797 1247.60578341 1251.46110496 1252.32463565 1254.68756176
 1264.97866363 1301.73058458 1301.92905064 1303.66214534 1312.10315287
 1317.00197122 1318.78916576 1322.34708821 1323.1125192  1326.93907417
 1333.68475354 1335.90638008 1361.14316958 1379.97791199 1381.4585408
 1381.57467378 1381.67357347 1382.43623781 1382.52163755 1385.63096137
 1385.71609445 1385.84156073 1393.08070526 1404.20267125 1409.30528898
 1422.88741412 1435.70777492 1446.57237503 1449.10816728 1450.05216439
 1450.91359509 1454.68328356 1465.37295088 1566.35330878 1573.20865448
 1609.81307589 1614.31792878 1615.07305981 1619.39611325 1623.23293485
 1661.47381793 1664.75524122 1667.12413398 1667.46726627 1684.50628083
 1690.60352885 1696.01411231 1705.81168235 1706.88587907 1716.39135
 1748.68588459 1785.95743729 1802.08658797 1813.20485398 1822.66735837
 1835.21545334 1843.176829   1850.2411074  1895.83123466 1898.41499343
 1900.70765308 1915.56307433 1930.08786325 1933.55325265 1938.73063682
 1940.35293186 1983.30976718 1984.33209738 1989.46544835 1997.62499007
 1998.84711967 2006.15759731 2007.6111262  2013.40034183 2018.54092612
 2027.07080003 2044.71761274 2045.21554455 2045.25011111 2045.58351009
 2072.4218947  2091.16107073 2092.62783291 2106.27622451 2114.85929827
 2119.9181828  2122.29930885 2122.51980818 2122.52747482 2123.28793916
 2129.26312089 2129.57411994 2182.51082474 2187.87644167 2193.79682357
 2194.34572189 2195.24108582 2195.53598492 2200.99006824 2201.0902346
 2201.53693323 2203.27746125 2287.92736908 2306.60694529 2306.98754413
 2308.28444016 2308.50677282 2308.57513928 2309.31313702 2310.28430072
 2317.34641246 2328.69637775 2371.12671468 2378.86112436 2393.13871404
 2457.73184986 2549.6190689  2572.14413336 2636.44807007 2642.62155119
 2643.14884958 2665.96774647 2668.06817338 2671.85009515 2734.79300269
 2744.1636407  2781.33119372 2797.57397739 2802.6838951  2811.18043579
 2812.65609794 2824.4745618  2869.35905789 2875.07200709 2892.13552158
 2893.11638525 2913.78912204 2959.79334804 2960.6544454  3007.74876807
 3018.10820306 3026.79070984 3041.21426574 3042.6666613  3083.61953608
 3094.29793676 3101.11578258 3128.95413079 3235.23707248 3252.52735294
 3252.66691918 3278.15030793 3339.77765282 3341.16544858 3364.25201132
 3375.90064237 3393.35958898 3418.87824429 3419.43407592 3420.39947297
 3458.29062378 3476.40306839 3494.78184553 3496.64847315 3497.94123587
 3503.14818661 3517.45624286 3529.93653804 3580.49081679 3619.59943054
 3720.19545628 3772.6668625  3802.37947165 3841.76885121 3900.95390357
 3947.12202907 3949.95808706 3996.81824378 3996.91354349 4034.03346332
 4035.60435852 4037.64368561 4039.22944743 4118.16243941 4139.72220682
 4210.82665607 4217.7281683  4236.70431028 4249.51430444 4267.05191748
 4309.43285456 4318.18176114 4366.98081193 4407.73328732 4420.70641432
 4420.90848037 4424.78396852 4468.57006796 4512.27276767 4656.44952682
 4660.93881309 4688.63142841 4691.60795264 4717.44860696 4725.04628373
 4732.76599346 4732.8729598  4733.06619254 4742.44969719 4745.40155483
 4766.77925613 4774.28269985 4778.0927882  4826.27850753 4858.42654256
 4891.6072411  4911.27074765 4915.2856687  4916.33026551 4948.0444352
 4989.22140929 5002.20213627 5016.55499238 5029.44358631 5043.85524224
 5071.76255691 5072.50185465 5074.65078141 5074.81601424 5097.61784452
 5100.0002039  5104.5906232  5118.27531469 5119.68491037 5140.4860801
 5157.44286159 5188.13546774 5194.91231368 5200.21646413 5203.18225506
 5264.59730061 5275.94733257 5291.05581971 5321.23586076 5328.02817332
 5340.91620058 5355.20935688 5358.33328066 5359.69014317 5360.20807492
 5365.54422527 5379.28691659 5389.63858493 5412.51888164 5419.76675948
 5419.87315915 5420.13802501 5438.10267008 5473.35702895 5497.5942215
 5535.7626048  5536.47850261 5554.59291388 5641.45224829 5655.71453802
 5663.54324741 5664.21041204 5674.85027951 5683.8019188  5685.01008177
 5686.29337785 5686.41551081 5703.80362431 5709.89727234 5713.0181628
 5760.48158434 5791.02942426 5792.14825418 5810.00959956 5815.81691514
 5820.98146601 5821.27509845 5829.62960623 5840.59760603 5852.23143712
 5932.50822499 5949.56933949 5980.69414432 5981.30124247 5983.92500111
 6019.10526021 6019.37875937 6019.90932441 6023.67374624 6036.83443933
 6047.85943895 6083.32519717 6089.43174517 6089.50524494 6093.07403403
 6106.78665877 6109.12198496 6111.79837678 6111.92850971 6157.1093049
 6159.25766499 6163.14731977 6177.23444336 6200.15227328 6236.83229446
 6242.4770772  6264.77207569 6291.36492771 6292.360058   6326.00015514
 6355.20043252 6355.60366462 6362.68484297 6366.79709706 6377.07926562
 6379.96089015 6381.95485072 6387.47290051 6421.00866463 6423.40879063
 6426.1554489  6432.26619688 6433.61552609 6443.46839596 6450.24777523
 6487.25416207 6508.68642987 6559.33927499 6559.56310764 6579.89884546
 6584.79286383 6594.37136787 6606.38489781 6626.78383543 6630.00329225
 6630.78952318 6632.78801707 6650.67409572 6660.90959775 6679.00987574
 6692.53106773 6754.19601251 6772.17645753 6781.05536371 6781.37412941
 6792.01273021 6801.46456798 6801.57696763 6801.73720048 6827.4881884
 6837.21842532 6856.4112333  6889.83496443 6890.45009588 6905.10208441
 6954.53499993 6967.92959231 6977.09369762 7021.10216305 7064.22089788
 7068.87268365 7071.79267472 7113.998979   7117.19220257 7159.09044112
 7159.16740756 7160.46387026 7181.20770683 7220.68448612 7231.8990185
 7232.26508404]"
383,708016_2024-04-29_B-422,AId,True,"[  73.66213966   73.75417272   88.19496189  195.16280148  195.18213476
  227.22173679  241.27869381  244.58085038  248.22010592  367.5845076
  392.59086447  443.38417583  544.97626519  547.39052447  594.33788092
  628.76587565  645.0785591   649.37694596  649.50291224  649.56691205
  649.62247854  650.70470857  651.45440627  651.94367145  652.28420374
  652.45826987  652.88910189  655.32219445  666.12649475  677.98942514
  721.313226    732.03699321  738.01660826  744.91932049  744.92862046
  761.48320317  925.95130028  926.08206654  926.20503283  926.42559883
  926.7185646   927.07409684  935.48510446  935.49587109  954.75714553
  958.73790002  963.04528685  963.1385199   973.53288812  995.27028832
  995.58715402  997.91418023  999.2112096  1008.17744885 1008.92267991
 1040.72938265 1060.69025495 1061.90488457 1108.09021001 1108.17370976
 1108.52850867 1108.81034114 1122.40246625 1129.18457885 1133.77263148
 1145.00459714 1184.91447511 1213.61638734 1217.85890771 1228.54177504
 1280.28601682 1303.64964538 1315.50847579 1385.05262981 1397.9731903
 1449.65183228 1451.1070945  1457.36447537 1463.23349075 1509.26848333
 1509.73461523 1510.87781174 1514.4216009  1552.01125263 1575.36848121
 1584.4202202  1616.15055651 1666.24617    1669.17289438 1673.61474747
 1674.04514615 1674.29341206 1683.32005113 1683.41925082 1694.47541702
 1704.97935156 1727.70511541 1727.82234838 1732.18093506 1755.40836403
 1755.58179684 1757.19392524 1758.48215463 1760.14458289 1761.51827868
 1762.1450101  1781.93678292 1788.6250958  1790.42595696 1833.04152665
 1839.69327298 1842.62406402 1859.68954517 1898.39756015 1900.67395319
 1987.80358677 1987.96095295 1992.85900464 1993.08677061 2007.60999287
 2075.71348463 2103.35140012 2150.82942162 2170.05556283 2180.58949729
 2181.3595616  2181.73319379 2207.98124686 2209.66587504 2210.81130488
 2239.39178415 2243.61860456 2273.16748087 2276.9851692  2286.16634113
 2299.16386805 2342.00040374 2378.5990585  2379.81405478 2390.57248855
 2399.04416265 2399.24996202 2399.32346179 2409.00086554 2410.44276113
 2457.85718281 2457.90454934 2457.90994932 2457.95314919 2457.96624915
 2457.99734905 2458.0044157  2458.61384717 2460.89710685 2482.62650708
 2521.48942158 2521.63065448 2552.97882529 2579.46231098 2587.41578666
 2608.22352304 2635.97290485 2663.14308844 2667.55617495 2671.54566275
 2693.68362839 2699.34961107 2699.64157684 2760.93052277 2766.73640502
 2767.35040314 2804.46912297 2811.83603378 2812.83333073 2813.83589433
 2813.93172737 2814.054927   2814.29885958 2814.91572436 2848.98138687
 2875.04404051 2895.32651182 2912.43792617 2918.73130693 2943.53179776
 2972.35864295 2972.7438751  2972.85784142 2975.91346541 2982.03004671
 2987.77049582 2995.67620498 3001.37568756 3003.07671569 3015.92780973
 3028.40260492 3035.41301681 3041.89649699 3042.11756298 3042.26532919
 3049.39524073 3049.73713968 3111.89908294 3127.97883377 3128.94309749
 3135.35814454 3190.03831068 3192.55920297 3192.72146914 3192.84366877
 3200.08847995 3200.29201266 3232.33911467 3232.6564137  3233.03227922
 3250.51999241 3319.88634698 3329.53828413 3342.43864468 3359.7977916
 3359.91429125 3359.93925784 3373.60101607 3373.75771559 3373.83858201
 3374.85004558 3382.80655458 3382.97788739 3383.12075362 3417.66661466
 3418.33057929 3418.53797866 3423.51173012 3532.81769589 3576.05639701
 3576.44322917 3620.35039491 3628.386837   3645.07175265 3645.24461879
 3645.42051825 3676.78562235 3680.99817613 3681.52740785 3706.80453056
 3744.33398247 3783.03056415 3897.44228098 3924.52629816 3924.89006371
 3951.96688092 3993.68528669 4006.70831354 4018.73564343 4037.06808737
 4082.3446156  4109.30233317 4113.63035327 4140.39290477 4179.31388576
 4196.07486784 4196.1751342  4199.0439921  4203.62994474 4210.58559014
 4211.02722212 4213.05794925 4213.08444917 4266.10075372 4289.45654897
 4316.57286606 4343.8249494  4343.90491582 4353.05138785 4400.18637706
 4400.34807657 4419.64601756 4420.00718312 4465.16367838 4465.20077827
 4465.32247789 4479.24133533 4479.31526844 4497.45991296 4545.81236511
 4545.9702313  4546.19906393 4563.41964461 4563.47281111 4563.56221084
 4566.69226793 4614.76042096 4619.9900383  4641.91327126 4641.97483774
 4642.06340414 4642.45046962 4687.68313131 4687.95176382 4688.20649638
 4688.67226162 4708.2697017  4715.5744127  4790.22208444 4939.20009558
 4941.73615449 5066.29370696 5095.63431725 5271.72921213 5275.11846844
 5275.34683441 5324.07368541 5324.15941848 5375.61999447 5388.37598879
 5388.62065471 5388.69595448 5399.72022077 5399.74198737 5399.77225395
 5400.41385199 5405.03610452 5411.44291826 5411.74885066 5417.35583352
 5417.58253282 5418.11803119 5465.27672032 5470.38387137 5473.20096276
 5496.39269184 5496.45605832 5496.49199154 5496.50069151 5496.50999149
 5554.2050484  5554.86711305 5568.24620547 5600.09820808 5621.50304263
 5640.69471728 5640.71278389 5655.63290493 5676.63144073 5716.03322025
 5716.04035356 5738.96475013 5741.67324185 5775.6142714  5775.74973765
 5775.89867053 5776.00093688 5790.59562559 5790.7651584  5820.99289931
 5830.70990293 5843.60353017 5853.54359978 5853.63736616 5854.76722937
 5901.43535334 5901.54201968 5932.97789023 6023.97571198 6024.35331083
 6050.67603034 6060.78926608 6066.37411567 6113.81650394 6114.10076974
 6114.67966797 6115.43083234 6115.54506532 6115.97593067 6116.01609721
 6128.46272582 6151.77158788 6196.84871672 6205.86675581 6219.87517964
 6226.03519414 6227.78425546 6228.03082137 6252.7246792  6261.32658623
 6264.71714253 6276.44377334 6287.60640587 6295.51584835 6297.95587423
 6310.26980324 6310.35290299 6325.70958936 6333.71616488 6366.70389735
 6367.48476163 6387.3348676  6425.88234973 6426.40794812 6426.41984809
 6432.73269545 6434.16229108 6434.46299016 6434.58568979 6434.80892244
 6435.57918675 6450.21267534 6452.7651342  6453.48229867 6455.22412668
 6462.2264386  6465.57462836 6466.73279149 6467.07212378 6471.1865112
 6471.29541087 6473.84560307 6480.79031517 6481.46234645 6491.14448351
 6519.4903635  6533.4254209  6537.73124106 6538.94437069 6550.80590108
 6551.0180671  6551.65659848 6551.66116514 6551.90473106 6557.26661466
 6559.72097382 6559.92770653 6562.6837981  6568.06618164 6568.168148
 6568.22821448 6568.43894717 6592.89130573 6599.08698679 6615.13007107
 6637.80180174 6638.8301986  6639.0138647  6639.14133098 6639.17889753
 6644.91851332 6654.12251851 6655.08958221 6656.4799113  6665.1242182
 6666.15591504 6669.33250533 6671.58643177 6677.94151234 6679.94247289
 6683.33079586 6684.60825862 6684.61832526 6687.56794957 6687.65371598
 6687.88334861 6688.00224824 6688.14698113 6696.82822126 6708.20435314
 6708.2268864  6719.90785069 6720.3176161  6727.74536005 6744.34707596
 6749.07692816 6760.31799379 6777.33984174 6781.31396292 6783.64882245
 6785.39641711 6785.78934924 6787.03174544 6787.23904481 6789.49790457
 6789.6614374  6789.80917028 6794.58645567 6799.98923915 6801.08953579
 6801.34283501 6805.00209049 6809.61994304 6810.30670761 6811.2793713
 6821.87480557 6822.35083744 6824.31319811 6824.93439621 6824.95126283
 6824.96489612 6825.60696082 6825.63226074 6826.81715712 6831.73060876
 6831.84020843 6832.12704089 6843.42900633 6844.99276821 6845.13490111
 6845.22356751 6845.37050039 6845.76133253 6852.40111223 6864.35347568
 6865.21503971 6871.59252021 6875.03250969 6875.35344204 6886.93790662
 6889.82019781 6893.84801883 6894.04685155 6902.10299359 6924.60362478
 6930.9870386  6940.13174397 6946.54192437 6946.57519094 6949.71331467
 6951.78997499 6953.43536996 6954.33730053 6955.07576494 6965.55569957
 6966.28253068 6970.45135126 6993.57104724 6998.82056452 7003.50655019
 7006.94960633 7007.04303938 7011.02109388 7013.73511891 7014.84494885
 7019.45253476 7021.6963279  7028.860506   7052.62346667 7069.76554759
 7072.40370619 7073.40413646 7086.7255624  7093.39864199 7094.1059065
 7097.84149507 7098.90545849 7099.34305715 7099.4913567  7107.00103373
 7110.73045566 7112.17145126 7117.2794023  7119.36342927 7142.85019078
 7147.15277763 7157.13334711 7158.65104247 7158.86517515 7170.03040767
 7204.51443556 7210.83821623 7236.06850575 7237.77863385 7239.61789489
 7248.39400139 7258.06643848 7258.32330437 7258.62287012 7266.32207991]"
384,708016_2024-04-29_B-423,AId,True,"[  27.39588113   33.92109451   34.57475918 ... 7273.91709002 7274.02672302
 7274.6763877 ]"
385,708016_2024-04-29_B-424,AId,True,"[  20.32586942   36.64591952   60.38798025  149.58757417  184.56290056
  212.25634922  216.98543476  218.75212935  235.46694491  238.57860206
  238.79433474  238.91913436  239.35883301  239.37813295  239.81916494
  239.91556464  240.5937959   241.32972698  241.70869249  242.97912194
  243.15382141  243.17802133  243.39115402  243.50675366  250.7994647
  279.28504426  281.67313696  288.75544864  358.07823667  380.24933554
  381.35009884  381.36066548  403.755597    412.24447104  536.53982432
  536.62712405  537.85255364  537.87462024  563.91050729  564.78573795
  591.11855743  591.40882321  594.47351384  606.01467855  608.58453736
  640.83533874  641.02710483  641.06747137  641.19227099  641.2085376
  641.2190709   641.22797088  662.52493909  662.53793905  668.49298751
  733.66672156  781.71487464  785.04873111  785.08499767  788.65028677
  839.92033     884.8000261   911.38317815  943.34888041  945.40594079
  962.7686877  1049.91812122 1049.92445453 1049.93905449 1049.97058773
 1079.69333018 1079.70653014 1090.53513036 1106.78618067 1133.54019886
 1141.72637383 1144.28483267 1144.29453264 1144.29853263 1144.57619845
 1144.60529836 1144.87593087 1167.62222798 1202.82185368 1203.05275298
 1203.14935268 1206.52940901 1212.77148993 1212.91548949 1213.20128861
 1214.50098464 1214.75115054 1246.64595302 1288.31709226 1357.95794599
 1380.44771056 1380.56201021 1384.43929835 1384.65956434 1394.09096884
 1396.7837606  1396.79202725 1396.7969939  1453.19575478 1463.17379094
 1463.18039092 1475.02248804 1476.58554993 1498.52708284 1535.48200317
 1573.11995475 1584.35155374 1618.02108412 1618.02655077 1618.03288409
 1628.60285177 1630.01551412 1653.59700868 1659.0405587  1660.16135527
 1665.84207124 1671.62908687 1674.13597921 1674.14317919 1674.8035105
 1675.15634275 1675.16524273 1675.17014271 1675.30294231 1675.32160892
 1675.54147491 1675.71077439 1678.61429885 1694.97224883 1695.5826803
 1704.01558784 1704.07518766 1704.09328761 1704.09748759 1705.75934918
 1717.05811463 1720.78136991 1721.14390214 1728.0359144  1728.09224756
 1728.16871399 1728.32214686 1728.74097891 1729.21727745 1730.03677495
 1730.08174148 1730.08960812 1730.09584143 1730.10424141 1735.1536593
 1746.2170588  1773.48124211 1787.40776619 1796.34493886 1797.86193422
 1827.96584217 1831.26479875 1939.63523405 1939.74363372 1939.80213354
 1941.37842872 1941.73682763 1944.27498653 1954.59432165 1972.26230096
 1982.3332035  1989.77261408 1989.99658006 2013.19544246 2030.15939059
 2030.19579048 2031.23415397 2032.8694823  2032.87734895 2036.0866058
 2051.72535798 2074.42735523 2126.68076212 2126.85672825 2153.48698016
 2168.19980184 2181.70279388 2181.70876053 2181.87016004 2181.87616002
 2183.93542039 2210.73503844 2286.07800806 2289.49623095 2289.50713091
 2289.51359756 2330.17410657 2331.90890126 2334.829559   2439.77137145
 2441.29120013 2452.01346735 2499.50615546 2499.51312211 2589.39058062
 2715.11752952 2726.28492871 2752.43478208 2797.61277727 2808.27634467
 2809.54597412 2810.82987019 2817.77374896 2819.9742089  2851.78184497
 2878.36383036 2896.78717402 2911.30689629 2917.72534334 2925.36898663
 2925.39938654 2925.40488652 2925.52758614 2925.81438527 2925.83268521
 2982.00701345 2984.91300456 2986.29313367 2988.54822678 3014.96477934
 3015.00584588 3015.12167886 3015.1505121  3015.15581209 3016.1970089
 3016.53430787 3017.67597105 3024.18825114 3024.21971771 3024.24128431
 3024.26745089 3041.14476595 3047.99407834 3050.69950341 3075.83575988
 3100.04325253 3205.20619763 3207.09185854 3208.89625302 3209.09831907
 3251.02549087 3268.31767132 3316.18965828 3333.54470521 3363.7555795
 3394.34978595 3394.45275231 3458.46258992 3558.17431836 3572.75837377
 3781.56043531 3781.73240145 3786.893819   3815.99523002 3816.11549632
 3840.43945527 3876.13477946 3876.18631264 3930.07564786 3939.87141791
 3993.89548605 3993.90328603 4004.46585373 4081.55288468 4109.32256644
 4109.35393301 4110.4792629  4110.48809621 4113.7408196  4113.80941939
 4137.21744781 4145.68575525 4145.69465522 4145.70442186 4163.43950097
 4166.66175778 4182.59837572 4207.93216492 4208.0679645  4208.08829778
 4209.03869487 4209.2458609  4209.39779377 4210.36079083 4211.46532078
 4212.22575179 4212.43141783 4212.84868322 4212.98474947 4212.98841613
 4213.16004893 4213.29301519 4213.38644824 4213.39244822 4213.39748154
 4213.60128092 4214.02507962 4214.12247932 4214.48231156 4214.55881132
 4216.08230667 4216.24180618 4227.53660498 4242.37962626 4242.38495957
 4242.3966262  4266.32135305 4266.32861969 4266.65185204 4266.88278467
 4267.29215008 4271.42393745 4295.46146395 4301.88867763 4451.67175297
 4459.85176129 4465.20234493 4480.98349667 4508.20104678 4546.04599773
 4594.70048229 4614.1465895  4614.20742265 4614.28558907 4614.30692234
 4614.31328899 4614.60148811 4622.81402966 4622.9863958  4624.95178979
 4632.07293469 4632.07950133 4632.09006797 4632.11536789 4676.33466601
 4692.68174936 4692.71894925 4692.72691589 4711.7571577  4712.29402273
 4721.75646046 4723.86558734 4723.87302065 4723.89158726 4738.82397494
 4738.90507469 4739.00284106 4741.77779924 4741.85949899 4741.92529879
 4741.93189877 4742.0634317  4742.14889811 4742.399964   4742.51116366
 4742.71586304 4748.30674594 4753.4225303  4753.67076287 4807.36649869
 4839.28976774 4880.95090702 4914.81340348 4933.14574742 4933.35178013
 4933.4265799  4933.62864595 4933.63764592 4933.79931209 4936.50030383
 4939.73646061 4942.15261988 4947.91750226 4950.34609483 4951.84832357
 4955.75244497 4976.31211543 4976.32478206 5085.3929819  5097.38787855
 5097.62971115 5097.67644434 5104.67685627 5104.74252273 5104.85672238
 5104.86448902 5109.40497514 5110.25560587 5110.33403897 5204.33105155
 5204.43228458 5204.43745123 5213.51212348 5225.97821869 5235.53312281
 5253.60053423 5255.86816063 5274.6500032  5277.38152818 5309.94766194
 5319.94559804 5331.92236141 5342.67166188 5389.67078484 5417.7653656
 5427.26200323 5431.16502462 5431.30485753 5477.74661553 5484.91022695
 5489.02054772 5489.0280477  5489.15658064 5489.32621345 5508.78245396
 5508.79865391 5508.80588722 5535.44033911 5554.64461373 5554.69318024
 5562.54285624 5565.74911311 5575.51278325 5612.62263645 5613.09780166
 5613.30846768 5613.49793377 5625.95382902 5633.82467162 5656.03607037
 5656.05427031 5657.07376719 5677.18003905 5677.19080568 5683.51025303
 5685.62454656 5686.32174443 5686.33567772 5700.99836622 5701.00913285
 5701.01636616 5701.04596607 5701.08989927 5701.12983248 5701.1561324
 5701.21899888 5701.22649885 5703.46052536 5703.60169159 5704.53778873
 5704.95998744 5707.97631155 5713.39689497 5713.40226162 5715.45522201
 5715.57065499 5722.00013533 5761.84701349 5775.86840395 5776.02170349
 5792.86301866 5793.04048478 5793.04791809 5807.5554404  5809.42623468
 5810.01889953 5810.10169928 5810.5852978  5810.89923017 5813.75228812
 5815.37034984 5818.64597315 5818.74720618 5818.84307255 5818.96737217
 5819.15503826 5819.29067118 5821.02443255 5821.04879914 5821.14889883
 5821.24916519 5821.36149818 5821.36719817 5821.55176427 5825.14718661
 5827.73827868 5834.72759065 5834.9921565  5838.21571331 5852.25743705
 5853.32553378 5883.59184123 5914.52364665 6089.45887842 6114.39136885
 6114.8211342  6115.04170019 6115.40396575 6115.60073182 6163.54568521
 6163.61041835 6163.61611833 6164.1380834  6176.66401177 6211.30733917
 6211.31893914 6227.67628912 6254.44417394 6254.84130606 6299.32887003
 6299.36176993 6299.84436845 6300.22063397 6300.23063394 6300.91806517
 6311.0561675  6381.2839861  6382.88004789 6456.34315659 6456.80792184
 6457.02925449 6457.53181962 6464.45989844 6464.46666508 6466.51769215
 6479.16845346 6490.97975068 6507.83283248 6508.7424297  6560.01337293
 6560.02067291 6560.03030621 6560.56100459 6561.55920154 6562.62806494
 6567.41638363 6567.59418308 6587.46135567 6631.15412207 6639.75992909
 6639.83152887 6653.6554866  6653.66288658 6653.6670199  6653.67191988
 6654.21845155 6685.7810217  6708.2604863  6728.20669198 6736.99619843
 6772.3064238  6772.39825685 6772.41602346 6772.52738979 6794.80252168
 6796.06145116 6826.60199111 6882.69648626 6960.9659136  6961.0847799
 6961.12274645 6961.32811249 6961.49181199 6977.20703061 6977.5025297
 7026.52814646 7026.5578797  7026.60561289 7026.69784594 7026.77151238
 7097.39199645 7097.40319641 7114.53157737 7114.5677106  7119.06319685
 7125.45374398 7125.85837607 7141.32626211 7172.58156654 7187.17458858
 7188.04365259 7197.56292349 7207.92245848 7268.65787277]"
386,708016_2024-04-29_B-426,AId,True,"[  33.59712884   46.0709907    48.78624906   99.53326056  100.81335664
  112.89695303  112.90391967  138.27200877  183.90376924  201.93181412
  201.93531411  201.94564741  211.6418511   268.13477836  320.20068582
  324.12980714  339.17786113  346.92307078  350.52772642  368.48780484
  392.75053065  392.82336376  394.67199144  411.3744737   426.39286111
  483.54368636  506.57781593  539.76904778  539.7819144   548.35418819
  595.70074342  610.56813129  648.56574844  651.80400521  665.55902981
  668.35695459  687.52876264  698.01269725  724.02265105  745.45771884
  789.69221692  793.05183998  846.11851105  906.52432634  913.38537203
  915.32893276  924.09880594  926.90576402  941.16742042  941.83265171
  941.85218499  941.89661819  941.95898466  942.01595115  942.0223178
  942.0322511   942.1213175   942.86491523  943.1896809   951.16092319
  964.79914816  995.39202128  996.91644995 1053.40834388 1174.6896397
 1174.81890598 1183.9896446  1185.6347729  1237.04088239 1244.40349321
 1246.94768543 1249.84074325 1280.14378392 1280.34921663 1318.80899903
 1369.30114464 1400.71121526 1468.09090923 1481.40276853 1489.94630907
 1509.26428334 1509.28374995 1562.84025285 1573.33762075 1573.41615385
 1573.63341985 1616.10735664 1616.14385653 1624.43953117 1644.3218037
 1645.22130095 1659.0940252  1661.77595033 1661.86701672 1661.92781654
 1662.10204934 1662.22101564 1662.44578162 1662.55268129 1663.0625464
 1663.2476125  1663.74077766 1664.78150781 1664.86157423 1665.11967344
 1665.59053867 1665.70820498 1665.81540465 1665.98153748 1666.25523664
 1666.61573554 1666.69806862 1666.7466018  1668.2723638  1668.51042974
 1668.61889608 1668.73369573 1669.84352567 1670.24169112 1670.63902323
 1671.01725541 1673.53901437 1674.06764608 1717.07301459 1717.09498119
 1721.24430183 1752.88110509 1774.93283767 1781.51088422 1832.26152904
 1833.11365977 1843.4138616  1886.73149582 1939.85000006 1940.54516461
 1941.47296177 1941.78079416 1942.04502669 1942.48722533 1942.5843917
 1942.595625   1942.65355816 1943.18688986 1943.43898909 1944.58185226
 1946.52611298 1950.51600078 1959.79253909 1987.20692193 2007.62025951
 2127.29436025 2127.39132662 2180.2894982  2187.97004138 2188.84013872
 2198.5935089  2224.16739737 2253.18437531 2253.37124141 2270.17112337
 2270.95542097 2271.02872075 2271.05312067 2271.15058704 2271.6342189
 2305.18008299 2314.24692193 2329.93917395 2330.2398397  2332.38633313
 2339.8982435  2348.85384945 2350.12334557 2351.6397076  2367.97145766
 2373.19324169 2379.39638939 2380.00212087 2411.07555919 2428.40283954
 2430.85256539 2437.25207915 2438.02594345 2438.03504342 2444.16462468
 2445.06452193 2446.90694963 2447.03294924 2450.03934005 2459.06977911
 2469.15084828 2474.24246605 2481.19537812 2497.59502797 2502.8733785
 2504.71370621 2510.23758932 2520.39989158 2521.66545437 2542.22179152
 2545.90724691 2546.50371176 2560.69730169 2562.92502821 2566.43851747
 2571.07126997 2595.89282741 2603.36637122 2604.30406835 2604.39490141
 2630.40522188 2642.67365103 2656.10797662 2662.24935784 2721.86804221
 2729.71268489 2735.86906607 2738.43762488 2738.47359144 2739.42448853
 2751.53125151 2758.01349835 2760.92185613 2763.08018286 2812.73119771
 2838.21145313 2844.29620119 2845.21006507 2855.48240032 2857.53032739
 2896.82374058 2907.33840843 2907.59050766 2911.60569538 2912.40852626
 2912.47909271 2912.55179249 2912.61029231 2912.67952543 2925.17725388
 2925.73761884 2927.3619472  2937.59168259 2937.77071538 2949.09834741
 2967.66292397 2968.73385403 2981.99838014 2998.11466419 3025.70934648
 3050.67660348 3055.09458997 3055.79822115 3086.12102843 3091.9860105
 3092.33240944 3100.04208586 3103.53650851 3129.96049438 3132.10002117
 3133.31431746 3137.08440593 3144.30391719 3191.39857319 3192.03220458
 3211.36167881 3211.41747864 3226.5937989  3226.92223123 3237.57949865
 3250.08442708 3251.99885456 3291.10616831 3304.0387621  3341.76411341
 3342.32124504 3355.59427112 3390.85152998 3394.75141806 3419.92300776
 3420.06994064 3420.717472   3420.80410506 3443.47966906 3473.50174393
 3473.52937718 3478.08876324 3507.26410736 3507.50690662 3520.74516614
 3569.46135051 3569.93821572 3570.07931529 3576.46336244 3576.82042801
 3589.76025511 3604.8178424  3605.28224098 3610.60182472 3614.0074143
 3614.08148074 3620.41009473 3624.38171592 3624.67311503 3626.534876
 3627.57670615 3627.7563056  3628.32110387 3628.39233699 3629.70133298
 3640.27060067 3640.93356531 3640.94156528 3642.24272797 3652.21049749
 3652.58479635 3652.65096281 3653.17486121 3663.46926306 3663.6419292
 3666.34595427 3668.5252476  3681.21467547 3722.53541579 3722.6201822
 3728.72849685 3735.16254385 3736.1593408  3736.52993967 3736.80760548
 3736.90733851 3780.25743929 3780.33743905 3780.43833874 3780.46800532
 3792.40513548 3810.96351207 3815.96276345 3816.32246235 3854.73127824
 3865.11461316 3898.99577623 3912.19866919 3947.15149565 3947.59689428
 3981.28285795 4031.50287106 4031.50977104 4031.58723747 4046.41579212
 4055.20389859 4070.50401847 4080.5872543  4098.57026598 4115.4733143
 4131.79503106 4141.01630286 4149.53604348 4170.91684477 4175.54359729
 4184.05253794 4184.19023752 4184.58393631 4184.62796951 4184.6411028
 4212.20528519 4248.34817467 4283.29050116 4437.31786352 4477.47454074
 4479.57580098 4490.39696789 4503.2802285  4519.684945   4543.59253857
 4550.07825207 4568.58496215 4700.66369162 4707.36640446 4712.00452361
 4768.17525186 4768.32571806 4781.08397905 4814.60710988 4815.00767532
 4815.37984085 4816.02447221 4868.50951173 4868.58957815 4868.89301056
 4901.1370453  4902.61964076 4911.98564546 4916.74439758 4933.37908004
 4939.71792733 4939.72452731 4939.75389389 4954.73801474 5010.61631054
 5039.3106228  5065.3232766  5085.68854766 5085.70758093 5153.24644109
 5153.26950768 5153.3949073  5153.40530727 5183.73984785 5189.90032901
 5207.64430809 5212.82169226 5213.25359094 5218.80187397 5228.81797668
 5247.00892105 5258.79485168 5292.99134712 5324.30368471 5324.54095065
 5324.7977832  5388.74085435 5402.56791207 5403.72847518 5410.4492213
 5497.68142124 5502.34257365 5529.08609188 5554.37274789 5568.23747216
 5657.16230026 5683.84841866 5708.50757659 5708.51607656 5710.35573761
 5715.84922081 5719.41807656 5741.81107476 5757.36606053 5775.2534725
 5834.41109161 5921.16045969 5921.17072633 5924.33804998 5928.34890438
 5938.41424027 5961.88183518 6023.93144545 6036.87600587 6110.46888084
 6110.50718072 6110.80717981 6111.01024585 6111.03147912 6111.78981014
 6111.80657675 6111.90737644 6111.93690969 6115.45713226 6115.50766543
 6115.56163194 6115.82026448 6120.33251735 6141.56941908 6141.86878483
 6176.10758014 6204.85919222 6290.14476478 6291.9793925  6296.73041131
 6367.64679447 6387.33936758 6507.91139891 6533.84348628 6540.99626441
 6559.20804206 6559.23100866 6568.26244771 6575.81715794 6615.28480393
 6707.48018869 6707.68492139 6707.70422133 6714.94726585 6819.37341322
 6828.01082014 6828.60171833 6842.54714236 6842.68044195 6845.04083473
 6850.33645187 6866.50866909 6872.90238287 6883.65701665 6892.59785598
 6918.56320992 6918.57727655 6919.05170843 6930.69250617 6965.37756678
 6965.74886564 6965.80779879 6965.81169878 6965.96026499 6999.95989437
 7013.79088541 7014.05521793 7014.07028455 7020.16669925 7021.79306094
 7022.44625894 7022.94459075 7051.64283634 7099.8605889  7100.24598772
 7100.60741995 7100.62591989 7112.01801839 7112.60748326 7117.24010242
 7139.66150053 7145.42234958 7146.42397986 7148.97753871 7158.73397555
 7159.59523958 7187.52425418 7188.23751867 7198.00445547 7235.7776733
 7236.67853722 7237.30460197 7261.35529509 7262.08579286]"
387,708016_2024-04-29_B-428,AId,True,"[  19.44600544   19.71193796   20.06417022 ... 7254.14375048 7255.33428017
 7264.39291914]"
388,708016_2024-04-29_B-431,AId,True,"[  33.99869428   67.59675821   68.59498849   93.97107757   96.7178025
   96.82900216  113.99581634  123.87301947  129.64756848  130.87533139
  139.16203938  144.70192245  154.48685919  159.32141108  175.03082971
  185.04766575  202.85594463  207.10786496  218.24079758  221.71602029
  231.21452458  239.45196606  239.74766516  245.06058224  246.36551159
  260.05986971  268.64981011  276.90665153  283.94906333  288.00781759
  289.49201305  301.92787503  307.89392345  312.14884377  325.37117001
  332.49011491  336.38290301  344.76567737  353.39441766  365.00528215
  368.12787261  377.37611099  384.57608898  394.65972481  417.30928889
  419.37104925  424.8609658   428.70245405  435.45113342  440.29208528
  442.51564515  442.68174464  444.67453855  462.29238468  476.84187352
  489.91730021  502.66256124  505.01175405  509.28410766  518.04981419
  521.00170516  534.76472974  552.00844369  552.68224162  553.5307057
  555.4820664   567.54396285  574.3850086   576.69710153  586.68287099
  588.06743343  589.01949718  593.24621759  599.96949703  606.73610968
  607.44927416  610.84293045  643.58296368  645.44102466  652.65133595
  655.5001939   657.60665413  663.65816896  666.49569362  673.98703738
  687.54832924  697.61533179  700.07202428  715.64777666  718.82106695
  720.86192738  724.60424927  728.3563378   738.62950638  750.4523369
  759.73034186  763.43899719  772.92643485  774.81789573  778.26898518
  791.90144349  799.24672103  805.79630101  814.08857565  815.50227133
  821.41338659  826.19473864  829.33332904  834.11691441  835.58714325
  836.01587527  839.8553302   845.10584748  849.39566769  854.67355156
  878.93434404  881.41603645  887.32811837  901.58587478  920.05808496
  926.38346562  933.95057582  938.09472981  948.17519899  960.26129537
  976.72011171  984.5937543   988.00877719  996.02641934  999.55187523
 1002.40313317 1009.13064594 1010.4284753  1013.57416568 1014.77366202
 1017.81745271 1022.68947114 1048.83842452 1052.30284726 1065.17290791
 1067.98316598 1087.0665743  1089.64006643 1099.85156854 1113.50852678
 1131.81077082 1147.59082257 1148.25835386 1156.82629433 1180.40558889
 1185.47230673 1190.42062494 1205.30797942 1205.71747816 1216.41531212
 1220.71039899 1222.77409268 1230.19933664 1233.78752567 1241.93276743
 1243.91382804 1256.10405743 1266.46665908 1273.98450276 1291.28094987
 1309.80852655 1323.1256525  1325.46714534 1374.03033018 1385.61016144
 1388.29731989 1390.71647916 1405.28370128 1415.40167034 1435.61304188
 1467.4475112  1483.22936295 1483.34616259 1489.48241049 1503.32706816
 1517.01799296 1523.06377448 1538.72189327 1542.71748105 1547.63063269
 1561.47199037 1563.30145144 1565.89711017 1569.52639907 1584.28238729
 1603.22026271 1623.73429999 1626.22402571 1640.92964741 1646.62689666
 1659.00602547 1659.04042537 1659.04909201 1664.61724165 1665.58647202
 1665.81920464 1667.01613431 1674.66214427 1686.08344268 1695.78691301
 1701.5241288  1702.52252574 1724.05272658 1730.22020772 1747.1238227
 1777.3956968  1782.33221504 1790.07012471 1796.33997221 1817.71570685
 1891.70481394 1894.67923818 1903.86687676 1905.2271726  1911.85288567
 1923.71994939 1932.46708931 1943.7302882  1945.69041554 1946.9889449
 1948.8641725  1967.49731553 1972.28683421 1983.82533227 1997.74715636
 1999.28051834 2002.29114247 2003.98640395 2011.35578142 2012.92647662
 2036.30973845 2043.30371707 2043.79944888 2048.19773543 2049.60136448
 2083.56766062 2103.03416776 2106.03452525 2120.8872465  2129.80815256
 2141.70064953 2163.25698362 2167.95320259 2183.49572173 2210.75993837
 2216.31022139 2219.48494502 2228.57471723 2228.58805052 2236.22862716
 2245.6231651  2252.2712781  2259.68245544 2260.37441999 2268.12782962
 2275.87183927 2280.08965971 2289.84446321 2317.01328014 2382.93111192
 2397.4560675  2414.55411522 2443.18282768 2470.87140969 2499.68215492
 2501.96691461 2513.51861262 2516.47273692 2516.72503615 2520.69095735
 2544.90328332 2592.08513905 2594.47636507 2627.89946287 2638.73066309
 2641.48975465 2647.34000343 2647.34200342 2666.2095124  2675.43871751
 2677.81571024 2696.31825367 2705.59259198 2720.71261241 2723.20297146
 2723.77220306 2729.73715148 2732.67034251 2734.29323755 2740.00872008
 2746.56096671 2755.61610569 2757.29150056 2757.37316698 2760.95915601
 2762.44761813 2765.68890822 2773.72248365 2778.07447035 2787.33990868
 2793.7458891  2803.53232584 2807.75254627 2830.00901155 2834.46866458
 2837.39958895 2839.03741727 2841.66070925 2844.82249958 2847.52355799
 2852.98197464 2859.7946538  2890.31722714 2893.38635109 2895.84884356
 2899.0729337  2915.21348435 2915.62081644 2916.00481526 2942.51110088
 2948.63311549 2949.28468017 2954.51256418 2970.09288321 2972.19874344
 2975.32296722 2983.62917515 2987.06229799 3000.44882372 3010.33366017
 3023.13222103 3024.23951765 3029.76876741 3032.18869334 3061.58743678
 3063.53536416 3078.75258429 3085.41733058 3089.78591722 3098.1543583
 3121.81521929 3145.6538464  3155.42848317 3159.8801029  3161.4600314
 3173.76882709 3180.15110758 3181.69926951 3184.11576212 3189.97567754
 3226.94726449 3233.6037108  3258.73573396 3269.28680169 3282.8579602
 3310.54827553 3320.05321313 3320.70111115 3329.94608288 3333.75823789
 3346.13130006 3357.46143208 3374.57524642 3394.93115084 3411.46313363
 3411.67459965 3414.69479041 3422.90599864 3423.49449684 3429.46517858
 3432.50183596 3432.69183538 3438.27661831 3456.04066399 3473.46654404
 3474.86283977 3506.90277513 3540.87383793 3553.65186552 3555.42936009
 3556.35022394 3559.24968174 3565.16319699 3601.36075297 3613.63574877
 3620.94362643 3629.06366827 3634.26365237 3640.60303298 3648.44774233
 3656.80325011 3668.0901156  3677.13538794 3680.92440969 3708.98529056
 3719.5785915  3725.29020737 3756.88737742 3757.01951035 3765.84475003
 3777.18381536 3780.21037277 3784.31709355 3792.25000262 3821.29024716
 3822.89684225 3827.89112698 3837.43989778 3838.6209275  3848.76412982
 3851.7013875  3853.86418089 3857.97070167 3862.67208729 3877.54087516
 3881.7677289  3891.7885316  3906.46512005 3917.56675277 3919.9033123
 3921.77677323 3938.23108959 3944.86280264 3949.40342209 3951.59671539
 3956.66639989 3964.24691004 3974.04938007 3985.20494596 3987.22130646
 3993.49748727 4000.76336505 4018.01851229 4024.34839293 4042.39360442
 4053.24207125 4054.39423439 4069.21522241 4072.33601287 4078.84855962
 4090.99632248 4095.0017769  4107.86820422 4119.22360283 4165.85732691
 4178.06418958 4184.13910434 4185.00263503 4186.01083195 4186.60186348
 4201.8439502  4213.13688234 4214.71164419 4226.48730818 4227.03547317
 4230.4623627  4239.99313355 4244.97645165 4261.8335001  4271.57167033
 4274.2310622  4274.41119498 4277.44431904 4282.46583702 4285.31789496
 4320.1045886  4323.04104628 4330.79372258 4332.09188528 4353.94628512
 4359.06960278 4367.20367791 4368.30174122 4375.51971915 4389.87217527
 4396.98025353 4403.24883436 4405.92342619 4406.62029072 4416.77109302
 4419.02048614 4431.86041354 4449.7747921  4458.41406568 4479.58086763
 4488.93493903 4504.26349216 4504.27365879 4521.18454042 4526.15519189
 4533.07197074 4539.26468513 4544.14240355 4554.30297248 4569.78922513
 4572.32761737 4581.42025623 4587.82666998 4629.50034255 4630.22360701
 4641.58197228 4646.30339117 4655.87082859 4658.72815318 4664.60146856
 4665.22639998 4675.62866817 4737.6794451  4747.54138162 4757.66115067
 4815.97290571 4817.25750178 4830.0041628  4830.69896068 4834.15578344
 4856.8434474  4860.40373652 4876.38515432 4890.83604346 4893.02167011
 4907.12089367 4933.12684748 4941.48942191 4950.56942748 4966.44541227
 4976.03261629 4992.3825663  4995.2496242  5004.77352841 5020.75727953
 5038.61019161 5043.99564181 5048.87336023 5060.01242617 5060.44572484
 5064.33604628 5076.34130957 5082.48145747 5084.99474978 5102.7564288
 5130.55171048 5137.12765704 5140.22291424 5146.55219489 5148.34405608
 5158.5744248  5168.30579504 5187.2751037  5192.2052553  5197.62653872
 5221.00176724 5226.35051756 5234.97035787 5238.57778017 5241.09303914
 5249.34028059 5252.16743861 5257.53165555 5259.99071469 5271.32854669
 5274.51387029 5283.37210987 5290.11795591 5310.29279422 5334.64685308
 5349.35764143 5361.24237176 5361.85666988 5367.95195125 5382.74433935
 5395.57410012 5399.50182144 5405.46300321 5435.65014424 5444.52318378
 5467.46121364 5478.48941325 5506.2848616  5508.74418741 5511.66557848
 5514.97836835 5529.25555803 5541.73948652 5552.56385342 5554.13128196
 5560.9971943  5578.10080867 5583.58712523 5584.11645694 5585.56608584
 5588.56037669 5594.68202464 5619.3861491  5621.95907456 5634.10787075
 5647.70792917 5669.57736229 5674.89807936 5676.82030681 5683.11388757
 5699.17133847 5699.18367177 5700.80996679 5703.21495944 5708.06404461
 5725.49329132 5725.49489132 5737.41205488 5741.10677691 5743.53003617
 5745.18123112 5759.87385286 5762.61727781 5781.01188823 5808.0665055
 5808.10847204 5828.4433432  5842.05586824 5863.18017031 5870.19421553
 5879.98785225 5883.340242   5883.96740675 5888.07262753 5899.41779284
 5912.05995419 5916.55844043 5921.13079312 5927.23260779 5936.5837792
 5949.28754035 5956.73641758 5974.88389542 5990.37378139 6009.17269058
 6034.01591461 6043.14148671 6053.79352081 6056.11884703 6068.56194231
 6070.81153544 6078.92404396 6081.83703506 6082.47293311 6094.24143046
 6098.76231664 6106.77362547 6125.68540098 6125.79200065 6130.7928187
 6141.62935223 6144.65250965 6153.08565053 6162.66518791 6164.33144948
 6193.16802797 6194.53459046 6197.18184903 6199.0570433  6203.61369603
 6224.40513246 6227.18905728 6236.67222828 6239.90155174 6266.95716901
 6271.20582269 6279.33079784 6289.53473331 6313.07409467 6313.28589402
 6321.43393577 6323.73379541 6328.80017991 6329.67201058 6338.64704981
 6340.26461153 6349.66988277 6350.03744831 6362.94237552 6366.09286588
 6366.32886516 6366.46976473 6373.29434386 6373.95204185 6374.7433061
 6375.03213855 6397.25553726 6412.820323   6414.32235175 6429.72660464
 6443.5090625  6448.10858177 6455.22302668 6466.42462576 6466.8594911
 6495.77526935 6500.3938219  6525.5976115  6531.00296164 6557.13774839
 6557.78367975 6557.81614632 6573.20239927 6576.6469554  6608.16809235
 6610.42525212 6618.26306149 6622.47858193 6627.5039999  6628.07303149
 6628.80486259 6632.44585145 6637.05633736 6640.74185942 6648.48286908
 6650.58962931 6684.15886    6727.25976154 6752.50078436 6752.50988433
 6762.27745447 6769.3508995  6769.94883101 6786.24598118 6798.76277624
 6802.4593316  6809.03911148 6847.18502818 6852.95634386 6856.18336733
 6897.04314239 6918.56300992 6919.22457457 6924.74032437 6944.02046541
 6955.33446415 6959.98891659 7010.19909639 7012.8005551  7016.17767811
 7022.51519207 7034.91882081 7035.14188679 7037.33548008 7053.06329866
 7060.1898102  7061.80707192 7069.90698049 7071.86784116 7102.20441507
 7103.0327792  7113.42614742 7118.79199768 7124.15704794 7124.42421379
 7130.34906234 7139.60496737 7143.88682095 7162.2171649  7164.83462356
 7179.56864518 7185.33436088 7193.46830267 7212.50057781 7215.88653413
 7219.61442273 7225.19010568 7228.00566374 7237.99896651 7244.06024798
 7245.23901104 7260.66943053 7263.01325669 7271.33963123 7274.29885552]"
389,708016_2024-04-29_B-432,AId,True,"[  19.58637168   19.74590452   27.55661398 ... 7256.9917751  7260.71129706
 7267.89944175]"
390,708016_2024-04-29_B-433,AId,True,"[  19.52653853   20.15323661   21.52779908 ... 7274.83135389 7274.95048686
 7274.96568681]"
391,708016_2024-04-29_B-434,AId,True,"[  27.55661398   56.35389259  155.42808965 ... 7262.27769227 7266.45244618
 7271.04506547]"
392,708016_2024-04-29_B-441,GU,True,"[  72.16617757   86.87723259   88.38212799   88.47072772  114.18101577
  128.71883798  138.66450757  167.60175242  172.79413655  191.17658034
  194.59923654  216.00770441  240.12163068  244.79431639  245.28938154
  270.07393909  293.28963477  353.58091709  354.03354904  356.79684059
  367.17520885  370.29279932  404.27932873  407.59761859  410.39791002
  410.84994197  419.11098338  423.84216891  479.47496547  483.4873532
  485.49721372  520.71313938  521.62090327  535.64839371  576.60546847
  584.47357775  585.46177473  591.15489065  605.28378078  614.69405201
  618.48524042  622.17472914  623.44412526  634.24002558  640.12300759
  641.74113598  660.47921201  662.87077137  662.98483768  672.57160837
  703.31064771  707.68950099  741.97199616  742.84119351  762.64493295
  783.86023475  802.18787871  815.80230375  832.37211975  880.36750632
  886.10875544  898.0695522   915.30929948  919.65931951  944.95907549
  950.17365954  951.50018882  958.76823326  966.13951072  975.97614731
  998.28064578 1059.28459258 1065.89360571 1071.37422228 1079.48666414
 1092.04165909 1108.95820736 1121.00677052 1133.31446622 1158.45125602
 1172.27238043 1182.19661675 1191.37762201 1205.29791278 1206.01704391
 1208.34010348 1215.79394735 1222.93255886 1224.01908887 1242.5726988
 1259.89831249 1323.90738344 1332.34835763 1346.6400806  1373.69519787
 1377.06785422 1379.44064697 1380.62044336 1381.60927367 1382.09987217
 1382.30447154 1382.96513619 1383.82373357 1385.65772796 1390.37158021
 1401.0249143  1408.24855888 1433.74344759 1440.53469349 1453.90371928
 1455.29294837 1465.37555087 1500.88160897 1533.25730997 1542.35498216
 1560.17122768 1561.72588959 1580.87169772 1591.12919969 1601.73536725
 1614.49076159 1617.07858701 1617.64218528 1623.06146871 1634.79233284
 1648.69725699 1657.91499547 1657.9813286  1662.49604813 1662.82048047
 1665.73837155 1672.54565074 1675.76844088 1680.0048946  1694.24901771
 1694.78154941 1695.09141513 1701.90099431 1702.22119333 1711.42143187
 1721.96013298 1730.21367441 1750.65951189 1784.30727567 1823.2914898
 1824.53345267 1833.4833253  1840.67863664 1840.9286692  1845.8148876
 1848.69957878 1866.80115676 1896.03920069 1897.35799666 1938.20817175
 1939.38366816 1940.4363316  1944.18782013 1944.90091795 1969.6097424
 2024.33030841 2038.18456605 2133.14867568 2155.24730811 2170.40802842
 2197.43134579 2211.67610223 2212.84129867 2251.06514846 2254.14073905
 2264.33524121 2268.15899619 2281.20075631 2298.39343707 2300.87949614
 2300.88112947 2305.90471411 2307.8268749  2315.75825064 2321.80856548
 2325.65398705 2327.83434705 2332.83453176 2333.14709747 2343.92969784
 2344.28443009 2349.05914882 2362.15480878 2364.32063549 2373.91210616
 2386.4478345  2393.92624496 2410.09606219 2414.06298339 2419.49470011
 2420.60763005 2423.11665571 2427.62137527 2453.43552967 2460.13900917
 2460.3570085  2475.43982905 2495.28273504 2539.47823324 2573.08859714
 2575.74652234 2591.57074062 2602.35554098 2627.46319754 2678.6910409
 2725.22936527 2728.49445528 2747.50449716 2752.42024879 2778.18913666
 2786.61001092 2791.54842915 2794.34005395 2804.6358558  2820.30900787
 2820.93917261 2850.40891584 2858.2146253  2898.49833546 2906.92154304
 2909.14326958 2912.60239233 2942.02610236 2976.1026315  2986.15696742
 2989.40849082 2994.79367435 3007.13860327 3024.26368424 3025.6599133
 3035.0482846  3043.92762411 3067.54238524 3067.83071769 3068.19741657
 3070.33824336 3077.08345606 3078.56025155 3086.31906116 3092.43424246
 3102.1349128  3137.03203943 3138.82003396 3145.79107931 3192.69020257
 3194.19043132 3204.62286609 3207.46109074 3211.42191196 3218.41722391
 3223.72220768 3232.11404869 3244.02917893 3251.25339017 3255.50304384
 3261.46719227 3263.35065318 3271.86122716 3272.40492549 3293.715127
 3299.24754342 3324.6634657  3339.83968596 3339.92028572 3342.34851163
 3352.49714726 3360.866355   3370.59079194 3391.91032675 3402.95219298
 3418.56277858 3419.18281002 3421.5451028  3427.57941768 3435.29816075
 3439.82984689 3450.06751559 3452.04950953 3466.67083148 3496.27687429
 3499.67909722 3506.70787573 3516.14571354 3520.48033362 3534.15052515
 3534.73805669 3539.3451426  3546.72385337 3555.47162662 3560.49771126
 3570.16361503 3583.16187529 3585.32856866 3590.6810523  3596.70016723
 3600.10275682 3606.96310251 3622.39518866 3628.59673636 3653.33636071
 3655.71378678 3671.9290372  3673.90679782 3679.64801359 3682.51110484
 3684.92783078 3703.8917728  3746.52150911 3784.09896088 3787.83521612
 3792.75156776 3804.25739924 3805.23506292 3813.89546977 3818.89892114
 3849.575694   3857.23113726 3869.24056721 3876.30297895 3894.85342222
 3895.10475479 3896.76661637 3897.09008205 3911.67593745 3917.56705277
 3922.58407077 3924.34193206 3925.92142723 3938.07495673 3953.13651068
 3965.91710493 3974.6804448  3984.73938071 3986.73034129 3993.89708604
 3994.60191722 4006.23148166 4007.45504459 4037.47338613 4043.86179993
 4044.25653206 4044.78433045 4054.64530029 4069.82342055 4083.28387939
 4088.17829776 4088.67992956 4089.00272857 4089.69715978 4095.46694214
 4097.27273662 4102.78708642 4103.2429517  4115.28434821 4117.23507558
 4128.71557381 4131.4422988  4135.6730192  4157.6942852  4157.87801797
 4158.08555067 4198.43369396 4198.9220258  4202.19681579 4207.91079832
 4211.59242039 4217.07593696 4228.59573507 4228.6394016  4241.92329432
 4242.3098598  4243.02962427 4248.04294227 4265.69752162 4280.02707781
 4291.3988097  4292.19087395 4296.21089499 4300.66558137 4306.05489822
 4306.24459764 4341.18712413 4349.68483148 4355.13361482 4375.79201832
 4376.57508259 4408.73628425 4409.10548312 4420.70798098 4446.80423452
 4449.83402525 4453.38094774 4465.69577675 4470.1707964  4498.3613102
 4523.8066324  4524.59309666 4537.00315872 4548.57239001 4551.78681351
 4564.5219079  4572.34411732 4573.10104834 4579.64946165 4583.62131617
 4588.14940232 4611.65963044 4614.20595598 4619.89743858 4623.53602746
 4647.16008855 4651.16997629 4654.50993275 4658.86385277 4670.45695065
 4671.30004807 4687.0231     4687.44926536 4696.85966992 4713.18975332
 4721.51829452 4722.4945582  4729.88966892 4737.54871217 4740.11017101
 4744.09419216 4744.3206248  4746.56941792 4747.45221522 4784.97826715
 4788.24595715 4791.10154842 4796.7220979  4801.49074999 4812.89021513
 4822.78168489 4831.52542482 4843.89792032 4850.03703488 4857.97677727
 4877.68185035 4881.56960513 4891.43170831 4892.33220555 4898.97848523
 4900.08704851 4900.83344623 4904.98873352 4906.33036275 4910.21921753
 4916.43419852 4916.63309792 4937.63006705 4940.70249099 4947.65556972
 4953.84738413 4956.54530921 4976.12411601 5007.18855436 5021.9880091
 5031.7448126  5049.4171919  5063.29198281 5071.35669148 5088.60727207
 5092.74679274 5095.54305086 5097.41797846 5100.29626966 5104.89642226
 5113.05766397 5118.23191482 5134.50999838 5136.33162614 5137.95558784
 5143.79197    5154.01193875 5154.51303721 5177.06650159 5182.73691758
 5197.48290582 5208.15510653 5232.78106456 5248.66688265 5275.97839914
 5298.40929722 5302.96781662 5316.33530907 5320.09016426 5332.96582489
 5344.01469111 5350.66350411 5355.75165522 5363.11306604 5365.02319353
 5392.66944233 5394.06710473 5395.49530036 5396.04399868 5400.06861971
 5411.38665177 5411.97818329 5413.66757813 5413.82947763 5418.98572853
 5424.88514383 5431.61188993 5434.68658052 5436.08454292 5446.41777799
 5454.90961869 5460.36736867 5471.99363312 5472.67936435 5475.40408935
 5481.11697189 5496.07932614 5499.99048084 5514.76213568 5516.42759725
 5536.52690246 5547.27103627 5548.70316523 5554.9273462  5555.64914399
 5569.05990298 5574.10962087 5579.10747226 5585.69838544 5592.67036412
 5601.50467044 5603.9588296  5606.33352234 5617.8476538  5622.57673934
 5625.87762925 5632.01651048 5659.09849434 5666.68800446 5673.7277496
 5674.07594854 5697.75874279 5724.56189417 5738.5915846  5754.00413748
 5754.32540316 5754.63200222 5756.30999709 5768.32789368 5784.01187905
 5785.65887402 5806.45161044 5809.08183573 5814.10125372 5816.86914525
 5819.90033598 5820.65720034 5825.64921841 5829.25564071 5833.59476078
 5842.55110006 5850.13284354 5852.37490335 5867.66332327 5870.90884668
 5875.48389936 5890.01368826 5892.14644841 5893.79484337 5893.94177625
 5896.4348353  5896.68743452 5897.11213323 5898.5472955  5902.29681737
 5914.20904761 5914.24111418 5916.42464084 5938.08447461 5947.2774465
 5956.12078613 5975.44179372 5981.44910868 5993.54860502 6007.30466296
 6016.8407338  6019.17209333 6029.68282786 6032.14985365 6039.95312979
 6041.58789146 6050.59259726 6068.42604273 6096.3446907  6103.80450122
 6104.01133392 6108.57651996 6109.20301805 6114.2968358  6118.01025778
 6130.37528664 6146.89336947 6150.33402561 6151.29638934 6180.76743256
 6189.94533783 6200.00124041 6200.14780663 6200.79753798 6201.12813697
 6210.78457411 6212.93476753 6213.6647653  6269.43296144 6274.92361132
 6341.25717516 6341.64414064 6345.49239554 6346.35402624 6371.58544909
 6382.24598316 6397.90210195 6402.88555338 6406.74560825 6417.64360826
 6429.78850445 6430.56936873 6431.47673263 6442.03230035 6443.17633018
 6462.61247075 6469.86624857 6476.47369504 6504.83350832 6512.0035864
 6512.78215068 6524.44184836 6528.29380325 6528.54180249 6536.06111284
 6550.02973679 6552.5001959  6553.61262584 6560.0122396  6560.59540448
 6565.65812234 6570.32340807 6571.15077221 6571.26490519 6572.2207356
 6572.66983423 6572.97059998 6574.07622993 6574.1293631  6575.69722497
 6577.12208728 6577.867885   6578.67258254 6582.67313698 6583.00170264
 6583.56743424 6584.42896494 6585.02219646 6586.34089243 6586.58262502
 6586.68332471 6586.92965729 6590.33914687 6590.66027922 6590.74871228
 6591.15351105 6591.79097576 6591.85934222 6596.60539438 6598.43315545
 6601.35064653 6602.33797685 6603.71393931 6605.08650178 6605.94573248
 6606.47929752 6606.57893055 6606.86256301 6607.72199372 6607.82926006
 6608.55302451 6608.73232396 6608.88129017 6611.47918223 6613.735042
 6614.41880657 6615.56036975 6616.42496711 6619.87525656 6621.39251858
 6621.44741842 6624.02991052 6625.12234051 6625.82210504 6626.271737
 6633.80891395 6634.60747818 6640.36732723 6642.07855533 6642.59708708
 6646.34314229 6648.32853622 6648.76886821 6649.06876729 6650.54762944
 6651.29179383 6651.59849289 6655.10994882 6655.51051426 6655.71838029
 6657.5146748  6660.89306447 6662.45442636 6662.54399275 6666.85977956
 6667.08424554 6669.74203741 6670.94230041 6671.52969861 6672.8844278
 6674.49195622 6676.33078393 6679.86053981 6682.34706554 6683.25416276
 6684.56095877 6687.19458405 6689.11694484 6689.32737753 6691.10853875
 6694.53156161 6695.19485958 6702.11637175 6703.00756903 6707.2254228
 6709.39614949 6709.77281501 6714.06096856 6716.53679433 6718.04362305
 6718.59698803 6723.10890756 6723.31610693 6726.51653048 6727.99879261
 6729.86445357 6731.63858148 6733.59240884 6733.79737488 6736.1237011
 6740.98301958 6742.46914837 6742.66651443 6743.16704623 6743.40747883
 6750.96168907 6751.46558752 6761.39009051 6763.52545065 6763.65978357
 6764.79571343 6765.07511258 6765.26597866 6766.67897434 6774.23261791
 6774.54321696 6783.62762252 6785.56144994 6788.81330666 6795.36891995
 6796.8893153  6798.65264324 6810.18447465 6810.30877427 6819.5630793
 6820.26154383 6828.57468508 6828.59098503 6828.99031714 6829.24638303
 6829.58104867 6830.51217916 6832.15910745 6832.80193882 6834.35346741
 6839.26451906 6844.29103702 6845.87439885 6848.1590252  6849.204422
 6849.68802052 6851.14461607 6851.84654726 6852.65337812 6852.66264476
 6854.58120556 6857.3703637  6858.21716111 6862.31084859 6866.19610338
 6866.58713552 6867.38833307 6875.65347446 6878.77303159 6882.29502082
 6888.36280227 6889.11319997 6890.66099524 6890.86782794 6897.43024121
 6904.58605266 6905.37135026 6907.27784443 6907.56917687 6908.44774085
 6908.72754    6911.21199907 6912.94456043 6913.29152604 6918.0032783
 6918.26471083 6921.10563548 6924.72899107 6925.30402264 6925.69342145
 6931.31663759 6931.75510292 6940.19851043 6941.04830784 6941.46780655
 6941.47500653 6943.20420124 6944.03956536 6946.00505935 6948.51975166
 6948.77541754 6953.83466874 6955.19263125 6959.36061851 6963.64797207
 6967.97959215 6970.15525217 6974.15080662 6974.89423768 6975.30683642
 6976.27476679 6976.94199808 6977.50976301 6979.55759008 6982.14188218
 6985.68773801 6988.71329542 6992.65898336 6998.85616441 7000.34409319
 7000.48949275 7004.19218143 7005.60211045 7008.78383405 7015.81321256
 7022.30872603 7022.74602469 7024.22185351 7025.40731656 7030.0480357
 7034.55062193 7034.84855435 7036.87064817 7038.47550993 7044.99922332
 7047.0530837  7051.46803687 7051.72480275 7053.04306539 7064.05386505
 7071.62807523 7074.52843302 7076.6196933  7077.99588909 7078.01725569
 7090.30495145 7119.31916273 7120.04756051 7244.50097996 7265.9548477
 7271.69513015]"
393,708016_2024-04-29_B-442,GU,True,"[ 135.582417    142.29926313  153.13522999 ... 7157.15011372 7157.27198002
 7157.44631282]"
394,708016_2024-04-29_B-447,GU,True,"[  32.10346674   32.12913333   32.2047331  ... 7212.30694507 7256.17124428
 7256.29977722]"
395,708016_2024-04-29_B-448,GU,True,"[  19.73973788   19.74817118   31.54920177 ... 7271.80639647 7273.66002414
 7274.28852222]"
396,708016_2024-04-29_B-450,GU,True,"[  19.39433893   19.62620489   19.67243808 ... 7274.76698742 7274.8274539
 7274.88705372]"
397,708016_2024-04-29_B-457,MOp,True,"[  19.44577211   19.65233814   19.68270472 ... 7274.96188682 7275.04825323
 7275.14305294]"
398,708016_2024-04-29_B-458,MOp,True,"[  42.72950091   58.85035162   67.00952667   79.95835375   80.12915322
   83.50937622   89.79409034   94.52430921   96.84400211   97.94503208
  107.018171    107.02133766  109.48036348  120.03086455  125.9013466
  125.9977463   130.16006691  130.16590023  130.16910022  130.17283354
  135.56718371  138.54987459  142.09869707  160.52170741  167.49818607
  167.50301939  175.29819556  175.30106221  175.30306221  175.31199551
  175.31672883  175.31882883  185.64856391  185.65213056  186.77732712
  186.78289377  196.90079617  218.431797    226.92820435  227.50443593
  227.51936921  233.96808283  261.46616541  284.25562906  289.69687909
  290.49510998  290.53877652  290.54560983  290.67410944  290.67624276
  290.75794251  290.77030914  291.64883979  291.8200726   297.11342308
  303.25653763  303.76166942  308.99585341  332.91411361  336.78456844
  338.89422866  367.03577595  371.73726157  371.73956156  372.86405812
  374.88705194  378.20170847  388.06034499  395.22582308  395.70272162
  410.38461006  419.28594951  419.84154781  419.88118103  419.89448099
  420.04961384  421.38440976  427.83965669  427.84329001  444.6673719
  455.87263764  464.63674418  464.63924417  467.70876812  467.72813472
  483.45208664  483.45738663  484.61378309  490.18096607  524.0952957
  555.90579843  563.20150946  563.62884149  567.61386264  571.16568511
  580.2151241   582.24855122  603.45501971  603.79701866  613.57295544
  614.50598592  666.05539496  666.06422827  688.68715909  689.71968927
  696.2081361   696.21033609  705.62880729  711.75325523  711.94272132
  717.09230557  717.10423887  730.26679862  731.44189503  800.80221628
  817.69903128  818.26632955  823.90577897  823.90784563  824.44694398
  841.88835732  842.76555463  848.92866912  854.96681733  860.08476834
  868.82790828  911.5955775   919.49002003  919.49285336  919.49662001
  921.77034639  928.19946007  934.1187753   962.90062063  962.90308729
  965.07001399  984.32528845  984.32848844 1014.55329602 1014.56946264
 1014.57309596 1017.5464202  1019.10284878 1022.55930488 1064.43184351
 1065.09637481 1065.09844147 1069.03669609 1074.54641258 1099.30363688
 1100.40223352 1120.72637138 1122.55553245 1125.9635887  1125.96795535
 1130.22457567 1131.89927055 1132.30273598 1142.37503851 1145.11369681
 1147.18935713 1147.85375509 1150.01524849 1175.23093805 1205.98194402
 1240.4054721  1244.79822533 1244.80579198 1246.09678803 1246.56828659
 1251.11253936 1251.11647268 1251.39760515 1251.86467039 1251.86787038
 1259.41101398 1291.67334867 1293.25587716 1299.2166256  1299.32335861
 1299.32622527 1307.36663402 1313.24104939 1315.18454345 1317.69896909
 1318.76706582 1324.86901383 1326.82370786 1329.29940029 1329.3065336
 1334.04765243 1334.57605082 1334.71575039 1342.84759219 1343.89992231
 1343.91878892 1344.03632189 1344.26838785 1346.21251524 1346.91487976
 1348.01170974 1369.30831128 1370.01737578 1370.07634227 1373.7194978
 1395.69899726 1398.7790545  1420.26935546 1428.42479719 1428.42776385
 1428.94162894 1429.54576043 1430.40152448 1433.19984925 1433.74838091
 1434.60604496 1439.20589756 1441.26485793 1447.89547099 1458.77610438
 1462.95509161 1466.63958034 1467.03951245 1467.72551035 1473.00776087
 1473.02226082 1473.43809288 1473.5525592  1473.55999251 1473.56435917
 1487.81611559 1497.19228692 1497.2076202  1497.22052016 1497.80231839
 1500.84254242 1504.0651659  1504.92842993 1513.05577175 1513.05827174
 1518.91288717 1519.76925122 1522.81094192 1533.41917615 1534.73393879
 1536.2370342  1536.44293357 1537.10096489 1538.29872789 1538.90772603
 1546.56973594 1547.35323354 1552.73521708 1552.73958374 1552.74465039
 1564.48624782 1568.10030343 1568.55863537 1575.56571394 1575.58694721
 1575.94337945 1575.9483461  1577.29817531 1577.75814057 1577.76277389
 1585.23401771 1585.23798437 1585.27325092 1587.53101069 1610.92200583
 1612.28320167 1613.03086605 1614.88432705 1615.22895933 1629.68778178
 1630.60371232 1630.60661231 1636.69406036 1636.70842698 1636.71196031
 1636.71826029 1638.94372015 1639.75871766 1642.34827641 1642.86610816
 1642.87290813 1650.82238383 1651.29208239 1654.58840565 1654.59243897
 1656.11706764 1656.12123429 1700.75396448 1708.00200899 1724.23599268
 1781.88051642 1787.42073282 1794.12914564 1797.38790234 1798.99599742
 1803.42731721 1804.44854742 1804.45298074 1804.4552474  1814.7565159
 1827.2930109  1830.81653346 1841.09903535 1842.80689679 1842.81083012
 1854.51292767 1855.06055933 1862.87873542 1869.02874995 1871.15577678
 1871.98410758 1874.025568   1879.11715243 1883.82697137 1883.947171
 1884.18177028 1884.66196881 1884.80443504 1891.02994934 1898.73155913
 1905.78240423 1908.50132925 1910.85338873 1911.4507869  1911.64571964
 1911.64915296 1913.36724771 1917.34083556 1924.57794676 1979.21691302
 1979.59974519 1981.68077216 2025.30110545 2064.57038537 2074.07172299
 2081.94503224 2086.66898447 2086.90425041 2098.29734891 2112.27197285
 2117.55912335 2117.56155667 2118.1865881  2146.57690129 2160.64092495
 2169.10656573 2174.44638274 2174.4896826  2186.89107802 2192.78162667
 2203.69099331 2416.24897671 2427.1858766  2532.4473214  2535.1298132
 2546.99624359 2571.14626974 2576.76381923 2600.34048047 2681.08090026
 2696.27905379 2745.17133762 2787.92387356 2855.47276702 2855.47686701
 2876.80910178 2878.41736353 2939.04307815 2939.04544481 2951.80740579
 2986.70343242 3012.37668725 3047.90561195 3083.14570419 3116.12117003
 3127.42393547 3158.69973984 3158.70247316 3160.06743566 3169.96633872
 3175.14498955 3185.77479038 3185.84859016 3186.09245608 3186.0969894
 3186.17565582 3187.20048602 3283.61932454 3289.51387318 3297.1801164
 3300.87140512 3300.87517177 3318.50258454 3321.47260879 3321.55880853
 3322.8423046  3324.94819816 3338.99722187 3341.62048052 3350.3362872
 3350.96208529 3351.7441829  3352.24408137 3403.13445909 3403.13879241
 3435.62755974 3441.19674271 3451.68221065 3452.58504122 3452.58720788
 3464.26383884 3470.97598499 3476.81946712 3477.02303316 3483.26574741
 3483.26978073 3483.87461221 3484.16607799 3489.177996   3489.81406072
 3490.6498915  3583.35787469 3605.62220661 3611.39188897 3612.47378566
 3631.3952278  3639.07730431 3639.6258693  3648.41514243 3650.6814355
 3661.91923447 3677.4994535  3728.49356424 3743.37725206 3744.58794836
 3767.86151053 3785.11199112 3785.11705777 3799.75001302 3803.78706735
 3806.80565812 3835.30900429 3840.64128799 3840.64532131 3840.65085463
 3840.65542128 3853.45384881 3915.06962708 3920.03107857 3941.11124745
 3941.11414744 3968.83469601 3969.2083282  3985.17237939 4028.65627976
 4047.69552154 4047.69832154 4235.76591315 4257.3227139  4280.55124287
 4283.01836866 4316.63373254 4371.99532993 4384.83239068 4384.84439064
 4403.02083506 4429.26612148 4429.62802037 4512.22463448 4524.72889625
 4531.86707442 4531.87264107 4531.87660772 4531.87907438 4531.88434103
 4533.58186918 4560.87671905 4561.53985036 4561.55158365 4561.56245029
 4581.04212406 4586.3487745  4603.07412336 4618.75944206 4625.3962551
 4637.88488358 4639.90281074 4666.02103088 4668.03305806 4754.5905934
 4787.28982674 4787.29619339 4821.13938991 4836.77427543 4852.18002833
 4865.478921   4865.6628871  4888.10018516 4898.23235418 5009.58721369
 5047.89256323 5128.50661673 5132.48007125 5132.49853786 5132.50510451
 5133.33450197 5241.21433877 5243.75509767 5245.79139144 5255.66699458
 5261.40761036 5261.88624223 5300.72242348 5300.7255568  5308.2481338
 5314.39798166 5352.71399784 5396.44166413 5437.41147219 5508.79135393
 5508.79375393 5508.8005539  5508.80612055 5519.11702236 5533.38867872
 5533.68624448 5547.08333685 5628.683254   5647.9256285  5663.39691453
 5724.29659498 5738.25281897 5743.81866862 5748.4694544  5788.22143285
 5796.89430633 5834.35432512 5836.4212188  5871.06471287 5885.9256341
 5929.09876875 6012.97947894 6074.94098948 6076.20935226 6086.75788668
 6095.17819426 6095.19002756 6102.86020411 6107.65182279 6124.97293649
 6170.02166541 6170.02439874 6170.2002982  6172.34979163 6173.30042205
 6173.66705427 6174.87301725 6181.92419569 6195.61558715 6210.74994088
 6234.54030147 6234.67933438 6234.68440103 6246.70203095 6247.30819576
 6248.1997597  6251.65018248 6253.47581023 6254.85777268 6265.74297272
 6269.2930952  6271.89612058 6277.71343612 6278.44533388 6288.43723667
 6299.34156999 6318.10547928 6321.96413415 6328.55784732 6328.56088065
 6340.7730433  6345.35812928 6351.60644351 6356.72016121 6361.78184573
 6368.36305894 6368.44712535 6368.74735777 6369.61088846 6369.65282167
 6372.15604734 6374.55840667 6376.90883281 6400.11659518 6400.64026025
 6406.07594363 6406.08031028 6407.14054037 6425.35108469 6425.43288444
 6427.25757886 6483.19404116 6483.21190777 6483.21520776 6491.16721678
 6493.07447761 6496.81919949 6496.87489932 6496.88283263 6496.88536596
 6498.396428   6503.71977839 6508.19743137 6521.92152274 6544.75945291
 6573.82723069 6575.92565761 6576.14009029 6621.06255293 6621.6043846
 6643.10885218 6648.5317356  6649.44449948 6653.81658611 6659.8804009
 6677.35581413 6677.35874746 6696.7159216  6698.3630499  6700.2161109
 6701.49864031 6710.38461314 6717.87499024 6730.1083195  6754.8408772
 6768.50146877 6771.16349396 6771.18119391 6777.63447417 6782.92589133
 6784.99938499 6792.48179544 6796.18238413 6796.25145058 6811.46083741
 6821.69927277 6823.04746865 6835.64746345 6838.1401225  6864.94597387
 6865.37337256 6867.21883358 6868.12676414 6869.21246082 6886.71130732
 6896.70957674 6897.69137374 6897.99697281 6899.22360239 6901.21309631
 6912.35626223 6913.72485805 6924.36229219 6952.83440513 6961.74597788
 6963.00977402 6976.09230068 7005.36667783 7017.18240837 7021.61069483
 7026.91911193 7039.23180762 7046.04175346 7054.82859326 7056.72035414
 7057.09528633 7060.30740984 7071.47404236 7075.07583135 7077.12362509
 7080.6863142  7086.10323097 7086.69589582 7122.96818491 7141.95336019
 7153.88499037 7167.87611426 7169.01404411 7175.10572549 7182.13700399
 7209.36875405 7211.95231282 7215.599035   7225.81460377 7244.43988015
 7247.13363858 7268.40330688 7269.90133563 7274.14628932 7274.14935597]"
399,708016_2024-04-29_B-460,SSp,True,"[  22.60772911   30.56233812   33.31239638 ... 7275.08698644 7275.14068628
 7275.15785289]"
400,708016_2024-04-29_B-463,SSp,True,"[  21.44313267   21.7801983    22.6547623  ... 7274.91095365 7275.03275327
 7275.10995304]"
401,708016_2024-04-29_B-464,SSp,True,"[  29.80004045   58.40548631   65.17629894 ... 7266.46091282 7267.06924429
 7267.17981062]"
402,708016_2024-04-29_B-465,SSp,True,"[  30.97780351   60.86934545   68.6250884  ... 7259.55740059 7261.9219267
 7274.13218936]"
403,708016_2024-04-29_B-467,SSp,True,"[  21.08626709   23.04899442   23.14212747 ... 7273.48369134 7273.63339089
 7275.13738629]"
404,708016_2024-04-29_B-468,SSp,True,"[  19.84843754   20.55556872   23.31099362 ... 7274.09462281 7274.28242223
 7274.61555455]"
405,708016_2024-04-29_B-469,SSp,True,"[  20.57510199   24.21439086   25.83178592 ... 7273.38519164 7273.58845769
 7273.6404242 ]"
406,708016_2024-04-29_B-474,MOp,True,"[  19.61900491   19.89353741   20.3111028  ... 7274.91302031 7274.91682029
 7274.93765356]"
407,708016_2024-04-29_B-475,MOp,True,"[  19.81360432   20.39486921   21.38803284 ... 7273.86029019 7274.1641226
 7274.96852014]"
408,708016_2024-04-29_B-476,MOp,True,"[  20.29710284   20.43500242   20.68916831 ... 7275.07548648 7275.11571969
 7275.12891965]"
409,708016_2024-04-29_B-477,MOp,True,"[  21.25656657   23.77315888   29.85054029 ... 7274.86775378 7274.94322021
 7274.96772014]"
410,708016_2024-04-29_B-479,MOp,True,"[  19.93963727   19.97727048   20.67183503 ... 7270.38583415 7270.3918008
 7273.11369247]"
411,708016_2024-04-29_B-483,AId,True,"[  27.95424609   30.65883782   33.19119675   33.73172843   40.67730719
   42.47743502   47.52471959   53.85150024   88.38192799   93.54137888
  101.88705336  128.71360467  139.51163832  143.102494    181.15494432
  212.22418265  220.23892481  220.52392394  230.22222762  245.05894892
  255.25231775  256.41318086  260.22260255  281.62470377  288.56188256
  350.54642636  359.62219861  360.3347631   365.54714716  365.78984642
  367.6272408   388.57511008  435.10930113  435.13300106  463.69144707
  482.09465746  524.73902707  536.02839255  536.46902453  537.2227889
  539.83308091  539.86801414  542.59173915  546.13579498  551.11524642
  551.906444    622.86212704  641.09270462  660.29231258  698.33556293
  701.16595427  712.14892069  712.79828537  730.74693049  744.78408757
  763.50636365  768.84611399  781.54017518  781.58044172  789.37568455
  855.95348098  872.12563153  893.87483169  903.59803529  943.15974766
  948.81923035  949.45542841  975.55458194  981.68212987  985.87605038
 1040.9636486  1043.70454022 1075.20757723 1075.43697652 1103.65479024
 1136.73062244 1144.42633224 1150.78877945 1170.34421966 1171.34921659
 1189.88009326 1196.55593951 1203.98898345 1213.08718896 1286.13513227
 1290.56725205 1363.30432964 1367.32671734 1386.29102602 1426.80410214
 1438.70463242 1453.26722123 1453.39258751 1465.90534925 1468.3966083
 1475.87185211 1522.83694184 1539.0037924  1562.87085276 1573.57128671
 1618.72451531 1624.70939701 1645.80429917 1651.17321609 1659.04985867
 1659.71052332 1660.03848898 1661.30965176 1661.56101766 1662.06281612
 1662.2234823  1663.31844562 1667.51803278 1668.68382921 1693.45158681
 1701.58836193 1738.83454804 1749.0434835  1756.80205977 1757.3271915
 1785.98117055 1814.01165151 1889.40095432 1889.41562094 1889.67675348
 1889.86961956 1890.05998564 1938.49200422 1942.58339171 1954.90738736
 1967.89301432 1969.00647758 1995.01866471 2037.89376694 2126.12989714
 2166.74287296 2183.56342153 2183.6463546  2193.23822528 2209.60624189
 2244.91476726 2258.2023933  2270.16942338 2270.89452116 2285.2592439
 2285.41004344 2285.58134292 2305.31098259 2311.5959967  2323.56976009
 2334.82072569 2351.49400804 2351.62974096 2385.42453763 2393.90524503
 2395.32757401 2399.91685998 2415.51377895 2428.66150542 2459.6271774
 2484.4922347  2493.74537308 2497.6397945  2671.28999686 2725.60366412
 2733.79987239 2739.90065374 2742.51197909 2750.94701996 2752.28611587
 2769.9583285  2781.44512671 2792.72642555 2797.95950954 2802.22836316
 2811.42030172 2814.42669253 2821.58560397 2833.88009971 2864.87653827
 2890.48512663 2890.50929322 2949.32384672 2966.41919444 2968.77518724
 2973.01057429 3002.97851599 3003.07611569 3055.77482122 3085.78606279
 3088.61635413 3091.78914443 3092.37190932 3128.00870035 3192.50166981
 3197.64365409 3206.05339504 3213.59613865 3232.36604792 3240.25225714
 3254.22181443 3296.98595033 3359.38732619 3359.40292615 3360.38532314
 3374.70924601 3387.69153965 3434.7144292  3476.5657679  3507.46347342
 3508.59746995 3511.62129404 3569.42455063 3582.73010994 3589.29848986
 3599.38359235 3620.09832901 3641.52429683 3641.53939679 3642.91075926
 3643.06792545 3645.68511744 3654.45332397 3660.67093829 3699.12002072
 3735.28014349 3744.32624916 3762.99592541 3768.29184255 3768.47617532
 3780.45973867 3787.68708324 3801.98700618 3812.95730597 3813.9723362
 3827.27969551 3836.06906864 3849.62476052 3855.44677605 3860.92055932
 3861.13819198 3861.26195827 3871.52156023 3875.87331359 3876.68497778
 3898.93710974 3907.93934888 3915.10182698 3965.58853927 3966.10890435
 3972.79755056 4000.64336542 4006.14484859 4018.36261124 4020.65490423
 4022.23873272 4031.95350301 4042.32197131 4057.78395736 4066.43069759
 4079.21869182 4081.51158481 4100.24186087 4101.75818957 4122.87969165
 4131.16659965 4135.04202113 4136.87901551 4140.15937215 4143.63902818
 4143.9032607  4184.59036963 4195.47023636 4206.83386828 4211.46712078
 4213.07001588 4214.89847695 4218.46326605 4226.16014252 4248.37417459
 4265.91738762 4266.56821896 4284.08116541 4289.56181532 4319.098925
 4337.99506722 4338.24993311 4354.40911704 4360.72843105 4363.44938939
 4370.46806793 4370.49316785 4399.45707929 4403.39960057 4405.85745972
 4433.80537426 4464.57988016 4470.52462865 4512.78259944 4516.56795453
 4516.60382109 4516.62912101 4537.4456907  4546.90716176 4571.94725187
 4594.77028208 4614.76172095 4626.53658495 4662.48270837 4664.44236904
 4688.7767613  4707.96046931 4708.29860161 4712.45068891 4722.00449303
 4732.5146609  4748.58347843 4752.18336742 4754.01352849 4781.07667908
 4781.45617791 4783.96593691 4789.31562055 4800.08232096 4801.0933512
 4801.28781728 4804.74110672 4807.57446472 4807.61043128 4813.47838
 4818.21199886 4820.96659044 4823.40124966 4828.14073517 4842.31449183
 4843.58575461 4860.1786372  4863.0263285  4868.99561024 4870.07114029
 4880.74260766 4888.57588371 4898.08655463 4904.6694345  4913.94017282
 4918.56825867 4920.94785139 4922.6347129  4924.48250725 4924.55620702
 4932.96478131 4934.3091772  4934.374077   4935.79377266 4939.19296227
 4950.82339337 4951.14665905 4959.37306723 4971.7007962  4972.34712756
 5026.7959944  5038.89532407 5044.63310653 5052.28538313 5064.89454457
 5069.49329718 5070.6744269  5078.42200321 5079.39423357 5079.44603341
 5084.12405244 5084.86371685 5092.33432734 5097.22921237 5104.15015788
 5104.55372331 5104.61912311 5108.86871011 5111.03613682 5120.17770887
 5132.47183794 5146.19756264 5153.02117511 5153.39194064 5153.7013397
 5171.05341997 5183.65768143 5189.3380974  5194.4388818  5196.07641012
 5197.94190442 5199.80363206 5206.88834373 5221.8779979  5221.94826435
 5234.37172636 5247.27792023 5259.37481658 5263.99826911 5264.05816892
 5271.30628009 5283.02914425 5294.22514335 5294.6103755  5317.04387357
 5318.92470116 5321.3291938  5327.21360915 5338.10427584 5341.32409933
 5346.15415123 5365.53469197 5369.06968116 5369.15171424 5369.2872805
 5375.67616096 5379.39808291 5379.83788157 5383.02890514 5383.06360504
 5388.54118829 5388.6021881  5415.92407123 5416.90600156 5417.03996782
 5418.52922993 5422.84258341 5423.45628153 5434.95041305 5438.2809362
 5440.58219583 5444.75218308 5451.34712958 5452.06292739 5452.15819377
 5456.54584702 5460.17233593 5464.91112144 5470.60403736 5472.72159756
 5472.74549748 5481.9739026  5490.7157092  5499.44251585 5519.12445567
 5519.40288815 5534.92237403 5543.54231434 5550.33476024 5554.35401461
 5567.71477376 5580.84673361 5581.02669972 5581.14139937 5599.53760979
 5599.63197617 5600.11850801 5601.3665042  5601.52663704 5605.48459161
 5609.1153805  5615.16869533 5622.69493898 5628.15105563 5633.34647308
 5642.857744   5662.45578407 5670.43875966 5678.86060058 5682.71352213
 5683.0726877  5683.54458625 5701.11886585 5707.09461424 5708.37241034
 5709.95753882 5715.78648767 5733.72599948 5741.38124274 5745.56652994
 5747.57445714 5769.11695793 5769.66658958 5775.58967147 5775.90257052
 5779.91309159 5782.5356169  5802.59258891 5812.27389264 5812.60202497
 5812.919524   5818.67257307 5818.77123944 5821.54856428 5822.00452955
 5830.41820382 5830.67233638 5830.84383586 5832.21743165 5832.72639677
 5835.01782309 5835.27325564 5838.62341207 5843.04439855 5843.08793175
 5843.2344313  5843.66736331 5853.31170049 5887.95612789 5892.69424673
 5901.23768728 5901.33412032 5901.39955345 5901.55528631 5908.43876526
 5910.84412457 5914.22878089 5920.37492876 5932.67682448 5940.18630152
 5950.82340233 5951.64349982 5952.58109695 5961.57270279 5977.09048867
 5980.19524585 5988.01912192 5993.03597325 5994.0336702  6018.25792946
 6018.69026147 6019.0082605  6023.42541366 6023.70227948 6026.83306991
 6027.33390171 6049.9794658  6059.26423741 6061.00513209 6061.01616539
 6077.54468151 6077.6133813  6080.3512396  6080.60467216 6082.15580075
 6086.3590879  6086.90038624 6086.91315287 6104.49549911 6122.39801103
 6137.32579872 6141.73341858 6164.87971447 6175.11004985 6192.06166469
 6197.50438138 6197.52091466 6199.11437646 6200.4188058  6234.55566809
 6242.70650983 6260.21468963 6273.38621602 6289.64699963 6289.9200988
 6289.95879868 6303.2074915  6311.49483283 6312.90979517 6318.39881172
 6325.51682329 6347.28285673 6367.98519343 6380.10038972 6380.14455625
 6380.22262268 6380.60565484 6381.14861985 6381.8843176  6381.98405063
 6387.3767008  6403.557018   6415.04554953 6418.31323954 6418.52513889
 6426.15481556 6427.02991289 6433.17822742 6436.18425156 6448.63084684
 6453.52719853 6453.53019853 6453.6682981  6456.15182384 6456.19859037
 6456.24662355 6456.30132339 6462.27120513 6463.20343561 6466.38732588
 6466.9584908  6467.1531902  6469.83198201 6475.73709729 6476.84716056
 6502.79798121 6503.93994439 6508.79592954 6511.44862143 6514.23854623
 6529.52223283 6530.65976269 6533.46458744 6544.47142045 6546.99034608
 6549.79207085 6552.7185619  6552.75559512 6552.82596157 6555.79171917
 6568.53834686 6569.12821173 6579.97694522 6581.66420673 6583.83316676
 6594.38320117 6613.4837761  6624.36730949 6629.15889484 6632.19228556
 6632.26485201 6642.91005279 6648.13557014 6652.16159117 6652.52709005
 6652.65348966 6653.33435425 6657.42324175 6660.37783271 6662.136894
 6663.87628868 6667.89700972 6668.94453985 6674.7500221  6679.93340625
 6680.73667046 6686.89981828 6687.47944984 6687.88928192 6688.23821419
 6690.01574209 6693.59329781 6698.74824872 6707.59518833 6709.42751606
 6715.63489708 6718.06158966 6720.36141597 6720.87508106 6721.23151331
 6721.40121279 6722.93117477 6723.11450755 6723.3355402  6724.14307107
 6737.40806384 6739.28315811 6741.08591926 6757.89383454 6761.72928947
 6761.96638875 6762.14545487 6765.20121219 6768.07080342 6768.5119354
 6769.53563227 6772.53878976 6772.56612301 6776.52137758 6777.14240901
 6778.29480549 6790.06540283 6800.25083835 6802.76359734 6804.291326
 6804.78475782 6808.58044622 6809.61170973 6812.031169   6819.990178
 6825.01239597 6827.56698816 6827.97892024 6828.07368661 6842.25737658
 6843.3710065  6846.88339576 6854.61957211 6856.39060003 6856.39376668
 6872.18145174 6872.27145147 6872.34421791 6884.17321508 6885.04944573
 6886.26750867 6886.40907491 6886.5518078  6886.75097386 6886.9346733
 6888.21496938 6892.79992203 6895.5683469  6899.35983531 6905.43341674
 6910.60080093 6922.94626319 6926.95571759 6927.30571652 6927.78451506
 6927.9781478  6932.07750193 6934.09732909 6940.79564194 6943.51476696
 6944.83492959 6944.90642937 6948.02191985 6950.55504543 6954.1314345
 6954.1513011  6960.97371358 6961.34277911 6961.43134551 6961.52124523
 6961.52644522 6963.64560541 6964.17563712 6973.1969762  6975.95706776
 6976.42779965 6976.64999898 6977.09873094 6984.32594217 6984.96900687
 6988.22596358 6992.95394912 6994.65637725 6996.35803871 6997.07493652
 6997.47820196 7001.21162387 7012.51815597 7016.97447567 7017.05700876
 7018.38473803 7021.52539509 7023.60918872 7028.01310859 7035.27131973
 7035.36541944 7040.03780515 7060.34010974 7077.93525594 7078.07718884
 7078.43065443 7078.43518775 7078.77755337 7081.28391237 7081.80147745
 7084.0416706  7085.7114655  7087.12539451 7099.69172275 7101.70974991
 7103.10611231 7123.65744947 7136.63514312 7144.0968203  7144.86525129
 7145.31578324 7146.63487921 7156.68118182 7156.72558169 7156.7750482
 7159.61840618 7163.53182754 7165.06978951 7173.2689311  7176.00205608
 7179.64624494 7202.00287658 7212.5930442  7213.50487474 7219.93812174
 7222.94097922 7229.63455875 7243.64061593 7249.86323023]"
412,708016_2024-04-29_B-487,GU,True,"[  67.78735763   88.92212634   94.9941411  ... 7223.86880972 7263.69308795
 7271.78429654]"
413,708016_2024-04-29_B-491,GU,True,"[  19.41780553   19.49823862   19.88307077 ... 7248.37610145 7255.20438057
 7273.48679133]"
414,708016_2024-04-29_D-5,CA3,True,"[  21.61022609   21.63019266   25.34437496 ... 7265.08890942 7265.09500939
 7265.10017603]"
415,708016_2024-04-29_D-7,CA3,True,"[  19.46036967   19.51103609   19.53940262 ... 7273.96913377 7273.99386698
 7274.93339584]"
416,708016_2024-04-29_D-9,CA3,True,"[  20.18556621   20.28656573   20.2928657  ... 7266.97390043 7269.45938859
 7274.7041636 ]"
417,708016_2024-04-29_D-14,CA3,True,"[  19.71516845   19.72103509   19.86760106 ... 7274.56626425 7274.70429693
 7274.75709668]"
418,708016_2024-04-29_D-16,CA3,True,"[  20.46543154   20.59006428   20.62589745 ... 7273.26587045 7273.37240328
 7274.38569845]"
419,708016_2024-04-29_D-17,CA3,True,"[  20.79509664   20.79869662   20.80229661 ... 7272.75327289 7273.37470326
 7273.99540031]"
420,708016_2024-04-29_D-22,CA3,True,"[  23.77868242   33.64516874   33.69200185   44.78964897   45.84687726
   48.29026562   48.59879748   51.23371826   70.32569395   71.55285477
   75.15500427   77.18166128   82.32383678   82.88616743   85.51728822
   87.16341371   88.99343833   91.59762592   94.519212     99.76778698
  103.53940235  104.91716245  104.92302909  115.27024645  118.81639621
  118.98079543  127.85188649  129.67197782  131.98673346  134.46892163
  141.54028793  142.21368472  150.6603778   152.0742044   154.12902794
  157.72914412  174.51816412  176.22368932  178.8030437   190.37515522
  195.18626563  199.35711242  199.3608124   213.6802775   221.76847229
  223.53069723  225.00505687  225.28938885  225.94995237  226.38135031
  228.58177316  229.6235682   238.17682744  239.59688734  240.24508425
  242.70497253  242.73620571  256.82183859  265.86199551  278.20480336
  283.67481063  292.27776964  294.54235884  297.68231055  301.16799394
  306.98336623  307.24893163  307.27049819  313.70803418  313.74063403
  317.4406164   318.97700907  322.16676054  326.55830628  332.5774776
  343.97205663  352.27825039  358.33958817  359.46988278  362.06637041
  364.7124578   368.78780505  371.29719309  372.27652176  383.65520087
  384.65412944  385.84652376  386.7886526   387.81154773  389.08117501
  395.57121075  397.48150165  402.42111145  402.45811127  402.7803764
  408.59618202  411.44950176  417.43730656  418.28230253  422.241117
  426.55232979  426.78932866  427.38522582  437.17304585  440.2951643
  447.43649694  451.33594502  455.34142594  459.2246741   464.29844992
  464.9043137   465.43327785  476.56705813  477.48142043  485.94058013
  492.72131448  493.96444189  509.37366846  513.24755     515.84120431
  515.84570429  518.16569323  524.34419712  524.40619683  528.15864561
  531.18226454  540.00508916  540.70025252  546.30189249  546.34799227
  547.42322048  552.28476398  552.31039719  552.3153305   562.42791565
  566.05979834  581.39279194  581.99965572  588.66559062  607.7175665
  607.9762986   622.22669736  624.40155366  625.86934667  629.90892742
  635.05160291  638.671619    639.1261835   654.23314484  654.26487803
  659.88295125  660.6571809   665.322892    668.0567123   670.49433402
  672.99765543  699.12273093  701.04235512  703.5639431   704.30807289
  705.44030083  706.40339624  708.11312143  708.12332138  710.43654369
  732.02300749  734.65569495  735.62479033  747.19680185  748.31186321
  750.45758631  758.1833495   767.06984049  767.08657374  769.340163
  771.20972076  772.96757905  775.4185007   792.4583195   797.60936163
  809.37007225  826.66548983  830.2197729   837.87780307  842.07418307
  842.8165462   858.28030585  861.15349216  861.44185745  868.88918863
  883.38115291  886.87746958  887.48010004  897.0501211   903.06995908
  906.52287596  909.15019678  914.25650578  921.1706395   921.58287087
  929.13426822  929.37926705  935.02100683  937.67919416  937.95542618
  942.38390508  947.30238164  948.4799427   953.06988749  953.97724983
  959.70165589  981.22265334  982.06374933  987.08665873  999.10860144
 1008.25409119 1008.25875784 1008.27902441 1018.58924194 1022.69998902
 1027.63669883 1034.28440049 1053.07591094 1055.53049924 1056.72062691
 1067.61197501 1067.66364143 1072.0274873  1081.79887407 1083.69793169
 1096.48417076 1106.91415439 1117.29250494 1129.8627117  1155.69508861
 1161.74332645 1164.64927927 1181.90276372 1184.33105215 1187.71600269
 1190.32972357 1200.73170733 1203.98042518 1204.72665496 1207.42307545
 1224.67892655 1248.22444768 1252.11756247 1257.9786012  1274.81102099
 1280.27389496 1282.4490846  1283.8274447  1289.82524945 1312.30894231
 1318.53194599 1333.31047557 1334.6315026  1335.50863176 1335.51656505
 1344.15739054 1346.92374403 1356.64263105 1359.71384975 1370.54119815
 1376.81840157 1384.27339938 1397.29233735 1410.94323896 1422.46515073
 1426.07580019 1427.28399443 1440.33413224 1455.3970938  1480.15840914
 1494.17650901 1496.65879718 1497.99575747 1506.21725163 1526.59095454
 1536.14070904 1536.5611737  1537.87236745 1549.56157842 1554.6297876
 1557.47120739 1559.6028639  1567.71835856 1576.39298389 1584.92964322
 1591.31421279 1598.70837756 1605.57947815 1605.58984476 1606.68567288
 1606.89387188 1608.27336531 1611.87224816 1618.90871463 1638.4463882
 1644.26606046 1656.77623418 1674.11685155 1688.10961821 1713.90026198
 1737.45121642 1739.9513045  1784.03719443 1789.25446956 1812.8136573
 1833.28329309 1854.58895823 1854.62025808 1864.91034238 1875.21269329
 1882.78295722 1907.62030553 1909.82516169 1910.53315831 1918.95158486
 1927.10381268 1942.14837433 1943.41783494 1948.34591146 1969.28357836
 1986.66296221 1992.81289957 2000.487663   2030.80445186 2030.89635142
 2034.48900097 2068.55613863 2074.18587847 2104.4832341  2139.90543197
 2156.79668482 2183.20149233 2185.41501511 2206.5436811  2225.23665869
 2230.53260012 2247.48075269 2270.4232767  2280.14386371 2299.92360279
 2314.40713377 2316.27439154 2319.54560928 2331.02732124 2331.0920876
 2340.30297704 2345.56318531 2356.80926505 2360.71897975 2371.57679468
 2378.44679528 2381.39184791 2402.50654729 2425.2680055  2429.93294993
 2430.71367955 2431.88280731 2436.20512004 2456.04692549 2460.13683934
 2484.3978904  2487.02321122 2517.0356682  2519.53588962 2519.61035593
 2533.92475439 2569.49245157 2589.27269065 2620.57527482 2690.57594125
 2709.98681542 2734.46326545 2812.28919459 2814.95858187 2845.77500169
 2911.63245454 2917.10769511 2921.90977223 2922.26640386 2929.08877135
 2929.58133567 2937.45036484 2955.43314582 2969.21681347 2969.75347758
 2990.46634554 3016.80415337 3016.80922001 3022.15079456 3030.97621917
 3035.55316403 3053.0816805  3067.69334421 3085.01666166 3089.30620788
 3094.23558439 3094.30885071 3100.91235258 3102.4124121  3102.41644541
 3117.81667202 3188.03877074 3200.27144578 3200.76664342 3202.90903321
 3206.44141638 3207.28584569 3352.73521926 3360.7501144  3370.20590267
 3374.334683   3377.79433318 3377.84236628 3386.98262273 3428.61832432
 3431.42034431 3490.22579742 3506.73365209 3507.49594846 3510.52236737
 3517.4055679  3540.14415955 3546.94822712 3577.44251515 3588.56699547
 3590.83911798 3681.58438556 3694.98875501 3720.64963273 3727.71309908
 3727.73056566 3736.5984234  3751.5472855  3804.52733304 3853.77893168
 3896.11242995 3899.38774768 3920.5569468  3925.29669088 3973.32426202
 3986.91939724 3996.7350838  3996.75028372 4030.41842329 4081.64407919
 4110.29757598 4116.83104485 4117.31444254 4117.83194008 4124.82084011
 4126.07636746 4207.93964403 4214.61791221 4217.64616444 4237.74936865
 4280.77829694 4288.35489417 4289.92102004 4292.01411006 4294.67859737
 4333.75061118 4338.54688833 4338.95895303 4350.47756481 4350.85132969
 4363.27070385 4398.04947145 4398.86346757 4404.439441   4406.14099956
 4421.27892742 4421.28842738 4433.16883743 4471.24015602 4479.43438363
 4479.78124865 4482.84543405 4509.81530553 4541.33045535 4546.69979643
 4546.70832973 4572.50704012 4573.07510408 4573.09767064 4583.53062093
 4601.29050297 4701.65895802 4714.93509476 4727.85056655 4734.22143619
 4744.40735432 4754.91047093 4766.02745129 4779.60425326 4790.40206848
 4825.7794999  4825.83419963 4827.36535901 4835.91208494 4847.79486165
 4863.77761883 4869.6316576  4873.53587233 4895.91063237 4900.28107821
 4900.37071112 4904.7476236  4916.85816589 4936.67453812 4937.57380051
 4944.83146592 4947.53421971 4947.54521966 4952.74612821 4955.80951361
 4960.69302367 4965.96693187 4965.9742985  4988.07312653 5003.9032511
 5034.63777131 5044.04302649 5052.2404541  5064.20956373 5086.07639286
 5097.35990576 5097.74693725 5105.23273491 5106.42576256 5108.77975134
 5117.05171192 5132.04480714 5132.86063659 5144.39791495 5192.33491985
 5193.91987896 5198.19512526 5212.59048999 5257.99114032 5283.34565283
 5285.83260765 5306.67574166 5327.099011   5331.85535501 5337.92472608
 5344.54499454 5347.75957922 5347.85307877 5371.89556421 5377.08650614
 5389.82244545 5389.85041198 5401.52212303 5405.20657214 5411.83427389
 5412.09547265 5420.69273168 5423.60638446 5425.20931016 5435.10432967
 5444.35408559 5448.28686685 5461.89876866 5471.66888877 5486.97311584
 5493.17635294 5495.03727741 5504.58003194 5514.04442017 5516.38354236
 5523.06824384 5536.41254692 5546.05426764 5552.11967207 5568.68852645
 5573.46487035 5583.05112467 5610.34869459 5612.7463165  5619.89528244
 5622.66313591 5628.58604102 5631.01149613 5634.08078151 5638.10299567
 5641.06171491 5643.20403803 5660.89535373 5662.51854599 5682.78611608
 5683.14874769 5688.90125361 5713.25057091 5716.98205313 5731.55305036
 5788.48947905 5791.61709748 5809.6383116  5821.19008989 5822.57461663
 5826.79022987 5839.56803565 5849.22378964 5875.85669606 5886.35401271
 5905.00772382 5922.50184045 5928.08864716 5928.56584489 5934.5725496
 5937.14310402 5941.65991583 5947.85825296 5948.14525159 5961.69745368
 5966.35056484 5969.11365167 5970.70671075 5987.22229871 5989.12288966
 5994.08216603 5997.04861856 6006.24314141 6017.13868949 6020.9986711
 6033.71904381 6034.63440612 6044.32225995 6050.86832876 6065.02449464
 6083.44614019 6098.03507067 6104.97707092 6110.69081036 6113.49016369
 6114.58772512 6132.29894073 6153.23600762 6153.25967418 6163.48985876
 6164.53432045 6164.54355374 6166.96980885 6188.06330833 6188.37544018
 6189.27456923 6200.60544857 6206.35955448 6210.92796604 6235.51904886
 6245.80699984 6251.7318716  6259.6513672  6264.21734544 6271.80394262
 6280.47826796 6281.06189851 6284.95491329 6285.97810841 6289.31782583
 6292.6062435  6302.2171977  6302.54259615 6327.0151462  6333.74164748
 6337.65096218 6342.68837151 6346.18718817 6348.26117829 6348.57091015
 6357.95703209 6362.06344585 6363.98507003 6365.99366046 6366.01462702
 6368.677881   6370.53690547 6372.54066259 6373.85082302 6373.85562299
 6375.14261686 6375.40308229 6377.9752367  6380.94895586 6381.6459192
 6387.5565577  6388.01362219 6392.45133438 6392.49243418 6396.01935071
 6409.68375226 6419.97446989 6436.17632602 6440.94286997 6440.94496996
 6446.39104401 6449.65576179 6450.8285562  6455.45610082 6459.66904741
 6463.20833054 6472.29342058 6481.75560883 6490.76989921 6495.76334208
 6510.00587421 6518.97893145 6537.84434155 6538.3729057  6542.68225183
 6563.09735455 6569.54705715 6572.40804352 6577.40935302 6581.05516898
 6587.69410401 6596.41449579 6601.85916984 6606.71188005 6606.7647798
 6616.47120021 6616.64546605 6619.73208467 6630.69879908 6647.06855441
 6680.91312647 6687.07279711 6698.22421064 6708.40082882 6708.57036134
 6719.50944255 6727.17363936 6734.36533842 6735.21243439 6735.38133358
 6735.89316448 6755.23220565 6757.31659572 6759.02165426 6790.16347253
 6793.52135653 6797.21580559 6797.4514378  6800.95368778 6816.08188236
 6818.89226897 6818.90693556 6822.52568499 6825.79360275 6832.17177235
 6837.00078268 6840.35290004 6840.38776654 6852.18031034 6864.4662518
 6871.83338336 6892.89018302 6900.96567787 6909.13200562 6909.22720517
 6926.16952444 6936.99347286 6953.87942573 6956.25644773 6965.32467119
 6989.61922209 6989.98992032 6992.87667323 6995.80139263 7015.52243198
 7022.03456762 7022.8350638  7026.92707764 7036.80113059 7037.07662927
 7038.11015768 7040.93761088 7042.32753759 7048.76384025 7049.76710213
 7049.78933536 7056.00320575 7061.91011094 7064.8148971  7065.71765946
 7074.32881843 7085.08723383 7085.13420027 7087.53542216 7092.5913314
 7103.67824524 7106.46513196 7114.30832792 7116.72001642 7122.15862384
 7123.98974845 7128.22226161 7130.65928333 7134.60936451 7135.04232911
 7136.13279058 7136.40715594 7139.0823432  7139.75650665 7141.45953187
 7147.9795008  7149.2595947  7159.91717725 7162.88769643 7163.06286226
 7167.02297672 7167.57480742 7169.61993101 7171.31762292 7173.49504588
 7174.45317465 7176.64976418 7178.56615505 7179.50701723 7179.51118388
 7184.84365847 7196.60450242 7198.05952882 7199.89668674 7200.77778254
 7201.46087928 7206.13009037 7206.14485696 7208.03584795 7209.89833908
 7212.89662479 7215.25951353 7217.26123732 7220.01719086 7223.51024088
 7224.64400214 7226.90905802 7233.00379564 7235.96204821 7238.10103802
 7240.95739107 7245.50263608 7249.85921532 7254.70059225 7258.80187271
 7262.15625672 7263.98791466 7272.451841  ]"
421,708016_2024-04-29_D-31,CA3,True,"[  19.44670306   19.47303627   19.50040281 ... 7275.05609525 7275.0607619
 7275.07386183]"
422,708016_2024-04-29_D-33,CA3,True,"[  19.41913653   19.44143642   19.48953619 ... 7275.00416217 7275.0462953
 7275.16922805]"
423,708016_2024-04-29_D-34,CA3,True,"[  19.4675363    19.50056947   19.64796877 ... 7274.9069293  7274.95896238
 7275.03576202]"
424,708016_2024-04-29_D-35,CA3,True,"[  19.53530264   19.55946919   19.72663506 ... 7274.86162951 7274.90439598
 7275.02276208]"
425,708016_2024-04-29_D-41,CA3,True,"[  19.47220294   19.47700292   19.87786768 ... 7216.90730568 7251.40384129
 7257.52811211]"
426,708016_2024-04-29_D-53,CA3,True,"[  20.26789915   22.29622282   22.3133894  ... 7114.31999453 7142.26142805
 7233.78872523]"
427,708016_2024-04-29_D-62,CA3,True,"[  19.45860301   19.73303503   22.3625225  ... 7264.63954489 7265.08064279
 7266.24737056]"
428,708016_2024-04-29_D-70,CA3,True,"[  20.83099647   21.5735596    33.48073619 ... 7270.0452858  7270.90034839
 7272.02877635]"
429,708016_2024-04-29_D-73,CA3,True,"[  19.7475683    19.96236727   20.15476636 ... 7275.03446202 7275.04532864
 7275.04572864]"
430,708016_2024-04-29_D-78,CA3,True,"[  19.4881362    19.73640168   19.74563497 ... 7273.53890248 7274.37153185
 7275.02329541]"
431,708016_2024-04-29_D-80,CA3,True,"[  19.4735696    19.59960234   19.63900215 ... 7274.77236327 7274.96099571
 7274.96776234]"
432,708016_2024-04-29_D-95,CA3,True,"[  19.4962695    19.91820082   19.97136723 ... 7274.7866632  7274.97062899
 7275.04856196]"
433,708016_2024-04-29_D-102,CA3,True,"[  21.47392674   21.65915919   22.3429226  ... 7275.0119288  7275.0453953
 7275.05286193]"
434,708016_2024-04-29_D-112,CA3,True,"[  19.64426879   21.91922462   22.7691539  ... 7251.61647361 7253.0260669
 7275.06556187]"
435,708016_2024-04-29_D-117,CA3,True,"[  19.61643559   20.23073266   20.56839772 ... 7267.93649585 7270.31295119
 7274.08093323]"
436,708016_2024-04-29_D-122,CA3,True,"[  20.36949867   20.5588311    21.24619449 ... 7272.73230633 7273.69430174
 7275.03279536]"
437,708016_2024-04-29_D-163,CA3,True,"[  19.43466979   19.44060309   19.45043638 ... 7274.82919633 7274.83992962
 7274.85202956]"
438,708016_2024-04-29_D-167,CA3,True,"[  19.43433646   19.58060243   19.70333518 ... 7271.76084429 7272.7234397
 7273.61770211]"
439,708016_2024-04-29_D-168,CA3,True,"[ 971.94969752  987.16252503 1845.94733275 ... 7274.78219656 7274.80972976
 7274.85672954]"
440,708016_2024-04-29_D-169,CA3,True,"[  25.14730923   30.03425261   34.33949876 ... 7258.76140623 7269.35415576
 7270.01698593]"
441,708016_2024-04-29_D-172,CA3,True,"[  27.19909946   31.41837935   37.67091622 ... 7265.87243901 7267.23313253
 7269.45938859]"
442,708016_2024-04-29_D-173,CA3,True,"[  22.93158646   24.5534454    25.4840743  ... 7272.65870668 7273.62540207
 7274.30793215]"
443,708016_2024-04-29_D-174,DG,True,"[  19.8320679    19.83823453   19.92070081 ... 7273.74513483 7274.97999562
 7274.98539559]"
444,708016_2024-04-29_D-175,DG,True,"[  19.58123576   19.70940181   20.35259875 ... 7274.31029881 7274.70066361
 7274.8858294 ]"
445,708016_2024-04-29_D-178,DG,True,"[  19.44453641   19.46286965   19.48013624 ... 7274.7867632  7274.81792972
 7275.15656144]"
446,708016_2024-04-29_D-182,DG,True,"[  19.54620259   19.69156856   20.4677982  ... 7267.49793127 7269.44522199
 7270.71724926]"
447,708016_2024-04-29_D-183,DG,True,"[  21.43776024   21.44789353   21.4536935  ... 7265.86113907 7269.70168743
 7272.29567507]"
448,708016_2024-04-29_D-198,DG,True,"[  19.60063566   19.70313518   19.84073452 ... 7274.8498629  7274.89522935
 7274.99872886]"
449,708016_2024-04-29_D-199,DG,True,"[  19.65076876   21.57595959   23.2516516  ... 7270.84858197 7270.86181524
 7273.60400217]"
450,708016_2024-04-29_D-200,DG,True,"[  19.43723644   19.46066966   19.55930253 ... 7274.77056328 7274.80792977
 7274.82596302]"
451,708016_2024-04-29_D-201,DG,True,"[  19.4116699    19.41663654   19.4260365  ... 7275.12846157 7275.14232818
 7275.15156146]"
452,708016_2024-04-29_D-210,DG,True,"[  19.41250323   19.42193652   19.5448026  ... 7275.09886172 7275.12902824
 7275.14916148]"
453,708016_2024-04-29_D-212,CA1,True,"[  19.8375012    19.85413446   19.97416722 ... 7273.26647045 7273.3259035
 7274.98332893]"
454,708016_2024-04-29_D-213,CA1,True,"[  19.41596988   19.53723597   19.57800244 ... 7275.14902814 7275.1584281
 7275.17499469]"
455,708016_2024-04-29_D-214,CA1,True,"[  19.44126976   19.63176885   19.96196728 ... 7274.77856324 7274.79566316
 7275.00186218]"
456,708016_2024-04-29_D-215,CA1,True,"[  19.79606807   19.80416803   20.1179332  ... 7273.4435696  7273.52606921
 7275.05919524]"
457,708016_2024-04-29_D-216,CA1,True,"[  19.44983638   19.50576945   19.63276884 ... 7274.92212922 7274.9892289
 7275.01672877]"
458,708016_2024-04-29_D-217,CA1,True,"[  19.45133638   19.61006895   19.64986876 ... 7274.63883057 7274.65929714
 7275.14889481]"
459,708016_2024-04-29_D-222,CA1,True,"[  19.46856963   19.46970296   19.72373508 ... 7274.20333265 7274.71509688
 7274.91599592]"
460,708016_2024-04-29_D-225,ProS,True,"[  19.85000114   20.77656339   20.97326246 ... 7274.29023224 7274.91749591
 7275.05759525]"
461,708016_2024-04-29_D-227,ProS,True,"[  19.42143652   19.76606821   19.84970114 ... 7271.70824454 7273.8910008
 7274.1150664 ]"
462,708016_2024-04-29_D-228,ProS,True,"[  19.58900239   19.81290132   19.83226789 ... 7269.45938859 7270.05391909
 7272.96133857]"
463,708016_2024-04-29_D-232,ProS,True,"[  19.80573469   19.87223437   20.02876696 ... 7274.90182932 7274.90756263
 7275.11032833]"
464,708016_2024-04-29_D-234,ProS,True,"[  19.4678363    19.48246956   19.74393498 ... 7274.35716525 7274.69903029
 7274.79452983]"
465,708016_2024-04-29_D-236,ProS,True,"[  19.46923629   19.63036886   19.69223523 ... 7275.08389512 7275.10936167
 7275.16842805]"
466,708016_2024-04-29_D-240,ProS,True,"[  19.56346918   19.73366836   19.77800149 ... 7273.04193818 7274.27969895
 7274.43473155]"
467,708016_2024-04-29_D-248,ProS,True,"[  19.63466884   19.7686682    19.81156799 ... 7274.23279918 7275.10209503
 7275.15666144]"
468,708016_2024-04-29_D-249,ProS,True,"[  20.12286651   20.23479931   20.40103185 ... 7270.63908297 7274.99522888
 7275.15026147]"
469,708016_2024-04-29_D-250,ProS,True,"[  19.42293651   19.47490293   19.50286946 ... 7274.96576235 7275.02502873
 7275.06142856]"
470,708016_2024-04-29_D-252,ProS,True,"[  19.48003624   19.55713587   19.63203552 ... 7272.88980558 7273.66406855
 7274.19993267]"
471,708016_2024-04-29_D-253,ProS,True,"[  19.5504359    19.60113566   19.91166752 ... 7275.05812858 7275.10099504
 7275.11989495]"
472,708016_2024-04-29_D-254,ProS,True,"[  21.12029509   21.92452459   22.90328659 ... 7273.2271373  7273.77950134
 7274.7795299 ]"
473,708016_2024-04-29_D-256,ProS,True,"[  20.29106571   21.03902881   23.10765229 ... 7274.0942665  7274.51219784
 7274.71393022]"
474,708016_2024-04-29_D-257,ProS,True,"[  19.42166985   19.44483641   19.5724358  ... 7273.56086904 7274.05880001
 7274.44346484]"
475,708016_2024-04-29_D-258,ProS,True,"[  19.43016981   19.60836896   19.68263527 ... 7274.61656401 7274.78219656
 7274.9197959 ]"
476,708016_2024-04-29_D-264,ProS,True,"[  20.08633335   20.43246503   20.45649825 ... 7274.74056342 7274.82052971
 7275.00136218]"
477,708016_2024-04-29_D-268,ProS,True,"[  19.46666964   19.47140295   19.48003624 ... 7274.92366255 7274.92756253
 7275.0250954 ]"
478,708016_2024-04-29_D-271,ProS,True,"[  19.43886977   19.70106852   19.96536726 ... 7274.98549559 7275.03842867
 7275.14836148]"
479,708016_2024-04-29_D-272,ProS,True,"[  19.46400298   19.82846791   19.91270084 ... 7274.60846405 7275.07546183
 7275.16579473]"
480,708016_2024-04-29_D-278,VISli,True,"[  20.38653192   20.43359836   20.72513031 ... 7274.94176246 7274.94876243
 7274.96582902]"
481,708016_2024-04-29_D-279,VISli,True,"[  38.06161436   38.10654748   72.72141587   73.87641036   77.41856015
   93.61538297   98.97035745  110.8314676   179.76767244  187.51816884
  209.52269731  237.62649673  262.57351118  266.8148243   271.10720385
  282.67201541  292.55750164  293.20803187  294.74539121  317.50091611
  334.63923444  344.86988569  354.7805718   357.12499396  357.58729176
  381.75314327  388.07594647  415.06308454  428.89585196  450.17518389
  452.65250542  453.71120037  464.10541751  498.86928518  518.19182644
  521.14794569  521.2999783   529.82807099  541.28014975  558.31623524
  558.35130174  586.75489972  590.81594704  631.97985088  642.56633377
  661.48494362  661.91860822  663.1741689   675.05717895  683.1884402
  688.01908385  692.02739808  696.1853116   703.80270863  733.6018333
  749.35819155  752.20484465  758.84281302  763.78412281  768.92309832
  768.97359808  774.97513615  775.02606924  775.38293421  779.30034887
  788.51517163  802.36043899  810.96153133  816.22417292  867.58422818
  869.77878439  889.6080899   900.00517369  920.53874251  941.62140871
  953.34405285  961.6574799   966.24649137  967.31901959  969.88567403
  970.94380232  986.18412969  989.12404902  990.26047694 1012.97646869
 1020.86663109 1024.62961316 1044.42315217 1062.5339992  1065.19701985
 1073.04378246 1076.62449873 1097.36046658 1108.93631142 1137.39434248
 1172.78034052 1173.61396989 1201.63070305 1207.07781042 1244.27726649
 1244.86636369 1270.57750783 1293.53276511 1303.7075833  1341.48246996
 1343.2373616  1354.59517414 1357.63382633 1359.73474965 1373.73784959
 1406.61722624 1410.93297235 1423.00621481 1426.17753303 1468.38273192
 1485.5378835  1563.1700469  1586.9411003  1590.64481598 1614.79086759
 1619.55444489 1633.72444403 1636.97442854 1697.32750762 1714.62429186
 1721.23079371 1778.23045543 1778.90935219 1780.65474388 1806.56318709
 1820.34538808 1832.8483285  1848.44848749 1873.32223563 1902.61139606
 1915.65320058 1923.06656526 1939.70758596 1990.49264396 2011.84130889
 2031.96474633 2064.18842611 2077.88432752 2080.05481717 2093.8569514
 2099.56955752 2112.6530285  2179.48207672 2236.13417342 2249.15974469
 2249.30967731 2276.87627928 2291.82557471 2300.74789886 2377.93686437
 2392.91209301 2398.41223347 2398.4610999  2409.52648051 2422.12618713
 2441.71346046 2444.12094899 2480.67400814 2493.42841403 2499.31825263
 2513.72778397 2514.53904677 2526.21175781 2527.52341823 2527.62108443
 2540.43269005 2552.54453233 2581.19672913 2587.06566783 2620.15777681
 2620.31624272 2621.37180435 2634.16734338 2716.37121833 2757.87382056
 2789.89003466 2790.07993376 2792.23379016 2824.53283625 2837.22894242
 2851.45100798 2870.03521942 2875.5928596  2889.35322737 2889.41579374
 2897.24822308 2905.53375026 2910.32486077 2911.1217903  2920.15821391
 2932.32802258 2996.95774794 3010.52038331 3035.04609978 3042.57173058
 3066.01631886 3066.11728505 3066.72364883 3079.53392112 3091.35129814
 3119.26196514 3157.71694856 3163.1373894  3184.04558976 3200.21714604
 3220.93521398 3226.69685319 3250.49477312 3338.83915214 3341.94883732
 3359.64231968 3367.72821448 3373.34982102 3373.57321996 3373.94695151
 3399.15573139 3416.99997969 3423.28164975 3461.57696727 3493.19068329
 3493.53571498 3542.94457954 3569.88395116 3614.15330688 3620.98377433
 3628.39993899 3628.48230526 3637.45276252 3644.78466091 3664.11283548
 3664.44926721 3669.68994223 3674.88768413 3676.81770827 3697.87730792
 3753.81197471 3763.35889588 3765.74511785 3770.50302851 3814.27138661
 3820.6803894  3825.34860049 3855.9223548  3876.24422463 3876.93078802
 3876.95312125 3900.019778   3902.03756838 3921.36854293 3924.35589537
 3929.86360245 3944.7044984  3954.38821892 3975.04918713 3986.68449836
 4011.8861116  4012.08624398 4080.85411629 4081.05701532 4122.54341763
 4153.11043864 4159.75900695 4191.42812271 4195.96820108 4196.0326341
 4208.10190992 4210.34746589 4211.76165915 4228.18131424 4240.99038654
 4245.97556278 4262.30348498 4289.03135761 4289.91152008 4290.41548435
 4313.66857354 4319.75707786 4323.83802508 4331.17485679 4331.19159004
 4331.42152228 4338.5814215  4345.49985519 4353.56261677 4362.24717539
 4364.43643162 4388.25125147 4391.08700463 4497.11226606 4497.25623204
 4514.73511542 4518.12396594 4524.50156888 4537.22870823 4545.02623774
 4559.39990258 4577.88571449 4619.03895172 4619.50738282 4619.61898229
 4619.7915148  4635.40557373 4635.48487336 4648.04754682 4648.33541212
 4648.77291004 4686.52719679 4697.61861061 4707.78236218 4707.89636163
 4710.11861771 4746.32274519 4755.177403   4766.27588344 4792.16022676
 4801.27535    4816.18357896 4816.81650927 4822.45961572 4830.82604251
 4846.30886874 4846.55093425 4862.61492437 4892.33328275 4895.62296708
 4902.82383276 4911.92258941 4929.30857322 4961.23385443 4977.94180814
 4987.97299368 4997.39951542 5004.01565056 5004.70391395 5026.68814252
 5052.3574202  5052.59288575 5064.23829692 5088.2705824  5090.88396995
 5091.57793331 5097.61937119 5097.80823696 5098.73233255 5108.90101743
 5123.07684988 5129.63371863 5140.74299903 5141.00619778 5141.25856324
 5178.35341981 5207.48648098 5211.59266142 5212.19462521 5215.86840771
 5241.11245408 5256.28268179 5265.00794021 5271.60137546 5289.7244891
 5295.32869573 5333.31644804 5337.33126225 5355.64244166 5387.05569197
 5405.34353815 5405.58367034 5411.29987644 5411.35707616 5414.96302565
 5440.2473385  5440.34267137 5444.62901762 5444.69855062 5447.22373859
 5453.72770759 5461.83800228 5470.83875939 5490.0933343  5495.85440685
 5522.92741117 5523.75927388 5527.22932401 5553.66613137 5554.33862816
 5554.34402813 5561.02186298 5561.03186293 5565.94013954 5567.68426457
 5568.03539623 5569.45902278 5592.89374444 5599.76511169 5606.25014746
 5615.01980567 5621.07257683 5621.65790737 5637.72209749 5644.13856691
 5652.4852938  5656.68430713 5658.92766311 5659.10662892 5677.96623905
 5683.15791431 5691.57460754 5708.13392863 5715.44532712 5716.05202423
 5716.76825415 5719.10004304 5725.53804569 5725.67937835 5731.83164904
 5757.53179324 5761.95927214 5799.30462751 5807.26798957 5818.82050118
 5820.07912852 5827.77292519 5830.6314449  5852.7294396  5853.46006945
 5853.60726875 5862.4103268  5862.77159175 5879.19658015 5888.16503741
 5893.07294735 5904.74955838 5906.77588206 5907.38391249 5921.21651324
 5924.06449967 5927.05541875 5933.98135242 5946.22509407 5948.93648115
 5952.44996441 5953.45612628 5960.34942677 5963.50831172 5978.36570758
 5987.29993168 6005.99357593 6013.97187125 6023.97099027 6037.47899256
 6067.95431401 6072.24079358 6118.58360608 6128.26992659 6128.76412424
 6132.4315401  6137.00331831 6153.13980808 6166.40541154 6175.56716788
 6178.15798887 6184.69712437 6187.9154757  6189.70863382 6191.66012453
 6194.90764238 6199.48948722 6229.30264515 6244.89593751 6247.33699255
 6257.63097683 6262.25655479 6291.73918096 6308.49406779 6338.56825781
 6353.70928566 6372.36346344 6391.11940739 6415.11469305 6424.43784862
 6431.16858322 6435.77126129 6440.80013732 6442.09946446 6456.01803147
 6456.15273083 6459.81908003 6469.15933552 6469.81763238 6473.86647975
 6509.03404551 6509.16361156 6509.65684254 6531.81133697 6554.9997598
 6562.9039888  6565.33447722 6587.39787209 6598.8527175  6599.51204769
 6603.54456181 6626.52561897 6628.6733754  6664.69493708 6671.67350383
 6672.11113508 6675.62711832 6687.31982927 6688.28112469 6716.88665505
 6722.34942901 6734.74896993 6737.65478941 6738.03755426 6740.07134457
 6742.18240117 6743.81122674 6746.12584905 6780.53035177 6787.826817
 6789.74650785 6790.09170621 6792.584561   6792.60672756 6796.69270809
 6803.05921108 6817.09597753 6840.34983338 6841.6259273  6854.59776549
 6862.09266311 6887.29247636 6894.13374376 6900.30881433 6931.94983023
 6938.24653355 6944.62813648 6946.65729347 6952.64016496 6971.03791063
 6973.00153461 6973.68733134 6983.60505074 6999.00417736 7002.02012966
 7027.4605751  7030.05906271 7034.56224126 7059.41902281 7069.92350609
 7073.05082452 7075.95781066 7083.53097458 7109.85098249 7113.12933353
 7115.18972372 7122.20372363 7130.42305113 7140.43363676 7143.56035519
 7146.01804348 7159.95957704 7161.21557106 7165.3210515  7167.73297334
 7170.52682669 7170.70869249 7173.63047857 7178.55238845 7180.04458134
 7180.70641152 7188.62974043 7208.77147778 7212.02572894 7232.99512902
 7238.42430314 7240.43339357 7259.01840501 7260.73509683 7265.96117193
 7271.30887978 7272.59687364]"
482,708016_2024-04-29_D-282,VISli,True,"[  19.53690264   19.75190161   19.76590154 ... 7274.11129975 7274.32389874
 7274.97956228]"
483,708016_2024-04-29_D-293,VISl,True,"[  19.89420093   19.9012009    19.94793401 ... 7262.44165536 7274.05803334
 7274.41446498]"
484,708016_2024-04-29_D-296,VISl,True,"[  20.08750001   20.11669987   20.24396593 ... 7274.91359593 7274.96779567
 7274.98986224]"
485,708016_2024-04-29_D-298,CA3,True,"[  21.29246094   21.30412755   21.81899176 ... 7273.51176928 7274.39383174
 7274.79646316]"
486,708016_2024-04-29_D-299,CA3,True,"[  40.09590467   41.89889608   44.04065254 ... 7262.1126236  7263.98234802
 7271.09341414]"
487,708016_2024-04-29_D-300,CA3,True,"[  23.34601782   24.02758124   24.73151121 ... 7262.87805328 7263.15525196
 7263.53355016]"
488,708016_2024-04-29_D-304,CA3,True,"[  28.56065963   35.99579087   45.82364404 ... 7272.53984058 7272.56924044
 7272.59400699]"
489,708016_2024-04-29_D-305,CA3,True,"[  19.4877362    19.50496945   19.66883534 ... 7274.46986471 7274.49549792
 7274.64303055]"
490,708016_2024-04-29_D-310,CA3,True,"[  19.65756873   20.28816572   20.30419898 ... 7271.0596143  7271.50201219
 7272.77667278]"
491,708016_2024-04-29_D-315,CA3,True,"[  55.92552924   57.82418685   64.03705725   74.72903963   85.0598904
   89.52900244   95.88013884  112.8744912   120.72128714  127.79598676
  129.27574637  138.61260188  170.4792167   185.81537695  188.39053135
  192.55071152  195.01206646  197.42862161  203.82575779  217.53912578
  223.66376326  224.35405997  227.97410939  231.06509466  235.03647574
  247.5223829   248.97030934  249.71113914  253.89375254  267.22388902
  267.22695567  267.23018899  269.72634376  274.64922031  278.78710059
  295.27712201  295.2861553   295.31075518  303.65688208  303.91801417
  319.96833768  323.77925286  324.87938095  340.958071    357.71475781
  383.37833552  387.78408119  418.27696922  428.22492182  428.23115512
  434.95625641  436.00058477  441.18806005  458.67247673  470.68888614
  483.63265779  497.16735996  502.6353339   503.96796089  522.98880358
  522.99763687  531.59892922  531.95509419  534.91038011  544.55073417
  547.38685399  550.97380356  551.54086753  551.5944006   552.29363061
  555.30914957  556.98890823  561.12458852  566.6770954   573.47242968
  580.18143105  584.80307569  585.07707439  590.78538052  599.91570368
  602.99412234  608.38932996  616.22209264  617.02988879  627.32847305
  632.42544876  653.68088081  664.10259781  668.84357522  679.96895554
  681.0681503   692.97869355  705.70146625  707.15355933  712.65593311
  713.28549678  722.13968792  726.35963448  731.4330103   744.86491296
  760.82063693  780.45351004  790.43446248  793.23974911  794.84584146
  794.86500804  849.31471524  851.75787026  856.24664887  864.1038781
  864.36707684  914.85890291  930.17499659  957.30010067  974.95694986
  983.24271038  988.56531835 1012.09203957 1021.30702899 1025.01987797
 1026.8672025  1029.04779211 1029.05649207 1063.08982989 1065.52565162
 1105.61896056 1107.63785094 1121.29795252 1135.09762009 1135.10742004
 1135.11895332 1137.76077407 1164.77261202 1184.01162034 1208.65146959
 1208.65446958 1213.74761197 1218.25859048 1237.82863056 1249.03694381
 1253.18629071 1262.51141294 1289.17231923 1289.43848462 1294.93869175
 1296.47018445 1304.9174442  1367.96881041 1385.21012825 1398.92866288
 1400.61502151 1402.06051462 1406.44482707 1410.93983898 1434.30036099
 1436.30991809 1455.38039388 1457.58575003 1458.00524804 1471.10481895
 1480.1731424  1497.31086074 1498.32065592 1536.10727586 1539.25279421
 1545.54823088 1552.40866485 1582.87571967 1600.45890255 1627.33094116
 1644.16666094 1659.50748784 1731.68061058 1731.68621056 1731.69827717
 1736.14105599 1736.350155   1744.34735022 1744.38235006 1758.27218387
 1777.98658993 1827.7198196  1828.66634843 1832.0993654  1860.84062844
 1873.95963259 1878.83600936 1886.17630771 1914.4954061  1918.22328834
 1920.69670988 1924.39782558 1928.80177126 1928.83797109 1929.29426891
 1942.0902746  1943.39693504 1987.35942555 2001.82615662 2019.0520412
 2037.33308742 2037.38365384 2037.38742049 2071.7535234  2071.7740233
 2138.33350613 2182.07999767 2182.08303099 2182.08623097 2184.39928662
 2185.58254765 2189.62686171 2189.91839365 2189.9297936  2190.72178982
 2190.72595647 2192.45654822 2202.08980232 2206.99491228 2208.58537137
 2210.51849549 2210.60786173 2222.7091374  2224.45439575 2225.64972338
 2259.79616067 2261.00905489 2266.62856145 2302.96815495 2309.1396922
 2309.14892549 2316.19685858 2316.28325816 2316.29149146 2326.85227447
 2329.24842972 2338.38125286 2338.38601951 2338.3941528  2340.9066075
 2353.31374837 2357.66012766 2358.77682234 2369.0672733  2369.50753787
 2376.72943679 2391.25376758 2392.95382615 2397.28023886 2398.27510079
 2417.35380988 2422.31711956 2516.83650249 2517.10390121 2536.31547633
 2553.39652827 2563.70944579 2563.7144791  2614.65750302 2620.57750814
 2711.90443961 2727.90323004 2727.90596336 2775.13967162 2821.10711924
 2848.31492292 2899.38297957 2902.8826629  2902.88776287 2902.89772949
 2917.49362661 2917.49855992 2935.66230669 2935.67773995 2935.68483992
 2935.68850657 3030.04132363 3030.0530569  3045.1492183  3068.49730704
 3092.4862594  3093.95941904 3097.68800128 3099.33916007 3099.35129335
 3189.71952939 3204.98245666 3211.23906018 3258.5995345  3272.76240034
 3295.73412421 3360.80554747 3366.18455517 3367.57678187 3367.67341474
 3367.71274788 3367.81824738 3367.84104727 3367.84524725 3367.93744681
 3367.98891324 3368.2341454  3374.62548161 3374.62831493 3388.66308139
 3398.60160069 3398.62710057 3408.07888887 3419.16706936 3420.72609527
 3466.90090857 3507.13128353 3528.52611491 3528.53288154 3569.96951742
 3569.97571739 3569.98495068 3570.4421485  3570.45378178 3572.68153783
 3597.3678202  3665.90236028 3689.0524833  3721.38142925 3722.85282224
 3722.8610222  3845.64477044 3864.75811269 3870.28141971 3878.06168263
 4020.75083602 4020.81053574 4020.82076902 4020.98890156 4021.02143473
 4021.02483472 4042.97153014 4068.99183948 4081.47331333 4107.96495376
 4113.55852711 4115.68478364 4121.97965365 4129.29265213 4137.1750479
 4137.18371453 4137.18821451 4137.19361448 4139.60276967 4145.52650811
 4145.70810724 4146.42433716 4147.9342633  4147.94859657 4149.20649057
 4153.82383524 4159.93150613 4160.62723615 4168.7797973  4214.14458113
 4214.1502811  4222.83670638 4227.96124862 4231.82873019 4234.88521563
 4240.42368924 4241.46091763 4252.31223259 4266.77853032 4286.45623655
 4297.08621923 4313.94647222 4333.46277922 4341.8756058  4371.79216324
 4417.77451079 4467.47207397 4479.67224917 4479.83721505 4511.09109945
 4514.50364986 4515.70694412 4521.81051504 4521.82361497 4532.19849887
 4532.65536336 4533.76749139 4545.27796988 4552.11417063 4561.23139386
 4564.4950783  4576.62095385 4578.52474478 4590.14542274 4694.38995933
 4716.57372028 4720.6553675  4720.65883415 4730.34998797 4732.1561127
 4732.42251143 4741.36446882 4741.63590086 4741.64973412 4743.04632747
 4751.11742234 4752.97121351 4755.05053693 4757.84382362 4758.74798598
 4768.67087203 4779.05588921 4781.90647563 4792.68049095 4808.5150155
 4842.61858632 4842.80855208 4872.16447886 4872.16887884 4874.20890245
 4899.5003486  4899.50348192 4913.50088188 4916.38963479 4916.9188656
 4918.45509161 4943.35487296 4948.58298138 4948.61831454 4949.15381199
 4954.48111994 4974.08749318 5001.12473101 5014.93423187 5022.3138967
 5024.2032877  5025.30881576 5033.33654418 5042.46510068 5044.03955984
 5044.78232297 5047.90940807 5047.91324138 5050.45599593 5088.34124873
 5093.58665707 5094.64225204 5101.89695081 5102.37218187 5104.03694061
 5109.54054772 5114.49135746 5119.64063292 5119.67649942 5119.68446604
 5119.69609932 5119.70473261 5141.28999642 5154.18426831 5165.87881259
 5179.63941368 5187.86694114 5192.32085325 5212.55279017 5235.81211267
 5253.77066043 5277.7208463  5323.16436309 5333.52164707 5342.77856962
 5346.82981698 5347.23301506 5355.42600935 5358.16552963 5359.03385883
 5361.64001308 5362.34614304 5393.86472619 5397.00874454 5400.0112969
 5410.59494646 5414.51136113 5417.95314473 5461.75473601 5471.15199123
 5522.62371262 5527.15152438 5539.34369961 5546.01616782 5564.7176787
 5580.68023597 5618.20679048 5627.52694607 5631.79052575 5632.65582163
 5635.92130607 5645.8067923  5662.72214502 5663.52457453 5696.65851664
 5696.66718327 5698.59537408 5704.43294626 5704.43854624 5704.44221289
 5706.67166893 5717.40541778 5717.41981771 5717.43951762 5729.8252586
 5731.75324941 5756.77333018 5759.19108533 5759.55995024 5780.25661828
 5808.30771795 5810.29630847 5813.93049115 5814.38658898 5816.72557783
 5822.43661728 5823.37341282 5824.91063883 5825.3919032  5825.62766875
 5825.64473533 5826.2662657  5827.04819531 5831.11284261 5838.73173964
 5838.74293958 5840.21043259 5842.1040569  5844.12734726 5846.56360231
 5846.86243422 5849.57325464 5850.97524796 5850.97868128 5854.56133087
 5865.03638095 5866.05330944 5870.82135339 5922.13110889 5930.01443799
 5966.35573148 5972.26416999 5987.90102881 5990.36391708 5990.37968367
 5990.47081657 5990.49291646 5990.49718311 5991.64341098 6007.00640444
 6019.17344646 6019.20311299 6024.2864221  6024.29695538 6024.33022189
 6024.33988851 6025.33301711 6025.35358368 6027.17640832 6027.18627494
 6042.19740341 6054.74684361 6057.31743136 6078.89212855 6080.00972323
 6082.88144288 6083.46487343 6086.65685822 6086.66429152 6093.54829205
 6093.57289193 6093.58765853 6098.3087027  6100.55465866 6100.97772331
 6101.25978863 6101.26892192 6113.30183125 6176.12129857 6176.12396522
 6176.13233185 6176.13516517 6211.54916308 6215.64451023 6219.01376085
 6264.4924108  6271.05601285 6271.06507948 6271.08454605 6271.45441096
 6271.4806775  6271.48454415 6271.60307691 6271.6348101  6271.88527557
 6271.95337524 6273.62870059 6273.65716713 6276.91335161 6285.99144168
 6289.86898987 6291.16645036 6292.61834344 6294.84543283 6306.8127758
 6308.19253589 6355.32031132 6355.33997789 6369.21474511 6376.82134219
 6393.47626283 6394.36125861 6431.4528152  6434.78473265 6461.38287257
 6463.19069729 6463.19799726 6472.67431877 6496.67523773 6497.38053437
 6561.54956193 6567.95729806 6631.27222968 6633.47715251 6634.07774965
 6635.45844307 6639.37459107 6640.10325427 6642.78574149 6645.12723033
 6645.13309697 6646.6988895  6648.92404557 6650.40313852 6658.11626843
 6658.12190174 6670.31814362 6673.85106012 6684.5292759  6688.16475858
 6707.56586613 6710.43438579 6749.1510013  6756.84476464 6758.49889009
 6782.12724416 6786.83205507 6788.03734933 6843.59125127 6844.1240154
 6884.56765601 6898.75802172 6904.82545948 6911.42792802 6911.43782797
 6911.46179452 6911.46906115 6911.47529446 6919.10062479 6922.23380986
 6925.9321589  6949.32974741 6958.66580292 6970.6875123  6980.64959816
 6980.93333014 7041.2549427  7070.35047072 7076.62897413 7076.82490653
 7076.8310065  7076.83567315 7078.77969722 7079.92652509 7087.67732148
 7087.88682049 7119.51413644 7135.68079274 7141.96082948 7141.9641628
 7146.2717756  7147.17050465 7149.12096203 7163.59375973 7167.26374224
 7169.91062963 7172.23661854 7174.31620863 7175.2526375  7176.62023099
 7181.74873988 7186.17615212 7186.45218414 7188.82327284 7188.98567206
 7189.81153479 7190.21263288 7192.59732152 7196.33230372 7201.06361451
 7201.34894648 7202.26300879 7202.76813972 7203.64393555 7211.73033035
 7213.07642393 7217.26997062 7217.28087056 7217.90133427 7218.25239927
 7219.3291608  7221.56191683 7222.02908127 7228.06901916 7229.53984548
 7241.09709041 7248.24295636 7249.99094803 7254.12089501 7255.10985697
 7255.12099025 7256.00991935 7257.49904558 7262.10819029 7264.28251326]"
492,708016_2024-04-29_D-319,CA3,True,"[  21.00922895   21.2574611    21.26099442 ... 7275.01099547 7275.01972876
 7275.03082871]"
493,708016_2024-04-29_D-326,CA3,True,"[  19.44390308   19.50030281   19.54756925 ... 7274.76169666 7274.82812967
 7274.89069604]"
494,708016_2024-04-29_D-343,CA3,True,"[  19.45976967   20.9646625    22.48715524 ... 7269.2195564  7274.90529597
 7275.04369531]"
495,708016_2024-04-29_D-352,CA3,True,"[  19.56476917   19.70403517   19.98206718 ... 7246.74643015 7249.87008194
 7258.75273961]"
496,708016_2024-04-29_D-360,CA3,True,"[  19.72066843   19.95213399   20.53066457 ... 7274.12493302 7274.90412931
 7275.04576197]"
497,708016_2024-04-29_D-370,DG,True,"[ 150.26851301  627.95670339  865.02567371 ... 7259.8519677  7260.31309884
 7261.50579316]"
498,708016_2024-04-29_D-371,DG,True,"[  19.41683654   19.43723644   19.58233575 ... 7273.5067693  7273.75746811
 7274.0174002 ]"
499,708016_2024-04-29_D-374,DG,True,"[  19.41446989   19.43976976   19.53996929 ... 7275.09949505 7275.10712834
 7275.13356155]"
500,708016_2024-04-29_D-379,CA1,True,"[  19.7461683    19.94430069   20.59426426 ... 7268.35166053 7272.70503979
 7273.67793515]"
501,708016_2024-04-29_D-388,CA1,True,"[  19.41103657   19.46570297   20.37353198 ... 7268.48162658 7270.78028229
 7274.77036328]"
502,708016_2024-04-29_D-392,ProS,True,"[  19.56033586   19.6626687    19.76096823 ... 7274.82802967 7274.83806296
 7274.93722915]"
503,708016_2024-04-29_D-393,ProS,True,"[  19.51603607   20.9502959    21.27306103 ... 7271.00271457 7271.58504513
 7272.96133857]"
504,708016_2024-04-29_D-397,ProS,True,"[  19.51063609   19.51796939   19.5235027  ... 7274.70489693 7274.77936324
 7274.85862953]"
505,708016_2024-04-29_D-398,ProS,True,"[  19.57656911   20.10583326   20.54453117 ... 7266.25443719 7273.25793715
 7273.78060133]"
506,708016_2024-04-29_D-399,ProS,True,"[  19.45073638   19.47130295   19.74346832 ... 7274.7883632  7275.05532859
 7275.13592821]"
507,708016_2024-04-29_D-401,ProS,True,"[  19.4326698    19.44216975   19.46766963 ... 7274.81556307 7275.05826191
 7275.13086156]"
508,708016_2024-04-29_D-404,ProS,True,"[  20.27263246   20.3904319    21.78409193 ... 7271.64774483 7272.61584021
 7273.55606907]"
509,708016_2024-04-29_D-406,ProS,True,"[  19.57666911   19.76646821   19.99716711 ... 7273.90013409 7274.0253335
 7274.31459879]"
510,708016_2024-04-29_D-407,ProS,True,"[  19.4177032    19.42416984   19.43013648 ... 7275.09276174 7275.15819477
 7275.16196141]"
511,708016_2024-04-29_D-411,ProS,True,"[  19.44183642   19.73650168   20.08163337 ... 7273.85276765 7274.84259627
 7275.0747285 ]"
512,708016_2024-04-29_D-412,ProS,True,"[  19.50186947   20.56146442   20.68196385 ... 7274.76242999 7274.93136251
 7275.05459526]"
513,708016_2024-04-29_D-415,VISli,True,"[  19.72466841   20.33766549   20.5524978  ... 7267.70473028 7273.32353684
 7275.1650614 ]"
514,708016_2024-04-29_D-421,VISl,True,"[  39.38177474   46.09920939   50.33862253   50.34108918   51.04531916
   51.06238574   52.09418083   54.21840404   58.39745079   63.11459498
   66.77637753   66.88517701   68.91170069   72.63348295   77.38699363
   77.51392636   77.82375822   92.30982252   93.26281798   97.02120007
   97.42466482  105.76072509  111.08669971  116.6369066   118.54843082
  123.66713977  124.2193038   124.41880285  127.3540222   138.93540034
  147.60229238  149.61471612  150.73861077  151.05437593  151.05594259
  151.80273903  153.67829676  153.88289578  159.53906883  159.78770098
  167.96216202  168.05756157  168.96332392  169.48892142  175.79302471
  176.3335888   179.40964081  180.04300446  180.17820381  180.56616863
  185.76254387  186.64023969  188.62336357  194.3254364   197.82428639
  198.34945056  203.77812469  207.77540564  216.6808632   217.34092672
  217.5694923   219.22205109  227.38247887  244.21693199  244.64842993
  248.79351018  252.64139184  253.67272026  254.65681557  265.60856339
  266.68789158  266.78302446  274.5811873   292.69253433  292.72840082
  292.79340051  293.24199837  294.02379465  296.20761758  296.30938376
  297.68074389  297.77707676  304.55061115  304.64714403  307.15133209
  309.29955519  310.89731424  311.92934266  312.15784157  312.90163802
  313.0389707   313.35133588  320.24800302  321.91346175  323.91108556
  330.98018521  332.41457837  333.93080448  344.99128511  345.00471838
  345.01451833  353.69147699  354.51623972  356.14926527  357.34612624
  363.87606179  376.48430171  378.62199152  380.66654844  383.30553587
  390.61976768  394.13145095  397.71713386  399.06026079  399.21322673
  401.64304849  402.09781299  402.46847789  414.96361834  418.51946807
  420.33705941  427.33675938  430.67997679  436.30015001  437.0422798
  441.18216007  447.05716541  452.65583873  453.53736787  464.12351742
  464.27318337  467.9541325   469.53699162  469.97612287  470.1158222
  471.28628329  481.48493469  496.59522935  501.80713785  502.29853551
  504.78452366  510.169998    518.50342496  518.77802365  522.38450646
  523.96829892  528.00834633  529.61277202  530.75929989  534.29334971
  534.79891397  535.78290928  535.80757583  539.00606059  552.80172818
  554.80775196  556.24434511  560.93265611  563.59384342  566.32106376
  567.84782315  569.58364822  574.13139321  574.27962584  575.31072092
  584.06454588  584.84020885  588.12779318  590.58081483  591.45687732
  593.43866787  593.7401331   593.75906635  595.11079324  595.62662412
  599.25774015  599.5400388   601.93972737  602.98868903  606.76207105
  612.56961004  621.02036978  621.5532339   621.74359966  622.70806173
  623.07445999  624.64335251  624.81171838  625.13611683  625.14371679
  627.3467063   632.13391682  632.15081674  649.39750122  649.52976726
  653.07621702  655.16104042  661.57754318  662.79933736  671.15373088
  671.33856333  684.12270241  684.41836767  684.88699877  685.49236255
  688.32351573  688.32968237  688.96137936  700.51329098  700.52592425
  704.64610461  704.6629712   704.86227025  705.17466876  717.24591124
  725.71533755  727.46186256  734.68519481  734.75052783  734.84546071
  744.15684967  747.54063355  751.61938078  753.84900349  755.93976019
  757.4067532   761.3939342   765.71551361  784.61292356  787.03491202
  792.62905202  800.35108189  800.50861448  802.35777233  810.20736826
  810.73526574  810.76056562  810.95629802  816.65750419  817.59416639
  818.07579743  818.1169639   818.21193012  820.8108844   820.88088407
  833.36609124  835.61108054  842.27414879  842.30264865  842.31821525
  843.83837467  844.33687229  844.47117165  849.62291377  851.45080506
  851.7084705   852.30880097  854.6952896   863.99177863  865.84313648
  866.07270205  867.37616251  871.80204142  874.1549302   877.13278268
  878.60417567  880.83599837  891.85251254  896.65445632  903.02169265
  906.96820717  908.55559961  913.35054343  913.45160961  922.26770094
  922.35670051  928.46300475  935.56963755  955.66287513  961.58491358
  966.18889164  967.22812002  981.40355247  982.68127972  982.92601189
  988.40788576 1008.4906234  1024.60167996 1027.79833139 1041.98079715
 1043.15119157 1048.17003432 1062.52909923 1097.51163253 1107.39021879
 1141.35362361 1162.34462359 1200.13411018 1209.07086759 1209.33366634
 1217.78219275 1217.91812543 1224.54969383 1227.35031382 1232.03739149
 1257.62803621 1313.09330524 1334.81533506 1338.12028598 1338.16725242
 1343.51766026 1385.15002854 1411.05493843 1442.38538913 1486.06301433
 1584.9617764  1606.29160809 1642.49180225 1649.06407093 1651.71235831
 1660.63591579 1667.87984794 1669.95867137 1693.96885695 1694.70472011
 1702.7108153  1711.69273916 1715.64642032 1737.25415069 1747.76893392
 1755.05979918 1769.32976451 1771.93181878 1778.04478965 1790.67676279
 1802.57927274 1802.75250524 1832.64652946 1840.92569001 1849.40878292
 1859.39663532 1859.66156739 1887.9702325  1939.09918886 1940.05878428
 1943.35903522 1964.9924988  1974.22098816 2005.46870593 2015.04976027
 2026.80013761 2026.84977071 2029.99568905 2030.2088547  2031.36261587
 2034.9927319  2037.22528793 2041.96436535 2046.02394601 2103.67193797
 2122.26584936 2152.33737273 2155.40245813 2165.91004139 2177.82291796
 2181.40006758 2223.8836318  2228.35617715 2243.71073732 2252.7106611
 2281.58035686 2297.09951624 2318.65191354 2328.8041985  2346.5866471
 2350.56706146 2356.15406817 2359.35511958 2374.1824156  2378.74219387
 2382.43137629 2383.48183795 2385.87155989 2387.58861838 2399.10366351
 2406.58442786 2420.47229501 2436.33685275 2444.91717853 2483.90509274
 2484.44899015 2498.84658821 2499.40645221 2505.91595452 2517.61746543
 2520.8707166  2527.05118714 2530.89973547 2560.38086165 2587.15160075
 2595.6839601  2610.11109135 2626.21184796 2632.78561663 2634.3583758
 2650.84983055 2660.77378326 2662.47057518 2676.28190936 2676.52247488
 2693.18012884 2710.6967787  2741.26713303 2774.9609058  2805.74169246
 2809.42427491 2820.03665767 2826.18902836 2826.59322643 2875.61072619
 2881.81289663 2904.1337236  2917.72469217 2927.62311167 2948.06621425
 3017.72931563 3018.59317818 3108.5385829  3128.31702199 3132.25933654
 3150.74508178 3162.94169033 3193.59461093 3233.29932173 3242.67664371
 3255.44831618 3256.38711171 3257.23744099 3262.93054719 3274.13392714
 3296.6594198  3341.85810442 3343.25343111 3345.39775422 3364.5963294
 3366.15692197 3366.45062057 3378.57516279 3386.97272277 3417.88157549
 3430.61458148 3473.82627557 3473.85177544 3508.13947872 3509.07457427
 3511.74562821 3512.07195998 3537.2024069  3557.51784342 3572.14190707
 3574.13399758 3633.08165001 3635.23273976 3645.79568943 3669.32821062
 3680.89435551 3689.32454867 3718.33967708 3740.88083633 3743.14085889
 3753.85027453 3772.568852   3788.29631038 3788.32947689 3793.32178644
 3796.32240547 3812.17079662 3830.37284321 3838.20480589 3901.90690234
 3902.83593125 3926.41921887 3945.24539582 3948.24124821 3981.46578989
 3993.61116535 4000.65456512 4076.57270335 4079.28972374 4113.65529331
 4123.41244682 4132.02570578 4136.46758461 4144.52237956 4152.16217649
 4153.86536837 4154.21983335 4164.59108393 4165.24434748 4165.3311804
 4182.98366295 4200.52127938 4207.71567843 4207.80057803 4211.59105996
 4211.94925826 4211.98715808 4265.95070093 4265.96593419 4277.74934471
 4286.39190352 4294.74486372 4331.55318832 4349.66553534 4356.79323471
 4388.05548574 4429.12785669 4462.53153085 4465.05885214 4469.40153144
 4479.69904904 4548.59582073 4550.44111194 4610.51065903 4633.68181528
 4635.42307365 4645.10396085 4660.97175191 4661.41141648 4688.23032201
 4726.70357201 4738.66944833 4738.68221493 4752.67454826 4778.0848605
 4835.47572036 4857.03528429 4860.15460276 4869.55999127 4871.44681561
 4879.40641102 4908.82367084 4921.50447708 4941.8138803  4953.53735777
 4959.28523038 4962.81624689 5032.87774636 5038.73315179 5052.32512036
 5052.43451984 5058.9259889  5071.06223107 5072.83498929 5083.3617058
 5135.9441219  5152.99044067 5164.94068372 5177.61958997 5178.38521966
 5186.80137955 5200.44114789 5200.7183799  5208.32064367 5213.28755334
 5271.80014118 5283.98694978 5285.82460769 5295.18589641 5314.579504
 5323.73146038 5386.05519673 5386.31416217 5400.89479269 5406.57596561
 5428.73116004 5444.86711648 5458.89994961 5461.43287088 5464.9958539
 5490.41823275 5490.49093241 5510.37647098 5541.4936227  5553.78306414
 5564.23101435 5567.19503356 5621.77540681 5648.50221278 5650.97420101
 5743.97249118 5750.33172755 5757.73409227 5758.42242233 5776.24333741
 5791.06043347 5810.64937345 5811.71916836 5812.05166677 5814.19232324
 5830.6030117  5830.77074424 5842.83632008 5843.93858149 5851.33241292
 5901.65087315 5916.91390041 5924.06933298 5929.27470818 5929.93837168
 5936.22200841 5943.83570546 5945.47106433 5949.46714529 5971.46754046
 5996.83541957 6019.5643446  6021.65820129 6050.79439578 6063.34786929
 6066.8795858  6135.31202637 6141.61319634 6141.79352882 6145.01488013
 6174.99243728 6179.65928171 6188.06590832 6197.83886175 6199.34918789
 6218.91339466 6228.03281787 6229.50577752 6259.76756665 6288.77442842
 6289.79535689 6290.03042244 6299.28844499 6300.38363977 6307.06824125
 6312.42378239 6331.34715889 6332.84478508 6338.82398993 6464.63182376
 6468.03630754 6470.36549644 6472.14295463 6472.19525438 6474.02307901
 6481.91607473 6500.48125293 6518.92403171 6530.97724094 6535.13318781
 6537.16431146 6545.56207144 6556.22568729 6562.77425609 6585.38901499
 6592.15444942 6595.72303242 6617.30926289 6630.86643162 6655.19048237
 6656.38934333 6694.6590943  6724.91488346 6766.95538312 6782.7768744
 6827.92979257 6834.55209435 6878.22561957 6884.42425669 6898.80998814
 6927.09468669 6951.03323929 6967.15102915 6975.55935575 6980.6343649
 6983.26845235 6989.26465711 7015.02766768 7042.60583626 7064.3033662
 7079.91205849 7085.7014309  7109.70568318 7112.71006887 7115.00629126
 7142.94962477 7143.13455722 7145.41781301 7147.11263826 7151.43705099
 7151.66341658 7161.86810128 7166.46844603 7166.61214534 7178.13865708
 7186.22851853 7194.99514343 7214.47491727 7230.59440712 7236.4189127
 7241.3019561  7254.27726093 7265.97053855 7270.79644888]"
515,708016_2024-04-29_D-423,VISl,True,"[  19.51770273   19.91116752   19.95210066 ... 7274.91162927 7274.92862919
 7275.02542873]"
516,708016_2024-04-29_D-424,VISl,True,"[  19.41683654   19.72093509   19.85290113 ... 7273.50110266 7273.76080143
 7273.90456741]"
517,708016_2024-04-29_D-425,CA3,True,"[  19.48400289   20.34526545   20.37959862 ... 7270.70481599 7271.05858097
 7271.07041425]"
518,708016_2024-04-29_D-428,CA3,True,"[  23.14215212   26.65180206   30.09158567 ... 7269.52815493 7272.72583969
 7274.75059671]"
519,708016_2024-04-29_D-431,CA3,True,"[  38.24828014   38.64604491   41.38793184 ... 7270.07141901 7274.12053304
 7274.12436636]"
520,708016_2024-04-29_D-457,CA1,True,"[  20.05043352   20.76063014   21.09906186 ... 7271.31594641 7273.20803739
 7273.38090324]"
521,708016_2024-04-29_D-458,ProS,True,"[  19.62923553   23.27455149   26.06870484   27.71879698   30.66178296
   31.09651422   35.84089161   36.27428954   45.30204653   47.97106714
   58.49468366   64.02419064   65.08521892   80.47201227   93.7356824
  107.94748134  119.06866168  121.20301817  138.73483463  141.24852265
  159.57346867  166.37533625  167.81716272  169.83841975  184.35815056
  200.47010712  209.9445953   289.26115068  299.04510405  302.71805322
  321.36476436  339.72881019  340.54567296  354.56660615  361.39800693
  362.86089996  384.53336335  392.53262523  405.01746574  414.34172131
  414.80618576  422.62268185  430.57631061  442.02075608  460.03617023
  460.63476738  467.1989361   468.01669887  483.43722539  491.07868897
  496.98702749  501.90583738  507.99347504  517.99862736  526.68185265
  534.15995035  537.17110267  540.23188808  551.5734007   557.92277045
  561.50935336  561.72288567  564.75530456  574.58545771  581.07826011
  601.25623062  616.09759323  622.35099677  652.30588736  660.62348106
  663.49233405  663.49716736  674.61018108  676.14174044  690.54513848
  691.80476581  693.373525    693.9405223   704.5438051   711.45710549
  720.59776194  732.68680433  745.96570772  746.46720533  765.47891473
  824.63743283  825.8129939   839.13126377  843.45654315  852.96266452
  853.01743093  861.02879275  869.1819539   870.56918062  880.83393171
  882.36342442  883.72691792  889.29085808  890.22472029  897.83238404
  898.64931348  899.0520449   899.68760853  905.21681552  928.42913824
  933.32591491  937.20522976  951.0603304   953.033821    953.803284
  955.22704388  957.90973109  960.07668744  962.90884061  969.63187524
  969.8841407   984.53800421  987.34042418 1000.58306108 1001.48565678
 1018.91077375 1019.4309046  1022.3696906  1025.64500832 1028.79602664
 1029.42022367 1031.50291374 1035.09816328 1036.2959909  1039.31720984
 1043.1929247  1043.32372408 1043.88258808 1048.028135   1050.69135564
 1051.6714843  1052.74171253 1053.96577337 1058.97854948 1082.37430466
 1084.40582831 1087.62107966 1118.13983423 1118.72489811 1118.91196389
 1118.92683048 1134.08332492 1134.56555596 1137.17114354 1145.02667278
 1147.1408627  1148.32525706 1154.99285862 1162.23289079 1175.23302884
 1187.38327094 1188.20630035 1231.07379608 1231.68722649 1239.53145578
 1239.98405362 1255.74601184 1259.9035587  1261.37498502 1265.6739312
 1274.58598873 1274.84065419 1275.25548554 1276.86534454 1279.03300088
 1282.88844917 1283.99974387 1298.06381019 1310.26638538 1317.16331918
 1343.96699145 1351.12112403 1358.53082205 1378.267528   1382.33957527
 1407.27725643 1417.03094329 1430.35664645 1437.49664576 1454.25443258
 1460.15597112 1461.47116485 1467.44506972 1479.86811052 1482.58113093
 1487.80090605 1493.57314521 1529.16617561 1538.81592962 1542.00548109
 1542.26021321 1549.92141004 1557.10130916 1572.73613465 1575.71725378
 1578.65150646 1587.17779917 1599.01684275 1606.18630859 1608.80656277
 1616.37992668 1618.28025096 1642.04263773 1643.19926555 1647.10238028
 1656.07650419 1657.67959655 1659.70548689 1660.0887184  1668.59794452
 1669.84327192 1681.64394902 1691.20607012 1691.40426917 1731.80820997
 1746.75070544 1746.93900454 1749.41452608 1762.44616398 1778.22775544
 1782.77526711 1814.18948408 1818.6471295  1821.12275104 1822.61964391
 1826.10876061 1828.19918399 1853.79432869 1858.10527481 1858.72010521
 1872.12404134 1877.21438375 1905.24405018 1917.49085849 1929.97006569
 1943.86593281 1959.12186011 1971.53963427 1972.81736152 2011.75977595
 2025.20517854 2043.76032346 2060.66947622 2066.85108009 2069.29350179
 2116.73067574 2126.10376441 2133.92769379 2134.29569204 2140.02829806
 2142.34395369 2167.1191023  2174.0432693  2185.26664915 2219.25565385
 2223.43673393 2244.06313564 2248.64564714 2251.88683169 2263.42287672
 2267.72698954 2270.40194346 2278.59313777 2279.87416499 2281.76072267
 2288.36482453 2290.51424763 2294.4291623  2313.96170256 2314.61916609
 2314.77323203 2323.71902273 2324.18325385 2330.93445501 2332.71964651
 2353.32324833 2356.87213142 2373.34138627 2374.44091436 2376.74377006
 2422.02062097 2431.66214169 2434.58739442 2437.48181396 2439.38547156
 2451.16684875 2465.79641237 2478.37398577 2499.29808606 2504.83225969
 2522.00457786 2523.94026864 2529.96017328 2531.71306493 2610.1985576
 2613.32927601 2633.05524868 2653.43411824 2655.26714284 2662.81297354
 2664.93773009 2664.96912994 2698.94446804 2716.18755254 2721.79085917
 2732.99473911 2763.58099336 2764.15882394 2769.85153015 2773.09898134
 2776.45163203 2778.07062432 2792.3718895  2800.2775185  2804.02150066
 2814.90524879 2819.42479392 2819.52762677 2841.39972254 2862.66315455
 2865.68224016 2868.45599361 2881.07480015 2884.7496493  2911.25948965
 2918.32092266 2921.83553925 2929.91166743 2930.57833092 2943.1659376
 2974.93058624 2985.42763622 2992.36400317 2995.96058603 2997.95980983
 3034.22233704 3076.41040267 3088.41394547 3093.3115888  3103.80290547
 3125.11230393 3139.01380435 3145.93940468 3148.34052657 3158.50354481
 3168.5647302  3169.78285773 3177.83555269 3181.44306883 3196.25346492
 3197.4485259  3199.73504833 3202.04407066 3205.51515412 3207.84670968
 3217.76039577 3224.31649786 3238.13136537 3238.29626458 3263.99610878
 3278.74467184 3281.29562635 3312.10274621 3324.92235179 3330.12726032
 3333.8537759  3338.85445207 3345.64705303 3352.3837876  3372.66679094
 3379.99882267 3386.3100926  3405.46353466 3406.71079538 3411.75107137
 3427.86472791 3443.1310885  3470.026827   3480.33737787 3483.39952995
 3485.84765161 3502.37423953 3503.22870212 3530.56137188 3535.7393472
 3543.64874285 3550.15784516 3557.69037594 3572.92040336 3601.80443239
 3605.63334748 3641.79887514 3641.94440778 3654.5659143  3667.75265147
 3689.04888332 3716.92795047 3740.84640316 3742.11656377 3748.2326013
 3781.08081143 3788.00801176 3828.63491816 3832.93526434 3841.51402346
 3841.88348836 3847.51929484 3875.48129493 3875.68732728 3876.96265454
 3913.17378198 3959.71136022 3959.95855904 3961.91398306 3964.16207235
 4002.91618768 4008.0595965  4052.44088501 4084.64926487 4084.79693083
 4103.65670763 4104.72600253 4110.88233986 4111.58920316 4115.32618535
 4124.98630599 4162.48839395 4168.18070016 4170.17912397 4206.406018
 4210.10166706 4219.74135446 4232.78595897 4239.65822622 4243.97497231
 4246.88359179 4247.58215513 4252.33936579 4265.21387111 4278.65794038
 4296.93655327 4302.56469312 4304.48925062 4309.78239206 4312.50234577
 4315.10303337 4355.82780598 4369.30794174 4371.15179962 4380.54665486
 4387.93518631 4414.94029096 4428.2502942  4429.4193553  4431.12531384
 4457.52908802 4480.81637705 4520.17442283 4521.38091708 4522.04221393
 4535.9211478  4543.19157982 4554.21832727 4565.73610572 4577.53351617
 4588.82692902 4590.32938853 4600.74277224 4610.39645957 4657.35110249
 4662.79464322 4663.63377255 4679.36813091 4679.68059609 4710.51604915
 4716.71375295 4735.23029805 4755.19890289 4785.41472558 4790.83353309
 4815.04975102 4855.1653932  4867.78169975 4952.57786234 4960.49225796
 4970.12151208 5001.30649681 5021.56396694 5039.86034642 5113.31396307
 5142.83565572 5172.84774604 5176.82026045 5220.88445047 5257.46604282
 5288.44769519 5308.4028001  5314.91880238 5317.8381218  5323.65496075
 5368.04478256 5379.63566066 5412.90873544 5417.54078003 5448.31296673
 5458.23518611 5475.76880256 5518.34359968 5527.0707581  5591.92661571
 5598.05255319 5616.38769915 5642.33124219 5648.79557805 5683.3214802
 5740.52204096 5773.81568231 5777.8119966  5839.61013545 5845.04484289
 5850.40008403 5948.23335117 5974.03166157 5979.31513639 5988.79392456
 6108.24648868 6112.95489957 6180.29331202 6231.29183567 6324.92938947
 6339.70118575 6349.89360384 6372.12893122 6417.54998145 6471.22265902
 6504.58750003 6533.47192905 6601.73167045 6659.395229   6682.13455398
 6767.45151409 6817.85447391 6825.68813658 6829.15138675 6873.62094151
 6954.82768787 6968.76098815 7007.36587085 7032.6005506  7188.23974228
 7241.09272376]"
522,708016_2024-04-29_D-459,ProS,True,"[  19.43170314   19.48103623   19.75623492 ... 7271.6316449  7273.05750478
 7273.1785042 ]"
523,708016_2024-04-29_D-461,ProS,True,"[  19.67260199   19.75820158   19.85823444 ... 7273.849001   7274.21389927
 7274.47663135]"
524,708016_2024-04-29_D-462,ProS,True,"[  27.55523109   28.19219472   38.13898066 ... 7275.0043955  7275.00882881
 7275.01459545]"
525,708016_2024-04-29_D-463,ProS,True,"[  19.69923519   19.80460136   20.88399622 ... 7262.67562091 7267.51329786
 7267.54223106]"
526,708016_2024-04-29_D-464,ProS,True,"[  20.45983157   28.09519519   29.97058625 ... 7264.52824542 7268.88789131
 7271.61294499]"
527,708016_2024-04-29_D-469,ProS,True,"[  22.2652563    26.37367006   31.24081353 ... 7273.81256785 7274.13206632
 7275.14522816]"
528,708016_2024-04-29_D-470,ProS,True,"[  19.95306732   20.12036652   20.49166475 ... 7274.96632901 7274.9974622
 7275.10309503]"
529,708016_2024-04-29_D-471,VISl,True,"[  34.72233027   34.73366355   34.75316346 ... 7274.21503259 7274.2353325
 7274.61683068]"
530,708016_2024-04-29_D-482,ProS,True,"[  19.67400198   20.18703287   20.55583111 ... 7272.37997467 7272.84183914
 7273.2761704 ]"
531,708016_2024-04-29_D-483,ProS,True,"[  21.95192446   22.02305745   22.28198955 ... 7267.22699923 7268.20236125
 7272.70447313]"
532,708016_2024-04-29_E-1,SNr,True,"[  19.41616557   19.4892983    19.51846473 ... 7275.1040113  7275.12131116
 7275.16787745]"
533,708016_2024-04-29_E-4,SNr,True,"[  19.55283112   19.73196298   19.81449564 ... 7274.94454594 7274.95174588
 7275.07561154]"
534,708016_2024-04-29_E-6,SNr,True,"[  20.05139369   20.19269254   20.26719193 ... 7274.90257962 7275.03547853
 7275.07534487]"
535,708016_2024-04-29_E-21,SNr,True,"[  71.01650918   90.10511934   92.78266406 ... 7275.12937776 7275.16801078
 7275.17854403]"
536,708016_2024-04-29_E-22,SNr,True,"[  19.8597286    20.48839011   20.62618898 ... 7272.93996238 7273.2950928
 7274.20315202]"
537,708016_2024-04-29_E-24,SNc,True,"[  19.54483118   19.65329696   19.79362914 ... 7274.3033512  7274.39931708
 7274.58514889]"
538,708016_2024-04-29_E-48,ZI,True,"[  19.42989879   19.45216527   19.4651985  ... 7275.11961118 7275.14104433
 7275.16927743]"
539,708016_2024-04-29_E-49,ZI,True,"[  19.44773198   19.47939838   19.50509817 ... 7274.83234686 7274.85014672
 7275.1243778 ]"
540,708016_2024-04-29_E-50,ZI,True,"[  19.77396264   21.58861442   24.59358979 ... 7271.86233788 7272.97242878
 7274.1690523 ]"
541,708016_2024-04-29_E-52,ZI,True,"[  19.41899888   19.4405987    19.50146487 ... 7275.12604446 7275.14874427
 7275.17161075]"
542,708016_2024-04-29_E-53,TH,True,"[  19.45286527   19.46783181   19.49549825 ... 7275.13974434 7275.14731095
 7275.17271074]"
543,708016_2024-04-29_E-57,PIL,True,"[  31.8292638    35.11617018   35.89329714 ... 7272.89039612 7273.02119505
 7274.18918547]"
544,708016_2024-04-29_E-62,MGm,True,"[  19.47459842   19.56023105   19.567131   ... 7275.08247815 7275.11264457
 7275.14427764]"
545,708016_2024-04-29_E-63,MGm,True,"[  19.46133187   19.58186421   20.45265707 ... 7275.09851135 7275.14137766
 7275.15421089]"
546,708016_2024-04-29_E-64,MGm,True,"[  25.01188636   25.51698222   26.55464038 ... 7266.47041542 7268.19130131
 7271.03584466]"
547,708016_2024-04-29_E-66,MGv,True,"[  28.38439204   41.32598594   42.82870695 ... 7272.47923282 7273.18939367
 7274.39271713]"
548,708016_2024-04-29_E-67,MGv,True,"[  19.48976497   19.54943114   19.5548311  ... 7274.80184711 7274.98477895
 7274.99657885]"
549,708016_2024-04-29_E-68,MGv,True,"[  20.78002105   21.98531117   22.38227458 ... 7274.85081338 7274.89844632
 7275.11337789]"
550,708016_2024-04-29_E-69,MGv,True,"[  19.6809634    19.69829659   19.73469629 ... 7275.00584544 7275.13321106
 7275.13531105]"
551,708016_2024-04-29_E-70,MGv,True,"[  19.42756548   19.49569825   19.52969797 ... 7275.08447813 7275.10934459
 7275.12081117]"
552,708016_2024-04-29_E-72,MGv,True,"[  19.52699799   19.64993032   19.69102998 ... 7275.0761782  7275.08844476
 7275.11757786]"
553,708016_2024-04-29_E-73,MGv,True,"[  20.51828987   20.91331996   21.2869169  ... 7275.0845448  7275.08984475
 7275.11484455]"
554,708016_2024-04-29_E-74,MGv,True,"[  19.69899658   19.89096168   19.95199451 ... 7274.17975221 7274.66304825
 7275.12097783]"
555,708016_2024-04-29_E-76,MGv,True,"[  19.42926546   19.51483143   19.6273305  ... 7275.05131174 7275.08934476
 7275.10901126]"
556,708016_2024-04-29_E-79,MGv,True,"[  19.98776088   20.01956062   20.04739373 ... 7275.01441204 7275.0437118
 7275.06007833]"
557,708016_2024-04-29_E-80,MGv,True,"[  26.37667517   31.93666292   36.58105817   41.65814988   41.85018164
   44.32796132   46.28127864   51.50490248   63.24797287   64.03976638
   64.38646354   69.27665678   77.06312627   86.47104914   86.78754654
   97.60015789  103.54517582  105.21852876  106.31411978  110.11568861
  113.32779561  115.39124536  121.01846589  126.15109048  130.11015802
  132.41150581  135.29768215  138.58985516  148.48104073  148.78957153
  150.56752362  158.59439115  168.50664321  169.49090181  171.85198245
  173.16077172  174.94372377  175.29262091  180.3885458   185.32423866
  186.5146289   187.3933217   191.52215451  202.7571624   204.34971601
  206.06870192  213.30644258  215.80628875  226.36650217  227.93222266
  228.25825332  231.51925992  232.09148856  236.23898789  240.37085402
  269.6003477   271.66159747  275.89712941  279.48976662  324.9998935
  327.2635416   327.31010789  336.58153187  345.72879021  353.66722513
  355.74170812  359.60590977  363.22161346  370.62771941  377.29596473
  389.38276564  393.28253366  399.67748123  400.76160568  405.5436998
  406.17549462  408.38620983  408.72927369  411.75734886  426.61566037
  444.67241233  447.46335612  460.92531241  462.29453452  475.56649237
  486.87763297  499.13789912  499.99729207  513.34561596  515.5729977
  519.49123224  527.61949893  540.56609279  540.86072371  542.69547533
  542.82367428  543.26277068  549.77055066  551.3306712   553.25598875
  554.38144619  571.81860322  573.73122088  575.67760492  591.54687481
  602.36595277  615.04681547  618.2558225   628.34460645  637.52306453
  647.10195266  667.87888232  668.26297917  672.88264129  674.37682904
  698.9104279   722.83016512  724.69708314  725.32641132  730.98173162
  733.22057993  733.86790795  733.89147443  750.77070271  757.08218429
  767.30540048  777.09535354  796.29912943  808.32129753  811.20430723
  813.46528869  816.55246338  819.53407227  841.42152615  854.33248696
  855.5228772   877.10866689  877.11756682  893.91669575  918.71335912
  918.73122564  934.29026474  944.24701644  944.73631243  947.60955554
  968.88881441  989.43421263 1009.25475013 1012.57758955 1014.28167558
 1019.82263015 1026.00094616 1037.7416499  1052.16516498 1053.86098441
 1055.76756878 1078.36641683 1087.05104563 1189.95473528 1207.17012747
 1208.57151598 1253.26991617 1267.25550151 1283.21157069 1289.25065451
 1302.96034211 1304.75336074 1304.88445966 1317.07149308 1320.92559481
 1325.42889123 1343.54574269 1353.94925739 1359.40171269 1384.80807106
 1405.1191712  1413.74870045 1423.02122442 1460.87371408 1466.9617975
 1467.72215793 1481.29231334 1494.35883954 1526.92500587 1527.92346436
 1527.94949748 1528.18546221 1532.41286088 1544.94479147 1553.58198732
 1606.09072348 1670.71329366 1678.51916299 1680.42011407 1706.8271309
 1728.99604914 1738.22627347 1763.30030123 1821.51822391 1907.21852128
 1938.30823305 1952.01882064 1952.8478805  1958.34006881 1958.83943138
 1959.00866333 1960.19412027 1965.72014163 1983.40056334 1989.69717839
 2011.88972977 2029.71191698 2041.69211876 2052.11823328 2061.78662068
 2069.51429065 2078.53428337 2081.24196117 2082.34995208 2095.20211338
 2140.36890973 2140.53840834 2141.54306677 2150.25266203 2175.64948714
 2191.89695393 2197.81113878 2223.13449782 2225.81200921 2230.36053858
 2257.93371251 2261.23365213 2266.65650767 2277.71391701 2285.54825278
 2293.93215071 2310.77167931 2377.71513046 2396.2050122  2418.97619217
 2424.85334398 2441.90320419 2448.70224845 2460.26935361 2463.46956071
 2499.03046915 2507.64939849 2513.21891949 2516.47625945 2521.40228573
 2521.88864841 2526.08951397 2526.12781366 2542.12358251 2551.6632043
 2592.802967   2594.18995563 2600.5724033  2605.26983146 2607.16714924
 2619.51711465 2637.19020308 2638.64875779 2639.98468017 2640.45000969
 2650.12709702 2652.40931164 2652.62260989 2656.25671343 2656.38721236
 2675.23879113 2676.19874993 2676.637513   2677.01860987 2681.93423624
 2696.07022034 2716.5290526  2718.39123734 2728.27328965 2761.51315046
 2793.89278498 2806.10101823 2806.13158464 2809.68518884 2812.75676366
 2819.05831199 2819.58377435 2824.02483794 2831.15527948 2833.90382361
 2834.67071732 2837.8202915  2840.66836815 2841.580694   2844.86680039
 2849.41309645 2850.93331732 2853.6356285  2860.01047624 2870.0930269
 2881.15723619 2901.64470155 2911.3554886  2911.91225071 2917.24077368
 2918.98952601 2941.8363387  2959.85225766 2968.79148437 2976.05699147
 2976.97215063 2981.10248343 2982.36860638 3008.89758888 3010.64130792
 3014.02888014 3018.01684745 3041.95338453 3053.33575788 3060.94589548
 3071.80880642 3073.11769569 3094.60341953 3097.32569721 3173.3668071
 3176.02975194 3199.11492933 3201.08161321 3212.67638481 3222.39820511
 3222.86370129 3251.37636752 3265.30455333 3265.50158505 3268.0076645
 3294.01871791 3351.47184686 3356.51577218 3367.01308611 3368.0513776
 3372.51880764 3383.56511707 3434.36123394 3447.76705736 3475.25193202
 3480.66855428 3492.15449344 3498.06434499 3530.38051337 3550.99627768
 3564.740065   3575.60417593 3613.34786647 3649.3666045  3689.18291139
 3719.00343356 3722.70576988 3723.02466726 3742.90320428 3746.43450866
 3747.14220286 3760.18672924 3778.56351191 3794.15821739 3796.95772777
 3801.59752306 3817.39856018 3819.38937719 3830.30115439 3854.77265376
 3859.47298189 3864.04447774 3866.00439501 3870.2784933  3872.35774292
 3880.91347277 3896.05111533 3899.60495286 3901.86583432 3910.59492942
 3929.69027286 3932.86674682 3943.54715925 3949.99760637 3969.90027652
 3981.44728185 3999.75046512 4007.26160354 4030.53104609 4034.77687795
 4039.96206877 4041.63612171 4042.74527928 4057.7775227  4065.65269147
 4080.59260232 4083.16171459 4084.42320424 4108.22687575 4112.48517417
 4120.41954245 4138.01119822 4160.34798175 4180.44498365 4186.40990141
 4189.72634089 4199.57416015 4201.75330895 4220.1767579  4234.85430423
 4276.16419887 4277.17385726 4299.7451722  4299.96660372 4351.71777943
 4373.74683215 4379.74528297 4381.92969839 4388.19278038 4406.58016296
 4459.27976422 4498.57940868 4501.57241747 4509.15508864 4509.72458397
 4510.67230953 4525.69258638 4582.27575581 4603.13805143 4615.13798638
 4643.59345308 4661.7199378  4713.95630952 4726.69727173 4740.86908887
 4772.08433295 4773.77275244 4780.76842841 4786.29964973 4813.50935998
 4815.39251121 4835.58624564 4874.0157639  4875.94654807 4877.77603307
 4895.46878801 4898.47876334 4937.6194091  4939.68765881 4961.14018292
 4981.72261417 4984.3817257  4991.4284346  5013.57658634 5016.09599902
 5030.65201301 5070.0706565  5073.99892429 5100.09837697 5101.8670958
 5139.28855566 5156.74967917 5175.15802824 5175.27382729 5186.78993288
 5216.50632257 5302.57998354 5317.67692643 5323.22464761 5323.59934454
 5329.96949232 5352.47347448 5376.81217493 5476.37212533 5506.77714271
 5513.09779089 5515.68643633 5521.51922185 5559.39664463 5591.33051615
 5610.62335797 5642.75392787 5653.47647329 5666.02777039 5695.36316321
 5699.94405899 5823.27294784 5842.33269158 5845.48806571 5856.16317818
 5862.90508957 5872.13721388 5875.33385434 5921.24961122 5925.13761268
 5937.74230934 5947.87812623 6035.61114027 6072.36407227 6128.09178204
 6166.83393107 6171.6200585  6253.07539066 6281.78095531 6284.92622953
 6343.34008394 6380.31364747 6406.89586286 6425.11378016 6455.66772966
 6463.64246428 6477.65981602 6517.15365888 6544.40960209 6571.42921389
 6574.2501241  6580.48067302 6594.21419375 6604.73880746 6743.27983827
 6778.28875124 6797.89335717 6807.53034482 6821.09456695 6844.89390516
 6859.41028614 6873.42883787 6894.38383273 6904.39798396 6920.40101943
 6927.5108278  6952.72385442 7019.72100513 7026.05125323 7027.42344198
 7060.37123851 7092.31467661 7107.1840547  7135.06645944 7147.46005782
 7163.34899422 7206.63187269 7206.84067098 7248.15183228 7264.10730146]"
558,708016_2024-04-29_E-81,MGv,True,"[  20.36772443   21.91924505   24.98855322 ... 7274.99637885 7275.04654511
 7275.06937825]"
559,708016_2024-04-29_E-84,MGv,True,"[  19.42229885   19.47249844   19.48543167 ... 7275.11301123 7275.16961077
 7275.1738774 ]"
560,708016_2024-04-29_E-85,MGv,True,"[  19.41333226   19.58039756   19.64116372 ... 7274.85164671 7275.09077808
 7275.13631104]"
561,708016_2024-04-29_E-88,MGv,True,"[  20.45069042   21.35171637   44.47052682 ... 7271.5957734  7274.31621776
 7275.17167741]"
562,708016_2024-04-29_E-91,MGv,True,"[  19.44236535   19.76689603   19.95529448 ... 7275.06651161 7275.08821143
 7275.10967792]"
563,708016_2024-04-29_E-94,MGv,True,"[  19.43179877   19.52953131   19.55663108 ... 7275.14641096 7275.16991076
 7275.17837736]"
564,708016_2024-04-29_E-95,MGv,True,"[  19.48509834   19.5419312    19.65523028 ... 7275.10141132 7275.11807785
 7275.12317781]"
565,708016_2024-04-29_E-96,MGv,True,"[  21.13075151   22.4781738    22.91020359 ... 7274.93707934 7275.01707868
 7275.0834448 ]"
566,708016_2024-04-29_E-97,MGv,True,"[  19.52183137   19.58029756   19.63253046 ... 7275.11191124 7275.141011
 7275.16881077]"
567,708016_2024-04-29_E-100,MGv,True,"[  20.39455755   21.26568374   24.60098973 ... 7274.56341574 7274.96681243
 7275.09434472]"
568,708016_2024-04-29_E-102,MGv,True,"[  19.70862984   22.65317236   25.75371361 ... 7274.59718213 7274.65448166
 7274.96077914]"
569,708016_2024-04-29_E-103,MGv,True,"[  19.86499522   20.28345846   20.36029116 ... 7275.00431212 7275.05677836
 7275.10174465]"
570,708016_2024-04-29_E-105,MGv,True,"[  19.41356559   19.45823189   19.55943106 ... 7275.07881151 7275.12937776
 7275.14017767]"
571,708016_2024-04-29_E-107,MGv,True,"[  21.86574549   22.05354395   22.36230808 ... 7275.11524454 7275.140911
 7275.15507755]"
572,708016_2024-04-29_E-109,MGv,True,"[  20.05679365   20.19279253   22.96046984 ... 7270.95217868 7271.77693858
 7274.02852012]"
573,708016_2024-04-29_E-111,MGv,True,"[  19.50396485   19.60506402   19.66989682 ... 7274.84538009 7275.04221181
 7275.08977809]"
574,708016_2024-04-29_E-112,MGv,True,"[  20.69268844   21.49838183   22.08227704 ... 7274.21348527 7274.68234809
 7275.16711079]"
575,708016_2024-04-29_E-115,MGv,True,"[  19.4208322    19.50459818   19.61899724 ... 7274.95474586 7275.04991175
 7275.05981167]"
576,708016_2024-04-29_E-116,MGv,True,"[  26.68077267   28.91068773   41.2816863    59.83753416   74.37611497
   76.28033269  110.5272519   117.66639337  126.29518929  129.77939406
  130.97151762  139.27274956  152.39850861  165.00503859  180.56821099
  195.70962018  202.95902741  211.72722219  213.07421115  219.9870878
  223.42049299  231.88912356  250.35597215  258.94166843  269.83867908
  277.01505358  278.76640589  296.20752956  301.05398982  333.99098645
  356.70796686  364.59646885  379.43628052  380.65833717  404.9552713
  422.12893049  431.04722404  433.90113398  435.68168604  445.23180774
  447.83555306  465.04127867  476.24898678  476.952981    493.3464466
  497.91284249  500.10072455  515.10740152  518.84280423  529.24335229
  534.36234365  552.78549261  553.41502078  555.74773499  557.79281822
  568.94952675  569.51988874  570.15615019  581.08252727  599.73504101
  608.18323841  608.80913328  617.63809423  633.45986451  635.39764862
  641.4213659   644.5484736   645.6704644   648.7764056   649.784264
  708.78518027  725.57657593  759.39299868  766.94703675  771.38880033
  821.6967212   822.03638508  832.81663003  850.57041781  869.35019717
  871.42664681  893.82252986  894.25482632  903.84381436  907.04455479
  907.24961977  913.92273173  919.84231653  923.8304505   927.2125561
  972.61208388  983.24449671  986.29590503 1003.92569382 1007.53669755
 1041.19038829 1051.84310095 1072.35849942 1102.59505152 1123.59351269
 1123.97864287 1138.14302674 1144.11274446 1146.05996183 1153.53760052
 1161.35933639 1166.52669403 1180.59351203 1182.41726374 1188.6800124
 1200.14025177 1200.57394821 1204.95474563 1216.52511743 1218.26376985
 1226.37413668 1228.26745449 1234.29350509 1259.8534622  1278.49170939
 1300.51636214 1312.50256387 1321.2894585  1328.34626731 1332.67283183
 1345.28126179 1354.36282067 1367.24711503 1379.08195134 1385.06933558
 1430.19103231 1441.0555099  1443.82458719 1451.18146021 1453.25367655
 1458.79176448 1462.31786891 1466.33733595 1483.21446425 1485.72907696
 1492.32442289 1498.54170525 1501.22588324 1501.51434754 1502.3775738
 1503.75709582 1512.48199096 1516.25109339 1523.51080053 1531.91453163
 1538.77647537 1544.83655902 1555.04897529 1560.07453409 1563.12547574
 1577.94988753 1589.15136236 1589.33879416 1594.82098255 1598.39365325
 1621.37323152 1627.18338388 1627.6405468  1630.18075931 1632.39560781
 1633.71196369 1644.67377382 1650.21442839 1655.44851881 1656.05688049
 1661.66263453 1671.51602041 1680.25698208 1684.02941781 1703.155661
 1721.98054    1735.80662664 1752.76625426 1753.12971794 1753.20835063
 1754.64020556 1756.24222576 1770.55014179 1772.5318922  1781.28715376
 1823.97250379 1826.03572021 1838.68484983 1842.12138832 1850.35538748
 1855.40914605 1857.62929451 1858.3549219  1861.26659802 1862.96618409
 1869.72572867 1871.61041322 1877.91529486 1889.73659794 1911.79405043
 1912.82844195 1923.36602222 1926.19383237 1926.96682603 1946.93782896
 1961.86390658 1964.8458488  1965.80834091 1984.88805115 1990.09140849
 1994.24680775 1994.94350204 1995.67522937 1997.74494574 2004.71132196
 2005.2915172  2007.307434   2019.81133149 2036.43176189 2042.598278
 2044.86459275 2053.70852024 2056.0799008  2073.86318833 2075.05551189
 2077.64455733 2095.76870873 2103.01308267 2109.25869813 2109.89475958
 2122.72845436 2130.38425826 2137.6047324  2145.36330212 2150.37899433
 2153.88113228 2175.21702402 2178.27419896 2179.32895698 2183.7736872
 2187.4782235  2191.92645369 2205.10807895 2206.2932359  2208.99338043
 2209.44111009 2226.98673291 2229.0607159  2257.79571365 2261.70681491
 2263.81143099 2279.85176615 2314.45711576 2358.15119086 2365.21103297
 2370.59202219 2374.87395375 2376.15177661 2381.95152906 2396.69544151
 2411.90731679 2442.55719883 2448.6880819  2462.61500105 2467.58402698
 2474.65466901 2476.10885708 2479.36539705 2491.54063056 2492.13465903
 2492.21049174 2511.22023588 2517.72248257 2518.45677655 2537.12629015
 2539.29150573 2564.43899955 2566.38425027 2578.97811368 2588.5305687
 2601.95942527 2608.42770557 2618.50092298 2629.39360034 2630.42792519
 2635.75441486 2671.46898871 2693.96707092 2697.92587179 2703.92322262
 2727.91069262 2729.93410937 2738.89350258 2738.92070235 2739.88592777
 2746.84823736 2749.38904986 2750.39950824 2752.36905876 2767.96016427
 2771.88733207 2774.42154462 2775.82043316 2798.42414783 2810.24795089
 2824.69666576 2827.19601194 2829.43716023 2839.56357721 2869.68826356
 2881.77799777 2884.25567745 2915.4993213  2917.1859408  2959.2898956
 2972.37622164 2980.94641804 2992.76762113 3036.95205887 3051.40314039
 3087.45704479 3093.30299686 3105.7025952  3112.19870861 3126.69345643
 3149.56926888 3151.72428455 3153.50870325 3171.15102527 3214.83070048
 3218.83456766 3228.75831963 3246.19824331 3246.52817394 3261.3404525
 3308.23940132 3316.03000411 3329.42942758 3336.60953538 3354.77951975
 3366.71395523 3378.08786198 3388.74377461 3413.87700189 3448.94464771
 3452.87611548 3454.51656869 3473.13161607 3498.11834455 3506.60344165
 3517.9600152  3527.16453974 3535.56003757 3547.77477076 3550.48268189
 3557.1166275  3592.30960563 3605.73102892 3619.22698494 3634.37586074
 3638.40286105 3672.25831682 3677.82627116 3688.89818039 3705.02331485
 3705.29067932 3716.80815156 3721.82734374 3733.35714921 3735.83236225
 3738.05014407 3769.05648986 3770.03518183 3777.10629053 3778.5807451
 3780.13853233 3813.84038935 3822.39878585 3827.65700941 3829.99802355
 3837.41752938 3845.44993019 3868.20271032 3892.8633748  3893.63846844
 3907.40468891 3924.15455158 3937.82500617 3942.42220181 3963.13889862
 3970.63317051 3984.07332699 4003.95619731 4021.69898517 4037.51772214
 4047.76397147 4048.19560126 4053.14499402 4070.98914772 4075.46537769
 4076.84853301 4078.3456874  4086.53368694 4116.80727207 4123.08292062
 4142.54826102 4160.54044684 4175.43305808 4175.66842281 4177.7067061
 4187.70199082 4192.48518494 4202.02024009 4204.51411965 4206.26060533
 4207.71882671 4217.39878068 4220.17925788 4224.39882328 4228.67975485
 4229.87284507 4230.08657665 4236.36679183 4240.5663574  4244.88905529
 4251.16613716 4258.91280698 4260.37992828 4262.12481398 4268.84239224
 4280.73439474 4291.50277312 4292.78166263 4309.20336133 4317.41749398
 4335.23684788 4349.75469552 4355.19625091 4358.50012382 4364.45484167
 4370.6629241  4385.70916741 4401.54913754 4403.77165265 4405.13787478
 4409.28114081 4410.37219853 4418.78812953 4421.27827578 4426.44610008
 4427.24962683 4441.12627972 4453.27568011 4453.57207768 4474.37144049
 4478.91383658 4486.30897595 4494.71527369 4517.42632082 4517.95861646
 4535.98040204 4554.63921572 4562.78784892 4564.55273445 4584.65106966
 4597.27163286 4598.68282129 4605.34060004 4621.64009973 4631.75795011
 4639.90065002 4646.78296026 4671.74725558 4677.33137647 4691.00596435
 4723.43296516 4739.39210098 4751.62903399 4765.09352359 4767.34283849
 4800.33610132 4803.40060952 4836.51520469 4841.91122712 4843.01785138
 4851.83137912 4853.51789863 4861.10676974 4870.75782395 4941.02448118
 4957.5488457  4991.20960306 4993.62038329 5009.15792257 5010.02201549
 5011.35723787 5024.80559428 5030.44828135 5036.1132349  5040.76436344
 5058.01862197 5090.75875355 5140.43204629 5145.04304182 5152.70807897
 5184.96891447 5194.16630573 5213.60097973 5263.37557164 5278.55818049
 5282.7569794  5284.5418981  5285.95491985 5293.69938969 5296.19696921
 5301.59459162 5360.93047181 5374.21036293 5468.1381595  5476.44405807
 5480.86345517 5485.66391582 5490.2191118  5493.95214786 5502.01194845
 5505.42905377 5539.4588081  5540.46653317 5553.73975768 5565.50902785
 5583.80594451 5598.0083614  5598.74695534 5608.49004213 5635.86105105
 5642.11983307 5660.61088147 5701.59767876 5703.20916555 5742.16974612
 5788.23006848 5796.0904707  5829.84596062 5842.57185628 5861.17657041
 5869.09990545 5870.42686124 5871.42038643 5873.9682322  5895.40625644
 5909.07424438 5909.78693854 5943.84245932 5949.85684335 5958.17154184
 5961.65451329 5969.71248055 5971.50736584 5975.5778658  6005.20578955
 6016.02246754 6016.56162978 6029.15855984 6029.66412236 6040.85479728
 6059.83934163 6068.20720635 6074.38842234 6081.51939721 6081.56309685
 6087.87797841 6098.67862319 6110.73982431 6120.89694103 6124.25614682
 6137.81646898 6161.98937079 6162.22780217 6175.83792392 6176.60688428
 6183.38659536 6192.24668938 6196.15249069 6204.10119219 6210.19050893
 6243.60186834 6244.30792921 6256.06133285 6270.5043811  6275.6114059
 6286.06645351 6287.69697348 6308.15017245 6311.61561071 6342.48329096
 6343.4052834  6344.30184272 6345.88249643 6346.98785403 6347.73071461
 6351.78691469 6354.85872283 6371.01629036 6372.17188089 6380.04494967
 6399.90848682 6406.73019755 6415.22802788 6422.19000414 6424.27295372
 6440.2370895  6454.73830395 6465.43498291 6473.86438047 6474.33324329
 6482.2930447  6483.68916659 6488.57342654 6488.66579245 6503.34117213
 6519.49740634 6522.97474449 6534.52504979 6543.42954346 6546.87951517
 6550.09138884 6552.15723857 6554.36845377 6559.84614219 6566.02799151
 6580.57033895 6606.60369217 6611.13502169 6615.00812327 6623.50652026
 6623.66921892 6629.12694084 6644.07145165 6647.3713246  6670.11180482
 6686.76463495 6696.76165299 6709.01408587 6716.89958788 6721.69974853
 6724.48229238 6727.91236426 6729.69814962 6737.30348726 6742.11508115
 6745.26922195 6750.11151559 6750.43251296 6766.87204484 6767.01724365
 6783.05764547 6784.85623072 6796.96586477 6805.12823119 6806.58595257
 6809.3672631  6816.28813969 6828.37060729 6830.11869296 6834.03626084
 6841.45163338 6853.93226439 6864.18518033 6866.05926496 6869.86470043
 6876.86830967 6888.13795061 6888.88704447 6891.80262056 6893.47604018
 6893.69747169 6897.55447341 6904.58024914 6904.76101432 6913.22294494
 6915.4566933  6927.08799793 6948.49502242 6957.85927898 6959.93446197
 6962.17287695 6975.2616363  6998.51047903 7017.66708863 7017.81425409
 7038.01922177 7041.47532677 7042.66808365 7060.90633412 7069.0044344
 7069.20333277 7070.14882501 7070.7231203  7083.12335197 7086.07726109
 7093.09547021 7096.67344088 7106.09653029 7112.64190996 7133.95520188
 7135.0104599  7137.10854269 7140.17021759 7142.09096851 7144.99297805
 7152.95227946 7155.57065799 7156.12892008 7169.29047884 7172.17025523
 7179.32002995 7194.27570733 7215.20443574 7225.50191798 7239.96646605
 7244.34666347 7245.45065442 7246.51624569 7250.09594967 7255.25834068
 7260.75522895 7263.45757346 7268.09936873 7270.67278097 7270.81597979]"
577,708016_2024-04-29_E-117,TH,True,"[  19.68746334   19.86846186   21.37414952 ... 7273.71145605 7274.43208348
 7274.71971445]"
578,708016_2024-04-29_E-118,TH,True,"[  19.46059854   19.49863156   19.50659816 ... 7275.16451081 7275.17044409
 7275.17681071]"
579,708016_2024-04-29_E-119,TH,True,"[  19.44339868   20.37002442   20.39112424 ... 7274.74714756 7274.83431351
 7274.98414562]"
580,708016_2024-04-29_E-121,LGd,True,"[  20.07556016   23.03046927   29.76131409 ... 7275.06034499 7275.07821151
 7275.0836448 ]"
581,708016_2024-04-29_E-122,LGd,True,"[  19.42376551   19.45306527   19.58649751 ... 7274.9502459  7274.95557919
 7275.05887834]"
582,708016_2024-04-29_E-123,LGd,True,"[  20.0590603    20.08566008   20.08832672 ... 7275.12214449 7275.12884443
 7275.14597763]"
583,708016_2024-04-29_E-124,TH,True,"[  19.47829839   19.51176479   19.56406436 ... 7275.12947776 7275.14704428
 7275.1612775 ]"
584,708016_2024-04-29_E-126,LGd,True,"[  20.92185322   26.39114172   26.67267274 ... 7270.19341823 7270.34968362
 7274.68424808]"
585,708016_2024-04-29_E-132,LGd,True,"[  19.4491653    19.54313119   19.67179681 ... 7271.7986384  7273.77105556
 7274.93761267]"
586,708016_2024-04-29_E-134,LGd,True,"[  19.51596475   19.54776449   19.57703092 ... 7274.6243819  7274.97091239
 7275.06047833]"
587,708016_2024-04-29_E-138,LGd,True,"[  19.46576516   19.69996324   20.28182514 ... 7274.99231222 7275.04101182
 7275.05287839]"
588,708016_2024-04-29_E-139,LGd,True,"[  19.43823205   19.56189771   19.92122809 ... 7274.78018062 7274.83404685
 7274.87584651]"
589,708016_2024-04-29_E-143,LGd,True,"[  19.54493118   19.55429777   19.58809749 ... 7274.57964894 7274.6449484
 7275.00914541]"
590,708016_2024-04-29_E-145,LGd,True,"[  26.83533807   34.89933863   37.99394659 ... 7250.10611625 7258.74064546
 7269.33169196]"
591,708016_2024-04-29_E-148,LGd,True,"[  20.14965956   22.494407     22.61230603 ... 7265.60402252 7270.14275198
 7273.72055598]"
592,708016_2024-04-29_E-150,CA3,True,"[  30.33970934   30.60520717   40.0541297  ... 7275.11151124 7275.12337781
 7275.17001076]"
593,708016_2024-04-29_E-153,CA3,True,"[ 371.2583809   457.68250566  534.53270892 ... 7271.54787379 7272.37020038
 7273.62165679]"
594,708016_2024-04-29_E-156,CA3,True,"[  19.932828     19.97689431   20.46129033 ... 7274.63068185 7274.75331418
 7274.89614634]"
595,708016_2024-04-29_E-159,CA3,True,"[  19.4570319    19.53823123   19.68316338 ... 7274.97707901 7275.10207799
 7275.11291123]"
596,708016_2024-04-29_E-161,CA3,True,"[  21.56898125   27.50649924   29.79778045 ... 7271.40294165 7273.59845698
 7274.0354534 ]"
597,708016_2024-04-29_E-164,CA3,True,"[  40.91948927   42.42771024   48.40586122   59.48453706   59.61846929
   60.34509667   84.50443193   86.20791796   92.67596493   92.83143032
   92.87216332   98.16488659  111.85677434  113.48496099  118.84065041
  121.16163138  123.85390931  149.68546419  150.19636     158.03876237
  167.15948759  167.73598286  168.3084115   184.52427855  190.92785939
  191.2111904   229.68177499  229.97087262  280.16636108  288.9415558
  295.88343222  297.91711554  323.06054273  350.31085264  399.87767959
  418.94962323  426.53882767  438.29093132  450.06003483  450.86592822
  467.84495568  476.50048471  481.50034372  490.92523312  545.75408359
  560.85729309  567.90920194  572.9674938   633.37436521  656.82963957
  667.64578423  673.60166873  685.66386983  691.87775222  701.84047054
  707.12609387  712.69124824  718.71526552  719.11459558  728.6422508
  738.36033779  738.5093699   742.07207402  771.3275675   771.68743122
  777.16715296  778.16594477  806.09188248  813.34922297  813.4636887
  827.32624171  849.43559378  867.17841497  904.91543891  905.09020415
  922.39986223  923.6802184   924.57914436  925.16843953  930.62076149
  931.74528561  931.7668521   934.34739761  964.48871715  979.03356457
  992.96761699  995.79716046 1011.83352898 1017.6900143  1025.17891957
 1033.44198515 1039.63966767 1044.22973004 1071.45020687 1082.27078482
 1093.74795739 1116.01350817 1126.92845201 1127.6251463  1133.18253407
 1137.39706619 1160.71830831 1171.95848282 1182.78346074 1189.76380351
 1204.97354548 1245.43978037 1252.75365374 1263.30700055 1264.51865728
 1266.00191179 1275.06413749 1306.7300112  1312.60772968 1319.90940314
 1328.86672971 1339.94870551 1350.55875186 1357.22546387 1365.73002747
 1367.29704796 1382.99151928 1393.09676977 1394.87258854 1402.39146023
 1414.95012393 1416.55924407 1424.84374281 1429.27670647 1429.39753881
 1436.09408391 1437.28187417 1437.73463712 1440.11818425 1445.65457219
 1453.03637834 1461.03814607 1462.58453339 1464.34031899 1469.28531178
 1508.34069158 1556.71442831 1559.9799682  1562.32354898 1566.49061482
 1567.9490362  1572.40703298 1588.26396964 1589.69245793 1593.62062572
 1601.92105767 1619.03455069 1622.93695203 1626.92228602 1630.80572085
 1647.03225448 1656.05758048 1656.92717335 1658.11973024 1660.30037903
 1676.8996096  1678.0510335  1684.31324882 1695.83628768 1697.16767676
 1699.27765946 1706.66049893 1714.05123834 1717.85117385 1722.61116816
 1745.9110438  1751.36873238 1770.0488459  1780.89362365 1805.09165859
 1830.60358276 1835.88813943 1840.0913383  1855.16841469 1863.10234964
 1868.86330241 1888.84870522 1903.38361938 1930.68379556 1932.49431405
 1937.13454267 1957.41647638 1958.29366919 1961.7811406  1965.06521367
 1970.07793924 1979.89235877 1985.45364651 1988.99775079 1990.4198058
 1991.24659902 1999.83652859 2004.46225733 2010.38444211 2011.5153995
 2015.95826308 2019.92046393 2021.86341466 2033.83501651 2036.08713138
 2045.56472034 2068.83446289 2070.72761404 2070.87957946 2075.80280576
 2088.76546615 2089.57865948 2132.84587141 2133.27630122 2164.69334364
 2171.51388772 2187.14179292 2193.64500627 2208.76831561 2227.25833068
 2242.16490847 2242.45647274 2273.55925107 2297.71988632 2310.61394727
 2327.16197826 2337.88379036 2360.24890699 2368.64890479 2369.40459859
 2377.75649678 2390.40389309 2397.69489998 2402.05789754 2410.09983161
 2420.87634325 2424.04821725 2436.06395207 2436.36458294 2447.75815619
 2450.16276981 2453.21914475 2479.84809309 2490.25450777 2515.16120357
 2544.07663317 2546.4669469  2546.82611062 2551.1470752  2552.22163305
 2572.89153025 2581.31412786 2589.53029384 2592.81826688 2594.11585624
 2606.54992096 2615.49204765 2618.1888922  2644.39117738 2644.85350692
 2645.38336924 2653.35183725 2664.60674497 2665.30953921 2676.45938113
 2676.55478034 2679.26135815 2684.62744749 2686.57219821 2690.0342365
 2691.75422239 2701.10544573 2702.56960039 2705.78167405 2707.9877893
 2723.47262901 2729.82974356 2730.62533703 2733.61311254 2741.972744
 2745.92241162 2760.5972913  2762.74614035 2762.8736393  2768.87655675
 2778.68444301 2794.25524868 2807.04471049 2808.26550048 2809.95875326
 2811.06101089 2821.50632525 2831.55580953 2834.06538895 2834.93168185
 2851.6765779  2853.47182984 2860.85076935 2864.35900725 2864.51607263
 2865.12943427 2875.50614919 2890.32762767 2895.24638734 2914.72356099
 2935.56362346 2942.81436401 2944.08518693 2944.96561304 2948.00208815
 2952.29825292 2967.13376462 2981.7167784  2987.00760168 3016.34919445
 3019.99013127 3026.81630864 3029.8049508  3049.57902201 3050.81051191
 3066.73554801 3067.01531239 3086.59825183 3105.97025967 3106.88488551
 3114.91075304 3127.86581349 3141.43770222 3145.61123466 3147.68561766
 3148.39814515 3149.03393994 3149.92129933 3150.62239358 3157.07357402
 3172.16561695 3173.09637599 3185.8980377  3191.35289297 3197.67250783
 3199.55939236 3231.1976663  3231.20303292 3231.45969748 3232.62252128
 3240.28265848 3241.09048519 3245.23315122 3257.81421474 3286.26051485
 3289.65532035 3291.82693588 3295.3371071  3300.12176787 3300.29113315
 3305.10272703 3305.79292137 3320.32683555 3323.10521277 3336.16980566
 3344.93163382 3351.61931232 3357.30329905 3367.39738296 3372.43124169
 3378.39869276 3406.03009955 3422.5145644  3455.24826269 3472.52172107
 3473.44104687 3478.25344075 3493.85314618 3495.42839993 3504.95588849
 3513.47698529 3513.76738291 3518.23954624 3519.15863871 3520.72602586
 3527.36957139 3530.46974597 3532.63036159 3540.15353324 3544.85829467
 3548.29673315 3550.82841239 3554.68538077 3564.54209995 3574.62461729
 3580.47646931 3584.79540057 3605.36383193 3607.05325142 3624.09377837
 3629.06840425 3636.18341258 3650.87815877 3650.9150918  3651.5297201
 3658.19043215 3665.05134257 3674.51749829 3695.98528895 3714.75923503
 3725.41231435 3739.33713352 3756.60709193 3758.47540994 3771.98126588
 3778.49244583 3780.19699852 3780.75022732 3801.97451997 3806.39895036
 3807.23354352 3808.93282959 3810.71834828 3811.24611062 3818.49465119
 3834.04729035 3840.65420285 3847.59771258 3849.5307634  3872.45644211
 3876.71070723 3890.41656152 3896.65734369 3901.90960063 3906.78089402
 3908.57784596 3909.8374023  3918.19323379 3919.90831973 3929.0716446
 3949.10634701 3961.63271097 3972.18515779 3978.05790964 3983.3239998
 3997.28175203 4001.15712025 4002.22257819 4003.97753046 4005.47681817
 4008.63739226 4011.20513787 4011.87059908 4029.46775481 4039.22407482
 4039.87440282 4042.81387872 4043.61440549 4044.4998649  4050.83937959
 4052.3461339  4074.31125382 4080.05070676 4101.90959421 4108.15794298
 4121.4623339  4121.47913376 4129.66606664 4136.32501205 4140.08221458
 4145.00610754 4156.9197432  4158.81269434 4166.03643512 4169.04407712
 4176.16761872 4180.76581435 4186.09090403 4201.21741334 4201.23034657
 4203.57529401 4212.30555577 4224.78848676 4229.20498388 4229.97571089
 4238.45517471 4238.61714005 4262.9517072  4270.87604223 4287.34274056
 4289.68852132 4294.69624693 4296.30033378 4303.46900834 4308.45200082
 4310.11025389 4327.30064628 4368.26441043 4374.41186003 4378.43112708
 4381.80816606 4386.25962956 4387.92471591 4401.99196724 4401.99693387
 4413.07260973 4417.04534382 4420.26138412 4431.03892909 4449.03834819
 4456.91698359 4461.2941477  4462.94686749 4469.16001655 4476.12695943
 4476.94651937 4483.35163353 4487.72676432 4506.74687505 4507.48443567
 4511.57796877 4523.1573405  4534.05531782 4549.80198872 4551.60980723
 4555.47477554 4564.51180145 4575.91187465 4580.36467147 4582.43295452
 4583.28698085 4585.99135868 4590.78468604 4591.98014291 4607.23478451
 4610.03052825 4610.73155584 4611.47988304 4623.53021757 4630.39209465
 4641.55063649 4655.36748988 4664.35781617 4681.09731226 4692.96924826
 4693.91884047 4702.44630389 4726.45567371 4742.24421093 4747.01703847
 4751.49193511 4753.00575603 4762.23668035 4771.71996927 4776.4191974
 4786.5193146  4799.38864242 4809.95172248 4815.8035745  4817.28322904
 4822.49308632 4830.71841889 4838.94558477 4845.74929565 4850.35029126
 4860.11474454 4861.034637   4865.57316645 4867.98288003 4869.12910397
 4872.17954562 4872.54940926 4872.95540593 4873.80036567 4888.28061361
 4888.55981133 4889.93550005 4901.18840779 4923.96395439 4929.7232405
 4930.18633671 4945.77994219 4951.20069775 4976.77222143 4979.27716756
 4984.46879166 4998.39804412 5003.0112063  5007.0681397  5009.71025138
 5015.42697117 5038.17691798 5059.47831001 5065.81109142 5072.26667182
 5073.31709655 5075.82614264 5082.1734906  5084.84853534 5087.31464845
 5092.26460787 5100.39457454 5106.79595539 5119.88841472 5120.01074705
 5129.81593333 5133.77883417 5135.13572304 5135.58301938 5137.45720401
 5141.26953942 5144.29748126 5155.94765241 5156.75577912 5157.58723897
 5158.95626108 5159.03929373 5163.77168826 5173.05874545 5187.66439237
 5196.64238543 5210.50573844 5214.06740923 5241.80488182 5246.1452129
 5256.35066257 5258.30407988 5264.83562633 5264.98762509 5277.36755692
 5278.21668329 5279.56147227 5309.73989151 5311.03818086 5328.52447083
 5340.92286918 5341.38283207 5347.50914851 5352.61120668 5381.38230413
 5391.34165581 5392.10504955 5402.83959487 5408.34458307 5408.99641106
 5409.01251093 5410.15380157 5415.15936053 5418.1596026  5439.92902412
 5448.82498452 5467.54173106 5478.25347657 5479.01170369 5486.96250517
 5499.26717095 5503.29633792 5505.38922076 5506.35584617 5508.52249507
 5522.07578395 5522.54754675 5534.50748203 5545.11782837 5550.1795202
 5552.5453008  5552.87169813 5557.18689608 5567.64434368 5575.19874841
 5579.84354366 5592.64990533 5621.05637243 5625.91336594 5627.80671709
 5631.08755686 5631.46442043 5637.01504159 5637.55147053 5642.55226286
 5642.67396186 5645.02074262 5649.80777004 5653.49363982 5655.07222688
 5663.31369264 5667.96908781 5672.4142847  5673.26134442 5688.48171963
 5696.12122366 5701.65731161 5704.32438974 5709.31648214 5720.16952649
 5731.41036767 5743.52570167 5744.0463974  5744.77855806 5749.75518393
 5749.97174882 5759.74993532 5778.6489137  5779.70563837 5780.09936848
 5798.15405379 5812.1829721  5837.44516498 5837.6501633  5838.35089089
 5845.79852983 5856.09641206 5867.90468192 5882.44562937 5883.09932401
 5884.87450945 5889.23894034 5895.33999032 5900.95891091 5913.62350708
 5917.4709422  5921.12747889 5927.57929266 5934.08507265 5965.32451653
 5976.38112588 6010.73904419 6025.11212635 6026.21508397 6032.64436459
 6041.66715728 6042.2425859  6061.44906176 6061.69302643 6064.60056926
 6091.24681746 6105.98852993 6107.1506204  6113.12843805 6115.40821936
 6117.28813728 6119.77251692 6142.49153065 6145.32727406 6145.72827078
 6146.54749739 6149.89626994 6152.55628146 6202.01024267 6204.51215549
 6227.87546394 6241.49075231 6246.28301302 6253.31605536 6258.87617644
 6269.59905519 6288.608966   6294.26931959 6304.61206813 6318.00672497
 6343.50004929 6348.87137192 6354.92435563 6356.63824158 6365.11843872
 6367.55855204 6381.94346744 6384.11421631 6391.40742318 6427.28796234
 6436.05539046 6440.33398871 6447.64532877 6457.4518817  6459.11736804
 6464.08086068 6468.50499108 6480.83182335 6490.63137633 6501.63551945
 6504.46446292 6506.10151617 6509.52562143 6515.48770588 6526.85941264
 6533.75922274 6535.30311008 6537.85425583 6576.20700805 6576.66237099
 6589.42933298 6591.64961478 6600.72294039 6606.98632237 6612.89654058
 6623.54738659 6623.71041859 6627.14522376 6633.65850369 6667.7923905
 6691.81712686 6700.63885453 6702.28500771 6724.29179394 6733.11122164
 6745.5033867  6757.61592073 6759.77030306 6773.03999427 6784.99112962
 6791.55160916 6792.26237    6794.00948901 6795.23544563 6798.81138298
 6807.39807924 6811.88930909 6812.12710714 6815.02338339 6816.28860635
 6819.66961196 6830.71422141 6831.01165231 6836.01757793 6844.15284457
 6846.2672939  6860.99513981 6894.29640012 6901.81393848 6907.65112396
 6933.22411429 6941.4362803  6941.56781255 6943.63702892 6945.24541573
 6947.36846499 6960.5040573  6965.29855132 6976.45022656 6982.58024297
 6983.74643341 6986.47057774 6991.89473327 6992.03059882 7000.02363329
 7001.1399908  7019.99500288 7021.72068873 7023.81540489 7037.95662228
 7039.41711031 7039.80610712 7040.35100265 7050.41632013 7063.64157836
 7071.95744352 7082.834821   7094.31109358 7097.25296946 7099.45631806
 7099.55485059 7107.85304922 7108.17151327 7110.96719035 7119.05399072
 7124.79981028 7128.66557858 7147.56829027 7154.80066431 7164.03788857
 7190.80876909 7198.66727132 7220.8851225  7221.41848479 7224.11976264
 7233.79178335 7256.77536158]"
598,708016_2024-04-29_E-167,CA3,True,"[  19.64719701   19.74679619   19.76582937 ... 7275.05441171 7275.06804493
 7275.18017735]"
599,708016_2024-04-29_E-168,CA3,True,"[  19.48813165   19.58989748   19.72859634 ... 7274.7998138  7274.87787982
 7275.14337765]"
600,708016_2024-04-29_E-169,DG,True,"[  19.4244655    19.55993106   19.69259664 ... 7274.68084811 7275.06474496
 7275.13241107]"
601,708016_2024-04-29_E-172,CA1,True,"[  19.42386551   19.49923155   20.68652182 ... 7272.21696831 7273.66598976
 7274.58418223]"
602,708016_2024-04-29_E-174,CA1,True,"[  22.67100555   23.05303575   23.33683342 ... 7274.33108431 7274.44761668
 7274.53401598]"
603,708016_2024-04-29_E-184,SNr,True,"[  19.46399851   19.62383053   19.71336313 ... 7274.66604823 7274.78898055
 7275.06984492]"
604,708016_2024-04-29_E-185,SNr,True,"[  19.5710643    19.71152981   19.74682952 ... 7274.56041576 7275.05091174
 7275.11414455]"
605,708016_2024-04-29_E-195,MGv,True,"[  19.45273194   19.60213071   20.08992671 ... 7275.05444504 7275.12261115
 7275.14234432]"
606,708016_2024-04-29_E-196,MGv,True,"[  21.61034758   21.72427998   26.63267307 ... 7269.44962433 7270.80471322
 7272.00987   ]"
607,708016_2024-04-29_E-197,MGv,True,"[  19.8473287    20.1972925    20.23939215 ... 7275.07037825 7275.15594421
 7275.1613775 ]"
608,708016_2024-04-29_E-198,MGv,True,"[  19.57813091   19.62173055   19.68756334 ... 7275.11367789 7275.16597746
 7275.17517739]"
609,708016_2024-04-29_E-201,MGv,True,"[  19.44386534   20.16712608   20.19815916 ... 7274.26255154 7274.26671817
 7274.78354726]"
610,708016_2024-04-29_E-205,MGv,True,"[  19.57806424   19.61246396   19.64526369 ... 7275.04461179 7275.06071166
 7275.17864402]"
611,708016_2024-04-29_E-206,MGv,True,"[  19.47523175   19.54769782   19.6963966  ... 7275.13587771 7275.14351098
 7275.16031084]"
612,708016_2024-04-29_E-207,MGv,True,"[  19.4941316    19.50286486   19.5226647  ... 7275.07734485 7275.14614429
 7275.1774107 ]"
613,708016_2024-04-29_E-210,MGv,True,"[  19.41706556   19.42056553   19.42313218 ... 7274.99731218 7275.02321197
 7275.13781103]"
614,708016_2024-04-29_E-212,MGv,True,"[  19.66616352   19.7047632    20.26769192 ... 7274.40315038 7274.43865009
 7275.13004442]"
615,708016_2024-04-29_E-214,MGv,True,"[  37.76621512   54.67854313   77.52118918   78.07905127   89.36849205
   96.60273274  138.4304898   154.67795659  175.91811578  189.7996353
  198.37463167  229.79767404  235.43772779  245.18151457  276.21069351
  351.70010792  360.26053774  367.29761337  412.08061288  516.07529358
  553.63051901  602.36508611  608.79350008  609.82765826  620.47053767
  644.74947195  668.61647627  718.47400083  718.4825341   731.8414579
  806.08978249  839.93720499  851.72337502  852.051439    873.48522993
  887.40138251  887.60331418  908.48747629  933.3355059   950.91526177
  983.06439819  983.95205758  990.49713725 1099.87320717 1105.40066185
 1123.84137733 1161.79433282 1206.72219781 1207.60095727 1226.64246782
 1248.84848576 1254.01721005 1269.99117908 1299.4278044  1301.91291736
 1321.96288631 1339.56510866 1347.31671177 1350.29098739 1352.42626988
 1365.78152705 1382.30875821 1399.98801327 1410.2982954  1411.02598944
 1411.91258217 1440.9704106  1446.40249939 1453.68493969 1470.90299852
 1477.71840931 1480.69875154 1485.75584341 1493.2252155  1494.39420592
 1502.95973569 1519.81053087 1520.242594   1527.68023302 1529.89774817
 1534.3455117  1539.41993677 1547.38667145 1555.30320654 1576.17640207
 1581.92062165 1598.15518854 1620.93553511 1628.13944271 1651.91454778
 1662.05149801 1667.27148854 1675.16489049 1683.8970189  1698.73066395
 1699.78992193 1726.29537129 1764.83552197 1774.61117516 1777.25662013
 1780.67192547 1785.02972307 1786.96957383 1787.51143606 1794.73114353
 1810.74727889 1864.29933983 1927.25855697 1949.74977257 1952.19281921
 1974.73613438 1976.63841879 2010.71810604 2025.30601977 2025.66665015
 2026.30477825 2026.90024003 2027.06797199 2028.53126    2029.07075557
 2033.09872255 2042.04261589 2049.70325308 2058.17608361 2070.98797857
 2087.39974401 2099.47794499 2109.29609782 2124.38187414 2130.69285573
 2135.18271892 2139.08608692 2139.58918279 2140.44434245 2140.73964003
 2149.78359921 2153.17330475 2153.75509998 2167.18788985 2186.50333149
 2186.98749419 2194.16283536 2200.82881404 2220.32772084 2249.72231317
 2284.32396281 2290.28251396 2320.13056924 2378.69935572 2383.22495195
 2390.09539562 2405.59826852 2435.8528538  2443.20282687 2447.49179171
 2454.73726564 2465.54401037 2472.73785139 2473.20198092 2474.1391399
 2480.43905491 2481.21588188 2489.97641005 2559.24367548 2559.35357458
 2564.42283302 2564.87139601 2599.01701606 2621.84196225 2625.9424953
 2656.52547789 2668.69881142 2693.93447118 2703.01396341 2707.59105922
 2708.73341652 2717.57697735 2728.29772278 2729.75637749 2749.37904994
 2759.06310388 2759.31606847 2776.71822579 2782.37754606 2812.85736283
 2828.29040297 2846.19102287 2852.50817108 2852.83260175 2852.95200077
 2853.89072641 2885.84489776 2892.37047759 2903.92594952 2914.70569447
 2917.42253886 2921.35313997 2936.20918483 2957.03288077 2958.88489892
 2959.25739587 2961.49161088 2967.92369148 3000.6463232  3012.67215793
 3022.58810997 3037.08482445 3050.30598272 3050.3160493  3080.90593183
 3083.09101392 3104.18090768 3105.56706298 3115.79227914 3157.3522384
 3184.05811945 3185.98897028 3186.69646448 3190.27576847 3211.36272892
 3222.50873753 3223.00676678 3225.47197991 3226.68113666 3244.18452649
 3244.7396886  3245.33551705 3251.84243037 3263.61200054 3275.14917262
 3286.12114933 3287.32393946 3303.87923706 3316.49193366 3327.98133946
 3393.76200014 3411.13165773 3415.81375267 3417.67993737 3429.7481051
 3447.97668898 3452.98198127 3492.66602258 3493.58511505 3546.16625061
 3553.00752786 3561.30525983 3583.19021373 3602.0952254  3617.29483411
 3618.97562033 3620.19591033 3631.93071412 3675.74302158 3677.98703651
 3700.65078403 3740.71862219 3745.93304611 3749.1374865  3768.93199088
 3792.63769652 3800.38973296 3808.54816607 3829.83225824 3842.55085396
 3844.59197056 3854.11935911 3865.0410029  3900.30414712 3902.98652513
 3926.43003292 3941.90257273 3947.98048957 3970.46733854 3972.58755449
 3973.02051761 3983.01670232 3986.42587437 3989.91967905 3995.46206695
 4016.84572496 4023.5817364  4036.02846769 4053.8298884  4080.05694004
 4080.38390403 4082.92488319 4124.1093122  4132.34931131 4164.64721317
 4170.09896848 4170.93866159 4180.81034732 4225.62037994 4241.32228453
 4258.41334441 4273.85378448 4281.73298655 4283.02914259 4298.35281695
 4307.07617877 4311.22261144 4318.75564968 4325.85619146 4325.92415757
 4331.01174919 4333.55666166 4340.75346932 4341.70436152 4381.51636845
 4388.29924617 4399.73765239 4404.35111457 4407.32005689 4421.50734057
 4465.73967792 4472.92345236 4485.46958283 4494.05964573 4495.18836981
 4496.12526213 4523.44027152 4545.70445565 4563.66064176 4571.13051385
 4587.47537984 4591.61891254 4606.13889349 4619.63858281 4633.13003886
 4634.88632446 4655.88595229 4680.39615134 4723.9196945  4747.19437035
 4781.0665593  4798.91711295 4808.32726913 4818.43278628 4832.19127348
 4848.20537551 4856.99000349 4863.46835038 4865.43736757 4867.71578222
 4928.81024799 4934.31033623 4938.0210058  4945.924941   4963.8629606
 4981.52238248 4983.75129754 5013.10975684 5049.05832877 5055.09037932
 5072.25437193 5088.75510331 5101.85229593 5114.12102867 5130.03199822
 5130.03969816 5142.00416673 5162.42459931 5163.82775447 5171.5734243
 5172.78624769 5200.67875234 5207.09809971 5240.48719263 5252.7359922
 5256.26439661 5265.68831934 5281.64298853 5295.36257605 5297.00506258
 5314.3264539  5314.94291551 5324.07297399 5342.99655218 5349.26633411
 5366.41446018 5396.72641166 5436.33032029 5436.75375015 5440.4230534
 5452.27002294 5456.3521228  5465.39271535 5482.21544409 5493.96734774
 5494.06208029 5515.32787261 5524.9847601  5528.3798656  5547.75684006
 5588.89450279 5589.63513005 5608.37397641 5613.4896678  5617.30800316
 5627.32035441 5667.48915841 5668.16795284 5703.00260058 5719.50316529
 5727.26153502 5729.7065483  5744.8883905  5803.26921185 5806.56961812
 5828.49703834 5839.36454924 5840.66837189 5854.93962155 5864.54234282
 5866.73762482 5869.21290452 5871.14342203 5888.22698197 5896.15391698
 5905.58543965 5918.03367092 5922.72293248 5957.94767701 5963.45589852
 6029.626856   6030.83024613 6046.67588288 6048.32383604 6057.84839128
 6059.5820104  6063.62344393 6063.69734333 6091.90927869 6092.22157613
 6105.3413019  6111.87701498 6162.31586811 6213.41844914 6220.50942433
 6237.84224889 6242.76210855 6288.99606283 6320.04160829 6322.15775761
 6341.11690217 6347.87541342 6352.84707266 6377.7203354  6393.68247119
 6418.61876675 6420.63911685 6427.75955847 6443.83649333 6454.69063767
 6455.19760018 6478.39124335 6487.5333684  6488.15479664 6490.17788005
 6502.7231772  6503.85740123 6525.92132033 6542.7203826  6563.13664855
 6566.19919011 6593.8499634  6595.95877945 6598.2169276  6599.5747498
 6603.1480205  6616.10391428 6623.66295231 6624.02121604 6627.25278954
 6643.1707257  6644.77751253 6652.94984553 6654.64189832 6664.65511622
 6690.71746921 6694.10214146 6694.16890758 6698.72720354 6710.73850506
 6732.75309124 6736.1771965  6737.33228703 6738.36407857 6750.88890921
 6751.2281731  6767.22687526 6769.62382228 6784.68083216 6787.50704232
 6794.40941907 6795.55470968 6803.03354836 6804.61133542 6811.21331463
 6834.66938898 6840.75513909 6874.32443053 6888.36781539 6889.36870719
 6896.00791942 6905.00301234 6913.32514411 6917.63910874 6940.96151752
 6948.77108683 6960.31959214 6987.81096675 6997.13725695 6997.88481749
 6999.23293977 7008.29439881 7030.51968326 7032.92499687 7044.35080319
 7052.14337264 7065.47523    7068.73556993 7075.12251757 7077.36956581
 7078.36205768 7118.94369162 7131.22442427 7133.58437159 7136.70194603
 7147.61458989 7150.25473491 7159.2820609  7159.55322534 7173.07474782
 7192.24982394 7221.50745073 7263.2729083 ]"
616,708016_2024-04-29_E-215,MGv,True,"[  19.60276404   19.95199451   20.2705919  ... 7274.67601481 7274.77464734
 7275.13514438]"
617,708016_2024-04-29_E-217,MGv,True,"[  19.87876178   21.74271316   21.99657775 ... 7274.02548681 7274.06538649
 7274.08228635]"
618,708016_2024-04-29_E-218,MGv,True,"[  19.45789856   19.70492987   19.84046209 ... 7274.90994623 7274.99174556
 7275.17944402]"
619,708016_2024-04-29_E-219,TH,True,"[  19.51796473   19.55509776   19.57773091 ... 7275.03204523 7275.13104441
 7275.16131083]"
620,708016_2024-04-29_E-222,LGd,True,"[  21.29391684   21.35208303   23.51933193 ... 7274.42005024 7274.52981601
 7274.77311402]"
621,708016_2024-04-29_E-223,LGd,True,"[  19.68029674   19.78019592   20.04549374 ... 7273.74528911 7274.29428461
 7274.78068062]"
622,708016_2024-04-29_E-224,LGd,True,"[  24.607723     31.12990286   38.16437852 ... 7273.68742292 7273.8852213
 7274.27775141]"
623,708016_2024-04-29_E-226,LGd,True,"[  19.49513159   19.56536435   19.65543027 ... 7274.20175203 7274.7511142
 7274.81838031]"
624,708016_2024-04-29_E-227,LGd,True,"[  19.47519842   19.48503167   19.50236486 ... 7275.00811209 7275.01251205
 7275.04287847]"
625,708016_2024-04-29_E-228,LGd,True,"[  19.4286988    19.43349876   19.43773206 ... 7274.46828318 7274.72224777
 7274.76761406]"
626,708016_2024-04-29_E-230,LGd,True,"[  19.42296551   19.60263071   19.64026373 ... 7274.97427903 7275.00291213
 7275.08281148]"
627,708016_2024-04-29_E-240,CA3,True,"[  66.55864573  213.16314375  213.16617706 ... 7271.7864385  7272.43073322
 7272.83026328]"
628,708016_2024-04-29_E-242,CA3,True,"[  21.23205068   21.73884653   22.13814325 ... 7275.08954475 7275.11687786
 7275.13551104]"
629,708016_2024-04-29_E-243,CA3,True,"[  19.41883221   19.48079837   19.61589726 ... 7274.74031428 7274.86311328
 7274.99557886]"
630,708016_2024-04-29_E-250,CA3,True,"[  19.51569809   19.54336453   19.65853025 ... 7274.84834673 7274.99871217
 7275.07021158]"
631,708016_2024-04-29_E-252,DG,True,"[  19.46783181   19.54463118   19.54859782 ... 7274.63474848 7275.02341196
 7275.17671071]"
632,708016_2024-04-29_E-253,DG,True,"[  19.77446263   19.84766203   20.36772443 ... 7274.50024959 7274.74184761
 7275.00881208]"
633,708016_2024-04-29_E-259,MGv,True,"[  19.45219861   19.58803083   19.67176347 ... 7274.67844813 7274.7878139
 7274.83824682]"
634,708016_2024-04-29_E-261,MGv,True,"[  19.42686548   19.97129435   20.01996062 ... 7274.60141542 7274.77741398
 7275.16951077]"
635,708016_2024-04-29_E-262,MGv,True,"[  48.92059034   56.84189206  107.58200939  129.43056359  180.49694491
  181.41577071  201.63210496  225.70810757  264.41425689  266.71723801
  271.11390196  293.20078754  347.19541152  441.88026856  451.22502527
  476.08902142  491.43612893  514.59800569  519.58036485  538.92493958
  577.84552048  606.11235539  623.30228112  638.6086223   647.39255028
  711.38672561  814.23874901  828.7995963   868.7483021   883.63541338
  921.77860065  953.20097636  960.39708403  960.50141651  969.65000817
  977.10144708  990.1535734   994.41167182  994.91430103 1028.17512834
 1030.71494085 1032.40346034 1034.69204157 1051.83783433 1108.11903956
 1121.61589557 1136.2038093  1160.65364218 1165.32233723 1197.52547321
 1209.92817152 1211.63905749 1215.0572628  1223.21199594 1232.6861516
 1235.80375937 1238.44857102 1247.86256051 1256.46075668 1259.3077
 1261.34531663 1275.37930157 1275.76386508 1279.16413721 1301.29928906
 1302.65821125 1309.9050185  1313.39385656 1315.58990523 1319.48813993
 1341.01146347 1369.4222972  1381.01673547 1390.11466088 1413.28167094
 1441.00844362 1442.68216323 1448.71748041 1451.48989102 1452.31101762
 1460.8914806  1488.16025703 1497.28991551 1502.79317039 1517.97701257
 1542.99370746 1587.78327358 1591.81497386 1603.12364781 1609.62996113
 1621.36396493 1634.72415539 1641.7080648  1655.93551482 1657.36156979
 1663.76728394 1668.82454248 1684.23578279 1689.12704269 1701.34637584
 1701.85827164 1701.8993713  1710.8928309  1712.95771397 1713.20664526
 1713.22497845 1722.57223514 1744.3164902  1754.52123987 1761.85104644
 1769.64711586 1769.66148241 1777.40168561 1781.07508883 1784.03343124
 1828.82796398 1849.05716479 1855.35744647 1857.9151255  1871.13265047
 1872.77243702 1877.96216114 1879.14811808 1880.46647394 1896.98530517
 1898.84362327 1916.97734127 1931.14685843 1953.18124444 1955.52182525
 1977.82067576 1980.05549077 1985.64387829 1997.41034848 2003.60453103
 2011.24886836 2026.55557619 2027.3887027  2037.16818918 2040.36696296
 2041.66058568 2045.20558995 2046.53571238 2052.30746506 2053.73238671
 2055.079209   2060.85892828 2062.29604983 2079.56777489 2091.1376467
 2108.52777079 2116.40467288 2120.45647299 2138.53129147 2140.77230643
 2147.0726881  2147.58235059 2165.93040016 2170.63022829 2175.7770861
 2179.19602473 2190.94772838 2196.60534866 2198.62063214 2199.46959185
 2210.20500383 2216.22715446 2218.5352022  2229.96040853 2232.01909165
 2239.06036725 2243.43643137 2247.49189812 2251.43609912 2288.05836553
 2292.49772913 2295.98036725 2357.86035991 2382.45905823 2388.9391051
 2400.74440831 2414.41676288 2431.24212493 2439.39969139 2441.17167686
 2450.78369805 2471.23019708 2480.27355627 2482.1112412  2497.32021651
 2507.97669581 2509.56251614 2525.06735568 2528.87179116 2546.8132774
 2549.61605442 2550.65134593 2552.42929802 2557.58362243 2558.72921303
 2568.96129581 2571.0852784  2574.88671389 2577.78715678 2578.19318679
 2585.49089362 2596.40370415 2598.10522353 2609.39213099 2609.48966353
 2626.3290588  2626.5733568  2636.2332776  2640.15437878 2648.76457486
 2659.79591775 2660.6348442  2660.6548107  2663.0864241  2663.13575703
 2670.69216174 2674.79716142 2682.91489486 2685.43284089 2694.11470304
 2696.31438501 2696.66751544 2704.13368756 2713.06411435 2713.16184688
 2714.02477314 2716.36598727 2719.26623016 2722.82610098 2723.73279354
 2726.64726965 2727.15426549 2727.93529242 2731.96742603 2734.1991744
 2736.01165954 2742.4158737  2745.05715204 2745.96521126 2749.35498347
 2762.81080648 2767.58680066 2769.34618624 2771.9812313  2774.98540667
 2779.12873936 2802.61488014 2816.3217011  2820.92989665 2825.72649065
 2827.43960994 2835.0312477  2837.61085988 2843.86420861 2846.21778932
 2855.62704551 2856.99273431 2860.20884128 2867.71207976 2868.48227344
 2872.92120372 2876.44550816 2904.71284306 2917.33430625 2924.90154421
 2946.73343188 2948.54495036 2954.01943881 2971.25149753 2982.88923545
 2988.1679255  3010.49204247 3012.90562269 3021.95314851 3025.47548629
 3031.08824028 3041.49018833 3045.71215371 3047.80020326 3059.70633898
 3072.917464   3078.75388281 3079.6329756  3080.20450425 3106.17825797
 3119.92454526 3133.73503203 3134.01302976 3152.20734725 3152.75287611
 3153.1929725  3154.05943207 3176.85844514 3180.43281584 3207.66415924
 3219.02673275 3249.4109503  3265.0806885  3269.86348262 3271.53933554
 3271.61063496 3280.12826513 3280.83002604 3286.63077848 3289.39008919
 3295.44533955 3298.16535058 3318.60578299 3346.75251889 3350.09545815
 3355.66574581 3356.91286892 3364.43510725 3372.18727702 3399.12062287
 3401.89853343 3401.991566   3402.80692598 3405.13277358 3423.85525341
 3435.32969267 3450.13743793 3451.4584271  3458.25373805 3458.53003579
 3480.906319   3484.00012696 3535.22200701 3544.67509617 3558.56914892
 3572.86956501 3583.11421435 3594.02182492 3601.19939941 3604.2376745
 3605.558397   3613.66696386 3627.9852798  3629.99669664 3648.13031463
 3655.33382224 3666.40933144 3696.70984968 3698.66590031 3700.95348155
 3712.81691762 3713.98070808 3719.9138261  3740.72725546 3742.38947516
 3753.29015245 3753.47035098 3766.31237902 3775.04954072 3794.6776798
 3797.3598578  3808.89719655 3825.80582458 3828.0355063  3843.04228327
 3846.75801947 3851.17098329 3872.39850925 3878.65729127 3881.70956624
 3887.19442127 3891.58418528 3911.61028776 3914.33143212 3916.33228238
 3922.90889513 3926.65873105 3928.47051619 3930.11110274 3965.99857518
 3970.46493856 3971.35536459 3973.65891237 3973.72951179 3975.27946575
 4000.15992843 4002.93717233 4003.20610346 4007.59773412 4009.18762108
 4010.11471348 4014.52974395 4018.9919407  4035.64167086 4046.46381546
 4052.50563259 4055.98710405 4073.20329623 4079.37604562 4086.10279047
 4089.35649713 4111.97084505 4125.08740418 4158.29019863 4166.97579408
 4167.70805474 4171.26539225 4178.735831   4181.85660541 4184.37535143
 4185.07581235 4195.34622815 4196.1118552  4196.53431841 4211.55279527
 4211.96605855 4217.15594933 4218.13694129 4220.91115188 4228.9508193
 4232.65548892 4233.49654869 4246.17504475 4251.08643781 4259.20213794
 4264.99445712 4265.42332027 4278.61211214 4288.8455949  4300.32893409
 4307.00457935 4313.79552368 4314.74098259 4319.36094471 4324.5175691
 4345.20253284 4353.67033009 4358.00619454 4358.78438816 4409.25697434
 4410.92422734 4411.11292579 4415.519223   4418.05666886 4424.34255066
 4428.49601661 4442.94689813 4455.8062927  4457.66614412 4473.64144647
 4487.27530136 4505.45888561 4511.12123918 4549.78012223 4550.16275243
 4552.54076626 4552.81653067 4556.19630296 4567.7664081  4568.29103713
 4569.43172778 4577.00246571 4580.0887404  4584.91946746 4603.52564825
 4608.92187067 4614.80408911 4617.17726966 4626.40009404 4635.24335487
 4635.32652086 4647.03545819 4650.00986714 4656.23514943 4672.68944786
 4672.74981403 4677.7823061  4686.56516743 4686.63450019 4688.14895444
 4703.46732885 4717.51398035 4753.68351714 4756.11023058 4795.57504035
 4804.84303103 4816.50303543 4852.59223955 4852.90447032 4853.06413568
 4853.75643    4853.85352921 4873.79836568 4885.44080356 4897.76626918
 4900.55341299 4906.06523447 4910.56106428 4920.067553   4923.5843575
 4941.18044657 4951.38852954 4952.59815296 4954.21237306 4964.4489558
 4982.52947422 4983.25163497 4991.21310303 5007.70086785 5010.93734132
 5012.40489595 5060.00823899 5080.16300708 5081.75116073 5095.81657874
 5108.19997722 5110.95428797 5111.62258249 5124.08111368 5144.8948097
 5150.88632724 5167.59742356 5172.39701755 5180.10385436 5190.47526933
 5217.91504436 5249.11728854 5253.24322138 5257.39355401 5276.37509839
 5280.94002763 5285.76152143 5290.81334668 5302.75351545 5307.13337954
 5313.21256303 5322.6128193  5322.64848567 5323.94727502 5334.32265663
 5351.85637954 5352.78533859 5353.19560189 5368.04341349 5399.06555915
 5416.31681771 5442.83483363 5459.52949675 5462.711104   5466.0528766
 5471.76042981 5482.41860909 5491.45746832 5495.62850078 5496.96178985
 5503.94723258 5505.02372376 5510.72927698 5524.9520937  5534.59071468
 5549.48015927 5617.0878383  5621.3488367  5630.64029386 5645.66850398
 5646.17786647 5669.91433852 5671.92872201 5719.45516569 5727.60253222
 5752.77065921 5756.92585847 5758.33818023 5760.27959764 5780.3127334
 5805.01289755 5809.10596399 5816.67470194 5832.23164106 5857.03603769
 5860.82803994 5901.4444736  5905.51240691 5907.16022674 5908.25755107
 5914.811764   5919.77502331 5924.04295499 5930.0948387  5940.01232406
 5953.25078219 5959.84556145 5983.03470466 5988.57682589 5991.25533726
 6019.92050224 6021.09025932 6031.20514306 6043.50804219 6057.24672955
 6066.03222419 6069.3515303  6071.59094528 6081.55943021 6086.82415372
 6099.45285018 6101.11630321 6107.61574992 6115.55571815 6121.39210364
 6129.4062046  6130.45836264 6130.66899424 6151.56245628 6155.18342659
 6157.58094027 6165.17197803 6165.45620903 6172.78768226 6184.29428792
 6201.98084291 6253.02102444 6254.74421032 6256.00156667 6299.84894051
 6301.21616264 6305.44149466 6307.83430838 6308.68693472 6308.79896713
 6311.7461763  6316.13427366 6329.63702962 6333.22876684 6355.29261928
 6367.3644203  6377.87643412 6393.8160701  6397.12050967 6434.83346714
 6460.54932297 6469.09348625 6469.31941773 6479.15813707 6483.68909992
 6486.35907803 6499.78626794 6503.18370675 6509.36912271 6520.78309579
 6528.57936521 6543.40987695 6549.30659527 6554.29192106 6556.30167125
 6586.2636256  6586.44369079 6587.54208179 6598.81102273 6601.73839873
 6602.01626312 6603.16488703 6609.5072017  6619.16818916 6619.59415233
 6620.73144301 6621.30790495 6623.33855497 6633.94810132 6656.21985205
 6662.1409035  6667.75019085 6677.83107486 6678.01840666 6703.8798613
 6728.35936059 6728.67429135 6740.03246489 6748.81829286 6766.53658092
 6780.40986718 6792.44503517 6792.55606759 6794.84094886 6822.94058515
 6823.284049   6831.90217834 6860.9639734  6882.88336036 6894.0183024
 6896.53178179 6896.58504802 6898.78796329 6899.19775993 6904.8686801
 6905.12974463 6909.07584561 6909.51800865 6918.16543775 6918.63550057
 6926.267238   6927.37946221 6930.28187175 6931.5196616  6938.09037439
 6939.98092556 6955.57219773 6955.76456282 6964.4062253  6967.88069682
 6973.306319   6976.52115931 6981.33375319 6984.71965876 6989.04635662
 6989.1091561  6995.97283316 7004.89562668 7006.43271407 7024.39126684
 7027.74683932 7050.67035138 7061.66799455 7063.12398261 7072.15387524
 7072.24164119 7083.47584908 7084.44684112 7089.85253013 7132.75637838
 7134.82566141 7139.99815234 7145.79083818 7152.73041461 7162.0186718
 7169.53281019 7176.43612026 7185.42764654 7186.38517202 7190.98126767
 7212.38489219 7217.46401721 7220.48445912 7222.35747709 7245.22842291
 7257.62838791 7264.34623284 7272.52813242 7272.57173206]"
636,708016_2024-04-29_E-265,LGd,True,"[  20.30882492   21.12478489   21.60181432 ... 7272.02570321 7272.40516676
 7274.29571793]"
637,708016_2024-04-29_E-268,CA3,True,"[  19.45966521   19.48126504   19.61106397 ... 7274.92311279 7275.00704543
 7275.019012  ]"
