,unit_id,structure,is_qc_pass,spike_times
0,712815_2024-05-22_A-51,PF,True,"[  20.0004338    20.1642666    20.90579749 ... 6993.85654361 6999.51652498
 7005.81260425]"
1,712815_2024-05-22_A-59,PF,True,"[  20.37713256   34.90901806   35.98204786 ... 6921.41634874 6985.37020488
 6985.42683803]"
2,712815_2024-05-22_A-61,PF,True,"[  20.21016645   20.37563257   20.48056556 ... 6842.61840813 6985.3646049
 6996.28083563]"
3,712815_2024-05-22_A-69,PF,True,"[  19.89913414   19.93500069   20.28629953 ... 7005.83300419 7005.95107046
 7006.79926767]"
4,712815_2024-05-22_A-107,DG,True,"[ 192.49396598  267.71441837  446.49049653 ... 7003.63747808 7003.67607795
 7003.7718443 ]"
5,712815_2024-05-22_A-115,DG,True,"[ 196.60611911  526.07816787  794.68895031  860.68603306  942.68922979
 1052.62840122 1064.44916231 1090.77870897 1102.10453835 1149.66991511
 1185.29093118 1271.14904855 1306.98789724 1320.58495248 1430.77718974
 1431.39102106 1464.27847946 1499.9205288  1537.37767216 1549.11993351
 1567.08280771 1581.37542733 1673.11865866 1689.17310581 1724.96322133
 1807.74671548 1825.85485588 1837.85004972 1848.19184901 1868.02988371
 1876.91642112 1958.93858445 1966.46432634 1997.36799128 2022.21294283
 2062.80707586 2083.95613958 2086.75046371 2104.3949723  2114.58360542
 2120.88381802 2145.31350427 2149.79532285 2160.59068731 2175.32700547
 2209.61302594 2241.96215278 2288.26523369 2320.46319437 2330.74286053
 2375.87511196 2379.62466628 2380.07523147 2392.7015899  2427.13314323
 2427.3650758  2427.85707418 2449.28840363 2483.98325608 2496.04558304
 2524.90605471 2550.48763716 2550.87186923 2550.99990214 2567.42148142
 2591.13743668 2647.71941709 2663.90233049 2670.34190929 2691.01344124
 2700.88940873 2713.58910026 2721.92067283 2727.438988   2729.68864726
 2742.50770506 2744.25183265 2764.72099861 2774.02186799 2813.36800513
 2825.03326673 2835.03606714 2854.55273623 2922.82064483 2923.34294311
 2925.28330339 2926.97989781 2932.12718086 2977.23133239 2988.58552834
 3012.45411644 3035.29777458 3046.44863787 3060.98029003 3081.56422227
 3132.84792012 3142.36655545 3173.59275266 3190.30519765 3192.44935726
 3196.30884455 3197.13224184 3260.63333281 3269.38987065 3277.82194289
 3288.12240898 3300.19260258 3322.39329617 3348.81720918 3387.72471444
 3405.27035668 3427.96471531 3485.44012611 3510.93554218 3518.54898379
 3527.82451992 3529.70294707 3531.85623998 3534.50069794 3536.9631565
 3543.293869   3545.91496037 3556.10976014 3559.92871424 3562.62270537
 3565.21883016 3569.7531819  3580.06771461 3580.9725783  3590.32661417
 3600.3727811  3602.04034228 3617.90285673 3644.56296897 3657.83949193
 3659.83488536 3672.92084229 3673.0384419  3676.21636477 3722.08018046
 3730.47515283 3736.74809884 3750.20155456 3756.33673436 3783.60084461
 3792.55074848 3793.44254555 3803.36841287 3845.58154058 3845.93327275
 3852.83855002 3880.95732413 3882.6464519  3941.31115879 3950.91932716
 3963.98211749 4012.58782415 4045.13698367 4077.08021185 4081.94456251
 4123.40095937 4146.81134898 4152.25293106 4153.11789488 4164.38022448
 4168.18771194 4169.25010845 4192.36139903 4216.23525378 4226.37742039
 4246.98775255 4250.9907727  4290.06094409 4306.01155825 4325.31426137
 4375.82316177 4391.18654453 4475.7472995  4501.20864902 4516.21399963
 4527.57039558 4527.59512883 4530.62891884 4530.70688525 4566.68206683
 4568.65862699 4602.80308126 4615.57607254 4623.54531298 4624.85897532
 4631.06345489 4635.20544126 4641.81261951 4645.94613924 4654.86227655
 4663.96564659 4672.97555026 4681.40005586 4691.52185587 4775.79407846
 4778.85823504 4793.72675276 4866.20411418 4915.00078688 4915.76145105
 4926.84138124 4930.23693673 4933.45989278 4954.33759073 4993.71762776
 4996.83631749 4997.18008303 5005.71088828 5007.68278179 5009.13171035
 5012.76669839 5014.84625821 5015.00335769 5015.41062302 5019.42157648
 5034.54802668 5043.58449694 5044.00616222 5045.39495765 5061.69550399
 5062.84806686 5064.42189501 5066.87128695 5068.23134914 5075.766791
 5077.63525152 5089.03718065 5095.71179201 5103.22120062 5120.42557732
 5121.84783931 5129.02414902 5130.33311138 5131.43170776 5141.85394012
 5142.14270583 5142.801637   5143.60023437 5145.029863   5146.30249214
 5155.78439426 5168.14008692 5200.34098092 5241.60231176 5243.44597236
 5251.36181297 5264.62590264 5281.97091221 5288.85942286 5290.62161706
 5297.80229343 5304.32710528 5319.36305578 5332.55594569 5334.63017219
 5337.67786216 5337.91012806 5343.9549415  5345.21163736 5349.06525801
 5352.29771404 5359.22805789 5360.61848664 5362.82544605 5368.96362584
 5376.74650022 5377.19269875 5379.45435797 5384.51744131 5385.77187051
 5386.65826759 5389.77405734 5406.43430249 5407.7084983  5411.81498478
 5414.04491077 5420.16172397 5430.72088921 5431.61761959 5433.40118039
 5476.94800371 5477.86766734 5496.31000664 5497.97373449 5497.98780111
 5501.84042176 5507.4809032  5512.32428725 5519.90539563 5522.54552027
 5530.37039451 5530.46036088 5530.77815984 5531.12829202 5536.09170901
 5540.05962929 5540.5918942  5546.32757532 5553.25361919 5557.2796726
 5586.78930879 5591.62985952 5594.16651784 5596.14671132 5602.58792345
 5607.40807425 5607.99690565 5608.29213801 5608.58587037 5610.61523036
 5610.79836309 5618.44910457 5618.5125377  5623.05665607 5624.37735172
 5642.27462614 5643.80945442 5646.47511232 5658.5102727  5661.21723045
 5667.72564236 5671.76142908 5677.84294239 5681.04403185 5682.30216104
 5685.33015108 5690.82106634 5691.42043103 5694.2948549  5696.73908019
 5696.85137982 5698.7900401  5701.16979894 5706.68144746 5713.29369236
 5723.88085751 5727.65841174 5732.44116266 5741.30540015 5743.44055979
 5747.63021266 5761.22310125 5766.38588425 5767.11154853 5773.79122654
 5790.37920527 5802.40346569 5817.93784789 5819.82550834 5835.06022486
 5865.24732548 5873.01396658 5879.46644534 5893.40729945 5909.29348049
 5910.70564251 5910.97907494 5912.98820166 5915.15522786 5923.75893287
 5930.24134487 5935.45889436 5946.13339255 5965.46389559 5971.25824318
 5971.93734094 5989.88651519 5990.41554678 6020.46268121 6021.58604417
 6022.82737342 6023.12567244 6026.3469285  6028.18608911 6032.99083996
 6040.64608143 6042.45344215 6045.638865   6047.34452605 6054.68696854
 6058.60785564 6063.29167355 6064.38596995 6074.18430436 6076.1686645
 6086.93359573 6088.53299046 6090.48251738 6092.61457703 6117.99416015
 6121.12578317 6123.91397399 6131.89324773 6135.35966965 6143.35277667
 6146.75656547 6148.55342622 6162.37608072 6168.30902785 6170.19955496
 6179.26512512 6180.59948739 6181.529651   6182.37648154 6185.24803876
 6195.10813963 6196.40223537 6197.67329786 6197.98726349 6199.38865888
 6203.41677895 6210.73695485 6220.92482132 6230.04452463 6248.23326475
 6262.25478526 6262.58415085 6301.41385636 6306.90900494 6313.22571747
 6317.61680302 6322.79858596 6323.19941798 6323.47975039 6327.22293806
 6327.36477093 6329.71716319 6332.52288728 6343.67945056 6347.6069043
 6353.82698382 6354.22081586 6360.17836291 6371.49809232 6371.89172436
 6372.47342244 6374.55891558 6376.84370805 6381.37162648 6386.43194316
 6388.74066889 6391.1184944  6396.38914371 6401.14939471 6401.2727943
 6404.78901606 6411.17319505 6443.13062318 6444.35885247 6450.02076717
 6457.88830793 6459.19213698 6470.87119853 6473.71065585 6473.89238859
 6475.45941676 6477.74917589 6478.13147463 6483.58969    6485.62454996
 6487.80937611 6499.03887247 6503.49402447 6515.0913863  6518.69317444
 6522.89269395 6543.15176059 6544.29665683 6555.61891955 6566.63831661
 6580.495971   6589.28464206 6590.95873655 6591.82040038 6593.87436029
 6597.04854984 6609.94570739 6615.08229048 6620.84610484 6621.68000209
 6625.32562342 6634.79969224 6634.88785861 6638.88111213 6639.48594348
 6639.77410919 6648.84804599 6650.56784033 6654.48059412 6656.77918655
 6699.94394446 6700.35997642 6701.38900637 6704.18199717 6710.21721064
 6720.04784495 6724.78536268 6729.62378009 6734.71229667 6772.83200452
 6774.33809956 6782.85477153 6792.6145394  6812.10214192 6820.96097942
 6822.53760757 6824.37936817 6827.52489115 6830.19088237 6830.51571464
 6845.10259995 6853.3012063  6855.58606544 6860.68834865 6867.67409232
 6868.35205675 6883.66150635 6888.82605602 6892.12611182 6898.60582383
 6911.33061527 6928.28712612 6932.88077767 6947.83932842 6966.89293237
 6975.47903744 6987.34489838 6991.510218   6999.50539168]"
6,712815_2024-05-22_A-116,DG,True,"[  20.19699982   21.96236068   23.02709051 ... 7006.26236944 7006.77826774
 7008.23216295]"
7,712815_2024-05-22_A-121,DG,True,"[  19.9609006    19.98663385   20.54256535 ... 7006.97086711 7008.14579657
 7008.72706133]"
8,712815_2024-05-22_A-129,DG,True,"[  20.68623155   26.50067907   28.26977325 ... 7005.47557203 7007.66899814
 7007.6728648 ]"
9,712815_2024-05-22_A-140,SUM,True,"[  39.3710367    43.63122268   74.93651963   89.25353917   96.34651582
  155.50212109  178.02354695  197.47241626  239.48961128  249.4467785
  293.47353357  293.69813283  347.11075701  348.05598723  349.28618318
  355.0616975   360.61394589  371.61104302  381.52607705  398.96325298
  408.67562101  442.8848084   512.60667889  518.40195981  539.49482371
  543.18231157  557.72846369  564.87447349  567.01363312  568.02376313
  583.7378114   592.85164807  596.00487102  618.9343622   635.47120777
  655.06200994  667.66296846  674.17591369  717.10827236  737.71687119
  742.0162237   744.5389154   745.10754686  752.75868834  753.72065184
  753.80365157  760.81166183  776.10964481  777.46784034  780.17426476
  780.57613011  786.76287641  787.8680061   796.1519455   796.28651172
  802.10459257  807.98393988  811.31629558  813.05518986  825.87504765
  826.04978041  828.33010624  831.94872766  832.36062631  845.43654993
  851.00786492  856.18684787  858.19484126  867.14091181  868.47290743
  870.51756736  875.09595229  877.23287859  878.72180702  879.45107129
  884.59838768  887.07931285  888.97867326  900.12523657  902.020097
  907.30007962  907.59797864  912.78116157  916.04208417  925.59081941
  929.77630563  930.3100372   930.77243568  930.79173562  948.40741096
  963.45486143  966.82738366  974.49215843  982.55666522  985.22118978
  985.44898903  999.20114376 1000.74733867 1001.50266952 1003.76316207
 1008.66317928 1016.69198618 1023.12423167 1033.34999801 1035.53839081
 1048.69104751 1051.81097058 1062.99970041 1067.89825095 1068.52411556
 1072.70083514 1087.31968702 1095.1831278  1100.74890948 1110.91860934
 1116.23219184 1120.10924575 1136.2453593  1137.51525512 1151.3915761
 1178.64271973 1179.68718296 1181.60500998 1192.84933963 1193.35140465
 1195.37323132 1199.36951817 1203.5421711  1207.23452561 1211.66101104
 1213.71737094 1214.90673369 1216.78396084 1226.76076133 1230.53341558
 1236.21443021 1243.74060544 1253.91393862 1256.38576381 1258.81712248
 1261.8272459  1265.68973319 1269.22192156 1269.25612145 1272.68577682
 1276.07523233 1281.29921514 1291.5169815  1293.2377425  1296.25259924
 1301.87191408 1303.53204195 1309.6128886  1312.83131134 1314.9801376
 1321.83788169 1344.89420579 1351.99518241 1355.74817006 1366.04040285
 1366.63740088 1367.39216506 1387.06656697 1390.3379562  1392.38608279
 1393.28564649 1395.42470612 1407.00860132 1411.81118551 1415.56313983
 1421.77208605 1426.75736964 1431.22528827 1431.50172069 1434.27617823
 1434.47291091 1438.12489889 1438.47269774 1441.28898847 1451.51618814
 1456.95497024 1465.65614159 1469.35272943 1470.1805267  1470.6253919
 1479.74236189 1481.92475471 1482.26348692 1495.29947735 1495.51054332
 1499.92506212 1509.29819793 1514.12301538 1514.43261436 1516.91887284
 1519.08883237 1521.17032552 1556.4339761  1558.00190427 1585.85191259
 1587.62814008 1587.74790635 1592.63015695 1595.72778008 1598.1224722
 1598.68483702 1605.23928211 1607.81407363 1611.57212793 1615.65374782
 1632.53315893 1636.81227817 1644.1348874  1644.96181801 1651.56462961
 1652.74605906 1655.79694901 1656.85464553 1657.91814203 1658.07930817
 1660.2751676  1661.78182931 1668.70183987 1672.88542609 1674.67545353
 1674.83081969 1678.98737267 1680.15133551 1684.50668784 1685.98461631
 1686.37144837 1696.75574752 1697.42557864 1700.94286707 1707.64137835
 1708.94857405 1711.08156702 1764.48795789 1766.00341956 1766.47581801
 1766.84015014 1771.37763521 1772.2910322  1776.52875158 1777.94588025
 1782.5976316  1787.81768109 1790.27103968 1795.08955715 1796.70788516
 1803.0649309  1806.78245199 1809.76000886 1816.79201904 1818.0719815
 1824.13789486 1829.1089785  1834.03679561 1835.24949162 1835.61615708
 1837.68961692 1838.28764828 1839.46134442 1841.16677214 1844.85496
 1846.40408823 1846.95475308 1848.02678289 1849.88921009 1850.12204266
 1850.69337411 1853.25143236 1857.09048639 1861.07273994 1862.26243603
 1868.99541386 1869.78077794 1875.6976918  1876.73272173 1878.06168402
 1887.24242046 1891.03950796 1893.67233263 1894.05166472 1905.56452682
 1905.65722651 1909.26934795 1910.41954417 1911.39870761 1911.5730737
 1912.66580344 1912.89706935 1917.32615477 1922.08773909 1926.26499201
 1932.69447084 1933.38906856 1939.26871587 1939.28754914 1940.29117917
 1945.26352947 1945.78736108 1948.26935291 1953.29350303 1958.68408529
 1964.37959987 1966.91102487 1977.38972371 1980.0068151  1984.18073469
 1986.19699472 1990.54234708 1991.08987861 2003.48900446 2006.58209428
 2008.60712095 2011.72491069 2015.16309937 2021.75117768 2024.73296787
 2028.45028896 2028.60295513 2028.91668743 2038.03749074 2040.23121685
 2042.86827483 2045.74976535 2046.72739546 2048.43318985 2049.72225227
 2054.12047113 2054.51060318 2072.40977759 2072.70760994 2074.07163878
 2075.49650076 2075.56036722 2076.83922967 2079.32028817 2086.47283129
 2086.67953061 2086.98972959 2089.31392194 2089.52925457 2093.24194234
 2096.50959825 2099.03535661 2099.13342295 2105.15660312 2105.68643471
 2105.74543452 2108.41142574 2109.76205463 2110.83965108 2110.85568436
 2111.46994901 2113.64400852 2115.39406942 2116.07120053 2116.64893196
 2117.43906269 2118.58349226 2119.53858911 2120.21888687 2120.52721919
 2120.77221839 2120.84915147 2121.51394928 2122.45411285 2122.61531232
 2123.21591034 2126.52689944 2128.54932612 2129.50398964 2129.68362238
 2129.85915514 2132.87234522 2132.96507825 2136.03810147 2136.28200066
 2139.04519157 2139.621323   2139.73342264 2139.96322188 2140.90748544
 2141.02948504 2143.48127696 2144.18484132 2177.03749984 2177.64323118
 2183.07167997 2218.20346432 2230.0185921  2262.08245321 2279.37286296
 2312.17608831 2342.36248894 2348.70076808 2360.17133032 2371.30419367
 2649.13014578 3114.92761245 3271.96906216 3481.45590589 3577.0950244
 3601.19587839 3616.03099622 3749.56475665 3824.49407666 3841.82361962
 3848.18189869 3854.15261236 3856.35670511 3866.24193924 3867.04736992
 3867.18780279 3870.51462517 3871.83715415 3879.43309581 3889.66396213
 3894.46874632 3899.24713059 3973.81985177 3985.2332142  4168.48967762
 4418.83892017 4444.52210229 4473.10277488 4487.02602904 4487.27652822
 4491.27118174 4530.65308543 4541.13721758 4546.30480057 4557.72766297
 4562.44028079 4581.11508598 4690.28859327 4695.32744335 4718.09686839
 4793.05445498 4836.4060456  4836.54087849 4846.52634562 4852.29462664
 4940.08283765 4948.52840985 4958.22797792 4964.15242508 4987.36701533
 4995.84585409 5006.85328452 5018.65424567 5066.59958784 5111.18060776
 5123.51800048 5136.43205797 5159.27718276 5198.62848656 5295.64756719
 5319.60668832 5330.03602065 5366.27790135 5381.82725016 5409.56275886
 5419.37059324 5478.60509825 5537.48383776 5540.30176182 5620.2932985
 5658.92537133 5686.42844746 5688.98723904 5695.66208373 5703.2856253
 5728.14817679 5780.03927264 5795.73325431 5803.16032986 5805.1950565
 5812.47976585 5818.22528027 5824.06146106 5833.31959725 5861.2110721
 5866.92128664 5867.4915181  5870.73367409 5879.2170795  5886.77648795
 5897.14422048 5900.84847496 5912.24320411 5919.41401384 5922.32640426
 5933.40610112 5935.26099501 5940.70654375 5940.92687636 5966.79715786
 6000.89911227 6008.35118774 6033.83583718 6046.69509485 6047.0144938
 6052.60760872 6060.39814974 6088.89755593 6089.91608591 6099.13615556
 6113.94004016 6137.25363008 6142.00034779 6143.38704322 6156.14136791
 6162.83384588 6164.31940765 6168.15179504 6169.24992475 6181.00208607
 6185.97956968 6189.50522474 6197.83816398 6202.45404878 6206.64246833
 6222.21678373 6234.0627114  6239.56525995 6250.63689017 6252.50821735
 6256.97533598 6269.26992884 6281.81972086 6285.66947485 6290.03662714
 6294.56521224 6305.15941069 6305.44710975 6313.79518227 6320.74542605
 6320.97162531 6334.40524776 6360.00626348 6373.53458561 6375.12264705
 6382.81115508 6389.64679924 6392.17315759 6392.29712385 6392.32095711
 6395.53981318 6408.32173777 6419.71886692 6438.86007057 6446.50551207
 6446.89334413 6453.13642358 6460.92869793 6462.06736084 6469.96663484
 6475.75114913 6490.9203992  6496.06698226 6498.01534251 6502.22402865
 6511.32346537 6522.28899594 6532.60922863 6532.88832771 6541.73336526
 6545.21715379 6548.22824388 6559.43127367 6564.03242519 6570.26557134
 6571.15820173 6575.23565498 6579.87427304 6586.36991833 6591.05876956
 6593.90536019 6593.91642682 6594.15732602 6594.57832464 6610.07924028
 6612.19709997 6615.81202141 6617.48748256 6629.59960935 6630.75663888
 6632.38580018 6634.60362622 6636.47408672 6636.55325313 6638.72127933
 6640.07810819 6642.79689924 6642.87389899 6643.7931293  6645.97462212
 6647.91724906 6650.72220649 6651.23533813 6651.42320418 6655.50619074
 6657.5240841  6657.86794963 6662.06520248 6663.82769668 6663.9741962
 6664.63192737 6678.48128178 6679.21531269 6679.73521098 6683.48996529
 6686.61692166 6691.41550587 6696.02115737 6696.38008952 6697.09525384
 6698.17835027 6711.1511409  6713.48076656 6716.64052283 6739.13688211
 6751.72194068 6757.38328871 6757.72875424 6757.91932028 6757.95605349
 6758.08188641 6758.98558344 6759.12428298 6759.33758228 6760.51197841
 6775.15379688 6775.31332969 6779.74454843 6780.84014483 6791.5924761
 6794.11023448 6800.16194789 6804.12986816 6804.22170119 6807.18215811
 6809.57638357 6812.03100882 6815.50583071 6823.64427059 6825.22573205
 6825.36449826 6825.38623152 6825.51419777 6826.96192633 6828.28422198
 6828.78295367 6829.0291862  6830.59018106 6834.97339996 6838.09642301
 6839.87671715 6841.66901125 6843.37020565 6844.06757003 6846.20069634
 6852.54404212 6868.26845703 6870.89084839 6881.83721236 6884.56460338
 6887.07482845 6888.51579038 6895.78153312 6903.44894122 6904.09510576
 6908.21342553 6910.66258414 6911.77344715 6912.68367749 6916.48139832
 6918.92859026 6920.36018555 6925.13020318 6927.30506269 6930.5215521
 6931.87321432 6936.70743174 6941.62738221 6950.26005379 6951.68378244
 6954.88120524 6956.21533419 6957.78556235 6958.32236058 6959.96538851
 6962.35651397 6962.50481348 6964.08480828 6965.24610446 6966.3276009
 6967.95039556 6968.3427276  6972.71087988 6974.59647368 6978.20966178
 6979.65299037 6981.07368569 6983.86820982 6984.73144031 6984.7977401
 6984.95730624 6986.56116763 6986.56310095 6987.05049935 6987.32156512
 6987.57473096 6987.67723062 6987.73859708 6990.66622078 6995.84713706
 6996.06603634 6997.01656654 7000.0256233  7000.05082322 7000.42372199]"
10,712815_2024-05-22_A-143,SUM,True,"[  20.76329796   21.08213024   21.5501287  ... 6986.38540154 6987.81283017
 6990.89988668]"
11,712815_2024-05-22_A-159,PF,True,"[  22.63975845   36.92761141   39.62886919 ... 6989.53369117 6989.83632351
 7006.15343646]"
12,712815_2024-05-22_A-161,PF,True,"[  20.32136608   23.0294905    26.23347995 ... 7006.36930242 7006.4163356
 7006.49063535]"
13,712815_2024-05-22_A-169,DG,True,"[ 192.77203173  433.33147318  436.15073057  545.40790424  709.96706254
  799.40013481  846.72747901  868.14857516  971.69406764  995.86298808
 1054.68499445 1073.57213227 1084.13289751 1093.98599841 1189.38438437
 1276.87026305 1794.48555914 1888.34888349 1952.50537229 1981.13217806
 1992.87530607 2037.55912564 2099.86198722 2100.28968581 2188.20496307
 2225.46037377 2228.85106261 2252.630251   2252.65828424 2267.70946802
 2299.14243122 2392.0149255  2425.18118299 2518.44167599 2518.45027596
 2521.56033239 2542.58422985 2675.80869129 2697.43665343 2697.46595333
 2700.02847823 2764.70936531 2776.62919274 2776.98935822 2786.14942807
 2802.26204169 2809.17348561 2819.38825198 2833.73413809 2860.92411525
 2863.62787302 2864.5567033  2917.24819651 2919.18909012 2922.82257816
 2923.22121018 2943.18944445 3000.04902394 3016.97793488 3017.11090111
 3027.37703398 3027.39366726 3048.91619641 3053.27848205 3054.21594563
 3070.36069249 3085.52874256 3095.67334249 3099.24986405 3101.48202337
 3107.75600272 3108.1879013  3108.19186795 3136.80950708 3171.52922612
 3198.48420406 3202.49709085 3204.02058583 3224.93795031 3237.14074347
 3241.67536188 3291.6311641  3293.41599156 3304.29965573 3304.32268899
 3411.56923595 3412.9603647  3424.13532792 3426.44192032 3426.44745364
 3426.45112029 3426.45505361 3476.91008752 3486.31275657 3486.77278839
 3486.92602122 3487.29105335 3488.49401606 3488.49701605 3488.97818113
 3493.84946509 3495.72482559 3496.13849089 3501.08154129 3503.09433466
 3512.68680308 3515.03129537 3516.59029023 3520.1256786  3520.77384313
 3520.91394267 3521.48604079 3521.49830741 3524.70363019 3531.56734093
 3538.79371714 3596.13769504 3596.21879478 3596.42126078 3596.42646076
 3598.07975532 3598.67812001 3604.90379952 3644.19273685 3644.2004035
 3681.91677934 3689.09938903 3689.89125309 3698.48099148 3698.96448989
 3702.41824518 3703.02517652 3703.03337649 3735.61370258 3735.61736923
 3743.87924203 3744.11350793 3762.71784669 3769.88522309 3769.9022897
 3799.12822683 3800.86452111 3805.22684009 3805.37437294 3805.40260618
 3805.54910569 3805.55257235 3805.66380532 3814.11414417 3830.03752508
 3852.8872832  3854.01164616 3862.21101917 3868.85893062 3869.36139563
 3874.36991248 3875.58357515 3891.73548865 3905.80767566 3947.95187026
 3952.29955595 3952.30328927 3952.30995591 3954.15011652 3957.2033398
 3959.84516444 3962.89788773 4008.5530041  4014.42431811 4024.33121883
 4033.21545625 4045.15238362 4058.50180635 4060.63693265 4070.08433488
 4070.08766821 4094.7469537  4101.70463079 4102.19486251 4102.55662799
 4126.79948152 4138.02261124 4139.01974129 4147.28254743 4147.54944655
 4158.16737826 4158.17097825 4158.21714476 4221.4121034  4222.59033286
 4227.33408391 4227.75774918 4227.79314906 4227.79701572 4227.80084904
 4228.01294834 4228.0871481  4262.18380252 4262.30836878 4264.22339581
 4280.82190784 4287.06945394 4322.21023826 4324.25273153 4329.28871496
 4353.25293607 4363.89483437 4363.89823436 4374.66419892 4414.83890001
 4452.10501066 4469.69375276 4470.02178502 4470.18475115 4483.86567278
 4485.52020067 4502.24981226 4502.38427849 4502.38924514 4502.39267846
 4502.39551178 4525.5879021  4561.23868475 4561.24341806 4562.0027489
 4565.53287061 4565.5361706  4569.02359245 4569.03059243 4601.11608681
 4603.02258053 4603.03998048 4603.65671178 4603.74721148 4610.2237235
 4611.13858715 4611.68555202 4612.33884987 4613.1478472  4618.42799649
 4640.52139043 4650.91098956 4650.91472288 4651.08155566 4651.2222552
 4651.67932036 4651.7708534  4651.77618671 4651.93231953 4652.20778529
 4652.95724949 4652.96141614 4653.63221393 4654.64807726 4661.39708837
 4662.12638597 4662.23501895 4663.09664945 4663.66754757 4668.68189773
 4668.69156436 4668.81023064 4668.82046394 4668.82963057 4668.95159684
 4674.60497823 4689.54896237 4689.61499548 4690.76789169 4690.78945829
 4692.97435109 4694.53637928 4699.30956357 4699.32379686 4699.58776266
 4699.59579596 4700.57789273 4703.5129164  4706.9953716  4706.99993826
 4711.1800245  4713.07831825 4716.70940629 4726.23490827 4726.83643962
 4727.43963764 4727.52393736 4727.61697039 4727.62287037 4730.4883276
 4730.49676091 4730.5003609  4730.60706055 4730.83952645 4730.87322634
 4730.87755965 4731.16302538 4731.1670587  4731.17132535 4731.18079199
 4731.18402531 4731.18929196 4731.32052486 4731.51519089 4731.52315753
 4751.05735989 4754.07438329 4757.01060696 4757.57653843 4759.74779795
 4761.97882394 4761.98289059 4762.54582207 4771.33732647 4791.20846105
 4801.27242793 4811.37856132 4811.41152788 4819.63196749 4819.88923331
 4820.66253076 4822.53895792 4822.6865241  4822.69485741 4822.83755694
 4822.84705691 4823.95425326 4824.91738342 4825.22238242 4825.82558043
 4825.87228028 4826.16387932 4826.46321167 4849.37716957 4854.79268508
 4864.58518618 4867.99507495 4868.70687261 4869.67356943 4870.54836655
 4870.56449983 4870.63949958 4870.64993288 4870.74913255 4872.69942613
 4872.70289279 4878.55757351 4879.63153665 4909.64763784 4910.89786706
 4912.11919637 4912.29976244 4913.15895961 4913.20829278 4916.51871522
 4933.60652564 4943.16859416 4943.1759608  4948.97247505 4963.96065905
 4965.63425354 4966.100652   4971.52660081 4971.60950054 4971.64253376
 4971.64700041 4971.79003327 4986.90328352 4990.68307108 4994.6772246
 4994.69389121 4998.1186466  4998.75977783 4999.05534352 5003.48596227
 5003.49036226 5003.64506175 5015.78805511 5027.89791524 5028.20374757
 5029.00564493 5029.29274398 5029.30974393 5034.65962632 5039.88170913
 5047.5262173  5047.69621674 5048.27588149 5048.37084785 5048.41431437
 5048.57418051 5056.0313893  5056.05422256 5062.85160018 5062.86460014
 5088.48688246 5106.28345721 5106.28902386 5106.44349002 5106.98558823
 5111.30067403 5126.84328953 5137.75508694 5142.00550628 5148.03318644
 5154.85613065 5155.8134275  5155.81866081 5155.87632729 5155.90336054
 5155.93732709 5155.99106025 5156.14255975 5156.15412638 5156.167493
 5156.17109299 5156.17399298 5156.30405922 5157.484822   5157.48958865
 5157.95605378 5167.03159057 5178.83175173 5178.97668458 5196.93205881
 5231.53101158 5231.74201089 5234.24873597 5234.25793594 5235.22683275
 5236.54686174 5236.91686052 5262.39540998 5280.41015068 5285.23593479
 5285.51416721 5285.52176718 5285.53460048 5286.91076261 5291.05464897
 5291.97527927 5292.02067912 5292.73364344 5292.74791006 5293.10957554
 5293.11317553 5293.32170818 5293.72467352 5293.81653988 5293.82507318
 5293.82983984 5317.69449461 5317.70569457 5317.70966123 5318.86705742
 5322.63174502 5342.20058061 5371.60488381 5378.64709396 5399.29855932
 5401.25811953 5405.25360638 5405.64747175 5409.09552707 5416.15310383
 5420.1937572  5420.19882385 5420.52088946 5429.34059376 5429.65072607
 5429.81302553 5430.17362435 5431.8573188  5436.14370469 5436.14687135
 5469.91649352 5470.01052654 5470.91099025 5471.65068781 5471.67202107
 5472.14741951 5472.1508195  5477.93066714 5479.69056134 5489.29556306
 5506.44293995 5508.69743252 5513.14815121 5513.4034837  5513.40905035
 5514.01294836 5514.01708168 5519.85642912 5520.14086152 5531.2749582
 5533.49931755 5533.76974999 5535.68727701 5536.2278419  5536.23200855
 5536.24464184 5537.02133929 5537.31597165 5537.64110391 5542.35605506
 5542.9312865  5547.3875385  5547.39080515 5547.79570382 5549.31656548
 5551.3969253  5552.31532227 5562.12535665 5562.94165396 5562.94562061
 5567.44973912 5570.84592794 5573.42705278 5579.79323182 5579.95756461
 5586.9397083  5589.55206636 5593.47282012 5593.47712011 5595.22458102
 5598.23583778 5606.16891166 5606.49527726 5606.5036439  5608.7708031
 5611.17606185 5618.79027012 5618.79653676 5619.12596901 5623.71342058
 5624.27361873 5624.34151851 5624.3454185  5625.74674722 5634.14341958
 5634.82065068 5634.82515067 5636.03474668 5636.62884473 5637.24260937
 5637.86064067 5650.5606322  5652.22376006 5655.70081528 5655.71324857
 5655.71728189 5657.24664352 5662.42275982 5674.96575186 5675.27818417
 5675.32565068 5675.38411715 5675.38761714 5675.72028271 5675.77961585
 5675.78301584 5675.79278247 5675.85734893 5675.92364871 5675.93188201
 5675.935382   5675.95424861 5675.9984818  5679.43803714 5679.44720378
 5679.59450329 5684.55395363 5688.26370809 5711.08909962 5711.09263294
 5719.17000635 5719.51693854 5719.52293852 5719.52660517 5719.56600504
 5719.6999046  5719.70540459 5719.83700415 5723.76645788 5725.26361962
 5726.42958245 5726.58518194 5738.64960889 5740.53413602 5784.26155874
 5795.95408692 5814.6739253  5814.69655856 5815.09165726 5817.79184837
 5825.40815663 5826.38715341 5826.99958472 5838.96977865 5858.82214663
 5859.30704504 5869.92341009 5871.67007101 5882.17700309 5919.58667994
 5944.51503121 5947.86758684 5956.63555798 5961.7427745  5971.98344079
 5987.61722266 5987.62232264 6004.40216741 6004.40643406 6004.77506618
 6010.55041384 6011.11681197 6021.30561176 6025.23226551 6029.23738565
 6051.5317456  6052.94824093 6053.12090703 6057.4152929  6086.09923181
 6086.65599664 6120.37208565 6125.0766035  6150.15482095 6150.16075426
 6164.86177253 6180.63745394 6180.64098726 6180.64528724 6180.66042053
 6191.16058596 6191.89721687 6199.53799172 6200.04025673 6217.73173183
 6269.0475629  6272.56555132 6272.83325044 6291.22075658 6291.41205595
 6310.9497583  6312.42805343 6312.43168676 6312.43605341 6317.18520444
 6317.19360441 6323.73338289 6323.81921594 6323.94751551 6324.14301487
 6324.15618149 6331.05725878 6356.16950944 6359.25593262 6365.34501257
 6376.3226431  6376.54057572 6376.59610887 6377.50907253 6377.51433918
 6377.51863917 6430.25726556 6431.67432756 6474.86475205 6475.95784845
 6482.53806012 6507.36711172 6507.57301105 6507.587211   6507.67301072
 6507.73054386 6515.06095306 6534.68642179 6538.50544256 6545.03208774
 6547.04974776 6555.28975397 6555.29368729 6555.4132869  6570.47677064
 6598.35244555 6598.60781137 6598.7629442  6629.5143763  6640.2179744
 6776.70229178 6917.78679402 6942.11434727]"
14,712815_2024-05-22_A-184,DG,True,"[  21.91136085   24.73398489   25.59174873   28.92693775   49.32163728
   68.33927468   73.39299138   81.28779872  118.65597571  134.63472311
  201.56560279  208.71524592  227.13238529  247.07565297  271.44113943
  271.58807228  271.70867188  276.86872157  298.47405044  301.52050708
  315.23996192  353.46126943  417.20279294  420.75204792  430.12935039
  431.05551401  438.72772208  442.69914234  489.56878806  494.32133908
  509.18275682  527.7193958   532.81111238  543.60547684  588.02699728
  611.08298805  617.39723393  618.09643163  620.20259136  661.82305436
  664.25447968  672.54241907  687.21033745  689.37963031  696.36114066
  698.04263513  718.11170239  749.20483337  756.34637653  757.92110468
  761.83112514  765.23534727  767.25924061  772.21952428  776.34874402
  781.0245953   782.87998919  792.33799139  798.69907045  804.97521645
  824.54991868  827.26730974  828.6360719   829.29593639  838.59393912
  842.45099309  847.27901053  853.98772178  887.28737883  904.97138728
  905.38448592  910.4448026   919.30870675  930.82573551  945.53182043
  956.49365101  987.44751578  993.70469519  997.40994965 1002.67086567
 1004.0798277  1023.94819563 1025.41945745 1027.82304954 1029.62681027
 1053.20726598 1055.29839243 1063.32703267 1076.85832146 1108.6619501
 1110.09521205 1122.77700363 1124.32923186 1171.14861107 1177.4066238
 1204.92779987 1210.9135135  1215.14859956 1220.81141425 1221.49794532
 1247.63739261 1257.5124601  1257.93729204 1273.0469423  1288.57782451
 1289.48642152 1297.20182945 1313.24577664 1317.08373067 1322.84017839
 1388.97986067 1389.38132601 1399.97559114 1401.28815348 1410.83082207
 1444.08607927 1454.98734338 1464.09094675 1478.95366449 1482.76031862
 1498.32900071 1499.68456291 1518.08010236 1575.40331366 1584.79138275
 1590.66503008 1591.53629388 1593.90788608 1597.69117362 1623.499822
 1624.30301935 1632.53105893 1656.51744664 1661.03669843 1665.90731573
 1667.77640958 1669.80676956 1677.74891008 1685.39825157 1690.24336895
 1691.03996633 1692.60012786 1698.8963738  1704.78018777 1705.04762022
 1715.35488629 1724.09289086 1788.86841096 1800.73067191 1801.66360218
 1816.17342108 1839.42254455 1851.59313782 1889.2363139  1907.32675435
 1911.57130704 1912.26037144 1938.51275169 1960.47644605 1965.94996137
 1974.32430047 1982.90577222 1996.58136054 2002.5469409  2004.67583389
 2012.1775092  2030.10595018 2039.62281885 2076.55856393 2078.94032276
 2088.90605662 2096.48266501 2103.72840782 2106.04843352 2111.69461493
 2128.2905603  2143.12814479 2216.99273498 2218.46646346 2218.89396205
 2222.94848204 2224.94744212 2227.13376826 2241.6818537  2241.83851985
 2256.66743771 2282.46458612 2289.88666169 2291.5016897  2291.53138961
 2291.54012291 2291.59342274 2292.00498805 2293.22685069 2293.55534961
 2306.19954132 2324.54914758 2378.1605711  2383.61448648 2384.10021822
 2411.87689345 2417.43310849 2445.50281609 2446.51767942 2447.96034133
 2464.0823216  2465.783216   2472.2814946  2475.54721719 2477.93814265
 2481.06473236 2501.57923149 2520.4322361  2521.03180079 2521.50303258
 2524.2592235  2529.03480778 2542.11509806 2554.31242457 2555.42025426
 2562.15976541 2564.43282459 2565.33625495 2570.03137283 2595.11079027
 2609.4501764  2612.54979953 2627.14268483 2627.76118279 2633.47609731
 2637.22615163 2646.73275367 2654.61706105 2663.24903264 2723.19203531
 2724.63413057 2729.63141412 2757.63148861 2777.9260218  2814.13013596
 2819.29835228 2829.82018431 2832.53604204 2841.63457875 2841.96287767
 2848.84658834 2913.24044304 2931.67574902 2940.73535253 2943.11144471
 2943.4464436  2957.3903977  3000.88722118 3027.82503251 3035.29837457
 3037.42213425 3039.06919549 3041.96818595 3107.80330257 3133.61398427
 3150.55529517 3182.32045727 3202.92278945 3231.08356341 3241.32892969
 3252.06699434 3257.83927534 3313.08379348 3322.40052948 3329.23057366
 3333.65869242 3394.16542657 3394.55935861 3405.15342373 3477.30818621
 3482.80890144 3487.28045338 3511.83877254 3524.09436553 3559.93678088
 3561.13381027 3567.77928839 3570.57651252 3601.40887769 3601.69607675
 3622.75774075 3631.00458027 3688.12135891 3698.00972636 3701.52411479
 3702.66321104 3710.17391965 3730.4126197  3732.57531258 3736.67096576
 3752.57638007 3756.9420657  3769.41435798 3769.47512444 3769.91032301
 3772.73321372 3778.4712615  3778.92975999 3780.17022257 3806.42180282
 3810.5996224  3820.97228826 3822.36648367 3836.89893583 3844.12027872
 3847.30383491 3877.05477031 3880.12746019 3885.42434276 3889.9470612
 3900.59265949 3906.25397419 3906.26197416 3913.51785028 3922.22015496
 3922.34305456 3922.59278707 3922.71382001 3922.76405317 3922.88791943
 3922.9472859  3923.0813188  3923.41151771 3932.82435339 3952.51995522
 3962.75648819 3968.63356884 3974.73848208 3985.73697921 3987.9482386
 3999.08013529 4007.61454053 4010.14066554 4019.4586682  4043.46718917
 4058.62047262 4061.747029   4068.34940726 4070.79623254 4077.74957632
 4089.63927051 4090.65583383 4091.2617985  4095.59425091 4145.29542063
 4171.89913306 4209.2925433  4218.49177968 4221.41073674 4221.98670151
 4225.43752349 4244.30119472 4257.85341678 4261.0867728  4262.00040313
 4278.79381451 4284.21393    4286.7673216  4303.04506801 4318.02801869
 4330.81610993 4334.29786513 4343.40993514 4367.52452242 4374.67376556
 4378.38092002 4386.87145874 4394.4959003  4401.24511142 4402.05440876
 4403.15390514 4412.13124225 4419.32425191 4420.1273826  4431.33197905
 4438.36808922 4438.68552151 4456.35173002 4481.88201264 4482.0355788
 4510.34751894 4515.00017029 4515.96556711 4525.11583699 4526.38053283
 4528.35595966 4532.11528062 4532.12298059 4542.07601449 4552.43568039
 4581.02441961 4591.57401822 4596.4113023  4599.336026   4641.89455257
 4647.80416645 4648.28496487 4652.11441893 4655.49617447 4656.45843796
 4664.2650456  4680.90959081 4703.33311699 4705.05737798 4706.84760542
 4714.60104657 4723.95191579 4725.23221157 4732.96598611 4733.72488362
 4748.47956838 4753.2824859  4767.24687327 4768.19613681 4791.94669196
 4808.3999378  4813.36265479 4813.6747871  4817.04377601 4826.50704486
 4863.20359072 4867.72407584 4872.21042774 4915.4518854  4922.22849642
 4923.75775806 4928.92347438 4930.92350113 4932.29692995 4939.4815063
 4949.57900639 4951.19906772 4951.34093392 4964.74112315 4968.61094374
 4983.09769605 4986.83595041 4994.77009096 5002.4849989  5012.43013283
 5016.09062078 5020.70733891 5028.35354708 5029.09164465 5032.22393434
 5040.72027303 5052.94623279 5061.09623929 5067.99374992 5077.94388383
 5082.81073448 5084.1604967  5099.81371184 5103.6432659  5103.9989314
 5105.36202691 5108.71968252 5111.61907298 5118.50665031 5125.2616614
 5134.06673242 5183.54796953 5197.41412389 5206.87535941 5217.18122548
 5236.66819467 5236.89516059 5238.98632037 5246.01209724 5246.01989722
 5269.88121867 5273.47770683 5295.53546755 5327.01923058 5327.52202893
 5364.61927347 5364.65697335 5365.13993843 5366.1114019  5373.02771246
 5381.2095522  5403.15117997 5414.20804357 5420.74208873 5423.54791282
 5430.7143559  5437.08826825 5437.66729968 5439.86689244 5451.17282189
 5456.62043729 5482.92078404 5490.98879082 5495.7136086  5502.65755241
 5504.60577933 5510.01322819 5511.22872419 5511.96722176 5515.22297771
 5538.42646799 5539.23819866 5541.08325925 5544.94987985 5560.17586307
 5560.45412882 5561.25465951 5564.64234836 5565.31567948 5566.91440755
 5577.57307246 5583.34658679 5583.51385291 5589.45786667 5589.53306643
 5592.94818852 5601.33209425 5604.04841864 5611.08429548 5620.78176356
 5628.47987155 5631.90052696 5634.82411734 5646.18171328 5660.31886674
 5664.68981902 5669.2038375  5671.5912963  5673.87292213 5689.38423773
 5689.81990296 5691.57726385 5697.91924297 5703.06975935 5722.19272973
 5722.89486075 5724.12829003 5727.84034447 5729.6438052  5740.77963521
 5747.66484588 5749.22317408 5751.76336572 5771.05963554 5784.96315643
 5797.75788098 5800.57600504 5812.0500006  5812.11953371 5826.70685235
 5837.3357507  5838.94004542 5848.67968002 5848.93517918 5849.56211045
 5850.86320617 5859.67981048 5872.02373651 5875.16292618 5884.77846119
 5914.404197   5936.64532379 5954.08449971 5983.91150153 5991.75474237
 6009.66825007 6055.19073355 6079.12945475 6084.61560336 6111.01744978
 6112.40217856 6118.16469292 6122.09397998 6125.07073685 6139.96482116
 6145.23080382 6154.33504052 6155.46207014 6179.44335787 6180.47242115
 6180.4759878  6188.83812694 6206.02767035 6209.55352541 6211.60851865
 6221.8707182  6227.05406781 6243.49721368 6245.6980731  6249.2227615
 6250.09532529 6258.71063026 6262.0199527  6271.43508838 6293.11148369
 6294.21338006 6313.65938271 6319.69369618 6331.75008983 6338.13620214
 6342.431788   6346.18350898 6357.57660481 6388.06217112 6388.22543725
 6394.81448223 6401.67539298 6405.61931333 6407.99930549 6409.59123359
 6411.67152674 6416.78160992 6424.9392164  6433.23592242 6433.73718744
 6436.87127712 6442.5269585  6443.25738943 6444.07748673 6451.21752989
 6454.80668475 6483.44085715 6506.07031599 6520.80143417 6537.90104455
 6545.83305177 6546.44901641 6561.1742346  6562.15166472 6565.31248764
 6570.45573738 6571.13896846 6577.82687978 6581.5572675  6594.4269918
 6595.14052279 6601.19080287 6614.21416    6617.5657823  6626.78965194
 6628.21854723 6630.33474027 6633.93249509 6641.21740444 6655.17472516
 6657.94461605 6659.84650979 6667.36721836 6668.52734788 6684.81556093
 6686.33712258 6696.89585449 6705.59302586 6709.45777981 6712.32933702
 6734.45739751 6758.58715141 6765.6292949  6778.71771848 6781.81857494
 6790.6820791  6802.19114121 6807.47032383 6808.5035871  6809.8376827
 6817.03495901 6824.533501   6825.11383242 6825.55643096 6846.55109518
 6847.47139215 6849.33825268 6852.58524199 6854.21670328 6856.03833062
 6862.60614233 6887.60289338 6892.42977749 6894.37933774 6896.56356388
 6897.16462857 6898.87865626 6908.73199049 6912.14487926 6915.61596783
 6917.22786253 6933.29530963 6934.61800528 6936.12613365 6936.45859922
 6940.83551815 6942.81744496 6944.1300073  6947.50682952 6962.55797997
 6968.37439416 6972.0977819  6973.79107633 6976.66663353 6979.51359082
 6990.99781969 6993.73707734 6997.01056656 6997.98073003 6999.11829296
 7003.56727831 7004.43870877 7004.65617473]"
15,712815_2024-05-22_A-209,DG,True,"[  37.14701069  102.12736345  201.45373649  224.93209253  230.73527343
  231.42647115  246.33328875  258.27758276  284.63769599  318.62591744
  330.24477919  347.00625735  358.21732045  367.52355648  380.24268127
  388.02002234  391.3417114   515.77996844  542.24911464  608.34266374
  663.98484724  674.14698045  693.33345063  711.37309124  732.78025411
  732.79998738  732.85445386  732.88185377  733.95021692  739.19986631
  771.17619438  792.17525859  822.03102698  824.69125155  887.86594359
  892.93886022  902.17902981  902.33529596  906.5547154   911.63479868
  919.36303991  929.89227191  950.58613712  982.72123134  984.62255842
 1026.62738681 1032.10380211 1037.68731707 1053.48689839 1057.45321867
 1061.01614027 1065.79119122 1106.11762514 1126.41109167 1128.0723862
 1152.63687201 1168.8298187  1175.71982935 1180.80221262 1186.67112664
 1204.37156837 1206.82866028 1207.76819052 1208.70362078 1242.77150863
 1248.61742272 1254.64186955 1284.80387026 1303.59120842 1304.16237321
 1360.71968703 1399.3887264  1444.97007636 1490.51049311 1507.90790251
 1516.18620859 1524.27771529 1533.05995304 1543.92098396 1554.80714812
 1609.6980341  1611.66742761 1628.4718723  1632.55115887 1644.31475348
 1666.3106144  1669.15273838 1680.32870159 1683.44489133 1690.8080671
 1692.43169508 1705.21425301 1706.15491658 1710.03997045 1710.67293504
 1723.15479395 1724.60428918 1736.1700511  1751.71719992 1762.89762979
 1796.44278603 1820.08224154 1823.73329619 1839.69834364 1845.09112589
 1860.94054038 1876.42918939 1888.4577498  1895.68045935 1907.94638564
 1908.80384949 1950.5598787  1961.71344198 1986.2632945  2001.22827857
 2010.83731361 2025.11573327 2051.88537848 2058.66998948 2106.79756439
 2111.81591454 2115.70683506 2120.85225146 2122.28274675 2142.47888026
 2174.54267472 2236.326738   2242.45645115 2242.73785023 2252.37271851
 2279.53712909 2280.13816044 2281.29078998 2281.39752297 2282.23755353
 2282.55158583 2335.663011   2388.79693609 2420.07743312 2438.48207253
 2440.29926655 2447.28567689 2471.65489667 2472.70609321 2481.1117322
 2486.46438125 2492.83616028 2501.39996542 2538.88424203 2566.38511816
 2574.14369262 2574.6768242  2579.5596748  2588.92641063 2591.01270376
 2592.67306496 2661.93053698 2674.76006141 2676.84618788 2677.51291901
 2679.0980138  2684.68479541 2688.14985067 2694.96322824 2695.25692727
 2710.93147567 2724.66743046 2738.05868637 2783.18437116 2790.48148047
 2799.40611776 2804.08300237 2825.93983042 2832.3245094  2858.03549143
 2860.74274918 2868.5254569  2884.52763755 2894.87027017 2908.52062524
 2915.35960273 2917.86256115 2931.68341566 2942.94847858 2967.90839641
 2973.35191182 3018.92439514 3037.19683499 3087.67750215 3106.30254084
 3107.00657185 3112.02808866 3119.33489794 3134.39264837 3148.05087008
 3152.70585475 3176.82094204 3185.33088069 3206.21531194 3230.9347639
 3237.18201    3253.95542145 3296.73244731 3303.89702372 3328.74424193
 3339.43540673 3349.00074191 3353.16089489 3407.85104819 3460.77967395
 3487.50611931 3489.13981393 3489.74371194 3530.55707759 3534.49576463
 3541.67427433 3543.03776984 3579.63291604 3591.23554451 3643.95663763
 3646.60869557 3665.20986767 3672.16517811 3676.66082997 3676.8952292
 3688.47869107 3692.63431072 3712.93987722 3714.34607259 3722.16928017
 3748.56039329 3750.7343528  3751.11698488 3757.84672939 3780.19135583
 3782.68621429 3783.74324414 3808.01036426 3813.34741336 3817.49543303
 3844.12944536 3859.15076258 3872.37205239 3875.72404135 3887.81080157
 3887.99920095 3901.01982475 3902.45918668 3910.41576049 3921.96102248
 3922.95238589 3930.27806177 3941.57242459 3950.55549502 3956.71387475
 3956.73884133 3957.9242041  3960.49246231 3962.08239041 3968.78306835
 3990.08529823 3995.35854754 3996.79510947 3998.86756932 4002.86548949
 4007.94897276 4015.42124816 4026.37991209 4034.54471854 4035.72884798
 4050.19656702 4060.65423259 4061.746929   4062.65872599 4069.7351027
 4070.56546663 4071.98272863 4075.00538535 4077.74724299 4101.81643043
 4102.18189589 4106.69561437 4112.53199515 4114.30428932 4115.40785235
 4124.60325542 4126.3203831  4132.51599604 4132.70599541 4132.8394283
 4134.30399015 4147.27594745 4163.06472881 4165.56768723 4166.14711866
 4172.28919844 4173.86659325 4179.48500809 4186.26695243 4191.9578337
 4196.29135276 4210.48733937 4219.75934218 4222.39003352 4222.3950335
 4240.20850819 4256.16888899 4259.15471249 4262.32873538 4262.3313687
 4272.24340274 4274.61362827 4280.92680749 4286.95348765 4286.96048763
 4303.50033318 4303.50483317 4305.79732562 4307.84961886 4313.63209983
 4319.41281413 4319.59878019 4329.96161274 4343.43590172 4344.31943214
 4344.48133161 4367.16085695 4369.75698174 4371.7638418  4372.33033994
 4380.94657824 4387.60358966 4389.5454166  4392.62700646 4408.4816876
 4434.40986891 4469.30015406 4472.55274335 4495.9201331  4499.4335882
 4505.85323373 4507.96096013 4514.16270638 4517.3457959  4530.91578456
 4534.05844089 4540.24472052 4541.26035051 4543.62217607 4553.6277098
 4563.10424527 4575.3697049  4577.41563149 4580.90315335 4585.9192035
 4597.84366425 4605.01547397 4607.83916468 4625.84383874 4633.94057876
 4653.61874731 4665.43577508 4672.52085176 4686.57057217 4696.63137239
 4706.31384051 4721.29739119 4742.06675615 4757.0585068  4790.04109823
 4790.80792904 4808.95236931 4821.2903287  4824.15888592 4829.82083395
 4831.94432696 4846.51704565 4855.18925044 4866.79421224 4869.03037154
 4887.67154351 4890.93619943 4894.59752071 4900.72603387 4911.4114987
 4927.67581183 4928.77527487 4933.48435937 4939.61440586 4946.62674944
 4947.80011225 4950.74193589 4963.12029515 4970.98836925 4982.58259775
 5005.37625605 5016.24508694 5020.13237414 5023.1624975  5024.96722489
 5036.94475213 5037.21645123 5038.36498079 5050.81923979 5080.73337465
 5081.3573726  5083.75643137 5084.2111632  5089.82617805 5103.10916766
 5103.78869876 5104.3129637  5111.8051057  5116.269991   5126.97108911
 5127.96571917 5133.33543483 5136.64372393 5137.67145389 5140.60477756
 5149.25374909 5161.88304085 5163.79373456 5167.32465627 5177.1388573
 5184.40313338 5185.80129545 5190.73937919 5204.35363438 5207.81822297
 5241.94741062 5246.05063045 5250.09188381 5258.16905723 5259.93691807
 5271.10111466 5281.01444869 5294.73900351 5295.71336697 5308.94512341
 5311.68564772 5323.69764152 5337.91432805 5358.87599238 5375.19983864
 5380.21612213 5380.60372086 5387.54556467 5392.65081453 5396.42576877
 5398.97672704 5422.20411725 5424.36257681 5427.98429822 5434.73540933
 5447.34000117 5447.41093427 5447.67060008 5467.14950263 5470.20249258
 5470.41312522 5474.52114503 5482.64748494 5486.23923979 5489.21263
 5502.64828577 5503.2988503  5505.34821022 5514.42194701 5515.6117431
 5516.22070776 5523.19451814 5525.28947791 5527.23840482 5527.69746998
 5529.70106338 5542.72382052 5547.639271   5548.37206859 5553.51445166
 5556.6730746  5560.7131613  5569.26456648 5576.11277727 5577.2188403
 5578.12467065 5581.27196029 5582.41188987 5583.08662098 5589.45780001
 5589.68206594 5589.77549896 5589.84636539 5590.40949687 5592.23622419
 5594.25665088 5598.51100354 5600.33079755 5606.86667603 5610.93196265
 5616.24211184 5617.02697592 5619.95476628 5620.93409639 5631.13599614
 5655.7959483  5661.21776378 5668.42714005 5674.47082016 5714.41345534
 5715.37255218 5715.56035156 5719.10480656 5719.52737184 5732.20446344
 5738.04667754 5747.26988051 5751.75889907 5755.85978557 5760.26673773
 5785.86365347 5793.89879369 5796.8909505  5797.35814896 5804.13805998
 5805.39962249 5809.74254153 5814.99359091 5816.39068631 5822.04746769
 5823.95186142 5828.75437895 5832.21793421 5832.2215342  5836.24415429
 5839.70740956 5847.86044939 5855.60549056 5855.73935678 5860.83580667
 5868.69404747 5870.33680873 5878.04178337 5887.81075121 5902.46156965
 5906.74928887 5911.23327411 5912.31500388 5917.05078829 5936.00769255
 5951.33457543 5960.12857982 5969.86924775 5979.2416169  5979.80374838
 5983.24807038 5989.86041528 5996.78202583 5999.03388508 6004.22036801
 6004.82929934 6020.35968154 6023.78507027 6023.85357004 6031.33014543
 6052.03657727 6065.04520111 6088.84392277 6093.15570858 6109.08965613
 6116.61019804 6128.79639125 6129.59228863 6140.17302047 6146.53029954
 6154.1286412  6154.61977291 6154.67070608 6155.39173704 6158.16756124
 6160.0418884  6169.71802321 6178.82995989 6180.67415381 6181.12498566
 6190.25088896 6199.11425978 6203.08488004 6210.95148748 6216.65813536
 6218.42029623 6221.0004544  6237.425367   6270.8196904  6274.05177976
 6276.70673769 6281.77188768 6285.75247458 6303.33881669 6310.16536088
 6323.0600851  6329.78072965 6333.0846521  6336.63887374 6341.722457
 6341.85302324 6347.60413764 6359.09529981 6363.44818548 6363.95315049
 6364.00148366 6367.26960624 6390.33946363 6399.10983476 6399.68769952
 6400.54466337 6405.16814815 6409.60016689 6415.5831472  6416.63871039
 6419.45193446 6440.56373163 6441.17526295 6443.26545607 6444.3488525
 6445.10911667 6451.21656323 6455.03665066 6460.40076633 6463.73275536
 6481.63766309 6488.59850684 6488.86950595 6492.46649411 6496.30564814
 6501.55969751 6513.16919263 6513.72302414 6520.81030081 6522.13069646
 6522.65059475 6522.6545614  6524.79092103 6535.3210197  6540.36356977
 6540.68000206 6541.409033   6542.50456272 6546.17035066 6561.30853416
 6567.90581244 6569.64780671 6571.57120037 6572.14479849 6585.558721
 6591.09180278 6592.44776499 6596.91971693 6600.80703747 6606.24928622
 6616.64551866 6628.99961133 6648.04821529 6660.13347551 6661.47753775
 6664.03052935 6676.37585537 6677.19475268 6683.58286498 6683.73099783
 6690.32450946 6701.44940617 6710.01854463 6712.33083702 6719.30408073
 6730.11191182 6730.23184476 6731.14604175 6735.33736128 6749.6900807
 6752.43747166 6753.70193416 6754.39546521 6757.21192261 6757.36968875
 6760.64251131 6782.85747152 6788.88445168 6808.99378548 6810.58831357
 6811.49237726 6813.14573848 6814.21560163 6820.9779127  6828.40762158
 6846.16319646 6847.5790918  6851.61901183 6852.91907422 6853.11527358
 6856.34859626 6857.74529167 6861.12181389 6863.02870761 6863.7695385
 6881.05681493 6891.69141326 6893.28717467 6893.71460659 6893.84397284
 6904.91540306 6905.43280135 6905.80670012 6906.48293123 6906.92849643
 6909.74438716 6916.65983106 6919.37205547 6920.1416196  6925.32436921
 6925.71016794 6927.29352939 6928.27972615 6929.20212311 6934.09034035
 6941.25985008 6942.8240116  6954.89443853 6957.04683145 6958.92082528
 6960.42472033 6965.32823752 6974.80837298 6984.1074757  6988.17879563
 6989.29752528 7006.20270297 7007.1454332 ]"
16,712815_2024-05-22_B-2,ZI,True,"[  19.93986574   19.97646563   20.00003222 ... 7007.93913892 7007.99793874
 7008.73180313]"
17,712815_2024-05-22_B-13,VPLpc,True,"[  19.87819926   20.08426529   21.49889424 ... 7007.09597487 7007.12984143
 7008.36253761]"
18,712815_2024-05-22_B-15,VPLpc,True,"[  20.55763049   20.56343047   20.61209699 ... 6995.84040976 6998.65643436
 7003.21985355]"
19,712815_2024-05-22_B-16,VPLpc,True,"[  19.88066592   19.9527657    19.97549896 ... 7008.6763033  7008.68206995
 7008.74196977]"
20,712815_2024-05-22_B-18,VPLpc,True,"[  20.00549887   20.21983154   22.04745921 ... 7008.30417112 7008.37330424
 7008.59107023]"
21,712815_2024-05-22_B-19,VPLpc,True,"[  20.73326328   20.74589657   22.60319082 ... 7008.20937142 7008.21817139
 7008.39123752]"
22,712815_2024-05-22_B-21,VPLpc,True,"[  21.64489379   21.6937603    21.74179349 ... 7007.67803973 7007.68150639
 7008.07420517]"
23,712815_2024-05-22_B-23,PO,True,"[  33.47029047   43.94959132   51.00276946 ... 6987.73343488 6999.38869876
 7006.14934447]"
24,712815_2024-05-22_B-26,PO,True,"[  19.87503261   19.89443255   19.93589909 ... 7008.59617022 7008.63687009
 7008.67406998]"
25,712815_2024-05-22_B-27,PO,True,"[  21.30076152   22.91568985   23.58258778 ... 7004.74831548 7005.07508113
 7005.9467451 ]"
26,712815_2024-05-22_B-28,PO,True,"[  24.36268536   31.13543104   31.14253102 ... 7006.07854469 7006.6549429
 7007.64623983]"
27,712815_2024-05-22_B-47,PO,True,"[  20.81436303   20.86229621   21.46472768 ... 7006.65320957 7008.35123764
 7008.50157051]"
28,712815_2024-05-22_B-58,PO,True,"[  20.19783161   20.21279823   20.52439726 ... 7008.37463757 7008.4939372
 7008.61883681]"
29,712815_2024-05-22_B-63,PO,True,"[  19.8883659    19.99203224   20.04239876 ... 7008.13503831 7008.2133714
 7008.58693691]"
30,712815_2024-05-22_B-68,PO,True,"[  19.91453248   19.94549906   19.95739902 ... 7008.62657012 7008.66350334
 7008.73770311]"
31,712815_2024-05-22_B-75,PO,True,"[  20.79569642   20.83136298   20.95712925 ... 7008.06053854 7008.29907114
 7008.67496997]"
32,712815_2024-05-22_B-78,PO,True,"[  20.03219879   20.06959867   20.11369853 ... 7008.55033703 7008.57137029
 7008.59267023]"
33,712815_2024-05-22_B-80,Eth,True,"[  20.00146555   20.03566544   20.57503044 ... 7007.5803067  7007.98437211
 7008.2153714 ]"
34,712815_2024-05-22_B-82,Eth,True,"[  19.89409921   20.01443218   20.14056512 ... 7008.59070357 7008.62963678
 7008.71383652]"
35,712815_2024-05-22_B-83,Eth,True,"[  21.03122902   25.91568055   28.47097263 ... 7008.10607174 7008.19077147
 7008.20857142]"
36,712815_2024-05-22_B-86,Eth,True,"[  20.01913216   21.15346198   22.04142589 ... 7007.77877275 7008.0533719
 7008.47373726]"
37,712815_2024-05-22_B-100,Eth,True,"[  20.05833204   20.19213162   22.37755818 ... 7007.7837394  7008.33973768
 7008.71806984]"
38,712815_2024-05-22_B-101,Eth,True,"[  19.89339922   20.03829877   20.39553099 ... 7007.62100657 7007.65843979
 7008.60407019]"
39,712815_2024-05-22_B-102,Eth,True,"[  19.88009926   20.08009864   20.19919827 ... 7008.41437078 7008.70250322
 7008.73680312]"
40,712815_2024-05-22_B-103,Eth,True,"[  20.45059749   20.58943039   21.62246052 ... 7008.00890537 7008.12053836
 7008.13353832]"
41,712815_2024-05-22_B-104,Eth,True,"[  19.90519918   19.92886577   20.0378321  ... 7008.04067194 7008.08853846
 7008.41297079]"
42,712815_2024-05-22_B-106,Eth,True,"[  19.89259922   19.96966565   20.00903219 ... 7008.12177169 7008.15410492
 7008.70783654]"
43,712815_2024-05-22_B-108,Eth,True,"[  19.87069929   19.90093253   20.00489887 ... 7008.64403674 7008.68413661
 7008.72076983]"
44,712815_2024-05-22_B-113,Eth,True,"[  21.14962866   21.63956047   23.82222037 ... 7008.49803719 7008.52927043
 7008.72750314]"
45,712815_2024-05-22_B-116,Eth,True,"[  19.93943241   20.00816553   23.26505543 ... 7006.26031079 7006.48734342
 7007.02114177]"
46,712815_2024-05-22_B-119,LP,True,"[  19.97636563   20.09393193   20.16253172 ... 7006.5481099  7006.61727635
 7007.11010816]"
47,712815_2024-05-22_B-121,LP,True,"[  20.11009855   20.13856512   20.2765647  ... 7007.90683902 7008.62113681
 7008.62803679]"
48,712815_2024-05-22_B-122,LP,True,"[  20.30929793   20.32489788   20.46256412 ... 7002.7412217  7003.82218502
 7005.32218037]"
49,712815_2024-05-22_B-124,LP,True,"[  20.04526541   20.68169677   21.89535968 ... 7006.68857613 7006.82007572
 7007.60597329]"
50,712815_2024-05-22_B-125,LP,True,"[  19.93763241   20.03696544   20.99779579 ... 7008.09557177 7008.11470504
 7008.69373658]"
51,712815_2024-05-22_B-129,MB,True,"[  20.33789784   20.86562954   23.67008751 ... 7007.70637298 7007.88407243
 7007.9366056 ]"
52,712815_2024-05-22_B-130,MB,True,"[  20.10759855   20.43569754   20.72479664 ... 7008.16730488 7008.72303649
 7008.74833641]"
53,712815_2024-05-22_B-135,APN,True,"[  19.93919907   19.98739893   20.13106515 ... 7007.17567462 7007.74983951
 7008.71573651]"
54,712815_2024-05-22_B-140,CA1,True,"[  19.91819914   19.94766572   20.04429875 ... 7008.52747043 7008.56490365
 7008.65930336]"
55,712815_2024-05-22_B-143,CA1,True,"[  20.30839793   20.4364642    20.98709583 ... 7000.57589508 7004.44281642
 7008.07210518]"
56,712815_2024-05-22_B-144,CA1,True,"[  19.98246561   20.00006555   20.1018319  ... 7007.79633936 7007.99753874
 7008.10517174]"
57,712815_2024-05-22_B-146,CA1,True,"[  20.01789883   20.38589769   20.63873024 ... 7007.68157305 7007.98713877
 7008.61327016]"
58,712815_2024-05-22_B-156,CA1,True,"[  20.392531     22.2418586    27.91500769 ... 7008.56980363 7008.70333655
 7008.74236976]"
59,712815_2024-05-22_B-158,CA1,True,"[  20.10093191   20.1141652    20.2536981  ... 6990.38556    6990.54215951
 6999.52003168]"
60,712815_2024-05-22_B-160,CA1,True,"[  21.17446191   21.26909495   21.35116137 ... 7004.87811508 7004.93291491
 7005.03634792]"
61,712815_2024-05-22_B-161,CA1,True,"[  20.68963008   20.84059628   21.79709332 ... 7008.05013858 7008.25683794
 7008.73230313]"
62,712815_2024-05-22_B-163,CA1,True,"[  19.8780326    20.07423199   20.09363193 ... 7001.85005779 7007.72263959
 7008.3870042 ]"
63,712815_2024-05-22_B-169,CA1,True,"[  20.33879784   21.01289575   21.14139535 ... 7007.80963932 7008.38890419
 7008.74963641]"
64,712815_2024-05-22_B-171,ZI,True,"[  36.14648217   38.36587529   38.50714152 ... 7008.52473711 7008.64457007
 7008.69943656]"
65,712815_2024-05-22_B-180,PO,True,"[  19.90656584   19.91803247   19.9945989  ... 7008.39880416 7008.5922369
 7008.7079032 ]"
66,712815_2024-05-22_B-194,PO,True,"[  19.90353252   19.94089907   19.97369897 ... 7008.53450374 7008.53910373
 7008.54557037]"
67,712815_2024-05-22_B-201,Eth,True,"[  19.94713238   20.1888983    20.84282961 ... 7008.62933678 7008.65037005
 7008.71730318]"
68,712815_2024-05-22_B-203,Eth,True,"[  19.90436585   19.93453242   19.97819895 ... 7007.93997225 7008.24390464
 7008.66340334]"
69,712815_2024-05-22_B-207,Eth,True,"[  46.57824984   57.94508127   58.32441343 ... 7007.72290626 7007.78717273
 7008.61273683]"
70,712815_2024-05-22_B-208,Eth,True,"[  19.87443261   19.91846581   19.97129898 ... 7008.46070397 7008.59847021
 7008.65303671]"
71,712815_2024-05-22_B-224,CA1,True,"[  19.87806593   19.90876584   19.9216658  ... 7008.66210335 7008.68543661
 7008.71800317]"
72,712815_2024-05-22_B-236,LP,True,"[  22.91888984   26.67114488   31.89466202 ... 7007.79913935 7007.82100595
 7007.89523906]"
73,712815_2024-05-22_B-237,CA1,True,"[  25.78611428   25.9648804    30.59083273 ... 7004.85158182 7004.89408169
 7004.99208139]"
74,712815_2024-05-22_B-238,CA1,True,"[  22.69282387   38.47164163   38.52230814 ... 6984.57274468 6984.61034456
 6984.7162109 ]"
75,712815_2024-05-22_B-243,CA1,True,"[  21.38719459   21.7484268    27.08741025   30.34883348   33.97152225
   40.26563607   42.55702897   51.04710265   59.77234227   63.24579817
   63.70246343   64.15979534   66.50798806   68.8176809    72.67300229
   86.43225964   89.62011642   89.7792826    89.78658257   94.32066852
   94.84946688   97.70639136  108.10589246  115.50246953  140.28725937
  144.48814635  146.52180672  168.23820607  168.45347207  168.83600422
  177.60757703  181.67139777  191.69116671  192.40613116  196.54858499
  198.32234615  199.35464295  200.73823867  201.56806943  202.02630134
  202.18543418  213.3834328   219.82434617  221.20040857  223.3876018
  255.09433685  280.40322507  280.53755799  292.87395308  294.3089153
  304.50211704  348.38311436  351.05857273  361.70023975  391.76141323
  402.71964593  418.58789675  427.07217045  439.2712993   439.58666499
  441.53965894  449.23333509  473.01106139  475.02485515  494.56889457
  515.95112829  535.14050215  545.39117037  604.1837548   633.16969829
  641.92997114  650.41624483  657.02822434  661.56681027  664.82616684
  666.39866196  678.30692505  682.05248011  692.92101309  700.17065728
  727.35307303  738.62460476  751.70089756  769.7428083   781.81893754
  784.19933016  784.20439681  790.46914406  793.83930028  818.86008939
  863.84658328  891.75659677  919.3969111   919.44754427  919.54877729
  922.36110191  923.52189831  936.11249262  945.4956302   954.52096889
  959.60751979  962.67521028  964.06060599  967.24216279  974.6289399
 1015.40324685 1019.45766761 1023.31212233 1027.37610974 1050.67863751
 1051.07156962 1072.68183597 1088.38745396 1092.54474107 1096.20709639
 1096.35509593 1102.36141064 1108.02709308 1120.77462024 1139.26429626
 1147.58787046 1155.28171328 1155.29501324 1156.66594232 1166.16347955
 1176.35284796 1178.36974171 1179.88847034 1184.33998987 1184.94362134
 1190.70463681 1192.94876319 1202.82413258 1208.38874866 1217.11535495
 1219.71728022 1239.7457848  1257.64166267 1290.02459562 1290.35722793
 1301.20136098 1316.64417978 1316.67401302 1317.03217858 1331.74023299
 1340.1663402  1343.50976317 1343.58229628 1371.77020891 1372.08424127
 1376.34976138 1380.3324157  1383.22730673 1395.615035   1399.89242174
 1399.90195505 1409.22692614 1410.70138824 1410.97778738 1425.09377696
 1427.51843611 1428.93593172 1429.05526468 1434.92404649 1434.92824648
 1437.79043761 1446.45427742 1451.59519482 1452.75932454 1452.76489119
 1458.6446063  1459.11097152 1459.11760483 1464.52085475 1481.38576914
 1482.63503194 1482.63933192 1482.67096516 1484.24199362 1484.8850583
 1486.40388692 1486.40805358 1490.97887274 1492.66076753 1501.74420604
 1502.19433798 1530.31301749 1550.70408762 1551.49961848 1571.22445734
 1573.84621588 1573.85394919 1573.86061584 1584.17401721 1587.73983949
 1595.00885029 1595.02008359 1595.57228188 1595.91034749 1605.10178567
 1608.58580821 1609.81540439 1610.2877696  1610.29490291 1619.38210807
 1624.32025943 1628.72101246 1654.92259791 1662.69460716 1662.70134047
 1680.29308594 1702.42181735 1702.44085062 1704.02641238 1704.82764323
 1713.78458213 1714.0741479  1714.24811403 1715.11401134 1717.94520257
 1719.94969635 1729.66433291 1733.62098731 1736.16081277 1753.75879156
 1761.35750134 1761.37823461 1762.79733021 1774.0931952  1777.82871695
 1784.46259639 1792.41227175 1807.61995794 1876.58377751 1892.25822893
 1897.56374582 1897.91894472 1897.98847783 1959.91221923 2000.00962827
 2000.02706155 2032.91505961 2048.53541119 2056.986385   2073.10053505
 2160.10036539 2173.2056581  2187.75577966 2191.65723424 2199.6151429
 2199.63947616 2199.66764274 2235.54833153 2291.64092433 2297.2533736
 2336.24388607 2361.95537304 2400.56095338 2425.50567606 2431.4716909
 2477.20884914 2493.33609915 2493.48196536 2505.29052876 2521.24871263
 2579.55636523 2580.41332924 2580.42356254 2580.5569288  2581.48252593
 2590.34753178 2600.44676715 2604.54402111 2604.54855443 2605.13858594
 2605.46218493 2633.36219845 2656.37856044 2670.02448481 2675.37686822
 2677.0402964  2682.27638017 2698.35826366 2699.35442724 2711.27135696
 2755.14658763 2793.28946941 2793.48430214 2808.44652242 2865.28084626
 2872.72712318 2890.40603505 2905.56732139 2949.39005222 2966.07973382
 2983.37028023 2984.02144488 2998.4897667  3009.26876662 3012.83425557
 3018.79587042 3026.75534575 3027.26244418 3055.7539892  3080.3572796
 3139.5280962  3150.57242863 3158.24553818 3158.70980341 3178.92377409
 3203.04813264 3211.56293958 3213.57636668 3224.60759915 3230.06224891
 3230.12281539 3231.09511237 3246.0790326  3251.96091436 3259.07259232
 3260.45112138 3269.61649297 3288.67183391 3310.01446775 3390.16565265
 3401.83444981 3501.48837426 3508.9048846  3508.91338458 3509.3476499
 3514.79739967 3532.82211047 3533.86217391 3608.98514106 3660.60571439
 3660.61031437 3660.83018036 3664.12930347 3688.11026247 3707.81403473
 3708.32043316 3727.54110691 3731.68389407 3739.75373572 3760.91310347
 3809.48231959 3814.94180267 3833.24647927 3861.76982419 3927.78048625
 3927.79985285 3953.18760749 4007.59330552 4008.52790263 4069.06118166
 4102.18877898 4108.04966081 4279.34929652 4324.87332208 4378.51245581
 4399.59629046 4407.29489993 4490.38150906 4528.95698949 4677.91922777
 4717.23863923 4810.75941601 4826.98866571 4831.16851942 4847.75890133
 4915.50215802 4925.18442801 4956.51663089 5056.51758759 5066.61615629
 5137.09010451 5148.25310324 5182.81022946 5217.56425507 5217.8666208
 5234.47433599 5236.2793304  5239.30558768 5241.58184729 5245.50680179
 5256.83476668 5291.84212484 5314.13328908 5330.50063835 5350.76004222
 5385.028436   5395.82740252 5400.87325355 5421.15479069 5430.59679475
 5445.84618082 5474.20699291 5479.86797536 5508.41562021 5562.87031809
 5592.95172485 5637.9090855  5657.86305698 5673.36714226 5674.99573721
 5677.85429501 5677.858495   5686.02620302 5687.49486513 5724.82558275
 5732.42599253 5739.28037128 5752.40913059 5787.44988864 5788.58901844
 5795.399164   5795.83349599 5830.39428886 5865.61751302 5875.37018279
 5887.67034466 5899.73500727 5918.19775004 5957.33562873 5957.59789458
 5961.74984838 5970.39225492 5981.57918691 5983.97114617 5989.78732814
 5998.1243023  5999.96416326 6003.12152014 6014.77128403 6026.61294733
 6032.09496367 6034.95955479 6052.1520015  6057.5382848  6070.40687825
 6070.41221157 6070.94827657 6072.36917217 6075.68042857 6076.41555962
 6079.14068451 6092.07084443 6097.44039446 6112.63001404 6121.34885368
 6123.22924785 6129.68772783 6129.69279449 6132.5043191  6132.95981769
 6134.02614772 6136.11590791 6144.14731635 6188.97167741 6189.58577551
 6197.58405071 6198.81941355 6202.93086748 6211.81843993 6220.35921345
 6220.77311217 6221.15421099 6238.21609144 6249.25075723 6256.65290096
 6278.36373366 6289.25056658 6301.269296   6304.99161779 6305.61761585
 6305.63831579 6315.62068485 6315.74145114 6317.17428003 6329.2830425
 6343.46866519 6344.97809385 6358.90365069 6362.14157398 6368.72535358
 6374.90310109 6375.26759996 6375.54369911 6375.65563209 6378.17592428
 6403.25397988 6403.64207868 6403.7765116  6413.78961389 6419.40609648
 6428.11840281 6437.01790856 6442.69915762 6446.95957775 6447.24304353
 6447.5330093  6456.29081549 6460.28510311 6460.29573641 6466.88338266
 6466.97208238 6468.36211141 6468.53294421 6483.97899633 6485.32829215
 6503.46843592 6504.28520006 6510.63388038 6512.32960846 6515.03206675
 6518.52295593 6521.32491391 6541.06388606 6554.524011   6559.06626359
 6560.86559135 6563.20041744 6564.1719811  6566.54907373 6566.55474038
 6571.16015944 6580.37899753 6582.41112456 6592.74855919 6594.57618686
 6603.73282514 6604.85762165 6607.58274654 6611.8213334  6614.96975698
 6616.08762018 6617.97644766 6621.86800226 6633.69109895 6639.02911574
 6644.20769968 6644.96213068 6653.65420374 6655.12656584 6663.02780802
 6665.28456769 6675.20110362 6675.75233524 6676.47163301 6678.97982524
 6688.74456164 6689.79905837 6704.71284547 6706.47800667 6731.25642987
 6734.73005243 6738.12997523 6738.13854187 6744.71145483 6745.66771853
 6745.67365184 6745.97768424 6757.53104842 6758.04081351 6762.16523406
 6763.39099693 6766.81925297 6781.02810893 6781.86183968 6785.59749476
 6792.27324074 6794.64713338 6798.2224223  6802.082577   6802.41137598
 6810.99751603 6816.51003228 6816.98439748 6818.20759368 6820.29428722
 6826.56160112 6828.19126274 6835.33070728 6836.94226895 6836.95186892
 6840.95898983 6852.94681934 6860.39389626 6862.23015723 6872.62779167
 6875.4361163  6875.45161625 6879.12577153 6896.71271701 6924.70573025
 6927.0645896  6928.25138592 6956.51286499 6973.48307906 6976.47763644
 6979.03826184 6983.47131476 6983.47591475]"
76,712815_2024-05-22_C-17,CA1,True,"[  24.79904105   26.14592761   28.30927268 ... 6967.73964175 6977.58011019
 6997.46734503]"
77,712815_2024-05-22_C-21,CA1,True,"[  19.93288962   19.94848947   19.9714559  ... 7007.4350122  7007.5351112
 7008.17063819]"
78,712815_2024-05-22_C-28,ProS,True,"[  20.05302176   20.128721     20.68288214 ... 7008.19373796 7008.25370403
 7008.59736727]"
79,712815_2024-05-22_C-30,VISpor,True,"[  30.01932228   31.07367842   35.07170518   41.45040818   47.99004291
   48.38923892   74.76647565   85.70549979  109.71032686  112.10526962
  116.98545425  117.26871809  123.28299139  127.50648257  130.16648935
  137.68428098  137.69324756  144.88494244  152.57996564  154.45294694
  189.15920053  194.70331186  210.72175197  217.74811518  241.51531128
  253.84328823  264.30585047  267.29212066  268.37617651  283.05916329
  305.64627117  311.00508435  320.35612435  334.93774548  339.06697093
  366.24183302  377.37682188  379.25276982  382.25607318  382.38187192
  388.88174038  398.83037441  420.20506107  432.71576953  439.52880152
  448.03344997  453.04659993  454.65498388  475.24097841  484.83701596
  489.5948018   494.94001512  528.62454557  530.17999671  556.6373993
  558.60084637  568.74134515  573.57989686  586.02393932  588.98910972
  598.43894873  602.2325442   634.0825263   653.62089795  664.43642333
  670.30456476  712.84880678  713.59963262  723.5367001   746.5701702
  746.80506785  774.42195887  802.99307369  818.44448614  823.90433164
  825.95167787  831.44502304  869.22471262  872.78961037  890.60709919
  896.0468449   901.40419143  911.10746124  913.91076659  915.9907125
  927.54009722  930.91919683  931.54579057  933.52230418  935.96354648
  937.95505994  938.2190573   940.83703117  945.72258241  956.24737736
  957.54653105  968.69965307  971.10269575  998.328424   1004.63529438
 1005.11555626 1022.62178152 1039.89490911 1041.93325544 1047.9918283
 1048.36185794 1080.85073366 1092.46695105 1098.2359268  1108.4612914
 1110.60303669 1129.87274436 1133.94283706 1135.04322608 1175.38675673
 1185.97168442 1195.21902545 1199.0750203  1208.97805478 1219.77391369
 1222.49695318 1223.12688023 1237.83153346 1251.55836311 1265.97761919
 1278.9008902  1285.96865299 1297.30370652 1302.78351849 1306.27965026
 1313.79407525 1314.92106401 1320.06931262 1332.04395976 1333.77710913
 1348.7450264  1351.87649514 1362.45082293 1368.96362459 1388.61069516
 1392.83635298 1407.10947718 1413.24494928 1413.46188044 1417.09621084
 1421.05357134 1421.34093513 1430.56950969 1444.67156893 1446.18815379
 1447.55294017 1452.78845458 1456.38195205 1457.77683813 1458.57516349
 1464.69223577 1465.44409493 1470.14164804 1471.94916333 1483.04131929
 1489.28032368 1499.39612271 1500.37057965 1500.48027856 1501.24160429
 1504.13507541 1504.544138   1505.55589456 1512.20662818 1513.86521163
 1521.49963542 1526.08278968 1527.86570522 1529.54035517 1531.88879839
 1532.47209257 1533.21851846 1540.41364664 1545.30579781 1551.88099885
 1553.93477835 1562.66365789 1567.48017648 1567.77444021 1571.85163285
 1572.51432623 1574.6914045  1576.96584847 1583.70651452 1587.59164241
 1588.78636382 1590.19894972 1601.85286673 1617.19931355 1621.08334145
 1622.14266421 1628.02350552 1636.92288336 1647.77440838 1650.56341387
 1653.68068276 1657.86340768 1658.78439848 1678.63830032 1692.72855968
 1694.18107851 1708.9700309  1713.02469043 1713.73914997 1716.5045557
 1718.14013937 1718.56643512 1724.40304353 1730.25831842 1732.50986261
 1744.61317514 1744.7671736  1752.18076627 1752.88782588 1753.66621811
 1768.3879045  1770.04678794 1773.32168859 1775.44140077 1786.45302419
 1791.40320811 1792.00390212 1795.2949026  1797.11445111 1797.22098338
 1804.43577803 1805.03160542 1805.81163097 1808.40087179 1811.97713609
 1821.98796951 1824.72627551 1827.3855823  1830.15102136 1841.62767348
 1844.00401642 1864.60277749 1868.9894337  1874.08894947 1896.42902649
 1904.4533464  1912.86616243 1913.49725613 1921.78400675 1922.01383779
 1924.46561332 1926.16509635 1945.03160804 1949.47873032 1968.99383553
 1969.748628   2007.32148631 2026.57742744 2038.96973709 2040.14802533
 2048.85610508 2056.56322815 2062.80029923 2063.90482154 2078.08981329
 2082.78473309 2084.22341873 2088.02218082 2091.60197842 2100.25195875
 2100.80131993 2104.55668245 2105.40467398 2112.86466619 2113.98748832
 2132.70960144 2133.54619309 2139.36843498 2142.73030143 2145.66820544
 2158.23488    2162.02310886 2169.5696002  2169.69779892 2171.50578088
 2175.56767367 2177.01505922 2177.62291982 2183.60659343 2187.23572387
 2191.32681637 2195.32317648 2195.88323756 2198.05984917 2211.49011512
 2219.66230021 2220.69865654 2234.15092227 2247.02709375 2247.26035808
 2253.27159808 2265.97127133 2269.50173609 2282.71460421 2285.67820796
 2287.49908978 2299.91509919 2310.32809526 2318.67077865 2318.95874244
 2323.92245957 2341.8629805  2344.70238549 2353.0302357  2357.75158858
 2366.53666756 2372.52817442 2388.97591025 2389.5854375  2390.25739746
 2396.01247335 2399.84526843 2409.82016887 2419.98386742 2426.46090277
 2430.49356252 2452.48397636 2453.43710018 2466.22180591 2467.34846133
 2472.37441116 2474.80232026 2475.45144712 2481.15422353 2482.11884723
 2484.82258691 2487.72665793 2489.38614136 2489.91593608 2493.72279808
 2494.03982825 2495.71841149 2500.06053482 2505.31781568 2508.36348528
 2513.03407199 2514.38029189 2517.875657   2523.16970416 2531.1810242
 2535.26398344 2536.85893419 2554.21706094 2555.15378492 2558.46161857
 2566.16430835 2573.10413909 2573.84973164 2574.0440297  2581.98531711
 2593.70756677 2604.49965905 2615.49058268 2617.21263216 2624.45982649
 2636.06667731 2642.07465067 2659.25507919 2665.79784722 2670.17630352
 2671.54475652 2679.85464025 2682.10238448 2682.25318297 2682.87014348
 2684.25979628 2702.76961153 2703.9511664  2719.02241597 2731.00459637
 2742.70104629 2742.93547729 2753.04020976 2786.34947729 2795.3352876
 2795.84338253 2799.00651763 2805.57028545 2809.27298182 2811.65532471
 2811.75879034 2814.61186187 2818.83191975 2828.83098661 2831.45092713
 2868.62415609 2868.72165512 2875.31105601 2879.18531734 2889.08751851
 2891.18549757 2908.28012694 2908.30082673 2919.34474983 2922.52495142
 2927.43583574 2940.2072416  2947.59756784 2961.68179392 2993.46870998
 3000.0358111  3000.87400274 3016.89840946 3016.90124276 3017.40830437
 3019.5963492  3020.50530679 3023.92943928 3035.69965513 3049.17798727
 3054.1906039  3079.56065068 3085.58295723 3086.32864979 3096.38314943
 3103.48531188 3105.33519341 3107.65277028 3110.84133846 3110.98650367
 3111.61093077 3129.77971609 3137.30887428 3142.50312243 3153.81680951
 3154.11953982 3181.59543224 3186.87054626 3202.47692382 3202.98365209
 3203.23064963 3203.33338194 3238.40716519 3243.45264816 3256.10558854
 3260.36524602 3265.46189515 3267.43864208 3269.05025933 3282.08186259
 3291.67110021 3344.44477347 3354.21720926 3355.77546037 3374.57810603
 3379.53285658 3412.62872624 3429.50952441 3450.15631833 3460.26078414
 3462.58626093 3468.99533029 3469.09712928 3470.02642    3474.24501123
 3477.04048333 3477.05414986 3480.28065099 3485.57466481 3495.88079528
 3506.42958999 3527.05158415 3533.10139044 3538.58313572 3539.15919664
 3541.22417603 3551.13384378 3577.41114817 3582.46186442 3595.73846524
 3605.25600357 3621.10244541 3632.3542331  3633.04989282 3649.07399955
 3649.56742796 3658.24897464 3667.35731706 3671.74837323 3677.03695378
 3684.36471397 3694.78567662 3704.65114482 3723.82692009 3727.79454715
 3744.56721307 3746.22472986 3763.07526167 3768.40804178 3769.54556376
 3774.54861382 3776.61269322 3783.25582691 3804.43901548 3810.73355265
 3818.69077323 3818.70027313 3853.20706204 3865.22247545 3873.13089651
 3875.07934373 3876.84032615 3896.53869621 3897.1003906  3902.16074009
 3912.47920377 3912.64066882 3914.57518285 3929.18343704 3935.26280969
 3935.39274173 3952.28893975 3974.66658306 4007.58312118 4008.97947391
 4009.7481329  4020.09089633 4035.92853825 4081.61238227 4087.33799179
 4087.96628552 4109.27153953 4132.38037554 4132.66910599 4154.51075465
 4158.40084916 4165.40531258 4178.63371388 4182.59677432 4182.87590487
 4185.29641404 4185.78250919 4195.03415018 4207.2986611  4216.88276543
 4219.09157672 4223.38423388 4233.44816676 4236.61216851 4241.69098448
 4245.90144246 4250.74196081 4257.66585837 4272.30501225 4282.2415464
 4287.05319838 4293.96629604 4314.56469045 4320.81586138 4322.16901455
 4338.0064898  4338.17538811 4349.61264062 4368.57735133 4374.75612299
 4386.24687497 4388.75714991 4389.71844032 4389.74887335 4389.85457229
 4390.60779811 4404.27869499 4418.27928858 4434.26839565 4443.65096867
 4444.20809644 4444.70689146 4452.07061796 4456.06854473 4488.0581921
 4491.97551966 4503.28760675 4503.77770186 4510.84166469 4550.91796468
 4554.99462399 4576.69944068 4581.008431   4599.94450866 4605.97081518
 4617.49443349 4620.3727381  4627.3690016  4629.22404975 4638.80742076
 4659.79451128 4663.45040813 4669.01215261 4673.14514469 4675.28349002
 4676.97263982 4676.97943976 4726.0607832  4734.81906244 4735.74448654
 4740.72243685 4757.20067238 4787.80543357 4788.56619265 4790.5574061
 4791.45686379 4801.93599253 4815.55295662 4818.96928919 4819.62358265
 4824.70126531 4840.82800434 4865.9628868  4866.76724543 4888.16993181
 4896.02062012 4925.59252495 4969.03002472 4978.79982721 4985.94925585
 5004.49947069 5015.16773088 5020.1815475  5026.53408409 5029.27755671
 5036.26275366 5064.25760756 5072.45959237 5088.70749686 5113.98964451
 5114.1377097  5122.47002653 5174.85027038 5175.0182687  5183.46935101
 5191.76370156 5192.31266275 5231.15164175 5240.12938548 5244.06654618
 5257.94464099 5282.15726598 5289.51792585 5300.24435212 5308.27090534
 5312.23996572 5312.59996213 5315.34163476 5332.38743129 5336.22769296
 5340.13248732 5345.97416235 5380.23728702 5380.36775239 5395.36453603
 5406.73642253 5410.74544918 5418.61333731 5425.5509014  5446.20069529
 5459.59432827 5464.25591508 5472.63029816 5496.11919704 5497.74398082
 5498.63183863 5502.4418006  5502.61086558 5526.97992235 5541.07038171
 5542.25056993 5547.43718482 5590.41222254 5595.33157344 5600.9601506
 5645.31564121 5647.46125312 5660.54752251 5661.84290958 5673.71162445
 5674.11902038 5690.61695571 5693.58132612 5702.95033261 5703.23649642
 5708.27747943 5719.27190303 5722.20630707 5722.9219666  5759.48166835
 5764.62861698 5765.08384577 5766.76339567 5782.32727366 5801.64351419
 5801.89761165 5805.3561438  5805.64920754 5805.68820715 5810.01663062
 5816.49676594 5817.27259153 5823.30376466 5856.73079768 5864.57325274
 5865.87167311 5868.50511349 5891.27661954 5904.79131798 5910.61725983
 5917.39375886 5937.48822496 5942.12061205 5945.47627856 5951.44105236
 5965.53914497 5981.41448652 5989.48313931 5989.51623898 5999.42987337
 6000.3314977  6027.52789291 6037.89185613 6063.6665322  6070.47483091
 6073.78193124 6087.51486083 6088.901047   6132.60447745 6135.30408384
 6141.62232077 6151.54892169 6161.02109382 6165.3178176  6188.65761797
 6198.38675419 6198.74365063 6205.66381489 6210.7361976  6220.98609529
 6222.01191838 6223.25107268 6235.68724855 6254.04546531 6257.9146267
 6265.30068631 6280.41956873 6285.48841814 6299.26708061 6305.29268714
 6306.65844017 6313.93383422 6316.27121089 6317.98146049 6330.22470495
 6333.10927616 6337.7708963  6376.9641051  6384.2340992  6385.11935703
 6393.78297056 6399.00271846 6409.03688497 6414.32936548 6417.98182902
 6447.77776496 6449.50064776 6453.50960774 6474.91942738 6476.60341057
 6484.63009712 6485.32959014 6491.35849663 6495.76721929 6530.9488348
 6531.39933031 6531.47372956 6537.17980594 6553.83560636 6563.67950811
 6564.35936799 6566.3220484  6577.97496542 6579.08198771 6591.01690191
 6617.0205757  6636.93794356 6670.15897864 6678.23416471 6681.92256123
 6689.51085215 6696.4831159  6708.10306658 6712.40672362 6735.04629765
 6736.86991278 6739.09949053 6747.64097194 6749.74025099 6751.35913483
 6754.38057134 6759.1134241  6773.55054667 6776.11305442 6781.00750557
 6788.47859766 6791.32980254 6795.97422285 6865.59716126 6879.81548601
 6883.91704507 6901.56633557 6901.90686551 6909.57748894 6943.97991223
 6958.3538021  6967.97880603 6971.0605086  6984.0978118  6989.92015369]"
80,712815_2024-05-22_C-32,VISpor,True,"[  19.98058915   21.00441226   21.0606117  ... 7008.42103569 7008.48566838
 7008.72303268]"
81,712815_2024-05-22_C-35,VISli,True,"[  19.95952269   19.96335598   20.04485517 ... 7008.57883412 7008.63260025
 7008.66213329]"
82,712815_2024-05-22_C-37,VISli,True,"[  19.89915662   20.41731812   20.52188374 ... 7008.4207357  7008.46916855
 7008.66733324]"
83,712815_2024-05-22_C-38,VISli,True,"[  20.15128744   21.96050272   22.12673439 ... 7007.80864181 7007.81054179
 7008.61640041]"
84,712815_2024-05-22_C-39,VISli,True,"[  19.88772341   20.1820538    20.70494858 ... 7004.12664523 7004.73933911
 7006.10662546]"
85,712815_2024-05-22_C-44,VISl,True,"[  34.94120649   38.73893525   38.79793466 ... 7008.2734705  7008.32446999
 7008.43683554]"
86,712815_2024-05-22_C-47,CA1,True,"[  40.98371284   40.99117943   44.90057375 ... 7007.99457328 7008.08393906
 7008.14913841]"
87,712815_2024-05-22_C-52,CA1,True,"[  19.8878234    20.26855294   21.78903776 ... 7007.42651229 7007.87337449
 7008.71559942]"
88,712815_2024-05-22_C-54,CA1,True,"[  20.30495257   20.4263847    20.71588181 ... 7007.94570711 7008.13763852
 7008.190038  ]"
89,712815_2024-05-22_C-59,VISli,True,"[  20.20355359   20.51895044   20.6532491  ... 7008.6075005  7008.66536659
 7008.72246602]"
90,712815_2024-05-22_C-65,CA1,True,"[  20.29361935   20.38311846   20.47651753 ... 7007.37274616 7007.38301272
 7008.64493346]"
91,712815_2024-05-22_D-2,GPe,True,"[  23.1966643    23.61116231   25.2393878  ... 7006.71200377 7008.35326253
 7008.53036168]"
92,712815_2024-05-22_D-5,GPe,True,"[  19.87118032   19.89424687   19.92151341 ... 7008.64882777 7008.68249428
 7008.70912748]"
93,712815_2024-05-22_D-12,GPe,True,"[  19.97734647   20.4070444    21.33227328 ... 7003.00775494 7003.80715109
 7007.93276456]"
94,712815_2024-05-22_D-13,GPe,True,"[  20.09171259   20.12714575   20.19704541 ... 7007.25276783 7007.60953278
 7008.48029525]"
95,712815_2024-05-22_D-14,GPe,True,"[  19.97564648   20.00221302   20.04347949 ... 7007.88066481 7007.91926462
 7008.16359678]"
96,712815_2024-05-22_D-15,GPe,True,"[  19.89731352   20.01407963   20.27131172 ... 7008.34776256 7008.5604282
 7008.69782754]"
97,712815_2024-05-22_D-16,GPe,True,"[  20.01821294   20.25854512   20.27077839 ... 7006.45787166 7007.5368998
 7007.59413285]"
98,712815_2024-05-22_D-17,CP,True,"[  20.94384182   21.5160724    21.82217092 ... 7004.55678081 7005.28347731
 7008.14199688]"
99,712815_2024-05-22_D-18,CP,True,"[  20.94554181   21.87070402   22.15573598 ... 6993.49390075 6993.88956551
 6999.23270645]"
100,712815_2024-05-22_D-21,CP,True,"[  29.68449973   33.2429826    36.96286468 ... 7006.95800258 7008.14606353
 7008.39606233]"
101,712815_2024-05-22_D-23,SSp,True,"[  20.08711261   20.08904593   20.38501118 ... 7008.12579696 7008.28212954
 7008.3658958 ]"
102,712815_2024-05-22_D-24,SSp,True,"[  20.12961241   20.25624513   20.47614407 ... 7005.89330771 7005.91327428
 7008.5116951 ]"
103,712815_2024-05-22_D-25,SSp,True,"[  19.91008013   20.8775088    22.18190252 ... 7005.39384345 7005.39821009
 7008.69416089]"
104,712815_2024-05-22_D-28,SSp,True,"[  19.87581363   19.88514692   19.95324659 ... 7007.77579865 7007.91473131
 7008.47666194]"
105,712815_2024-05-22_D-29,SSp,True,"[  19.88811357   20.01607962   20.09454591 ... 7007.98326431 7008.33702928
 7008.55742821]"
106,712815_2024-05-22_D-30,SSp,True,"[  19.94477996   19.95634657   20.05194611 ... 7008.39776232 7008.45766203
 7008.59889468]"
107,712815_2024-05-22_D-31,SSp,True,"[  19.95484658   19.97171317   20.13294572 ... 7008.05689729 7008.36379581
 7008.59656136]"
108,712815_2024-05-22_D-32,SSp,True,"[  19.87778028   19.90774681   19.94857994 ... 7008.43226215 7008.44746208
 7008.60126134]"
109,712815_2024-05-22_D-35,SSp,True,"[  20.00124636   20.00557967   20.19614542 ... 7007.65439923 7008.41616223
 7008.7049275 ]"
110,712815_2024-05-22_D-36,SSp,True,"[  19.96994651   19.97417982   20.08414596 ... 7004.98054544 7005.04861178
 7007.35510067]"
111,712815_2024-05-22_D-54,GPe,True,"[  19.93804666   20.66637649   20.74817609 ... 7008.32039602 7008.56066153
 7008.67019434]"
112,712815_2024-05-22_D-56,GPe,True,"[  30.85669409   33.21738272   44.86475997   45.37465751   46.18545361
   52.99652081   70.54063633   71.58069799   73.32742291   92.72739616
   95.84621448  109.61204819  114.67972379  116.79394695  125.45147192
  136.59235161  143.69941739  152.7719737   167.81380127  169.02112879
  178.67611564  191.24568844  198.11175538  259.63625913  261.5393833
  270.52794001  274.23112218  277.57243943  281.10855573  307.35389602
  312.88413606  318.82777411  319.9860352   333.80626865  341.87276314
  348.15423289  349.65259234  354.27143677  360.57943973  361.58520155
  361.96456639  395.41010535  396.83153183  404.13593     408.03321123
  408.95950677  427.72704973  429.83903956  430.28730407  434.06958586
  438.46013138  443.26467491  492.64460381  501.68956025  502.78922162
  520.89500111  525.95667673  528.02250012  529.0994616   548.89733294
  550.52499177  589.12463923  601.45534652  615.71014455  622.56131156
  629.23917941  637.86937118  676.15608682  694.58559808  695.28226139
  706.67157322  712.92897642  714.03240444  751.87185557  762.25703889
  784.85599674  800.3361222   821.91408497  846.36633389  855.59828944
  934.03367842 1075.32249808 1085.3843163  1277.58355748 1339.43762631
 1434.85636684 1464.88452225 1524.87573338 1548.53338613 1595.34829404
 1627.99627016 1636.17126413 1656.36790022 1716.6522766  1716.6588099
 1716.70217636 1716.75490944 1716.94614185 1720.26752586 1722.16291673
 1725.31056824 1732.26513475 1737.28374392 1739.93556449 1808.68783343
 1808.9433322  1809.20206428 1845.51358944 1898.07106969 1898.19183578
 2017.94265915 2087.3865581  2107.25092911 2111.15501031 2114.2452621
 2131.31701323 2144.80308162 2153.43777338 2153.63887241 2154.35050232
 2156.9433565  2161.12540303 2164.16435506 2169.7914613  2169.86336095
 2169.88096087 2170.57319087 2185.81788413 2185.8303174  2185.85911726
 2185.86291724 2185.93848355 2186.06274962 2195.55423725 2197.13676296
 2201.03594418 2264.40987236 2265.54203357 2279.84159805 2288.75662179
 2288.78562165 2288.86628793 2292.53853691 2332.22361248 2469.38361869
 2477.68591205 2500.0426044  2507.57296814 2514.07250351 2622.38824861
 2655.68082163 2666.1882377  2702.46092971 2706.64927621 2751.0799956
 2751.95885803 2766.06355678 2774.89574758 2823.58194648 2827.06612971
 2829.74545014 2829.80934983 2843.31521813 2844.52404564 2852.45257413
 2854.81079611 2859.81830533 2859.82553863 2898.65001835 2908.04207312
 2925.21099045 2925.25229025 2929.76520185 2935.11734275 2942.22987517
 2958.63786283 2962.79084283 2974.20125455 2976.62950952 2999.88269756
 3014.80705902 3048.67266262 3056.96468936 3060.13384077 3115.86633907
 3136.40360684 3136.54380617 3175.79985047 3198.59850736 3257.71615603
 3276.11756742 3276.13716733 3276.14030065 3276.16780051 3276.21233363
 3276.92636353 3289.00110538 3292.55735493 3310.77000056 3328.46258204
 3346.62486125 3346.64652781 3362.66881732 3404.65018184 3428.42720068
 3484.0397329  3526.79752701 3537.83244054 3608.62146634 3617.81805539
 3619.06634938 3707.46415706 3785.83301303 3786.27584423 3858.96376089
 3859.52229153 3910.02508168 3910.13398116 3920.79936313 3920.92669585
 3925.33734128 3930.3728837  3948.23559769 3960.47350543 3988.05130597
 4003.15483324 4008.52474072 4016.37306959 4074.32812386 4079.5179322
 4081.77962131 4120.51780144 4129.26329267 4148.64233268 4159.49558042
 4170.36336143 4171.10545785 4173.85881126 4178.83198731 4184.04429555
 4191.51535957 4216.59393882 4222.01614604 4238.08616866 4243.18347745
 4243.21891061 4243.33577671 4252.84333093 4275.63738784 4285.48017378
 4318.73931363 4359.51988393 4360.86937743 4374.29204613 4374.75794389
 4374.78194377 4386.70755301 4408.25851591 4409.21044466 4439.53383198
 4440.6095268  4440.7611594  4448.7912874  4454.25152777 4468.18352736
 4483.03568917 4519.84194528 4531.98715346 4562.98393754 4584.42850094
 4597.36693864 4640.71286325 4733.6858489  4735.21387488 4738.15242739
 4854.12986894 4886.34471381 4886.46807989 4890.77045917 4945.99659324
 4946.09085946 4946.16105912 4983.16691426 4994.25342754 5050.69375577
 5057.67512215 5084.25509416 5129.24081088 5129.92454092 5193.45966832
 5196.47972044 5202.48085821 5202.76922349 5203.33592076 5203.67351914
 5210.57531924 5210.82565137 5212.5902762  5213.44843874 5219.73517513
 5220.84393646 5225.50538068 5228.76589831 5231.31638603 5245.74604988
 5246.07614829 5266.33428408 5268.83153872 5388.71549479 5392.70734223
 5399.46604302 5417.62888889 5425.04395319 5441.94180516 5441.9527051
 5444.58755908 5452.88285247 5452.93005225 5452.98801863 5479.30935856
 5484.4719337  5488.28224868 5490.15777299 5504.81990238 5550.88091392
 5566.75597081 5566.81037055 5572.07591186 5617.02219544 5652.43712491
 5665.17453024 5665.2029301  5688.19885271 5715.99741885 5720.38239774
 5738.38904436 5739.73620454 5739.92973694 5740.09503615 5740.62000029
 5740.66926672 5740.81266603 5741.26859716 5741.76812809 5745.05691226
 5745.13181189 5745.90174152 5746.30070627 5746.45730551 5747.30703475
 5747.39560099 5748.57179533 5749.00385992 5749.07052626 5752.31601063
 5753.48760499 5753.96026938 5755.93762653 5758.21731555 5758.58274713
 5778.46121807 5778.48941794 5778.50775118 5778.51478448 5778.52508443
 5778.53918436 5778.5725842  5778.62858393 5778.64085054 5779.04638192
 5787.75330666 5790.06736219 5797.90219113 5815.35604042 5843.78500352
 5846.40875756 5847.078121   5854.15625358 5860.94225424 5862.84654507
 5864.21557181 5864.82586887 5880.38529395 5880.60072625 5884.85847241
 5884.87040569 5884.98927178 5885.52613586 5885.5940022  5886.56809751
 5887.8247248  5890.25947974 5891.26694155 5892.00877132 5906.58953444
 5969.15243318 5974.87283897 5975.93436719 5977.50962628 5979.46718352
 5979.64144934 5979.72421561 5979.94541455 5980.37644581 5981.26467486
 5984.28449365 5984.94605713 5985.85525276 6033.5076233  6055.70548308
 6065.37330319 6074.80342445 6077.53137798 6086.17740302 6099.16574047
 6100.51663397 6102.13419285 6105.39974379 6113.90493617 6116.41232409
 6118.32508155 6120.8694693  6120.92270238 6121.57016593 6122.56736112
 6125.67834614 6128.54816566 6134.48047043 6166.25908407 6173.66471508
 6179.75375242 6181.91634201 6200.816251   6215.95654477 6223.08694377
 6223.16187674 6223.245743   6224.76840234 6229.68264534 6244.78473929
 6245.90830054 6245.99993343 6246.33443182 6248.61492084 6249.96611434
 6250.94324296 6252.27550322 6259.47133523 6261.64239145 6270.59444834
 6271.67377648 6271.68300976 6276.80188512 6277.89014654 6278.04431247
 6279.4298058  6279.65090473 6282.76675639 6283.80768472 6284.61261417
 6291.50918096 6292.74970832 6296.04659245 6296.1613919  6310.28235723
 6313.8398401  6335.99120011 6336.48659772 6339.9103479  6340.38304563
 6340.74427722 6340.80877691 6343.38316451 6343.59769681 6343.72789619
 6343.84162897 6346.72591508 6346.9164475  6347.53821117 6348.24107445
 6350.83099532 6351.71672438 6352.87498547 6353.17488403 6355.73180505
 6357.20046465 6358.43149205 6358.57809135 6366.47391999 6380.30615339
 6398.74569793 6400.29325714 6409.84361116 6426.3302651  6433.78202922
 6436.1190513  6438.27717424 6445.95690393 6488.13643416 6493.30357595
 6494.18653836 6495.40759915 6502.1527     6505.68321633 6528.21447451
 6528.22467446 6529.02203729 6531.81685716 6534.54947734 6550.47963396
 6552.1259927  6586.32726135 6615.48485428 6615.74251971 6637.96437937
 6659.22657699 6669.30019515 6673.83937329 6676.03782937 6689.89659597
 6690.54475952 6694.77373915 6698.84088624 6704.06302776 6730.85533208
 6731.44209592 6736.02234053 6744.22756769 6745.07183029 6747.49421863
 6751.86879756 6753.01425871 6753.44172332 6754.01138724 6756.73307414
 6757.2801715  6758.24040021 6758.25413348 6758.28250001 6758.56623198
 6758.79476421 6758.90266369 6759.05026298 6759.22989545 6763.26807601
 6763.29504254 6767.9901866  6768.87814899 6771.64933565 6774.19409006
 6775.27558485 6783.74007743 6788.45845471 6790.74181038 6790.8962763
 6793.11646561 6796.9256806  6797.03211342 6806.36466849 6815.78598979
 6821.73496114 6823.67081849 6825.24337758 6826.14007326 6826.97113593
 6830.77051763 6831.040183   6831.33818157 6834.73256522 6836.68445582
 6845.75297882 6848.51079888 6848.51336553 6855.16596683 6855.27373298
 6856.80425894 6860.62304055 6864.83522027 6864.90525327 6865.1117856
 6865.375051   6868.62676868 6868.76793467 6869.49869781 6870.27836073
 6878.68332025 6902.04670775 6903.67193326 6908.84360836 6908.96147446
 6910.24373495 6912.84345577 6918.19576333 6919.36245771 6922.39884309
 6922.75877469 6923.02947338 6925.33669561 6926.3550907  6933.50222296
 6934.54381794 6935.00034908 6936.90177325 6937.88723517 6942.64827892
 6943.40977525 6943.93430606 6944.44497026 6944.94073454 6949.8587442
 6951.97606733 6952.01500048 6959.77276312 6959.96562886 6962.04081887
 6962.90808136 6963.71204416 6972.64653447 6975.61055353 6975.69611978
 6975.73388627 6976.24725046 6987.36259694 6991.92817496 6992.20747361
 6993.14143578 6993.83873242 7005.25097747 7007.44806689 7007.98119766
 7008.17516339 7008.19889661]"
113,712815_2024-05-22_D-61,CP,True,"[  20.40591108   21.65650505   21.70240483 ... 7007.76569869 7007.840965
 7008.47746193]"
114,712815_2024-05-22_E-4,GPe,True,"[  20.05194061   20.31930508   21.14283165 ... 7007.60265329 7007.64438628
 7008.62297824]"
115,712815_2024-05-22_E-9,GPe,True,"[  20.2764721    20.34297156   20.69810197 ... 7008.46321289 7008.65994461
 7008.69814429]"
116,712815_2024-05-22_E-10,GPe,True,"[  19.88100868   20.06807381   20.09654025 ... 7007.64391962 7008.51551246
 7008.63154484]"
117,712815_2024-05-22_E-11,GPe,True,"[  19.89134193   19.91897504   19.95647473 ... 7008.41891325 7008.55341215
 7008.69487765]"
118,712815_2024-05-22_E-15,GPe,True,"[  19.89647522   19.9271083    19.94590815 ... 7008.72917737 7008.73581065
 7008.7499772 ]"
119,712815_2024-05-22_E-16,CP,True,"[  19.88764196   19.89920853   19.92204168 ... 7008.22704816 7008.38798017
 7008.59721179]"
120,712815_2024-05-22_E-17,CP,True,"[  19.88527531   19.90067519   19.91390841 ... 7005.56740334 7008.08098269
 7008.74801055]"
121,712815_2024-05-22_E-18,CP,True,"[  19.88864195   19.93227493   19.96657465 ... 7007.36348859 7007.85228457
 7008.55721212]"
122,712815_2024-05-22_E-19,CP,True,"[  20.16487302   20.22617251   20.62263593 ... 7006.98732501 7007.62835308
 7008.11674907]"
123,712815_2024-05-22_E-20,CP,True,"[  20.08294036   20.67560216   20.84950073 ... 7008.4174466  7008.60294507
 7008.71411083]"
124,712815_2024-05-22_E-26,SSp,True,"[  20.49250366   21.0837988    21.5549616  ... 7007.80698494 7008.57177866
 7008.73221068]"
125,712815_2024-05-22_E-27,SSp,True,"[  20.29580528   20.52107009   20.98076632 ... 7008.29614759 7008.49124599
 7008.56991201]"
126,712815_2024-05-22_E-31,SSp,True,"[  24.9731002    29.26326496   30.28735655   38.20289154   42.33052431
   55.86134652   60.55037467   65.98453004   74.53209318   79.27612088
  129.57304114  142.66093365  152.25012156  175.00660133  223.97236586
  254.8289791   258.34695021  260.23403471  279.63174207  285.95875677
  286.13328867  288.12103902  294.16402272  326.25605915  337.0542038
  350.73669143  392.45528214  396.66608089  400.61908176  405.79457259
  409.52714193  410.74583192  410.75046522  411.69782411  412.7087158
  414.73669915  415.76565736  415.80052374  415.8176236   416.30845291
  417.64617525  433.68234355  494.73870877  509.42515482  509.91771745
  544.52886652  557.59399256  570.35542108  581.99179218  587.46444724
  590.26995753  607.07431952  624.85250684  625.61943388  660.34074872
  681.83837216  702.23487132  704.36778713  710.03724057  710.32403822
  711.25683056  711.27006378  718.63840327  724.32602322  726.76856983
  731.63736317  743.03070294  758.8477397   782.13708176  788.56426231
  806.63361391  822.26611886  825.54519193  845.88835819  851.70747706
  860.26224014  862.57765445  868.3684069   870.61785509  874.11579303
  887.09501977  889.95946291  894.91185557  895.67681595  897.07750445
  908.49914398  910.74022557  910.85212465  910.97612363  911.39248688
  913.21573857  914.26766327  921.38503815  926.21983177  933.45547235
  941.51390617  966.80263181  978.40256988  987.6780937  1002.71503687
 1015.54103153 1040.0713634  1052.49232806 1052.86822497 1065.37285561
 1078.13925076 1079.37204063 1080.85072849 1090.97797865 1109.65949189
 1117.51572737 1128.51393704 1133.21409844 1136.67640334 1163.37211742
 1186.0145648  1187.16455536 1192.60777732 1193.42750392 1204.53721268
 1205.32923951 1211.24995755 1214.99582678 1250.33653654 1252.42658604
 1253.32667865 1257.69327612 1278.93526833 1279.66056237 1289.57734759
 1295.39289983 1343.08084151 1344.33503121 1352.42649809 1355.62090519
 1358.11691803 1363.86740413 1368.16240219 1369.98512055 1371.81333887
 1372.45760025 1376.67313229 1409.74616067 1424.45097324 1425.31406615
 1461.42960287 1478.1722987  1479.15055733 1486.06630054 1494.34343256
 1497.42277394 1513.82063926 1527.85839064 1529.51617703 1532.77201695
 1534.09737273 1539.82195905 1541.99677452 1560.6782211  1588.05889623
 1601.05255618 1609.64605227 1610.13488159 1640.24370098 1645.61602352
 1658.37185209 1670.86148285 1681.89792555 1684.6304031  1700.89993615
 1707.36001643 1707.36328307 1707.37271633 1708.01251107 1708.37167479
 1708.56917317 1709.76459668 1710.00842801 1710.0549943  1710.05789427
 1711.82074646 1712.67527278 1713.60449848 1716.76233921 1716.97440414
 1717.69876485 1717.88243001 1721.44900072 1722.186128   1725.85516453
 1727.22641994 1728.08411289 1728.25427816 1729.04600499 1730.78162407
 1730.84965685 1730.88012326 1730.95332266 1734.63259245 1735.60221782
 1736.83280771 1737.3332036  1739.0910225  1740.41757827 1740.65580965
 1741.16213882 1741.61313512 1742.70785946 1742.71435941 1744.45671176
 1744.92214127 1745.94366622 1746.06879852 1748.49827857 1753.7673353
 1753.8885343  1757.90143468 1776.69298035 1786.43253369 1808.7785835
 1821.68797748 1837.65727966 1844.59828932 1848.8951207  1850.55530706
 1854.50527462 1858.40470926 1875.65776757 1883.63163541 1887.03997409
 1887.21747263 1889.1040238  1893.87085132 1896.67942826 1897.97261763
 1943.52614351 1947.8583746  1950.01919019 1961.7387606  1962.74065237
 1968.96436793 1979.88694489 1980.23937533 1984.28724208 1992.12424439
 1997.1954694  1998.83762258 2004.62457506 2004.86520641 2006.63429189
 2008.45781024 2012.25707904 2015.69898411 2025.14713984 2029.29080581
 2040.59721295 2049.4925399  2065.12451152 2075.59362554 2076.07378826
 2076.20198721 2076.29598643 2081.99993959 2082.13807179 2087.44146157
 2089.37807899 2090.26390505 2090.35050434 2093.29694681 2093.33557983
 2109.43984756 2116.28365802 2122.95266992 2128.12969407 2131.17980235
 2135.11010341 2138.32751032 2141.05845455 2153.55325194 2163.4409374
 2166.84670943 2168.85235962 2177.24779067 2181.74748705 2199.87850481
 2202.24898534 2226.39138707 2243.84751037 2253.1012677  2255.88801148
 2256.65450519 2260.84263746 2261.64269755 2265.99462848 2268.42450852
 2271.06648682 2273.92862998 2278.32752719 2279.28878596 2280.8996394
 2283.81644878 2333.17301009 2334.78533018 2374.6394362  2376.64615305
 2379.91452621 2381.70951147 2391.56536386 2392.19382536 2403.42363314
 2409.20948562 2409.41498393 2409.92797972 2410.87047198 2417.05128788
 2419.52783421 2420.85302332 2421.0464884  2439.1724062  2457.0998923
 2487.27081118 2488.24420319 2490.59815052 2495.95197322 2508.31947165
 2508.57000292 2518.63398694 2520.49927162 2527.43991462 2535.36464953
 2582.39372996 2595.33819031 2600.56784736 2612.0013868  2617.56017448
 2630.83219881 2651.65249448 2654.674603   2654.69923613 2657.44044695
 2659.14383296 2664.69515403 2669.18591715 2697.89284805 2709.58258538
 2712.09263143 2712.42689536 2712.46092841 2714.98074105 2715.30907168
 2715.34210475 2716.23086411 2729.67815367 2766.98644727 2775.20061314
 2777.63742646 2779.63964335 2789.09326571 2797.01383399 2800.04227579
 2818.77905524 2829.98522987 2846.83985812 2847.10828924 2851.20772224
 2875.86978637 2880.13375135 2899.39289318 2928.52882055 2933.77697745
 2951.77692962 2953.37668315 2969.72238224 3028.12043596 3037.58765821
 3038.32468549 3039.41407654 3072.42767208 3080.94696878 3089.69639692
 3096.20947676 3102.35479296 3114.55969272 3117.20997095 3127.8061506
 3127.86325013 3128.65544362 3147.38172316 3150.67436279 3166.08116959
 3167.3742923  3173.54700827 3195.20783037 3206.00730835 3241.13825316
 3246.94053884 3248.9416224  3248.9824554  3253.04658869 3269.81771762
 3273.31415557 3286.64407943 3290.31958257 3302.96371206 3316.24496965
 3329.22416306 3339.58791128 3365.03553561 3376.27914327 3384.72864055
 3393.10527175 3422.0214676  3463.20752935 3468.79895009 3473.67831002
 3505.97281146 3590.20311969 3594.7030494  3597.60195893 3600.05227214
 3601.45926058 3611.52161127 3613.44736213 3641.79866262 3656.94833819
 3675.11022237 3688.24734781 3701.37120669 3705.9570357  3725.71307344
 3730.03060465 3746.66200139 3770.37837328 3770.47390583 3780.7792212
 3795.24376907 3881.79692489 3883.16861363 4103.58347007 4109.01672545
 4117.39352332 4128.89632885 4155.096647   4170.56082    4171.38657988
 4172.70066909 4174.11945744 4174.14745721 4174.57295372 4174.8957844
 4177.38949725 4186.54675538 4206.55555772 4218.90145632 4219.51108465
 4224.61457607 4226.58512655 4234.10269814 4266.05446906 4266.74459673
 4266.75053001 4278.88413036 4312.92595078 4321.71674525 4341.5861154
 4344.78705578 4353.58801683 4367.07023944 4419.68207402 4421.23612792
 4515.90201712 4556.78908132 4579.69779318 4603.3571322  4606.35887421
 4606.62910533 4654.86087588 4659.08090788 4748.91973672 4750.5699565
 4782.84095814 4831.6510906  4850.81396655 4879.79419521 4899.92516321
 4901.91218023 4901.96641312 4905.7424821  4932.11076555 4943.97836808
 4949.35202395 4956.3950661  5042.59959146 5049.98456414 5054.63862592
 5058.46879446 5123.21759602 5149.10488342 5164.55745651 5197.95194891
 5218.21791581 5224.4323981  5224.53076396 5249.46362586 5250.13852032
 5257.05389685 5257.51329308 5277.72672707 5326.12192961 5332.06251416
 5369.63343893 5378.12256921 5410.35973779 5414.13507345 5417.30451408
 5437.47448176 5452.20702744 5527.11491223 5548.46910352 5574.26459167
 5586.78145554 5594.96338834 5608.07224735 5610.64145958 5620.37701296
 5626.29223104 5633.72057004 5637.65327107 5654.97549547 5655.04226159
 5655.25519318 5664.61681629 5666.48583427 5701.25151542 5726.50644134
 5734.93990541 5734.99387163 5735.41766815 5737.81611512 5737.95761396
 5739.77389904 5742.37117771 5742.48371012 5742.58590928 5743.04567217
 5744.46909381 5745.50325199 5746.86114083 5746.95737338 5747.57433498
 5754.01801539 5755.60863566 5755.94656622 5756.23709717 5760.32763024
 5772.64776239 5778.78061202 5795.78373904 5801.81958947 5847.68704611
 5890.07359799 5965.49467858 5991.7355964  6010.29401065 6015.02230515
 6019.95396465 6026.89357432 6044.12663279 6055.60143855 6083.19571192
 6111.9873088  6123.30544917 6123.77781196 6126.10055955 6137.05350293
 6179.55585387 6206.81706331 6214.06710377 6218.1914699  6264.47752309
 6290.3259108  6328.68072914 6340.28230052 6365.1363964  6374.66528481
 6394.03859237 6400.16130875 6408.64073911 6482.86062956 6526.29327285
 6527.46339658 6539.81776178 6563.2665692  6571.65133367 6677.44423148
 6704.69450768 6705.99503033 6706.13516251 6721.012007   6740.20648269
 6742.38409814 6742.3891981  6743.55762184 6744.20708317 6744.32938217
 6748.97187737 6758.21110149 6765.44804206 6771.60132485 6782.8946321
 6863.46510373 6877.97448457 6896.78073011 6912.8794979  6927.63574337
 6929.21799705 6936.50260389 6939.90687593 6972.3399429  6974.90455517
 6977.81113129]"
127,712815_2024-05-22_E-33,SSp,True,"[  20.47460381   20.53506998   20.95166656 ... 7005.20437299 7005.50370386
 7008.36021373]"
128,712815_2024-05-22_E-60,GPe,True,"[  19.94060819   20.00874097   20.07270711 ... 7008.5265457  7008.56914535
 7008.5794786 ]"
129,712815_2024-05-22_E-63,SSp,True,"[  19.93544157   20.045274     20.19103947 ... 7008.57887861 7008.61937827
 7008.67221117]"
130,712815_2024-05-22_E-69,SSp,True,"[  22.79018479   23.07621577   23.2430144  ... 7005.78663487 7005.86613422
 7005.96410008]"
131,712815_2024-05-22_E-71,SSp,True,"[  20.07947372   20.17687292   20.32847167 ... 7008.4860127  7008.64064476
 7008.69904429]"
132,712815_2024-05-22_F-4,HY,True,"[  19.93820359   19.9611035    20.00000336 ... 7008.60177963 7008.64077948
 7008.69064597]"
133,712815_2024-05-22_F-7,HY,True,"[  19.94517023   19.98633675   20.21136926 ... 7008.59327966 7008.6259462
 7008.72177919]"
134,712815_2024-05-22_F-8,HY,True,"[  19.89730374   19.91737033   19.93120361 ... 7008.60411295 7008.62491287
 7008.74074579]"
135,712815_2024-05-22_F-12,HY,True,"[  19.88773711   19.89387042   19.9077037  ... 7008.59841297 7008.63741283
 7008.70677924]"
136,712815_2024-05-22_F-14,HY,True,"[  20.15690279   20.29483562   21.74856366 ... 7007.22278465 7008.10834809
 7008.13654799]"
137,712815_2024-05-22_F-18,STR,True,"[  19.97727011   20.03866989   20.1827027  ... 7006.92798572 7007.73914943
 7008.45834681]"
138,712815_2024-05-22_F-19,STR,True,"[  24.80855251   24.81711915   30.9433635  ... 7007.88648223 7007.89911552
 7007.90614883]"
139,712815_2024-05-22_F-28,BST,True,"[  19.91500367   20.98206645   21.13009925 ... 7008.24738092 7008.27268082
 7008.30174739]"
140,712815_2024-05-22_F-33,BST,True,"[  19.88723711   19.93840359   20.06823645 ... 7008.65244611 7008.69644595
 7008.75141241]"
141,712815_2024-05-22_F-34,BST,True,"[  49.72879507   53.8935799    54.83410981 ... 7006.32445459 7007.27715112
 7007.29668438]"
142,712815_2024-05-22_F-40,LSv,True,"[  20.10186966   20.28153567   20.54976803 ... 7004.96082622 7006.0910221
 7007.87844893]"
143,712815_2024-05-22_F-42,LSv,True,"[  20.22713587   20.23843583   21.3446318  ... 7000.19177693 7002.53096841
 7003.32266552]"
144,712815_2024-05-22_F-43,LSv,True,"[  20.13450287   20.37180201   20.46916832 ... 7006.66305335 7007.67301634
 7008.17844783]"
145,712815_2024-05-22_F-44,LSv,True,"[  20.07646975   20.25873575   20.57950125 ... 7007.61881654 7008.38101376
 7008.58441302]"
146,712815_2024-05-22_F-50,LSv,True,"[  20.07036977   21.13806588   21.76319694 ... 6983.24673865 6986.76129252
 7008.67881268]"
147,712815_2024-05-22_F-51,LSv,True,"[  21.00379971   21.16433246   21.17653241 ... 7006.76971963 7006.94935231
 7008.50047999]"
148,712815_2024-05-22_F-52,LSv,True,"[  19.92203698   20.11443628   20.4466684  ... 7005.3774247  7005.79218986
 7006.19028841]"
149,712815_2024-05-22_F-56,CP,True,"[  20.19280266   20.91196671   21.14993251 ... 7008.0228484  7008.05564828
 7008.17774784]"
150,712815_2024-05-22_F-70,CP,True,"[  19.92960362   19.97497012   20.03066992 ... 7008.49868    7008.64034615
 7008.68457932]"
151,712815_2024-05-22_F-83,CP,True,"[  20.17546939   20.38700195   20.50853484 ... 7006.31058797 7007.04805195
 7007.09595178]"
152,712815_2024-05-22_F-86,CP,True,"[  19.91300368   19.93967025   19.94797022 ... 7006.38435437 7007.76764933
 7008.46388013]"
153,712815_2024-05-22_F-94,CP,True,"[  23.14152525   23.61022355   29.18403658   34.86431588   38.97400091
   39.59119867   39.64489847   39.69063164   39.71733154   39.77096468
   40.0572303    40.16949656   40.21839638   40.415229     43.68565042
   45.12634517   45.16647836   45.94877551   46.47804025   46.48337356
   46.63623967   47.99556805   49.2621301    49.4287295    49.43409614
   49.4823293    49.51312919   56.3010378    56.43623731   57.16656798
   59.1291275    68.42826029   69.148591     69.60592267   69.71352227
   69.77158873   70.09205423   79.84388537   79.89701851   80.55978276
   82.14864364   82.36170953   85.51929803   88.05895545   88.12828853
   93.68993494  110.59504002  113.66066219  115.74068795  118.87950985
  119.70837349  120.33580454  120.59273694  120.7498697   122.14636461
  122.66532939  122.77646232  127.18101294  135.42038293  135.96301428
  136.15428025  136.3597795   136.46347913  136.46654578  136.55174547
  136.57627872  136.80474455  137.2042431   137.2674762   140.8529298
  141.52329403  142.98675536  148.64850141  148.66206802  152.86661938
  152.96641901  152.97305232  152.97755231  153.07768527  153.09078523
  153.71671628  154.20608116  155.35534364  156.0539411   156.34947336
  156.35370667  156.64673894  158.31903285  160.59885788  160.657491
  160.6837909   160.69075754  161.50158792  161.50378791  163.37084778
  163.93497906  163.99837883  164.64910979  164.66464307  164.67164304
  164.71184289  164.72210952  164.76540937  164.78570929  165.61950625
  165.87500532  165.92650514  166.06760462  167.90843125  169.31175947
  180.6698181   186.13079821  186.36176403  191.74724441  191.89671054
  191.92094378  191.94067704  191.94574369  192.20667607  192.29670908
  194.10266917  196.47846051  198.10638792  198.25032073  199.00661797
  201.89500745  203.35783545  203.95006663  204.11573269  204.14573258
  204.25799884  204.26263216  204.2683988   204.33036524  205.13369565
  208.94704843  209.12354778  209.72237894  215.22855888  215.28275868
  215.52622446  215.55565769  215.56455766  220.93803808  226.01085294
  227.01318262  234.11285676  234.14055666  238.38794118  247.04374299
  254.03808418  254.8377146   258.03193629  259.35976479  259.48016435
  259.52413086  259.54503078  259.5591974   265.81864126  270.72889004
  271.09812203  274.71377553  278.3739622   278.9582934   280.10685588
  280.61788736  282.80647938  282.91134567  282.9294456   283.3155442
  283.4045772   283.59617651  287.03639731  287.05493057  287.06033055
  287.14429692  293.97460537  294.13720478  294.49973679  294.79433572
  297.03549422  297.5156258   297.88649112  297.94122425  298.20882328
  304.26780121  304.40996736  304.82523251  307.58718912  317.21445405
  337.0300152   337.03348185  338.57460957  339.36277337  344.25342222
  349.64223592  352.57329191  352.73392466  352.95025721  358.49010369
  375.62844126  375.69104104  375.9487401   376.00627322  377.23776874
  404.80520165  406.87339412  416.66145846  423.35783407  424.96702821
  427.66435172  429.23087934  431.01510618  448.84097458  448.93740756
  448.99037403  449.02277391  449.40680585  449.73830464  450.76280091
  461.08466331  461.54709496  463.11555591  463.23985546  463.24362211
  465.04301556  467.50503992  467.90090515  468.24637056  473.76465045
  478.54166639  482.34338587  485.48080778  486.82620288  491.38921959
  491.72541836  491.83901795  496.15710222  496.28710175  497.78829628
  499.329824    507.09109572  507.40489458  517.62762401  517.82255663
  517.84265656  527.80392027  531.45250698  537.82208378  538.21461569
  540.06617561  540.30330808  547.30241592  549.66374065  556.68578173
  561.28236499  561.74782996  562.25426145  562.34699445  563.6138565
  563.64882304  565.53728283  569.45780188  573.28315461  578.09553708
  578.14920355  578.22350328  578.27066978  580.53759485  584.58604677
  585.36314394  586.9199716   587.81560167  589.52309545  591.95655326
  598.52239601  609.7697217   614.59533746  619.23082057  621.2367466
  622.94664037  636.52929089  636.84592307  642.97400075  643.23483313
  644.10989661  644.15196313  644.27172936  645.95735655  659.68800653
  660.90303544  670.14716843  670.38513423  672.51035983  679.55333417
  685.08928067  685.68337851  694.07511461  696.79073805  698.28376594
  700.41429151  701.07782243  708.25989627  709.88045703  710.46022159
  710.82198694  719.12489003  724.9435355   725.07653501  726.51142979
  729.09552037  735.94556209  750.76310811  752.11936984  762.23649965
  769.58557288  770.30153694  770.71226878  776.62158058  783.73355468
  791.19609416  791.30796042  791.35262692  802.08422117  802.68958563
  812.3243172   815.10124042  815.11170704  815.11657369  815.28340642
  815.58383866  817.30449906  824.60640579  824.62370573  834.39577013
  834.48823646  834.70490234  834.73503556  834.80433531  840.84617997
  844.23096764  844.46693345  848.65598485  849.20068287  852.05987246
  855.17859443  863.09853225  863.14103209  863.25459834  864.39346086
  865.91238866  870.16130652  877.71404567  898.41037028  898.43627019
  900.39046307  908.14216817  908.54150005  908.98299844  909.01376499
  909.20893095  909.21556426  912.28078642  912.85201768  917.35880126
  918.22246478  920.11629122  920.72128901  920.74715558  920.87725511
  920.93892155  921.04958782  921.07472106  921.15158744  922.0783174
  923.63784505  923.651745    923.68834487  926.84013339  929.10475847
  933.7658415   956.83029081  958.08248625  982.4649641   982.47079741
  982.56859706  989.7393376   991.29856526 1009.304533   1035.2106053
 1063.03180396 1100.46336761 1108.91577015 1120.83219341 1120.93662636
 1121.12702567 1127.33096974 1143.41514448 1144.73400634 1149.50268897
 1168.25812065 1168.81668529 1169.92628124 1178.3852171  1186.86165289
 1195.4771215  1222.41562338 1226.07621004 1281.4222751  1330.41932996
 1331.42375963 1342.1304873  1368.74502368 1380.24934844 1383.24307087
 1399.40231201 1400.81760685 1405.02039154 1417.18228058 1417.92864452
 1427.15357759 1451.68402156 1458.38119717 1503.00096797 1505.6830582
 1526.60958197 1531.08753232 1572.74204726 1578.88245822 1578.96069127
 1681.12498579 1686.64573235 1699.46248566 1718.10701774 1757.89440615
 1765.26664596 1770.9926251  1777.0233698  1799.68778724 1803.82250551
 1837.12248421 1838.2878133  1853.52339114 1869.75369868 1880.87365817
 1991.93792027 2064.87432126 2107.861698   2130.97271382 2134.19080209
 2209.79269337 2211.97658541 2257.69068556 2302.76215471 2310.64702599
 2319.87272572 2319.88202568 2321.86871845 2323.21391355 2358.46341848
 2373.37056418 2415.32311136 2424.46104474 2442.84041112 2448.5751569
 2457.71275695 2457.93022282 2505.90908139 2618.25960546 2632.96975188
 2694.79222668 2842.16135653 2842.78838758 2872.04591434 2875.60966803
 2992.86937422 2998.65511981 3039.3076384  3108.3324203  3130.37724
 3156.30787887 3204.97656826 3225.14966144 3412.84191107 3467.78704426
 3467.84474405 3467.96861027 3468.3350756  3479.42266854 3621.82531649
 3626.5537326  3633.6367068  3652.5499379  3708.57940047 3708.65516686
 3718.53376421 3729.26745845 3736.1622     3745.71359854 3764.50476342
 3789.59090537 3806.65324322 3813.04381994 3848.06122572 4045.68557251
 4235.78351338 4236.06601235 4398.61145359 4413.83393147 4444.98348467
 4509.15478425 4547.16824578 4603.86680591 4712.20561127 4712.36691069
 4712.37511066 4837.70348746 4850.93790592 4907.72459906 4959.02754552
 5081.59086573 5128.22952917 5233.12321375 5339.25212716 5412.56649343
 5458.97069107 5462.71464409 5462.740044   5463.79707348 5467.00752846
 5468.54412286 5474.97676609 5475.0841657  5475.27573167 5517.29197862
 5519.8224694  5521.04683161 5521.41039695 5529.49386751 5539.21763209
 5539.77963004 5557.86346417 5572.3225115  5572.88677611 5586.64965931
 5633.07595686 5643.09812035 5643.76015127 5644.17861642 5647.6148039
 5655.8772738  5655.88454044 5656.54653803 5658.96929587 5666.53046833
 5670.48112061 5670.65928662 5670.67325324 5676.21023307 5680.88674937
 5697.35305605 5704.42793028 5731.01053345 5731.04666665 5768.82119572
 5768.8459623  5800.80951253 5816.14415667 5866.69627253 5871.12878971
 5871.13578969 5875.94277218 5877.7770655  5887.29233084 5895.40373462
 5918.49671717 5964.49361629 5964.50514958 5965.4047463  5982.57725041
 6002.83474329 6008.23269029 6010.47501546 6010.73644784 6028.95688147
 6036.37195446 6040.60787236 6042.44543233 6045.15715579 6047.11234867
 6053.49702541 6059.92020201 6071.61325942 6081.55628987 6137.01902117
 6138.71908164 6140.86720715 6152.29893218 6166.11291519 6172.72869109
 6177.329741   6180.33656338 6187.66967    6188.03673533 6202.10678408
 6204.3982424  6206.34560197 6216.79936389 6217.27489549 6217.96495964
 6224.54310235 6225.10730029 6225.61723177 6235.74296155 6241.86090593
 6246.62485525 6247.73148455 6261.83439984 6265.42278677 6284.12001866
 6285.36878078 6285.80161254 6290.08613026 6290.8089943  6291.44835864
 6294.35958136 6307.61989973 6308.368297   6312.02378369 6317.33839766
 6320.47341957 6345.14986302 6360.55214025 6365.99045377 6371.00043552
 6371.87466567 6393.42155385 6393.63065309 6397.17514018 6419.0294939
 6467.134552   6484.20685648 6501.28206095 6514.42181309 6517.23073619
 6521.06652222 6524.58267607 6526.5062024  6526.73900155 6529.53965802
 6531.92244934 6533.41207724 6544.11070494 6550.43391524 6552.64420719
 6555.00906524 6567.15962098 6584.42672475 6594.28032219 6622.25562029
 6628.51213083 6628.63469705 6628.90692939 6630.2667911  6639.15505873
 6643.15374416 6646.19756641 6658.15778951 6666.58529214 6666.70389171
 6670.11867927 6675.00212815 6682.52480075 6693.73395991 6698.15944379
 6703.84662308 6710.57826522 6769.83874936 6784.08556413 6788.56751447
 6837.84826829 6957.35543297]"
154,712815_2024-05-22_F-134,MOp,True,"[  19.96920348   20.07513642   20.10730297 ... 6546.37386336 6596.94877914
 6619.86049568]"
155,712815_2024-05-22_F-139,MOp,True,"[  20.08246973   20.24376914   20.4290018  ... 6610.75896216 6613.62845171
 6667.01525724]"
156,712815_2024-05-22_F-140,MOp,True,"[  21.03829958   21.64339738   29.29473617 ... 6565.16496158 6580.17294024
 6661.03787901]"
157,712815_2024-05-22_F-147,MOp,True,"[  40.29182945   40.93402711   40.95766035 ... 6282.86288991 6319.84588853
 6437.77399229]"
158,712815_2024-05-22_F-151,MOp,True,"[  20.04063655   20.2564691    22.92995936 ... 6529.03722651 6556.04996145
 6571.50290516]"
159,712815_2024-05-22_F-153,MOp,True,"[  19.95723685   20.02063662   20.10490298 ... 6962.59718054 6968.81262456
 7006.12585531]"
160,712815_2024-05-22_F-160,HY,True,"[  20.96853317   21.98819612   28.47800581 ... 7005.62575713 7008.133648
 7008.61004626]"
161,712815_2024-05-22_F-163,HY,True,"[  22.18089542   23.21199166   23.37309108 ... 7006.53885381 7007.22115132
 7007.70751622]"
162,712815_2024-05-22_F-166,HY,True,"[  20.52150146   24.45912045   24.48465369 ... 7003.0255666  7003.04369987
 7003.45356505]"
163,712815_2024-05-22_F-168,STR,True,"[  20.65526764   25.30201738   29.68206809 ... 6988.43995307 6998.65634919
 7003.63953103]"
164,712815_2024-05-22_F-183,LSv,True,"[  19.89973706   19.96613682   20.0530365  ... 7007.92478209 7008.10818142
 7008.31448067]"
165,712815_2024-05-22_F-185,LSv,True,"[  20.22580254   20.42470182   20.99883306 ... 7004.7551603  7004.78769352
 7007.13365164]"
166,712815_2024-05-22_F-195,CP,True,"[  20.03410324   20.1827027    21.22039892 ... 6985.73532959 6997.27815421
 7003.26419907]"
167,712815_2024-05-22_F-196,CP,True,"[  31.72286066   37.46020643   38.66553537   39.20023342   39.48893237
   39.50603231   42.38032184   43.49938443   43.61368401   43.71821697
   43.77035011   43.79341669   43.94428281   44.06268238   44.15371538
   44.81277965   45.22097816   45.28627792   45.42027743   45.53067703
   45.70800972   46.94633854   47.17540437   47.27437068   47.3426371
   47.5600363    47.68263586   47.85843522   48.86259823   48.90986472
   48.925498     48.94089794   48.94769792   48.98976443   49.01719766
   49.05536419   49.15396383   49.16703045   49.18609705   49.32369655
   49.34059649   49.38616299   49.52346249   49.67459527   49.85379462
   50.0773938    50.10936035   50.11606033   50.38595934   50.44575913
   50.47592568   50.50832557   50.51385888   50.52309218   50.54922542
   50.62299181   50.67989161   50.81512445   53.55251448   53.78581363
   53.81484685   53.84001343   54.20274544   54.30914505   54.71557691
   55.67600674   61.97158381   64.73960706   64.83367338   64.99617279
   65.07993915   65.10887238   65.15200556   65.17230548   65.17850546
   65.19663873   65.21620532   65.23020527   65.2695718    65.30173834
   65.34100487   65.47377105   65.49207098   65.54463746   65.61327054
   65.62770382   65.69270359   70.25938695   70.35918659   70.47108618
   70.76051846   70.8595181    70.95831774   71.02905082   71.04211743
   71.08378395   71.17485028   71.19625021   71.25768332   71.4162494
   71.48624915   71.50278242   71.52934899   71.53401564   71.6920484
   73.60177478   73.72390767   74.07893971   74.77500384   75.0426362
   75.67703388   75.79776678   75.81260006   75.81753337   75.82530001
   75.91506635   75.98483276   76.05499917   76.09973234   76.22313189
   76.30906492   76.42463116   76.51189751   76.54473072   76.66486362
   76.67856357   76.72443007   76.73323004   76.76656325   76.79296315
   76.87456286   76.93056265   77.24872816   77.47009402   77.47766066
   77.62306013   78.21162465   80.73688212   83.79463765   83.83340417
   83.89127063   84.04127008   84.05727002   84.06423667   84.06966998
   84.0811366    84.13946973   84.2006695    84.30600245   89.99528173
   91.40034328   91.79344184   91.97524118   92.00847439   92.46170608
   92.59383893   92.67860529   92.84670467   92.94333766   93.02180404
   93.06553721   93.08093715   95.55492814   96.18312585   97.3509216
   98.16361864   98.20471849   98.3753512    98.57058382  116.53898504
  116.61811808  116.69908446  116.72898435  116.73921764  116.78478414
  118.5807776   118.62977742  118.67217727  118.97790949  119.16914212
  119.39314131  119.47430768  119.53747412  119.5778073   119.63387376
  119.65024037  119.67960693  119.69554021  119.85247297  120.25010485
  126.27874956  127.32857907  127.41674541  130.54536735  131.29593128
  131.36423103  131.39573092  131.69589649  131.93816228  131.99229541
  132.16052813  132.29166099  132.50316022  132.64925969  135.49761598
  137.44460889  144.82724866  144.9351816   145.00534801  145.15351414
  146.73987503  148.04120362  152.32165469  152.37588783  152.48965408
  152.63988687  152.68808669  152.83688615  152.87201936  153.41578404
  154.41271374  158.41326584  159.42659548  159.58259491  159.62119477
  159.99656007  160.75189065  161.9192864   166.14750433  171.48391823
  173.40421123  173.45651104  173.47344431  173.49334424  173.53231076
  177.91659479  183.35270833  185.25780139  188.83392169  189.05238756
  189.14702055  189.28245339  190.74844805  191.18587979  191.27717946
  191.85437736  194.36583488  194.99119926  194.99793257  195.23726503
  210.81644162  211.17404032  211.23690675  211.25647335  211.56483889
  211.67497182  289.55508813  362.84575449  410.17634875  410.4557144
  413.79076892  416.08649389  416.52719228  416.66222513  419.71151402
  419.77678045  419.89201336  419.90444665  419.91084663  419.98894634
  420.69114378  420.76154353  421.05420913  421.25524173  422.50557051
  422.75450293  433.38339755  433.39693083  433.53096368  433.56683021
  433.64066328  433.89429569  434.03189519  434.18036131  434.31922747
  434.40939381  434.43289373  434.4772269   435.16585772  436.94251792
  439.14720989  441.22733564  441.40850165  444.58439008  444.59932336
  444.82715586  447.96977775  450.99566673  451.25549911  451.41839852
  452.24736217  467.78847222  482.71171786  696.14470707  904.02554983
  912.93401738  913.48904869  948.70262042  949.25655173  949.65711694
  949.88338278  950.02041562  950.16691509 1052.98837388 1091.18343474
 1118.19580301 1324.00631998 1325.19158233 1325.40874821 1325.49248124
 1326.35551143 1347.92749951 1347.93599948 1357.80609686 1358.38329476
 1358.39792804 1358.42452794 1358.88362627 1359.41452434 1360.3209877
 1362.03124814 1444.50514771 1446.38454087 1535.48884963 1542.52142401
 1542.57722381 1543.19572155 1543.47012055 1544.37581725 1544.7756158
 1544.80254903 1545.28891393 1545.55777961 1549.64639805 1551.10195942
 1551.11995935 1556.59103942 1557.04620443 1559.60972843 1559.68579482
 1559.75586123 1560.09129334 1560.22189286 1563.31224827 1708.77898506
 1735.59855403 1751.89709466 1751.94766114 1752.10009392 1752.12909381
 1752.3144598  1752.71735834 1752.9558908  1753.82612096 1755.62058109
 1756.40344491 1756.49097792 1756.70134382 1756.79071017 1757.12964226
 1757.25240848 1757.35537478 1781.04502182 1781.62405304 1782.38148361
 1786.71120118 1809.31051885 1809.59161783 1823.52206709 1823.90089904
 1823.98203208 1846.51528333 2057.55441459 2057.80831366 2058.2745453
 2058.68201048 2059.10967559 2086.76724151 2091.00999272 2098.62446498
 2098.92043057 2098.96923039 2098.97663037 2099.0213302  2099.04346346
 2099.32239577 2099.75999418 2099.89116037 2100.29832555 2147.63531979
 2147.69658623 2147.81445247 2147.95311863 2222.60578003 2242.65217367
 2335.14933674 2380.35703873 2380.65297098 2380.79140381 2381.0326696
 2381.20253565 2381.30663527 2381.42116819 2387.14534733 2387.78791166
 2414.81347988 2447.10572892 2463.3631697  2463.55790232 2463.68820185
 2463.74823496 2477.86318355 2480.38227437 2540.48798876 2554.16597227
 2572.98460372 2609.42713764 2621.24716125 2621.91209216 2630.30866157
 2646.14067057 2731.25859385 2739.64836329 2784.00923503 2799.41401225
 2799.47801201 2996.31582834 3039.31850503 3061.52142415 3062.9171524
 3137.12104876 3277.39640446 3277.49177078 3321.70834304 3322.98093841
 3444.63132861 3444.77582808 3446.23738943 3461.79689942 3462.46439698
 3468.84850706 3475.22995048 3488.36066932 3488.46550227 3488.4763689
 3488.52733538 3488.59020182 3488.82436763 3488.99173369 3489.13919982
 3489.63303135 3499.53146196 3524.47823776 3547.54335374 3552.84623442
 3571.98689803 3572.37832994 3572.49419618 3572.8728948  3612.58591681
 3619.76869064 3626.28770023 3628.03509387 3628.98445708 3635.10646811
 3635.2373343  3786.28235076 3786.43998352 3805.70164669 3822.33835275
 3984.03249709 3984.31399607 4077.74915571 4176.55356247 4176.87859462
 4177.049594   4238.31620416 4238.5798032  4315.54005619 4395.31419893
 4409.30961462 4409.32851455 4409.48554731 4409.80301282 4420.10727529
 4420.26467471 4499.58481911 4507.8954555  4622.96533634 4628.36548334
 4682.05635443 4731.48670771 4745.77825565 4748.21731343 4882.40725795
 4907.67276592 4915.19207186 4981.68592965 5244.05127394 5244.2730398
 5327.72346915 5385.16185993 5388.08384928 5388.344815   5412.37939411
 5412.71162624 5415.73671522 5425.51404627 5447.77936516 5450.90855377
 5473.71077071 5477.20992463 5481.15411026 5500.47763987 5501.48490287
 5508.82724279 5509.17237486 5533.85581828 5536.00497712 5538.2066691
 5560.38278832 5560.81908673 5564.2326743  5594.79456297 5602.28446902
 5620.9773676  5637.13310875 5664.75027481 5664.8003413  5664.85740776
 5670.81941937 5723.68869346 5756.81707278 5769.15092785 5771.00968775
 5771.12968731 5776.96886604 5777.22343178 5777.86929609 5778.02466219
 5778.17552831 5778.37259426 5778.57589352 5778.66075988 5778.73632627
 5778.79802604 5778.85279251 5779.11965821 5779.14702477 5784.22543961
 5788.17595855 5800.19111478 5800.24521459 5800.30114772 5800.39691403
 5866.33057386 5875.48667384 5880.45035576 5886.29206781 5886.52546696
 5894.08793942 5894.14977252 5912.39037275 5913.2999361  5913.33693597
 5913.81990087 5913.87133402 5914.8384305  5914.86719706 5914.99649659
 5939.81097286 5941.31280073 5951.68416295 5995.99420154 6008.55382246
 6014.97643239 6015.04786547 6015.09299864 6015.21386486 6015.41066415
 6015.66769654 6019.56338235 6021.15560989 6022.30987235 6030.30827655
 6031.82167103 6033.2769324  6077.93866971 6118.40905562 6118.72058782
 6118.87022061 6123.60903668 6127.1264572  6127.26512337 6127.39925621
 6129.98271347 6135.7115926  6168.47270659 6175.20748206 6292.58188784
 6332.0249775  6332.10067722 6332.55374224 6332.57134217 6378.20870926
 6384.2475206  6420.08639005 6427.23609734 6443.18787257 6454.77033038
 6465.07862616 6465.15169256 6468.74771279 6494.31181967 6548.68058829
 6588.6488427  6589.45313977 6599.99400138 6756.3580318  6815.14461766
 6838.30136664 6962.44354776 6992.50047161 7007.10225175]"
168,712815_2024-05-22_F-197,CP,True,"[  24.53235352   24.5650534    27.95020774   28.79583799   29.41583573
   29.85736746   31.75362722   31.85156019   32.79995674   35.36888071
   39.589832     44.84091288   45.08677865   51.05512357   60.30858987
   66.27870145   67.8591957    71.17635028   72.54974528   77.80085948
   78.12062498   78.87728889   80.71471553   88.35148772   89.55201668
   91.78250855   93.53820216   99.5665802   100.5183434   102.05233781
  108.96487929  119.68124026  119.70257351  119.96823921  122.58059636
  125.91915087  129.66773721  132.26549442  135.18598378  136.37171279
  140.42279804  151.04425935  155.0093449   158.35809937  158.63663169
  162.80958316  165.19070782  170.75638754  174.62177346  188.55535604
  198.31908714  199.31585018  201.96690719  208.87488202  211.31113982
  212.58573517  213.07963337  225.30552217  235.03402007  239.45033731
  248.34713824  261.07075856  268.60166446  273.45228012  280.29352187
  281.03111918  285.9218347   289.36965548  291.04508271  300.14004958
  308.9078843   312.45193806  355.05808286  355.35488178  357.28700808
  370.84615868  383.35094647  403.5665395   408.24548912  413.73820244
  413.80900219  414.6013993   417.16315663  417.68825472  419.11414953
  420.14174578  420.34664504  423.80853243  429.7086776   430.94880642
  441.74966707  450.82783401  454.30795466  455.5407835   465.57448029
  471.92205717  511.64764579  522.43477317  522.73367208  528.58011745
  541.01043883  543.86056179  553.63685951  575.35521373  575.71461242
  584.37934752  591.36285542  602.64828098  605.17323845  630.75771192
  651.60336932  673.82932169  677.38560873  681.5121937   689.20736567
  690.42782789  696.41613941  702.99274879  703.11494834  711.41368478
  713.69724313  714.53934006  716.21260063  720.48981839  721.89781326
  729.62795177  731.11887967  731.51914488  737.40392344  742.58467124
  745.29639469  745.40639429  754.15489576  755.48515758  757.86278225
  758.76214564  762.95609703  774.19492276  787.33854155  794.52361537
  797.60450415  799.64226339  800.39586065  801.25709085  802.49975299
  802.52925288  804.86494437  807.18103593  842.03264231  845.27319718
  850.8946767   851.04390949  858.51371561  860.79117398  860.82507386
  869.1510102   869.17854343  869.78360789  876.23988438  877.18654759
  884.69325358  893.12108955  904.19984919  906.77857313  909.35353042
  912.73578477  913.60114828  916.45763788  920.13279116  929.64818983
  932.53101266  947.61725771  947.69675742  978.28031268  978.68201121
  980.67623728  983.83645911  987.05924737  995.56861637  995.57691634
  996.01488141  996.23158062  996.38108008 1009.57203203 1017.34753704
 1049.55291972 1050.04571793 1053.28210614 1062.39973959 1085.09169027
 1102.50409351 1102.80425908 1112.85058915 1113.78761907 1117.16364011
 1120.06059622 1132.63805041 1137.57493242 1142.64931394 1152.23944567
 1172.14110651 1175.61729385 1192.58279871 1198.27964463 1200.56996962
 1205.1495196  1209.95766876 1220.53519689 1224.03111749 1240.83368962
 1241.47248729 1259.58112133 1265.21290081 1265.69816571 1287.94945133
 1291.62290461 1294.20116189 1295.59185682 1309.70367208 1318.87160535
 1324.0565198  1326.51204419 1328.5502701  1329.94573168 1333.02518713
 1348.56663052 1356.32880224 1369.10405571 1379.17395236 1390.16194567
 1394.70866244 1395.57162596 1399.53211154 1417.89587798 1421.86356352
 1431.17082962 1440.64826176 1448.33063378 1448.33830042 1448.5070998
 1456.74670312 1460.39598983 1467.62529683 1470.72848553 1470.9469514
 1472.85144446 1473.87867405 1474.72593763 1476.28119863 1477.89785941
 1479.92828535 1485.85863041 1486.40076177 1502.60170276 1504.72789501
 1557.52900267 1577.50432991 1578.84799168 1585.62106701 1588.2059576
 1588.27392401 1609.86684536 1609.95211171 1615.30462555 1624.07256028
 1632.25323048 1633.43452618 1637.77927702 1650.40216437 1655.68607846
 1660.50816089 1689.62128817 1692.72527687 1695.11710149 1696.03903146
 1697.56519257 1699.85331757 1706.82639217 1707.02749144 1707.21642408
 1729.00897803 1751.14453073 1751.97536104 1752.04296079 1752.50812577
 1752.51379241 1756.75267697 1760.08709816 1760.56682974 1769.81639605
 1770.94302528 1775.50987531 1788.01802975 1790.5652538  1791.68874971
 1805.38189983 1828.945514   1829.46781209 1836.1363878  1848.70547535
 1850.37220261 1850.91710063 1854.64938703 1854.82445306 1855.95434895
 1864.79545008 1870.44519616 1870.79579488 1880.64342568 1889.50679339
 1915.46533217 1917.60712437 1924.97499753 1924.98973081 1928.66548409
 1930.90917591 1932.87153543 1946.25145336 1966.24498053 1973.56665386
 1975.66727954 1984.17788187 2003.01374659 2011.50634899 2013.97950665
 2018.82768899 2026.26266191 2058.43304472 2059.01047595 2062.42099686
 2070.13473543 2070.16600198 2078.17067282 2098.59319843 2100.60049112
 2101.46628796 2104.01511201 2123.43477461 2124.24620499 2132.21784261
 2133.12590597 2137.80125561 2145.22749522 2210.40509114 2216.69773488
 2220.70958694 2273.01309641 2279.74640522 2280.78620143 2282.23386282
 2283.33599214 2295.61264742 2305.36611189 2309.42876376 2333.50644272
 2335.11450353 2339.0851224  2369.37951205 2371.46540445 2381.95886623
 2384.91325546 2387.70597863 2388.75750813 2390.62666799 2416.16867495
 2425.44830781 2427.1150684  2443.77954104 2460.88041208 2461.25737737
 2463.22500354 2468.01561942 2522.05038925 2540.86728738 2572.71043805
 2586.04495614 2602.29619695 2614.73325164 2621.64119315 2631.81152277
 2649.81425719 2683.89323305 2705.59598733 2713.96689017 2713.98219011
 2717.00234578 2717.96014229 2718.87747228 2742.62538578 2799.39291232
 2840.07013082 2849.2431974  2861.34341999 2896.58575828 2932.4175611
 2933.71615636 2935.60274949 2959.32402975 2992.98964045 3047.0762101
 3047.36754237 3093.11030908 3199.08672304 3245.50235397 3270.51932951
 3278.1519017  3285.49104164 3322.28534094 3343.41486397 3406.65886693
 3419.55335329 3421.85521158 3422.36944304 3433.65390193 3442.35647023
 3448.17061572 3465.27818673 3472.08329528 3482.84272275 3489.85313055
 3497.49203606 3503.54968066 3524.50883764 3541.68210842 3545.74652695
 3546.8575229  3552.68316835 3553.14050002 3566.4875514  3568.80144297
 3572.59326249 3592.55062312 3612.96241544 3620.61612089 3635.28426746
 3637.27982686 3638.28788985 3638.98372065 3658.2707504  3678.14774466
 3687.80340948 3702.20802368 3705.75524409 3708.57566715 3716.26107249
 3733.44890988 3747.88935728 3769.54107841 3777.58328245 3783.98742579
 3790.80240096 3798.51253954 3806.30457783 3817.40540406 3854.82713441
 3873.46506652 3887.3510826  3894.03322493 3894.3149239  3897.57834535
 3907.55107569 3930.18899322 3969.71398258 3979.7462127  3984.27342955
 3997.32721533 4015.63528197 4033.50981686 4039.55306151 4063.50104095
 4069.04688741 4115.72535071 4115.72695071 4133.88935121 4200.35684243
 4201.38223869 4238.37050396 4266.05613644 4266.19343594 4273.39350971
 4299.42028157 4332.07356263 4334.02338886 4351.44692539 4358.2810005
 4381.71201515 4405.07036339 4407.54812104 4409.49161396 4409.54251377
 4411.29290739 4411.67130602 4426.65715143 4433.09822797 4442.73632619
 4449.21163594 4475.01100862 4493.58657429 4493.68097395 4506.75892631
 4538.01641245 4546.04691653 4554.33361968 4556.09341327 4556.20714619
 4600.26571903 4608.19439015 4636.33302098 4649.21714072 4665.26991558
 4668.52757038 4671.50159288 4675.60461126 4710.35528468 4713.13067457
 4731.13797564 4732.86333602 4734.11439813 4762.41532838 4767.05741147
 4778.18927092 4784.45164811 4784.55908105 4785.38601137 4785.88930954
 4787.26023788 4833.33800336 4834.02576752 4835.72772799 4839.92251271
 4856.0230874  4856.34338623 4856.81271785 4866.24931681 4866.50978253
 4870.11663606 4893.84851628 4902.30208548 4903.92221292 4915.10247219
 4923.49537495 4926.45286418 4945.95959312 5022.8322131  5062.71560115
 5067.34348429 5074.55335803 5097.79684003 5101.48389327 5114.07441407
 5118.28136541 5119.24876189 5122.94534842 5125.26190665 5127.4721986
 5134.36947348 5146.6076289  5150.76791374 5151.19737884 5154.76819917
 5160.41471194 5162.2997384  5173.06933251 5226.47213798 5254.12573724
 5259.82411649 5293.31522782 5304.8346192  5309.38300263 5320.12096351
 5323.02885292 5335.62720703 5336.12837187 5367.1313256  5370.08608151
 5387.08028627 5387.32521871 5391.72293603 5396.34198587 5409.55297108
 5412.59232667 5416.60931204 5419.05766979 5420.47299797 5423.35998745
 5425.77247866 5434.44624707 5437.72050181 5439.0494303  5474.09770263
 5495.82792347 5502.66103192 5511.18236754 5515.04372014 5533.23435388
 5539.26426525 5548.93046337 5554.32721038 5557.62916502 5573.9677055
 5589.75848132 5602.23360254 5605.16839185 5620.84813473 5628.50944016
 5630.2200006  5632.580592   5633.30448936 5639.73789926 5642.8750545
 5654.06428041 5654.14641344 5654.95511049 5664.3603429  5664.5530422
 5664.99590725 5665.38967249 5676.86586401 5678.70832397 5695.20049723
 5700.45667808 5706.47292283 5707.30078648 5717.03851768 5723.90359267
 5731.8764303  5733.78352335 5733.80182328 5733.9808893  5734.08405559
 5734.11615547 5735.28101789 5753.95364988 5758.21093437 5758.94753169
 5759.06796458 5759.12869769 5763.53318165 5771.04482095 5771.49908597
 5772.6894483  5772.71804819 5778.75895952 5781.55154935 5785.77560063
 5789.44088728 5789.98648529 5790.68658274 5793.15897373 5798.75258669
 5799.07231886 5802.99183791 5803.27303689 5808.89081643 5811.19220804
 5817.58768475 5819.39034485 5831.38013451 5846.43644633 5847.92800756
 5856.01334478 5860.62079466 5870.96665697 5872.80825026 5875.49010716
 5878.7825285  5880.46872236 5886.54550022 5887.68182942 5888.94359149
 5888.96069143 5889.03462449 5890.15252042 5894.69560387 5895.69403357
 5897.06862856 5907.97245551 5912.39173941 5912.69193831 5913.27603619
 5913.55800183 5914.90643025 5915.47209485 5919.62727972 5929.23591138
 5932.04806781 5938.57517736 5947.9267433  5954.32002001 5955.63264856
 5960.33043145 5960.33746476 5966.17051018 5982.27535151 5993.09677876
 6006.61802951 6010.5653818  6014.55683392 6016.21939453 6025.33622799
 6025.66782678 6028.19938423 6028.2513507  6032.05867017 6036.12915534
 6045.56398764 6047.23844821 6047.74647969 6056.51664774 6056.93477955
 6058.13527518 6071.51139312 6081.09149156 6083.32201677 6100.04052254
 6102.75801264 6128.28248633 6129.49928189 6129.94061362 6130.02064666
 6130.03297995 6132.5535041  6135.4356936  6147.22881731 6154.28355828
 6172.92475704 6200.00315841 6200.77008895 6204.75107444 6210.97471844
 6211.46235    6214.3813727  6214.4354725  6216.9697966  6221.710546
 6223.85737151 6225.35296606 6269.05104022 6270.21840264 6274.08812187
 6283.9812525  6288.74660181 6299.583029   6302.92985015 6303.98861296
 6309.29986028 6326.79279655 6335.0803997  6345.26306261 6364.68579186
 6366.41021891 6369.31254167 6388.2287061  6394.1659178  6402.2190218
 6403.6642832  6410.49502499 6414.98247531 6418.25549672 6419.59305852
 6422.00044975 6428.41522638 6433.83370664 6434.39810459 6436.06546518
 6438.25749053 6447.75752259 6457.4817205  6463.46613203 6463.74806434
 6464.16019617 6465.85972331 6467.56428377 6475.99988638 6489.66616993
 6499.87996606 6525.17227393 6525.52403931 6525.63617224 6526.86640109
 6529.16325939 6529.78012381 6530.74918694 6530.7695202  6536.39836637
 6555.07959832 6560.98624347 6579.52150928 6582.67746445 6583.31026215
 6585.29548825 6589.76613863 6595.67448378 6599.11450458 6621.27082387
 6639.96722243 6690.20100612 6741.23948687 6752.02174759 6752.0274809
 6752.47307928 6752.52767908 6760.14955132 6763.19690688 6787.45445186
 6842.47381811 6866.54163044 6868.28609075 6905.17352305 6926.86097738
 6948.51239851 6950.44939145 6959.17049302 6960.94505322 6970.67391778
 6972.39327819 6977.72505877 6992.9890365  6996.19879147 6999.62447899
 7002.88693378 7006.87148593]"
169,712815_2024-05-22_F-203,CP,True,"[  20.25336911   21.27983203   21.31336525 ... 7002.06310344 7005.28605837
 7005.50822423]"
170,712815_2024-05-22_F-215,MOp,True,"[  19.92193698   19.99260339   20.06933644 ... 6619.37373078 6630.64145641
 6680.36490861]"
171,712815_2024-05-22_F-223,LSv,True,"[  22.45956107   25.41115032   29.67420146 ... 6998.67648245 7004.02382963
 7006.50108728]"
172,712815_2024-05-22_F-224,LSv,True,"[  21.0515662    25.40141702   32.79489009 ... 6995.67969336 7000.80130804
 7005.11752565]"
173,712815_2024-05-22_F-225,LSv,True,"[  62.28048268   76.97776248   81.60857894   98.59891705  105.64369139
  113.43822967  122.70219592  128.15264273  134.6035859   207.90721888
  260.35839449  278.62149463  284.79853879  297.00939431  308.65568522
  363.19508655  367.93900261  375.06440999  395.93640062  427.3205863
  434.96112514  458.90257126  461.01969688  464.46915098  468.41480328
  501.91164792  506.01283299  522.11547433  540.57757374  542.87126539
  555.22265373  562.76229293  565.50328295  570.5415646   580.45396182
  603.006513    605.64593672  623.03700671  641.53490599  658.01341263
  664.49735568  678.52790457  681.32596105  699.02829656  738.84315153
  769.18824099  836.19956356  855.42619353  883.41042492  892.50675845
  895.01988263  948.75955355  948.85291987  949.28148498  976.83071796
  985.25748726  996.59151264 1023.38454838 1024.41861128 1028.16409764
 1038.69102596 1067.23152199 1079.72217649 1105.1314506  1112.27512458
 1120.05632957 1178.04918499 1203.76699131 1211.32013046 1222.83002187
 1227.40803852 1237.61170136 1256.94926425 1267.79675807 1298.80997843
 1303.73762715 1320.24633368 1325.83048001 1337.67653685 1341.43818982
 1344.86701066 1357.3739651  1368.82932338 1371.01448208 1376.55769522
 1387.33112265 1407.67344855 1414.03925869 1428.56987243 1433.32972176
 1452.3420525  1479.0718218  1496.43485855 1524.20372407 1528.04114342
 1550.6769943  1554.65447981 1557.87173476 1564.68580994 1570.98645365
 1595.2426653  1607.11308872 1625.54792157 1635.96961694 1672.98161545
 1674.53580979 1699.82858433 1701.32644554 1705.11013175 1711.62074137
 1716.54292344 1723.81319696 1734.99858955 1736.2287184  1737.1724483
 1740.06600442 1749.99906824 1755.22578253 1758.58713696 1775.04867699
 1776.64697117 1784.84677463 1790.98805226 1794.2710403  1814.92256508
 1834.78675939 1880.09339435 1890.16555766 1895.72163742 1911.13728127
 1912.4094433  1946.79378472 1964.45198706 1996.0196054  1996.59733663
 2021.95091095 2029.85551548 2036.31822528 2038.83398278 2056.11561983
 2056.28765253 2071.66032987 2086.12894383 2103.59841353 2104.74877601
 2112.08474929 2115.42867044 2125.66216649 2142.46830528 2151.71800491
 2153.5617982  2156.69875344 2157.11578525 2170.00993828 2189.37600107
 2204.33227993 2221.91698254 2239.6977511  2244.93396536 2307.77486979
 2309.70362943 2314.43607886 2324.5995085  2324.80050777 2331.72184922
 2366.92832098 2371.15250559 2388.75450814 2397.56190939 2436.15360215
 2439.13215796 2458.35242128 2462.00697464 2486.67665144 2502.64799326
 2519.8696972  2571.76350817 2578.85211568 2580.27941048 2586.02295622
 2589.19861132 2612.82862525 2616.26127941 2617.64614103 2618.67783727
 2621.20852806 2660.27261909 2670.38384893 2680.57137848 2681.21760946
 2692.46800182 2709.41630675 2715.26531877 2725.74671393 2735.64714453
 2743.8551813  2771.61048019 2780.4382147  2840.22606358 2881.33461384
 2882.76220864 2888.19185553 2893.8639682  2894.27263338 2900.14204533
 2913.90016188 2927.73801147 2928.10054349 2938.39217267 2951.76072397
 2957.86910172 2960.98912369 2969.37142648 2997.01445912 3008.93814902
 3020.15287484 3021.84586867 3024.04436066 3031.26153437 3063.56728336
 3076.51983618 3078.39659601 3078.66746169 3082.72111359 3092.43881153
 3100.53818202 3106.39159403 3106.66652637 3111.63080828 3133.16199652
 3140.07093802 3154.93308388 3170.29369459 3170.67012656 3177.65116779
 3181.52672034 3188.73772741 3202.66081003 3217.29332339 3219.54778185
 3227.61961911 3234.63429356 3243.87682656 3255.93058265 3262.62549159
 3264.90438329 3265.92484624 3273.80815086 3274.18784948 3297.01543299
 3308.53822435 3311.60591318 3319.07418597 3327.93552036 3333.28843419
 3336.21965685 3339.56621133 3339.83164369 3340.27520874 3345.14802433
 3346.08108759 3352.61339713 3365.01698528 3381.94315696 3382.26838911
 3382.69045424 3398.94002838 3410.84558501 3417.11822883 3422.75557496
 3424.16460316 3427.4860244  3429.92411552 3440.08814516 3440.22794465
 3442.88760163 3474.33938706 3474.67858582 3477.55230869 3486.72944193
 3494.30918098 3496.26710719 3496.73937213 3497.07147092 3503.54794733
 3504.72074306 3513.64437722 3518.73895866 3522.73757743 3523.25557554
 3527.61719299 3528.07465799 3543.1066699  3552.32690298 3553.39029911
 3554.92582685 3554.97699333 3570.41880374 3571.24016742 3593.7918186
 3617.3099996  3632.90287613 3641.44077837 3647.59055597 3647.98948785
 3650.55311184 3653.92799955 3665.66432346 3682.13823012 3689.30167069
 3689.92170177 3710.08926164 3717.38966838 3720.68265638 3721.42192036
 3727.37929866 3737.27376261 3754.43260011 3756.02012766 3758.16985316
 3795.17241838 3812.60102156 3838.79982612 3852.68890886 3863.85193487
 3904.12092151 3906.20664725 3910.51223157 3942.8431138  4031.48139092
 4036.90193784 4052.15448228 4072.0338432  4073.59537084 4094.66382743
 4096.56412051 4118.31074129 4118.38924101 4118.60907354 4134.24704991
 4140.19892823 4152.87641538 4166.87869771 4169.78962044 4177.49202572
 4179.4638852  4189.84944737 4195.27182762 4209.51697573 4216.97814855
 4225.68135018 4257.33763487 4264.92237391 4274.15820693 4281.15434811
 4284.09170408 4290.65208018 4292.04684177 4301.70793991 4309.98687642
 4319.57960814 4323.94689223 4330.76743405 4344.37175117 4357.24097095
 4363.78731377 4375.17487229 4383.95997363 4414.3490296  4422.05913484
 4441.47453079 4470.71632427 4473.74907989 4477.27263372 4477.45346639
 4487.12329784 4510.60697896 4511.16917691 4513.10286987 4530.270674
 4530.61367275 4530.73973896 4539.86243906 4542.85269483 4550.97353192
 4553.78315502 4558.07120607 4563.23165393 4587.19553331 4591.78431659
 4594.82403885 4606.09033115 4635.24512495 4641.80553438 4644.7026905
 4649.7249722  4658.42137386 4659.84993532 4664.96838334 4666.33061171
 4675.36907879 4677.78663665 4687.84190002 4693.87644471 4695.35390599
 4696.68553447 4701.85881563 4702.78401226 4705.56546879 4712.38321063
 4712.45021038 4715.11510067 4721.1391454  4723.55120328 4724.98916471
 4735.24239402 4735.89199166 4739.82841065 4740.55347468 4754.53435708
 4758.52094256 4774.89071627 4775.89001263 4777.78037241 4779.9696311
 4782.92412034 4794.22604583 4805.80007034 4817.38492814 4827.2600255
 4838.07935276 4841.40137399 4843.0191681  4854.86369162 4857.962647
 4858.17954621 4860.7889367  4861.58033382 4865.31765354 4872.30982807
 4873.61082333 4880.43139848 4887.8934713  4888.14050374 4892.79485345
 4901.30118913 4910.29988968 4910.71282151 4913.34991191 4923.18070943
 4944.02606683 4950.50367657 4974.0678574  4981.52486357 4982.67619271
 4983.44232325 4984.64161888 4985.51538237 4988.65263761 5003.29848426
 5009.80482722 5017.86576453 5019.80422413 5020.31632227 5023.55417714
 5037.88082495 5080.67493573 5084.46705525 5085.2048859  5086.67428055
 5104.19768338 5107.67920403 5119.15266224 5127.65159795 5140.61991737
 5141.04851581 5159.11738333 5165.62882628 5169.43211242 5181.95176682
 5186.46518371 5194.04078945 5201.42236256 5204.39638506 5219.42573031
 5221.52205601 5235.77390409 5240.44135376 5243.07881082 5252.30091056
 5275.84629146 5296.19085068 5307.05267778 5308.16177374 5311.6774276
 5312.03019299 5316.0792449  5325.6787766  5326.90363881 5356.63776383
 5370.99784485 5371.91047486 5372.00360786 5381.94550497 5385.03602705
 5398.98500957 5408.07910978 5409.81413679 5411.12569868 5412.84069243
 5426.65560878 5444.41847741 5464.85830295 5472.05761006 5481.36694282
 5486.07202568 5491.3542731  5547.4674687  5548.56539804 5575.40373361
 5580.27731585 5583.7961697  5588.17472042 5618.96877491 5620.85406805
 5631.55822905 5643.18818669 5657.29123532 5670.18682168 5680.531184
 5685.18643371 5686.61999515 5706.94565444 5738.67857219 5766.60530379
 5782.97557749 5789.83235252 5793.17890699 5797.22389226 5800.46034714
 5801.79484227 5805.66862816 5838.40010893 5850.3888986  5853.39685431
 5853.77085294 5861.08569297 5863.56775059 5868.82129812 5869.21353002
 5871.75052078 5873.80761329 5877.61779941 5879.62375877 5892.56857828
 5899.75081879 5909.32345058 5911.39507637 5934.03966055 5934.373526
 5939.97027228 5948.73114037 5952.47036008 5959.61496739 5963.26012078
 5979.19822939 5984.22081109 5990.97801981 5993.62471017 6004.31003791
 6011.07441327 6017.34009045 6025.89022597 6045.29598862 6047.82171275
 6073.79401814 6079.41106435 6101.61138348 6118.93172039 6126.64162564
 6138.24695003 6149.11927709 6158.42980984 6162.74509412 6165.66285016
 6168.90293836 6190.1859275  6194.90194365 6216.02456671 6224.52563575
 6233.38403681 6235.18693024 6235.4638959  6246.57898875 6258.14491328
 6296.22300791 6301.74665446 6326.79749654 6327.23419495 6332.2441767
 6332.88394103 6335.43633174 6336.19382898 6339.77241594 6342.90107121
 6357.56268447 6381.52326386 6394.63048278 6428.12106078 6432.03681319
 6442.84577381 6452.38480573 6459.73947894 6471.21090382 6478.95280895
 6490.44900041 6499.60006708 6508.26723551 6521.11255538 6527.27759959
 6530.24838877 6530.35195506 6533.97880851 6535.67253568 6554.88949901
 6565.50422701 6585.30932153 6585.34725473 6586.94808223 6589.16070751
 6595.08738592 6596.38591452 6610.96332809 6625.40570881 6658.19435604
 6681.42337142 6688.07161387 6698.36944303 6701.40119865 6708.74553857
 6712.20635929 6718.41863666 6725.70337679 6760.13001806 6767.53612441
 6783.43086651 6790.96650573 6810.83880001 6815.97771462 6827.41580629
 6830.58792807 6844.19271184 6861.65554823 6873.28327254 6881.60657556
 6900.43027366 6912.96556133 6919.89673608 6924.67345201 6930.89042937
 6934.34328346 6951.3897547  6957.42789937 6959.07382671 6962.04794921
 6964.03630863 6970.12715311 6979.1713535  6984.46446755 7003.56966462]"
