,unit_id,structure,is_qc_pass,spike_times
0,714748_2024-06-24_A-0,PIR,True,"[  26.15644764   28.71163925   28.76187241 ... 7612.25755934 7612.53789175
 7615.89348072]"
1,714748_2024-06-24_A-2,PIR,True,"[  29.17627105   29.49603667   34.20232121 ... 7608.64130455 7612.8970239
 7618.36600593]"
2,714748_2024-06-24_A-6,AIp,True,"[  21.20006392   21.26406371   23.67708912 ... 7617.50347543 7619.30786951
 7619.70713486]"
3,714748_2024-06-24_A-7,AIp,True,"[  20.23656709   20.26293367   20.33493343 ... 7616.71061137 7617.70587477
 7618.91990411]"
4,714748_2024-06-24_A-8,AIp,True,"[  20.76613202   20.8621317    20.89956491 ... 7618.25023965 7618.34577267
 7618.43083905]"
5,714748_2024-06-24_A-9,AIp,True,"[  21.17866399   21.52479619   22.17659405 ... 7620.14370009 7620.14973341
 7620.25459973]"
6,714748_2024-06-24_A-11,AIp,True,"[  20.20973384   20.38269994   20.5879326  ... 7620.46009906 7620.59709861
 7620.72693151]"
7,714748_2024-06-24_A-12,AIp,True,"[  21.73172884   21.76032875   21.79319531 ... 7618.45903896 7618.63110506
 7618.70070483]"
8,714748_2024-06-24_A-14,AIp,True,"[  24.26545385   24.42212001   43.80992298 ... 7618.89457086 7618.96247064
 7619.33406942]"
9,714748_2024-06-24_A-16,AIp,True,"[  21.93862816   22.60649264   24.22395399 ... 7619.08943689 7619.16906996
 7619.29620288]"
10,714748_2024-06-24_A-18,AIp,True,"[  22.1292942    22.15819411   22.38012671 ... 7620.24876642 7620.27106634
 7620.3647327 ]"
11,714748_2024-06-24_A-19,AIp,True,"[  20.51683283   20.53336611   20.7405321  ... 7620.18759995 7620.30419957
 7620.61793187]"
12,714748_2024-06-24_A-21,AIp,True,"[  41.23469811   63.62812454   64.88328708 ... 7616.8048444  7619.7757013
 7620.53726547]"
13,714748_2024-06-24_A-22,AIp,True,"[  25.47038323   26.04211468   27.43407678 ... 7618.05674028 7618.43470571
 7619.36620265]"
14,714748_2024-06-24_A-23,AIp,True,"[  20.28046694   20.29393357   20.38726659 ... 7620.60176526 7620.69249829
 7620.71936487]"
15,714748_2024-06-24_A-24,AIp,True,"[  31.15419789   31.19536442   31.21986434 ... 7617.99627382 7618.08594019
 7618.18730652]"
16,714748_2024-06-24_A-27,AIp,True,"[  20.50703287   20.72179883   21.77536203 ... 7619.28876957 7620.21703319
 7620.55043209]"
17,714748_2024-06-24_A-31,AIp,True,"[  20.95526473   21.03566446   22.10742761 ... 7617.56234191 7617.78990783
 7617.90860744]"
18,714748_2024-06-24_A-33,AIp,True,"[  22.53739286   22.97642475   27.01354483 ... 7583.80861946 7584.00778547
 7603.74902062]"
19,714748_2024-06-24_A-36,AIp,True,"[  20.24676706   20.30806685   20.34366674 ... 7620.67409835 7620.74233146
 7620.76403139]"
20,714748_2024-06-24_A-39,VISC,True,"[  20.19673389   20.36100001   20.53599944 ... 7599.0770693  7611.64239469
 7619.19846987]"
21,714748_2024-06-24_A-40,VISC,True,"[  20.31606683   20.63646577   21.74189548 ... 7569.43406668 7581.04146189
 7596.09944575]"
22,714748_2024-06-24_A-43,VISC,True,"[  25.06225124   25.14375097   26.8370454  ... 7620.56296538 7620.5677987
 7620.71653155]"
23,714748_2024-06-24_A-45,VISC,True,"[  20.58669927   20.82419849   21.07539767 ... 7619.1066035  7619.24770304
 7620.17843331]"
24,714748_2024-06-24_A-50,VISC,True,"[  20.37499997   20.63009913   20.89546492 ... 7620.28899962 7620.4867323
 7620.73806481]"
25,714748_2024-06-24_A-53,VISC,True,"[  25.97708156   27.96844169   31.17529782 ... 7620.05753371 7620.25606639
 7620.36186604]"
26,714748_2024-06-24_A-58,VISC,True,"[  20.18256727   20.85723172   21.00463123 ... 7619.42470246 7619.53326877
 7619.80383454]"
27,714748_2024-06-24_A-60,VISC,True,"[  27.366677     40.36016765   73.47985884 ... 7619.84926773 7620.38123265
 7620.76776471]"
28,714748_2024-06-24_A-66,VISC,True,"[  20.45933302   20.85323173   20.88196497 ... 7620.74736478 7620.76779804
 7620.78883131]"
29,714748_2024-06-24_A-70,VISC,True,"[  26.07928123   26.16241429   26.37478026 ... 7613.57982166 7620.63359849
 7620.64423178]"
30,714748_2024-06-24_A-73,VISC,True,"[  20.56389935   20.62263249   20.72606548 ... 7620.1230335  7620.50386558
 7620.79816461]"
31,714748_2024-06-24_A-78,VISC,True,"[  25.9037818    32.71142611   37.21181132 ... 7617.78370785 7618.7017715
 7620.19063327]"
32,714748_2024-06-24_A-82,SSs,True,"[  23.37592344   25.30308378   25.86428193 ... 7619.74286808 7619.87986763
 7620.69919827]"
33,714748_2024-06-24_A-85,SSs,True,"[  25.91821509   32.3187274    32.32419405 ... 7615.66338148 7615.84191423
 7615.87051413]"
34,714748_2024-06-24_A-88,SSs,True,"[  20.36929999   27.71717585   33.56122331 ... 7614.45848544 7616.96224388
 7617.42547569]"
35,714748_2024-06-24_A-89,SSs,True,"[  20.93096481   30.39616705   35.08155165 ... 7615.3131493  7617.39904244
 7617.77270788]"
36,714748_2024-06-24_A-91,SSs,True,"[  20.27650029   20.28583359   20.29280024 ... 7620.76089807 7620.781798
 7620.79906461]"
37,714748_2024-06-24_A-92,SSs,True,"[  21.02069785   21.23059716   21.28089699 ... 7619.92176749 7620.23109981
 7620.37709933]"
38,714748_2024-06-24_A-95,SSs,True,"[  25.8935485    25.97628157   28.04294144 ... 7619.35833601 7619.37920261
 7619.58656859]"
39,714748_2024-06-24_A-102,SSs,True,"[  20.1938339    20.20760052   20.22883378 ... 7620.67009837 7620.68663164
 7620.780598  ]"
40,714748_2024-06-24_A-105,SSs,True,"[  20.71319886   20.77606532   20.80179857 ... 7620.74236479 7620.74993144
 7620.77443136]"
41,714748_2024-06-24_A-107,SSs,True,"[  20.38319994   20.73549878   21.38549665 ... 7619.94770074 7620.26569969
 7620.50503224]"
42,714748_2024-06-24_A-108,SSs,True,"[  27.8339088    61.70419753   65.6601512  ... 7619.55323537 7620.03623378
 7620.56866537]"
43,714748_2024-06-24_A-109,SSs,True,"[  43.06895875   85.4556195    96.95808171 ... 7619.49476889 7619.68370161
 7619.86763433]"
44,714748_2024-06-24_A-110,SSs,True,"[  20.19280057   20.19516722   20.19750055 ... 7619.85076772 7619.8875676
 7620.47643233]"
45,714748_2024-06-24_A-112,SSs,True,"[  20.26423366   20.7810653    20.94796475 ... 7620.31443287 7620.40286591
 7620.48579897]"
46,714748_2024-06-24_A-114,SSs,True,"[  20.73853211   21.06783102   21.29733027 ... 7603.81538707 7610.93529701
 7619.30483618]"
47,714748_2024-06-24_A-115,SSs,True,"[  20.19270057   20.37233331   20.37883329 ... 7620.41199921 7620.56196539
 7620.70859824]"
48,714748_2024-06-24_A-116,SSs,True,"[  20.19430056   20.20533386   20.21936715 ... 7620.78183133 7620.78656465
 7620.7909313 ]"
49,714748_2024-06-24_A-117,SSs,True,"[  26.65391267   27.90200857   35.89184899 ... 7619.16406998 7619.56473533
 7620.4879323 ]"
50,714748_2024-06-24_A-120,SSs,True,"[  26.14701434   26.22951407   26.50654649 ... 7619.57420197 7619.62746846
 7619.82146782]"
51,714748_2024-06-24_A-122,SSs,True,"[  20.18583392   20.20343386   20.25516703 ... 7620.69526495 7620.69669828
 7620.78166467]"
52,714748_2024-06-24_A-123,SSs,True,"[  20.19743388   20.20990051   20.23433376 ... 7620.72686485 7620.78463132
 7620.78836464]"
53,714748_2024-06-24_A-130,SSs,True,"[  20.7816653    28.16340771   28.6133729  ... 7617.54697529 7618.0227404
 7619.7874346 ]"
54,714748_2024-06-24_A-131,SSs,True,"[  20.41599983   20.568566     20.88616495 ... 7620.55609874 7620.60206526
 7620.68763164]"
55,714748_2024-06-24_A-132,SSs,True,"[  20.91983151   20.95129807   20.96899802 ... 7620.25713306 7620.29596626
 7620.66243172]"
56,714748_2024-06-24_A-134,SSs,True,"[  28.1991076    30.43500025   44.31998797 ... 7619.75140138 7620.28106631
 7620.55576541]"
57,714748_2024-06-24_A-139,SSs,True,"[  23.22115728   26.65054602   26.80727884 ... 7615.91214733 7616.53621195
 7617.59340847]"
58,714748_2024-06-24_A-142,SSs,True,"[  20.73173213   20.78426529   20.93439813 ... 7618.9642373  7619.35846934
 7620.69176496]"
59,714748_2024-06-24_A-144,SSs,True,"[  21.21146389   21.37083003   21.88822833 ... 7616.86911085 7618.44930566
 7618.60633848]"
60,714748_2024-06-24_A-146,SSs,True,"[  48.12187548   60.19803581  120.52957094 ... 7613.99128697 7614.63178487
 7614.72161791]"
61,714748_2024-06-24_A-149,SSs,True,"[  48.61297387   77.18458      89.79493858   94.16309089  108.78404286
  110.17107164  122.35203162  125.65528744  129.72050742  136.06805323
  145.75492141  148.0208473   151.49166923  152.36419969  180.30350791
  205.53412502  248.02621876  251.16670844  255.36362799  264.34959847
  276.36819232  280.016447    284.35519941  299.62594925  305.31736388
  321.95907588  341.39624536  348.36608913  368.10992427  378.844289
  386.77926293  390.44261757  391.1326153   400.56911763  402.58677767
  409.82798721  446.39663375  483.7186778   506.56796941  509.92762504
  519.88632565  578.40990006  579.19799747  592.66195324  599.04089895
  609.75423042  610.80349364  613.47675153  631.8082913   644.46088307
  661.65822658  671.37412799  687.85024053  708.12340726  733.49472391
  737.96500923  794.69122287  795.23855441  825.15255614  895.04922651
  916.412423    945.97019256  981.1380437   996.08859458 1024.8690667
 1092.46071132 1146.25593459 1162.88414663 1166.45023491 1177.07430001
 1182.29034954 1184.5963753  1203.57307963 1223.40334781 1231.06292265
 1256.64820527 1294.88591298 1369.05850264 1370.40749821 1382.84749068
 1383.1266231  1383.1866229  1385.44554881 1388.34200596 1414.69655272
 1421.4488972  1442.84982689 1460.2788363  1471.64073231 1477.42217998
 1479.40604013 1487.10364818 1490.12723825 1490.5778701  1502.30376491
 1560.19917471 1565.23909149 1569.1935785  1587.96161684 1597.86935096
 1613.50029961 1635.76809312 1637.07665549 1646.29835853 1656.15722614
 1664.97456384 1693.19243781 1731.26187941 1754.84563527 1779.45255443
 1836.09586835 1836.24600119 1871.75105121 1872.30611606 1875.16427333
 1881.39161954 1911.37942103 1926.810937   1938.01976684 1954.66751215
 1984.2801482  1988.5223676  2026.92030812 2049.5554671  2073.01229004
 2081.97212727 2100.36830017 2108.75613928 2119.68587004 2143.96285695
 2151.45963232 2164.04369098 2164.38868985 2168.90447501 2170.02193801
 2178.42934372 2181.26526774 2196.00821931 2220.28490622 2227.53104908
 2242.40370022 2256.04832206 2265.02139259 2349.40874869 2353.82690085
 2364.96993091 2365.79219487 2386.66242631 2407.2209921  2410.52311459
 2413.56527126 2423.18513966 2457.47176035 2469.14298868 2476.54179771
 2478.47832468 2480.22298561 2482.15564593 2489.80132081 2517.93742838
 2520.50221996 2532.29108123 2532.85411271 2543.51337769 2574.10144387
 2606.93276935 2632.88938408 2682.75198694 2695.81027737 2703.43985231
 2718.92650143 2760.36119864 2775.68158165 2778.39190608 2785.57208249
 2786.64897895 2818.64267385 2845.25315309 2904.4966918  2931.0402046
 2953.10929877 2955.94488945 2968.04091638 2989.74374508 3028.25798522
 3053.82453457 3088.79928634 3096.55699418 3146.96169526 3147.7812259
 3149.9341855  3167.27646186 3173.63337431 3189.60162185 3205.91136827
 3216.95793198 3235.07937245 3240.53052121 3248.85096054 3264.56530891
 3303.47568109 3338.62026563 3340.73609201 3340.87619155 3347.23683732
 3348.97026496 3361.16829156 3375.16244558 3397.28393958 3437.81787308
 3447.01374287 3450.16909917 3455.70428099 3458.95380365 3466.01481378
 3489.68420269 3492.7555926  3493.38852386 3557.08394794 3565.94005218
 3586.14705246 3592.60219792 3593.02372987 3605.27962294 3612.61676551
 3617.97748123 3652.51346777 3661.60847123 3671.87253751 3678.73814829
 3691.19084071 3759.36345008 3763.54140303 3764.39090023 3807.31519255
 3820.78988162 3820.89708127 3824.94246798 3831.30348042 3859.48135451
 3866.50436477 3872.928977   3886.14210026 3925.82253657 3969.13776094
 3972.70441589 3996.94310293 3999.52442778 4008.03093317 4011.24728927
 4032.33935331 4050.44459383 4057.73823654 4062.93691946 4080.68686115
 4082.61085483 4135.77074686 4147.26047578 4154.19695299 4158.78200459
 4198.1371753  4224.16208981 4226.42034906 4228.73557478 4233.74752498
 4246.08481779 4281.99829981 4283.00926315 4290.41447216 4295.48182218
 4301.53096897 4303.32296308 4318.23751409 4331.4331374  4342.71933366
 4394.94069544 4400.37394426 4406.86038961 4419.91551339 4426.33745896
 4437.20548992 4450.23421379 4451.59214266 4469.6609833  4472.52440723
 4488.8177537  4492.10037625 4503.8239044  4518.38755656 4534.19663796
 4539.05822199 4541.00031561 4577.90559437 4581.2555167  4582.99771097
 4584.45947284 4585.35400323 4588.47289298 4593.19994412 4603.04887843
 4622.04174937 4628.21422909 4641.74528464 4662.09858445 4672.97878204
 4675.45620723 4689.01429602 4689.35746156 4715.08244372 4725.33911002
 4733.72824913 4738.67429955 4745.96934225 4751.58485713 4754.26608166
 4754.96574603 4757.12207228 4757.86213651 4763.35725179 4803.89645195
 4817.27867465 4826.85424319 4866.80521195 4877.76440928 4879.03697177
 4894.00595592 4894.13645549 4905.7420507  4908.95297349 4911.68953116
 4915.85631747 4918.85320763 4922.53139555 4929.89653802 4936.89424836
 4976.32718548 5029.68141021 5032.68146702 5034.8983264  5038.66498069
 5058.05818365 5099.92514611 5136.39092631 5145.44936322 5146.75632559
 5152.29280741 5153.92980203 5183.08360625 5222.05997821 5223.69490617
 5225.58583329 5234.80430301 5235.97013251 5242.13857891 5246.10209923
 5248.49212471 5248.52849126 5252.50781152 5257.9811602  5260.04888674
 5263.83137432 5267.47596234 5270.89921776 5285.88686853 5287.14669772
 5291.09728474 5298.5678602  5302.58378034 5311.07095246 5318.97139317
 5319.54749128 5336.89860094 5354.11284439 5363.46184701 5388.82463036
 5409.91999439 5421.31359029 5422.73898561 5427.91960193 5430.35619392
 5443.92234935 5463.80448404 5471.25795955 5471.29885942 5482.99935431
 5487.29304021 5493.81488545 5498.49077009 5541.13059667 5547.35930955
 5556.72637877 5561.3666302  5567.32584395 5567.36854381 5574.48918709
 5577.00501215 5582.72419337 5595.91158338 5612.33632942 5620.65760208
 5624.18582382 5632.87082863 5645.27992119 5647.08124861 5666.64418434
 5670.43423856 5671.70280106 5673.65516131 5692.67693215 5718.05168213
 5731.08850596 5733.04673286 5746.62358826 5749.31301276 5756.33225637
 5776.03179165 5791.74427337 5791.74877335 5814.91116393 5826.15179366
 5836.98285808 5848.66381971 5858.88575279 5870.71734726 5916.05986497
 5917.31969416 5926.47789741 5939.94178651 5947.82556061 5966.08733395
 5970.79368516 5973.08711096 5975.74566889 5979.69758924 5999.95798935
 6028.34459609 6032.53974898 6033.24351333 6039.20342709 6041.96631801
 6069.83159313 6072.15195218 6080.46119155 6084.56327807 6090.26975933
 6099.65196184 6099.66372846 6102.66855193 6117.2868039  6125.90340893
 6145.82427682 6145.8410101  6148.83460026 6167.38063934 6177.09174077
 6194.49125027 6201.96379239 6211.94925959 6244.44245284 6268.08954182
 6304.9183875  6332.48523027 6339.6903066  6349.38784141 6352.01803277
 6360.97180336 6366.0913532  6389.15164411 6391.78036881 6399.71907606
 6410.01420891 6421.12520574 6455.80565848 6461.56073957 6464.82572884
 6476.57159026 6480.13714521 6505.23176277 6530.63654598 6531.65140931
 6540.71357954 6552.90727282 6554.05916903 6557.62165733 6557.68249046
 6572.90560712 6576.35122913 6598.90818836 6604.03730484 6612.2795111
 6621.06868223 6642.25431263 6686.54230047 6692.0013492  6737.81789869
 6747.22806777 6752.93204903 6761.64362041 6768.9953296  6769.49742795
 6775.00427652 6831.73782348 6855.48887878 6875.27931377 6892.19025821
 6922.62562489 6955.97328201 6969.21957182 6976.49598125 7025.43362049
 7069.27514313 7071.92880107 7073.50179591 7074.65232546 7081.01187123
 7088.68941268 7092.00753511 7158.26521744 7163.31660085 7184.10379923
 7191.60587458 7204.39743256 7210.52461243 7266.7047612  7267.13835978
 7283.69620538 7324.79343704 7356.70206555 7365.08893799 7366.92659862
 7381.62088368 7393.16144577 7396.135436   7428.96572815 7443.65447989
 7479.04349697 7479.42782904 7485.20067674 7510.15732809 7524.95014615
 7532.19292236 7547.92013736 7548.38576916 7557.54800573 7565.83041186
 7593.19432196 7616.72711132]"
62,714748_2024-06-24_A-150,SSs,True,"[  26.95861167   38.89067247   40.75783301 ... 7618.81107114 7619.06843696
 7619.66426834]"
63,714748_2024-06-24_A-153,SSs,True,"[ 112.06759874  112.14486515  128.48327815 ... 7620.18789995 7620.38933262
 7620.49223228]"
64,714748_2024-06-24_A-155,SSs,True,"[  21.11229755   21.77449537   21.93842816 ... 7617.9201074  7618.21017311
 7619.19036989]"
65,714748_2024-06-24_A-160,SSs,True,"[  21.41179656   23.3698568    24.05552121 ... 7616.924844   7616.96881052
 7618.28827286]"
66,714748_2024-06-24_A-161,SSs,True,"[  20.60136589   20.61009919   20.62556581 ... 7618.31087278 7618.47413891
 7620.52526551]"
67,714748_2024-06-24_A-162,SSs,True,"[  20.75249873   21.22023052   21.36719671 ... 7619.11940346 7619.99406725
 7620.67819834]"
68,714748_2024-06-24_A-164,SSs,True,"[  20.6094992    24.20265406   24.22432065 ... 7619.33506942 7619.59780189
 7619.84373441]"
69,714748_2024-06-24_A-165,SSs,True,"[  30.37453378   30.68873275   31.18983111 ... 7613.52225518 7614.01585356
 7617.94780731]"
70,714748_2024-06-24_A-166,SSs,True,"[  21.52626285   21.59329596   21.79099532 ... 7618.31143945 7618.78683789
 7618.92857075]"
71,714748_2024-06-24_A-170,SSs,True,"[  55.70975055   96.89681525  192.77996692 ... 7618.90623749 7620.54053212
 7620.64933177]"
72,714748_2024-06-24_A-174,SSs,True,"[  30.31410065   30.58839975   30.86063219 ... 7620.477999   7620.58459865
 7620.71129823]"
73,714748_2024-06-24_A-175,SSs,True,"[ 316.16562824  462.19221519  491.72025152  545.88964023  688.23610593
  698.70983819  721.04843147  783.03822782  818.2328122   824.69089099
  916.49405606  978.29825303 1007.69055647 1018.50555427 1031.9399768
 1042.40634242 1308.70963423 1312.81158743 1398.19037361 1473.37732661
 1478.63770932 1485.76421925 1495.14642176 1511.77460046 1515.72152083
 1531.89350104 1550.82877216 1585.54992477 1658.25215259 1661.91527389
 1673.04073734 1688.0118215  1708.21915511 1735.48496554 1802.25897951
 1833.20997783 1870.95385383 1874.49230887 1888.00239783 1891.88835173
 1897.76086577 1910.78752297 1953.31841658 2011.11619338 2096.51291283
 2097.18687729 2111.42669717 2117.19171157 2147.2256129  2153.56875873
 2154.82368794 2155.58105212 2158.05874398 2159.54500576 2230.67590542
 2250.14657479 2293.1626668  2303.57626593 2305.98959133 2340.45087812
 2346.44762509 2359.51234883 2398.81001973 2429.16302002 2436.28669662
 2463.07977526 2476.10136582 2511.01125113 2511.50848283 2514.61673929
 2515.68680244 2525.39927053 2548.18082903 2589.55342644 2594.01454512
 2598.01216532 2601.22115478 2612.56681751 2617.49580131 2624.75127748
 2629.13206309 2636.22813978 2648.58713251 2656.1389077  2658.84133215
 2671.22962479 2678.91659954 2724.59224948 2735.291981   2776.83847785
 2783.90802129 2788.61607249 2796.3446471  2804.21972123 2824.88575334
 2859.08757431 2868.01501165 2870.56630327 2887.55758078 2901.75703413
 2908.45944545 2928.59951262 2931.05913787 2946.52965372 2952.96839923
 2956.14765545 2958.66738051 2960.12610905 2969.19037927 2976.81748755
 2992.8346016  2994.65866227 3017.31602117 3034.40466503 3048.78908444
 3087.31902453 3098.31962173 3122.91284093 3149.45808706 3160.3426513
 3167.26629522 3179.69642106 3181.91988042 3182.69901119 3213.90380868
 3216.29133417 3230.9733526  3235.60800404 3238.00796283 3243.63557767
 3266.68190196 3302.89101634 3305.10337574 3312.74165065 3316.56243809
 3317.17076943 3321.76952099 3362.05192199 3364.66841339 3374.58321415
 3397.91807083 3428.89716906 3430.95462896 3443.43782129 3458.90960379
 3471.31579637 3482.33282684 3486.53061305 3501.74532974 3535.65561834
 3540.08243713 3543.60262556 3549.22934041 3549.68717224 3569.79753951
 3604.854791   3614.10219396 3635.50995696 3637.03461862 3638.90527914
 3653.18073225 3669.29407931 3672.03103699 3681.05054069 3681.75087172
 3692.50793638 3717.43732115 3718.19088534 3741.54704195 3760.32511359
 3765.071198   3772.94323881 3773.6137366  3792.4862746  3820.93421448
 3828.18732399 3836.89209539 3837.15536119 3837.24052758 3847.65999335
 3860.34131835 3866.10546609 3867.00092981 3881.85138102 3885.33600291
 3891.27655006 3892.61451233 3898.51029296 3908.34662732 3908.58405987
 3932.26204875 3943.5811449  3959.77272504 3965.60100589 3965.6608057
 3976.45570357 3986.7232365  3988.64309686 4005.343142   4014.58441164
 4027.31683648 4028.14663375 4036.51523959 4038.43363329 4049.5610634
 4052.43205397 4063.95354945 4073.91025008 4075.38284524 4079.79163076
 4104.81374855 4113.26512079 4113.72918593 4115.24544762 4118.52197019
 4136.87884322 4152.83755745 4152.86809069 4167.17947701 4186.0442817
 4193.55999034 4202.61312727 4227.59137854 4239.7912718  4245.17792077
 4246.51601637 4283.73282744 4288.3932788  4305.75818842 4312.06303437
 4316.53858634 4316.79978548 4320.93703855 4340.07524235 4342.92563298
 4342.93663295 4345.61062416 4347.66295075 4347.84095017 4350.69794078
 4358.0779832  4364.94326065 4365.25865961 4375.36745974 4430.80797761
 4431.24397618 4461.99227516 4462.8727056  4484.31630182 4489.33081868
 4494.50833501 4504.25026967 4507.67412509 4521.10831429 4543.19054174
 4548.63762385 4555.38473502 4555.9576998  4562.03977982 4565.25396926
 4567.70599454 4571.38848244 4571.56454853 4574.04110706 4574.80890454
 4577.0524305  4584.1261406  4602.32271415 4602.53914677 4622.57398096
 4623.1580457  4630.00362322 4636.83396744 4658.9063616  4661.01812133
 4663.5950462  4663.98094493 4669.1742612  4669.46426025 4684.24684502
 4689.9154264  4692.05228604 4702.97678349 4733.51144984 4757.73910358
 4761.7411571  4765.32061201 4771.57762479 4772.99495346 4781.6897249
 4789.56243237 4790.54549581 4797.9335382  4805.09311468 4809.90996553
 4820.01943231 4861.29009673 4867.14431083 4867.55844281 4873.34439047
 4877.78424255 4898.30517513 4902.79652704 4902.92432662 4905.64431769
 4908.32680888 4915.98598371 4923.41322598 4924.93328765 4933.74379204
 4934.27232364 4940.92693511 4945.44988692 4961.13596872 4983.43769546
 4985.29915601 4985.60592167 4996.72861846 5022.32423438 5025.4708907
 5030.22744175 5034.61542733 5035.44082462 5054.73599456 5065.54502572
 5067.45185279 5071.00950777 5079.15588101 5083.94483194 5107.22018881
 5119.34094899 5126.41012577 5126.52829205 5128.24885306 5143.71546892
 5176.70529387 5178.80148699 5183.40070521 5185.68623104 5209.26345358
 5223.6746729  5279.29809017 5279.30115683 5291.51758336 5297.42739728
 5299.83488937 5305.73210333 5316.32610186 5329.49542527 5340.18245682
 5355.92197178 5374.12461198 5384.99667627 5389.80596047 5398.35993237
 5419.06129769 5435.75100953 5472.77682123 5475.64121182 5486.17751054
 5497.8383389  5503.41132059 5507.7621063  5517.05937575 5535.2996825
 5539.98130045 5548.17607353 5563.85192203 5564.59108627 5584.22905509
 5585.79758327 5591.11613246 5592.26456202 5605.07771993 5628.34514349
 5630.67596917 5635.03665484 5638.76120927 5639.82767244 5641.3116009
 5646.80848284 5655.04678911 5658.38111149 5660.05813931 5669.20014261
 5676.45218545 5696.38251998 5698.68011243 5700.05467458 5700.15177426
 5702.40850018 5705.00065833 5707.76734924 5709.60270988 5713.76449621
 5725.05909244 5732.07423606 5733.61233101 5739.0420465  5750.32924275
 5751.8366378  5752.6991683  5755.29505977 5757.40091952 5763.11883407
 5765.71472554 5773.81063228 5783.97526556 5800.07751266 5803.5641012
 5807.34652211 5809.23778256 5817.95605392 5823.18337008 5839.18935083
 5841.41724351 5842.54630647 5843.44287019 5848.0077552  5848.24315442
 5848.60475324 5850.6132133  5851.73574295 5855.77959633 5862.54907409
 5864.35586816 5865.57839747 5868.56388767 5873.92350339 5873.95510329
 5881.08671319 5891.11691358 5897.96955773 5899.25492017 5900.7888818
 5904.33550348 5904.81493524 5908.37622354 5917.66592636 5928.98532251
 5940.5145513  5941.12681595 5949.08978979 5950.42491874 5951.20328285
 5953.60774162 5957.25222964 5961.41224931 5961.7802481  5975.45686984
 5987.00069858 5990.36605419 5999.35229134 6005.85476998 6007.74896375
 6007.78199698 6012.4728149  6018.52279503 6022.16481639 6023.06684676
 6023.32484592 6023.63724489 6028.8713277  6051.30588733 6055.57047332
 6056.91986889 6064.34121117 6065.07784209 6074.5705109  6085.55790814
 6087.14716958 6094.30401274 6097.56420203 6101.50165576 6105.65917544
 6108.55196593 6120.82472561 6128.06470183 6129.15686491 6131.20662484
 6136.55847393 6164.18818316 6165.81437781 6173.07455396 6174.89774797
 6177.30814006 6182.60925597 6211.17029548 6215.41431487 6216.98627637
 6233.05959024 6239.91406772 6241.06813059 6249.06353766 6255.38811688
 6256.72854581 6256.73987911 6261.19293115 6278.46864106 6281.19913209
 6283.44175806 6295.06338654 6304.66168834 6306.14568347 6335.45525385
 6341.56400045 6355.4187216  6355.85912015 6362.04609983 6363.68799443
 6364.18009282 6371.53313533 6375.15365677 6375.84915448 6375.93825419
 6386.1835872  6403.32259756 6405.99668877 6412.7659332  6418.77031348
 6419.02001266 6432.63186794 6432.64926788 6434.40899544 6442.09303686
 6442.20376983 6451.63197219 6456.56742264 6456.59935587 6461.76803889
 6473.37493409 6482.29807145 6488.81658336 6493.60766762 6500.06927973
 6506.2383928  6519.00781751 6519.49648258 6520.47167937 6530.22844732
 6533.04633806 6535.51606328 6538.14015466 6544.4998671  6545.19686481
 6545.20123146 6582.6729417  6593.50543944 6594.7653353  6600.59428282
 6620.02785231 6620.68435016 6628.85632331 6629.58705424 6633.34894188
 6639.29475568 6648.37062587 6659.4012563  6688.10249534 6690.06812222
 6699.25945869 6701.12235257 6708.12712956 6716.4254023  6717.88036418
 6719.93019078 6736.62006929 6739.1817942  6748.10486489 6752.04148529
 6753.61998011 6756.09857196 6757.73953324 6760.78835656 6761.52312081
 6766.21037208 6778.16203281 6783.56998172 6784.49194535 6816.09240821
 6816.82230581 6820.77882614 6824.90491259 6846.70107432 6852.66512139
 6853.28928601 6857.02137375 6860.44069585 6863.45415262 6866.21014356
 6867.49410601 6868.15253718 6868.61096901 6873.23365382 6887.78993934
 6890.34743093 6898.35970461 6899.18960189 6904.58868415 6907.79954027
 6920.69943122 6920.85623071 6933.13979035 6934.02568744 6947.20731081
 6959.18990477 6968.61144049 6988.69284119 6995.40471914 6997.00971386
 7002.02486405 7024.54445674 7026.56745009 7032.28269799 7036.49361748
 7044.78635691 7053.07266302 7053.45719509 7057.89924716 7061.52340192
 7075.55692249 7076.03602091 7082.02733457 7084.95579161 7089.89627538
 7109.94787617 7113.75443034 7119.5098781  7126.67978787 7147.84325168
 7148.44984969 7150.08294432 7154.1197644  7169.71507983 7174.61796372
 7184.1030659  7190.58981125 7192.11097292 7195.12459635 7221.86914183
 7227.15712446 7231.59004323 7240.89474599 7244.67476691 7245.23169841
 7262.66734113 7264.44073531 7265.20763279 7291.44851325 7299.96425194
 7304.91363568 7326.71273073 7329.00972319 7342.99621057 7349.48268926
 7357.37599666 7366.23886755 7370.01152182 7378.89849263 7409.63329166
 7409.81755772 7414.07864372 7415.58563877 7428.10163099 7429.620226
 7431.24518733 7463.56218116 7476.53283855 7487.98856758 7495.97274135
 7521.58739054 7528.6997005  7542.75685432 7562.63122237 7565.63587916
 7575.01924834 7586.73230986 7588.06730547 7595.57548081 7598.87713663
 7615.73224792]"
74,714748_2024-06-24_A-179,SSs,True,"[  21.04749776   21.05259774   30.33273392 ... 7620.39596593 7620.40386591
 7620.64486511]"
75,714748_2024-06-24_A-185,SSs,True,"[  21.58582932   21.60179594   21.61562922 ... 7619.67360164 7619.98576728
 7620.06710035]"
76,714748_2024-06-24_A-186,SSs,True,"[  20.39769989   20.74449875   20.80626522 ... 7620.07610032 7620.2433331
 7620.38096598]"
77,714748_2024-06-24_A-189,SSs,True,"[  20.7492654    20.82303183   20.84149843 ... 7620.33536613 7620.69753161
 7620.71869821]"
78,714748_2024-06-24_A-194,SSs,True,"[  20.40536653   20.56479934   20.70283222 ... 7620.64186512 7620.69533162
 7620.77409802]"
79,714748_2024-06-24_A-209,SSp,True,"[  20.40263321   20.55156605   20.56873266 ... 7620.75263143 7620.76943137
 7620.79719795]"
80,714748_2024-06-24_A-232,SSp,True,"[  22.44132651   22.65745914   23.46458982 ... 7620.03806711 7620.3666327
 7620.53343215]"
81,714748_2024-06-24_A-239,AIp,True,"[  20.54976606   22.44475983   22.53879286 ... 7612.99079026 7618.60157183
 7618.97420394]"
82,714748_2024-06-24_A-242,AIp,True,"[  20.47669963   20.5784993    20.76876534 ... 7614.97088375 7619.05480367
 7620.22033318]"
83,714748_2024-06-24_A-244,AIp,True,"[  21.6142959    23.49522305   25.84758199 ... 7618.79143787 7618.96157064
 7619.36066933]"
84,714748_2024-06-24_A-249,AIp,True,"[  32.75135931   33.47015695   38.60067343 ... 7618.15787328 7619.34823604
 7619.86686767]"
85,714748_2024-06-24_A-250,AIp,True,"[  27.66220936   31.1406646    37.02074528 ... 7617.77850786 7617.92127406
 7618.15997328]"
86,714748_2024-06-24_A-251,AIp,True,"[  20.60476588   20.79256526   21.90196162 ... 7620.22633316 7620.24279977
 7620.61476521]"
87,714748_2024-06-24_A-253,AIp,True,"[  21.87589504   29.33230387   29.35967045 ... 7613.84735411 7613.87825401
 7617.75924126]"
88,714748_2024-06-24_A-256,AIp,True,"[  22.9105583    31.18379779   36.70271299 ... 7619.1285701  7620.09280026
 7620.27276634]"
89,714748_2024-06-24_A-257,AIp,True,"[  20.40709986   20.51209952   20.64516575 ... 7619.462969   7619.78600127
 7619.89996756]"
90,714748_2024-06-24_A-261,AIp,True,"[  35.93298219   37.38867741   41.5501304  ... 7618.95920399 7618.98587056
 7620.55959873]"
91,714748_2024-06-24_A-262,AIp,True,"[  25.02395136   34.5611867    47.47497761 ... 7617.86027426 7617.95747394
 7619.18020326]"
92,714748_2024-06-24_A-267,VISC,True,"[  20.52356615   20.85473172   21.17429734 ... 7603.19822243 7605.58404793
 7609.54443491]"
93,714748_2024-06-24_A-269,VISC,True,"[  23.53368959   24.37928681   24.52831966 ... 7618.69383819 7618.72217143
 7619.10470351]"
94,714748_2024-06-24_A-276,VISC,True,"[  38.38214081   38.66020656   38.93153901 ... 7618.51060546 7618.78647122
 7619.25263636]"
95,714748_2024-06-24_A-287,VISC,True,"[  26.92581178   27.17897761   28.78147235 ... 7618.61263846 7619.30170286
 7619.51723549]"
96,714748_2024-06-24_A-288,VISC,True,"[  37.48451043   90.5895693   602.42285451 ... 7610.68633116 7610.70123111
 7610.81533074]"
97,714748_2024-06-24_A-295,VISC,True,"[  32.9056588    85.9410179    86.14941722 ... 7620.47433234 7620.60856523
 7620.75899807]"
98,714748_2024-06-24_A-296,VISC,True,"[  24.10028773   25.28045052   41.84829609 ... 7572.179191   7595.58944743
 7607.46454175]"
99,714748_2024-06-24_A-297,VISC,True,"[  22.98772472   24.36572019   33.9919219  ... 7618.14867332 7619.17690327
 7619.86466768]"
100,714748_2024-06-24_A-298,VISC,True,"[  22.64579251   23.76825549   24.34088694 ... 7613.09502325 7618.24250634
 7619.95566738]"
101,714748_2024-06-24_A-301,VISC,True,"[  23.17992409   23.96698817   24.03255462 ... 7616.43817893 7616.7327113
 7617.23344299]"
102,714748_2024-06-24_A-302,VISC,True,"[  25.83854869   25.87718189   26.02451474 ... 7611.90452716 7613.57988832
 7619.77143465]"
103,714748_2024-06-24_A-305,SSs,True,"[  20.80276523   21.60382926   23.21245731 ... 7618.07434023 7619.18563658
 7620.37829932]"
104,714748_2024-06-24_A-306,SSs,True,"[  21.4410298    23.39245672   24.45638656 ... 7619.87650097 7620.40323258
 7620.49079895]"
105,714748_2024-06-24_A-307,SSs,True,"[  21.6327625    29.64843617   30.40883367 ... 7615.36168247 7615.54558187
 7620.09136693]"
106,714748_2024-06-24_A-308,SSs,True,"[  20.83956511   20.95143141   21.67126238 ... 7618.47093892 7620.19419993
 7620.38059932]"
107,714748_2024-06-24_A-309,SSs,True,"[  31.74182929   37.14551154   37.16291148 ... 7619.75883469 7620.04770041
 7620.40493257]"
108,714748_2024-06-24_A-310,SSs,True,"[  41.90962922   42.45656076   51.22569862 ... 7615.81458098 7619.73013479
 7620.60196526]"
109,714748_2024-06-24_A-312,SSs,True,"[  23.40689001   23.76012218   25.87201524 ... 7614.3480858  7615.08585004
 7615.84744754]"
110,714748_2024-06-24_A-313,SSs,True,"[  26.01638143   26.15498098   32.50169346 ... 7619.20390318 7619.22936976
 7619.26756964]"
111,714748_2024-06-24_A-314,SSs,True,"[  20.70263222   20.71573218   20.73449879 ... 7620.74609812 7620.76216473
 7620.76759804]"
112,714748_2024-06-24_A-316,SSs,True,"[  28.10137458   28.11727453   37.16191149 ... 7616.31701267 7616.88414414
 7618.61083846]"
113,714748_2024-06-24_A-318,SSs,True,"[  30.73976592   53.27612521   94.91498842 ... 7616.86437753 7620.32249951
 7620.77773134]"
114,714748_2024-06-24_A-319,SSs,True,"[  28.0972746    37.14057822   38.23954128 ... 7618.39847249 7618.70023817
 7619.2385364 ]"
115,714748_2024-06-24_A-321,SSs,True,"[  20.19783388   20.27046698   20.28833359 ... 7620.7310315  7620.76716471
 7620.78649798]"
116,714748_2024-06-24_A-325,SSs,True,"[  50.79030005   54.10455583   56.68914734 ... 7619.97006733 7620.1428001
 7620.58556531]"
117,714748_2024-06-24_A-327,SSs,True,"[  25.46698324   28.0364748    32.6013598  ... 7619.57510196 7620.5592654
 7620.56509871]"
118,714748_2024-06-24_A-328,SSs,True,"[  22.04619448   28.03820813   30.39930037 ... 7620.44313244 7620.53126549
 7620.59633194]"
119,714748_2024-06-24_A-329,SSs,True,"[  25.71181577   29.75083583   32.4809602  ... 7619.68366827 7619.86763433
 7620.63129849]"
120,714748_2024-06-24_A-332,SSs,True,"[  20.22240047   20.27073364   20.4356331  ... 7620.59373195 7620.61696521
 7620.72036487]"
121,714748_2024-06-24_A-333,SSs,True,"[  20.77396532   21.29383028   21.63979581 ... 7618.78620455 7618.8835709
 7619.95400072]"
122,714748_2024-06-24_A-336,SSs,True,"[  21.28296365   28.10490791   28.12714117 ... 7620.58983196 7620.68243166
 7620.74243146]"
123,714748_2024-06-24_A-340,SSs,True,"[  20.26946698   20.31446683   20.39036658 ... 7620.65756507 7620.72539818
 7620.78986464]"
124,714748_2024-06-24_A-342,SSs,True,"[  21.12673083   21.66126241   21.77929535 ... 7620.53013216 7620.59853193
 7620.77813134]"
125,714748_2024-06-24_A-347,SSs,True,"[  20.46946632   20.49236625   20.53003279 ... 7620.09416692 7620.11276686
 7620.2836663 ]"
126,714748_2024-06-24_A-348,SSs,True,"[  56.37854836   60.13916934   75.9790173  ... 7619.27950293 7619.47053564
 7619.97123399]"
127,714748_2024-06-24_A-349,SSs,True,"[  49.00133926   57.50951131   63.62915787 ... 7618.31927275 7619.6440684
 7620.4664657 ]"
128,714748_2024-06-24_A-350,SSs,True,"[  38.47954049   41.32323115   42.52139388 ... 7615.47804876 7615.8496142
 7620.37019935]"
129,714748_2024-06-24_A-351,SSs,True,"[  22.86175846   41.87179601   52.25782856 ... 7615.72178129 7616.39417908
 7617.08194349]"
130,714748_2024-06-24_A-355,SSs,True,"[  20.7496654    23.75385553   26.89284522 ... 7619.69850156 7620.36103271
 7620.64046513]"
131,714748_2024-06-24_A-356,SSs,True,"[  20.60976586   21.5535961    53.82472341 ... 7613.22192283 7615.25758281
 7615.36768245]"
132,714748_2024-06-24_A-358,SSs,True,"[  48.72970682   83.89495796   92.09399769 ... 7620.35939939 7620.40713256
 7620.73129816]"
133,714748_2024-06-24_A-359,SSs,True,"[  23.23972389   30.83113228   48.47500765 ... 7615.46531546 7615.6979147
 7620.00646721]"
134,714748_2024-06-24_A-363,SSs,True,"[ 250.73307653  259.67331383  343.02110669  554.71874456  644.81404858
  847.42518297  848.04924758  848.34334662  971.84260757 1001.52767671
 1026.75072718 1105.62616806 1126.98866455 1358.71550329 1521.7292011
 1606.84435481 1766.78626271 1807.34692946 1869.38849231 1956.39453981
 2073.530355   2073.97028689 2120.38056776 2145.18335294 2158.00281083
 2166.77954866 2181.997032   2210.71333766 2240.06677457 2340.2038456
 2353.03057013 2367.25289007 2367.60348892 2423.77980437 2426.31382938
 2427.49395884 2434.63710204 2445.75023219 2448.99275488 2477.30926185
 2478.60342427 2486.31866559 2508.81229169 2528.5748601  2533.24107811
 2533.76440972 2533.87807601 2535.83630291 2547.82639686 2642.75881832
 2685.28297862 2707.29043966 2707.32280622 2805.39411737 2836.56581497
 2887.72741356 2942.52410021 2951.05353885 2954.73352676 3009.79337922
 3039.15998274 3046.05789341 3062.53747261 3096.38739474 3138.59922273
 3146.20919773 3174.04700628 3191.72071489 3204.09874089 3228.05859551
 3239.91848988 3270.39868975 3272.31395013 3292.94621568 3293.28571456
 3304.48791109 3311.61295435 3321.93582044 3328.766898   3330.32082623
 3338.203267   3351.30805728 3360.17869481 3363.4776173  3364.01471554
 3403.75091833 3405.83267816 3440.03296581 3481.87382835 3485.64618263
 3486.43461337 3496.29524764 3504.73625324 3516.68754732 3528.30427582
 3538.88617439 3571.71323321 3573.04582884 3573.1068953  3602.99933043
 3606.6914183  3622.67936578 3633.10143154 3652.55723429 3652.57723423
 3666.76748761 3674.7045282  3694.94219505 3710.71130991 3748.76391824
 3761.21907732 3773.14227149 3781.42114429 3795.00693299 3846.62819674
 3887.09799712 3899.80645537 3926.91329965 3931.15525239 3938.6987276
 3939.07322637 3943.47581191 3958.07256396 3976.03700494 3976.61550304
 3991.4217544  3991.43595435 4012.14211966 4022.21105325 4031.77932182
 4050.61899326 4057.03127219 4063.02601917 4091.8513578  4109.74343236
 4117.32984077 4139.5507011  4142.6568909  4147.4045753  4171.3506633
 4194.75178643 4210.53986789 4223.47925872 4241.44416637 4244.01702458
 4250.92613522 4252.21776431 4254.86862227 4255.49362021 4256.81458254
 4264.52179055 4265.34108786 4265.83325291 4277.05148272 4282.98076325
 4284.13599278 4290.44573872 4310.07334091 4388.16788435 4399.68691318
 4425.29626238 4449.67681562 4454.27656718 4471.56451038 4483.64533736
 4499.42891884 4510.86924793 4533.69910626 4537.81182608 4543.36350784
 4544.45527092 4545.77889991 4553.20574218 4563.9222403  4582.48407933
 4583.04301082 4594.71510581 4595.66510269 4608.40916082 4619.18609209
 4642.22448307 4643.18861323 4728.65816579 4767.66500431 4788.07653725
 4789.72059852 4809.00740182 4811.76325944 4818.25153812 4818.62557023
 4843.35818898 4860.48896603 4860.68503205 4883.23079132 4899.563371
 4909.74540422 4925.37961952 4925.72695171 4951.69713306 4951.9389656
 4953.45769395 4962.83789646 4964.98802273 4996.71308518 5002.97549794
 5018.52134687 5022.01716872 5023.2083648  5028.61168039 5037.93978308
 5076.66002254 5077.20635408 5080.04727808 5082.12037127 5082.57816976
 5086.51765682 5089.93804559 5096.77088981 5103.35243485 5104.28856511
 5113.82086713 5126.45842561 5130.59051204 5135.93869447 5164.389301
 5168.03415569 5170.50101426 5176.25982867 5179.87318347 5180.55574789
 5200.5710488  5222.6931428  5253.38540863 5255.22306926 5273.06664398
 5287.1132645  5293.38697722 5294.21127451 5304.91737268 5308.0565957
 5308.80739323 5308.86642637 5313.00074612 5316.81810025 5346.63866895
 5360.16585784 5364.86357574 5366.65513652 5382.52281773 5388.46846486
 5402.37728584 5416.03944095 5416.12904066 5422.65601922 5425.40781018
 5432.8902856  5436.01204201 5436.94120562 5448.00986926 5448.93729955
 5453.25695202 5475.33667949 5476.53210889 5490.2379972  5514.56555061
 5522.33375843 5529.6181345  5549.80686817 5568.35740723 5570.66139966
 5574.19848804 5596.21651571 5624.05329093 5627.92794486 5630.90030177
 5639.01197512 5656.42711791 5670.84330388 5671.13703625 5671.49540174
 5678.925344   5696.31132021 5701.51733644 5705.04172487 5705.08845805
 5705.45299018 5715.22462475 5715.58022358 5716.26105467 5719.68451009
 5726.6333206  5749.15154662 5749.49061218 5753.56669879 5755.59279213
 5759.56654574 5763.48439954 5794.96052947 5795.80446003 5796.97028953
 5803.1908691  5827.5324558  5877.33335886 5883.55267176 5886.01153035
 5907.46462654 5907.59859276 5908.55765628 5910.83631546 5915.85729897
 5919.8131193  5938.89668994 5976.73223232 5980.87291871 5994.00850889
 5998.22122839 6018.47152853 6056.477637   6065.2658748  6073.59368078
 6080.120326   6093.35551585 6108.5823325  6111.1478574  6115.22214402
 6115.5932428  6116.60227282 6118.25383406 6126.75313947 6127.24677118
 6133.18855166 6135.14547857 6155.45251186 6156.42100867 6156.69230778
 6163.97555052 6175.04548082 6180.27193032 6195.53578018 6198.2065714
 6202.40965759 6202.58485702 6208.07217232 6211.03026261 6211.33599494
 6235.03971706 6242.97245767 6258.29764066 6258.98053841 6264.67411971
 6268.57967355 6288.78870716 6291.53766479 6291.67993099 6293.47862508
 6303.02869371 6306.84944782 6325.09542122 6329.16547451 6343.9424593
 6369.73320791 6373.06146364 6375.01165723 6376.6943517  6376.95345085
 6382.35906643 6383.18116373 6384.44912623 6399.91727541 6404.811426
 6413.21919838 6413.42936436 6414.11562877 6419.86134323 6420.233542
 6435.80115753 6439.46691215 6448.45648262 6448.52118241 6466.56395647
 6471.77190603 6475.29476112 6481.67240683 6493.87156676 6498.61021786
 6514.55533214 6515.64036191 6520.97031107 6523.41096972 6523.93850132
 6524.62663239 6526.56115937 6530.15161424 6530.1931141  6549.34825117
 6553.35930466 6559.14185233 6560.23428208 6563.11680594 6563.36570512
 6564.09586939 6590.98391439 6601.250014   6605.38456709 6611.53611354
 6611.6817464  6612.44554389 6624.05980573 6634.81683706 6641.85551394
 6643.4301421  6645.40223562 6656.20246681 6656.30496647 6660.28935338
 6663.81770846 6671.36591699 6674.92703863 6684.99913887 6686.86906606
 6689.57285718 6691.40935115 6697.92376308 6701.1132526  6706.73943412
 6726.03600406 6731.20658707 6744.73827595 6754.84024276 6761.61618717
 6780.65145797 6780.81119078 6781.556255   6784.59721167 6787.43573568
 6799.03343092 6800.27292684 6802.73955207 6811.49915663 6812.69271938
 6859.37499935 6861.0628938  6862.76155489 6866.89114132 6880.30626392
 6885.28788089 6900.12476548 6910.85163024 6916.5450782  6932.93725769
 6935.69791528 6939.5800692  6953.23715766 6966.77784651 6975.1318524
 6975.50028452 6984.43368851 7008.56900922 7019.21817424 7033.61082696
 7043.945493   7044.11282579 7046.94814981 7048.8581102  7063.92989402
 7070.22917332 7073.43559612 7081.91043495 7093.26546431 7096.11085497
 7096.6580865  7098.42314737 7099.17567823 7103.61069699 7123.59009802
 7130.18564302 7133.02646702 7135.33162612 7141.44870602 7143.49226598
 7152.03603791 7154.20323079 7158.6549495  7159.23608092 7168.751483
 7168.77258293 7169.28201459 7171.09544196 7171.3674744  7176.64595706
 7177.99895262 7194.62506466 7194.94346362 7206.07452705 7208.89108446
 7226.59742629 7229.96281524 7237.51879042 7240.2736147  7242.00397568
 7242.80743971 7246.31809484 7246.49056094 7249.38708476 7252.89283991
 7253.51920452 7256.79949374 7257.734624   7335.06960328 7337.79662765
 7358.3589601  7386.93623289 7406.24146947 7410.58582186 7482.72765153
 7490.02612755 7518.79326638 7520.53959398 7522.85001972 7531.84312351
 7533.85278357 7543.01482014 7545.38774568 7546.86717415 7548.23603632
 7568.36123688 7569.61373276 7578.61930318 7582.93695566 7586.67944336
 7608.38087207 7612.75862436 7612.8169575 ]"
135,714748_2024-06-24_A-364,SSs,True,"[  28.3201072    29.65803614   30.42586695 ... 7620.06950034 7620.15630005
 7620.68186499]"
136,714748_2024-06-24_A-365,SSs,True,"[  60.37216857  103.95039207  122.38139819  138.61161154  209.65207816
  210.50710868  256.78735665  312.93417219  416.58873167  443.74504246
  472.55404782  551.92508707  613.48835149  654.70164943  699.28003631
  704.60621882  817.98367969  885.29962521 1126.11190077 1135.48236998
 1160.55265429 1162.28108194 1190.86698803 1199.81509197 1277.30883739
 1291.74212331 1412.60715958 1418.83333913 1476.24208386 1525.51045534
 1601.68687175 1615.17102746 1638.90284949 1706.68906014 1724.77080074
 1738.8461545  1769.17305487 1802.6778448  1821.57444939 1914.12011202
 1937.85730071 1947.72730162 1948.92659768 1952.90315128 1956.51807274
 1956.91450477 1964.67157929 1970.28879417 1973.05178509 2006.78927426
 2011.11096006 2022.83902153 2032.25025728 2032.64098933 2035.56651305
 2051.47882744 2070.70499762 2072.24645922 2076.20237956 2083.68135499
 2110.98699862 2150.8585343  2174.62938954 2192.87099628 2219.54334199
 2221.28776959 2223.49419568 2255.73158977 2270.40650823 2271.99123636
 2282.74896768 2284.00253023 2300.26854346 2310.33187707 2324.69309655
 2331.87880628 2346.75162409 2366.69809189 2369.98484776 2381.31964386
 2423.77683771 2437.69002534 2448.2037908  2457.50969356 2484.73783745
 2505.54140244 2514.98507141 2517.02223139 2523.19584444 2557.66316454
 2570.78735476 2570.93352095 2593.94761201 2596.13727148 2639.68282843
 2641.03422399 2679.18149867 2688.48060145 2715.68591208 2732.12479141
 2763.64585452 2803.80698925 2815.29525151 2820.03136928 2825.37678506
 2837.65517805 2841.20293307 2845.32538619 2858.49457626 2885.13165542
 2895.02782291 2902.21536596 2909.17257644 2919.12114376 2927.04591772
 2936.49592001 2965.9559899  3004.76679573 3009.24211436 3021.38514114
 3041.94160694 3048.38841909 3084.62753337 3105.1475993  3112.66584126
 3140.83474872 3153.31917438 3197.68529529 3207.56559617 3216.18580118
 3217.79649589 3221.81888268 3223.0099121  3235.97906949 3273.17828062
 3279.03032806 3308.10319922 3320.13082637 3330.93492421 3334.19634683
 3358.78526605 3360.75132626 3367.56807053 3376.14190903 3397.32807277
 3398.21450319 3411.61555916 3415.1770808  3423.87438556 3450.42659833
 3450.69226412 3454.35171877 3460.26316601 3463.64518824 3473.85515469
 3475.48151602 3478.40320642 3481.05063106 3495.50221691 3498.08224177
 3501.26146466 3513.62865737 3515.41565149 3527.15721292 3531.8500975
 3532.77369447 3536.74614809 3549.21830711 3553.99532475 3556.11435113
 3558.41237691 3560.79276909 3566.99941537 3577.83167978 3606.77435137
 3609.44360926 3613.78646166 3645.37012457 3645.42865771 3651.35580491
 3653.76663032 3665.50739175 3669.30201262 3679.72051172 3679.92601105
 3679.9705109  3707.34798763 3727.55822124 3739.0341502  3751.26291003
 3751.79454162 3753.74153522 3761.25364387 3768.85135225 3771.85467572
 3777.51299046 3794.03320285 3797.84442367 3805.31749912 3824.81583506
 3836.66792946 3838.99145516 3841.36651402 3857.304095   3870.97558342
 3871.49031506 3871.66561449 3878.51819197 3879.39868908 3893.47204285
 3908.40652712 3916.5401004  3938.04496308 3944.31650915 3964.57774259
 3971.46428663 3977.09656813 3983.21148137 3984.42567738 3987.17636835
 3995.64710719 3996.04207255 3999.18092891 4017.53500195 4020.19459321
 4045.85264225 4046.60253979 4059.95836258 4069.25209871 4094.97674754
 4109.21176744 4114.44391692 4117.53930675 4121.51892701 4141.41609498
 4185.71538278 4196.23511489 4203.86902314 4205.00511941 4211.26286552
 4225.9007841  4229.78880466 4237.12978054 4237.45637947 4251.91433197
 4255.17085461 4278.06557939 4311.44560307 4337.51588409 4344.35749495
 4348.1268159  4350.80974042 4357.55781825 4363.93003065 4365.05152696
 4365.40315914 4371.70697176 4375.8673581  4382.09953762 4382.89006836
 4391.64943958 4396.42495723 4406.18852515 4412.09440575 4423.46310174
 4426.02605998 4437.29172297 4443.41870285 4445.58499573 4449.559916
 4459.32641725 4459.9730818  4478.12382217 4479.03025252 4482.02700934
 4490.02174975 4490.25658231 4491.99150994 4494.58586809 4501.39937904
 4502.13240996 4518.11692412 4525.41070015 4529.56191985 4546.96079603
 4547.07369565 4550.63665062 4551.26481522 4552.51964443 4556.22859891
 4571.42531566 4572.61227842 4572.67041157 4573.37860924 4573.551942
 4580.2196201  4608.53742707 4619.43302461 4658.79142864 4686.33560482
 4690.68852386 4722.74761854 4724.76697857 4742.4014873  4757.56230416
 4759.55189763 4761.66499069 4764.39548172 4789.33373312 4791.4119263
 4802.27262395 4812.64075655 4843.16202295 4855.46598253 4860.9361979
 4892.62642712 4898.77980691 4899.81143685 4901.56646442 4904.44742162
 4909.49110505 4911.48556517 4914.23842279 4915.42575222 4925.78658485
 4930.38240309 4943.42102692 5001.96583459 5009.58920955 5014.29796074
 5014.64599293 5035.79792345 5036.6654206  5079.15148102 5079.2489807
 5087.8240192  5098.09385213 5108.94941646 5121.1137765  5126.00162711
 5140.01268108 5141.06361096 5142.50413956 5145.87309516 5169.0667523
 5173.86776986 5174.76360025 5178.5537878  5181.36757856 5186.58922807
 5192.33537586 5193.61740498 5195.99333051 5197.38405927 5200.14518354
 5204.11673716 5206.50359598 5219.27662069 5224.50297018 5230.02351871
 5231.59121356 5238.24215838 5241.46798112 5242.83457663 5245.01150281
 5249.78095381 5254.18193935 5254.92597024 5256.71979768 5279.0557243
 5293.2119778  5295.06183839 5295.28317099 5296.04090184 5304.04200888
 5307.16749862 5307.21086514 5307.55066402 5307.95329604 5311.19785204
 5315.5237045  5315.61250421 5327.24559932 5328.50862851 5330.83792086
 5335.4927389  5343.87574469 5355.18317421 5357.26890069 5358.54252984
 5360.06405818 5373.3678478  5385.74494048 5386.83227024 5395.38934213
 5395.62427469 5407.79756803 5417.01137109 5417.94186804 5420.35479344
 5423.07978449 5423.08158449 5423.48661649 5432.47635362 5437.49317047
 5439.85386272 5445.25724497 5452.47148793 5459.65999765 5467.98853696
 5471.33222597 5483.26185345 5483.33468654 5501.0329284  5533.78062082
 5543.94848742 5544.65671842 5544.9075176  5552.63072556 5559.56136946
 5566.12298124 5570.66749964 5583.23549169 5585.31701818 5589.26793854
 5589.99473615 5602.20452937 5604.52438842 5605.70411787 5607.06384674
 5616.45798254 5616.53888228 5626.70894887 5627.09084761 5630.27517049
 5630.5143697  5639.54237338 5644.94148897 5645.82915272 5645.96498561
 5650.40530436 5650.51387067 5651.40680107 5655.31662155 5656.49571768
 5662.37233171 5669.10020961 5677.43188223 5703.35853039 5706.29715407
 5710.96213875 5725.76235679 5725.90075634 5735.90362348 5738.00474991
 5738.33294883 5738.88281369 5746.87988742 5752.36303607 5755.62455869
 5764.2052305  5764.55602935 5767.16998743 5769.22068069 5771.49600655
 5779.04748174 5794.05906576 5797.9322197  5800.33087849 5801.77210709
 5804.13203267 5806.97119001 5807.44355512 5813.97846699 5821.16554338
 5828.94061784 5832.45840628 5835.50936292 5836.31222695 5845.08759812
 5849.76148277 5849.84444916 5850.24168119 5851.79394276 5852.43354066
 5852.50550709 5855.39093094 5856.81785959 5856.90739263 5857.55945715
 5872.04164291 5877.3612921  5878.83828725 5884.57230174 5885.58729841
 5892.36720947 5893.88047116 5895.66156531 5898.28622336 5902.65284235
 5907.26012721 5930.68445026 5935.43520132 5938.24235876 5939.80812028
 5945.80756724 5956.27559952 5962.9883108  5968.23046025 5985.31407079
 5988.33072755 5990.58275348 5991.21151808 5992.12828174 5993.28017795
 5993.80470956 5997.5672972  5997.7012301  6001.43035118 6003.49587773
 6012.76681394 6021.50701856 6026.09063683 6026.1697699  6038.7530619
 6040.37702323 6044.53054292 6044.8398419  6047.36166695 6051.63271959
 6058.506997   6060.05059193 6063.88671266 6064.63617687 6071.11622225
 6078.99579636 6087.44543527 6091.82282089 6094.91891072 6096.61707181
 6105.75294179 6115.60010944 6117.42593678 6124.55221337 6124.73311277
 6128.08850175 6133.46915074 6133.49131734 6133.77498307 6138.13396875
 6139.06243237 6139.68113033 6149.9502966  6154.24888248 6155.85344387
 6156.54884159 6158.05726997 6177.33297331 6181.93489152 6183.94925157
 6193.7837526  6193.81338583 6195.70387962 6195.88781235 6198.98170219
 6203.84558621 6203.85221952 6210.02193259 6210.17359875 6217.63670757
 6221.8583937  6222.1529594  6222.19159261 6223.61268794 6227.0932765
 6231.61899497 6238.77863811 6248.01640777 6259.84276892 6261.12583137
 6269.99090224 6275.34268466 6282.50079448 6292.85996045 6295.26005256
 6307.93677759 6312.13653045 6313.82402491 6319.50933957 6323.9847582
 6328.9760418  6331.33483405 6334.22889121 6334.33295754 6348.0820457
 6350.50087109 6351.48053454 6352.26756528 6362.36596544 6365.79672084
 6376.47585242 6380.21657347 6380.30620651 6387.80791519 6393.03993134
 6396.76115245 6398.36528051 6398.44321359 6403.14889813 6404.25679449
 6411.8029697  6419.14577891 6420.75974028 6422.18156894 6431.34330551
 6431.36060545 6449.15931365 6449.43081275 6456.84282174 6457.32112017
 6459.42894657 6461.70490576 6464.57689633 6478.47551734 6480.6882434
 6482.05973889 6484.91439618 6491.21550882 6492.89963662 6504.10003316
 6507.88588738 6512.10957351 6517.28052319 6522.65380554 6530.46984653
 6533.52050317 6534.54736646 6538.18212119 6538.41668709 6542.36884077
 6546.8454594  6548.75921978 6553.47253762 6558.08908913 6569.24645247
 6570.39634869 6570.74721421 6573.21983942 6583.47517239 6584.73830158
 6589.59711895 6590.57798239 6594.98930124 6596.36589671 6598.43218992
 6610.30681758 6610.7982493  6614.93153572 6618.1452585  6621.43878101
 6621.56371393 6621.80661314 6623.13740876 6627.92285971 6633.54904123
 6644.40677222 6644.84217079 6645.12000321 6645.20970292 6645.71390126
 6650.77045132 6656.08253387 6661.20215038 6667.73272893 6668.98945813
 6670.58268623 6672.51014657 6672.76807905 6675.64206961 6684.12017509
 6687.24566482 6692.08818225 6698.06959593 6699.97058969 6708.14936282
 6710.54675494 6721.54665214 6721.80958461 6722.16081679 6726.02377076
 6728.14186381 6728.49496265 6729.48359273 6730.00935767 6733.04681436
 6733.51507949 6733.74887872 6738.04623127 6753.96924563 6754.29454456
 6754.79657624 6769.96402641 6771.9059867  6780.70802445 6781.81315415
 6783.96298042 6784.58244506 6789.01143051 6792.09272038 6797.06387072
 6799.42482963 6799.77589514 6815.22397773 6815.36881058 6818.88613236
 6831.22132517 6833.66455048 6836.07734255 6837.58963759 6839.07886603
 6840.67712744 6842.60715443 6842.7305207  6843.63578439 6854.03561689
 6866.94074116 6873.45651976 6873.77065206 6880.8495288  6885.7502127
 6886.45007707 6893.81208622 6895.95554584 6896.55581054 6899.04743569
 6899.83199977 6910.16209917 6916.94234356 6924.2471529  6924.65211824
 6935.20235024 6939.72020207 6943.06532441 6963.99885564 6975.58881757
 6984.31025558 6995.23658635 7000.75170157 7001.98129753 7002.40409614
 7006.27178344 7006.31411663 7008.839475   7008.93094137 7012.21679724
 7018.5200432  7021.27236749 7033.47436074 7036.89698283 7038.75954337
 7050.17023922 7052.95399674 7056.73675098 7057.46448193 7058.79094423
 7059.49037527 7067.00228393 7068.77194478 7071.53616903 7085.00322479
 7092.8429657  7095.1146249  7096.90558569 7098.65787993 7098.92344573
 7105.30769142 7107.10945217 7107.46501766 7119.72204407 7126.15085628
 7130.85070751 7154.77129559 7171.33580784 7172.08877203 7179.708547
 7182.18100554 7183.30413519 7199.22468289 7200.66774481 7227.07702472
 7230.24131432 7234.89189905 7250.91434641 7253.67413734 7258.51755476
 7267.94669046 7273.67763829 7278.62832203 7283.06287413 7286.22253042
 7286.28573021 7287.12986077 7309.31478789 7320.89094986 7329.84968709
 7333.61230807 7335.40133552 7345.0672371  7347.51139574 7351.66221544
 7363.81380885 7372.98474539 7374.68373981 7382.94934599 7386.97506609
 7395.50583807 7400.09442299 7408.81099436 7410.58792185 7418.60626218
 7424.55107598 7432.31128382 7445.06850858 7445.79520619 7450.92062269
 7451.06745554 7452.11578543 7466.64647103 7491.8066217  7493.45314963
 7496.88337169 7503.34718379 7507.97210193 7511.31165763 7518.34943451
 7527.40900474 7528.09546916 7530.51599454 7532.72688727 7536.19730921
 7555.47841253 7557.21870681 7566.06851107 7566.74047553 7570.07479791
 7585.49191393 7587.75293984 7594.60165067 7600.80906361 7602.0419929
 7616.55431189 7618.13984001]"
137,714748_2024-06-24_A-366,SSs,True,"[  25.59264949   25.65568262   25.6704159  ... 7618.84517103 7619.31586948
 7620.20686655]"
138,714748_2024-06-24_A-367,SSs,True,"[  20.43353311   28.08840796   38.21690802 ... 7608.81377065 7616.43674561
 7618.38457254]"
139,714748_2024-06-24_A-369,SSs,True,"[  60.12416938  160.75680546  630.53849548  920.32851013 1141.7382161
 1340.35103029 1423.56119026 1586.74935416 1700.35698094 1704.34306784
 1718.81052032 1719.53031795 1901.07205489 1953.31198327 1962.42662
 1969.43813029 1990.00296274 2001.31399224 2025.37881319 2028.76680206
 2034.80481555 2122.84415966 2124.92985281 2132.90342662 2213.22296275
 2232.08336746 2278.77784739 2339.92214652 2513.94857482 2534.3678744
 2586.46560325 2591.57688646 2726.35834368 2777.42734258 2823.59549091
 2909.46540881 2979.37341248 3046.04009347 3047.13438988 3065.86506168
 3106.32199544 3116.6729281  3141.85084539 3149.40898722 3158.18979171
 3199.90085468 3223.00667877 3223.05001197 3223.8418427  3242.19244908
 3244.66977427 3302.26395173 3317.3204356  3327.36380261 3339.11159735
 3344.71421228 3415.22158065 3490.60609966 3506.4247477  3514.77502027
 3515.68178395 3524.34732215 3545.81715162 3583.85249333 3641.35953775
 3666.36978892 3668.97791368 3670.5757751  3692.51516969 3704.07826504
 3715.78445992 3720.39187811 3741.71914138 3742.4552723  3765.19023094
 3773.64306984 3817.41369271 3818.12359038 3842.45601044 3886.82953134
 3890.69385197 3906.22443429 3987.45850075 3998.45543129 4032.79088516
 4035.93210818 4038.46576652 4038.49749975 4043.36398376 4062.46898766
 4068.2125688  4071.36679177 4084.93964718 4085.00804695 4095.3644796
 4100.39426307 4100.44622957 4102.77468859 4102.80155516 4119.48646702
 4119.94843217 4121.56536019 4129.07133553 4129.78846651 4131.0091625
 4142.63235765 4151.52689509 4177.12947765 4198.4123744  4198.73647334
 4213.95945666 4227.89227755 4232.80199476 4234.37002294 4242.36236335
 4257.29941428 4257.80851261 4258.88094242 4273.35399487 4273.46029452
 4277.55414774 4282.10396613 4303.19593017 4304.56322568 4338.73271342
 4359.07894658 4369.94147756 4388.44975009 4395.82729253 4395.91299224
 4405.69549344 4476.70352683 4491.09097957 4496.72312773 4511.18964687
 4529.11385466 4587.11609744 4591.24648387 4592.30641372 4597.2139976
 4599.5092234  4613.57244386 4629.64715772 4649.87479127 4652.28491668
 4661.68865246 4661.76801886 4679.84635947 4684.3019115  4722.71825197
 4726.45190637 4735.65994278 4736.65737284 4739.33286405 4744.86801253
 4759.23306534 4781.45782566 4781.74872471 4781.84542439 4784.63838188
 4785.71107836 4801.66835927 4803.49561993 4805.59284638 4808.75473599
 4820.11286534 4838.14923942 4838.40930523 4846.55937846 4881.71532963
 4894.12138888 4907.03754645 4927.95907771 4927.98707762 4928.40907624
 4961.87886628 4987.73911466 4994.36922621 5011.82693553 5027.814883
 5036.69365384 5040.55507448 5070.05824423 5082.64663621 5083.20916769
 5083.69023278 5085.38162722 5088.93361555 5090.42504399 5104.42206467
 5126.31209276 5132.81783805 5154.13096803 5190.3036492  5190.31698249
 5193.57273846 5220.37288375 5221.41928031 5230.19181816 5236.60043044
 5237.61869376 5281.74804879 5320.95755331 5322.48101498 5322.91381355
 5323.14037948 5328.66836132 5349.76445868 5349.84549175 5350.39658994
 5350.55542275 5352.12895091 5353.58911278 5353.62517933 5356.58426961
 5363.7401461  5375.04337563 5389.80166048 5390.0816929  5392.99761665
 5393.13038288 5399.98482703 5411.95622103 5417.54523601 5418.43293309
 5420.15872742 5437.59807013 5454.43368149 5455.66271078 5460.34712873
 5511.14662851 5518.80210336 5519.08500243 5530.73069751 5547.80847474
 5548.48107253 5553.50455602 5574.05018853 5574.08805507 5574.77461948
 5586.70521362 5590.3933015  5592.27139534 5593.00625959 5605.95041706
 5609.15053988 5616.8877478  5627.58877931 5637.67997949 5638.12171138
 5638.98694187 5640.68370296 5646.89541589 5656.96454947 5659.34684165
 5660.32690509 5668.42737848 5674.76875765 5680.59200519 5680.90753748
 5683.5309622  5700.60717277 5703.39136362 5705.01952494 5707.73311602
 5725.97208944 5755.72122504 5760.58160907 5763.25610029 5765.70312558
 5772.45397007 5774.28896404 5776.37559052 5777.98718523 5787.45675412
 5791.94503937 5804.03723298 5818.946684   5819.65071502 5823.0984037
 5825.97086093 5830.21231366 5832.77833856 5832.98453788 5833.00520448
 5836.78315874 5843.12577124 5844.63746627 5845.64872961 5846.18042787
 5847.24662436 5849.56701674 5851.42001065 5852.13290831 5855.02299882
 5866.45179461 5872.92710667 5874.12056941 5875.33899874 5884.17780304
 5891.77367809 5896.83476146 5901.87421157 5919.08918835 5923.75717301
 5925.49070065 5926.32086459 5928.59285713 5930.12975208 5942.48377816
 5956.72533137 5957.73252807 5959.20772322 5959.74952144 5960.69591833
 5963.38960948 5964.25890663 5973.19984392 5985.66766963 5987.67239638
 5995.34927116 6012.77704724 6026.17870321 6026.47503557 6031.38488611
 6055.72163949 6060.90492246 6061.38135423 6072.916883   6089.7207278
 6101.632622   6102.12195372 6102.83281805 6105.32324321 6106.16857376
 6118.36093371 6119.71816258 6120.59975969 6120.67505944 6121.82692232
 6127.30280433 6129.67109655 6131.76298968 6137.65337033 6145.48847792
 6145.71481051 6149.78653047 6167.89217099 6168.39340268 6173.37705297
 6175.73534522 6179.19576719 6183.36452016 6186.78404226 6187.20870753
 6187.53757312 6201.15726171 6203.5748871  6210.9523962  6211.10586236
 6217.73934057 6218.67073751 6223.88918703 6226.00548008 6226.58101152
 6227.36477561 6228.67723797 6244.70851863 6251.13003087 6255.8284821
 6258.54087319 6258.62453958 6260.49543344 6266.44308057 6270.00713552
 6270.10956852 6271.76492975 6277.46561102 6277.55127741 6281.97939619
 6296.41901542 6301.28023279 6304.26108966 6304.34092273 6322.89319512
 6323.05756124 6323.11499439 6334.20295796 6334.78005607 6334.8509225
 6349.13844223 6360.38857194 6361.07440302 6366.12961975 6375.81302127
 6377.66581518 6379.55377564 6406.94248567 6417.42991788 6417.44985115
 6419.24557858 6423.87509671 6438.04038351 6445.60862531 6453.37029981
 6454.29373011 6459.65931248 6466.72435594 6468.1169847  6468.16225122
 6476.03822534 6476.26232461 6479.07868202 6496.29049214 6518.41258614
 6522.20414035 6537.14349127 6537.30649073 6538.56928658 6563.67843743
 6565.59376447 6579.38675249 6579.99705049 6586.32349637 6601.74031239
 6610.74214948 6623.9166062  6629.08342256 6631.85404679 6635.42490173
 6635.95593332 6636.89173025 6653.30714298 6677.73912939 6677.9778286
 6680.84195253 6683.08141184 6685.52193715 6687.65906347 6691.84254972
 6693.15867873 6695.1254056  6699.07742595 6701.31208528 6706.10126955
 6711.74761766 6715.71430463 6729.71729196 6729.82745827 6742.08995132
 6773.30764876 6776.61087124 6778.96309685 6780.71999108 6785.10781
 6789.7638947  6791.43672254 6795.32034311 6795.4678093  6817.42070384
 6827.59767041 6831.62885717 6840.09816268 6844.97091334 6870.96036129
 6874.14765082 6879.86456537 6892.81425616 6896.16104517 6896.69787674
 6896.72367665 6899.13746872 6900.05089906 6912.82945708 6925.88398086
 6930.80073137 6930.86959781 6932.05629391 6932.4047261  6932.42279271
 6932.44762596 6936.03378085 6937.12434393 6937.4483762  6938.04427424
 6943.32259023 6944.48815307 6951.20999766 6951.71456267 6955.99204861
 6956.37591402 6958.56624016 6982.53176143 6992.68252808 6996.17474994
 7030.46147063 7031.36706766 7033.65359348 7037.0281824  7037.35258133
 7037.4736476  7039.09254228 7045.57558765 7050.07503953 7052.08533293
 7075.0661241  7098.45024728 7103.7305966  7105.73249002 7119.49604481
 7119.9550433  7128.61284819 7132.10787004 7140.47707588 7149.10291421
 7152.80466872 7152.89273509 7159.60634637 7200.32124595 7234.54986684
 7247.22149187 7249.09338572 7257.7147574  7267.60275825 7267.76805771
 7268.70538796 7270.90071408 7277.06846049 7282.18561034 7284.64340227
 7314.0196391  7317.50666098 7317.53409422 7348.27655989 7363.259644
 7365.37533705 7383.94700937 7404.29877585 7412.16198335 7415.33083961
 7435.67453944 7439.18076126 7450.64935691 7450.98108916 7465.87857355
 7470.59732471 7488.08026728 7493.49394949 7500.83849203 7501.16642429
 7505.02984493 7510.21446123 7510.94445883 7511.53775688 7512.76571952
 7512.83835261 7515.29707787 7515.34864436 7518.64920019 7521.54369068
 7522.17062195 7527.68700383 7529.4715313  7535.00851311 7535.93527673
 7541.47992519 7545.41771225 7545.42944554 7565.69761229 7566.4870097
 7568.23657062 7576.11184475 7582.69105647 7590.31523142 7593.2520551
 7593.64035383 7612.49522522 7618.6309384 ]"
140,714748_2024-06-24_A-370,SSs,True,"[  22.78722538   27.04624472   56.99087968 ... 7620.05850037 7620.1814333
 7620.64136513]"
141,714748_2024-06-24_A-372,SSs,True,"[  20.56203269   55.79225028   57.02181291 ... 7616.57317849 7619.49803555
 7620.57609867]"
142,714748_2024-06-24_A-373,SSs,True,"[  26.78177892   51.76469685   54.33695506 ... 7620.16243337 7620.26236637
 7620.66136506]"
143,714748_2024-06-24_A-374,SSs,True,"[  88.25751029   97.07778132  173.74286279 ... 7610.25669924 7612.17582627
 7618.42650574]"
144,714748_2024-06-24_A-391,SSp,True,"[  20.44226641   21.40062993   22.14209416 ... 7619.22526978 7620.22893315
 7620.45699907]"
145,714748_2024-06-24_A-416,VISC,True,"[  33.99355523   35.58578333   46.82577974 ... 7617.9296407  7618.61247179
 7619.57203531]"
146,714748_2024-06-24_A-417,AIp,True,"[  21.11209755   61.55236469   83.95245777 ... 7619.56520199 7619.766168
 7619.96713401]"
147,714748_2024-06-24_A-423,VISC,True,"[ 187.01955251  187.03521913  187.04101911 ... 7596.15097891 7600.05456609
 7604.85315033]"
148,714748_2024-06-24_A-426,VISC,True,"[ 187.04101911  187.04875242  464.79100665 ... 7555.26351324 7596.15097891
 7604.85315033]"
149,714748_2024-06-24_A-427,VISC,True,"[  22.05262779   22.48155971   22.65515914 ... 7620.25693306 7620.28823295
 7620.64116513]"
150,714748_2024-06-24_A-428,VISC,True,"[  20.87966498   21.75826209   22.67852573 ... 7617.29647611 7620.20749988
 7620.50339891]"
151,714748_2024-06-24_A-433,VISC,True,"[ 337.07459289  351.90794416  375.27640072 ... 7588.67187015 7599.40436823
 7607.12900952]"
152,714748_2024-06-24_A-435,VISC,True,"[  40.99883221   42.60999359   46.05021562 ... 7600.72149723 7613.5155552
 7615.88248076]"
153,714748_2024-06-24_A-436,VISC,True,"[  24.96115157   39.12017172   43.32209125 ... 7610.87213055 7612.84482407
 7614.9562838 ]"
154,714748_2024-06-24_A-440,VISC,True,"[  23.77682212   23.9376216    24.3333203  ... 7619.97186733 7620.21636652
 7620.65883174]"
155,714748_2024-06-24_A-441,VISC,True,"[  27.55307639   28.74323914   41.5304638    42.42639419   48.81257321
   53.80162349   55.62815082   56.60494761   61.22859909   61.36319865
   61.47616494   88.9047415   107.24511458  110.3340711   126.77705042
  138.82781083  142.40229909  147.94094756  166.89285196  209.00578028
  210.32017596  216.80435466  228.88681497  233.0590346   235.12679447
  238.93074864  241.21524114  249.45104741  253.85146629  256.61275722
  257.04685579  266.59312443  291.38900964  296.07462758  298.57831936
  300.87537848  318.09228858  336.83202702  350.74794797  362.2738101
  373.00644151  411.05424985  438.78235876  458.39826099  463.13537876
  469.94508972  478.17219603  478.69936096  523.2401813   543.7574139
  569.50849597  638.16057044  669.60086715  725.78524924  775.0395541
  805.30878799  808.82324311  821.79790049  829.44424204  891.15507264
  910.48214248  914.31302989  939.88687921  955.71939387 1012.53014057
 1049.37518619 1051.85664471 1072.78044264 1096.48559809 1098.37025857
 1114.84683777 1128.39889325 1130.28608705 1131.37321681 1143.93104223
 1175.82327079 1188.62772872 1198.10769758 1199.23432721 1222.87291622
 1227.73930024 1235.06977615 1257.43930267 1258.28066657 1259.17086364
 1261.89088804 1301.02299282 1304.53864794 1305.75554394 1319.3834325
 1322.47618901 1324.07898374 1324.10688365 1326.2129434  1332.95112126
 1335.30301354 1336.31104356 1338.97876813 1442.71876066 1470.56186919
 1481.77653235 1502.05023241 1504.14669219 1507.8988132  1521.68116792
 1534.35939294 1553.94926191 1562.49263385 1575.26729188 1578.55788107
 1590.0766099  1634.33053118 1640.066579   1644.67583053 1679.16088391
 1686.9032918  1715.36396497 1728.14202299 1729.05278667 1740.0520172
 1753.92703829 1758.56152306 1778.35219138 1778.49302425 1808.60859198
 1809.3732228  1809.88528779 1809.90605439 1810.09755376 1820.00878786
 1829.20579098 1833.86097569 1835.57873671 1836.18966804 1838.70335978
 1839.45232399 1841.01295219 1841.19088494 1843.10567865 1847.1492987
 1850.27978842 1852.30418177 1853.88007659 1871.25688617 1878.2378299
 1959.37559669 1963.7545823  1973.11918487 1980.7805597  2019.07436723
 2035.66794605 2080.12036668 2149.68180483 2150.02877036 2150.40403579
 2150.7977345  2150.92270075 2155.54895222 2166.06841766 2193.13522875
 2202.08109936 2220.48440557 2240.85907196 2295.38012619 2305.21766054
 2306.41208994 2313.14753448 2340.06771271 2384.09483474 2422.61514153
 2460.36915084 2461.41648073 2495.11440336 2541.30461828 2556.21316931
 2562.73364788 2576.80690165 2585.13700762 2632.72921794 2635.96077399
 2639.50382901 2680.56719411 2688.14836921 2696.24377595 2715.68037876
 2724.37938352 2733.16752131 2757.9903731  2775.38828261 2788.29447355
 2805.50535034 2846.64681518 2847.04541387 2938.85851225 2947.78838291
 2970.84387384 2984.27336305 2991.97360442 3009.25998097 3013.30560101
 3033.8850334  3050.45247898 3063.89346816 3063.97230123 3079.69334958
 3079.80064923 3125.41456605 3195.46723591 3217.23756439 3272.46971628
 3280.59955624 3285.20830776 3293.76097967 3323.96134712 3344.8407452
 3348.01483477 3406.87040808 3432.67022333 3556.91068184 3557.91741187
 3578.04274575 3609.60990872 3664.46116185 3669.47671204 3691.80483869
 3706.02645864 3741.02787699 3756.039761   3780.12464855 3818.56848892
 3847.25156136 3871.73771425 3917.4228975  3917.83752947 3926.07530241
 3933.08294605 3960.82418825 3966.67456903 3996.18743874 4053.92968238
 4146.60734459 4163.6390553  4189.41207063 4202.19099532 4240.36643657
 4277.0285828  4282.91529679 4288.29874577 4292.34253249 4310.64870568
 4312.11063422 4324.16439462 4324.74665937 4324.89772554 4330.57637355
 4336.93061934 4360.07110999 4387.1697543  4426.5501916  4447.55238927
 4447.91908806 4450.76437871 4455.30676379 4465.22639787 4496.57046157
 4499.28705264 4549.35285483 4568.69885795 4580.6337854  4581.09305056
 4581.19641689 4602.6847463  4625.67033745 4630.52588817 4630.87242036
 4648.48036252 4672.99414865 4677.43166741 4681.3602545  4681.54302057
 4698.76243066 4725.6201091  4727.01867117 4733.50564986 4759.1734322
 4764.1778491  4764.6729808  4794.10078413 4806.88960878 4817.65604008
 4824.08318563 4827.01270934 4841.37916214 4843.76662097 4862.29182678
 4886.70361325 4907.071513   4970.47007139 5010.44754006 5012.55533313
 5014.18702777 5024.42029416 5033.09496566 5047.89855036 5053.30609926
 5055.16862648 5082.07323809 5108.55268443 5113.03810303 5133.50180247
 5160.18408148 5171.18824533 5193.57297179 5198.22038986 5203.80953817
 5206.53369588 5228.66642317 5248.88192343 5269.72855494 5272.44777934
 5301.20768486 5304.58770709 5320.23078903 5332.45368221 5339.63682528
 5380.77915679 5398.18613294 5405.88540764 5406.13420683 5406.32990618
 5407.95763417 5412.08055396 5424.63651271 5459.54703136 5472.43192236
 5474.20344988 5484.15471718 5492.90248845 5493.35828695 5529.46380167
 5564.22098749 5573.68672306 5590.54973432 5627.33968013 5665.25418891
 5667.87934695 5669.19374263 5669.64397449 5669.83604052 5708.2771809
 5711.15800477 5729.64254405 5735.41239176 5743.7926309  5746.61042164
 5768.06538449 5794.18443202 5807.39612195 5812.6254381  5816.61009168
 5817.46455554 5853.42007075 5866.83782667 5895.71329848 5898.38192304
 5936.90599648 5937.19252888 5990.68778647 5999.16065863 6021.11588651
 6039.80529178 6046.44063664 6048.95456172 6049.40286025 6056.78010268
 6073.30418173 6108.37923317 6119.91882859 6124.9188455  6175.5893457
 6211.13916225 6246.86131156 6249.39343658 6301.11543333 6326.54681645
 6327.90441199 6332.53919676 6332.56283002 6360.74663743 6361.19756928
 6371.20903639 6376.67181845 6377.85071457 6388.39071328 6390.03484121
 6435.58462491 6436.1955229  6462.90030184 6465.86205877 6467.57178649
 6475.06886186 6484.75996336 6493.30316862 6500.54607816 6510.38101252
 6535.29593067 6542.35107416 6554.96663272 6562.07230937 6579.47348554
 6588.63365545 6615.63090009 6627.84812662 6628.7182571  6629.43062142
 6631.28374867 6632.76271048 6642.1222464  6647.03213027 6666.5241329
 6668.45645988 6676.0617349  6724.24420994 6732.61011579 6735.66637242
 6783.23194949 6812.29495402 6813.212551   6833.40228467 6841.39172509
 6854.44591554 6866.42010954 6866.61844222 6891.69495984 6906.16771229
 6922.74359117 6925.16688321 6925.52201538 6928.883971   6953.29235748
 6960.09230181 6960.15433494 6961.50786383 6963.96948907 6968.03934237
 7003.75492504 7009.12864072 7009.55210599 7016.76521563 7022.86986224
 7033.71212662 7086.52495312 7087.27058401 7112.75813361 7114.99239294
 7123.41196528 7132.91310073 7139.07591382 7145.63145895 7153.89906512
 7159.68434612 7168.03988533 7176.23209175 7180.65311056 7193.62786794
 7213.64810217 7216.24682696 7216.65685895 7218.46801967 7222.08344112
 7248.64052055 7268.82745423 7284.80733507 7286.99656121 7290.09861768
 7290.72931561 7291.2704805  7297.91022535 7300.14295135 7329.08165628
 7329.12402281 7330.66448442 7334.23620602 7345.62280194 7347.92106106
 7348.05292729 7361.0993511  7373.73660958 7384.87780632 7386.97249944
 7391.42425148 7394.46424149 7396.79856715 7398.41386185 7405.89453727
 7423.21111372 7423.89697813 7425.47633961 7426.52220284 7436.54066993
 7444.95470895 7452.41115112 7467.89530026 7476.94800385 7486.30223979
 7510.6090266  7519.92996265 7523.6268505  7529.56659766 7539.09549969
 7542.73782105 7564.78224863 7579.96303209 7579.96553209 7580.31109762
 7594.78871672 7595.43694793 7600.60159763 7605.50981484]"
156,714748_2024-06-24_A-447,SSs,True,"[  23.40109003   23.50588968   24.82851867 ... 7612.85052405 7617.41957571
 7620.4349658 ]"
157,714748_2024-06-24_A-448,SSs,True,"[  37.13441158   38.08747511   44.94455259 ... 7619.58093528 7619.66506833
 7620.71273156]"
158,714748_2024-06-24_A-451,SSs,True,"[  20.27816695   25.89834849   28.46964004 ... 7620.39953259 7620.52516551
 7620.58453198]"
159,714748_2024-06-24_A-455,SSs,True,"[  62.26422902   75.42425245   98.01287825  145.63322181  181.07197205
  186.38248794  194.50012794  210.64280824  213.99129724  214.01189717
  229.30981358  232.13553763  236.32279054  246.61732339  260.24077863
  310.964812    321.78774311  323.69363685  340.70518096  439.4703565
  494.83354129  500.41232296  508.03833124  530.93595602  532.57885062
  559.67179495  577.18283742  591.31609099  599.05443224  623.37278568
  637.57787235  639.54846588  647.06414119  665.39314764  668.43600431
  697.13927668  701.66186182  704.37621957  708.76560515  714.8080853
  716.01078135  716.6857458   763.25435948  764.47672213  773.23732669
  774.89435458  781.09843419  787.74097904  789.16754102  800.20180477
  828.64587799  845.79618832  856.73598571  857.35998366  870.18834152
  880.88543971  881.65797051  885.18949224  924.33089698  984.1103006
 1017.78818996 1032.00160993 1038.36782235 1045.61319855 1046.12433021
 1072.4567437  1076.56833019 1077.1533616  1084.21297174 1089.29105506
 1092.39897819 1138.89192545 1152.50564739 1158.69036041 1180.6594549
 1281.09142496 1298.31906837 1329.76186507 1356.70744322 1367.51380772
 1373.07048946 1379.38683538 1388.32307269 1398.83563815 1404.58908592
 1409.94516832 1429.98666915 1433.75792343 1438.88863991 1461.32023288
 1486.09511816 1513.88936018 1531.9963007  1557.36761735 1593.18979967
 1618.23315073 1620.01401155 1668.61091856 1718.62805425 1758.20179091
 1807.33406283 1832.82594576 1877.04103384 1891.51618628 1947.24000322
 1962.62038603 2025.89031151 2046.23151135 2216.07515338 2239.80740875
 2240.08237452 2258.60974698 2267.96524958 2382.19847431 2424.19913633
 2435.77076498 2570.52695562 2609.28892828 2661.98502183 2708.73790157
 2743.23955489 2752.93505637 2756.08887935 2816.43594776 2820.21106869
 2836.36161564 2840.90103406 2865.86978536 2904.2235927  2934.92125852
 2956.14145547 3003.53036646 3038.12028616 3052.09560691 3083.04603857
 3112.10270978 3128.56028905 3132.77087521 3161.62088044 3209.76792227
 3275.13170753 3328.95539738 3342.61028586 3419.89153197 3428.83746925
 3467.03844376 3567.44528057 3607.92868091 3636.24218789 3658.30374875
 3754.87823149 3768.34082059 3866.67496421 3919.78095642 3958.67079533
 3974.62654291 4001.34638846 4039.18683082 4073.17841915 4073.88675015
 4081.72415774 4101.74192531 4110.564063   4117.65000639 4129.36123458
 4171.65766229 4182.32192726 4187.02017849 4227.4203791  4262.03756538
 4265.35922114 4276.77678363 4288.00778006 4297.30068287 4307.80771502
 4316.33912032 4316.92788506 4322.9101654  4345.68975724 4355.95155686
 4363.46346551 4370.12561029 4424.20053265 4437.54085549 4437.77588805
 4440.76861155 4446.5878591  4447.95092129 4541.64244683 4544.28427149
 4546.4103645  4574.88277096 4575.77690136 4605.58927009 4605.96033554
 4609.23312478 4615.16867195 4635.27833922 4645.39693931 4647.3602662
 4700.02585985 4715.73234158 4725.02761105 4769.34326546 4802.26729063
 4808.89543553 4815.9744456  4819.35880115 4854.2986197  4859.06340405
 4859.70336861 4860.01793425 4864.31115348 4883.1161917  4891.28866485
 4891.37166458 4892.39919453 4920.10977017 4926.79198155 4946.32141739
 4959.13970861 4976.68405098 4983.63126149 4984.88422404 4988.43414571
 4989.09444354 4999.75837517 5017.09205156 5021.22300466 5022.74523299
 5077.7274857  5081.82757223 5103.82963328 5105.42186139 5126.15825993
 5153.02267168 5157.81365594 5158.86445248 5175.90829649 5202.85617463
 5225.168668   5248.80299035 5259.3816556  5260.55308509 5263.22250965
 5271.49834913 5271.9339477  5346.73200197 5364.2863443  5384.28001196
 5394.24281256 5407.50273566 5411.58465559 5418.58306593 5442.8342196
 5463.70295104 5464.18151613 5468.00240358 5473.25728632 5492.23945729
 5512.29189141 5524.20731894 5534.81145077 5544.4200192  5552.26552676
 5587.86354315 5593.93658986 5594.63312091 5605.86998399 5619.93553779
 5654.69842358 5662.4352315  5690.21834023 5694.59295919 5697.01805122
 5709.10537818 5715.66485663 5720.29814141 5725.57589074 5729.80244352
 5730.79440693 5734.53722797 5742.56093494 5748.42524901 5773.29413398
 5800.87847669 5804.54226466 5828.16315372 5877.43145854 5892.38030943
 5920.43801725 5922.06664523 5961.97204747 5973.9165749  5985.93716874
 5987.81786256 6002.01114927 6045.84253861 6046.31517039 6056.56293672
 6056.82676919 6064.3014113  6065.56614048 6071.40588796 6077.19200229
 6077.35293509 6081.05842292 6092.21141961 6113.63961588 6114.04521455
 6124.35291402 6137.30697147 6143.69861714 6145.97834298 6146.04170944
 6164.51848207 6164.85308097 6170.06219719 6171.13866032 6177.75360526
 6178.02697103 6186.06664462 6188.0106049  6208.17930531 6212.83949
 6227.90740716 6234.58748522 6236.59027864 6247.87847489 6255.07668457
 6258.09984131 6273.51672399 6276.85927968 6280.27820178 6291.1402661
 6300.64703487 6312.29979659 6319.09914091 6319.86943838 6334.38689069
 6334.42205724 6341.5184006  6350.65663724 6353.23989542 6354.36899171
 6354.94668982 6358.33917867 6358.54394467 6368.00408025 6375.00415726
 6377.33154961 6380.84553807 6389.03921115 6398.08004812 6413.21496506
 6425.6629575  6427.22195238 6443.13090012 6457.30658688 6461.11177438
 6493.73906719 6495.46656152 6542.81490597 6545.90489582 6547.74068979
 6550.86884618 6578.77992115 6591.59074573 6599.57505284 6607.50489345
 6616.36469768 6620.60741708 6628.28039187 6630.7861503  6637.88656031
 6645.92626723 6646.03673354 6660.56265248 6665.81850188 6668.95452491
 6669.82828871 6675.56823652 6675.75123592 6680.70511964 6684.68267324
 6696.24506859 6696.86216657 6707.07516635 6708.51972827 6711.07135322
 6711.91285045 6714.51980856 6732.62414908 6754.82644281 6755.32514117
 6761.96635269 6766.57637088 6775.062343   6790.21522655 6792.09318705
 6794.76607827 6823.58675025 6845.45577841 6855.47351217 6865.69987857
 6873.55228611 6877.3177404  6891.40069414 6895.41261429 6895.49151403
 6895.68244674 6895.77807976 6896.74284326 6897.06247554 6897.42260769
 6897.53730731 6905.30544846 6905.84991334 6906.2456787  6906.58891091
 6910.98152981 6915.88971369 6916.17467942 6924.73468463 6928.88113768
 6928.96020408 6941.92796148 6948.39890689 6949.95293512 6959.75330292
 6962.13836175 6969.50363756 6995.37685256 7000.84863458 7005.69448533
 7008.25357692 7010.55276937 7010.77923529 7018.36954369 7025.3875873
 7031.50526721 7034.68455676 7035.39208777 7035.58748713 7038.02347913
 7044.11349245 7049.50927473 7057.07531654 7057.3613156  7057.68988118
 7057.77848089 7057.86014729 7057.88554721 7069.41200934 7070.73200501
 7078.15598062 7088.84034552 7090.87670549 7105.75552328 7106.0841222
 7110.05734248 7110.46904113 7111.48217113 7125.21822601 7137.0210539
 7142.33656977 7146.33335664 7154.51842975 7155.48352658 7163.14100143
 7167.9586856  7175.99819252 7177.54548744 7181.86120659 7192.41840525
 7199.37451573 7201.69937476 7202.12540669 7202.47810553 7206.01349392
 7211.91964118 7213.52626924 7216.35595994 7218.67905231 7218.81145187
 7220.28274704 7221.79494207 7224.77136563 7225.9067619  7227.54378985
 7227.59212303 7244.51743409 7245.85199637 7260.08721627 7265.26283261
 7267.7406578  7273.7357381  7276.57922876 7277.0852271  7289.78621871
 7291.54254627 7296.40406363 7296.4538968  7307.67975993 7312.73804331
 7312.95390927 7313.11850872 7317.57722741 7320.6250174  7331.51328163
 7338.71982462 7342.49227889 7345.36473612 7346.42126599 7363.85184206
 7364.00110823 7364.24814076 7365.47543672 7367.22473098 7368.46799356
 7369.28902419 7372.16944807 7382.37564787 7382.50341412 7383.16784527
 7387.59489739 7388.27326183 7392.81221358 7393.42837823 7393.95010985
 7396.69036751 7397.14883267 7399.43269183 7403.53417836 7404.87144063
 7405.35047239 7411.9244508  7412.05238371 7414.25484314 7414.8869744
 7415.16450682 7415.99153744 7416.09620376 7418.28389657 7430.17285751
 7430.19509077 7434.6828427  7435.38844038 7435.82113896 7436.81503569
 7437.63143301 7442.69364971 7443.74547959 7444.92424239 7445.3377077
 7447.95903242 7455.0664424  7457.0448359  7458.34786495 7464.00041305
 7465.91954008 7466.09160618 7466.11143945 7466.42923841 7466.55500466
 7467.04353639 7467.79263393 7468.08333297 7468.20723257 7468.36366538
 7468.38523198 7468.61616456 7471.92098703 7475.54854178 7477.57726845
 7478.55689856 7479.56609525 7484.69987838 7487.45520267 7487.50830249
 7496.75213879 7499.46082989 7500.80455881 7501.7913889  7502.92565184
 7502.98408498 7503.33401717 7511.16555811 7513.87204922 7514.56154695
 7520.94129266 7521.52562407 7521.76642328 7521.852323   7526.03470926
 7527.24937193 7527.31497172 7529.72303048 7529.82113015 7530.72076053
 7531.30599194 7542.61708812 7548.16953654 7548.2638029  7549.79646453
 7550.4767623  7551.22015985 7553.95305088 7555.1222137  7555.25161328
 7556.32484308 7560.48142943 7562.05249093 7564.7213155  7567.68330577
 7573.5189866  7574.15061786 7574.29751737 7574.40095037 7574.68224944
 7577.12817474 7579.5770667  7579.75753277 7584.98821559 7585.96014573
 7589.20686839 7591.51286082 7592.02059248 7592.17499198 7597.21274209
 7601.15536247 7605.58574792 7606.23354579 7612.58059161 7616.04114691
 7617.04187695 7618.17187324]"
160,714748_2024-06-24_A-456,SSs,True,"[  38.4767405    44.17308845   47.94907605 ... 7615.95338053 7616.88124415
 7618.43107239]"
161,714748_2024-06-24_A-457,SSs,True,"[  21.90689493   24.70748573   41.25956469 ... 7619.9885006  7620.14793341
 7620.63723181]"
162,714748_2024-06-24_A-458,SSs,True,"[  34.7836193    41.23339811   41.34143109 ... 7619.78860126 7619.85393438
 7620.18716662]"
163,714748_2024-06-24_A-459,SSs,True,"[  23.86492184   26.53827972   26.58304624 ... 7617.58907515 7619.12897009
 7619.42453579]"
164,714748_2024-06-24_A-460,SSs,True,"[  50.70650032   75.28838623   90.77863535   92.55049619  122.51219776
  217.43815258  234.06379796  257.36645474  324.53333409  327.34995817
  333.80847028  388.10355858  462.98477925  468.57836088  614.98401324
  625.10188     695.69444809  800.96536893  849.78207522  948.27695165
  951.7426736  1021.60584409 1113.77890795 1130.75485218 1134.09640787
 1168.35139534 1178.98876039 1179.81142435 1366.21297866 1377.68310764
 1394.01705398 1403.70102217 1412.37266035 1463.1730268  1568.13541531
 1657.28172245 1722.40617517 1753.05304116 1756.17039758 1839.48642388
 1839.74668969 1858.57026118 1863.91557695 1869.75449111 1874.39690919
 1876.32126953 1878.03096392 1879.46425921 1885.39703972 1891.87535177
 1906.74720291 1911.25712143 1942.90765079 1987.92466956 1988.40910131
 1992.24585537 1994.49474798 2003.38488544 2003.83215064 2051.29209472
 2067.71410744 2096.51994614 2106.92954528 2109.97693527 2117.20134487
 2121.5859638  2124.93741945 2128.11624234 2128.98913948 2143.62849138
 2150.62966838 2150.74026802 2151.74116473 2152.672695   2166.22891714
 2183.79309277 2196.59375072 2197.29624841 2200.75573704 2208.06951302
 2213.3899622  2264.4072946  2269.75314371 2273.34966523 2273.48623144
 2277.37608533 2279.88184377 2297.94288443 2316.59515649 2331.73444009
 2374.39899993 2381.28441064 2381.65710942 2382.393307   2383.67306946
 2400.47351427 2457.20659456 2482.61674442 2496.75736463 2522.10818135
 2564.85730757 2575.72133855 2629.58712826 2632.40415234 2680.12406224
 2693.64381782 2696.79840746 2702.65558822 2709.18330011 2736.85617586
 2741.8267262  2754.92431651 2756.66517745 2808.27617457 2808.9668723
 2824.88225335 2834.27108917 2840.95360055 2859.00564125 2860.62033594
 2886.82814985 2899.45087504 2915.60492198 2921.57610236 2936.48382005
 2940.73213943 2954.79139324 2968.35404869 2982.96193403 3009.82954576
 3010.65000974 3030.28004525 3046.33482584 3063.80580178 3073.44520344
 3077.85235563 3116.16306311 3155.1685683  3161.97034596 3194.17354016
 3210.10022117 3235.6726705  3246.09493626 3254.77924106 3275.66890577
 3277.33573363 3280.88182198 3286.84663572 3289.50782697 3301.54992075
 3329.06899701 3330.00242728 3341.02989105 3341.08525753 3343.43221649
 3343.95034812 3349.62626281 3353.13881793 3363.85788272 3372.9644528
 3375.16481224 3375.37131156 3415.52927964 3438.24283835 3447.15150909
 3449.411535   3457.87750718 3458.2974058  3468.51520557 3471.33142965
 3471.34312961 3475.52394921 3541.07130054 3548.81424177 3553.75782553
 3553.87272516 3559.40300699 3574.09449206 3584.30852517 3585.0103562
 3592.03783311 3603.52689537 3609.6569419  3637.17738482 3644.54172729
 3657.1712858  3662.82620056 3674.77889463 3692.52710299 3716.06925898
 3729.01364979 3729.78664725 3733.80343405 3754.23100028 3763.5892362
 3767.94048857 3768.22315431 3773.58727002 3777.42145743 3780.9723791
 3785.29693156 3792.49430791 3804.0538366  3846.6904632  3852.37907785
 3858.18782543 3868.83615711 3872.04451324 3876.88216402 3887.96359428
 3891.16165044 3892.40451302 3906.49326674 3916.97729896 3938.02642981
 3942.76458091 3950.9672873  3952.24088312 3955.84980459 3986.74446977
 3993.06224901 4028.30356657 4033.45788297 4075.20951248 4084.01058356
 4091.87865771 4100.42329631 4101.09236078 4102.12602405 4106.69820903
 4114.18491777 4139.19766893 4142.91402339 4154.52211859 4159.13963675
 4162.31165966 4163.91302107 4168.48297272 4186.02641509 4195.06985205
 4203.9020897  4221.66143136 4239.42907299 4242.8438951  4278.27331204
 4288.90437712 4290.68723793 4295.42108904 4295.64755497 4296.60908514
 4302.66036526 4313.77506208 4320.03690818 4324.30199416 4344.09872913
 4348.59668102 4362.12660324 4369.89394439 4380.64210908 4386.77985558
 4387.8901186  4405.72649334 4406.8535563  4411.33814157 4417.61235429
 4426.47429184 4431.53884187 4435.55032869 4439.09841704 4446.07956077
 4447.8976548  4488.06258952 4504.860501   4513.25754008 4516.05226423
 4534.98286871 4535.70833299 4546.46783098 4558.35685859 4571.22058299
 4573.66327497 4584.24347355 4586.16770056 4593.44767664 4606.77626619
 4607.442064   4629.28065892 4633.82587733 4635.27833922 4641.17141986
 4655.2923068  4658.87099505 4666.54023652 4668.726696   4670.85018903
 4672.14638477 4681.72071998 4691.07432259 4700.22702585 4733.27241729
 4733.48058328 4739.1259314  4746.32647441 4754.67708031 4757.99460274
 4781.86305766 4789.88159799 4796.34867674 4800.25319725 4808.84790235
 4819.27770142 4825.5224809  4830.73076379 4842.37812553 4845.33438248
 4850.73109809 4855.58021549 4865.00625119 4868.21230733 4872.71089255
 4874.43405355 4881.76369614 4882.34906088 4883.85825593 4884.95195233
 4885.04865202 4886.85624608 4891.45253098 4904.16398922 4936.51238295
 4937.10551433 4939.59497282 4940.28097057 4959.14150861 4967.30961511
 4975.58288793 4977.29291564 5006.11025431 5008.95577829 5015.03589165
 5022.53040036 5034.05146252 5035.13645895 5045.90375691 5051.30070585
 5057.31681942 5072.53883608 5077.22768734 5077.55608626 5077.78341885
 5081.36554041 5095.21226159 5098.77128323 5099.08051555 5099.97707927
 5106.72292378 5139.88561483 5159.89611576 5174.80346679 5177.27235868
 5183.97883665 5217.96065834 5225.89033229 5226.87922904 5231.62291346
 5249.05515619 5249.61658768 5251.65468099 5254.66630443 5258.80409083
 5263.61124171 5324.16084279 5326.19193612 5326.8889005  5327.98463023
 5328.29536254 5328.31216249 5339.71005838 5340.08422381 5342.07935059
 5347.37803318 5349.0977942  5354.1210777  5361.37055388 5364.38577731
 5374.92474269 5381.527821   5397.18893621 5412.04308742 5465.68117787
 5469.67833141 5470.87116082 5471.24965958 5473.25501966 5473.78568458
 5474.27558297 5476.43484254 5482.47645603 5486.17497721 5486.89600818
 5490.37576341 5490.39366335 5504.63884989 5507.87330593 5529.16953597
 5539.45926883 5540.17803314 5560.16123416 5574.48138711 5588.56430751
 5593.38589167 5594.94148656 5619.27730662 5622.76219517 5632.75556234
 5634.41059023 5650.68840343 5667.56801464 5676.28455267 5677.13368321
 5703.96142841 5709.08634491 5726.95871953 5749.30744611 5752.69433498
 5755.25519324 5756.32498972 5771.45780668 5778.77598264 5789.16538184
 5791.51070747 5797.73712034 5812.24233936 5823.86223452 5834.14280075
 5834.40446655 5836.77969208 5848.12675481 5855.79046296 5855.87289603
 5858.47848747 5861.360578   5862.15737538 5870.66408077 5871.9632765
 5872.91567337 5872.93070665 5892.15251017 5893.17390682 5897.05646073
 5897.1887603  5900.67204885 5908.33962366 5927.62179365 5947.53299491
 5954.9628705  5958.72935812 5976.18406745 5991.92181575 5992.45721399
 5994.32877451 5995.84786952 5996.25966816 5998.05566226 6046.21120407
 6047.98029825 6057.81519928 6064.5760104  6080.04702624 6087.34856892
 6113.75524884 6113.80321535 6118.13183446 6131.58785692 6151.18119255
 6159.57953163 6160.41302889 6162.00522366 6165.05074699 6165.95601068
 6170.74579495 6175.84054488 6188.96883508 6227.85400734 6254.47125323
 6258.46414011 6266.60681336 6272.83302624 6284.82205352 6296.38294887
 6304.22028979 6325.31145384 6325.55288638 6341.23086821 6350.87690319
 6368.00414692 6370.11413999 6376.6253186  6381.36953635 6387.74648206
 6410.72273992 6411.04520552 6412.67340017 6416.57705402 6424.5789944
 6451.70443862 6467.13708792 6479.06984872 6479.78271304 6482.84733631
 6484.07973226 6484.69376357 6485.38996129 6486.79289001 6496.00965973
 6505.46076202 6505.8626607  6524.15536727 6539.04928501 6543.02623861
 6566.58799454 6569.36715208 6572.62837469 6604.0510048  6609.48055363
 6618.81438963 6620.60745041 6647.73549462 6659.55322247 6660.54295255
 6687.0607321  6691.95468269 6691.97804928 6698.35612832 6702.84024693
 6716.57450181 6720.80338791 6760.14042535 6768.63943076 6772.31018537
 6794.63017871 6801.16352392 6802.82548512 6812.46975344 6827.28507144
 6828.95046597 6831.171792   6832.70102031 6838.60550091 6839.53969785
 6848.93486698 6852.21268955 6859.57599869 6860.00733061 6862.78365482
 6869.43286631 6873.20852057 6876.57607617 6879.61779952 6883.89985211
 6896.32037798 6896.85807621 6897.37127453 6898.78560321 6900.77399668
 6900.78262999 6918.53873832 6922.05522677 6922.50195863 6923.17715642
 6924.57625182 6935.16051705 6984.85282047 6995.74835134 6995.89085087
 6999.3217396  7006.30848331 7006.73254859 7030.06377194 7030.28247122
 7038.01607915 7045.32462181 7072.32796643 7072.64579872 7078.22714705
 7082.44023321 7083.50989636 7088.70034598 7090.14800789 7105.83678968
 7111.02980595 7114.161229   7128.3476824  7130.48667537 7132.47293551
 7146.1631572  7151.62180594 7151.86177181 7153.28146715 7160.54227663
 7179.95071287 7180.83520996 7183.43543476 7184.46503137 7192.86363712
 7205.30322958 7209.99851416 7221.00801132 7236.52779367 7238.33275441
 7241.22224492 7253.76680371 7254.24856879 7267.12605982 7269.15968647
 7278.13052367 7281.5080459  7282.80157499 7286.33519671 7287.1915939
 7287.82705848 7304.08300507 7304.25067119 7316.70043029 7321.96404633
 7328.85032371 7332.69084443 7338.58752505 7338.73562457 7357.17616399
 7361.638216   7369.3570573  7378.84279281 7383.34621135 7388.36896151
 7395.76580388 7398.94719343 7402.70958107 7412.65894838 7414.23920986
 7415.99153744 7416.57283553 7417.03790067 7417.25469995 7421.32998656
 7421.92555128 7424.34657665 7431.63598604 7450.45412422 7454.06407903
 7454.48241099 7455.54544083 7475.82460754 7482.11558687 7502.56645302
 7515.72794312 7530.22789548 7537.51643821 7539.47459844 7539.76613082
 7540.43306196 7540.50512839 7540.53866161 7545.27801271 7550.80769454
 7553.1656868  7553.64985187 7557.46387268 7558.68503533 7562.01359106
 7568.36270354 7569.74903232 7572.22949083 7582.98608883 7585.02301547
 7585.46464735 7592.90372292 7593.34542146 7595.11878231 7606.17577931
 7606.31847885]"
165,714748_2024-06-24_A-461,SSs,True,"[  24.85425192   26.57984625   37.84607591 ... 7617.15187659 7619.39276923
 7619.53730209]"
166,714748_2024-06-24_A-462,SSs,True,"[  23.98458811   24.37845348   41.84689609 ... 7617.09151012 7619.92966746
 7619.94983406]"
167,714748_2024-06-24_A-464,SSs,True,"[  48.67387367   55.2181855    55.22988546 ... 7615.7685478  7618.24663966
 7620.47273235]"
168,714748_2024-06-24_A-466,SSs,True,"[  21.44632978   98.63380954  106.86484917 ... 7618.64620501 7618.84517103
 7618.86897095]"
169,714748_2024-06-24_A-467,SSs,True,"[  20.80246523   21.5228962    21.67312904 ... 7619.9179675  7620.00583388
 7620.78626465]"
170,714748_2024-06-24_A-469,SSs,True,"[  21.78169535   45.01348569   60.13336935 ... 7610.84813063 7613.69252129
 7620.28919962]"
171,714748_2024-06-24_A-470,SSs,True,"[  20.61366585   21.89849496   24.18748744 ... 7618.43573904 7618.45220565
 7618.4689056 ]"
172,714748_2024-06-24_A-471,SSs,True,"[  21.85696177   30.62053298   31.27799748 ... 7620.1207335  7620.25809972
 7620.52303218]"
173,714748_2024-06-24_A-478,SSp,True,"[  20.38696659   20.41776649   20.58669927 ... 7419.22766014 7455.69044035
 7537.76977071]"
174,714748_2024-06-24_A-487,VISC,True,"[  33.3438907    36.29828099   52.91055975   56.89914665   62.43119514
   65.37468547   65.66785117   72.45582887   81.37133292   95.07208791
   96.82288216   97.30024725  108.8628426   117.38224795  155.51702267
  167.13641783  178.75117967  182.89126607  184.19746178  184.79359316
  208.07491667  227.37408661  235.64025945  238.75651588  243.19090131
  247.75345299  255.55519403  258.37185144  259.04904922  259.6409806
  287.65375524  288.41511941  298.16035406  303.45110335  335.10176604
  336.72142738  356.01359734  375.39916699  381.04334844  389.13142187
  399.36912157  401.45074807  428.86762467  440.33845365  444.08384134
  449.42549046  477.85516373  478.18379599  478.72359421  485.68167136
  492.98424736  496.33846968  503.58524587  514.9919084   520.90715563
  529.0645955   534.32954487  534.69821033  539.55222771  562.5082523
  565.34454298  568.65729877  606.95570628  620.1614629   624.45601546
  639.29470004  645.35934679  652.77538909  654.0300183   663.30028785
  667.30807468  670.11536546  673.3509215   673.90678634  676.92830974
  684.9363501   689.71116775  692.74572445  697.13831002  708.87367146
  710.76599858  711.36322995  723.94885527  725.73748273  737.72907667
  738.09697546  738.58554052  743.27459179  746.5768476   752.25372895
  753.17532593  754.93755347  760.51573514  772.37719618  777.91641131
  788.73264245  794.59932317  796.83491583  801.92756577  802.57276365
  817.33364849  817.79611364  818.75667715  818.90084334  822.43046508
  832.34279918  838.57164538  861.15573786  863.00696511  882.63526729
  894.17726271  895.25759249  901.11310659  905.94519072  909.64264524
  911.08640716  921.15344076  921.93440486  927.02002148  934.83786247
  935.52306022  935.84709248  939.50958045  940.14881169  945.28232816
  972.84540427  973.19210313  990.06154771  999.55598319 1000.82384569
 1011.3955443  1012.4194076  1018.16198873 1025.28956532 1025.36293174
 1027.70752404 1028.06138955 1042.02327701 1049.32965301 1050.44598267
 1052.7531751  1054.44730286 1057.07129424 1065.1218678  1074.15197146
 1074.8210026  1080.43315083 1112.91064413 1118.46455922 1121.53478247
 1126.02530105 1152.07274881 1159.9414563  1195.33947334 1199.00929462
 1212.52018357 1249.89936077 1260.19039363 1261.61538895 1280.14512807
 1291.70679009 1317.46243881 1317.51647197 1317.56517181 1317.6394049
 1317.70477135 1317.77137113 1317.87520412 1317.89360406 1319.15029993
 1321.27432629 1324.10731698 1335.10138087 1335.46484634 1340.23053068
 1343.13985446 1344.22341757 1345.307514   1347.06807489 1360.08399879
 1367.21000872 1368.00953942 1368.85403665 1375.88454689 1383.18838956
 1409.24507062 1416.3946138  1444.81662043 1445.65095103 1450.29350244
 1469.16157379 1470.44763623 1480.48426993 1482.14446447 1502.25136508
 1518.31257899 1518.8668105  1585.21029255 1591.04607338 1611.72743877
 1643.17946878 1646.4186248  1655.79329401 1659.26728259 1688.72638581
 1688.78385229 1688.93571846 1690.18098104 1695.33886409 1697.90822232
 1698.06505514 1698.76415284 1739.27088643 1795.43006861 1803.44460895
 1807.14216346 1808.47252576 1819.61108917 1827.03503145 1827.49806326
 1833.21694447 1835.35143746 1836.77843277 1851.50565106 1863.20724595
 1914.6862435  1924.00704621 1935.67807454 1940.0619268  1953.3855497
 1953.51594927 1957.29453686 2005.17034624 2082.99205725 2109.44560368
 2139.39343863 2145.1347531  2155.20885334 2182.39346403 2200.45413803
 2201.12023585 2201.88040002 2220.54870535 2272.28563539 2280.25314255
 2291.08327364 2300.30477667 2328.09088539 2331.64557371 2384.47116684
 2386.35156066 2415.11923282 2418.47605513 2421.78041094 2446.14926422
 2447.02959466 2452.77090913 2458.13042486 2460.41568402 2467.03672893
 2470.59171725 2473.58684075 2481.53248131 2509.94062132 2514.73383891
 2521.1883177  2524.07110823 2540.25825505 2546.55570103 2563.86984415
 2575.75357178 2576.14773715 2584.50497636 2585.07927448 2602.66111672
 2609.24799508 2622.56841798 2633.28371612 2639.64286189 2666.78473939
 2695.15317953 2702.38725577 2704.04821698 2711.19896015 2744.25905154
 2753.57215428 2756.67647742 2757.38060844 2773.26825624 2778.74893824
 2781.11323047 2793.21119073 2795.50704985 2795.64268274 2802.78089262
 2806.05851519 2823.51005786 2848.7199417  2863.32472706 2864.76505566
 2873.0220952  2913.67619498 2913.81666118 2917.99418079 2926.55471934
 2940.64690637 2958.4350146  2958.96197954 2964.9012267  2968.97584664
 2969.90681025 2983.3352328  2999.03031458 3010.35431071 3011.14814143
 3061.02434425 3061.33737655 3065.08496424 3091.3073781  3110.06141649
 3112.83807403 3123.61507196 3124.53170228 3139.66611923 3162.4427444
 3169.33735509 3255.83983758 3285.35064063 3286.29953751 3340.83065837
 3340.84499166 3461.82519421 3470.68499844 3548.21611041 3646.73322009
 3653.37346495 3673.46183229 3674.17179662 3678.85364791 3725.86199348
 3753.07127076 3762.71063909 3780.89154603 3788.81235334 3814.31346956
 3816.515529   3824.92526804 3825.80989846 3852.83130969 3875.0413034
 3884.5894387  3904.18220766 3924.51374087 3948.53416196 3967.51733293
 3971.06318795 3996.8900031  3998.92779641 4002.40615165 4002.72858392
 4011.01002338 4081.77239092 4143.60858777 4145.24744906 4160.71306492
 4162.28309309 4193.9881556  4215.43688514 4215.45031843 4244.03562452
 4270.05137239 4282.45643163 4290.64990472 4292.62956488 4310.01510777
 4333.28723131 4342.65036722 4353.09179959 4378.94591465 4387.00308818
 4395.85642576 4397.93605226 4400.14007836 4450.19411392 4450.21181386
 4458.95068515 4468.05768857 4481.58487746 4488.69418744 4526.28799727
 4529.13345459 4564.46477186 4576.47863239 4596.4132669  4614.26330826
 4650.12402378 4656.58810255 4692.83185015 4708.55436516 4734.52537984
 4735.21357758 4738.47813353 4755.80620993 4756.04657581 4761.37572497
 4762.05502274 4775.43164546 4785.13008027 4807.89047216 4843.51792178
 4853.75985481 4856.09051382 4878.56603998 4879.72433617 4880.95776546
 4881.6643298  4881.97336212 4884.44785399 4885.28695123 4891.48963086
 4901.59809765 4912.75026101 4917.78264448 4936.0608511  4979.45074189
 4988.12548006 5004.71562556 5011.81453557 5058.71701482 5080.91114191
 5106.77885693 5116.54535818 5131.75554154 5132.70257176 5137.80332167
 5146.8956918  5174.29760178 5190.35058238 5190.49174858 5201.96044424
 5219.12842117 5243.92030639 5299.52672372 5308.08726226 5339.44322592
 5423.51771639 5442.63855357 5469.90249734 5470.38432909 5502.61608987
 5503.95035215 5514.81914978 5515.664047   5516.46901103 5518.96653615
 5531.62216124 5534.64381798 5548.05807392 5564.17692096 5710.17694133
 5798.20235215 5854.27403461 5901.00704775 5937.87382664 5998.76832659
 6023.45704548 6080.40099175 6127.2205046  6177.96060458 6184.68944914
 6212.55032428 6289.67063759 6320.58873602 6482.27750485 6497.73732072
 6535.89302871 6542.16340811 6552.68437355 6554.45356774 6558.96698624
 6598.43835657 6602.67050933 6614.70260314 6700.04818943 6708.55766148
 6723.09544705 6732.78121523 6747.78929926 6749.89325902 6750.2646578
 6752.24301796 6803.01745116 6852.41328889 6863.57321889 6866.95090779
 6868.16353714 6868.45883617 6870.51786274 6890.16803152 6901.29109498
 6903.29755506 6905.1934155  6914.19338593 6924.94738393 6969.55717072
 6985.67538443 6991.17953302 6994.82995436 7007.1435139  7009.38833986
 7015.02182136 7015.23238733 7018.7224092  7039.78983999 7062.28836608
 7088.51814658 7101.07970531 7106.35098799 7132.1822698  7137.6712851
 7158.43981687 7169.67881328 7208.93435099 7215.88666148 7215.92652802
 7215.93882798 7216.19112715 7216.8035918  7217.01865776 7218.49958623
 7219.77984869 7220.39807999 7222.54467294 7224.00623481 7224.3631003
 7240.67424672 7240.88097937 7244.89426619 7269.75475118 7297.54282656
 7300.84651571 7345.63646856 7359.23439056 7359.45638983 7362.23138071
 7377.65623004 7400.64592118 7423.9181114  7429.41322668 7462.27665205
 7472.43078536 7475.18374298 7525.94117623 7540.93659364 7543.75305105
 7555.90797779 7584.13648505 7597.28537519 7597.90620648 7598.59390422
 7599.36833501 7612.31135916]"
175,714748_2024-06-24_A-495,VISC,True,"[  50.84263321   52.85425993   82.81222818 ... 7614.02355353 7616.82181101
 7620.77099803]"
176,714748_2024-06-24_A-496,VISC,True,"[  23.34549021   25.08751782   36.59908    ... 7600.76939708 7606.85424375
 7616.84324427]"
177,714748_2024-06-24_A-497,VISC,True,"[  37.77974279   38.09327509  126.01351959 ... 7610.45513192 7612.97429031
 7617.23027633]"
178,714748_2024-06-24_A-498,VISC,True,"[  25.82834872   25.85061531   25.85651529 ... 7619.46073567 7619.4717023
 7619.53786875]"
179,714748_2024-06-24_A-500,SSs,True,"[  37.18714474  110.1105385   129.58794118  166.79918561  199.69317754
  203.09956635  207.37281898  211.36270587  234.21266414  351.93831073
  364.11840404  436.1236675   497.21806679  559.67186162  743.3407249
  785.65888588  843.73959507  847.73408195  849.30421013  918.81728176
  980.73311169  990.6034126  1002.50817349 1024.980133   1025.04329946
 1105.98350022 1119.03622401 1161.28011857 1232.41225155 1240.65139115
 1267.38237    1414.05308816 1476.89944837 1517.3740154  1644.55596426
 1734.48666882 1759.97908507 1827.48549663 1843.15194517 1848.55686074
 1848.56822737 1869.83579084 1910.56875702 1940.03832688 1956.91760476
 1964.63377941 2002.25205583 2003.82055068 2025.23614699 2025.8506783
 2107.94230862 2151.04296703 2154.31148962 2154.78678806 2158.0713106
 2180.38647063 2197.42424799 2200.75183706 2224.22379328 2253.16206488
 2259.90187607 2356.07532679 2361.41344259 2381.6613094  2426.32042936
 2463.3228078  2463.42137414 2468.62949037 2487.13179625 2506.65069879
 2517.53929636 2524.40314047 2565.23250634 2575.50573926 2577.7561652
 2619.68312746 2629.56242834 2636.76173802 2638.10876693 2673.02971888
 2686.61507425 2701.77399111 2701.89142406 2702.53012196 2714.63001555
 2747.367008   2851.4511994  2859.01097456 2878.60691019 2913.0096305
 2969.20924588 2975.4321921  2994.07516419 3049.62681502 3053.8050013
 3073.58053633 3083.83723597 3084.14856828 3101.91494325 3115.99736365
 3118.33185598 3153.67740653 3172.81091034 3206.01796792 3209.72492241
 3210.51301982 3226.33800116 3230.85618632 3240.88815336 3244.54354136
 3251.41088546 3260.43782247 3309.43986149 3316.3066056  3316.85907045
 3321.14998969 3323.13374984 3374.38981479 3378.20413559 3384.90564691
 3405.31567986 3451.85612697 3462.98169042 3481.58752929 3485.41955004
 3513.83665668 3538.52180892 3558.99987498 3566.73198291 3568.11294504
 3570.12097178 3587.32754858 3596.40718542 3600.90330399 3616.98425116
 3625.69558921 3639.73147643 3651.69293713 3656.73422057 3659.73411072
 3666.52572174 3671.18813976 3687.08608753 3698.59318306 3759.33451685
 3761.23211061 3762.62757269 3762.71027242 3766.96889177 3767.22665759
 3770.85191234 3787.11295892 3817.38085949 3832.54944299 3837.6999594
 3846.97039561 3846.98319557 3858.38145813 3869.79772062 3902.74014573
 3917.99219563 3924.09487558 3931.66538404 3938.42686183 3941.94571694
 3976.00217172 3979.98929196 3992.27378493 3992.28638489 3996.50137105
 3999.53802774 4003.89514676 4007.69380094 4011.75662093 4048.93479879
 4069.45919803 4076.91000689 4082.69435455 4099.27173343 4121.47926047
 4130.49653085 4132.08605896 4134.19305204 4144.34595202 4158.10660681
 4158.67353828 4194.3244545  4204.75355357 4236.47531602 4276.56805098
 4276.764717   4295.62272171 4303.72892842 4317.34725035 4318.49091325
 4339.20264521 4360.23610945 4386.23275738 4393.78883256 4405.81899303
 4405.99919244 4412.09860574 4426.60882474 4476.70716015 4480.40264801
 4522.00694467 4539.14285504 4541.10381527 4546.66196367 4556.81376366
 4562.37541205 4573.06724359 4577.64212857 4579.30798976 4583.14754381
 4603.34961078 4607.56996358 4610.85368613 4611.37185109 4618.60262734
 4624.22017555 4630.17122267 4638.7641611  4653.47761277 4656.87543494
 4658.29493027 4668.79629578 4685.50257423 4704.15667961 4712.50608551
 4720.79159163 4721.00049094 4745.70274312 4746.11954176 4759.15999892
 4765.42211168 4776.89504065 4777.16600643 4781.90635752 4810.03139846
 4825.51011428 4841.77419418 4846.73517788 4859.32513652 4861.08509741
 4864.74351872 4871.30723049 4872.70815922 4873.37102371 4873.38772366
 4876.40764707 4885.7547497  4890.67636686 4891.13876534 4891.19546516
 4891.88022957 4898.23144204 4898.97933958 4903.29525874 4914.35198908
 4914.98868699 4965.4740878  4984.60892494 4995.70562182 4998.86284478
 5015.78412253 5025.20889157 5029.5615106  5033.52489758 5046.6572211
 5049.61754471 5063.50003244 5075.34312687 5088.9379822  5107.36855499
 5115.03059649 5127.44798903 5141.13817738 5146.3989601  5148.77831895
 5158.68281975 5159.15228487 5160.44904728 5164.25423478 5176.74546041
 5184.28540231 5200.5623155  5215.19656742 5229.31672104 5229.6532866
 5236.81936306 5241.6775471  5253.34100878 5262.80121103 5265.24423634
 5271.05818391 5312.86551323 5320.26015561 5324.72864093 5344.35347645
 5390.60165785 5397.75700101 5406.16390673 5416.90720477 5435.46577713
 5444.76524658 5458.96673326 5468.58516833 5473.61285182 5482.23425683
 5498.21313767 5514.39305118 5514.4081178  5520.28479849 5541.51896207
 5549.66003532 5556.74564538 5558.26920704 5559.57483608 5568.10634139
 5570.20550116 5577.74394306 5595.67521749 5599.92830351 5622.35139652
 5626.568616   5626.57758263 5639.98330526 5647.04598206 5663.40052833
 5675.62828816 5676.97065042 5677.54644853 5685.94315427 5691.53856923
 5724.55886075 5730.55774104 5750.4778756  5751.87147102 5765.70719224
 5766.95862146 5790.10517875 5791.348508   5799.84671341 5810.43297864
 5810.51234504 5824.4452326  5826.03226072 5845.00779839 5852.20924139
 5857.55229051 5867.57635758 5871.58731107 5880.87834721 5887.66459158
 5891.6073453  5895.23983337 5898.93825455 5904.12930416 5908.07482453
 5934.41907132 5955.44840224 5958.65195838 5962.17691347 5977.28903049
 5988.76619278 5990.26392119 5990.78608615 5991.78868285 5992.23231473
 5992.9721123  5993.41341085 6020.22882276 6039.65439227 6044.19274403
 6056.82726919 6057.78643271 6057.92643225 6066.1678385  6085.84787385
 6089.85516069 6111.67088902 6121.96692186 6130.18229487 6135.59814375
 6138.08940223 6172.06209062 6175.82117827 6189.86926546 6205.56921388
 6221.05919633 6222.68689098 6239.1286703  6250.12383418 6254.6718859
 6270.89859926 6277.50564422 6279.39463802 6286.13598254 6289.09313949
 6297.64097808 6299.6011383  6307.83201126 6309.2401733  6313.99619101
 6314.74765521 6339.9651057  6340.91106926 6346.470151   6357.9767132
 6362.58899804 6364.00396006 6365.45118864 6379.34734299 6392.4436333
 6395.49998993 6398.68171281 6406.70831977 6419.03157929 6425.41342499
 6432.14420288 6433.21189937 6455.747192   6466.43825688 6466.75285585
 6482.20763841 6483.64500035 6501.05674315 6516.25472656 6517.32775637
 6526.29596024 6530.4483466  6533.52266983 6537.3885238  6540.34008077
 6542.47907374 6548.79911964 6554.1608687  6555.06196574 6570.83931391
 6583.68240505 6588.49338924 6590.75234849 6592.55720923 6595.65989903
 6608.94562205 6624.22793851 6624.69370365 6631.90701329 6633.6574742
 6647.04756355 6647.9855938  6651.94194747 6663.06701092 6666.52199957
 6667.92099498 6668.7768255  6676.67736621 6680.31655425 6684.9993722
 6705.85540369 6707.82813054 6715.19130635 6737.58693278 6748.52473018
 6773.77081391 6778.76969749 6787.17886986 6805.96810813 6810.48905995
 6812.34892051 6838.55116776 6839.16396575 6839.8259969  6844.06061633
 6844.566048   6872.78932195 6884.1181514  6884.47841688 6885.86611232
 6892.20679149 6893.28458795 6898.57840389 6901.14376213 6907.81680688
 6915.63511453 6925.0583169  6927.14311005 6940.58069924 6942.31159356
 6955.33265078 6957.19031134 6961.64563004 6976.3300818  6977.33131184
 6981.66836426 6984.27512236 6984.88982035 6990.06877    6990.34720242
 6991.13036651 7006.46954945 7011.87669836 7024.01292515 7030.33007107
 7030.56657029 7032.07973199 7045.89641993 7059.8467741  7073.12626381
 7075.79198838 7096.60758667 7111.46633785 7121.28150561 7146.29235678
 7148.5874159  7149.05538103 7154.60682946 7160.9664419  7180.83257664
 7188.68125086 7198.77041771 7236.2339613  7239.90454925 7254.68846734
 7266.59046158 7268.5626551  7274.95260077 7276.47209578 7281.10388056
 7290.59601605 7291.52757965 7315.93759946 7316.72546354 7321.18774888
 7324.72587059 7330.37635203 7346.02320063 7358.79432534 7363.02901143
 7363.85564204 7373.10387833 7377.42276414 7382.01378239 7382.60461378
 7391.01965281 7399.93102353 7403.79581083 7412.00305054 7413.05671374
 7419.92669117 7420.25735676 7420.5078226  7424.08484418 7424.22724371
 7424.62770906 7428.29569701 7430.52605635 7441.47882037 7444.60237678
 7445.69570652 7450.60902371 7454.62324386 7458.4674979  7459.72516043
 7460.16835897 7477.34843587 7478.18599978 7485.9837075  7486.83693803
 7487.34810302 7487.63080209 7494.57867926 7521.12679205 7526.14564223
 7539.3946987  7539.99769672 7540.51796168 7551.81115791 7552.59358867
 7561.06736084 7582.93268901 7590.00469911 7596.36804487 7597.21277543
 7598.02327276 7604.17505255 7606.18151263 7607.33357551 7618.6403717 ]"
180,714748_2024-06-24_A-501,SSs,True,"[  23.22105728   23.33169025   26.85754534 ... 7619.72520147 7619.98163396
 7620.34813276]"
181,714748_2024-06-24_A-502,SSs,True,"[ 323.17033857  374.5641364   522.11191834  906.62052183 1166.05066956
 1172.26131582 1199.98605808 1212.75691612 1213.07988173 1267.66763573
 1284.67084654 1383.66242133 1402.739092   1411.44799672 1476.44364987
 1482.93419521 1499.51460741 1506.3452183  1527.41321576 1560.30310771
 1645.96649295 1680.62171244 1707.00009245 1729.13051975 1806.7267315
 1824.6135394  1843.78904307 1872.29761608 1917.66840037 1923.84368008
 1961.11755763 2056.68147702 2057.46154112 2066.77221054 2073.85148728
 2117.49057725 2117.65304338 2148.24924287 2152.6850283  2153.3643594
 2183.94499227 2200.92456982 2210.56303816 2280.29600907 2282.31303578
 2284.01119687 2302.78280187 2388.86708573 2400.51341414 2485.52513486
 2509.33618997 2515.01430465 2515.16663748 2528.54502687 2533.41417754
 2558.67819454 2571.58638547 2592.53514998 2643.20471686 2652.5668861
 2657.12617112 2720.27989698 2730.26083086 2806.6013134  2880.0641054
 2892.54986438 2943.76409613 2970.76637409 2974.02316339 2989.3532797
 3070.64874596 3085.72609643 3108.36705539 3140.51591644 3141.36188033
 3153.31894104 3168.63552406 3169.38978825 3180.34071894 3182.83414408
 3188.2153264  3208.27672717 3210.96911832 3222.08908179 3239.90835658
 3243.2007791  3244.26954226 3247.33189886 3251.39675218 3256.74973459
 3263.89081113 3271.91725143 3277.08340112 3326.94573732 3336.79763829
 3339.3488299  3343.75761542 3345.28724373 3350.62215954 3367.87220287
 3379.14303251 3383.75658402 3384.53324813 3385.50644494 3393.77791776
 3399.64769848 3404.72834845 3412.73568882 3420.51956324 3430.030732
 3432.97162234 3438.62807042 3448.1215059  3452.05105966 3478.06534086
 3509.5591374  3515.88828328 3520.7520673  3531.08703334 3546.12728393
 3568.66124324 3574.09522539 3584.06709263 3591.11220282 3591.47050164
 3595.30352238 3629.51954331 3631.75213598 3666.20435613 3666.69658784
 3699.36024721 3706.48729046 3725.09352933 3735.89602718 3739.22494958
 3744.47856565 3757.41422315 3775.49496376 3834.63846946 3837.71799268
 3868.62159115 3868.86189036 3894.16430724 3906.20336769 3916.09400186
 3924.18370862 3930.24018872 3933.43237824 3937.39196523 3952.18204998
 3996.18417209 4009.41136197 4020.26532631 4050.84642585 4053.54325032
 4062.39642124 4066.56274088 4088.32953604 4105.72927888 4116.67367626
 4120.86639582 4122.97618889 4123.19575483 4129.40176778 4129.85603295
 4162.02989392 4167.75470845 4168.46443945 4215.19588593 4225.31881934
 4241.88343159 4268.81684311 4288.07211319 4306.32298656 4307.49914936
 4311.44213641 4315.3109237  4316.73988567 4334.75549316 4342.02633594
 4367.29951958 4377.07298747 4400.90607584 4404.29169805 4406.52532405
 4411.9589062  4413.47350122 4425.52556163 4432.70020472 4448.61575244
 4467.56022354 4468.34018764 4491.772044   4495.3723655  4497.87762394
 4526.52799648 4527.15046111 4536.17389813 4557.18826243 4568.77422436
 4577.62446196 4579.85098798 4579.99855416 4583.48497604 4588.38579327
 4617.9233629  4628.1933625  4647.5919321  4651.43138616 4660.04069121
 4666.31023728 4684.52517744 4689.42129469 4696.01843968 4699.44242843
 4700.84065717 4720.85092477 4732.70531916 4756.34380817 4759.16496557
 4781.83865775 4794.07441755 4796.51840952 4823.27995494 4827.55564089
 4885.42151746 4901.89243001 4927.86797801 4937.89037842 4957.54961384
 4965.25558852 4975.88895359 4983.01929683 4984.07996001 4998.92384458
 5009.77090895 5012.97153177 5026.01852224 5028.46284754 5031.94686943
 5050.05100996 5076.87525517 5080.97660836 5097.97601918 5102.38813802
 5116.0320932  5141.07024427 5145.28129711 5164.00796892 5165.06989876
 5170.31391487 5182.78440724 5182.94847336 5191.2278795  5193.70540469
 5199.04325382 5201.24647992 5207.52052597 5228.33412426 5228.58672343
 5231.46254732 5264.81533775 5273.80604155 5286.85149869 5301.03878542
 5301.50678388 5307.51919746 5310.67195377 5321.07415293 5329.2212595
 5346.89216811 5349.61552583 5359.35896049 5361.36982055 5366.85363587
 5373.70548003 5375.22284171 5381.5780875  5386.3856717  5390.52955809
 5394.98551012 5398.50919854 5409.08343047 5445.59807718 5456.98963976
 5459.91269682 5470.18142975 5470.66322817 5474.70518156 5476.8449412
 5480.39342954 5485.38711313 5488.4926696  5491.94912491 5514.12251873
 5534.73025103 5537.66460806 5539.19896969 5556.36984661 5566.33871386
 5568.324574   5573.69168971 5583.13349202 5589.5120044  5594.01902293
 5600.94296685 5601.14479952 5601.48566506 5601.57596477 5611.6006985
 5614.55148881 5615.74901821 5626.07581762 5626.58274928 5628.86007513
 5642.50216365 5665.29982209 5676.34975246 5678.84874425 5679.34527595
 5684.26975977 5693.26693021 5700.71547241 5707.72288272 5714.28799449
 5721.90463613 5736.77372062 5741.27483917 5744.7240945  5747.08392008
 5752.49593564 5754.13639691 5754.95789422 5761.18737375 5762.60920241
 5775.40912703 5783.48983382 5801.28890868 5812.37593892 5822.11800692
 5835.68246235 5849.93948218 5853.49533717 5858.87041951 5860.95327934
 5869.36321837 5870.08994932 5870.80998029 5873.8086371  5881.35327898
 5882.93000714 5891.66351178 5906.14849753 5910.95138175 5913.84830557
 5920.55045022 5924.24693807 5933.00134265 5934.30033838 5944.73120411
 5946.10193294 5966.682032   5969.72435534 5969.96622121 5973.06084438
 5974.12427422 5975.02227127 5975.02787125 5988.091595   5992.15244832
 5996.91769934 5997.84509629 6001.95348279 6003.27851177 6011.81408373
 6015.40750526 6015.82577055 6021.83818413 6025.33080599 6029.62519189
 6043.84174518 6049.3149272  6052.70478273 6053.64941296 6058.17959808
 6062.26288467 6065.12220861 6075.30507515 6085.72554092 6086.17073946
 6090.88172398 6092.71141797 6097.24686974 6097.40540255 6113.80278202
 6130.15586163 6137.83536973 6144.08194921 6146.6622074  6150.19326247
 6152.05552302 6164.25051629 6177.70350542 6181.53029285 6186.7514757
 6204.31595133 6205.26334822 6209.48243436 6210.53536423 6213.040956
 6223.22015589 6226.55897826 6226.57811153 6230.89736401 6241.19343018
 6250.97319805 6273.49869072 6293.38759205 6305.95071744 6322.69676243
 6338.74594304 6350.68923714 6370.99230377 6373.60469519 6374.52805882
 6376.94475088 6387.18041726 6404.77162613 6408.00958216 6427.44148499
 6439.46017884 6440.64684161 6451.84730481 6455.03029436 6457.38581995
 6462.90193516 6463.46639998 6467.78605245 6469.10774811 6470.16017799
 6471.63360648 6474.23766459 6479.8554128  6499.32251552 6500.11024626
 6512.98657063 6523.31997001 6533.12963779 6540.70067958 6548.71325326
 6571.77917748 6598.48412309 6598.69028908 6607.39932713 6624.22510519
 6629.01275613 6639.10238965 6647.33366261 6660.71028533 6664.80120522
 6683.33411101 6683.85344263 6685.88706929 6686.89343265 6695.4317046
 6720.1182235  6724.61597539 6732.80584848 6746.63793638 6757.20813499
 6766.12137237 6768.42153148 6770.15609245 6777.62273459 6779.89702712
 6806.84777191 6816.37140729 6832.69575366 6839.88786337 6856.02814368
 6876.7821755  6878.4453367  6885.30328084 6890.64272996 6894.02848551
 6902.0566258  6913.45582168 6923.81898764 6946.42698004 6954.76651931
 6975.05221933 6978.66867412 6980.22390234 7025.24238778 7028.69907642
 7065.80492119 7071.96346763 7082.59156605 7097.01648532 7097.96521554
 7102.06560207 7109.83427655 7152.11573765 7154.65399597 7168.19785148
 7226.39866028 7241.29874466 7251.39021151 7263.64037127 7272.91080748
 7302.77810936 7307.61106015 7321.59394755 7329.7248875  7333.74984095
 7340.98275052 7341.29458283 7363.11554448 7380.22325494 7406.09796994
 7411.24428636 7415.46937248 7421.33281989 7439.03682839 7441.88835236
 7442.06635178 7461.08892262 7478.58486514 7481.38025596 7484.46447916
 7484.79961139 7485.75394159 7522.15242201 7536.28530892 7540.4097287
 7570.94776171 7572.08455798 7573.01845491 7587.29767467 7594.46898444
 7601.31346196 7602.29605873 7609.58703477 7613.77855434]"
182,714748_2024-06-24_A-507,VISC,True,"[  95.50268649  127.87308015  146.99695066 ... 7613.7289545  7617.88557418
 7618.25523963]"
183,714748_2024-06-24_A-508,SSs,True,"[  20.7808653    21.22596384   22.83352522 ... 7618.59610518 7618.78090457
 7620.2332998 ]"
184,714748_2024-06-24_B-0,AON,True,"[  20.22586301   20.7529947    20.79189457 ... 7620.13904099 7620.16320758
 7620.58277293]"
185,714748_2024-06-24_B-3,AON,True,"[  20.51126212   20.56466195   20.71182816 ... 7620.20940744 7620.43424007
 7620.79760559]"
186,714748_2024-06-24_B-4,AON,True,"[  21.58772542   21.79265811   23.50825274 ... 7618.93734475 7619.71707564
 7619.96547487]"
187,714748_2024-06-24_B-7,AON,True,"[  20.21092973   20.56282862   20.58299523 ... 7620.67177266 7620.68647261
 7620.71263919]"
188,714748_2024-06-24_B-8,AON,True,"[  20.19842976   20.25529625   20.56662861 ... 7620.58723959 7620.61173951
 7620.67050599]"
189,714748_2024-06-24_B-10,AON,True,"[  20.24666295   20.81986115   21.07519369 ... 7620.05154126 7620.15487427
 7620.44170671]"
190,714748_2024-06-24_B-11,AON,True,"[  20.22149636   20.24726294   20.26662955 ... 7620.46920662 7620.63593943
 7620.80140558]"
191,714748_2024-06-24_B-12,AON,True,"[  20.77432796   20.92416083   21.14379347 ... 7620.46573997 7620.5949729
 7620.64397274]"
192,714748_2024-06-24_B-13,AON,True,"[  20.23062966   20.83469444   20.84959439 ... 7620.41984011 7620.61197284
 7620.62773946]"
193,714748_2024-06-24_B-14,AON,True,"[  20.24839627   20.6995282    21.0490271  ... 7620.09784112 7620.09950778
 7620.6238728 ]"
194,714748_2024-06-24_B-15,AON,True,"[  21.0485271    23.52345269   23.68931884 ... 7620.42117344 7620.46797329
 7620.78480563]"
195,714748_2024-06-24_B-16,AON,True,"[  20.1987631    20.59952851   20.68049492 ... 7620.58677292 7620.71827251
 7620.79233894]"
196,714748_2024-06-24_B-19,AON,True,"[  20.84412774   20.92649415   20.94362743 ... 7620.06527455 7620.08917448
 7620.1682409 ]"
197,714748_2024-06-24_B-21,AON,True,"[  21.05056043   21.05806041   21.44462586 ... 7619.02301115 7619.83520861
 7619.85327522]"
198,714748_2024-06-24_B-23,AON,True,"[  20.23412965   20.35376261   20.64189504 ... 7620.40094017 7620.45840666
 7620.69673924]"
199,714748_2024-06-24_B-25,AON,True,"[  20.20466308   20.52192875   20.57786191 ... 7617.89648134 7619.89650842
 7619.90340839]"
200,714748_2024-06-24_B-27,AON,True,"[  23.48611947   23.50691941   23.53965264 ... 7620.74180577 7620.75060574
 7620.7649057 ]"
201,714748_2024-06-24_B-29,AON,True,"[  29.23326815   29.68390007   30.20323178 ... 7612.16006596 7614.89539074
 7619.05214439]"
202,714748_2024-06-24_B-34,AON,True,"[  20.26172957   26.41244365   26.43531024 ... 7619.39537665 7619.44020984
 7619.65477584]"
203,714748_2024-06-24_B-35,AON,True,"[  27.09260818   29.50593396   30.14063198 ... 7609.98843943 7614.82542429
 7615.04055695]"
204,714748_2024-06-24_B-36,AON,True,"[  20.27719618   20.53769537   20.57352859 ... 7620.52717311 7620.64647273
 7620.79277228]"
205,714748_2024-06-24_B-37,AON,True,"[  20.36882923   20.51176212   20.66372831 ... 7620.21487409 7620.47470661
 7620.52227312]"
206,714748_2024-06-24_B-39,OLF,True,"[  53.77472467   58.87270871   60.69543634 ... 7612.37949861 7612.61949786
 7619.82487531]"
207,714748_2024-06-24_B-41,OLF,True,"[  67.25438247  151.15698651  238.86047866  258.48951722  297.91912713
  305.64990293  384.1239573   451.60937939  453.49584016  538.11124197
  573.86926337  581.95823805  663.3771832   689.97083329  773.11233972
  792.78041149  866.07598206 1068.79718085 1094.15683481 1123.68317572
 1190.55523307 1291.09481836 1320.35829343 1329.10033274 1396.99742021
 1421.58660991 1422.90640578 1457.60446384 1506.18877843 1507.72320696
 1507.85213989 1576.01695986 1598.71725547 1598.80055521 1652.15812152
 1657.31277206 1661.65272514 1734.27416449 1830.00306485 1906.61045839
 1950.2249552  1954.02237665 1964.38827754 1978.7672992  1979.08196488
 2053.30266589 2054.56202862 2063.48790068 2119.48319207 2172.40245976
 2215.03055966 2256.76022904 2289.39592689 2323.16595452 2345.19645223
 2363.58829466 2370.05700774 2373.56763009 2400.41787938 2404.71633259
 2413.1483062  2418.21745699 2470.40532697 2470.73875926 2474.46874759
 2528.79194422 2558.37765161 2571.22031141 2574.75130036 2579.22411969
 2584.27630388 2602.6808796  2664.82915174 2681.25726698 2698.40227998
 2712.30613646 2760.03008708 2764.68247252 2804.36211498 2810.15439685
 2842.84599452 2862.21616722 2894.55606599 2923.45124222 2938.54659497
 2963.31958409 2985.05651605 2985.06294936 2985.09658259 2985.19784894
 2986.23317903 3016.77725009 3026.67631911 3038.7773479  3072.88864112
 3078.76535606 3147.76807341 3150.50166485 3164.63532061 3185.16672301
 3209.21254775 3249.22998915 3277.05686872 3302.21538997 3309.34336766
 3354.3126269  3389.7309827  3399.73415139 3420.57861948 3439.4202605
 3552.43030677 3626.58154133 3642.5755246  3678.77664462 3775.988307
 3822.89152685 3886.71149376 3896.64906265 3920.28022202 3971.03682981
 3989.84823759 3993.4774929  4001.59810081 4016.13435531 4023.76069811
 4068.33332526 4086.33003559 4100.90948996 4104.37057912 4114.7177134
 4114.88134622 4114.98264591 4119.81293079 4121.86052438 4121.91279088
 4122.18462336 4135.33834886 4136.05731327 4148.21320856 4157.92247816
 4161.16943467 4165.10915567 4172.7870983  4176.39128702 4206.16589382
 4207.37115672 4209.92431539 4218.05102329 4257.47673321 4261.83378624
 4302.75999147 4328.13707871 4330.60397098 4338.63947916 4348.69621435
 4398.17572614 4411.87208327 4412.52514789 4412.59384768 4441.456424
 4453.11462084 4479.23047243 4505.45239035 4556.43163078 4577.92936349
 4584.90790831 4598.22016664 4598.29589974 4612.65705479 4617.5525728
 4639.45437091 4646.40744915 4652.12003126 4669.65564304 4669.65924303
 4669.89050897 4675.45805821 4682.61336915 4701.01614488 4723.09587577
 4728.24509298 4735.41293721 4742.73288097 4771.59742395 4773.06308603
 4786.32914451 4787.48864088 4790.89949687 4826.82341775 4835.86758944
 4837.07688566 4839.19084571 4854.48089785 4859.72011478 4860.65507852
 4864.32810036 4871.60731091 4873.70967099 4878.1255905  4878.81468835
 4881.6516128  4881.75091249 4882.31374406 4884.19570484 4884.40443752
 4892.35181264 4892.63731175 4921.21782229 4921.49182143 4922.52185154
 4922.6302512  4934.91334609 4959.68326855 4977.66331227 5008.0785504
 5014.19599792 5014.2030979  5014.40919725 5017.4173545  5019.20234892
 5025.29122986 5025.35726298 5031.79707616 5107.19370683 5112.64645642
 5112.82232254 5114.95911585 5123.36965619 5124.23332016 5127.21597749
 5164.03576224 5164.15692852 5166.63012078 5175.79722542 5175.8025254
 5195.55319692 5200.9247801  5205.09546705 5206.64716219 5209.13215441
 5241.04525452 5252.09908659 5252.1063199  5252.61381831 5252.61878496
 5264.82711341 5267.83190401 5277.19720803 5294.61135352 5297.87330997
 5304.18625688 5304.19345686 5304.19722351 5304.27322328 5312.63903042
 5312.67223032 5313.03982917 5314.66545741 5327.82154957 5351.0907434
 5351.19960972 5351.20374304 5357.24345747 5422.53915309 5429.91899665
 5455.95108184 5456.83337908 5463.0034931  5477.91164643 5478.01167945
 5491.28857123 5491.81260292 5495.64992424 5532.39530922 5532.62860849
 5532.65450841 5543.79294022 5547.70909462 5553.64034272 5555.7032696
 5560.41922151 5566.29720311 5575.19937524 5580.09752658 5583.02065076
 5601.71942556 5602.96202168 5603.03252145 5603.06308803 5603.12052118
 5603.1343878  5603.14418777 5603.22648751 5606.41317754 5606.92590927
 5607.1080087  5615.46311588 5617.1080774  5617.27331021 5617.36777658
 5624.07078894 5628.51584169 5641.75143359 5668.82148219 5672.6320036
 5685.77819578 5691.96994307 5692.06714276 5706.36553134 5706.47849766
 5706.57516402 5709.13182268 5709.16068926 5717.65899599 5718.79042578
 5723.08034569 5723.16011211 5723.30354499 5723.54354424 5726.86276718
 5741.41555496 5748.79419854 5751.0752914  5754.32531456 5756.14537553
 5757.36450504 5757.40700491 5768.2710709  5769.56706685 5773.83492015
 5774.18991904 5779.53156899 5779.58336883 5779.75090164 5779.78716819
 5779.90530115 5780.16600034 5784.05172151 5786.27478122 5786.28338119
 5787.19771166 5787.20847829 5794.438489   5798.46044307 5804.68809025
 5813.96226122 5817.76114933 5818.14368146 5818.27801438 5819.61487686
 5821.00320585 5823.42046495 5837.54718739 5857.02509309 5859.52828526
 5859.66211817 5860.37494927 5861.5582789  5862.12611046 5862.19274358
 5868.7777563  5873.8053739  5877.2445298  5877.52136227 5877.52449559
 5878.6921586  5885.86433616 5885.97083582 5886.52886741 5887.80453008
 5887.81953004 5888.39732823 5890.13428946 5891.46175197 5894.52054239
 5898.96626181 5905.509008   5909.67019497 5909.67562829 5909.73012812
 5910.48975907 5911.35232304 5911.89865466 5913.84324858 5920.59876077
 5923.37021876 5927.08647379 5932.21859106 5934.91201596 5935.18164845
 5961.55776589 5961.62183236 5961.70439877 5961.82379839 5961.91243145
 5962.05266434 5966.30708436 5976.37038619 5976.41685271 5982.18876798
 5983.25249798 5999.00941533 6005.21262925 6010.11084725 6010.30517997
 6015.49886372 6015.50209704 6017.99132258 6018.20018859 6018.31982155
 6018.4443545  6022.27964249 6047.24609768 6047.55363005 6058.01269731
 6058.03089725 6061.95845162 6062.22811745 6062.37635032 6068.6130308
 6070.94655682 6085.45704474 6085.4687447  6085.85454349 6092.34315652
 6092.40875631 6092.70498872 6092.85025493 6092.85418825 6092.9120214
 6093.42655313 6093.43428643 6093.64975243 6093.76878539 6094.98244826
 6095.71801262 6106.86427773 6108.48213933 6112.56769321 6112.61802639
 6112.6233597  6131.79623302 6139.91077429 6147.92011589 6154.88642742
 6164.45763079 6171.15967648 6200.62708424 6201.48228156 6203.91180729
 6204.22000633 6207.25096351 6209.07029115 6243.00281827 6252.73125448
 6253.01418693 6253.01785358 6259.08103461 6259.18713427 6261.34879417
 6261.40899399 6261.59512674 6274.17632069 6275.70258258 6275.90768194
 6276.53747997 6276.69427947 6276.77737921 6277.05681167 6277.28531096
 6277.3577774  6277.40731058 6277.49154365 6277.67984306 6282.78892706
 6283.75379071 6283.87359034 6283.87745699 6294.26232448 6312.03573552
 6327.12898827 6327.13672158 6332.13363928 6332.14443924 6346.47442772
 6354.92413461 6356.16596405 6356.4899297  6362.22677841 6370.06585388
 6372.85987846 6381.54538461 6407.55190321 6413.18208558 6413.78198371
 6414.5494813  6425.3076143  6425.79997942 6427.06730879 6427.10967532
 6427.25027488 6436.74774515 6436.75244514 6441.47843035 6475.4200241
 6475.57115696 6496.78142391 6501.47647588 6502.38467304 6503.48513626
 6513.32320546 6528.84209022 6530.06011974 6530.06451973 6533.22554317
 6534.56417231 6550.26665649 6557.28533452 6563.86751392 6596.28207912
 6597.57440841 6597.89227408 6602.17642734 6602.29022698 6606.79077956
 6609.01900592 6613.01262676 6616.42221608 6622.23539789 6630.75070457
 6636.43888676 6651.72200559 6652.93680179 6653.68559944 6655.44219395
 6664.48183232 6665.50376245 6668.10002099 6671.04931176 6700.472353
 6700.49721958 6705.81083629 6708.7353938  6708.74709376 6708.9370265
 6708.97315972 6719.25779419 6738.487534   6752.67202294 6760.01396662
 6762.95709074 6762.96279073 6775.67988425 6777.29741252 6782.8316952
 6785.13782132 6785.18588783 6785.27815421 6799.73297563 6804.41056099
 6813.96333109 6817.06238805 6825.01149651 6825.27119569 6825.29746228
 6825.30046227 6825.44236182 6826.65709135 6827.41102233 6830.39411299
 6840.53618124 6843.85593752 6845.53103228 6857.77652728 6857.79799388
 6866.58099972 6874.2008092  6879.52922586 6880.1451906  6881.73788561
 6888.64083067 6888.75859697 6888.95309636 6890.92499019 6893.0192503
 6896.97727124 6898.35066694 6898.36850022 6900.07329489 6900.07939487
 6900.09059483 6900.97085874 6901.5376903  6907.06270634 6922.30015865
 6927.60584204 6930.02856779 6936.15374862 6946.84921514 6947.74904565
 6954.91935654 6962.53359938 6965.4349903  6986.33552487 6988.08968605
 6989.47594838 6992.76590475 6995.30466347 6995.46356297 6995.46976295
 6995.70869554 6995.71199552 7009.22435323 7009.24951982 7009.25695313
 7017.11326187 7030.48372002 7030.70698599 7036.09520245 7036.09943577
 7061.19909054 7062.06718782 7062.14928757 7063.66814948 7063.6722828
 7071.15682604 7086.21034559 7086.24407881 7086.41914493 7086.48141141
 7087.01894306 7091.23242987 7096.41744697 7104.62045463 7110.15610397
 7110.4008032  7110.42960311 7121.00347001 7135.278092   7135.36605839
 7136.78502062 7159.60474919 7161.51460988 7165.74712996 7165.79966313
 7165.87046291 7167.7904569  7172.99387394 7172.99690727 7181.50171398
 7190.59821884 7202.56781471 7205.1033401  7205.32993939 7208.8101285
 7216.35900487 7220.20489283 7220.98429039 7224.05548078 7250.98522982
 7276.17368431 7291.28323702 7296.82381967 7296.93905265 7300.44634167
 7304.61849528 7318.70408452 7318.8367841  7320.5432121  7349.04415622
 7351.43781539 7389.22473045 7394.52701385 7411.40656101 7418.73433808
 7419.19293664 7441.16086788 7452.48156578 7454.31146005 7455.58138941
 7464.00269638 7470.66347553 7471.83367187 7472.36940353 7473.16840103
 7473.46093344 7473.46426677 7485.04189719 7491.06567834 7492.18894149
 7494.80799996 7494.81329994 7494.82993322 7495.08523242 7495.28199847
 7495.30886506 7500.08308345 7509.24662143 7512.32001181 7512.37907829
 7512.48214464 7513.6526743  7513.76860728 7513.77674058 7513.88424025
 7514.16570603 7514.22383918 7514.95210357 7516.4450989  7516.46543217
 7522.34071378 7522.3443471  7529.98202319 7536.07417079 7543.05128228
 7566.70734157 7574.40245082 7596.60858131 7596.84288058 7608.50094408
 7609.11010884 7609.22430849 7618.9102115 ]"
208,714748_2024-06-24_B-43,OLF,True,"[  21.21702658   21.22725988   21.71289169 ... 7618.07608078 7619.95847489
 7620.72283916]"
209,714748_2024-06-24_B-44,OLF,True,"[  21.37365942   27.8665391    28.02107195 ... 7619.97007485 7619.9969081
 7620.4660733 ]"
210,714748_2024-06-24_B-45,ORBl,True,"[  25.90154525   25.91477854   26.11914457 ... 7616.03282051 7616.24388651
 7619.38814334]"
211,714748_2024-06-24_B-46,ORBl,True,"[  21.25982644   30.41449779   30.42643108 ... 7618.74094537 7619.79977538
 7619.96564153]"
212,714748_2024-06-24_B-47,ORBl,True,"[  20.76799465   21.0699937    21.12612686 ... 7620.0928078  7620.17127422
 7620.28637386]"
213,714748_2024-06-24_B-48,ORBl,True,"[  24.4582831    30.70309688   30.73483012 ... 7619.00357788 7619.22834384
 7619.45227647]"
214,714748_2024-06-24_B-50,ORBl,True,"[  24.66371579   25.96791171   26.02374486 ... 7620.28387387 7620.30490714
 7620.34500701]"
215,714748_2024-06-24_B-52,ORBl,True,"[  20.7423614    20.76056134   20.84239442 ... 7619.80110871 7619.83974193
 7620.10237444]"
216,714748_2024-06-24_B-53,ORBl,True,"[  20.88432762   23.99331789   26.18751102 ... 7620.34267369 7620.46483997
 7620.50360651]"
217,714748_2024-06-24_B-54,ORBl,True,"[  20.29269614   20.95172741   21.70179173 ... 7620.09724112 7620.1769742
 7620.19207416]"
218,714748_2024-06-24_B-55,ORBl,True,"[  20.75592802   23.58491916   26.2152776  ... 7618.36991319 7619.09354426
 7619.81960866]"
219,714748_2024-06-24_B-56,ORBl,True,"[  20.85022772   21.2202599    21.22525988 ... 7619.93927495 7620.21834074
 7620.43264007]"
220,714748_2024-06-24_B-57,ORBl,True,"[  20.96096071   21.06709371   21.22165989 ... 7619.81314201 7619.83367528
 7619.84504191]"
221,714748_2024-06-24_B-62,ORBl,True,"[  21.20032663   23.73928535   24.68958237 ... 7619.68677574 7620.2646406
 7620.59410623]"
222,714748_2024-06-24_B-64,ORBl,True,"[  23.69871881   23.79878516   24.70758232 ... 7619.07681098 7619.78220877
 7619.93477496]"
223,714748_2024-06-24_B-65,ORBl,True,"[  20.4323957    24.39784995   27.45470705 ... 7618.11931398 7619.09687758
 7619.3252102 ]"
224,714748_2024-06-24_B-66,ORBl,True,"[  20.56859527   20.7419614    21.53135893 ... 7619.28521033 7619.48007639
 7620.70303922]"
225,714748_2024-06-24_B-68,ORBl,True,"[  20.99359394   25.94737844   25.95994506 ... 7619.09681092 7619.57390942
 7619.59570936]"
226,714748_2024-06-24_B-70,ORBl,True,"[  20.93452746   20.94302743   20.94872742 ... 7618.80361184 7619.91907501
 7620.61743949]"
227,714748_2024-06-24_B-71,ORBl,True,"[  58.69250927   62.9962958    83.01919979 ... 7616.07288705 7616.08468701
 7619.91967501]"
228,714748_2024-06-24_B-72,ORBl,True,"[  20.75959467   21.12762686   22.02292405 ... 7617.19821686 7619.70517568
 7619.93834162]"
229,714748_2024-06-24_B-73,ORBl,True,"[  21.24735981   27.87857239   27.90530564 ... 7619.13877745 7619.67590911
 7619.74167557]"
230,714748_2024-06-24_B-74,ORBl,True,"[ 222.32459708  552.25533103  600.0254815   682.78418912  703.7486235
  708.53567518  726.2805863   745.48472619  792.17618004  792.20127996
  795.61063596  796.1841675   810.47592276  820.51209135  833.84174962
  849.69360001  868.6729406   871.16039948  878.6727093   883.0173957
  888.57891162  890.95817084  899.59441048  904.33039565  905.2637594
  906.36448929  915.40956097  917.81955343  923.68633507  926.80505864
  932.50230747  934.249302    938.75775456  942.91907487  954.47227204
  967.85549681  967.86456345  973.50524579  986.70353781  986.93453709
  987.62136828  992.37512006  996.15830822  999.30719836 1020.70716471
 1028.45667379 1033.94378995 1041.31763353 1043.21226094 1043.29346068
 1051.38463535 1051.58033474 1056.64401889 1062.13270171 1069.89984407
 1072.22927011 1082.66113746 1086.14329322 1090.80031198 1091.30777706
 1092.86607218 1093.84553578 1095.67339673 1100.98481343 1102.01834353
 1103.72810485 1108.43375678 1119.1537899  1119.94892074 1120.7711515
 1123.32177685 1124.52440642 1128.94645924 1129.45415765 1131.17261894
 1142.63308307 1145.13054192 1147.63863407 1151.99562043 1157.2749039
 1162.90835294 1163.70338378 1166.55147487 1179.79840007 1185.22708308
 1188.92310484 1194.63258697 1200.34513576 1201.24756626 1202.74346158
 1203.78735831 1204.86175495 1207.30531397 1208.16484461 1208.74154281
 1210.91216935 1217.01505024 1224.30346076 1233.28523265 1235.5571922
 1236.45452273 1237.92725145 1240.07147807 1244.07553221 1249.26381597
 1249.96451377 1251.04591039 1254.02590106 1254.70026562 1261.09214561
 1261.35261146 1261.59101072 1263.4817048  1268.27808978 1269.2312868
 1269.42655286 1270.36858324 1270.48724954 1272.56887635 1272.73054251
 1286.01190094 1286.28876674 1286.33783325 1291.50288375 1293.28347818
 1294.71910702 1304.41774333 1306.83666909 1310.46669106 1315.14707641
 1319.13929725 1321.71448919 1324.23574796 1324.3844475  1324.7465797
 1337.30087373 1338.29977061 1340.10879828 1342.06155883 1343.80802003
 1350.62553203 1351.97399447 1353.01039123 1353.46992312 1356.20658122
 1356.39084731 1356.93497894 1359.54547077 1374.59872365 1376.34098487
 1377.01884941 1379.00240987 1380.36517227 1382.69089832 1383.04576388
 1383.63042872 1386.32822027 1387.39131694 1387.56244974 1396.49688844
 1400.44187609 1400.76884174 1404.74389596 1406.52092373 1406.54389033
 1410.23784543 1410.85817682 1411.65704099 1413.29800252 1417.27285674
 1417.39042304 1418.65941907 1419.24675057 1421.99990862 1426.07776252
 1429.28641914 1429.48308519 1429.65198466 1431.68151164 1434.74700205
 1450.4903861  1450.94005136 1451.45321642 1455.61433673 1455.86863594
 1457.36856457 1457.44203101 1470.63732304 1472.51845049 1474.32771149
 1479.01743014 1479.07146331 1492.32692182 1493.07125282 1501.14446088
 1501.37839348 1503.62665311 1503.63681975 1503.91851887 1504.35125085
 1513.0969568  1513.84888778 1515.23321678 1516.47047958 1518.42564012
 1518.59093961 1519.68763617 1522.69169344 1525.88738343 1526.00768306
 1529.33777263 1532.06049745 1535.29792064 1536.92418222 1543.12319615
 1546.98881738 1548.4749794  1552.18233446 1553.56253014 1559.41587849
 1563.41719929 1564.35709635 1564.71909522 1565.58159252 1566.91112169
 1568.88404885 1571.54560718 1572.54660405 1576.34172551 1576.34599216
 1576.56815813 1579.79814802 1589.18898529 1589.55248415 1593.78300425
 1595.04176697 1595.80043126 1596.24132988 1597.22839346 1598.76105533
 1602.38441066 1603.01774201 1605.681867   1605.79816664 1610.31655249
 1611.30028275 1613.08424383 1613.55654235 1614.15884047 1614.88077154
 1622.70308039 1624.07800942 1628.14379669 1628.17662992 1629.06962713
 1631.41651978 1631.63495243 1633.61141291 1640.86692353 1641.75182076
 1641.8668204  1646.59537227 1648.44406648 1649.34776365 1651.11652478
 1655.75824359 1657.31703871 1659.78359766 1663.49825269 1665.0936477
 1667.68767291 1668.05393844 1669.61463355 1671.79692672 1678.52463899
 1681.5572295  1681.86046189 1682.1525943  1691.94779698 1694.44345583
 1697.57564603 1698.20454406 1705.51932116 1708.18564615 1710.49107227
 1713.74276209 1713.81899518 1713.90872824 1714.85512527 1715.72915587
 1716.21145436 1716.3162207  1716.78278591 1723.02603303 1723.57949797
 1726.0515569  1726.17618984 1726.37788921 1726.91935418 1728.06871725
 1728.51341586 1729.81677844 1730.85570852 1734.13966491 1734.54756363
 1735.283228   1736.48042425 1738.43375147 1742.5357053  1743.65570179
 1745.78652846 1753.58717071 1753.99386943 1754.08980247 1754.12796901
 1754.26843524 1757.01192665 1757.16169285 1759.65998503 1761.479546
 1762.82020847 1773.78857414 1774.60737158 1774.77797104 1778.49399274
 1780.57411957 1789.57622472 1793.66184527 1796.82470203 1797.81926559
 1800.04245863 1801.51765401 1804.75391055 1809.51229565 1814.10298128
 1818.44736768 1818.73110013 1818.75530005 1819.64876392 1820.64419414
 1821.04682621 1823.40195218 1823.91401724 1829.31443367 1830.57809638
 1832.75742289 1834.320718   1834.44431761 1834.52675069 1835.56654743
 1836.42061143 1836.86314337 1841.43956238 1841.71216153 1841.7205615
 1842.91942442 1843.18225693 1843.22795678 1844.35931991 1845.13198416
 1845.40978329 1846.72654583 1852.16606214 1853.1895256  1854.63288775
 1856.52871515 1868.91280972 1878.0579811  1879.2067775  1879.50194324
 1885.31895837 1897.3522207  1897.39938722 1903.47563487 1904.28523233
 1906.05129347 1908.89415124 1909.59568238 1909.70551537 1909.99804779
 1910.02051438 1910.59067926 1912.76023914 1919.42781827 1921.09811304
 1922.98604047 1925.8491315  1930.04885169 1932.34431117 1932.70084339
 1932.83097632 1932.83500964 1939.7061548  1943.16807729 1946.49196689
 1947.3838641  1947.69416313 1948.0101288  1954.82620747 1955.84147096
 1956.69110163 1966.90783632 1977.97206835 1978.64103292 1980.64679331
 1981.88942276 1984.20004886 1985.80257717 1998.12080528 2009.10993755
 2018.2846755  2030.79300302 2036.92561715 2039.15807683 2041.87920165
 2043.53959645 2045.2074579  2045.35365744 2053.14826637 2055.20912659
 2058.13775076 2058.34308345 2063.75923316 2067.9755533  2077.50382347
 2077.62642309 2082.54717435 2089.45488606 2097.68149365 2104.19720658
 2110.88735231 2118.35109561 2118.86766066 2119.73215796 2120.50925553
 2120.6465551  2124.32207692 2124.5964094  2127.27140103 2134.01817991
 2135.14127639 2137.47813574 2145.74330987 2146.88313964 2151.6982579
 2152.20772297 2157.43643994 2159.45883361 2160.86509587 2163.25975504
 2171.42806281 2181.80883032 2185.33191929 2185.3407526  2189.91803827
 2195.34418795 2195.37135453 2195.50495411 2203.3272963  2210.09357512
 2212.55023409 2213.12079897 2217.70338463 2227.58642036 2237.25435677
 2237.710622   2240.16061434 2242.47254043 2250.5220819  2255.50453297
 2255.62026594 2262.76204359 2266.06619991 2273.96360853 2276.82096625
 2284.43450909 2284.81354123 2285.76397159 2288.72879564 2288.90822842
 2292.94591578 2293.07168205 2296.39970497 2297.24266899 2305.11481102
 2310.90779289 2327.94943955 2328.14120561 2342.28736133 2359.75870664
 2368.09711388 2370.81507204 2376.50038757 2377.8766166  2389.4196138
 2390.29024441 2391.50420728 2399.52978216 2415.28826616 2418.58095586
 2418.71112212 2419.55481948 2447.22089954 2455.40777392 2458.41316451
 2461.98145334 2463.16821629 2463.64564813 2463.85921413 2475.28407837
 2480.86696089 2492.52852439 2503.92835538 2507.41431113 2508.53337429
 2520.47563691 2522.23286475 2523.3030614  2527.0715496  2532.10123386
 2552.48457006 2577.85985729 2580.66321519 2583.93107162 2586.3891306
 2587.67142658 2602.06368153 2609.73835751 2629.00543054 2630.98965766
 2634.18778098 2638.69890019 2640.94109318 2649.31066698 2652.3277242
 2655.8422132  2660.87416412 2664.851085   2667.2033443  2667.5975764
 2675.11095289 2679.66863862 2685.10158828 2691.78416736 2702.29936778
 2702.30706776 2706.87155347 2708.08164968 2715.7865589  2725.67132796
 2730.19101381 2732.54557311 2738.13258895 2738.85115337 2743.95010408
 2748.67982261 2750.5224835  2751.32958098 2758.5852916  2759.56528853
 2763.42190979 2764.19374071 2766.89439893 2769.14235856 2784.12794498
 2789.62302778 2794.76457835 2804.57204766 2804.71304721 2818.79763646
 2826.6760118  2830.72493246 2865.90498901 2866.60622015 2869.17497877
 2885.22282854 2890.15824643 2904.5009682  2904.87710036 2910.50514941
 2913.73807262 2913.74400593 2922.68961127 2924.56200541 2935.4681046
 2935.64343739 2939.91629068 2943.55777928 2954.34694551 2961.15232421
 2966.69087354 2969.23776557 2997.31047769 2997.42374401 2999.55380401
 3000.23370188 3021.30706925 3024.56472572 3030.23240798 3034.20989553
 3057.88488809 3059.00361792 3064.84453297 3077.66055952 3091.42044978
 3095.99726879 3107.01916763 3108.82282865 3109.96722506 3116.86747013
 3117.08450279 3122.3293197  3124.36241334 3124.38411327 3131.52109093
 3132.04572262 3142.47158999 3152.09752652 3155.57421564 3156.44094626
 3163.8100232  3174.21695729 3188.87407808 3195.40839096 3203.33149949
 3217.0968564  3236.8732945  3237.01866071 3243.65373994 3251.05041679
 3255.21057043 3256.29886703 3270.99718769 3277.13083515 3282.02975315
 3284.00754696 3303.56355242 3365.20702613 3378.33221838 3384.43526594
 3391.31007776 3395.30073193 3413.30100892 3420.92508506 3421.78854902
 3433.27267974 3439.76155943 3486.54801299 3490.92926594 3501.64656572
 3518.42971319 3525.26869178 3544.9340969  3549.91128132 3560.23771566
 3560.30674878 3584.28484039 3603.39484724 3640.19986537 3642.40415847
 3645.78298123 3654.45152076 3670.30030448 3732.79560887 3736.05593199
 3744.10737346 3772.81835026 3785.43957742 3799.99546519 3801.14339493
 3819.31473805 3819.40580443 3820.08013565 3826.04048366 3837.966513
 3841.63840151 3861.19067364 3867.56968701 3868.61598373 3876.75889158
 3887.26685868 3904.63723765 3910.26512003 3918.0800289  3918.08562888
 3930.63115628 3932.74021635 3964.84331586 3972.01966006 3977.37734329
 3984.79738674 3985.99564965 3999.40590768 4019.59554448 4021.89747061
 4048.80278639 4058.3420232  4069.50135493 4076.48699973 4083.94834305
 4105.39490925 4115.9519762  4123.23298675 4173.95786131 4174.35826005
 4175.23452398 4204.36226614 4258.98189517 4268.74533128 4324.32795729
 4357.15435454 4363.47616809 4377.11645873 4400.78668464 4401.13385022
 4411.43025132 4424.60361009 4451.68312532 4453.37548669 4489.71847293
 4498.99347724 4522.77396947 4529.40104872 4547.28339275 4549.22642
 4567.86506166 4580.56422191 4612.59535498 4621.83095941 4622.69712336
 4628.44117205 4635.26058404 4648.44784276 4650.91280171 4654.39002416
 4658.61237761 4667.70874914 4673.89749643 4684.33273043 4688.12388523
 4699.32268351 4723.73324044 4727.02269681 4755.77670681 4786.82327629
 4792.59459156 4811.31313297 4818.97884231 4832.32500053 4856.60889119
 4859.329916   4859.97158066 4870.74354694 4877.90139121 4891.18564963
 4928.38313319 4949.7973995  4958.06017363 4958.41520585 4958.58417199
 4961.91996155 4964.97721865 4971.55096474 4977.43687965 4999.0921452
 5015.86805935 5038.78282096 5054.00330665 5069.5677246  5072.12538326
 5073.65737847 5102.98462    5109.82293193 5135.9016503  5137.38651232
 5157.10428393 5205.53003235 5205.53543234 5205.57063223 5207.06599421
 5225.1413043  5229.74375656 5236.78096787 5249.57452782 5250.81252395
 5252.71008467 5271.57262563 5279.23296832 5281.9136266  5283.915987
 5291.01406478 5304.32702311 5327.62751684 5329.84030991 5330.54807437
 5333.66029796 5341.45770688 5348.64651771 5353.38753621 5357.00605821
 5359.04885182 5407.77726596 5409.49259393 5477.79431347 5481.00497008
 5481.4777686  5483.00319716 5488.059948   5490.508107   5515.47426219
 5579.60646145 5585.95030826 5591.65502373 5592.50345441 5595.615178
 5603.54415319 5616.18084697 5627.64664441 5646.56905185 5646.71351806
 5651.94820168 5704.36807093 5731.77478514 5738.54629728 5754.98787915
 5762.43355584 5768.96326874 5773.32152176 5872.11007921 5898.79159569
 5901.05915526 5931.90422538 5952.98422606 5958.77844126 5959.68027177
 5977.07445066 5983.5345971  6005.44362852 6047.88542901 6057.42206582
 6079.42669695 6104.67585125 6134.13802569 6171.15850981 6181.74984333
 6193.83800549 6195.73736621 6202.50734502 6274.7678855  6303.16212996
 6304.92032446 6327.83045275 6369.00399053 6446.46724806 6452.20283011
 6476.95058598 6478.39004814 6481.22553927 6494.2275319  6496.16155918
 6502.96690455 6514.70873446 6524.82100281 6530.02561985 6531.96594711
 6533.4794757  6534.64153873 6538.55365982 6542.54584733 6543.40034465
 6553.88944515 6568.29773339 6570.5415597  6591.26469483 6646.9172873
 6653.20636761 6683.6876722  6773.83495669 6775.14541926 6775.15345257
 6775.39031849 6777.84677747 6786.55158356 6804.57119382 6812.63653524
 6825.22056252 6828.39368592 6828.80065131 6830.68464541 6832.47997313
 6836.78629298 6846.79489499 6848.60902264 6856.8654968  6862.64664537
 6868.44346056 6870.9753193  6906.75240731 6910.17606326 6918.61963683
 6928.58833896 6930.65573249 6934.61818676 6946.56044938 6954.75735705
 6980.97827498 6990.78037763 6997.59988962 7000.35668099 7008.31402275
 7024.37767246 7029.59155614 7057.3690692  7061.159524   7064.1610146
 7083.58028715 7106.43304895 7115.02052207 7121.92700046 7137.58075146
 7148.47835068 7163.08230497 7164.10510177 7168.94298662 7174.66543538
 7175.40813305 7185.23836895 7192.09201416 7209.26209375 7225.5501761
 7240.71116198 7262.96692565 7263.00875885 7264.03132232 7267.96337668
 7268.21854254 7272.85149471 7273.56365915 7275.31752032 7281.50376763
 7299.32004519 7302.54673509 7303.46586555 7313.80276653 7323.41283645
 7336.82786112 7342.04661145 7355.82976831 7368.57839507 7368.59202836
 7369.33235938 7370.0295572  7370.81568807 7389.46349637 7419.05507041
 7422.36539338 7438.3230101  7445.53462086 7447.4493482  7452.80923142
 7463.98812976 7478.50261766 7480.98937655 7487.22935701 7498.20512266
 7503.30080671 7507.59012661 7507.59739326 7507.61005989 7513.02684293
 7517.18682991 7532.09111659 7540.15059136 7542.59911703 7568.23027014
 7593.64459059 7606.55158352]"
231,714748_2024-06-24_B-76,ORBl,True,"[  20.72646145   20.9531274    20.96782736 ... 7620.07764118 7620.59163957
 7620.59893955]"
232,714748_2024-06-24_B-77,ORBl,True,"[  20.21756304   20.73159476   20.79866122 ... 7619.11577753 7619.20931057
 7620.4982732 ]"
233,714748_2024-06-24_B-78,ORBl,True,"[  20.26209623   20.85876103   20.93602746 ... 7616.21998659 7617.61921554
 7620.05927457]"
234,714748_2024-06-24_B-79,ORBl,True,"[  20.24302962   20.26939621   20.28209617 ... 7620.46950662 7620.52980643
 7620.7423391 ]"
235,714748_2024-06-24_B-80,ORBl,True,"[  20.19546311   20.20062976   20.22396302 ... 7620.40580682 7620.47743993
 7620.56323966]"
236,714748_2024-06-24_B-81,ORBl,True,"[  20.76402799   20.90672755   21.01336055 ... 7619.55117616 7620.12374104
 7620.26287393]"
237,714748_2024-06-24_B-82,ORBl,True,"[  22.83325485   33.70002084   36.52857865 ... 7620.30040715 7620.56323966
 7620.65013939]"
238,714748_2024-06-24_B-83,ORBl,True,"[  20.77612796   20.80509453   23.0100543  ... 7619.88010847 7620.53913974
 7620.62950612]"
239,714748_2024-06-24_B-84,ORBl,True,"[  22.82762153   23.02415425   23.23745359 ... 7620.37954024 7620.48463991
 7620.5736063 ]"
240,714748_2024-06-24_B-85,ORBl,True,"[  20.77299463   20.79202791   20.82539447 ... 7620.03614131 7620.42550676
 7620.43724006]"
241,714748_2024-06-24_B-86,ORBl,True,"[  20.74389472   20.90029423   20.9547274  ... 7620.47637327 7620.62913946
 7620.7413391 ]"
242,714748_2024-06-24_B-87,ORBl,True,"[  20.57312859   20.64569503   20.68949489 ... 7620.54563972 7620.67707264
 7620.77033901]"
243,714748_2024-06-24_B-88,ORBl,True,"[  20.53339538   20.760828     20.76516132 ... 7620.69560591 7620.74057244
 7620.77673899]"
244,714748_2024-06-24_B-89,ORBl,True,"[  20.40152913   20.47466223   20.56236196 ... 7620.27917388 7620.68373928
 7620.76533903]"
245,714748_2024-06-24_B-90,ORBl,True,"[  28.34957092   31.5829608    31.59012744 ... 7620.31134045 7620.54593972
 7620.72757248]"
246,714748_2024-06-24_B-92,ORBl,True,"[  20.28652949   20.32912936   20.41346242 ... 7620.75840572 7620.77913899
 7620.79123895]"
247,714748_2024-06-24_B-94,ORBl,True,"[  20.94819408   21.11899355   21.51412565 ... 7619.11641086 7619.56150946
 7620.36524028]"
248,714748_2024-06-24_B-96,ORBl,True,"[  32.90395666   37.17634329   37.38687596 ... 7611.63083429 7612.00056646
 7614.00866018]"
249,714748_2024-06-24_B-100,FRP,True,"[  20.42562905   20.5283954    20.78056128 ... 7616.90281779 7618.21211369
 7620.76323904]"
250,714748_2024-06-24_B-104,FRP,True,"[  21.30959295   21.44949252   21.53655891 ... 7619.90714172 7620.71413919
 7620.79007228]"
251,714748_2024-06-24_B-105,FRP,True,"[  20.18376314   20.23686298   20.25876291 ... 7620.73817245 7620.74147244
 7620.79657226]"
252,714748_2024-06-24_B-106,FRP,True,"[  25.02271466   48.59914087   48.76134036 ... 7611.61983432 7615.22732303
 7619.86264185]"
253,714748_2024-06-24_B-108,FRP,True,"[  21.64029192   21.71235836   21.82589134 ... 7618.45121294 7618.71064546
 7618.78844522]"
254,714748_2024-06-24_B-110,MOs,True,"[  22.06135727   22.1795569    22.31468981 ... 7620.43070674 7620.63050612
 7620.78190564]"
255,714748_2024-06-24_B-111,MOs,True,"[  20.67959493   20.79419457   20.8582277  ... 7620.63503944 7620.69300592
 7620.72170583]"
256,714748_2024-06-24_B-114,MOs,True,"[  21.34452618   21.67269182   27.9605388  ... 7620.34200702 7620.38437355
 7620.44584003]"
257,714748_2024-06-24_B-119,MOs,True,"[  24.99568142   29.8028997    44.39682069 ... 7620.57050631 7620.62720613
 7620.72467249]"
258,714748_2024-06-24_B-120,MOs,True,"[  43.00335838   65.68455405   66.22065238 ... 7620.66967266 7620.73197247
 7620.79453894]"
259,714748_2024-06-24_B-121,MOs,True,"[  20.26989621   20.45499563   20.96922735 ... 7620.48437324 7620.55827301
 7620.78900562]"
260,714748_2024-06-24_B-122,MOs,True,"[  55.22375346   55.2327201    55.24272007 ... 7619.30037695 7620.03967463
 7620.42360677]"
261,714748_2024-06-24_B-125,MOs,True,"[  26.46734348   32.95462317   33.07782278 ... 7600.98096762 7602.68406229
 7603.1516275 ]"
262,714748_2024-06-24_B-127,MOs,True,"[  20.48239554   24.0010512    25.00511472 ... 7620.36337362 7620.57057297
 7620.77940565]"
263,714748_2024-06-24_B-128,MOs,True,"[  20.38619584   22.32052312   25.83764545 ... 7615.04355694 7620.46960662
 7620.73743912]"
264,714748_2024-06-24_B-129,MOs,True,"[  34.60118468   34.87401716   35.16461625 ... 7618.21201369 7620.36270696
 7620.64347274]"
265,714748_2024-06-24_B-130,MOs,True,"[  20.20862973   20.37796254   20.4650956  ... 7620.54580638 7620.63303944
 7620.73470579]"
266,714748_2024-06-24_B-131,MOs,True,"[  28.1951714    28.24363792   43.02065833 ... 7618.21188035 7619.19534394
 7619.24331046]"
267,714748_2024-06-24_B-132,MOs,True,"[  24.00525118   25.05038124   52.2726627  ... 7618.22321365 7619.22394385
 7619.84980856]"
268,714748_2024-06-24_B-135,MOs,True,"[  21.70675838   23.28458677   24.0527177  ... 7619.68560908 7619.90990837
 7620.240574  ]"
269,714748_2024-06-24_B-139,MOs,True,"[  20.66996162   20.69602821   21.27175974 ... 7620.66933933 7620.68713927
 7620.75020574]"
270,714748_2024-06-24_B-141,MOs,True,"[  20.36266258   22.44502273   22.72102187 ... 7618.58291253 7618.92597812
 7620.68293929]"
271,714748_2024-06-24_B-142,MOs,True,"[  20.20872973   20.33316268   21.45692583 ... 7620.56377299 7620.64163942
 7620.71703918]"
272,714748_2024-06-24_B-143,MOs,True,"[  28.26380452   28.40050409   37.25580971 ... 7620.52670644 7620.65483937
 7620.7106392 ]"
273,714748_2024-06-24_B-144,MOs,True,"[  32.70112396   32.75889045   33.00332302 ... 7606.13481816 7615.09575678
 7620.03424132]"
274,714748_2024-06-24_B-145,MOs,True,"[  23.08748739   25.0102147    25.43768003 ... 7617.99931435 7620.55850634
 7620.74320576]"
275,714748_2024-06-24_B-148,MOs,True,"[  28.35720423   30.43259773   37.16177667 ... 7620.44244004 7620.57113964
 7620.80207225]"
276,714748_2024-06-24_B-149,MOs,True,"[  20.26446289   20.46726226   20.58909521 ... 7620.61160618 7620.73027247
 7620.76757236]"
277,714748_2024-06-24_B-150,MOs,True,"[  21.08179367   21.34672617   21.37692608 ... 7617.75848177 7618.04758087
 7620.33217372]"
278,714748_2024-06-24_B-151,MOs,True,"[  20.95572739   21.07519369   21.31929292 ... 7620.08980781 7620.19660748
 7620.34457368]"
279,714748_2024-06-24_B-152,MOs,True,"[  22.0841572    22.18069023   22.26215664 ... 7616.99865082 7617.18548357
 7617.22541678]"
280,714748_2024-06-24_B-156,MOs,True,"[  20.35222928   21.29932632   30.39046453 ... 7613.51866171 7619.0488444
 7619.49130968]"
281,714748_2024-06-24_B-158,MOs,True,"[  21.20989327   21.50389234   21.70209172 ... 7619.30834359 7620.15184095
 7620.61210618]"
282,714748_2024-06-24_B-159,MOs,True,"[  20.23859631   20.40226246   20.90892754 ... 7620.29377384 7620.56270633
 7620.71453919]"
283,714748_2024-06-24_B-160,MOs,True,"[  20.6338284    22.47275598   23.23122027 ... 7607.50041388 7608.53791064
 7619.05881104]"
284,714748_2024-06-24_B-161,MOs,True,"[  33.8078205    53.43149241   84.43036204 ... 7591.63909686 7595.61255109
 7604.56065642]"
285,714748_2024-06-24_B-162,MOs,True,"[  28.38980412   29.04696873   32.75552379 ... 7620.40230683 7620.61407284
 7620.68413928]"
286,714748_2024-06-24_B-163,MOs,True,"[  23.79675183   24.04458439   24.35315009 ... 7619.75970884 7619.87374182
 7620.25700729]"
287,714748_2024-06-24_B-164,MOs,True,"[  22.01665741   23.32818663   23.77678523 ... 7620.22157406 7620.68107263
 7620.7849723 ]"
288,714748_2024-06-24_B-165,MOs,True,"[  22.42158947   23.34331992   23.62055239 ... 7615.99068731 7616.941551
 7620.71667251]"
289,714748_2024-06-24_B-166,MOs,True,"[  23.26965348   23.58248584   23.74168534 ... 7610.1587389  7612.33536542
 7620.75617239]"
290,714748_2024-06-24_B-167,MOs,True,"[  24.46968306   24.75274884   26.22687756 ... 7619.62110928 7620.347307
 7620.5401064 ]"
291,714748_2024-06-24_B-168,MOs,True,"[  23.4041864    23.65291895   24.08695093 ... 7620.47747326 7620.49403988
 7620.65457271]"
292,714748_2024-06-24_B-169,MOs,True,"[  20.44369566   20.63006175   20.76126134 ... 7613.3615622  7613.6923945
 7616.79471812]"
293,714748_2024-06-24_B-170,MOs,True,"[  23.36615318   23.54075264   23.69798548 ... 7620.04217463 7620.19877414
 7620.73867245]"
294,714748_2024-06-24_B-171,MOs,True,"[  20.19019646   20.55419532   20.57066193 ... 7619.93754162 7620.46880662
 7620.6465394 ]"
295,714748_2024-06-24_B-172,MOs,True,"[  22.1155571    25.78111229   27.90017232 ... 7619.20321059 7619.38427669
 7620.60220621]"
296,714748_2024-06-24_B-173,MOs,True,"[  20.39452915   21.0512271    21.23875984 ... 7618.21184702 7619.82067532
 7620.7849723 ]"
297,714748_2024-06-24_B-175,MOs,True,"[  23.47568617   37.35650939   48.77800697 ... 7619.32931019 7619.48384304
 7620.3047738 ]"
298,714748_2024-06-24_B-176,MOs,True,"[  20.22489635   20.3569626    20.43532902 ... 7616.44365256 7616.56501884
 7617.09238386]"
299,714748_2024-06-24_B-179,MOs,True,"[  20.57066193   21.88825781   23.25665353 ... 7619.73817558 7619.83304195
 7620.34354035]"
300,714748_2024-06-24_B-182,MOs,True,"[  25.0949811    25.55997965   25.74754573 ... 7620.2329407  7620.48183992
 7620.6472394 ]"
301,714748_2024-06-24_B-183,MOs,True,"[  31.34066155   64.49559111   92.72266942  115.05239953  227.69388028
  244.38432803  249.70127806  269.6969488   296.91693027  316.41026925
  383.57595901  458.23455866  605.48013109  636.67993343  656.90837012
  666.45310691  682.71825599  722.50953144  794.63293902  797.20319764
  798.40046056  813.60377964  832.52735374  836.21600886  864.1987546
  904.35486224  923.55343548  939.19908651  942.63397576 1006.33777636
 1008.02613774 1030.22093493 1036.44891544 1038.17674336 1043.70319273
 1075.58819293 1076.1083913  1163.96524963 1173.66111928 1216.13548633
 1287.164664   1313.57788132 1351.32342984 1351.94459456 1352.3922265
 1353.11312424 1369.92863827 1371.78896578 1376.71955035 1377.26768197
 1385.19582382 1391.70690344 1392.10490219 1398.6832816  1401.2916401
 1409.91444644 1420.53914652 1421.6329431  1434.35660327 1463.50897869
 1468.33263025 1484.70161235 1485.87500868 1523.4186245  1556.54735413
 1605.37760129 1638.3857313  1788.22509562 1806.36100552 1815.21124448
 1818.27693488 1826.65630866 1831.17256119 1832.29795766 1843.01419079
 1847.60230976 1862.35576358 1881.58687005 1885.02382596 1905.17222956
 1927.3524268  1929.56448654 1929.65568626 1949.77175662 1994.41745021
 2001.19126234 2002.21162581 2004.13288647 2006.52264565 2006.92964438
 2034.33492526 2045.60392332 2117.26259902 2119.9859905  2163.44618779
 2163.8264866  2165.30458198 2172.21172702 2175.47538348 2176.52918018
 2194.75558979 2196.75921685 2196.98238282 2215.80175725 2216.24832252
 2218.2873828  2232.27307236 2236.50332578 2306.77220583 2359.01047565
 2363.47286169 2364.14525958 2367.30041637 2370.59137274 2398.70335141
 2398.80938441 2398.88461751 2399.14931668 2426.12036559 2432.92734428
 2441.66205028 2446.43336868 2447.71873132 2448.39302921 2449.3982594
 2450.97822112 2468.53243284 2489.41523414 2491.86532647 2495.89368053
 2496.48324535 2508.11854226 2508.27780843 2510.41266841 2510.66730095
 2512.23169605 2527.46108172 2545.82102425 2555.0170288  2567.90085513
 2598.78005848 2628.17896646 2628.41519905 2632.9357849  2649.48969975
 2651.62659306 2657.18107568 2657.49124137 2682.37659681 2687.74458001
 2688.81157667 2689.16720889 2690.78870381 2691.64210114 2693.06699668
 2719.10648184 2719.29668125 2735.1452983  2747.88535843 2757.95869356
 2776.43830239 2786.32907143 2808.39270236 2811.25662673 2834.78335309
 2842.58602867 2853.33662835 2909.04355398 2926.86536486 2927.51772949
 2931.99288215 2995.93198201 3002.85319368 3003.08815961 3007.88517793
 3022.25836627 3026.45931979 3051.10284265 3057.24979008 3058.61081915
 3070.42058218 3174.87892188 3223.47086978 3227.13145833 3233.61577136
 3239.49435296 3244.34627111 3252.81651126 3253.44434263 3254.16257371
 3273.26451392 3277.82323299 3303.05942066 3308.73293624 3321.99766138
 3349.71097464 3367.72228492 3382.03954011 3387.98695483 3395.56303111
 3413.34557545 3462.64592114 3480.81079761 3493.46805799 3497.50567869
 3519.86497537 3521.7499028  3542.80377023 3573.88473961 3582.83777825
 3588.90095927 3600.92232165 3611.11215642 3671.50893403 3711.98370734
 3712.24657319 3712.42863928 3722.05147583 3733.9034054  3741.90184703
 3747.08889746 3772.55441775 3786.84323969 3788.84903341 3799.88359887
 3817.79350948 3825.52271862 3826.21734978 3828.55444246 3844.45152604
 3860.1607102  3882.14077473 3907.05809674 3922.3191823  3922.78651417
 3968.7492703  3973.3915891  3985.99531632 3986.7887805  3987.10327952
 3988.25420925 4014.54422696 4014.70815978 4017.90828309 4029.84057908
 4030.2479778  4032.1758051  4047.35669092 4064.5712037  4065.04166889
 4071.50631533 4071.69944805 4071.83488096 4085.67793763 4086.37070213
 4147.34841126 4163.96292592 4164.43322445 4164.89635634 4165.87391994
 4166.70341735 4167.61418116 4181.16147209 4181.45943782 4183.28419878
 4210.19901453 4211.05244519 4211.53461035 4212.12787516 4221.44774599
 4223.65203909 4229.82671976 4232.12137925 4241.34901703 4241.81018225
 4246.43096779 4246.67206703 4250.78578749 4283.81885076 4322.36449677
 4341.67970298 4362.43517135 4362.74017039 4363.93236666 4390.04731825
 4399.88248747 4409.65795687 4483.36582615 4550.2060836  4556.27979792
 4604.19584794 4612.80492099 4632.56155915 4668.68524608 4672.79173323
 4678.50108202 4688.89958281 4689.17474861 4697.49682256 4698.49665277
 4701.94174198 4702.75377277 4706.64662726 4736.07776847 4742.36424879
 4744.97220729 4771.51519088 4772.42865468 4783.81411904 4785.80224616
 4822.4096649  4826.16415315 4830.24834037 4858.54098514 4872.04494287
 4877.87359129 4908.14212988 4924.80064441 4925.9626741  4946.04427791
 5018.55805093 5023.90763419 5034.20393529 5054.62330471 5057.43319592
 5068.14672905 5068.34579509 5068.69646066 5073.64097852 5096.43417384
 5114.47215071 5129.76903616 5141.86726496 5142.71439564 5143.08679448
 5147.11018188 5151.57290125 5152.36743209 5165.03132579 5166.53512108
 5167.13555253 5167.33621857 5171.98417069 5174.02926429 5181.40677453
 5213.51504069 5214.19760522 5214.58997066 5223.62660904 5241.57661952
 5278.28557129 5296.2556817  5296.92307962 5324.05696135 5350.47497866
 5368.89635433 5392.07231512 5394.38130789 5415.09777638 5426.10734192
 5426.65347354 5429.69363069 5435.04294728 5439.74933255 5441.35749418
 5449.11266991 5449.32220259 5473.17959458 5521.72437596 5562.78241411
 5562.97381351 5563.08704649 5563.52681178 5573.46901399 5588.71363294
 5598.17716999 5617.58024258 5629.39607227 5641.196902   5699.0946541
 5717.5617963  5737.23560138 5738.05229883 5755.29941151 5771.10232871
 5771.33889463 5776.25947923 5797.88557821 5797.97371126 5808.01051318
 5816.67621939 5832.81493554 5835.70265983 5837.68598696 5839.57091439
 5847.45495638 5852.1974082  5855.35306499 5865.25080068 5887.38476473
 5892.78038117 5904.48871119 5926.0491437  5929.76203208 5933.19908799
 5934.56861704 5949.34763744 5949.59687    5950.35520096 5951.52133064
 5966.49221711 5981.89780222 5988.19361585 6002.77577021 6029.24725402
 6036.53893119 6040.03985357 6048.44019394 6064.40891062 6065.76643971
 6076.0664408  6086.94687341 6087.41353861 6091.95955772 6093.3929199
 6100.58306406 6102.16172578 6102.29845869 6103.36995533 6106.41097915
 6110.15470076 6110.95169827 6111.37016363 6121.87733074 6129.47914028
 6130.54877026 6131.4218342  6138.65291156 6152.52710147 6154.07856328
 6160.72720913 6169.81704735 6260.20949774 6263.19202174 6263.44835427
 6265.54234771 6271.90549446 6279.10740525 6279.41010431 6280.80589994
 6290.83303522 6302.24769949 6315.41165828 6320.80047475 6329.87121302
 6333.18623598 6341.29497727 6357.92402522 6413.27831862 6413.71148393
 6447.70377753 6464.79605736 6468.23317993 6473.57186322 6476.06675541
 6522.45744354 6529.69465422 6532.87194427 6540.84361932 6543.36094477
 6566.46173913 6597.64204153 6598.63387176 6607.74337658 6622.62876332
 6631.38776924 6635.21195727 6642.67466724 6656.59629033 6664.32896613
 6719.11752797 6731.20695679 6760.40666539 6761.40526227 6761.86809415
 6769.40097057 6775.29548546 6777.02281338 6779.14820673 6783.7915922
 6787.06778194 6787.35364771 6792.40346524 6797.06135066 6799.9990748
 6801.82220242 6806.32228834 6810.52737518 6819.18774807 6819.39854741
 6819.50288041 6823.28510191 6823.61150089 6824.15503252 6824.41523171
 6824.83409706 6833.35100374 6867.97809535 6879.1976269  6888.02709926
 6890.51775813 6891.75578759 6892.37878564 6901.91162247 6922.48055808
 6946.95804813 6947.49297979 6948.66614278 6959.70844155 6964.36272699
 6976.37698938 6980.27847717 6988.106586   6994.11383386 6999.50348366
 7000.02371536 7019.62852066 7020.13595241 7027.86362822 7047.48993345
 7047.60336643 7047.87343225 7054.16501256 7054.36184528 7065.58191016
 7072.90078725 7075.1837801  7080.94822872 7094.43601984 7096.10421462
 7099.94426926 7104.91325371 7105.19861948 7106.54851526 7107.78917804
 7140.1017769  7141.41657278 7158.61561895 7165.62293035 7168.30688861
 7168.57138779 7196.07516836 7216.28013845 7219.52859495 7223.37691624
 7233.65091741 7233.85581677 7241.6423924  7246.50174385 7262.20522803
 7263.70312335 7289.50220926 7317.79058738 7320.19884651 7328.90885258
 7345.1950016  7349.9445534  7351.24564933 7355.52136928 7358.29532726
 7370.02275722 7371.89488469 7372.65051566 7398.56506788 7401.78092448
 7406.8845085  7407.86003878 7408.24893757 7408.83053574 7422.55449279
 7428.36880792 7434.89915415 7436.2467166  7436.61854876 7438.80997524
 7481.33917545 7482.1125397  7488.76175222 7497.34672534 7516.22363292
 7529.39029171 7540.95592218 7543.16648192 7561.57165765 7589.10557146
 7591.25359807]"
302,714748_2024-06-24_B-186,MOs,True,"[  20.35469594   20.62009511   20.89859424 ... 7619.18034399 7619.52287625
 7619.80737536]"
303,714748_2024-06-24_B-187,MOs,True,"[  20.32242938   21.5925254    22.91208794 ... 7616.27955307 7619.02601114
 7619.1331108 ]"
304,714748_2024-06-24_B-193,MOs,True,"[  28.67463657   29.09466858   31.729827   ... 7620.26740725 7620.31167378
 7620.47210661]"
305,714748_2024-06-24_B-198,MOs,True,"[  56.8213818    87.94251772  126.06359839 ... 7615.99332063 7620.23887401
 7620.33324038]"
306,714748_2024-06-24_B-199,MOs,True,"[ 264.68119784  264.74579763  535.5014168  ... 7619.11994418 7619.16241071
 7619.64544253]"
307,714748_2024-06-24_B-203,AON,True,"[  20.28462949   21.06142706   21.07919367 ... 7619.84447524 7620.20624078
 7620.37194026]"
308,714748_2024-06-24_B-204,AON,True,"[  21.3056263    21.73719161   29.96806585 ... 7617.6019156  7617.64701546
 7618.9111115 ]"
309,714748_2024-06-24_B-209,AON,True,"[  38.66393863   47.705477     48.52264111 ... 7608.31087801 7617.71844857
 7617.84071485]"
310,714748_2024-06-24_B-210,AON,True,"[  21.02849383   21.03162716   21.07216036 ... 7620.30534047 7620.32960706
 7620.33274038]"
311,714748_2024-06-24_B-211,AON,True,"[  20.22496301   20.29729612   20.44782898 ... 7620.67337265 7620.68560595
 7620.77870565]"
312,714748_2024-06-24_B-214,AON,True,"[  25.87344533   28.12867161   31.30756166 ... 7612.62339785 7616.40415268
 7616.50118571]"
313,714748_2024-06-24_B-216,AON,True,"[  21.83609131   23.54165263   24.73608223 ... 7613.15452952 7617.91274796
 7620.25507396]"
314,714748_2024-06-24_B-218,AON,True,"[  20.86269435   21.25569312   21.59532539 ... 7620.13027435 7620.18167419
 7620.46153998]"
315,714748_2024-06-24_B-221,AON,True,"[  22.14835699   24.10251754   24.12525081 ... 7616.45511919 7620.40564015
 7620.76627236]"
316,714748_2024-06-24_B-224,OLF,True,"[  27.90103899   37.51687556   44.03542182 ... 7586.43667982 7590.93286574
 7610.8080702 ]"
317,714748_2024-06-24_B-225,OLF,True,"[  27.24410771   27.24707437   27.24994103 ... 7618.00551433 7618.09188073
 7620.79150561]"
318,714748_2024-06-24_B-226,ORBl,True,"[  22.62308884   23.59975245   23.6476523  ... 7619.89164176 7619.96874152
 7619.98560814]"
319,714748_2024-06-24_B-227,ORBl,True,"[  20.82846113   20.84389441   20.84999439 ... 7612.76113075 7612.83719718
 7616.20718663]"
320,714748_2024-06-24_B-228,ORBl,True,"[  20.90236089   21.24269316   27.90793897 ... 7616.20968662 7619.29224364
 7619.86874184]"
321,714748_2024-06-24_B-233,ORBl,True,"[  69.72254141   82.23443558  140.77515234  164.80107714  187.04944083
  207.4106771   215.56535157  234.68585839  255.91312528  305.62323635
  307.3971308   327.01640272  327.07753586  329.16519599  332.96648409
  418.28188371  426.47779139  433.91510145  434.05273435  449.56675245
  457.93159294  479.33495928  501.60845622  532.60065921  553.45099395
  570.07730857  591.77344066  612.39884277  673.35671863  679.54566592
  679.76923189  704.15068891  710.84520129  717.89651255  727.86554801
  740.86627398  751.98720584  759.65214851  777.32645986  811.11035411
  831.61765659  840.62902838  862.96392514  870.86163375  898.39361424
  932.45604095  937.29869246  987.59756835  995.29061094 1010.61516297
 1045.12205496 1073.12250065 1085.17332959 1109.02165494 1113.43130781
 1120.75185156 1132.56641458 1149.68229434 1182.65312447 1182.98709009
 1187.40734292 1189.55006955 1196.28744846 1231.78763734 1233.34966578
 1238.09151761 1268.36135619 1279.85248689 1295.90110332 1301.540119
 1378.97597662 1390.84777279 1396.8178541  1438.23705779 1442.16437883
 1449.11472374 1449.43065609 1450.521786   1475.69517388 1482.50175257
 1545.64858825 1554.99455899 1560.59120814 1568.04468481 1594.70060137
 1595.6520984  1599.20078729 1615.66500242 1627.45933217 1633.54391312
 1644.43341237 1647.86836829 1659.77886434 1669.29893454 1669.62696684
 1669.65733342 1678.56110555 1679.66766875 1687.08344554 1687.22001178
 1695.14192031 1713.0471976  1717.11855152 1725.83239091 1735.13612846
 1742.3765058  1759.35145266 1769.51658751 1789.08459293 1797.18130092
 1810.12976039 1813.15505092 1819.39389806 1822.45588847 1830.66036279
 1832.75545623 1839.23686928 1841.42406243 1843.64518881 1867.12711531
 1868.67981045 1868.73244362 1903.78673389 1905.0513966  1952.52881466
 1953.39704527 1955.18613967 1962.58701651 1970.0869597  1981.3954243
 2011.42076365 2016.18351541 2020.32630244 2021.74813133 2037.33244921
 2039.41790935 2052.46086853 2055.22155988 2058.7190156  2080.49314745
 2101.81238072 2103.79377451 2111.52421698 2121.05882047 2137.77156816
 2141.87275532 2147.57580414 2151.10302643 2152.24395619 2188.42654294
 2203.48106248 2217.39765225 2244.23806824 2267.54606195 2269.47475591
 2270.61498568 2274.16134124 2280.64742094 2288.40159667 2289.80015896
 2300.16322652 2300.30589274 2300.6288584  2327.11880881 2333.97395402
 2336.9527447  2350.88320109 2357.26168113 2360.89370309 2361.36380162
 2367.72584837 2383.16400005 2394.81086359 2404.18083426 2439.07329171
 2448.02479703 2450.6312222  2459.32282833 2490.44353092 2494.32981875
 2500.42386635 2532.63186553 2540.24157504 2561.0119767  2572.01694225
 2583.96660485 2585.21306761 2593.28697567 2610.16185618 2630.56439232
 2643.82135083 2644.13874983 2679.11184036 2681.27866691 2687.67701355
 2696.15502035 2703.02236552 2723.16320248 2745.3065665  2753.74160676
 2782.00888495 2797.59250284 2804.38904823 2814.05288465 2819.91966628
 2850.89883598 2876.86842136 2883.07920192 2883.64626681 2893.7235686
 2904.91013359 2921.49728167 2973.41858581 2982.20229165 2999.46320429
 3015.57115387 3049.0417491  3069.56981818 3090.1575204  3099.02015933
 3137.79490463 3156.07791407 3165.4392181  3168.52177511 3171.37206619
 3172.45229614 3177.03514847 3177.49854702 3179.05884213 3186.47555225
 3222.82570514 3232.97747336 3237.04246064 3257.49662995 3262.65758046
 3265.62967115 3290.39816029 3296.97287305 3298.54096814 3315.19041602
 3323.12879117 3327.59294387 3329.32080513 3341.02943514 3347.97984672
 3352.49629925 3360.82843984 3380.97674344 3391.01577868 3391.96374238
 3392.12114189 3395.92812997 3397.09255966 3417.11873031 3417.29712975
 3467.42353951 3472.02679177 3474.17158506 3474.85718291 3501.87519834
 3502.42416329 3509.23544197 3523.1244985  3523.68003009 3548.80488478
 3556.95139261 3567.052561   3571.21788129 3578.83075746 3590.8093533
 3603.86984575 3607.96209961 3610.37349206 3642.0851928  3654.71051995
 3667.70511261 3705.54146084 3731.43541312 3774.05954637 3780.52475947
 3788.45553464 3806.42531173 3832.39189712 3836.60408393 3858.29624937
 3859.82871124 3877.81775493 3892.43957583 3918.6235272  3937.08116943
 3940.51559201 3949.08859851 3951.25919171 3958.89033449 3969.97546646
 3970.12539933 3978.54877296 3998.43327739 4002.90179673 4015.87932278
 4045.57262983 4046.90232567 4049.70875022 4052.66037432 4053.79813742
 4061.79617905 4063.58297346 4063.5911401  4069.36575536 4075.64146905
 4084.04624274 4089.86532453 4090.37682292 4104.19887966 4129.24190127
 4162.14869827 4170.83887107 4178.62378003 4202.22547282 4217.96692355
 4230.38431802 4240.12938751 4261.06238866 4262.40195113 4265.07850942
 4266.91173701 4275.01207833 4279.14199873 4282.34292205 4286.91330774
 4296.79137682 4317.94994393 4319.91517111 4324.95465533 4352.65246864
 4364.02429971 4366.21635951 4392.576377   4413.84087711 4434.68571186
 4435.25281009 4451.47462598 4453.81178533 4461.68186069 4475.67218357
 4478.12040924 4482.44332904 4485.34801995 4487.9716784  4508.24601494
 4508.25451491 4509.85584324 4526.61715744 4535.24363044 4543.9872364
 4618.44140335 4624.02555254 4635.55221646 4638.41840749 4648.39454293
 4650.94246828 4653.17176131 4657.84258002 4663.71589497 4667.34028362
 4672.49260083 4678.89594745 4686.03669177 4688.14448517 4697.05085729
 4729.50592237 4733.90127528 4743.72067788 4765.31861027 4802.37752761
 4809.02044015 4819.20917492 4826.59185181 4831.00107134 4840.60120796
 4849.2244143  4853.9107663  4854.41379806 4856.93275684 4864.13720096
 4864.15523423 4870.73551364 4876.86602778 4901.14175179 4919.92019302
 4949.89799918 4951.15142859 4958.0399737  4963.47869001 4964.0234883
 4964.52725339 4973.12969313 4973.28209265 4973.4591921  4977.14898055
 4979.1984408  4979.32720706 4982.27876449 4983.71799332 4996.64638619
 5001.82593664 5002.4868679  5012.64470278 5050.78585006 5059.40238975
 5059.5788892  5068.33689512 5073.75104484 5085.15800913 5088.7882311
 5103.35481884 5106.15377675 5106.78054145 5109.59366598 5140.08510387
 5140.15707031 5147.25598143 5158.57747932 5161.40693713 5168.26091568
 5176.16185761 5191.91564164 5195.84109602 5233.38061184 5251.83438742
 5258.39180022 5263.07015225 5267.88390385 5272.44618956 5272.84498832
 5280.05116576 5282.95865666 5291.42489683 5292.50209345 5292.95015872
 5300.54013496 5303.89475779 5303.89772445 5313.94759299 5335.61539184
 5351.53757533 5365.77826409 5369.36865285 5385.11210357 5390.75885256
 5395.72767034 5417.7209015  5423.74158266 5426.82523967 5438.05527119
 5438.06640449 5442.68942335 5460.70123364 5469.15840716 5508.9416493
 5535.00433439 5535.3629666  5548.85325771 5561.08775275 5582.68828513
 5585.15534408 5606.39557759 5617.12484401 5620.37453384 5633.88555821
 5644.12789282 5646.67498485 5660.3541087  5676.29229214 5678.84758414
 5679.10185001 5691.87774336 5692.65470759 5698.08245727 5713.96120757
 5718.79649243 5728.70912807 5729.70869161 5735.87343898 5740.61585747
 5756.37897479 5761.33759261 5762.44525581 5789.42393803 5792.59126144
 5806.71581723 5813.06013071 5819.55557704 5822.38953484 5825.51012507
 5844.24609976 5868.54385704 5871.20244872 5873.98464001 5880.43451982
 5880.86318514 5892.33021592 5904.77021031 5907.26276918 5907.78353421
 5907.92313377 5908.16006637 5939.25373571 5970.05290597 5979.05381113
 6006.32702576 6011.89760832 6017.75189    6021.04041304 6028.62152264
 6029.07935454 6029.1574543  6030.36615051 6031.82464595 6048.56892687
 6057.25329969 6057.65603176 6082.1135552  6086.61454111 6099.69813349
 6109.85223504 6111.53279645 6114.45515397 6121.3257658  6134.02075939
 6154.29092928 6161.75790591 6163.96249901 6166.40225804 6175.87526172
 6189.40411937 6194.44903691 6201.67828095 6203.69834129 6205.42220257
 6206.44939935 6206.73176513 6211.52535013 6217.29076542 6219.11599304
 6237.1570699  6240.53949264 6240.70502546 6242.74601907 6251.20695925
 6256.8463416  6257.11487409 6263.89938619 6267.65837442 6268.28527246
 6270.97179739 6274.65001921 6275.93858184 6281.39543143 6281.48209782
 6289.28254007 6299.71617408 6308.0272814  6310.31044092 6314.24159528
 6315.64849088 6322.76643526 6323.67186576 6323.90096504 6324.31306376
 6326.93412222 6341.90757535 6344.8726994  6345.26176485 6352.70864154
 6356.33913018 6357.70229258 6362.66034372 6374.86707218 6376.96386562
 6378.52236074 6398.81883054 6409.55553027 6413.77258374 6415.7528442
 6417.22193961 6423.30178724 6425.59851339 6430.20683229 6439.34217037
 6452.93246116 6469.81324165 6470.00050773 6477.87924974 6478.01368265
 6484.47196244 6486.7093221  6490.25457767 6493.46806761 6495.35036172
 6497.03522311 6498.70931787 6498.84965077 6500.34474609 6520.39331667
 6521.27011392 6525.2489348  6536.75903211 6548.96059391 6566.74263825
 6575.11844537 6576.52264097 6578.65226764 6580.53216176 6581.94645733
 6598.34970599 6600.2716333  6609.03210588 6611.54206469 6619.4739732
 6620.3672704  6627.23758223 6634.26406024 6640.46770748 6644.30756213
 6656.16025836 6678.81222079 6681.47004581 6699.02752418 6713.39184589
 6717.22170057 6717.42646659 6721.41625411 6722.3547845  6726.99403665
 6741.38652493 6742.95948667 6747.51683907 6756.63811052 6760.39063211
 6777.09784648 6779.74573819 6780.24483663 6781.61443234 6784.37289038
 6784.99132177 6789.38937467 6790.08657249 6794.29372599 6809.44894522
 6810.86340746 6816.82668879 6817.71611934 6827.16488977 6827.31705596
 6828.40678588 6828.75445146 6833.1924709  6834.16470119 6843.36050574
 6844.66796831 6848.40655661 6848.51978959 6852.57144357 6857.00159637
 6857.31779538 6869.82888955 6871.77791679 6872.79841359 6884.39544396
 6887.07126892 6901.27862445 6907.68590439 6912.51715594 6916.18264446
 6917.10734157 6917.98340549 6925.55408179 6927.30450965 6927.62517531
 6944.28825649 6948.14507775 6948.17044434 6951.43303412 6956.05455299
 6962.77853194 6965.49242345 6971.49493799 6977.80101826 6982.5136035
 6982.8466358  6983.56823354 6984.21523151 6991.45874217 6992.89543767
 6997.81182229 6998.94335208 7001.25677817 7011.3736465  7017.20649491
 7018.32785807 7033.41164419 7039.81335748 7046.18350421 7046.48763659
 7052.98834958 7053.12221582 7063.77768247 7083.68555349 7087.0691429
 7091.23122987 7095.09115112 7096.41024699 7098.49964045 7100.89846628
 7101.44843122 7105.04105331 7116.13025193 7116.86634963 7122.30033262
 7123.79122795 7124.14952683 7143.29890023 7143.72123224 7143.85076517
 7149.58424722 7152.04073953 7152.37557181 7160.73671231 7161.44037677
 7167.01079267 7167.74615704 7179.53162015 7191.02361751 7195.63780307
 7195.77156931 7198.51629406 7200.55192102 7201.26245213 7201.43408492
 7210.56582301 7211.70951943 7217.91943332 7240.27153002 7242.82752202
 7243.12645442 7249.45950126 7265.62325067 7288.23651322 7288.29317971
 7294.93952557 7299.29054529 7302.21716946 7305.73805844 7310.33914404
 7312.52083721 7313.14100193 7313.19186844 7316.54282462 7323.31603675
 7332.58227441 7332.86857352 7352.06168011 7352.20847965 7356.32610009
 7364.09960909 7364.36887492 7365.50897135 7365.57827113 7369.00722706
 7376.77610275 7377.69796653 7379.1109621  7379.20359515 7382.12561933
 7383.75268091 7389.75829544 7395.53567736 7403.63485201 7407.08467454
 7407.75563911 7407.8742054  7414.4680181  7422.54275949 7427.12997847
 7435.29138625 7441.90569888 7442.42476392 7445.64298718 7447.7358473
 7452.27719975 7452.37403278 7456.17185423 7459.88344261 7460.60124036
 7484.82359788 7485.94039438 7487.38985651 7490.07478144 7490.54287997
 7496.09142927 7505.63259941 7512.7611771  7518.0321606  7522.02248144
 7526.58046717 7533.40054582 7538.46832996 7542.52071728 7554.09221439
 7557.91533576 7558.05396866 7558.62240021 7562.61175439 7564.3221157
 7576.80837662 7583.69782172 7584.33998638 7590.11073498 7591.01903214
 7593.64865724 7595.99841655]"
322,714748_2024-06-24_B-234,ORBl,True,"[  20.86656101   26.18384436   27.89107235 ... 7619.6873424  7619.8261753
 7620.06027457]"
323,714748_2024-06-24_B-235,ORBl,True,"[  34.8285173    38.87660463   39.78736845 ... 7614.19115961 7617.48054931
 7617.61838221]"
324,714748_2024-06-24_B-237,ORBl,True,"[  20.77476129   21.06726038   21.20965993 ... 7619.12717749 7620.34344035
 7620.39784018]"
325,714748_2024-06-24_B-238,ORBl,True,"[  20.73812808   20.74082807   23.53731931 ... 7617.70321528 7617.73778184
 7618.13098061]"
326,714748_2024-06-24_B-239,ORBl,True,"[  26.05681143   27.8854057    27.89860566 ... 7618.26861351 7618.28524679
 7618.71224546]"
327,714748_2024-06-24_B-240,ORBl,True,"[  55.052454     91.87683874  103.00883722  106.66555911  121.53327924
  139.60368934  155.9208716   155.93213823  172.07442104  180.04389609
  196.44284476  204.36458663  205.87204858  217.9227442   219.72240523
  223.20449433  264.93963036  265.13112976  270.79117871  332.29665286
  356.64547664  363.37652224  415.11199364  419.88924535  419.95814513
  481.44675267  508.82346697  512.57588856  517.01694133  526.00937985
  541.65679753  574.88812685  585.2855943   600.58161309  642.86581407
  658.31783237  686.4963775   715.77475252  728.51444598  746.17029071
  811.49405291  813.64227952  863.84988903  864.31595424  870.29256886
  872.29676259  873.68849157  883.07572885  895.32665717  908.78021506
  913.24130109  941.88407811  946.99612877  950.82168346  959.92982162
  961.36088381  962.50928021  965.01910569  967.92942991 1019.47633523
 1033.93922329 1063.4142977  1089.72531534 1092.73620592 1103.49613891
 1127.52069704 1152.67055165 1172.24215706 1174.29588396 1180.25043199
 1183.87502064 1188.64817237 1209.60647343 1223.27219732 1284.60543868
 1290.53318679 1291.14808486 1324.31068106 1359.32040481 1368.89297485
 1382.49863226 1383.88709458 1415.79072805 1417.13545717 1418.85781845
 1432.20414334 1450.82778505 1471.36938742 1471.69055308 1471.90678573
 1479.13099645 1494.53678157 1515.6543488  1576.43545855 1594.51286863
 1596.24739653 1603.02467532 1615.20073721 1618.04006165 1633.81537894
 1649.45469665 1662.14289027 1675.64058135 1687.67851034 1691.50476503
 1692.7170279  1695.44191937 1701.02770189 1701.36673416 1713.64672906
 1728.24948335 1735.54116052 1736.72725681 1770.6184174  1775.1969364
 1788.71522742 1823.66528469 1834.70805012 1835.69994702 1850.87516618
 1851.02749904 1854.54045471 1856.84151417 1868.68731043 1872.32916569
 1879.70947593 1898.16605149 1921.38581214 1925.97063112 1930.99604873
 1944.03234125 1951.43215143 1965.52134066 1975.86594161 1999.276135
 2012.76565944 2019.06137307 2021.8313644  2022.82719462 2046.32222107
 2063.74839986 2067.70472081 2082.70670719 2092.80374225 2161.08556185
 2223.25496725 2225.40892718 2248.9365202  2255.48106638 2272.59904613
 2287.59786585 2318.99500091 2351.9363978  2354.4174567  2362.47086482
 2443.8051769  2473.02005212 2482.45145593 2513.05306015 2519.76573914
 2551.13027429 2554.01283194 2566.82882516 2567.62208934 2600.32278698
 2635.87937569 2701.52720353 2702.63936672 2727.62492184 2736.628027
 2744.12900352 2744.25640312 2764.76573892 2765.30887055 2766.4330337
 2828.93323807 2845.21232045 2845.8667184  2846.16288414 2857.94111394
 2875.78615808 2885.39306134 2890.04151346 2894.15463392 2894.74733206
 2901.30947819 2904.9483668  2906.85052751 2917.72916013 2917.84142644
 2932.09848182 2935.0966391  2956.81847111 2957.77763477 2963.09865145
 2984.05588585 2988.28960593 3012.94819541 3034.58282769 3055.1004968
 3080.49538398 3090.49508601 3097.22846494 3145.85621273 3156.23064692
 3169.78110451 3175.74135252 3201.32797243 3211.80323964 3212.17483847
 3232.66344101 3235.18693311 3257.74046252 3302.61365539 3306.76824239
 3336.20145026 3347.30874882 3363.66383096 3365.7507911  3416.68043168
 3427.35299827 3433.09474697 3439.58515998 3466.65460859 3480.37233232
 3490.77846641 3493.45399137 3506.64515008 3525.15412548 3528.4365152
 3544.21189916 3557.96988943 3559.91791666 3561.84121064 3565.35683297
 3616.40303986 3626.84374051 3648.19007369 3651.90679539 3654.21782149
 3654.66128677 3664.82548829 3682.87189847 3694.97836057 3696.9596877
 3697.17155371 3734.05143827 3744.1055068  3747.83039514 3772.55821774
 3776.7864045  3837.01101599 3847.24731728 3863.99866485 3879.31848356
 3890.03235003 3920.11802252 3920.19988893 3934.40891112 3935.01457589
 3947.06977149 3950.48839413 3964.69401633 3971.06909637 3971.84499394
 3996.49561678 4008.1932135  4023.18333325 4042.3363733  4055.91869745
 4076.28750036 4102.03861976 4112.04785509 4144.94831878 4167.45088167
 4198.7709503  4202.06870665 4215.59613097 4259.12079473 4261.56252043
 4282.77942068 4292.21949113 4310.14306836 4336.1689869  4348.54641482
 4351.07914023 4365.40996204 4391.85747925 4400.89008431 4417.80513137
 4429.2417289  4450.94696096 4451.60225891 4454.32831704 4455.46371349
 4471.14319774 4475.34491793 4503.76929562 4506.03832185 4512.89103374
 4524.24743152 4540.01604883 4556.76406307 4560.00545293 4574.30207484
 4602.74231916 4627.25467576 4638.52840714 4641.56599763 4643.24699237
 4654.43495735 4669.22111107 4686.77935611 4699.65738247 4700.69187923
 4733.71344253 4751.28598753 4761.73415482 4774.32644874 4788.40057136
 4795.35281626 4801.99676213 4802.89249266 4843.32603277 4848.85311546
 4853.73343352 4867.10965832 4867.50955707 4870.57234748 4871.24157872
 4873.70610434 4896.76763215 4901.2996513  4922.32978547 4930.50132656
 4940.8417942  4943.80821824 4951.31012809 4957.44644222 4963.48672331
 4964.88205228 4987.50688146 4991.69656835 5017.04828899 5043.41297313
 5051.32311504 5059.82878842 5061.2928505  5067.99126287 5089.07343021
 5104.55758174 5106.09937692 5108.26153682 5121.49949538 5136.41918201
 5140.17380359 5173.73076522 5174.4742629  5181.88790636 5192.68667256
 5205.6005988  5209.9573185  5226.41433365 5231.9985495  5271.99565764
 5313.28899505 5322.28636689 5332.09010287 5334.93916062 5366.07236317
 5370.82708162 5373.84467217 5399.48872524 5403.29288    5418.22876658
 5456.90551218 5463.38105858 5468.15934362 5468.54854241 5484.06582717
 5501.24444006 5555.52353683 5583.36534968 5607.61614044 5642.35116505
 5682.65377223 5697.0092273  5700.53228293 5706.29659822 5708.70995734
 5716.7073323  5722.24284831 5722.78447995 5742.65935107 5743.56864823
 5757.04170605 5775.07591627 5776.87011065 5809.52467511 5810.47887212
 5818.53068025 5821.58853735 5824.62616117 5827.70588487 5828.17231674
 5828.60714871 5834.5319635  5842.11443976 5856.46119486 5866.41373037
 5906.51513818 5917.01417199 5917.61843676 5927.02870731 5935.89581288
 5939.09736953 5940.61119812 5951.58976376 5965.39942053 5989.75201097
 5999.84001273 6003.67563406 6007.13862322 6054.38717532 6056.01183691
 6083.65548371 6095.47528005 6140.62700538 6155.21979304 6171.20344301
 6181.74234335 6186.11522967 6195.61616659 6206.30336647 6214.017009
 6235.65424127 6248.3807681  6268.64170468 6282.69006071 6284.28375572
 6297.94797961 6305.44915613 6328.69511671 6342.58040658 6343.38097074
 6351.65451151 6355.43039969 6357.60829287 6374.98760514 6380.90561995
 6383.52547841 6385.52177216 6389.02072788 6403.35538301 6417.5418386
 6421.54302608 6423.53125319 6427.74780666 6433.13538979 6442.05232855
 6445.88121656 6447.99510995 6448.01594322 6463.92622675 6473.90312885
 6478.38991481 6478.93951309 6494.70939706 6507.19515798 6530.85465059
 6532.54971195 6533.2674097  6543.54437753 6551.17868697 6595.34088207
 6602.25916042 6605.798916   6620.42877021 6626.59301758 6627.17738242
 6627.24374888 6627.25971549 6627.39528174 6629.97424033 6638.71434631
 6661.21704254 6671.21671124 6687.81782594 6699.30172333 6704.83587267
 6721.42142076 6723.86331311 6728.9482972  6746.12727676 6746.41174253
 6749.69546559 6750.66482922 6754.8448828  6756.62951055 6777.09961314
 6777.44097874 6779.2202065  6779.50350562 6782.53979611 6785.46598695
 6792.91386364 6816.45668995 6839.5072178  6843.54030517 6847.42759301
 6848.60645598 6854.01727238 6854.33223806 6855.55203424 6857.3750952
 6860.17498644 6869.75255646 6885.00880871 6886.38793772 6895.49640921
 6895.74017512 6926.30104612 6940.69783439 6947.73191238 6948.18464429
 6991.79677445 6992.57520534 7024.67023822 7047.46886685 7050.14942513
 7050.20909161 7057.40040243 7057.6036018  7062.89198524 7075.18334677
 7080.44506363 7084.10541884 7084.98184943 7110.74950211 7128.30901381
 7131.17117152 7143.83546521 7143.84743184 7154.92366384 7155.19172967
 7162.35540724 7166.30806154 7170.21328265 7178.13479119 7182.23511168
 7185.25210224 7187.56916165 7190.5998855  7192.16184728 7203.00904666
 7205.47673893 7206.29213638 7213.18344815 7237.76083788 7240.45786277
 7242.00872458 7247.53480729 7283.62759431 7300.79134059 7305.96742439
 7313.13913527 7317.75665415 7328.56745365 7332.14254245 7335.89886403
 7345.02913545 7346.450331   7386.17437333 7386.55263881 7442.77502949
 7454.37342652 7457.74204931 7459.28784447 7459.66457663 7479.10304912
 7489.39845022 7491.95094223 7496.19342895 7499.5451518  7514.44510516
 7516.76396457 7518.15382688 7519.65038886 7541.06015518 7542.40305098
 7549.80746114 7550.97325749 7562.6632209  7568.46290274 7577.29704176
 7586.5793127  7606.56598347 7617.18941689 7618.53971266]"
328,714748_2024-06-24_B-241,ORBl,True,"[  35.03581665   58.68020931   86.96942076   92.90346886  111.17227834
  111.24217812  151.8211511   171.11282405  213.76232389  222.81519555
  297.46559522  326.89913642  326.91816969  336.04904111  366.67697858
  370.84853219  385.01222118  385.01838783  432.6403721   433.29803671
  445.00303341  528.55063856  587.62265365  596.48895924  615.06316776
  631.63468256  654.07364565  671.86545663  679.20943364  690.80636401
  708.592975    745.50412613  820.00952625  857.19660985  938.59678839
  973.04771389 1044.08205821 1059.165111   1090.85137849 1149.71012758
 1160.78342626 1182.03575973 1194.62272033 1269.73011857 1284.51400563
 1300.93812089 1353.48025642 1393.33463167 1519.37227049 1542.06049948
 1553.55749682 1655.09867899 1675.967847   1701.68993315 1725.20969286
 1738.25598536 1753.99976941 1834.60178379 1834.64461699 1835.67731375
 1909.6955154  1909.83358163 1913.76606932 1914.15563477 1914.52366695
 1962.80051584 1967.5111011  1981.56322378 1994.98731509 2005.27911621
 2053.41373221 2059.75831235 2080.37328116 2091.31421358 2102.6492781
 2105.28503651 2149.28543212 2152.14935649 2152.1655231  2152.27152277
 2157.23714056 2162.04235886 2184.85245412 2205.33035669 2210.09960843
 2236.0822271  2243.1019718  2243.60270356 2244.81446643 2247.02375952
 2305.84540873 2307.02217172 2329.02410285 2338.36444028 2363.28536227
 2363.76929409 2370.28060704 2376.68735366 2384.58316227 2426.99766285
 2430.57368499 2431.3046827  2457.90909942 2499.75436844 2500.64796564
 2513.46212553 2513.64935828 2527.39881524 2578.38452232 2628.57756521
 2657.74654057 2671.23443169 2698.22788053 2702.39013417 2702.40890077
 2711.19977326 2720.5887772  2732.1235411  2778.99012773 2780.27525704
 2784.5812769  2787.58513416 2823.31935564 2845.09308749 2847.49614663
 2856.54835163 2886.45592468 2887.40225505 2902.1689755  2904.90130028
 2911.1553807  2926.38916635 2957.53116887 2969.79766381 2993.38088999
 2994.61935278 3010.68513583 3027.54458306 3042.45896971 3059.00381792
 3059.01765121 3080.5853837  3091.71444886 3097.26446483 3127.54607004
 3128.95279897 3133.24078555 3133.30838534 3142.95582181 3150.80803056
 3155.67961531 3158.49850649 3171.06406716 3188.87054475 3207.47338652
 3208.8342156  3219.54258208 3219.8250812  3237.42242611 3237.6193255
 3237.64345875 3244.45003745 3263.38081153 3266.23726925 3269.52895895
 3277.5541005  3277.65606684 3284.04468018 3305.45911315 3306.70277592
 3307.86747228 3338.34397688 3339.3172405  3365.24582601 3366.09409002
 3366.16342314 3366.16942312 3366.56388855 3366.69812146 3374.82862935
 3374.94849564 3381.35480892 3382.63050493 3393.73673683 3398.34368908
 3405.18526766 3425.46470418 3433.21811325 3436.05113771 3439.83055922
 3450.13939362 3468.30060344 3468.39650314 3482.52542558 3502.99466151
 3503.20566084 3503.28576059 3506.75888306 3528.42128192 3530.06654343
 3547.00699041 3547.08505683 3556.82175969 3556.84712627 3556.93132601
 3557.12872539 3557.22605842 3557.23952505 3572.39511094 3600.73505557
 3621.96392245 3626.96900678 3656.84407994 3686.91751914 3709.52131505
 3721.12307874 3729.34201968 3730.64288227 3733.46700676 3745.21913665
 3747.75096205 3759.71092462 3759.76279112 3780.97719138 3792.55058849
 3805.18574894 3806.71704415 3815.06711801 3817.62804333 3823.23039246
 3826.05908361 3829.57937259 3839.0195097  3840.76307091 3840.85180397
 3862.42090312 3872.0343397  3873.30800238 3893.36950625 3911.86311503
 3919.68669054 3920.21478889 3920.46912142 3925.91283772 3938.22489918
 3946.4074069  3951.12755879 3966.14207846 3966.36221111 3966.58224375
 3968.89306985 3993.46875959 4029.121348   4029.19058111 4036.58572463
 4050.31748165 4053.61730465 4054.2320694  4071.76511452 4077.77129571
 4087.33213245 4118.48480161 4118.55993471 4125.8670785  4132.18612539
 4149.14870563 4155.04908716 4155.34201958 4167.41528178 4167.51011482
 4169.56874171 4171.04583709 4171.93890096 4186.92538738 4193.60413314
 4200.55781138 4212.04067543 4217.93012367 4224.62306938 4227.88172585
 4233.7011743  4238.04409404 4240.46828645 4251.52078519 4264.57634432
 4273.89458182 4273.90971511 4297.73834052 4297.80397365 4311.39359778
 4319.47573915 4328.50494422 4330.83797025 4347.49028479 4347.50385142
 4354.28813018 4358.31095092 4366.15622637 4388.42412333 4395.87913333
 4397.49762826 4411.09995235 4411.25225188 4412.2687487  4413.03591296
 4415.92500392 4419.58742579 4419.7751252  4419.8602916  4419.87065823
 4427.38450138 4434.43304599 4434.57924553 4442.86075294 4453.17768731
 4456.00347847 4459.92979951 4466.19371324 4485.45201962 4498.47481219
 4531.98367397 4544.61250111 4548.40118925 4548.70668829 4550.28518335
 4560.02681953 4562.44754528 4575.18470541 4591.11198889 4594.71377762
 4597.39206924 4601.35825682 4601.43608991 4606.44567423 4619.31143396
 4624.38468475 4632.51165931 4638.82463955 4641.84849675 4641.86889668
 4658.8825101  4681.23297347 4682.28213685 4682.4062698  4684.61269622
 4689.43428113 4707.16329231 4713.80840484 4713.9498044  4725.87776706
 4726.65399796 4726.82239744 4727.47609539 4727.63296157 4733.90527527
 4734.08450804 4734.14620785 4762.46865253 4767.07563811 4783.24692082
 4783.57575312 4785.33701428 4840.23504244 4853.8164666  4860.18587999
 4860.21441324 4860.29304632 4860.33911285 4860.38267938 4864.52593307
 4873.85507054 4878.67542212 4884.4847706  4884.57567032 4910.22389003
 4916.03220519 4919.85672655 4919.95492624 4927.65633547 4942.03749045
 4944.48424946 4949.54700028 4949.62723336 4951.35179463 4953.4184215
 4971.6274645  4985.00242263 4997.23111769 4997.28635085 4997.65034971
 5008.29368306 5012.70096927 5035.08703253 5042.20764357 5059.42455635
 5085.01687624 5089.37179594 5091.52905586 5098.82736635 5099.1390987
 5104.36634901 5126.14504751 5151.61120113 5170.63724157 5184.01606636
 5184.53979806 5192.83233877 5195.8339627  5198.55062087 5210.6283164
 5223.79677518 5228.24222793 5264.75614697 5265.51051127 5272.84995497
 5274.19155077 5294.06388857 5295.1505185  5304.33255642 5308.5021767
 5350.58457832 5351.48057551 5352.37663937 5355.41422986 5356.97939163
 5380.69925072 5392.08554841 5393.16011171 5395.4549712  5395.5071377
 5401.73655154 5417.99023399 5425.25407792 5465.59938497 5467.63261194
 5469.01594094 5483.26789633 5488.07724795 5495.5468579  5509.5073142
 5517.45622265 5517.64568873 5520.1780808  5525.73986339 5545.01300306
 5547.54846179 5547.78602772 5557.01529883 5561.01745297 5562.95074692
 5563.20124613 5573.5319138  5584.59067918 5602.96688833 5603.01438818
 5605.29661437 5606.96080916 5616.03708075 5616.10698053 5616.11374718
 5620.38490047 5624.15462201 5628.45410855 5640.02907232 5642.45189807
 5650.28804021 5665.30085988 5666.11172401 5667.01062119 5676.67112429
 5694.80503419 5695.94803062 5703.78763941 5709.41898845 5718.49509338
 5721.01875214 5721.2239515  5735.64817302 5737.86033276 5768.05247159
 5768.62033648 5771.54666065 5771.87462629 5773.29335518 5779.29080308
 5787.10784528 5787.42207763 5787.52491064 5790.39950164 5794.08312344
 5794.12915663 5794.17182316 5804.06295887 5809.23480935 5823.56629782
 5828.22571657 5837.57202065 5850.86481237 5858.87692063 5861.59371213
 5862.12981045 5868.30382445 5868.55649033 5869.74085329 5869.84238631
 5886.53366739 5899.29586078 5900.34172417 5901.98421903 5909.72586147
 5911.79462166 5913.24258379 5913.28605032 5913.41201659 5918.94423261
 5926.51774224 5933.29792102 5937.88517332 5938.55663789 5953.45209126
 5959.92983765 5964.91465538 5965.38475391 5983.49406389 5989.74961098
 5999.37424752 6006.69515794 6023.83103764 6052.41944815 6055.61490481
 6068.31886505 6068.70429718 6080.01309511 6104.08938642 6109.84260174
 6118.4077416  6130.40710404 6131.46933405 6145.17812447 6154.13686309
 6163.00146868 6164.56583045 6164.72356329 6173.10837038 6175.69299562
 6178.94391878 6181.77770991 6189.04388716 6194.25690418 6204.12063997
 6208.56019274 6208.59325931 6212.71747973 6219.62415811 6220.43188892
 6223.55421248 6231.56412074 6234.24374568 6240.49042613 6242.23088735
 6247.41537112 6247.48070425 6265.37274825 6271.99859417 6272.04422736
 6272.17292696 6273.65642232 6274.16878738 6275.69961592 6277.56764341
 6282.88606009 6282.92655997 6282.98052646 6303.43482911 6305.22595683
 6307.19798399 6307.37431678 6307.47478313 6307.50051638 6312.02826887
 6315.23292551 6317.33868559 6321.19030686 6326.27085763 6331.04000937
 6343.39323737 6350.48498183 6386.99066757 6388.94182813 6403.48381594
 6414.19438242 6417.52640532 6419.58789887 6423.56068643 6424.47435024
 6430.06886606 6447.93047682 6454.91612162 6455.53821967 6456.46908342
 6457.00118176 6473.15696452 6475.02989199 6491.44280728 6491.46887387
 6498.2227194  6506.37269389 6507.72465632 6510.55108081 6513.95003683
 6539.3712906  6547.93016381 6551.11708716 6568.52576601 6569.20686387
 6575.73654343 6578.12890261 6593.39088817 6594.59915106 6602.24002714
 6602.37812671 6611.32766536 6614.25722286 6618.20597717 6621.26766758
 6623.40322757 6623.475994   6623.50289392 6623.94022588 6624.6593903
 6629.3134424  6630.29083934 6630.34157251 6630.4195056  6632.82506474
 6633.20563022 6636.57618633 6636.60355291 6661.26317573 6667.25105698
 6669.0014515  6669.0989512  6670.93677878 6682.02224408 6685.69593258
 6691.20024869 6713.75344476 6740.84912661 6766.43894651 6770.35406759
 6772.0107624  6777.06271326 6777.42867878 6778.43737562 6779.82503794
 6779.84593788 6779.86347116 6779.92873762 6781.48813274 6782.92312825
 6785.59761988 6790.12427237 6804.78349316 6807.30425193 6812.76453484
 6818.19108452 6825.95119356 6832.87773855 6835.06066505 6835.37813072
 6838.7172536  6840.45534816 6840.62358097 6848.50528963 6848.8470219
 6851.69707964 6855.30730168 6855.44636791 6855.86853325 6863.13027719
 6863.26244344 6869.31199117 6872.30731513 6875.99773691 6885.1932748
 6886.68070347 6896.64573895 6918.02020538 6926.34327932 6930.5252329
 6935.99538245 6938.06454264 6942.14746319 6951.24560138 6956.903917
 6971.50993795 6992.75633811 6992.82073791 6994.4312662  6995.55872934
 7001.83914301 7005.46149834 7010.59098229 7016.95279571 7024.2596395
 7038.50192825 7039.64019136 7046.34323704 7046.42200346 7067.41893774
 7069.83213019 7090.99439728 7091.04819711 7091.75876155 7095.73841576
 7095.92194852 7096.49178007 7104.42312191 7113.37539389 7114.48462375
 7147.65341993 7149.60524715 7153.45460177 7155.22242957 7163.79126942
 7172.95987405 7173.0199072  7185.19740241 7186.0331998  7186.05453306
 7198.32842798 7198.35919455 7201.4204183  7201.73568398 7202.52568151
 7211.56801987 7213.80821286 7215.89943964 7224.11148061 7234.50974806
 7234.55941457 7243.57148636 7253.27802264 7258.83433859 7280.00277233
 7286.41445226 7296.21522158 7305.13492699 7334.18553606 7359.77888928
 7368.97706049 7386.26530638 7387.71280185 7394.24091475 7394.48214732
 7423.51742311 7423.59508953 7431.17643247 7439.41947333 7444.30922469
 7444.39912441 7454.56719258 7454.6030258  7461.08933883 7474.5406634
 7476.17445828 7492.64847338 7495.34766494 7496.41676159 7500.93928077
 7503.31524    7507.17206126 7507.48432695 7509.40542093 7518.58595886
 7525.23690471 7527.08656559 7532.59654834 7543.248015   7555.85147555
 7561.50692452 7564.46688192 7567.38397279 7583.13465682 7585.89238152
 7588.81050572 7609.90210637 7612.51566485]"
329,714748_2024-06-24_B-242,ORBl,True,"[  23.22732028   23.26088685   23.743552   ... 7614.94502391 7616.27091976
 7616.42388595]"
330,714748_2024-06-24_B-244,ORBl,True,"[  20.83872776   21.52745894   21.63619193 ... 7620.57713962 7620.667406
 7620.79597227]"
331,714748_2024-06-24_B-245,ORBl,True,"[  23.84028503   46.96184599   51.66146461 ... 7615.8112212  7615.90262092
 7618.05508085]"
332,714748_2024-06-24_B-246,ORBl,True,"[  21.28679302   22.66215539   26.087178   ... 7618.32817999 7618.53961266
 7618.71837877]"
333,714748_2024-06-24_B-247,ORBl,True,"[  23.83681838   27.96020547   27.99680535 ... 7611.8716002  7615.0341903
 7618.45431293]"
334,714748_2024-06-24_B-250,ORBl,True,"[  26.18987768   37.4926423    37.5651754  ... 7620.43814005 7620.58687292
 7620.70177256]"
335,714748_2024-06-24_B-251,ORBl,True,"[  26.15471112   26.27814407   26.48241009 ... 7618.0904474  7619.20367725
 7620.71753918]"
336,714748_2024-06-24_B-252,ORBl,True,"[  31.44456123   31.51669434   31.72422702 ... 7620.45743999 7620.54197306
 7620.68310595]"
337,714748_2024-06-24_B-256,ORBl,True,"[  23.46098622   23.54688595   23.61958572 ... 7619.23357716 7619.44194317
 7620.60660619]"
338,714748_2024-06-24_B-257,ORBl,True,"[  39.02817083   42.37232702   47.60074399 ... 7620.11687439 7620.35087366
 7620.71313919]"
339,714748_2024-06-24_B-258,ORBl,True,"[  21.90415776   21.92999101   37.43890913 ... 7617.8149816  7619.77297547
 7620.30127381]"
340,714748_2024-06-24_B-260,FRP,True,"[  20.21786304   20.30596276   20.36206259 ... 7620.75157241 7620.77127234
 7620.78897229]"
341,714748_2024-06-24_B-263,FRP,True,"[  20.8142945    22.57708899   22.72968851 ... 7620.43874005 7620.61933949
 7620.77210567]"
342,714748_2024-06-24_B-266,FRP,True,"[  26.46257682   28.23363795   28.4614039  ... 7615.49208887 7618.03724757
 7620.0508746 ]"
343,714748_2024-06-24_B-268,FRP,True,"[  53.50462551   53.51125882   53.51732547 ... 7593.51029101 7614.41649223
 7620.05094126]"
344,714748_2024-06-24_B-273,MOs,True,"[  23.45381957   24.99868141   27.16840795 ... 7618.46021291 7619.83654194
 7619.97580817]"
345,714748_2024-06-24_B-275,MOs,True,"[  20.24582962   20.34419597   20.40559578 ... 7620.64857273 7620.70623921
 7620.73530579]"
346,714748_2024-06-24_B-277,MOs,True,"[  23.18158709   23.20575368   26.47711011 ... 7612.7558641  7614.44372548
 7615.18498983]"
347,714748_2024-06-24_B-283,MOs,True,"[  55.22805345   55.23595343   55.29035326 ... 7618.60391246 7618.78254524
 7620.39707351]"
348,714748_2024-06-24_B-284,MOs,True,"[  25.26154725   25.8421121    42.31669386 ... 7604.17739095 7612.74803079
 7617.88368138]"
349,714748_2024-06-24_B-288,MOs,True,"[  23.51345272   23.93768473   24.07111764 ... 7610.71410382 7611.37306843
 7616.38498607]"
350,714748_2024-06-24_B-291,MOs,True,"[  25.03788128   25.68381259   28.38163748 ... 7612.81239726 7614.42692554
 7617.63748215]"
351,714748_2024-06-24_B-294,MOs,True,"[  20.21989636   20.24352962   20.2938628  ... 7620.61973948 7620.70853921
 7620.7843723 ]"
352,714748_2024-06-24_B-295,MOs,True,"[  25.6292461    28.05977182   37.18890992 ... 7618.99991122 7619.05564438
 7619.07567765]"
353,714748_2024-06-24_B-298,MOs,True,"[  22.49228925   23.23492026   25.97067836 ... 7618.3897798  7618.43434633
 7619.55540948]"
354,714748_2024-06-24_B-299,MOs,True,"[  37.61617524   48.53730773  271.58604289  297.7898942   327.35740165
  449.18225366  536.06151505  658.6605313   703.31509152  738.12884922
  751.63794027  752.10160548  764.71449934  773.61273815  790.53875184
  836.14850907  982.12095216 1027.81910912 1035.02801989 1035.03635319
 1035.0449865  1082.9247033  1108.72022255 1273.06787479 1306.6619363
 1307.15826808 1325.19141164 1339.10863474 1339.1531346  1341.46172738
 1372.79096265 1378.70751079 1383.06099717 1391.81740309 1409.53444763
 1415.99082742 1426.2743619  1427.00259296 1445.11023628 1448.2751597
 1461.22205251 1483.89698154 1485.7837423  1503.51142014 1516.93047814
 1521.73156311 1523.25322501 1545.86218758 1564.894128   1565.73452537
 1598.09575741 1604.46383748 1617.33713052 1667.62123979 1693.81462447
 1704.57495745 1716.69111953 1742.6957048  1752.97943927 1779.75908878
 1780.98581828 1787.00053278 1787.39666488 1787.66899736 1801.70582009
 1822.68948774 1831.7958259  1833.18915487 1833.84661948 1834.79621651
 1838.03443971 1842.88965784 1846.23884736 1847.76867591 1857.51127874
 1873.95039395 1878.01338124 1918.03648929 1921.1214463  1926.20626372
 1939.56012192 1948.91825929 1950.60698734 1972.97538399 1988.8729009
 2004.80438436 2011.60526308 2020.77276771 2037.36231579 2083.16530575
 2143.4451504  2143.72474953 2150.81929399 2150.97672683 2154.54048234
 2170.45739918 2171.581929   2180.3983014  2196.45141782 2200.8876706
 2201.3460025  2212.03920236 2245.67159709 2249.09755303 2280.10018932
 2294.12711208 2309.52566388 2381.27247264 2381.583605   2381.61427157
 2381.82250425 2406.63962657 2418.04075755 2418.22525697 2456.83613611
 2458.23179841 2462.74458429 2482.53268901 2482.75028833 2493.11548922
 2494.43815175 2495.27138247 2502.93062517 2505.51231708 2513.81542443
 2537.0071185  2553.23343438 2563.75190145 2565.19436361 2567.66922253
 2568.96878512 2574.89796657 2582.24341024 2592.23407897 2595.06400344
 2615.05990752 2634.26611407 2639.13743215 2645.70911158 2660.0390334
 2661.85146106 2665.33551682 2669.88156925 2676.93158052 2691.86136712
 2692.84846403 2692.96259701 2693.02713014 2698.34808015 2707.78478395
 2711.62703859 2712.23353669 2713.31783329 2715.51105976 2730.55464601
 2742.28860928 2743.78967125 2753.55914067 2769.3936911  2771.78438362
 2772.69031412 2781.06285458 2789.10829606 2790.89445714 2792.28648611
 2795.26301013 2798.98286515 2815.24388092 2829.45213645 2830.83326546
 2836.37348145 2837.91247663 2839.46413844 2848.21077773 2855.02448973
 2862.60539934 2863.46009666 2863.55766302 2866.78371959 2868.04241565
 2872.81240072 2875.1412601  2884.2874648  2889.2505826  2894.24956695
 2897.04599153 2911.16548067 2919.61475422 2920.27985214 2923.64767493
 2940.95728742 2942.10331717 2942.22595012 2942.37458298 2945.38884022
 2953.20101576 2955.79207432 2972.10148993 2980.57346342 2986.54524472
 2992.6026591  3020.00314    3049.55088084 3055.2714296  3059.58494943
 3059.62984929 3064.03283551 3068.85165376 3075.4419998  3078.28622423
 3083.90203998 3093.37251034 3096.30540116 3096.44040074 3109.33706037
 3122.53948571 3123.35654982 3141.6694925  3143.13132126 3148.0385059
 3158.96880502 3162.58739369 3218.16541972 3233.58680479 3235.09686673
 3252.87937773 3267.11213318 3270.69895529 3270.92505458 3287.54790255
 3288.28023359 3294.23764827 3341.2663344  3345.65178734 3349.3697757
 3364.07082969 3364.22989586 3365.90522395 3367.42425252 3373.12720134
 3375.97585909 3379.59434776 3381.49577515 3387.14159081 3397.77319086
 3399.74368469 3403.58010602 3406.80569592 3409.40212113 3425.0021723
 3436.36627006 3438.56659651 3444.25341204 3444.28571194 3445.27370885
 3447.22720273 3448.40909903 3453.27888379 3455.46921027 3455.48604355
 3456.36227414 3457.91050262 3466.21067664 3475.61314721 3476.27071182
 3481.12952995 3481.55182862 3483.70105523 3499.9497377  3500.20770356
 3521.1011715  3552.46170667 3553.35677053 3553.94680202 3558.83792004
 3558.9252531  3559.88785009 3567.3495934  3596.46823559 3605.33584116
 3627.62157141 3628.4112356  3630.70902841 3638.48110408 3645.02875025
 3660.49036852 3662.51379552 3665.72035215 3666.12695088 3672.26113168
 3675.140556   3678.51081212 3690.70800727 3691.60683779 3692.63260125
 3704.02676558 3709.33331564 3727.79772451 3750.89998553 3753.04954547
 3754.46424104 3754.71327359 3755.62903739 3766.11770456 3775.21530942
 3778.99609759 3779.34086317 3787.86766982 3792.6123883  3798.26590394
 3804.26015184 3806.41997841 3810.0116005  3812.59605908 3823.8880904
 3824.12505633 3835.97041925 3836.36188469 3839.98240669 3852.5038675
 3854.83126021 3860.04051057 3862.45913634 3865.44196033 3871.32234193
 3891.91637746 3904.7040041  3924.15037657 3935.93317302 3951.3261915
 3956.98457379 3970.57346459 3970.84933039 3975.95568108 3976.82894501
 3976.83391166 3982.00826213 3987.83781055 3990.59516859 3990.77006804
 3994.37582342 3995.73071918 3997.15631472 3999.48760742 4018.5447811
 4021.99053698 4022.13843652 4032.56600388 4036.63772447 4036.71912421
 4045.9140621  4050.86184661 4060.02138461 4069.84728718 4075.3480033
 4083.1740788  4092.26691701 4092.59618264 4122.35772282 4123.08448721
 4141.29143022 4144.4197871  4166.19131895 4167.95974675 4168.21224596
 4180.35354129 4188.09131707 4201.60940809 4201.97550694 4204.50609902
 4205.51849585 4245.33167123 4265.41317504 4267.01310336 4277.25227131
 4282.10462279 4301.39929573 4302.31749286 4305.5509494  4316.45424861
 4336.46941929 4336.83801814 4342.54650027 4354.18749716 4374.12923474
 4375.67949656 4385.16213354 4398.4882585  4401.6605819  4410.97101942
 4412.43534817 4419.43959292 4425.47644069 4444.51988108 4445.11914587
 4499.12027684 4563.50644197 4567.67052894 4573.22637821 4577.76896399
 4579.80242429 4580.23722293 4588.43336394 4591.15958874 4592.65868405
 4604.85381255 4605.24664465 4647.94984432 4648.78214171 4659.1675092
 4660.6392046  4662.88053092 4662.98743058 4668.81894566 4681.69613869
 4697.21145679 4698.48121948 4711.74714462 4715.35346667 4720.57315033
 4732.63204592 4732.90567839 4755.0124092  4762.34738624 4764.15068059
 4768.26550105 4776.25094272 4786.55357714 4791.9530269  4793.45385554
 4794.1251201  4813.35282659 4819.41070762 4835.33115779 4839.49521142
 4842.40390232 4859.39484913 4861.75704174 4876.38582928 4876.72596155
 4885.04376885 4890.40995205 4890.56011825 4898.55082657 4909.00206052
 4909.68439172 4913.26994717 4925.65274174 4928.82326515 4935.51074422
 4945.70367898 4965.42145059 4970.12016922 4976.81171494 4989.66217471
 4990.26133951 4995.0566245  4995.95962167 4998.12088157 4998.82477937
 4998.9962455  5007.67675166 5010.45757629 5012.3813036  5025.30352982
 5027.96205483 5033.95476941 5052.96150991 5053.29244221 5060.15285407
 5068.25946203 5068.85012685 5072.22878294 5072.50544874 5075.80857173
 5076.86780175 5078.85576219 5080.32922425 5084.4758446  5090.23359325
 5097.42587073 5110.96672835 5125.51104949 5130.57156698 5139.20537329
 5140.92960123 5145.049455   5152.65653119 5155.71662161 5163.97309577
 5176.24849068 5176.30839049 5177.95018535 5181.56330737 5197.14109195
 5197.81228984 5205.48586583 5209.63021952 5217.27839558 5231.18335206
 5233.50471146 5258.3899669  5260.3697607  5260.89895904 5260.90922568
 5261.74065641 5262.5195873  5267.6548379  5272.48962276 5278.15973835
 5305.6513523  5312.26783158 5330.98763966 5335.94389081 5336.2571565
 5336.29975636 5336.57292217 5346.31405835 5357.87052218 5363.56423769
 5376.15393161 5381.31688212 5381.38038192 5384.74133807 5385.05923707
 5387.0091643  5398.93052699 5406.16400434 5407.90896555 5422.6430861
 5425.40554412 5433.22978629 5443.02838895 5456.29068077 5456.60564646
 5470.60800263 5470.62866923 5471.00396805 5472.31349729 5474.2359246
 5475.86615283 5479.95154005 5484.83892475 5486.39335322 5487.03941786
 5509.73274683 5531.2115796  5534.13960376 5534.20660355 5534.47483605
 5536.11743091 5536.73622897 5538.26422419 5541.93934602 5555.01923841
 5577.89763346 5596.82387422 5603.66588614 5614.92221757 5619.151171
 5619.67203604 5624.4543544  5625.8290501  5625.88791658 5634.30732356
 5639.70287334 5646.42581896 5646.73488466 5659.90431011 5667.22712052
 5667.40741995 5676.40829178 5691.17647889 5692.94810667 5704.40317082
 5713.61837531 5717.87536198 5728.82806103 5736.50637033 5738.43823095
 5739.98939276 5747.12083711 5753.23128465 5754.42264758 5755.62371049
 5763.21742006 5768.71133619 5789.54677097 5790.95466657 5791.32153209
 5802.86839594 5804.23079168 5825.82129076 5830.90257486 5834.68979634
 5834.73969618 5839.38818163 5848.97391829 5858.09125642 5871.02158261
 5878.48469259 5884.73420636 5884.75877295 5886.13580197 5919.8436298
 5930.73262904 5934.09055187 5934.18505157 5952.26056166 5953.20069205
 5962.8745951  5979.66744254 5987.02435284 5990.77350778 5993.10330048
 5995.76469215 5997.73165266 6003.94323322 6010.88671149 6035.3001684
 6037.22232905 6049.19635824 6055.19740612 6056.50993535 6065.01244207
 6065.69043994 6065.73680646 6075.54900908 6076.68903885 6087.43490521
 6087.47603842 6113.18079129 6117.89610987 6120.67116785 6132.49983082
 6136.15321939 6172.93480425 6176.15432751 6193.66213938 6194.63436967
 6195.18470128 6197.38709438 6203.37230898 6219.76785766 6226.81043562
 6226.89240203 6227.2091677  6230.27812476 6235.63464133 6236.41040557
 6246.30930792 6250.41282841 6253.3229193  6270.8711977  6282.41086158
 6284.81358739 6287.90317772 6299.67487421 6317.4835518  6327.43298732
 6353.3815061  6357.27962723 6365.24906895 6418.799068   6424.03041829
 6426.73300983 6432.32529233 6443.4959907  6461.76946683 6464.48465833
 6464.81742396 6471.92026839 6479.98637648 6492.77480312 6496.79992385
 6499.30504934 6505.17273097 6505.84842886 6508.12615506 6509.08788539
 6512.44754154 6524.8762693  6529.59662119 6531.26048265 6554.1816109
 6558.81322974 6559.49872759 6565.78620791 6584.07571733 6585.04468097
 6594.04618612 6596.43297865 6615.46721907 6616.14845027 6618.89987499
 6619.6107061  6631.64763509 6646.43122215 6665.93932775 6678.96938697
 6694.57973811 6695.12056975 6702.81027901 6705.80100298 6714.23617658
 6715.82937159 6726.13537267 6731.54952239 6741.67429069 6759.74920078
 6779.57433873 6780.3716029  6788.63901036 6789.37127473 6801.31527068
 6831.68874227 6838.33328814 6850.84218232 6851.46021372 6875.57943822
 6904.83444665 6907.93257029 6909.91113076 6915.88767872 6925.18481628
 6929.23960359 6935.38755101 6943.31362621 6956.34741874 6964.30679383
 6966.8508192  6971.31360523 6980.7053425  6994.00780086 7000.63031346
 7002.21657516 7009.86295123 7030.81448565 7030.81938563 7038.84519385
 7044.11797734 7063.67031614 7072.51732178 7102.10142918 7108.88414128
 7109.63087228 7115.08982186 7140.05014373 7142.24583686 7142.27333677
 7173.73467162 7175.62649904 7184.37390499 7184.87693675 7196.60590003
 7198.2681615  7208.63519571 7233.04348598 7247.05137547 7251.28622888
 7261.12593141 7261.52553016 7275.98938489 7294.12432812 7300.62817443
 7304.95689422 7314.01173254 7332.25827543 7349.00088969 7361.64011679
 7364.29700847 7373.90977838 7380.38652478 7422.20629388 7424.92148538
 7430.24133539 7442.52003029 7458.12111479 7463.84119689 7464.42906171
 7464.50599481 7472.27357049 7474.06913154 7474.31263078 7491.36221074
 7508.32472432 7522.10994783 7527.38879798 7532.88011412 7533.11321339
 7537.30706693 7537.88606512 7560.66636048 7566.26164297 7569.85879837
 7574.39795083 7580.46546517 7611.297602   7613.3291623  7620.34347368]"
355,714748_2024-06-24_B-301,MOs,True,"[  38.78863824   58.12117773   58.12717771 ... 7613.58449484 7614.41159225
 7617.64138214]"
356,714748_2024-06-24_B-303,MOs,True,"[ 343.87131663  370.25130072  531.62582893  670.14109536  838.69810109
  941.65694548  949.14598871 1021.34842937 1050.96277001 1267.27785958
 1469.61855956 1499.69329876 1526.7384141  1533.4606264  1603.70457319
 1745.44752952 1751.41621083 1849.69086989 1850.09763528 1879.3878436
 1879.41517685 1879.64164281 1904.21423256 1912.82557227 1913.33180402
 1931.97527899 1931.99061228 1931.99947892 1946.25773429 1946.50413352
 1947.81292942 1958.69646202 1981.60342365 2117.23406578 2117.27259899
 2166.07807956 2178.28074136 2207.81764891 2276.6126669  2276.62153354
 2276.63090018 2284.82797452 2296.52027126 2296.53890453 2302.45911933
 2312.19988884 2312.47362132 2340.46656703 2340.50680024 2349.41710568
 2361.32270175 2437.17289766 2437.18463096 2473.50178395 2490.36589783
 2492.93298979 2496.83251092 2552.45293682 2558.39731821 2559.31684867
 2559.33148196 2593.33440886 2593.9704402  2607.13636565 2614.2580767
 2651.4868935  2652.37642405 2690.89153682 2690.9096701  2740.57338131
 2791.14672301 2791.37002231 2792.58648517 2800.85945928 2804.52908112
 2827.41244283 2841.39926572 2843.94149109 2862.12960083 2893.39110297
 2896.00039481 2896.65422609 2941.37351945 2953.94744676 3108.03269779
 3108.04169776 3115.14810885 3115.99123954 3139.15150038 3183.60779456
 3188.01138078 3234.04157003 3242.11091144 3255.1589706  3284.03088022
 3284.09148003 3284.10967998 3284.16201315 3309.28640117 3335.87515128
 3339.32487381 3350.61887179 3357.51498354 3378.53198442 3378.56018433
 3423.35714411 3438.3233306  3438.33989722 3475.97871274 3475.99174603
 3476.00411266 3492.03532914 3524.06382889 3524.07119553 3576.68273085
 3576.68953083 3576.70226412 3589.5649572  3604.01531196 3604.0350119
 3604.08261175 3604.1202783  3604.14077824 3614.08761377 3637.24140796
 3784.53498025 3800.48449699 3817.61437671 3846.64051918 3868.8933162
 3899.42888728 3935.44447455 3941.051257   3968.72140372 3968.82243674
 3981.94949565 4032.07333876 4047.7880229  4047.81325615 4060.96584832
 4100.82889021 4100.83912351 4100.8751234  4104.37854576 4109.95086166
 4121.74645807 4121.85659106 4122.10309028 4131.0428623  4131.07252888
 4143.77415578 4143.79462239 4143.9727885  4146.03174872 4146.09298186
 4152.67106127 4167.26291559 4167.27521556 4183.17573245 4183.20933235
 4184.35826208 4203.54470203 4206.02869425 4206.06006082 4297.7234739
 4314.89615348 4315.28545227 4322.66896249 4330.66723745 4330.68430407
 4345.77925682 4345.78705679 4345.79725676 4347.8173171  4352.61613542
 4352.83706806 4439.10029804 4439.10996468 4495.94385345 4495.95698674
 4502.11573413 4509.22761187 4511.87593691 4551.20748047 4554.72216947
 4580.51032208 4585.75307233 4629.53360196 4634.93945171 4635.59611632
 4646.6149485  4652.09169802 4652.10023133 4652.13193123 4652.1414312
 4652.19656436 4652.21639763 4667.56038293 4677.62855142 4710.7965476
 4716.21943062 4723.09440911 4739.53149099 4746.31903641 4753.72454656
 4753.73294654 4753.7560798  4765.19701065 4771.45189107 4771.50929089
 4771.53675747 4774.15508261 4775.79471081 4781.83695857 4803.97618927
 4821.51030105 4827.56934875 4831.58270286 4838.8431468  4850.97354216
 4853.80113331 4873.42220523 4873.44373849 4873.45810511 4873.5038383
 4884.41990414 4939.83713067 4939.94153035 4939.96959693 4965.61744998
 4968.28024164 4968.28854162 4970.98163319 4999.60934358 5077.53479966
 5083.83041329 5083.84421325 5090.04562717 5144.95848862 5144.97085525
 5148.6585437  5165.10842555 5171.21710642 5219.73885455 5221.47488244
 5229.47155741 5229.55255716 5236.17076978 5236.19133638 5236.21770296
 5250.33545877 5250.35685871 5298.77057383 5299.28573889 5329.70201035
 5329.72044362 5329.74954353 5330.1108424  5330.11964237 5330.12647568
 5330.1545756  5335.52069213 5336.06909042 5343.68389992 5343.7091665
 5349.20148264 5359.12345159 5359.13245156 5359.14871817 5366.95536041
 5366.98362698 5386.16653361 5430.38156187 5473.63209316 5476.26431825
 5477.8885465  5480.073473   5534.86110151 5545.54356807 5547.55752843
 5570.03449141 5587.12890457 5589.07176515 5601.57209269 5601.87322508
 5615.99408088 5636.98118186 5639.87230614 5645.55665502 5661.93687041
 5669.15474782 5689.67071693 5689.74698336 5700.24265051 5702.39744376
 5702.41101039 5702.42234368 5707.81269348 5707.82416011 5713.82507466
 5713.8350413  5713.85437457 5718.71385936 5720.89738586 5720.92658576
 5726.79930072 5726.80760069 5726.86623384 5735.5800399  5735.59810651
 5747.15193701 5759.74949758 5759.75933088 5818.09361495 5818.12748151
 5818.13564815 5818.19174798 5818.34244751 5818.94927894 5819.07747854
 5819.75860974 5832.07780451 5857.10169285 5866.97439528 5868.60112352
 5877.15543008 5877.17923001 5877.20646326 5877.4704291  5881.26705055
 5881.79018224 5881.80961551 5885.02410545 5890.03445644 5894.62060875
 5911.21672347 5911.25025669 5923.13485283 5923.21008592 5923.22928586
 5923.2397525  5942.88922433 5975.32455613 5976.26878651 5976.39378612
 5986.35118829 5986.90348656 5989.73467769 5991.06387353 5991.0738735
 5995.6223926  5999.48794717 6047.11126477 6057.81539793 6095.35674708
 6095.39108031 6108.43500615 6108.45917274 6108.47693935 6108.50283927
 6134.15302565 6134.19535885 6145.18092446 6150.39927479 6160.86064205
 6160.86504203 6183.40107149 6183.4110048  6183.45990464 6183.51710446
 6187.09219327 6203.74060783 6215.03127249 6218.06612965 6228.85692921
 6233.85411357 6233.86758019 6233.87664683 6234.11321276 6234.12461272
 6234.16101261 6236.63127154 6236.64303817 6236.66050479 6248.9996995
 6251.20779258 6258.32860363 6282.4055616  6282.4155949  6282.69149404
 6282.70242733 6282.72126061 6288.33577637 6288.35134299 6294.12955823
 6294.3414909  6296.28091817 6296.29545145 6296.30451809 6298.59844425
 6310.83423928 6311.95520244 6322.44066962 6322.72430206 6325.18456103
 6325.194561   6325.21606093 6326.01889175 6332.33270532 6332.38017184
 6332.3916718  6334.1157664  6334.12586637 6334.2012328  6341.27561066
 6341.28664396 6341.30174391 6341.31431054 6341.34271045 6341.35114376
 6341.36631038 6346.31832821 6346.34646145 6349.58825131 6352.48714223
 6354.51350256 6362.07347889 6362.07844554 6385.52383882 6385.56650536
 6398.71989752 6398.88663033 6399.06642977 6403.41861614 6403.43611609
 6403.45224937 6406.93867179 6406.95257175 6410.67322677 6422.93398839
 6422.99632153 6423.00655483 6427.68847351 6429.66390066 6429.70440053
 6429.71143384 6429.7373671  6431.99359337 6445.05881914 6445.58645082
 6455.95558503 6463.06206279 6470.97677135 6471.02220454 6474.61579329
 6477.89901634 6488.66111599 6488.66778264 6488.87874864 6488.90071524
 6501.34777628 6501.5875422  6503.02600436 6503.03740433 6507.6774898
 6516.69052826 6517.48419244 6517.49445907 6517.93925768 6517.9766909
 6518.00132415 6518.02415741 6518.04195736 6518.05422399 6524.81996948
 6535.08500401 6535.10823727 6542.02918228 6542.04231557 6542.05474886
 6542.14138192 6542.41068108 6542.48791417 6543.16417872 6546.63073454
 6563.92731373 6564.21984615 6564.36574569 6565.14674325 6567.00800409
 6570.02522798 6570.23522732 6571.33365722 6572.55732005 6572.56462003
 6572.60895322 6572.65105309 6576.16524209 6577.77487039 6577.86037012
 6580.78232764 6582.11852346 6591.81139312 6604.06425477 6607.36534443
 6655.0298619  6655.26932782 6659.86641343 6659.89688    6665.63376204
 6668.50801971 6684.61193597 6684.63536923 6687.90795899 6694.39463869
 6694.60937135 6694.62007131 6694.6358046  6708.28289521 6715.53653918
 6716.92793482 6716.95263474 6717.23750052 6776.68371444 6778.45337557
 6843.76290448 6846.06273061 6877.44559905 6887.96583278 6887.97959941
 6888.00496599 6888.01376597 6898.04206791 6900.69939293 6907.45290512
 6909.52713196 6988.34295192 6991.59947506 7034.39127445 7055.31660895
 7066.97897245 7090.55879864 7105.50265187 7105.74721777 7121.42323537
 7128.14651432 7143.52616618 7146.02532503 7146.08442484 7159.59324922
 7160.43571325 7186.90156374 7198.53362733 7239.91219781 7267.57824455
 7268.60770799 7274.65972238 7279.77200638 7288.98127755 7329.89914948
 7340.10671753 7351.51124849 7362.84881301 7362.85594632 7362.86797961
 7368.28462933 7368.29849595 7383.77578084 7414.0006529  7416.25027919
 7422.66442578 7424.30635397 7424.32275392 7425.31641748 7425.63908313
 7426.212748   7431.98892992 7433.60639153 7440.40117026 7440.68210271
 7491.33834415 7540.12225812 7540.15942467 7547.42403526 7550.71592496
 7551.28162319 7556.38324055 7560.16929537 7560.49629435 7560.57496077
 7560.60142735 7572.24949089 7602.83412849]"
357,714748_2024-06-24_B-305,MOs,True,"[  20.28169617   20.42996237   20.64892835 ... 7618.34157995 7619.44864315
 7620.58607292]"
358,714748_2024-06-24_B-306,MOs,True,"[  36.77997786   48.09370912   55.25912002 ... 7619.88567512 7620.17304088
 7620.42160677]"
359,714748_2024-06-24_B-307,MOs,True,"[  34.28895233   38.05820719   38.17547349 ... 7618.22314699 7619.27954368
 7620.77197234]"
360,714748_2024-06-24_B-312,MOs,True,"[  24.87054847   28.80016951   31.58109414 ... 7614.00926018 7616.27745308
 7619.09514426]"
361,714748_2024-06-24_B-313,MOs,True,"[  20.56936194   21.66475851   21.82519134 ... 7620.27320724 7620.36214029
 7620.64787273]"
362,714748_2024-06-24_B-314,MOs,True,"[  20.93906078   23.5512526    25.79507891 ... 7619.80134205 7620.348007
 7620.41434013]"
363,714748_2024-06-24_B-318,MOs,True,"[  20.23916297   29.10866854   30.31716476 ... 7610.69870387 7612.00919977
 7618.75657865]"
364,714748_2024-06-24_B-319,MOs,True,"[  22.04502398   26.26367745   32.07889258 ... 7618.96231134 7619.12021084
 7619.15007742]"
365,714748_2024-06-24_B-320,MOs,True,"[  20.18286315   20.35116262   20.45442896 ... 7616.14328683 7618.21231369
 7619.34291015]"
366,714748_2024-06-24_B-321,MOs,True,"[  21.14379347   21.27025974   21.50542567 ... 7620.42964008 7620.58607292
 7620.79783893]"
367,714748_2024-06-24_B-322,MOs,True,"[  50.40003523   53.20805977   85.9675239  ... 7617.32931645 7619.78870875
 7620.50470651]"
368,714748_2024-06-24_B-323,MOs,True,"[  55.37565299  700.96626554  944.93153523 ... 7522.25478071 7522.35221374
 7543.62104717]"
369,714748_2024-06-24_B-324,MOs,True,"[  22.13015705   22.25852332   22.7218552  ... 7613.07762976 7620.56387299
 7620.73063914]"
370,714748_2024-06-24_B-325,MOs,True,"[  22.68452198   27.69627296   27.93213889 ... 7618.82481177 7618.97811129
 7620.61287284]"
371,714748_2024-06-24_B-326,MOs,True,"[  20.73629475   28.40237075   37.58444201 ... 7614.01006017 7614.56819176
 7618.70557881]"
372,714748_2024-06-24_B-327,MOs,True,"[  20.40112913   20.85726104   21.79939142 ... 7606.84298261 7610.36393825
 7619.23357716]"
373,714748_2024-06-24_B-330,MOs,True,"[  20.40122913   20.49502884   21.88849114 ... 7613.3729955  7618.21424701
 7618.22301365]"
374,714748_2024-06-24_B-333,MOs,True,"[  20.3994958    20.46036228   20.62029511 ... 7617.8031483  7620.10197444
 7620.31467377]"
375,714748_2024-06-24_B-334,MOs,True,"[  20.32922936   27.52980682   27.57057336 ... 7617.38984959 7618.01398097
 7620.03447465]"
376,714748_2024-06-24_B-335,MOs,True,"[  24.05235103   26.6834428    28.70443647 ... 7604.87242211 7606.41575061
 7617.22821677]"
377,714748_2024-06-24_B-339,MOs,True,"[  27.36947398   35.52424846   52.16699637 ... 7618.61957908 7619.6135093
 7619.70444235]"
378,714748_2024-06-24_B-344,MOs,True,"[ 582.64773589  582.65183588  582.65880253 ... 7610.36477158 7615.84082111
 7618.34331328]"
379,714748_2024-06-24_B-345,MOs,True,"[  21.07146037   28.15710485   37.267343   ... 7613.4803285  7616.69801843
 7618.1448139 ]"
380,714748_2024-06-24_B-349,AON,True,"[  37.29384292   37.3437761    38.94330442 ... 7618.79661186 7619.4848097
 7620.07494119]"
381,714748_2024-06-24_B-350,AON,True,"[  20.95256074   23.34001993   23.34685324 ... 7620.06667455 7620.18387418
 7620.21914074]"
382,714748_2024-06-24_B-352,AON,True,"[  20.58002857   20.68089492   20.70129486 ... 7620.21580742 7620.42020678
 7620.45707333]"
383,714748_2024-06-24_B-353,AON,True,"[  31.17369541   33.05048954   33.06175617 ... 7620.28180721 7620.29954049
 7620.60667286]"
384,714748_2024-06-24_B-354,AON,True,"[  48.82810682   66.32471872  139.7786888  ... 7587.91330853 7589.98403538
 7603.14622751]"
385,714748_2024-06-24_B-358,ORBl,True,"[  22.37358962   22.4341561    22.57078901 ... 7615.67895495 7615.83462113
 7617.63174884]"
386,714748_2024-06-24_B-359,ORBl,True,"[  21.56719215   25.18501416   30.30423147 ... 7620.4654733  7620.65210605
 7620.77487233]"
387,714748_2024-06-24_B-361,ORBl,True,"[  20.76189467   25.86254537   25.99651162 ... 7619.6782091  7620.0194747
 7620.13847432]"
388,714748_2024-06-24_B-367,MOs,True,"[  46.79091319   49.26550545   86.43445577 ... 7612.23966572 7613.7255944
 7614.28469265]"
389,714748_2024-06-24_B-371,MOs,True,"[  22.05845728   26.43051026   34.91875035 ... 7616.04188715 7616.81041807
 7618.96314467]"
390,714748_2024-06-24_B-374,MOs,True,"[  58.03114468  472.77067982  592.15897279  619.46755398  628.80422475
  699.10287137  767.15179171  790.15041972  904.73102773 1056.7582852
 1196.26264853 1260.95471271 1318.51676586 1325.95820924 1397.19568626
 1511.45142862 1523.16979194 1648.02333447 1668.25950446 1743.50883558
 1817.39677097 1819.44003124 1833.17638825 1835.21054855 1841.17539654
 1846.40648017 1853.57922438 1874.17385992 1875.25405654 1878.66424586
 1895.39602683 1900.90447625 1916.10069535 1921.54364498 1924.62736866
 1930.13138477 1939.43045566 1944.83627207 1952.94624669 1966.6050706
 1972.50125214 1978.01416822 1978.43520024 1986.04110976 2004.89511741
 2015.59208393 2020.38690225 2025.93211823 2068.2923523  2074.02016771
 2078.40962064 2083.57280448 2092.67487598 2097.39166122 2108.79459219
 2110.63231978 2110.85958573 2114.37960805 2114.71650699 2117.99403007
 2119.70609137 2147.71217038 2158.09387121 2164.28171851 2168.11263985
 2187.00018073 2188.65547555 2198.19877901 2220.63307546 2233.95630042
 2235.56786204 2250.11221652 2256.18713084 2256.83326215 2262.04167918
 2274.66290634 2275.01950522 2281.29595224 2284.89460765 2289.85315879
 2292.41561744 2293.74591327 2296.92133667 2311.12642554 2316.16144311
 2329.58553442 2329.88406682 2331.54286163 2346.35838192 2362.36916514
 2365.00302356 2366.73405148 2367.69064848 2368.44537945 2380.37060879
 2384.23393003 2385.2871934  2385.6086924  2392.99336928 2410.6234141
 2410.89617991 2412.13407604 2415.19446646 2422.1332114  2426.10213231
 2427.67209407 2434.92200471 2438.55282668 2439.23332455 2444.65367425
 2453.97224508 2455.01490848 2455.06664165 2455.0835416  2463.76044777
 2463.87644741 2476.33954173 2482.61512209 2484.85731507 2492.67205728
 2494.25205233 2494.70931757 2495.68528118 2497.99590728 2503.05185812
 2511.96339689 2512.56226168 2514.69085502 2526.41305166 2528.25967922
 2531.61426872 2547.03942043 2555.46726072 2562.37350577 2567.32969025
 2572.38597443 2574.51833442 2584.64770271 2584.68276927 2601.61184961
 2607.02233268 2615.65383899 2615.80397186 2624.29271195 2628.69839816
 2628.91566415 2630.42929275 2637.27257132 2641.55692458 2641.77259057
 2644.08538333 2662.07172703 2665.70351567 2668.88247238 2678.60200863
 2684.03695828 2692.07229979 2695.72525503 2699.68270931 2717.95525211
 2719.37051435 2721.26847507 2757.1895293  2758.93312385 2781.43788674
 2793.77474812 2800.89245917 2802.39932112 2804.51464784 2813.94935164
 2821.04382943 2822.23982569 2823.62878801 2824.25498605 2825.03325028
 2825.36538257 2827.92930788 2839.32153889 2839.66477114 2843.31802638
 2847.80814566 2862.04863441 2869.6579106  2875.88959109 2878.04778433
 2881.10404143 2883.32530115 2889.43778202 2894.67933228 2899.10368509
 2905.10563297 2910.27135014 2911.69111236 2912.60324284 2914.88853569
 2919.73998717 2925.77370161 2938.45459525 2942.67124872 2945.43904006
 2948.20346474 2957.08440361 2959.832895   2967.78540344 2968.92616654
 2969.95559665 2973.99241735 2974.27281647 2974.90038117 2980.09873157
 2984.05018587 2986.63117779 2993.91425499 3000.02310254 3002.11516265
 3006.08568356 3013.24666114 3014.78258967 3022.09306679 3029.49467695
 3031.76533651 3037.96885043 3039.491179   3041.45900617 3041.59387241
 3043.58893284 3046.2644578  3054.15626643 3056.26925981 3056.46889252
 3060.07178124 3060.1829809  3062.05200838 3063.06973853 3070.82534758
 3071.00724701 3074.08370405 3078.53812344 3080.29081795 3082.45294452
 3082.90347644 3085.38260202 3087.8901275  3088.07522692 3089.62972206
 3098.2957616  3110.38012377 3114.65317706 3114.87200971 3115.11557562
 3119.69189462 3120.14612654 3122.69118524 3123.18621702 3124.7779787
 3133.33821858 3147.25570835 3154.70821835 3157.25171039 3166.31491536
 3173.9579581  3196.32965474 3197.35798485 3198.90561334 3214.2221654
 3226.53599352 3236.25302977 3238.62705568 3239.72291891 3240.05301788
 3249.1512894  3253.90147453 3268.83166113 3269.12659354 3270.58368898
 3274.23597755 3275.12870809 3277.3497678  3277.86039954 3289.35956354
 3290.27236069 3294.3349813  3296.50277452 3303.51475257 3307.11684129
 3308.97073549 3310.04256547 3315.25094917 3322.65949264 3340.13357128
 3342.93686251 3345.31435506 3354.94482492 3359.4458775  3361.18620538
 3366.02352358 3368.20055009 3385.71009529 3404.18437079 3406.3018975
 3407.65845992 3423.41117728 3423.74060958 3431.14691973 3431.9036507
 3442.85888307 3451.47682276 3461.16152578 3462.10052284 3488.00750842
 3493.97092308 3505.15675474 3506.00225209 3508.64114383 3526.33998843
 3526.56028774 3528.30148229 3534.33866339 3541.5250409  3542.27380522
 3546.37145906 3547.7027549  3550.20581373 3556.03379549 3564.48213571
 3581.49968244 3584.76863888 3588.40589416 3592.14321579 3603.61031323
 3605.43210753 3606.80420323 3607.42816795 3607.88683318 3610.98485682
 3611.20552279 3611.80175426 3625.34174521 3625.44551155 3657.51794449
 3665.41191979 3666.43188326 3668.63314304 3669.97770549 3672.42066451
 3677.64251484 3678.13124664 3678.9954106  3691.56753791 3692.85480055
 3697.25062013 3700.5597431  3709.13818292 3710.16227971 3717.46619018
 3717.97778858 3739.69372061 3752.60841352 3754.56687405 3766.78810246
 3768.17203147 3768.28726444 3769.37042772 3769.77545978 3773.62514773
 3795.00501414 3795.85037816 3796.63484237 3805.48464801 3815.29178398
 3821.8019636  3830.23757053 3834.96155574 3837.18334879 3837.75941365
 3838.5730111  3840.21683929 3843.05453041 3846.90081837 3855.537658
 3875.85546107 3882.4172072  3887.27505866 3889.46861846 3890.85201413
 3897.8483589  3899.52925364 3911.53108273 3915.23273781 3930.40675698
 3937.68726753 3944.87334504 3956.5684751  3959.29103324 3983.4248577
 3986.74368064 4008.54987905 4014.28262778 4018.67568069 4019.21224568
 4026.38712322 4030.94230896 4031.1213084  4041.71374191 4042.47567286
 4065.09606872 4076.46216648 4076.82456534 4079.43942383 4081.14795181
 4082.1646153  4089.22045988 4092.63858251 4112.8334193  4122.48475576
 4124.25708354 4126.42514342 4146.36614767 4155.69528514 4157.92674482
 4160.27360414 4171.86873451 4172.26429994 4187.99741736 4188.19328341
 4192.38203697 4193.68693288 4194.83522929 4203.4677356  4204.75359824
 4204.98733085 4211.18251145 4221.30087978 4229.5166874  4252.21608301
 4254.47937593 4261.93348593 4271.54055586 4278.13170189 4279.99902938
 4284.66271479 4285.00141373 4287.1178071  4287.92677124 4290.41589678
 4291.72275935 4297.01677612 4299.06026972 4310.29576788 4318.21467643
 4318.53380876 4333.9311939  4334.10996001 4335.80415471 4341.05067162
 4347.21738565 4365.98319358 4367.42785572 4370.28371345 4377.85118976
 4390.8204825  4402.33417979 4402.34977974 4408.10522839 4413.59631121
 4413.60284452 4413.85434373 4417.84893123 4418.79692826 4422.29685064
 4423.86021241 4427.31923492 4431.25445593 4432.04412013 4437.5268363
 4437.91930174 4438.48883329 4455.6627462  4455.81351239 4468.13377383
 4471.09893122 4474.29928787 4501.3372699  4507.7251499  4521.51734007
 4522.07007167 4527.33528852 4529.68744783 4538.99728535 4543.68997066
 4553.21924084 4555.30953429 4559.92905317 4563.1038099  4571.05681834
 4573.29604466 4577.52076477 4583.33844656 4586.21307089 4590.66642362
 4594.94644356 4597.91603426 4598.23483326 4603.66428294 4618.09600443
 4622.70732333 4632.14436046 4648.46084272 4653.87202578 4659.45204165
 4663.96769418 4673.76416352 4675.42495832 4678.80191441 4691.20514226
 4694.10116652 4695.46836224 4696.43942587 4707.0252594  4709.95278357
 4711.07528006 4712.05554366 4713.41283941 4714.71266867 4727.74422788
 4733.46067666 4733.50870984 4740.98311978 4743.65321142 4750.5484565
 4754.90047621 4762.88398456 4769.55549701 4770.24526152 4773.393585
 4776.22077615 4785.426414   4787.76624001 4789.05330265 4789.35393504
 4793.6469216  4795.99658091 4799.12970444 4800.335634   4805.87115
 4805.9888163  4806.04794945 4806.27491541 4816.29321738 4821.87536658
 4822.89883004 4823.5058948  4826.50648541 4828.58824556 4836.12728863
 4839.67387753 4840.03847639 4851.62814011 4857.73962098 4868.66295346
 4877.72755842 4879.82965184 4881.05651466 4893.07464371 4893.13914351
 4897.8186622  4900.08885509 4908.41159571 4908.43332897 4913.29341376
 4915.93577215 4920.94702313 4925.20017649 4926.06440712 4940.58016168
 4944.71008209 4951.20802841 4957.3135093  4959.27516983 4959.30086975
 4962.66999254 4980.34570388 4983.79559308 5008.20715    5009.16341367
 5009.32631316 5021.15897613 5025.13986366 5025.77566167 5026.34769322
 5036.71506077 5041.32021302 5045.09736786 5046.13453128 5058.51402587
 5058.83719152 5072.77701455 5077.83406539 5095.55450992 5099.97992941
 5103.72788434 5108.87216824 5129.97086886 5134.96261991 5136.76581426
 5138.20537642 5139.75403824 5153.49692856 5166.57565429 5170.53914188
 5173.64483216 5180.34914451 5182.72063708 5184.97956335 5187.70295482
 5196.75302649 5198.23632185 5207.63292577 5224.17120734 5225.26653724
 5247.01506917 5251.18468945 5255.88177475 5259.08289806 5268.56406838
 5271.17326022 5274.53064971 5275.57481311 5284.54788502 5291.82139558
 5295.59155045 5299.42323846 5303.94505764 5314.91178998 5316.09401961
 5319.93540758 5327.99584902 5332.28430226 5339.71127902 5341.954072
 5352.26660638 5361.30557809 5366.41076211 5373.83013889 5374.44323697
 5381.91901357 5397.32126536 5405.00607464 5434.16051671 5443.34788795
 5444.84358327 5451.58412884 5453.84835509 5471.4257334  5478.99307638
 5491.65100343 5504.90239528 5508.03678547 5524.9280326  5529.36748537
 5532.33014276 5532.51310886 5533.78900486 5535.13310065 5539.74611955
 5561.72925074 5563.93024385 5579.64856132 5590.75475989 5592.42465466
 5594.94318011 5603.06615468 5603.31778723 5609.89056665 5614.14172001
 5628.22197594 5630.49900215 5633.43852628 5634.46252307 5634.97932146
 5637.68257966 5639.64810684 5656.24102157 5678.60201825 5695.90823074
 5696.95239414 5699.00518771 5712.20674639 5715.05077082 5724.12947574
 5748.74813201 5749.98489481 5760.2326294  5760.45066205 5762.58435537
 5767.23170749 5767.59340636 5771.435161   5775.82531392 5796.04325064
 5813.07916398 5814.00146109 5816.18372093 5829.79681165 5832.669436
 5837.45185436 5844.08476693 5857.24592573 5868.554457   5892.27441609
 5903.61251393 5917.41657073 5918.63800024 5928.37646975 5930.53666299
 5931.6512595  5934.31281784 5937.40737482 5948.81093912 5951.42046429
 5975.21628981 5976.89528455 5991.82577115 5994.88429491 5995.98485813
 5999.11648166 6003.01733612 6021.74864415 6025.81293143 6035.38303481
 6073.35674928 6087.40927196 6087.53643823 6092.04182413 6099.21126835
 6099.50656743 6101.17902886 6126.95574818 6127.67217927 6128.30631061
 6129.01197507 6130.76516958 6131.2926346  6134.39369156 6172.22707314
 6173.87213465 6180.5450471  6181.97977594 6188.7225215  6204.33187264
 6228.9997621  6256.56560915 6262.60132359 6273.80295519 6279.11343857
 6279.88353616 6312.92999939 6324.31423042 6326.14422469 6338.48445273
 6342.97387201 6346.01722915 6367.4065622  6367.81859424 6376.28233442
 6396.99203626 6399.67926118 6400.75779114 6412.11505559 6419.20763339
 6423.49895329 6427.02430892 6427.84117303 6441.54203015 6444.01532241
 6446.89468006 6456.60771632 6462.78016367 6464.84032389 6464.89515705
 6466.18418635 6482.52866852 6485.76545839 6506.52402675 6507.30982429
 6513.99367003 6514.39163545 6522.45191022 6532.32454599 6532.56067858
 6536.15686732 6537.70009583 6552.11088405 6553.9279117  6557.03963529
 6570.17552751 6574.58804703 6576.05124245 6595.72808086 6608.39847453
 6618.32027681 6618.73630884 6619.07847444 6619.73437238 6622.84006266
 6627.18364907 6649.01441407 6649.14508032 6656.34732445 6659.23551541
 6666.06519403 6668.67521919 6677.63692447 6677.73712416 6688.24829126
 6694.15880609 6694.65863786 6695.66700137 6696.61853173 6701.11285099
 6708.20592879 6708.36642829 6712.3781824  6716.95140141 6717.26793376
 6722.36038448 6732.09732067 6768.50057339 6770.73679973 6774.63725418
 6809.14387951 6817.60345303 6819.32478097 6832.31390698 6838.71518694
 6839.43761802 6839.97374967 6840.11768255 6843.99827041 6851.52171353
 6853.71920665 6858.73355762 6859.50582187 6861.64284851 6866.92523198
 6887.29860154 6905.88824335 6909.56133185 6921.73259376 6923.36335532
 6934.81688613 6948.56894309 6975.88355759 6981.86610553 6982.33477073
 6985.20366175 6986.02739251 6986.18705867 6988.60751776 6988.80561714
 6991.22414291 6999.40801729 7003.64720402 7007.17185965 7011.32957997
 7012.21714386 7014.04287148 7024.13637322 7026.39443282 7067.02437231
 7083.57825383 7090.51713211 7100.47790093 7107.77181143 7108.21174339
 7110.24457036 7110.80633526 7111.63813266 7112.43293017 7116.07958543
 7122.49663201 7125.03932405 7126.00462103 7126.27225352 7143.75336547
 7157.59562214 7170.71698107 7198.89219288 7205.27293957 7212.83298258
 7231.39212448 7235.4112119  7238.93490087 7253.63848818 7254.55111866
 7254.81855116 7260.87909885 7279.86613942 7285.70925446 7286.16061972
 7287.95258077 7294.95722552 7300.69997421 7305.85159142 7307.62061921
 7313.17123517 7313.51456743 7314.68576376 7316.53652464 7318.37968553
 7319.11204991 7331.97284299 7345.50720062 7369.30012615 7371.12202044
 7375.5645732  7379.30089484 7381.52575455 7395.03257893 7396.16100874
 7400.90679388 7404.63124889 7414.06308603 7414.18428565 7463.58106437
 7486.61405894 7541.27392118 7554.3874468  7585.37878313 7585.43474962
 7586.45411309 7592.05139557 7601.77079848 7604.30762388 7611.53970124
 7613.95562701 7618.15588053]"
391,714748_2024-06-24_B-379,MOs,True,"[  22.51292252   28.80406949   32.16352565 ... 7614.90622404 7616.11362026
 7617.05368398]"
392,714748_2024-06-24_B-383,MOs,True,"[  24.79458204   25.8952786    26.61730967 ... 7619.93124164 7620.49823986
 7620.53967307]"
393,714748_2024-06-24_B-384,MOs,True,"[  23.84995167   30.10746541   37.46280906 ... 7619.60954265 7619.73834224
 7620.48227325]"
394,714748_2024-06-24_B-387,MOs,True,"[  25.04734792   37.7045083    43.51112346 ... 7619.98077482 7620.20497412
 7620.49513987]"
395,714748_2024-06-24_B-388,MOs,True,"[  21.2398265    22.9461545    25.1078144  ... 7619.27707702 7619.40924327
 7619.85287522]"
396,714748_2024-06-24_B-389,MOs,True,"[  28.63913668   46.28218145  116.6360279  ... 7620.28487387 7620.61450617
 7620.75630572]"
397,714748_2024-06-24_B-394,MOs,True,"[  27.90703897   44.55732018   53.15479327 ... 7611.36810178 7615.00062374
 7616.94291766]"
398,714748_2024-06-24_B-395,MOs,True,"[ 247.19965256  553.74155971  553.91155917  701.67979664  762.77160542
  930.89267918  938.03309016  959.94415491  964.78837308  991.87882162
  996.41454075 1010.15923106 1021.61852853 1023.93738793 1048.17351207
 1049.37034166 1070.73837477 1081.55317426 1086.00039367 1090.7606121
 1102.20334295 1104.48230249 1117.93356038 1132.97314664 1138.81829501
 1145.72264006 1150.47735852 1161.51579063 1176.90037581 1180.20146547
 1181.41979499 1202.44822917 1216.49875186 1259.88161607 1375.82648648
 1390.35257434 1479.36606239 1539.871073   1672.20285878 1757.68952453
 1869.6214075  1873.83106099 1876.86148484 1877.06335088 1877.3221834
 1908.80725151 1922.43400886 1943.3152435  2018.82067382 2099.6144876
 2143.8379825  2144.36288086 2146.69424023 2291.7249196  2293.13038187
 2462.40315202 2509.26030535 2536.26485416 2536.38218712 2584.60010286
 2605.06477214 2605.17790512 2611.06785335 2618.37233048 2630.95842442
 2633.86878198 2648.90533491 2693.03549678 2693.04719674 2694.33772604
 2694.5198588  2695.10282364 2695.16495678 2700.83227237 2703.6679635
 2744.14257014 2744.33246955 2756.80453051 2773.51367821 2782.66274957
 2795.00444427 2804.96501309 2805.02854623 2805.27034547 2849.03364182
 2849.36820744 2854.0329595  2860.18057359 2864.45756021 2870.82850693
 2877.63871895 2897.81558913 2903.76313718 2929.92675528 2953.43678169
 2964.40901401 2967.42330458 2969.29533205 2970.02349644 2976.02754431
 3011.61596625 3017.92191318 3054.89653078 3060.19344753 3060.37491363
 3090.16918703 3155.24391668 3159.2631041  3183.96046012 3194.72745975
 3235.91766416 3242.85247578 3268.56816196 3300.48876204 3342.67359666
 3344.55719077 3352.94559784 3369.9674779  3371.51173973 3380.52114486
 3380.57751135 3382.10250658 3386.22112702 3419.29755682 3420.19778734
 3434.1707436  3436.19173727 3442.03268566 3451.60132237 3463.3814855
 3463.45745193 3467.10684051 3468.03457093 3470.25199733 3470.64446277
 3474.5952504  3478.3234054  3496.48174856 3548.73915165 3550.00984767
 3571.5338803  3571.56434687 3601.4256534  3601.55241967 3602.59954973
 3617.50156975 3633.34515349 3639.51543418 3645.39254912 3645.85134768
 3646.20111325 3646.66847845 3646.90211106 3647.33040972 3647.44287603
 3665.92771817 3672.0839989  3672.46489771 3685.48425696 3685.54345677
 3705.57759406 3710.52451191 3712.44140591 3716.46922664 3717.31259066
 3727.79655785 3731.0155811  3737.80645985 3762.36631631 3768.07643177
 3776.28810606 3776.55140524 3780.09962746 3789.44956487 3796.4550096
 3812.29676002 3828.2115102  3831.3125005  3848.02158153 3848.24871415
 3855.90785684 3877.78892169 3881.14471118 3885.36439797 3894.76520188
 3977.17877725 3977.24641037 3985.64345075 3990.54866873 3992.5090626
 3992.594129   3997.5651801  3999.09614198 4011.7821356  4011.96976835
 4014.62569337 4037.55132161 4050.37648146 4063.54640691 4071.82874765
 4094.00754489 4123.91415128 4124.06555081 4124.18055045 4134.24635227
 4147.59604382 4148.46167445 4152.24412927 4152.50899511 4155.03102055
 4158.23611052 4158.44084321 4164.72642353 4168.41881198 4173.20769699
 4188.94158107 4202.40343893 4202.51487192 4204.06140041 4210.22901444
 4211.46834389 4236.70286491 4239.08475745 4240.97548487 4241.08425119
 4241.13955102 4241.26731729 4244.62057346 4246.87253307 4249.62379113
 4250.57508815 4250.59645475 4250.79868745 4250.81325407 4251.2523527
 4251.54681844 4272.03318765 4272.44118637 4273.03445118 4277.50913718
 4277.8107029  4277.91876923 4282.35828867 4286.95197429 4310.62556685
 4310.83033288 4314.24312219 4314.37245512 4318.69217494 4321.44363299
 4324.9347554  4325.52502021 4339.99480826 4348.92121365 4369.89704799
 4370.14481388 4370.20638036 4371.70307567 4371.73014225 4394.09087226
 4410.34665471 4412.26661537 4416.16450317 4425.82260627 4426.8352031
 4457.88173925 4503.41686339 4524.57723049 4528.39215188 4528.64088444
 4530.11391316 4533.38493625 4534.52263269 4551.27064694 4560.05485277
 4562.08314642 4566.92753126 4580.22378964 4583.0152809  4604.13928145
 4607.47603767 4611.89762383 4620.05296497 4628.25060598 4628.9258372
 4645.9311173  4646.24021634 4654.7692563  4654.89792257 4655.55768717
 4657.87971324 4657.94234637 4657.99394621 4659.30934209 4667.30431707
 4667.32831699 4692.92540354 4699.88948174 4705.10313209 4705.19743179
 4739.58632415 4746.43650271 4759.04949656 4776.14477638 4784.00121846
 4784.1582513  4787.9507061  4791.93809362 4796.90357807 4813.00262768
 4819.87200618 4831.74406902 4831.78420223 4851.09950843 4868.31188789
 4878.39668966 4878.85732155 4886.87736311 4916.05553845 4919.15276208
 4925.72027486 4927.56983574 4936.55697427 4952.31755827 4954.81701712
 4965.41295062 4968.62630723 4971.07819955 4971.44533174 4971.85426379
 4977.31058004 4985.8847532  4986.04721936 4990.4137057  4990.54157196
 5002.01803604 5002.04663595 5005.50382513 5005.91505717 5005.98942361
 5006.01102354 5025.91256125 5030.39444722 5031.15487817 5032.48614067
 5036.38552846 5042.18127699 5043.4869729  5045.62719954 5047.41139395
 5068.83572689 5072.02668357 5072.54688194 5093.66998249 5108.96223462
 5112.60968987 5116.4882444  5128.89430557 5140.53946912 5148.40591116
 5162.29223436 5178.01058516 5179.71534649 5182.43963796 5183.73920056
 5184.74459742 5186.05412665 5193.63786958 5193.89986876 5194.32890075
 5196.51636057 5205.50763242 5211.87277917 5212.23117805 5212.39891085
 5213.25140819 5213.41520767 5213.71964005 5214.05127235 5214.28713828
 5216.55176452 5218.10005967 5218.74672432 5218.8593573  5218.95542366
 5220.23995298 5220.26288624 5221.67868181 5222.26197998 5223.30147673
 5229.57402376 5229.76665649 5230.1901885  5241.26358717 5244.61201002
 5246.07833877 5246.73100339 5247.26340172 5248.53386441 5252.66608481
 5263.90414964 5264.31418169 5264.92257978 5265.02654612 5265.27157869
 5265.84354357 5267.32297227 5277.44780724 5280.3051983  5298.12527585
 5312.97149605 5316.8515839  5337.44905276 5338.54061601 5339.88514514
 5355.27933029 5355.66432908 5363.23810537 5372.18771069 5381.77554735
 5393.54484384 5409.16776161 5422.83065218 5433.72418474 5446.55067793
 5456.9227788  5476.45501766 5476.61668382 5478.23374542 5479.6895742
 5480.56753812 5485.33578986 5486.11895408 5487.3256503  5493.56046412
 5494.20542876 5495.21199228 5528.85428697 5530.4756819  5530.99178028
 5538.18662443 5538.3027574  5559.91155643 5574.17574511 5574.40771105
 5574.69207683 5576.28970516 5594.14948259 5594.29711546 5594.872247
 5602.03485791 5620.15393453 5627.50671151 5629.21947282 5646.80271778
 5658.31521508 5667.54658618 5676.65852433 5683.00187114 5684.2720005
 5684.31160037 5697.46915919 5708.178959   5708.31655857 5708.99698977
 5711.82408092 5712.39151248 5713.58187542 5722.23618167 5748.41806638
 5750.23172737 5752.24812106 5753.03068527 5753.25588457 5759.59553139
 5759.6244313  5762.50902227 5767.74533922 5773.16598892 5773.246322
 5786.43954737 5792.32429561 5792.90746046 5792.98506021 5793.04542669
 5793.16915964 5795.21155324 5796.85168144 5797.09228069 5797.17704709
 5797.25938017 5797.51127938 5799.95877172 5800.10983791 5800.86233556
 5801.68959963 5802.67849654 5803.70389333 5809.7188745  5809.79194094
 5811.54656878 5811.94850085 5812.14153358 5812.46029925 5813.38079637
 5813.74592856 5819.28697788 5825.36762552 5825.49842511 5827.84715109
 5830.37440985 5837.44132106 5839.57701437 5845.97979433 5851.61964335
 5851.88567585 5856.095996   5857.51715822 5857.73655753 5872.06977933
 5877.45562914 5885.61940359 5892.55988186 5905.11550923 5905.22730888
 5905.26107544 5905.41860828 5913.26241706 5913.95358157 5914.43358006
 5916.45677373 5919.87009638 5920.73906033 5921.79999034 5922.62432109
 5931.20149424 5932.42695707 5932.78632262 5952.41562784 5962.63406252
 5964.38392371 5966.18481808 5966.53068366 5966.99421554 5984.28242809
 5989.32141232 5989.40834538 5991.11124005 5992.18743668 5992.22620323
 5992.74250161 5993.77753171 5994.20366371 5994.49379613 5998.87451575
 5998.94278221 6001.36454129 6001.66547368 6001.76240671 6007.00482364
 6007.58265516 6007.71498808 6007.9206541  6008.06175366 6008.1244868
 6008.19678657 6008.30358624 6008.42495252 6008.44711912 6008.63365187
 6008.65798513 6008.86738447 6010.5409459  6010.72477866 6011.04197767
 6011.05957761 6011.5951426  6013.73963589 6013.99050177 6014.07170152
 6020.88691352 6023.25893943 6025.26636648 6025.47106583 6031.94241225
 6038.9848902  6043.67260886 6043.79114182 6044.39943992 6047.71122955
 6050.12092201 6055.7365711  6057.53623213 6068.57326425 6081.56909024
 6087.27853904 6087.32963888 6088.42086879 6115.68395012 6118.36414173
 6119.86813703 6131.13576842 6154.84586088 6157.62211885 6162.2166378
 6164.55046383 6172.58153869 6173.46036928 6174.23480019 6175.29919685
 6178.1485546  6185.67713104 6186.30252908 6190.04361737 6195.06036833
 6195.07493495 6212.0338152  6212.15764815 6228.22726452 6231.46178772
 6257.84093849 6263.60945377 6263.72855339 6264.23031849 6264.6746171
 6265.39794817 6278.44134067 6279.18347168 6285.60185159 6285.88201738
 6291.0934344  6292.65999617 6298.83964349 6310.98133882 6311.46097065
 6312.12410191 6312.12753523 6312.68196683 6314.54449433 6318.98718043
 6324.68862925 6328.48051738 6349.5681847  6367.19352953 6373.30111042
 6376.38843409 6376.45470055 6376.84349933 6392.25951774 6393.50661384
 6394.03554551 6397.52753458 6400.6320582  6403.70914857 6403.72428185
 6406.95273842 6412.2510885  6412.41855464 6420.70236204 6423.02082145
 6433.21592288 6436.29901322 6436.36021303 6437.77757526 6439.30340382
 6439.42310345 6442.48859385 6452.55466234 6456.5834164  6467.01991706
 6469.39484296 6470.32350672 6473.08576474 6473.37023052 6480.16744258
 6481.76637091 6482.93940057 6494.94436299 6504.93923171 6508.03748867
 6517.67255852 6526.56506401 6536.01803443 6544.14387566 6556.42460388
 6556.72093629 6557.12846835 6560.93408977 6566.84733793 6568.8883982
 6572.01678841 6581.49899206 6587.03750806 6588.17513783 6588.35973726
 6589.87606584 6597.81467433 6603.16105759 6607.25307812 6608.46680765
 6608.84180648 6609.52480434 6617.64647892 6626.81125023 6630.27953937
 6631.09943681 6632.20640001 6641.08617222 6642.28446846 6647.08105345
 6647.46015226 6648.93468098 6649.05008062 6649.11258042 6660.81894378
 6660.8359104  6661.47590839 6666.34355982 6681.45761251 6685.44836669
 6688.15329156 6692.01997945 6707.1704987  6716.47693623 6716.51116946
 6729.84486106 6730.0652937  6744.53391508 6750.60452941 6750.82509539
 6750.97512825 6752.22365767 6757.24500862 6759.67030103 6771.22226487
 6792.56069808 6797.16518367 6815.19962722 6839.68601724 6839.95211641
 6861.68894837 6866.01973481 6866.2884673  6874.58547467 6874.60360794
 6896.04900748 6897.2896036  6897.52916952 6897.6524358  6901.33225761
 6901.35589087 6902.3910543  6902.79365304 6910.06659694 6927.0417438
 6927.08774366 6948.47501005 6955.56578785 6959.23014305 6960.5020724
 6976.12935682 6976.20852324 6981.74753924 6985.26692822 6985.33912799
 6991.63977494 6995.40222983 6995.77652866 7001.98854255 7008.39378916
 7008.64138839 7017.90782605 7031.28738417 7031.32138406 7040.64582154
 7043.22271348 7044.20104375 7061.39668992 7061.42708983 7072.41865542
 7072.58785489 7078.69670244 7079.70163263 7079.77073241 7080.12846462
 7080.21349769 7083.3948544  7084.97464945 7089.17473631 7102.07889592
 7106.11628328 7108.75510835 7108.87890796 7130.62743989 7130.63750652
 7133.06856558 7133.40993118 7146.23469104 7148.82388293 7152.92140344
 7153.02383645 7162.05830817 7162.68533954 7163.89100244 7165.33923124
 7167.06722583 7179.78181936 7191.3137166  7199.96705618 7200.07918916
 7202.88151372 7205.63870509 7227.75860252 7232.05988906 7238.71580156
 7238.73696816 7248.14610537 7254.06142019 7265.98791619 7273.04289411
 7276.22035083 7280.95766934 7294.65129314 7303.35069924 7303.47306553
 7308.67541591 7314.08316565 7317.00492317 7324.8014321  7327.77685612
 7335.37019902 7336.42799571 7340.54491615 7355.06013739 7355.3432365
 7363.21917851 7379.43102777 7390.60919278 7401.96862389 7403.04858718
 7403.55585226 7405.21534706 7405.32901337 7412.65329045 7412.72795688
 7412.96695613 7415.71854752 7416.58124482 7417.02874342 7417.43007549
 7417.56994172 7421.2523302  7426.58081352 7427.23324481 7428.86103971
 7431.80046385 7447.02914951 7449.99394023 7452.74373162 7454.84422505
 7470.24504351 7472.48730316 7475.60622673 7484.359066   7491.41294392
 7491.46421042 7491.59347669 7500.12811664 7504.12633746 7506.16616441
 7507.88942568 7512.05691263 7517.72576156 7522.55814643 7522.97581179
 7525.33523774 7532.35901575 7534.84127465 7541.73245308 7541.86048601
 7541.89785256 7543.15358196 7543.25318165 7543.35608133 7543.3759146
 7548.83786417 7548.95186381 7561.03705932 7563.30375222 7565.01744686
 7577.13884225 7588.90433876 7616.7603849 ]"
399,714748_2024-06-24_B-398,MOs,True,"[  37.28584295   49.30667199   55.44148612 ... 7616.76781821 7617.2056835
 7620.02677467]"
400,714748_2024-06-24_B-400,MOs,True,"[ 123.34674023  132.63667782  294.96163639 ... 7613.50596175 7616.1092536
 7620.39927351]"
401,714748_2024-06-24_B-407,AON,True,"[  21.10732692   29.0467354    31.46912782 ... 7617.98264774 7619.07097767
 7620.2632406 ]"
402,714748_2024-06-24_B-411,ORBl,True,"[  30.52173078   30.52883076   30.97479603 ... 7610.30917176 7610.32703837
 7615.05885689]"
403,714748_2024-06-24_B-413,ORBl,True,"[  20.2711962    20.40746244   20.68369491 ... 7615.44038903 7615.63048843
 7616.10468695]"
404,714748_2024-06-24_B-414,FRP,True,"[  37.17844328   37.23590977   42.61195961 ... 7619.05831104 7619.2305105
 7619.39467665]"
405,714748_2024-06-24_B-416,MOs,True,"[  36.78801117   41.04023119   83.53719817   84.1459296    84.68389458
   93.07813498  104.26926661  142.63457986  143.15287823  143.30277777
  147.45949809  166.36047226  166.55347165  166.64053805  167.99700047
  200.99769717  228.09301236  228.2926784   228.68617717  235.04625726
  235.40942279  236.07165405  236.15622046  236.43431959  237.39431658
  238.19018076  254.29856367  254.43636324  254.47039646  254.61902933
  257.26585438  257.70405301  318.86596156  318.9836612   353.87468532
  354.1982843   355.05704828  463.1824765   463.98500732  479.22315963
  479.47315884  479.88885754  503.41098391  504.74987972  533.28159042
  533.65428925  533.88078854  534.35425373  540.74423372  543.71722442
  565.43615643  584.60239644  590.3013786   591.05487624  591.28140887
  591.44760835  624.10863945  624.45520503  624.95607013  639.29622524
  671.90122319  672.7478872   673.05148625  673.56921796  699.81526914
  722.71283081  738.35988183  741.62337161  741.77490447  741.92733733
  742.26013629  742.82063453  774.67920148  809.95215774  894.77689222
 1023.06282401 1061.35740414 1061.79773609 1080.37377795 1081.78437353
 1106.04353093 1114.9365031  1117.16576278 1118.90142402 1129.48919088
 1129.79382326 1143.24478115 1143.36184745 1164.57901438 1164.93161327
 1165.26854555 1166.41530863 1166.65567454 1166.82114069 1177.64050682
 1178.10377204 1178.21723835 1184.21335292 1184.57815178 1187.69254203
 1187.92450797 1188.01740768 1188.12490734 1194.9972525  1197.76834382
 1198.55274137 1198.79367395 1199.00070663 1199.08630636 1199.31493898
 1199.50253839 1246.21975883 1255.09976437 1278.58579085 1280.91631689
 1281.27228244 1281.42468197 1288.59692618 1289.01165822 1289.3782904
 1290.4772203  1303.30318015 1303.52601279 1303.65067906 1308.06799857
 1320.46562643 1321.6794893  1322.14312118 1322.48255345 1322.83198569
 1325.03157881 1333.58245204 1333.73658489 1334.0331173  1334.75524837
 1335.65541222 1336.18497723 1336.32321013 1337.28627378 1337.73827236
 1338.02847146 1338.26510405 1338.56536978 1338.71550264 1338.87003549
 1339.01856836 1339.29320083 1339.45850031 1346.36624536 1346.65294446
 1374.65035683 1375.29708813 1375.39675449 1382.71179826 1425.88409646
 1426.75689373 1427.28085875 1446.92316394 1447.1584632  1447.56122861
 1447.78846123 1448.36265943 1448.37459273 1448.72835829 1448.96359088
 1455.32253764 1481.22332324 1481.43912256 1554.27136126 1579.33088282
 1579.57218206 1579.95788085 1580.09414709 1580.2104134  1580.45897928
 1580.60857882 1580.82051149 1580.96247771 1580.98221098 1581.07204403
 1581.20044363 1581.29830999 1595.22999972 1595.38803256 1595.54763206
 1615.68126903 1615.82656858 1654.30014815 1664.92308157 1665.36298019
 1690.90280025 1691.5037317  1693.65442497 1694.08135697 1694.93242097
 1695.12955368 1729.57624586 1730.42270988 1730.59014269 1742.64167163
 1742.81560442 1752.09280872 1869.19114218 2054.87056098 2060.31091062
 2070.19544635 2071.41234254 2086.72116129 2087.4726256  2283.51747862
 2301.53718889 2376.95648615 2589.52522078 2633.80808217 2684.39835715
 2696.87558476 2699.36851029 2811.91225801 2967.73843692 3012.33509733
 3013.40756064 3046.62629    3195.59085705 3203.58326537 3209.25474761
 3227.76198968 3227.95025576 3255.70673555 3273.93017851 3274.36781047
 3276.34597094 3278.03549899 3278.62443048 3278.74283011 3281.07258948
 3376.13749192 3388.995085   3466.66384189 3480.48566529 3480.90833064
 3486.08004778 3510.87333684 3589.58152381 3589.60302374 3589.63205699
 3697.84501827 3698.13631735 3781.84175535 3810.00570052 3810.42806587
 3892.30104293 3894.2686701  3912.70981238 3991.12710026 3991.2295666
 3991.35506621 3991.42833265 3992.03339742 3992.16409701 4127.50454004
 4145.23958453 4220.92581429 4247.66209727 4247.83499673 4248.89622674
 4252.03655024 4252.15201655 4252.39634912 4252.7011815  4253.02398049
 4253.25764642 4253.51127896 4253.67891177 4259.4829936  4283.78625086
 4284.03985007 4284.45471544 4328.55341074 4391.39434737 4392.0982785
 4407.73449622 4417.1344668  4433.98288073 4453.84505189 4454.30868377
 4455.61431302 4456.0244784  4472.30589411 4480.15400287 4505.31149079
 4566.4889993  4583.71697871 4591.74578691 4594.00167985 4656.15345197
 4656.35035136 4656.98978269 4779.67889866 4780.0481975  4820.89343632
 4821.04380251 4821.26880181 4841.55720497 4864.2736672  4864.45376663
 4864.57819958 4864.75776568 4864.89449859 4865.07926467 4865.2316642
 4865.29963065 4876.99486071 4877.38622615 4878.45928946 4879.15385395
 4879.46695297 4879.64811907 4929.46106315 4929.61456267 4937.29057198
 4938.33360205 4942.4472225  4992.3937995  5029.87094886 5031.44507726
 5079.20209444 5092.12652065 5107.60203888 5113.74448632 5113.9749856
 5114.36745104 5138.39887582 5138.53144207 5152.61126466 5152.77769748
 5156.00158738 5172.27420312 5237.24989973 5237.84606453 5259.31273067
 5259.60399643 5260.18252795 5260.54572681 5261.15509157 5275.1612144
 5285.54561523 5291.88206206 5302.76179467 5308.62400966 5309.24374105
 5309.63763982 5309.86977242 5310.30407106 5326.83881931 5469.28070678
 5469.66420558 5469.84130503 5469.93050475 5470.03533775 5470.11697083
 5556.04696853 5556.18886808 5556.50516709 5557.02856545 5557.40916426
 5557.92436265 5559.18922536 5575.80310669 5575.98157279 5576.39680483
 5576.50310449 5576.7372371  5576.83540345 5578.31799881 5580.708158
 5590.64329357 5595.45884516 5596.06054328 5596.24857602 5596.6167082
 5596.7549411  5596.93597387 5631.4733991  5668.34011703 5687.77512287
 5688.17088829 5688.45495407 5689.02335229 5691.66637735 5723.53754426
 5743.322149   5805.15092213 5824.22536243 5833.9028988  5840.25841224
 5868.53175707 5980.27860729 5987.42101827 5987.53448458 5987.59731772
 5989.14477954 6020.77124721 6078.12183436 6162.7618361  6188.93108752
 6200.05015271 6213.96227583 6214.43654102 6214.66690696 6215.16193875
 6232.64998401 6262.39772422 6290.66400241 6299.97707326 6300.19283925
 6301.05740321 6310.80873936 6331.38854161 6358.27379079 6358.40982369
 6359.46552039 6385.68493832 6402.23458652 6402.42675258 6402.66105185
 6405.65840913 6405.89790838 6438.40560663 6439.28690387 6494.94389633
 6495.07329592 6495.17329561 6505.05523134 6505.45239677 6507.83475598
 6519.15835386 6519.4447863  6519.66071896 6520.03408446 6524.5233704
 6525.62756695 6535.91256809 6536.07243425 6536.26313366 6536.43429979
 6537.2079307  6539.47042362 6539.56768998 6547.73829774 6552.40551646
 6552.52764941 6552.58861589 6577.12953907 6577.28827191 6577.43107146
 6577.60317092 6578.92623345 6579.0478664  6579.11973284 6579.31453223
 6582.48295565 6589.29016768 6589.41470062 6589.52570027 6589.96466557
 6590.28669789 6595.257149   6597.40594227 6610.17623563 6610.90283336
 6617.00538092 6618.54890943 6618.75644211 6651.71613894 6652.15000425
 6652.41270343 6652.59883618 6652.86016869 6653.28023405 6654.32073079
 6671.93277566 6702.43251353 6702.62314626 6702.79041241 6703.8035759
 6807.09238593 6825.919427   6848.57135609 6850.20275099 6852.9152425
 6853.08710863 6863.08411067 6863.34374319 6863.51500932 6870.07818877
 6875.13163962 6876.41103562 6876.48413539 6876.59186839 6876.77513448
 6876.90703407 6877.03630033 6877.10460011 6878.00039731 6878.26229649
 6878.54412894 6883.06324813 6935.01178552 6981.35220714 6981.52760659
 7008.22055637 7008.28308951 7013.98997165 7017.14692843 7017.26932805
 7031.09488477 7031.63641641 7031.87091568 7033.07934523 7035.32010488
 7037.09369933 7037.75059727 7037.96969659 7046.31407047 7046.74853577
 7049.38299419 7057.37566918 7069.75686376 7069.91262993 7081.41552726
 7081.57489343 7081.67345979 7081.76815949 7081.92482567 7082.08169184
 7082.17519155 7082.22569139 7082.52605712 7082.59035692 7082.71318987
 7082.84605612 7083.25765483 7084.67578372 7086.86944352 7086.97607652
 7098.005842   7101.80433011 7101.92102974 7111.19296739 7111.43823329
 7114.16582475 7114.32455759 7121.37493552 7122.30366594 7136.96502005
 7137.27981907 7147.77148623 7148.15535169 7148.34748442 7148.81761628
 7148.90614934 7154.00166672 7154.31766574 7154.48429855 7154.6500647
 7169.63098447 7171.11517982 7171.22234616 7175.89133154 7177.80595888
 7196.54370023 7196.5648335  7200.05145592 7200.29875514 7209.94142496
 7210.75268909 7210.98842168 7234.68781417 7234.82811373 7234.93128007
 7237.9053041  7238.36506932 7247.53777394 7247.77153988 7247.91880609
 7248.1390054  7248.42930449 7266.91411329 7267.18291245 7267.97987663
 7271.33319946 7284.0691596  7285.03335658 7286.42458556 7306.88128819
 7313.42250105 7384.1397797  7388.34109988 7400.08246313 7429.83980332
 7456.45352001 7456.85388543 7465.86759055 7490.57817986 7490.74281268
 7490.8659123  7491.02661179 7552.49601939 7552.6614522  7552.80335176
 7580.77103088 7592.65459369 7592.93252615 7598.2401762  7598.42190897
 7598.53764194 7616.63421863]"
406,714748_2024-06-24_B-424,ORBl,True,"[ 252.41566956  489.58976051  492.45505154  526.93574361  693.26048966
  700.26696773  728.92357803  791.70311486  829.7600624   836.25030875
  836.39154164  838.13943617  845.38118017  966.66143388  975.78487199
  997.84170295 1003.48315196 1028.13180814 1219.59754216 1242.93676911
 1468.95216165 1490.2345617  1498.60873549 1686.14048182 1765.25860084
 1848.17010798 1849.37317088 1850.46966745 1850.83613297 1855.98735018
 1856.8867807  1858.77957477 1885.10769236 1886.96588655 1887.51505149
 1887.75545074 1890.32437603 1890.5064088  1891.04087379 1891.26427309
 1893.85663164 1894.13926409 1894.15449738 1894.45469644 1894.60789596
 1899.37101438 1900.7492434  1900.85984306 1901.68434048 1903.36433522
 1905.63186145 1915.99909567 1916.40736106 1917.63485722 1918.69678722
 1918.70442053 1919.36128514 1924.63710196 1924.83186802 1926.42862969
 1928.16079093 1928.34145704 1928.34742368 1928.45225669 1934.6575706
 1935.32983516 1935.33593514 1935.34250179 1935.96286651 1935.99009976
 1955.50647201 1958.86699482 1959.23366034 1960.43892323 1961.31695382
 1963.7290796  1963.7494462  1968.64189756 1969.38169524 1973.95681425
 1974.76894504 1978.01306822 1981.13192513 1982.17222187 1984.29958188
 1985.07731278 1986.23347583 1986.96387354 1986.98527347 1988.85433429
 1993.89858517 1995.07508148 1995.42241373 1995.67044629 1995.68247958
 1996.13684483 1996.64434324 1998.10030535 1999.51693425 2000.26829856
 2000.72389714 2000.72916379 2001.69889408 2001.71242738 2003.33572229
 2003.34358894 2003.75615431 2003.77582092 2004.01755349 2004.49758532
 2004.51038528 2006.01464724 2006.03114719 2006.60607872 2007.45584273
 2007.46030938 2008.85203836 2009.04827108 2011.47599681 2013.28959114
 2013.54355701 2013.94142243 2013.94802241 2014.36485444 2014.37145442
 2015.29738485 2015.30388483 2015.58621728 2016.28754842 2016.30364837
 2017.05214603 2017.05754601 2017.24637875 2017.49101132 2017.49777796
 2018.96864003 2018.98363998 2019.52933827 2019.70650438 2023.46889261
 2024.16439043 2024.17882372 2024.56608917 2024.83078835 2026.1439509
 2032.65923051 2033.50726119 2033.5148945  2033.52182781 2038.76824472
 2040.35400642 2040.36003974 2042.85556526 2044.18852775 2045.23295782
 2045.23849113 2045.46505709 2045.94002227 2046.92898584 2047.01051892
 2047.02298555 2048.30761486 2050.01564285 2050.46484144 2050.47107475
 2052.27203578 2052.2772691  2052.82476739 2054.8760943  2055.18019335
 2055.19019332 2055.92955767 2056.93592119 2061.35437402 2061.76983939
 2061.79330598 2061.84297249 2062.05073851 2063.99423243 2064.12823201
 2064.93489615 2065.83509333 2065.99099284 2065.99775949 2068.65885116
 2069.09814978 2069.40881548 2069.76081438 2070.63034499 2070.92014408
 2071.73517486 2071.75340814 2072.27447317 2072.85093804 2074.44813304
 2074.98223136 2075.75602894 2077.68822289 2077.69302288 2077.85652237
 2077.87015566 2078.01552187 2078.31602093 2078.32232091 2080.54018063
 2080.54458062 2080.5508806  2081.34794477 2081.4979443  2081.50507761
 2084.81543392 2084.8210339  2088.21178995 2088.92952104 2089.61938555
 2090.84321505 2090.84981503 2092.64000943 2092.64427608 2092.64964273
 2093.04100817 2093.21477429 2093.35694052 2094.60083662 2094.92463561
 2095.55303364 2096.0658987  2097.06509558 2100.32535204 2100.33385201
 2101.01088323 2103.14340988 2103.31690934 2103.62727504 2103.6933415
 2104.61303862 2104.77837143 2104.79247139 2105.05150391 2105.05663723
 2106.58593244 2107.19223054 2108.49235981 2108.50415977 2108.83435874
 2113.80760984 2114.25150845 2114.70300703 2128.32959771 2128.55873033
 2141.04045793 2141.07375782 2153.42531916 2154.48358252 2154.754615
 2187.38697952 2191.59489969 2205.93785479 2206.41568663 2207.39028358
 2207.40411687 2218.52751538 2223.24656728 2223.44593332 2229.00498259
 2237.72492196 2248.48502161 2256.57366296 2264.73640408 2274.28924084
 2289.65625941 2290.41675703 2290.75135598 2294.60147726 2294.60734391
 2295.47620786 2315.53807839 2315.66117801 2316.59280843 2317.38743927
 2322.56628973 2322.92375528 2323.40235378 2323.41578707 2324.99268213
 2325.30718115 2331.85546065 2331.96316032 2334.15115347 2335.91391462
 2335.93411455 2336.24561358 2346.05174955 2347.35754546 2348.46947531
 2348.92124057 2348.92700722 2351.41176611 2351.41593276 2351.78709826
 2355.0144215  2370.24727381 2370.45293984 2371.09983781 2372.3505339
 2372.74493266 2385.92952473 2386.88855506 2387.99461826 2399.39648257
 2403.61066938 2404.00403482 2404.34506708 2405.18339779 2405.21056437
 2405.8103625  2406.11049489 2406.46549378 2406.47059376 2410.59731418
 2410.85974669 2410.86398001 2411.18377901 2411.21884557 2412.14397601
 2412.15010932 2412.97830673 2413.25060588 2415.75199805 2417.05106065
 2417.05646063 2417.06882726 2420.62341613 2421.04984813 2421.29061404
 2421.62051301 2428.60545781 2430.70181792 2431.03255022 2431.43224896
 2431.69111482 2434.57023914 2435.04367099 2435.05753762 2435.46980299
 2436.66699925 2438.92582551 2439.31379096 2439.32955758 2443.42071144
 2443.53881107 2444.13340921 2444.13910919 2446.76736763 2447.10926656
 2449.7167584  2450.11445715 2451.34541997 2453.72341252 2453.72974584
 2456.23587133 2456.24177131 2461.54072139 2524.22782517 2656.76067699
 2672.2085953  2690.11423926 2736.89695949 2747.97659147 2898.87988579
 2902.2950751  2908.70865503 2913.81997236 2913.83770564 2914.25280434
 2916.05333204 2916.05956535 2916.40263095 2916.79802971 2922.20194613
 2922.2198794  2922.58277827 2923.00811027 2923.38647575 2923.39220907
 2923.39824238 2929.32139051 2929.35969039 2929.58218969 2930.44322033
 2962.15335441 3001.84079685 3003.25755908 3003.56529145 3024.84322485
 3031.33180454 3033.34746489 3036.80228741 3036.8068874  3037.16685294
 3037.17215292 3037.79311764 3040.93277448 3040.94704111 3043.31863368
 3045.54316005 3066.53619434 3066.87562661 3074.57243585 3082.13374552
 3101.29998553 3101.42818513 3102.33261563 3109.73759245 3113.40778096
 3114.02231237 3114.16181193 3119.45636203 3120.48179215 3121.04015707
 3127.80780255 3128.10323496 3145.33378103 3145.49734718 3145.51214714
 3152.66905807 3153.13255662 3178.76850971 3186.84851775 3187.05678376
 3187.08011702 3197.40031805 3202.37460248 3208.82651562 3209.17031455
 3238.09129069 3239.19362057 3253.32880966 3253.67190858 3253.88787457
 3254.22430685 3259.56432347 3267.44896546 3267.80013103 3267.81733097
 3268.03969694 3268.92986082 3274.54957657 3274.77604252 3279.17062877
 3279.84712665 3288.46836633 3288.48003296 3294.63398037 3299.50923177
 3299.95579704 3307.75723929 3313.41345492 3318.88170447 3319.31623644
 3327.03344562 3332.09496311 3332.12346302 3407.33916092 3407.64179331
 3407.94075904 3435.36877318 3440.22295799 3441.56392046 3463.98471694
 3464.2643494  3469.4191666  3469.50289967 3478.28170553 3504.71522279
 3505.27552103 3530.64067497 3530.76537458 3548.96641761 3563.34353927
 3606.62433713 3606.94163614 3607.44576789 3617.36437018 3618.02483478
 3618.03673474 3618.18810094 3628.58023507 3642.97689001 3647.74220843
 3662.85846111 3707.58622111 3772.73658385 3824.44885531 3834.57542362
 3837.38804814 3839.08994282 3839.10904276 3843.81952801 3844.30219317
 3851.30623791 3854.93352656 3863.8644986  3864.00996481 3864.02239811
 3864.90742867 3865.25652758 3865.26212756 3865.26802754 3874.71363131
 3875.40329582 3895.01960108 3900.53231716 3908.64072511 3926.42220279
 3967.75684007 3968.07543908 3968.09507235 3973.01092363 4025.64852553
 4025.93149131 4031.76473972 4040.75787824 4047.50949044 4055.57219853
 4056.15133005 4059.11432078 4059.41381984 4062.57744327 4072.51031218
 4080.34338766 4127.1568078  4127.52543998 4152.53156171 4207.10015757
 4245.34160453 4284.72164793 4294.49095069 4301.05733013 4313.88995663
 4321.56189929 4321.95709805 4325.51508691 4333.51466187 4338.93124492
 4344.77125997 4344.92779281 4354.83222848 4354.95949475 4354.97126138
 4355.17379408 4359.83064617 4374.26106766 4374.70929959 4374.71513291
 4377.39959117 4384.65696846 4398.1684595  4403.74037539 4403.74667537
 4404.65843918 4410.05298896 4410.36955464 4413.55891132 4414.5361416
 4415.23253942 4415.23787274 4415.55270508 4415.81227094 4416.10843668
 4430.27389234 4430.27892565 4445.92434335 4445.93664331 4450.48652907
 4450.8593279  4451.30209318 4454.51704979 4454.75161572 4468.48133941
 4475.08241875 4475.42481768 4479.91393696 4481.04960007 4486.77424882
 4487.74397912 4500.9425378  4500.95420443 4506.99888551 4510.25730865
 4519.36881346 4520.80317564 4520.81624226 4525.09729553 4532.67260515
 4532.6787718  4538.54222011 4541.19854513 4549.89191792 4550.19921696
 4550.66768216 4553.24434076 4570.16658779 4570.17122111 4570.19118771
 4597.96960076 4608.64623401 4615.44541273 4632.12682718 4632.42535958
 4670.79380615 4671.1814716  4683.90186512 4684.76709574 4772.3157217
 4808.28634244 4899.19655788 5016.96028927 5052.74454393 5055.60963496
 5144.70218942 5196.72529325 5203.70993805 5206.98219448 5247.21940186
 5269.06680014 5275.40438031 5276.47921027 5276.70490957 5297.15444556
 5297.96664302 5321.76706852 5410.44812427 5434.48978235 5484.02576063
 5496.8867537  5511.17657564 5524.36113437 5525.37406454 5530.94908042
 5537.83182554 5542.46301104 5542.95087618 5550.23382005 5556.28416778
 5576.97820301 5577.53310127 5597.08164008 5612.08052647 5612.1004264
 5624.44118778 5625.52121773 5630.10960337 5630.25666957 5630.59140186
 5630.96350069 5630.98436729 5645.15355628 5659.52611129 5660.84700715
 5661.18990608 5666.62892239 5669.34138057 5669.38778042 5669.73207934
 5670.00771181 5679.97171396 5679.98621391 5686.59745989 5686.83265915
 5693.43590515 5693.84937052 5694.02423664 5712.42027906 5740.36045827
 5744.18554629 5758.17200251 5758.96350004 5781.38672985 5781.90682822
 5789.68467054 5789.82777009 5796.16865025 5800.90643542 5801.34436738
 5801.91059894 5802.24869788 5807.06938279 5807.98041327 5808.94357693
 5815.01542459 5815.19939068 5815.21189064 5816.06172131 5824.69789428
 5837.71485354 5837.88588633 5854.90043308 5861.54604561 5866.31746401
 5870.17721859 5890.32418886 5895.21267356 5902.58395049 5903.34668143
 5908.21413286 5920.04932915 5921.08029259 5925.56007857 5926.29567627
 5927.45530597 5927.45973929 5933.34142088 5937.77210701 5937.78370697
 5938.7758372  5939.40033525 5940.12969963 5940.76873096 5940.77323095
 5941.13816314 5951.79496312 5967.3055479  5967.82551294 5968.22921168
 5973.11726304 5974.10115996 6003.71643393 6004.81756382 6009.33501634
 6017.08115876 6040.74191804 6053.54047797 6056.28353605 6061.92021841
 6065.00950874 6091.69959186 6097.53984025 6097.55437354 6098.45727071
 6099.0477022  6103.36368869 6107.13551021 6117.12521228 6121.28079927
 6122.37942917 6137.32231573 6137.34941564 6137.44844866 6137.45388198
 6151.612271   6166.67335719 6180.55691373 6180.80077963 6182.67980709
 6222.33638295 6246.44910748 6262.18789155 6279.89326946 6287.5279789
 6318.54014849 6363.82134009 6364.89520339 6374.31520724 6374.33514051
 6377.59479698 6378.26332822 6396.5315377  6404.47027952 6431.42166182
 6584.38954968 6736.36734064 6887.81969991 6946.47551631 7040.81315435
 7100.50720084 7241.64615905 7242.42795661 7251.61872784 7261.7042296
 7353.28420961 7438.36010998 7442.16029809]"
407,714748_2024-06-24_B-427,MOs,True,"[  37.19220991   88.47714938  126.00363191 ... 7610.53047107 7611.71726735
 7613.61366141]"
408,714748_2024-06-24_C-1,ORBvl,True,"[  38.6476602    49.77141671   52.4206238  ... 7598.58642478 7601.76052668
 7605.83635298]"
409,714748_2024-06-24_C-3,ORBvl,True,"[  20.22594264   20.34480813   20.41330745 ... 7620.17387766 7620.26121012
 7620.4252085 ]"
410,714748_2024-06-24_C-5,ORBvl,True,"[  27.2511064    27.25490636   28.10033132 ... 7620.105645   7620.14851124
 7620.24574361]"
411,714748_2024-06-24_C-8,ORBvl,True,"[  26.02398522   26.02798518  118.10593997 ... 7620.01244592 7620.0209125
 7620.25811016]"
412,714748_2024-06-24_C-10,ORBvl,True,"[  20.21920937   20.22470932   20.24864241 ... 7620.76520513 7620.77093841
 7620.78463827]"
413,714748_2024-06-24_C-19,ORBvl,True,"[  20.19387629   20.40384088   20.40730751 ... 7620.70767237 7620.76783844
 7620.7722384 ]"
414,714748_2024-06-24_C-21,ORBm,True,"[  20.21017613   20.29197532   20.32567498 ... 7613.80800737 7618.21199709
 7618.22283031]"
415,714748_2024-06-24_C-22,ORBm,True,"[  20.4354739    21.73879432   21.82802677 ... 7618.21559705 7618.92722334
 7620.56544044]"
416,714748_2024-06-24_C-23,ORBm,True,"[  20.76880393   20.87730286   20.89863598 ... 7620.66423947 7620.69643915
 7620.79620483]"
417,714748_2024-06-24_C-24,ORBm,True,"[  20.34834143   20.92040243   23.67487515 ... 7616.26518303 7616.34871554
 7619.99317945]"
418,714748_2024-06-24_C-26,ORBm,True,"[  21.48296352   21.57416262   21.63289537   25.28395921   25.52749014
   30.56180695   46.24071834   46.5203489    46.65928086   46.70414708
   46.74987996   47.19930885   47.39410692   48.75736008   51.33693454
   51.99752799   54.10050717   54.30830511   56.96581212   57.29147557
   57.33390848   57.55863959   57.60337248   58.13220057   60.4211779
   60.52527687   62.20676022   63.41271495   68.20753413   68.29943322
   70.89347419   75.25979762   75.33036359   76.1738219    76.27612089
   78.28960095   78.38000005   78.41659969   78.61559772   85.02673423
   85.41953034   85.76029363   93.03855488   93.18722008   93.36295167
   93.76558102   96.0321919   104.13037837  112.05929985  113.26472124
  119.07489704  122.5051964   122.56069585  122.58862891  122.71519432
  122.72536088  122.77852702  122.78849359  123.4439871   123.58365238
  123.63795185  127.86870995  128.54680323  131.87727025  132.2185002
  132.41419827  135.81159795  139.44996192  142.65599684  143.05752619
  143.52348825  145.3595034   145.53460166  145.58563449  145.75193284
  146.53215845  146.64192403  146.65572389  146.71972326  146.79922247
  146.81038903  146.91518799  146.96652082  147.19155192  151.45524303
  151.74067354  151.862039    159.18633313  164.76907784  164.83067723
  164.94217613  164.94687608  169.83762765  170.778385    170.79238486
  170.80885136  170.87795068  171.00591608  171.12364825  172.7403989
  174.70014616  174.72054596  176.9911568   181.62361093  184.06102012
  184.07681997  189.51739942  196.48736373  205.66303952  205.73763878
  206.06986883  212.39613951  214.16752197  214.27588756  214.48218552
  214.51898515  215.62724084  215.72873984  222.18374258  222.2155756
  222.37607401  222.43127346  222.60047179  226.72629759  226.76166391
  226.80836345  226.87349614  227.69622132  227.7115545   228.44024729
  234.75611807  234.8807835   234.91971645  235.11588117  237.30459283
  238.09735165  238.27991651  243.36806612  243.99019329  244.08555901
  256.15507282  256.40173704  256.47206968  256.59010184  257.02206423
  257.07299706  257.19472919  257.25659524  258.28955168  258.3816841
  258.44318349  259.65560482  264.64075545  264.85825329  265.31374878
  270.03986864  280.49439844  280.6260638   280.66929671  280.69532979
  281.1216589   281.18315829  281.19282486  281.32542355  281.40498942
  286.92523475  287.06176674  287.81582594  288.10658972  294.7061577
  314.22563106  321.04163022  322.37331703  325.36105411  325.46891971
  332.19418644  332.38518455  332.89747948  336.32184556  337.09000462
  337.56839988  347.30360347  352.51545186  352.72318313  352.85124853
  354.11040273  361.01116772  361.03306751  361.13206652  361.17063281
  361.20236583  363.69567447  363.73450742  363.8539729   364.43250051
  369.62601574  369.82148047  369.85684679  369.88681316  369.93894597
  370.62217254  375.23879349  379.93798028  380.6160069   380.67373966
  381.02290287  381.65046332  385.52139166  397.61643854  399.04249108
  405.89522322  405.94965601  405.98118903  406.10158784  414.44177191
  414.95286685  415.11689856  415.17419799  415.26239712  415.27873029
  415.36072948  422.24379465  422.6962235   422.82678887  422.91825463
  422.98545397  423.04078675  434.64353851  434.80230361  454.60920745
  466.34072461  474.32924549  474.56684314  474.61814263  494.33974732
  500.26822194  529.39876679  529.51446564  549.43203506  568.51187944
  682.76284797  693.08447908  709.10122046  944.83771921  967.96729015
 1103.45364838 1145.72232978 1180.03478997 1189.90452556 1198.97846903
 1200.9239831  1208.19147779 1361.51302606 1451.3744028  1478.0895049
 1519.14756495 1679.6743752  1757.2275405  1776.08122045 1835.65746378
 1972.50634185 2086.85767605 2209.9959899  2231.70084162 2327.87435584
 2562.55279841 2569.98789144 2616.13736774 2748.49909025 2769.76334633
 2842.53612563 2854.85420364 2855.13526753 2982.3236746  2993.70146192
 2999.37457241 3140.89727086 3148.89169168 3214.11414576 3247.92361094
 3247.94174409 3248.82260203 3248.85140175 3248.86686826 3317.99415034
 3348.12415195 3359.24110852 3405.35805181 3449.31434983 3590.7703156
 3591.01077989 3690.93209033 3767.70536335 3768.68882028 3779.12008364
 3779.23441584 3784.50783029 3785.93074953 3804.4991323  3852.81415382
 3858.85809397 3862.30232653 3868.05540288 3991.80237737 3991.85501019
 3996.85946063 4005.23691099 4053.78293023 4125.01952474 4129.81457726
 4136.00491595 4136.47657795 4136.50367768 4136.5754103  4150.47080602
 4179.66691688 4190.83210631 4201.77326462 4207.49217465 4215.21739815
 4268.0567082  4275.82976455 4288.22567512 4302.82126391 4330.87798605
 4334.99044533 4348.65421001 4369.55206972 4369.57196952 4369.58203609
 4386.07667274 4387.093696   4387.26079434 4392.65304094 4392.67304074
 4395.27141501 4400.31583172 4400.34199813 4425.92284479 4427.55062867
 4439.11944743 4439.40344462 4448.6515197  4455.2315212  4465.07792369
 4477.71743185 4518.02396601 4532.04879379 4544.56350318 4572.12343025
 4605.28883513 4609.90855605 4725.23208063 4725.29684665 4729.1792082
 4747.9943552  4752.90597323 4809.41394694 4829.10821857 4846.67231129
 4862.09879185 4874.234805   4876.22755193 4890.69014204 4891.25370312
 4891.31000256 4946.08259346 4946.77218664 4947.65121126 4948.72216732
 4951.47850669 4955.90472953 4959.33189559 4965.59510023 4970.79598205
 4970.87638126 4970.88254786 4978.24057499 5010.90795148 5012.96733108
 5013.03793038 5014.27595146 5015.63590465 5015.70853727 5029.95922947
 5064.35652216 5065.7489417  5079.68943698 5080.17149887 5080.27763115
 5080.34903044 5080.46429597 5080.57002825 5082.33044415 5103.58450033
 5105.32384978 5105.97467666 5107.37042951 5107.6810931  5144.26619745
 5144.4227959  5145.18722166 5145.29112063 5153.73183704 5154.11849988
 5154.2272988  5158.10332708 5158.98495168 5159.08615068 5159.28424872
 5164.23249972 5168.11752791 5192.60678538 5192.77901701 5192.85511626
 5199.48071731 5224.25880525 5233.72834481 5242.58449043 5245.53809452
 5249.427656   5250.03714996 5254.19880875 5262.34172811 5294.32631135
 5304.56950991 5312.50043137 5312.71126261 5312.86429443 5312.93996035
 5315.5494345  5326.53362572 5326.61525825 5326.72542382 5328.51400611
 5343.61768987 5345.1359415  5373.78525777 5384.99421343 5387.3541234
 5387.39445633 5387.4582557  5387.47202223 5387.51872177 5409.32260583
 5423.85682856 5430.91322535 5440.40409802 5450.0291027  5450.03380266
 5450.05976907 5458.97504744 5499.95904156 5546.87757691 5548.19139723
 5552.95355007 5553.43057868 5559.37845311 5559.55978465 5585.96252317
 5600.924275   5604.74077054 5604.98780143 5624.88500438 5628.19033831
 5629.41345953 5635.58029846 5637.25958183 5640.32218483 5675.32830482
 5717.36398852 5721.9815428  5728.82597501 5734.26322117 5754.34185565
 5754.4042217  5754.42995478 5756.43770156 5807.78355973 5818.29395565
 5820.82523058 5828.33265623 5828.4773548  5833.71020297 5857.22907006
 5871.85755852 5877.65346779 5922.56148971 5922.69878835 5922.82348712
 5922.88095322 5923.42001455 5923.89050989 5924.65420232 5934.22594086
 5977.30298092 5985.3334014  5987.3689479  5987.39864761 5987.40654753
 5995.28480284 5996.10189475 6000.44371842 6002.3509662  6002.38219922
 6003.06915908 6003.95068369 6004.12371531 6004.28604703 6013.36639044
 6050.07349358 6057.08585747 6090.5096598  6093.64596207 6093.73286121
 6093.86315992 6094.3062222  6097.76355463 6117.14109606 6118.00045421
 6118.13341956 6145.69167998 6164.73175808 6184.22376505 6184.4543961
 6186.41441002 6188.82861944 6189.3576142  6189.46054652 6258.88989227
 6274.12437473 6274.14630784 6274.21784047 6291.85419914 6300.97890878
 6301.05727467 6310.20138411 6310.28331663 6310.98767633 6311.05720897
 6317.20664807 6323.54338531 6347.77881197 6353.14495883 6353.20205826
 6355.1936052  6362.5582656  6362.59153194 6362.73999714 6362.80702981
 6388.48277553 6388.68620685 6408.19201368 6409.51683389 6434.90931575
 6440.71392493 6465.52527922 6465.57134543 6465.715344   6475.39354816
 6475.49091386 6475.50504705 6485.78084529 6485.92051057 6486.27964035
 6486.8630679  6493.17480539 6493.31353735 6493.54516839 6494.46849258
 6494.55242508 6494.76545631 6494.83185565 6494.91812146 6494.99268739
 6495.08785312 6495.12728606 6495.17561891 6495.45404949 6500.38143402
 6500.59096528 6510.90136318 6511.18976032 6512.42531475 6518.69275268
 6519.132015   6519.67300964 6519.84530793 6524.17779836 6524.59519423
 6524.71122641 6530.33790402 6530.3903035  6536.04934746 6539.0477511
 6552.1033218  6552.20692078 6552.56865053 6556.05154937 6560.66087039
 6560.83836863 6561.60902767 6561.69152685 6578.39292812 6578.79162417
 6579.04382167 6579.1959535  6579.26868611 6579.33775209 6579.56034989
 6614.94366614 6615.45459441 6619.16189103 6619.18065751 6625.63239362
 6625.71585946 6631.18267199 6640.92330886 6641.09784046 6654.08094522
 6654.09231177 6654.18147756 6654.23211039 6654.50637434 6668.28703786
 6668.39213682 6668.60960133 6714.7114781  6722.97616292 6724.14505135
 6724.93054357 6727.47198507 6743.43456032 6743.91188892 6750.22399308
 6750.32245877 6750.34292523 6750.58985612 6758.43377844 6760.47259158
 6775.43311009 6775.71740727 6777.34142453 6780.02383129 6790.65015939
 6796.40086911 6817.68302501 6817.75525763 6817.76569086 6817.91738935
 6821.46918751 6821.59458627 6821.65345235 6821.7398515  6821.79248431
 6838.20675509 6838.46391921 6838.49655222 6838.59615123 6838.63741749
 6838.7436831  6845.90457885 6847.06330071 6852.95344238 6879.88880896
 6883.81897004 6891.16266398 6894.65896269 6895.19375739 6909.11911948
 6925.36119197 6930.8375044  6931.25370028 6931.46569818 6934.1865379
 6934.23630407 6934.40313575 6955.18899657 6955.25259594 6957.37220828
 6975.69466016 7013.24062166 7013.3038877  7016.42489013 7016.52148917
 7039.39649597 7043.90918461 7045.79929922 7057.24121924 7068.78057163
 7080.80125259 7089.98799494 7100.75665496 7111.23355121 7112.47457225
 7112.72696975 7140.44442859 7140.88029094 7144.09399244 7144.11699222
 7144.16852504 7144.2770573  7145.01824996 7145.07554939 7146.03047327
 7146.46100234 7146.46683561 7146.47456887 7146.48283545 7146.48990205
 7146.50103527 7146.51150184 7146.52380171 7146.53536827 7146.55086811
 7146.57526787 7146.57776785 7146.58576777 7146.59886764 7146.6366006
 7146.64976713 7146.66506698 7146.68026683 7146.70716656 7146.72506639
 7146.75599941 7146.79676568 7146.81019888 7146.83633195 7146.85979839
 7146.86579833 7146.88013152 7146.89953133 7146.91506451 7146.9388976
 7146.94569754 7146.9598974  7146.99399706 7147.00683026 7147.02076346
 7147.03559665 7147.04902985 7147.0939294  7147.11149589 7147.12322911
 7147.16322872 7147.17842856 7147.19459507 7147.2051283  7147.20776161
 7147.24099461 7147.27002766 7147.2721943  7147.28172754 7147.2858275
 7147.29839404 7147.37399329 7147.3900598  7147.43775933 7147.44182596
 7147.47972558 7147.49465877 7147.537925   7147.56635806 7147.59029115
 7147.63879067 7147.69859008 7147.74578961 7147.7673894  7147.77968928
 7147.79158916 7147.79508912 7147.82515549 7147.83978868 7147.85555519
 7147.89918809 7147.91718791 7147.92992112 7147.95002092 7147.96335412
 7147.98215394 7147.98962053 7148.06558645 7148.07971964 7148.13558575
 7148.14168569 7148.18231862 7148.24131804 7148.29221753 7148.32355056
 7148.34635033 7148.36675013 7148.40158312 7148.42344957 7148.46774913
 7148.49218222 7148.51208202 7148.52724854 7148.60288112 7148.62328092
 7148.66084722 7148.6756804  7148.71198004 7148.7704128  7148.88051171
 7148.93291119 7148.98417735 7149.00601047 7149.06347656 7149.08414302
 7149.09407626 7149.1371425  7185.31995084 7205.53918393 7205.78511483
 7221.87108886 7222.00605419 7222.14511948 7224.17063275 7224.36033087
 7231.64529206 7232.65321541 7232.70411491 7245.686853   7256.99340769
 7257.03230731 7274.78033154 7291.04063718 7303.75657792 7312.13839491
 7314.52390462 7324.67617074 7332.17722979 7332.23952917 7346.67168625
 7347.66144311 7347.90570736 7352.26703083 7352.69842656 7353.16045532
 7362.73752714 7363.77531686 7365.08690387 7365.10330371 7378.19530739
 7378.26754001 7378.42250514 7381.65107317 7383.48655499 7387.03098655
 7387.09715256 7387.11755236 7387.75757936 7412.20967053 7416.52342781
 7431.39764717 7442.49823724 7442.522137   7442.60663617 7446.40453189
 7456.78229578 7457.12202575 7457.21659148 7482.91583697 7507.72542461
 7517.93275685 7517.94792337 7524.05059627 7525.93177764 7525.9455775
 7526.23030801 7532.64351117 7534.18139594 7534.55665889 7539.58137579
 7549.2135804  7552.38261568 7556.44730876 7556.56624092 7585.99534947
 7592.74521596 7604.94029519 7604.95076175]"
419,714748_2024-06-24_C-27,ORBm,True,"[  68.39149897  100.3814155   100.49341439 ... 7618.97125623 7618.99695598
 7619.9943461 ]"
420,714748_2024-06-24_C-29,ORBm,True,"[  27.37217187   28.13133102   29.20238708 ... 7615.81605415 7616.63574603
 7619.86764736]"
421,714748_2024-06-24_C-30,ORBm,True,"[  27.36303862   27.7488348    28.11393119 ... 7619.84964753 7619.94094663
 7619.98451286]"
422,714748_2024-06-24_C-31,ORBm,True,"[  20.79463701   21.299932     22.63885208 ... 7616.71121195 7616.76424476
 7617.10337473]"
423,714748_2024-06-24_C-33,ORBm,True,"[  20.52503968   20.85423642   20.96736863 ... 7619.96451306 7620.00221269
 7620.01031261]"
424,714748_2024-06-24_C-34,ORBm,True,"[  57.70987142   59.07125794   59.20065666 ... 7617.17874065 7617.25400657
 7617.94689971]"
425,714748_2024-06-24_C-35,ORBm,True,"[  21.01663481   28.67549229   54.66190161 ... 7615.87312025 7617.88503366
 7620.38330892]"
426,714748_2024-06-24_C-36,ORBm,True,"[ 541.46328064  632.55234522  705.83445281 ... 7589.62178022 7591.63492695
 7592.08072254]"
427,714748_2024-06-24_C-38,ORBm,True,"[  20.19114298   20.33247492   20.88950273 ... 7620.06314542 7620.23817702
 7620.49844111]"
428,714748_2024-06-24_C-40,ORBm,True,"[  20.66587162   21.00063497   26.14661734 ... 7620.64800629 7620.66670611
 7620.79120488]"
429,714748_2024-06-24_C-42,PL,True,"[  21.25686576   27.42690466   30.33980914 ... 7619.68274919 7619.77088165
 7620.10021172]"
430,714748_2024-06-24_C-43,PL,True,"[  21.24819918   21.25246581   27.08297473 ... 7619.71088224 7619.82471445
 7619.96517972]"
431,714748_2024-06-24_C-45,PL,True,"[  20.44960709   20.48250677   28.40319499 ... 7620.64473966 7620.71293898
 7620.77623836]"
432,714748_2024-06-24_C-46,PL,True,"[  58.14953374   58.20839982   72.75608908 ... 7618.29466293 7618.3487624
 7620.25274354]"
433,714748_2024-06-24_C-47,PL,True,"[  28.18056386   29.67668238  364.80929677  545.70503863  665.04335678
  683.89940338  697.11577249  736.29508449  747.73737117  767.08341291
  980.63366471  997.29743302 1031.07426518 1043.80560577 1136.15965782
 1139.96545346 1140.22351757 1190.77281696 1208.14334494 1223.34992768
 1247.4433224  1253.45742951 1336.2960758  1364.09193386 1391.07563329
 1419.31955359 1450.93340717 1466.06825728 1485.7834287  1602.40624041
 1629.67413704 1671.57798871 1735.21962511 1756.37958223 1770.82520583
 1817.03501487 1832.38579618 1885.28283899 2076.75680942 2110.20611149
 2142.31386018 2151.69893391 2154.50593944 2174.0619791  2221.05401372
 2303.97375921 2347.61669366 2377.68166258 2381.67805634 2419.57708101
 2425.01302718 2432.03569096 2433.31031167 2504.22520938 2534.32554462
 2557.36621644 2599.92192833 2657.73988907 2673.57479892 2684.95458622
 2708.15012317 2789.16468752 2805.65695753 2814.92339909 2846.44262028
 2852.0108318  2873.38558679 2940.78375265 2966.50883122 3037.86972451
 3040.29043387 3056.17484323 3130.95986927 3132.01545882 3157.58707224
 3173.30964986 3184.05567678 3197.51857678 3220.76654655 3245.52836799
 3263.71452122 3264.66117851 3279.75549569 3330.49222656 3333.41549761
 3369.00687847 3389.62874091 3404.4596607  3407.73762824 3407.84276053
 3417.13286853 3417.50076489 3435.17758983 3462.3088878  3487.77143564
 3491.07566958 3616.41399498 3620.31272303 3646.93419273 3656.48529814
 3682.09297787 3701.39482005 3712.83684007 3714.91511949 3721.74738516
 3722.49837772 3751.80012087 3752.33774888 3767.20923493 3773.93490166
 3784.65872879 3810.20880909 3856.45318445 3876.97948117 3879.99941793
 3895.60089676 3911.88243552 3925.21827011 3943.27485796 3948.67140452
 3963.5969567  3983.19806259 4011.61024788 4020.82902325 4025.2459795
 4033.45956483 4044.20125845 4044.53442182 4047.79828949 4054.48168997
 4084.05099714 4112.04405324 4140.49050486 4156.18121614 4171.6074967
 4191.64663158 4202.39159183 4202.73148847 4206.13475476 4221.89869865
 4229.73105442 4246.07472589 4246.75821912 4310.7450521  4316.28896387
 4326.12053317 4338.01468204 4346.75886211 4346.77302864 4350.30686031
 4352.9367676  4409.23847669 4413.5790337  4414.32295967 4426.67040405
 4446.28690979 4470.68846813 4478.39565847 4479.10281813 4484.84742791
 4508.77122431 4516.3326161  4518.96232339 4533.99877448 4537.02041122
 4537.917269   4544.81693401 4550.66984271 4550.8631408  4559.98685044
 4560.20228164 4562.42179299 4565.05170028 4596.33439048 4610.90307953
 4613.9622159  4618.13470792 4629.86145845 4648.93653621 4649.68082884
 4668.13994603 4668.90477179 4671.15074955 4699.72416657 4705.90603869
 4711.03278791 4729.56333773 4747.23329607 4756.4999043  4759.79817164
 4783.83063364 4799.56664446 4802.90267809 4836.55611148 4842.53675225
 4848.97645514 4864.95643022 4872.32879054 4881.05517079 4885.73049115
 4929.77675495 4941.13880909 4955.33400184 4963.21062384 4970.88771448
 4978.72517019 4991.08504779 4997.9567464  5005.76046912 5022.38457115
 5027.15165728 5036.40919893 5040.61165731 5051.15008628 5080.16939889
 5081.63215107 5088.03778763 5090.11766703 5094.57948951 5098.9670794
 5109.47974195 5112.43497935 5121.45152339 5122.86230942 5135.81768112
 5149.02708363 5151.27686135 5154.33899769 5170.76856832 5170.82336778
 5196.27641571 5215.01276349 5226.37651761 5226.61408193 5246.23722093
 5247.72307288 5250.8105423  5279.2593939  5281.61820387 5297.05831763
 5297.42244735 5317.84334512 5319.235098   5325.22340537 5327.96651153
 5328.43830686 5330.15408987 5357.61048462 5374.58928314 5379.76146526
 5383.89429099 5384.22952101 5407.73715487 5429.09197672 5435.11251709
 5437.93862244 5444.17442735 5447.83069114 5458.16675545 5462.08418332
 5470.65846507 5483.02860923 5495.49451911 5510.16754046 5510.5743031
 5530.29800777 5543.95913915 5544.38943489 5554.45853517 5564.94543131
 5570.13874655 5571.37483431 5571.65229823 5573.70107794 5606.81944995
 5613.52745019 5642.40299756 5666.59092468 5671.27201166 5681.54280994
 5689.25243359 5711.18918301 5724.69038264 5729.65773344 5733.55422819
 5737.6690541  5747.94135237 5750.59322611 5761.54275101 5764.22455778
 5767.75582281 5804.60772452 5837.510932   5840.53153542 5861.24793026
 5884.54159957 5886.88304305 5910.46837614 5931.42270196 5934.89936753
 5942.67772383 5946.75398346 5946.78708313 5955.55182967 5976.555155
 5978.46226944 5994.39254501 6001.38207579 6002.08410217 6003.76318555
 6005.96799704 6018.90290228 6023.03139473 6031.12894787 6047.16215575
 6051.50734605 6067.44712153 6077.84795186 6080.82412238 6084.72405043
 6107.71412275 6116.40473668 6132.17658049 6145.2990172  6152.45957962
 6179.71407637 6189.77861003 6191.56395902 6193.98100175 6194.3331316
 6196.38627793 6211.31639674 6223.08674684 6228.75982399 6230.02034484
 6243.12608172 6259.9033489  6269.08199133 6275.25419687 6281.94753059
 6285.56669474 6313.36515278 6315.3521331  6317.05954953 6329.87465595
 6337.64061237 6340.71114863 6343.34805585 6346.79245507 6350.33781996
 6356.37706015 6357.78054625 6358.108943   6377.14555447 6377.6271497
 6380.48675472 6392.71936691 6393.1243629  6393.63325786 6397.90831552
 6402.6088023  6409.80729768 6410.67675574 6419.45916876 6422.55840473
 6437.70142143 6454.43908901 6477.00073224 6478.63018277 6498.91534854
 6512.58991312 6518.48212143 6527.38379994 6528.74555312 6538.24625904
 6538.47249013 6539.88014286 6544.91832629 6546.62980934 6547.20767029
 6551.37069573 6552.63631653 6560.32734036 6593.82934191 6603.18954921
 6610.36467816 6619.94051666 6626.02618972 6628.70676317 6629.26802428
 6654.32477614 6666.86121865 6671.21050891 6672.23339878 6675.95886189
 6683.57555312 6696.37139307 6698.47880553 6706.88345563 6712.56913265
 6728.49384161 6732.00570683 6734.00708701 6743.77702359 6760.10206192
 6762.43840545 6772.96760117 6775.63417477 6775.82283956 6779.91529904
 6781.53311635 6782.20367637 6800.20826473 6808.360384   6812.57310895
 6818.14615375 6828.71181579 6830.339033   6834.0152966  6845.12741988
 6847.57862894 6848.87104948 6850.13577028 6850.61966549 6850.89349611
 6851.95515227 6855.06735478 6855.10398775 6857.0277687  6869.18358165
 6873.32654062 6874.99632408 6880.3666709  6885.34602158 6886.85237333
 6898.47215826 6898.92745375 6904.54893141 6916.32324814 6922.92521609
 6923.7895742  6926.89081015 6927.29130618 6931.2779667  6936.17998482
 6938.45522896 6943.07128324 6956.88391312 6962.66308922 6971.8433983
 6978.24290159 6985.78099361 6989.78335397 7002.06116571 7004.89463765
 7006.99905014 7007.13138217 7013.24458829 7027.32811548 7049.84612581
 7056.63115862 7058.30654203 7063.08702802 7066.48106107 7077.07705614
 7081.33971392 7083.01549733 7086.06546712 7087.47681981 7087.58808538
 7092.08840747 7094.00725514 7107.05122596 7119.54916885 7120.85962254
 7122.98113487 7130.49922708 7148.33171714 7148.48334897 7151.26918805
 7161.25918912 7162.11648063 7162.6341755  7164.32145879 7176.0743424
 7178.72768279 7183.40703645 7210.39460251 7212.72564609 7217.16323548
 7219.24481487 7220.77806635 7221.20002884 7221.42802658 7230.51913655
 7238.39825852 7266.51551339 7266.59844591 7279.77314877 7296.0200212
 7307.86403724 7322.69725701 7336.79301741 7342.05236533 7343.06922192
 7352.23946444 7356.10579282 7356.55998832 7357.18618212 7362.85599263
 7367.81241021 7368.92526586 7382.11070195 7386.11319564 7403.13652705
 7414.25291696 7419.35309979 7419.96859369 7422.30307057 7423.95408756
 7433.70825762 7437.39032116 7442.29550592 7447.22929039 7448.43224514
 7449.21253741 7453.99759003 7455.70170648 7460.97462093 7462.14670932
 7478.71411192 7508.82594704 7510.80686076 7521.90475085 7524.11096233
 7525.13461886 7525.2389845  7526.98236723 7527.47919564 7528.42385296
 7532.33808086 7532.43921319 7543.2795725  7555.84118143 7558.46758876
 7565.85951555 7569.00018445 7571.50062635 7576.09824749 7579.23848305
 7584.15390104 7587.61296678 7600.45273963 7600.56513851 7604.6361982
 7606.30674832 7609.94154566]"
434,714748_2024-06-24_C-48,PL,True,"[  31.06710194   43.32074726   51.28370173 ... 7620.21487725 7620.48154128
 7620.62270654]"
435,714748_2024-06-24_C-49,PL,True,"[  20.39374098   20.98246848   20.99560168 ... 7620.3547092  7620.37317568
 7620.40280872]"
436,714748_2024-06-24_C-50,PL,True,"[  23.53950982   29.06055515   29.23162012 ... 7620.63587308 7620.66880609
 7620.7854716 ]"
437,714748_2024-06-24_C-51,PL,True,"[  21.28559881   21.44363058   26.01305199 ... 7620.24721026 7620.25354353
 7620.69747247]"
438,714748_2024-06-24_C-53,PL,True,"[  47.54403877   48.64889449   53.71701097 ... 7619.87251397 7619.91954684
 7620.63257311]"
439,714748_2024-06-24_C-54,PL,True,"[  21.07563422   21.23249934   30.16491088 ... 7620.41610859 7620.45630819
 7620.68137263]"
440,714748_2024-06-24_C-55,PL,True,"[  38.40226263   38.54956117   38.56319437 ... 7614.03443846 7614.05950488
 7614.36310187]"
441,714748_2024-06-24_C-56,PL,True,"[  21.31516519   21.37353127   21.41549753 ... 7620.24907691 7620.43810837
 7620.68847256]"
442,714748_2024-06-24_C-58,PL,True,"[  20.45524037   20.83596993   26.92627628 ... 7619.80278133 7620.47244137
 7620.7007391 ]"
443,714748_2024-06-24_C-59,PL,True,"[  20.28274208   20.54943944   20.69450467 ... 7619.86881401 7620.03024575
 7620.79707148]"
444,714748_2024-06-24_C-60,PL,True,"[  21.12286709   21.13123367   21.14400021 ... 7620.35304255 7620.3776423
 7620.52614083]"
445,714748_2024-06-24_C-61,PL,True,"[  20.30864182   21.26593234   21.27529891 ... 7620.5865069  7620.6306398
 7620.66450613]"
446,714748_2024-06-24_C-62,PL,True,"[  20.62340537   21.35503146   21.57206264 ... 7616.69984539 7618.02936556
 7619.42005179]"
447,714748_2024-06-24_C-63,PL,True,"[  20.95230211   20.97126859   20.99473503 ... 7620.2935098  7620.3108763
 7620.6067067 ]"
448,714748_2024-06-24_C-64,PL,True,"[  20.62810532   20.76507063   20.80653689 ... 7620.26304344 7620.36837573
 7620.45317489]"
449,714748_2024-06-24_C-65,PL,True,"[  20.98760176   21.0247014    21.55526281 ... 7620.48650789 7620.67700601
 7620.78987156]"
450,714748_2024-06-24_C-67,PL,True,"[  20.19514294   20.9271357    21.01883479 ... 7620.02081251 7620.27274334
 7620.37370901]"
451,714748_2024-06-24_C-68,PL,True,"[  21.00013497   21.05176779   21.25263247 ... 7619.39428538 7620.40050874
 7620.47390802]"
452,714748_2024-06-24_C-71,PL,True,"[  20.2871087    20.39660762   20.47754015 ... 7620.51010766 7620.59844012
 7620.76417181]"
453,714748_2024-06-24_C-76,PL,True,"[  20.18394306   20.18734302   20.23637587 ... 7620.60584004 7620.61440663
 7620.66150616]"
454,714748_2024-06-24_C-77,PL,True,"[  20.21304277   20.31884172   20.34177483 ... 7620.70443907 7620.75573856
 7620.76720511]"
455,714748_2024-06-24_C-79,PL,True,"[  20.91010253   21.38026454   21.73662768 ... 7620.39310882 7620.40097541
 7620.45450821]"
456,714748_2024-06-24_C-80,PL,True,"[  20.36787457   20.47690682   20.9096692  ... 7620.61070666 7620.68493926
 7620.78110498]"
457,714748_2024-06-24_C-81,PL,True,"[  20.38947435   21.30216531   23.94493914 ... 7608.73639093 7619.42365175
 7620.46870807]"
458,714748_2024-06-24_C-82,PL,True,"[  23.50487683   23.63670886   23.84927342 ... 7619.07328856 7619.24348687
 7620.22387716]"
459,714748_2024-06-24_C-84,PL,True,"[  48.47726286   51.00310451   52.65842145 ... 7619.50091765 7619.56758366
 7619.68011588]"
460,714748_2024-06-24_C-109,PL,True,"[  20.79793697   20.94023557   23.57770945 ... 7620.5533739  7620.68953922
 7620.7984048 ]"
461,714748_2024-06-24_C-113,PL,True,"[  20.28290874   20.39170766   20.40217423 ... 7620.74367201 7620.75903853
 7620.78007165]"
462,714748_2024-06-24_C-117,PL,True,"[  25.69912177   25.89868646   27.43557124 ... 7617.01970889 7617.71390202
 7620.32827613]"
463,714748_2024-06-24_C-120,PL,True,"[  28.79439112   29.03255542   29.23798672 ... 7619.17402089 7619.58145019
 7620.22931044]"
464,714748_2024-06-24_C-126,ACAd,True,"[  21.20223297   24.6160325    26.09738449 ... 7618.3319959  7618.95222309
 7620.65333957]"
465,714748_2024-06-24_C-127,ACAd,True,"[  37.21800769   37.3957726    42.45245586 ... 7619.38775211 7619.67038264
 7619.91854685]"
466,714748_2024-06-24_C-128,ACAd,True,"[  29.09032152   53.06785073   73.41314924 ... 7613.49441047 7614.80306418
 7617.73426848]"
467,714748_2024-06-24_C-130,ACAd,True,"[  21.34546489   21.71362791   22.05649118 ... 7620.45380822 7620.55447389
 7620.62757316]"
468,714748_2024-06-24_C-132,ACAd,True,"[  21.16819997   21.42136413   22.74971765 ... 7620.36767574 7620.61907325
 7620.76267182]"
469,714748_2024-06-24_C-134,ACAd,True,"[  20.70557122   21.69749473   23.77970745 ... 7620.48800788 7620.57597367
 7620.62980647]"
470,714748_2024-06-24_C-137,ACAd,True,"[  20.35890799   20.37530783   21.02636805 ... 7619.38591879 7620.38687555
 7620.45224157]"
471,714748_2024-06-24_C-138,ACAd,True,"[  20.223476     20.31870839   20.77430388 ... 7619.62268311 7619.76501504
 7620.58257361]"
472,714748_2024-06-24_C-139,ACAd,True,"[  47.01357735   50.60907508   56.60498236   64.00287577  176.4634287
  211.60024739  221.88641219  248.08371942  255.76291003  261.34455476
  263.90549606  264.05849455  264.12229391  283.38853645  331.1449635
  336.07871464  346.15908147  461.75523668  468.7817671   491.64124071
  591.81541532  615.41421495  626.18547494  630.54406511  641.68782141
  693.70023965  697.75876612  780.41424756  835.75653282  841.63410794
  884.54828295  884.58968254  899.10640544  917.30749186  923.39843153
  954.42382428  984.67915798  988.47635371  991.67752201  997.03650227
 1000.19293768 1016.06704714 1021.61805883 1045.02619368 1053.20837931
 1054.10713708 1110.77114258 1113.32908392 1121.20617257 1138.73783229
 1141.48767172 1144.60177421 1148.11923938 1152.44316322 1160.82164692
 1163.20012336 1193.73615428 1204.64867955 1204.82071118 1208.406709
 1353.2600078  1379.47154821 1431.05217073 1442.82202083 1444.38967197
 1444.58683669 1450.14941493 1526.85872192 1539.56436276 1549.469398
 1550.06622542 1560.35175689 1564.94831137 1569.092437   1571.74361074
 1608.85140992 1664.28052765 1674.18032961 1675.94584546 1676.16854325
 1684.55459353 1686.57264022 1709.5868123  1791.31126962 1792.89645392
 1817.63764223 1825.51186425 1829.74605565 1833.0258565  1835.61576419
 1837.63451086 1849.3409616  1857.94667637 1881.08168059 1892.06293851
 1895.65680291 1896.55069406 1897.33805293 1898.26231044 1904.5816812
 1919.21740292 1930.41452536 1937.35602329 1972.15457866 2007.00800016
 2018.75438384 2024.78462412 2036.11514524 2058.00286181 2087.69223445
 2111.56803134 2142.05009613 2153.11935317 2210.31872004 2245.1292753
 2252.86296538 2253.99058754 2270.25509313 2301.25545279 2318.44508256
 2355.09411961 2383.76650232 2387.68156355 2400.74366753 2419.20108474
 2420.49920521 2429.52014921 2438.89212306 2452.66905329 2466.01432113
 2469.10782383 2475.2298632  2477.95706952 2482.07466208 2491.82006556
 2497.99473775 2503.51444975 2530.53021554 2544.38207836 2545.73629828
 2559.9957904  2562.10820281 2570.31638819 2570.36928766 2579.74672813
 2609.04013803 2628.60027765 2629.12590578 2647.91391971 2665.67521048
 2685.4515813  2688.17195436 2693.17807145 2694.30379363 2701.4624894
 2703.07137347 2710.69233133 2717.74549481 2730.54986801 2744.12073361
 2748.57855613 2756.26927996 2760.23134073 2767.44790259 2801.55589814
 2810.76474028 2828.17916781 2845.72179408 2872.37023017 2901.07394591
 2930.88791732 2939.06273636 2939.15203548 2939.2307347  2943.72175689
 2947.40702039 2954.5552496  2954.62901554 2954.9458124  2967.9043174
 2970.46492537 2974.97281407 2983.34523115 2983.78506013 2984.38518752
 2992.54460671 2998.87061073 3008.58134789 3010.6679939  3019.84903631
 3051.70765413 3052.46707995 3079.19684856 3086.68010779 3089.40991409
 3101.29352973 3110.40053954 3122.6025187  3193.62304869 3195.60942902
 3213.63975046 3213.69848321 3219.37602699 3229.18359653 3233.40638804
 3236.90135343 3238.85296743 3249.06896626 3250.29862075 3251.72210665
 3268.13011082 3278.43187547 3298.35857813 3299.88866297 3301.36438169
 3313.38556264 3317.17229181 3339.36487203 3342.39227538 3351.9998469
 3365.44538041 3378.78061501 3390.226135   3401.31275854 3402.44398067
 3410.96012966 3447.64546635 3474.64829893 3483.26171363 3484.21553752
 3487.79026879 3488.62992714 3491.81489559 3499.96141492 3530.53454547
 3534.71903737 3534.7260373  3536.90251574 3554.74543904 3557.49974509
 3559.47319222 3591.24604423 3605.22437246 3608.84593659 3611.99130544
 3614.76487798 3618.9765696  3630.7131867  3644.75394765 3661.04291967
 3674.59448546 3703.17636907 3706.02700751 3709.11277695 3709.12127687
 3714.65872203 3722.71987553 3722.86800739 3762.53131459 3766.90403796
 3785.79171757 3802.4936855  3802.95708091 3813.24427903 3815.27185895
 3817.07657441 3827.55837061 3828.38649574 3835.96188738 3846.30248498
 3846.33828462 3852.32409201 3860.33407935 3864.24930724 3872.08546297
 3877.20407895 3877.90007206 3917.99474165 3931.04701239 3931.84220451
 3939.61059425 3947.97081145 3958.50010718 3962.75063175 3963.81342123
 3980.49962264 3984.05708741 3989.47220045 3990.76875428 3992.5768697
 4023.79419388 4027.4411911  4030.61435967 4034.17375776 4039.69840304
 4040.77905901 4081.83241911 4101.6314897  4108.98341689 4120.69553423
 4124.18263303 4131.75985799 4136.2925131  4139.17268458 4167.34610557
 4169.74358183 4189.68411768 4195.09943072 4200.87664017 4201.9342297
 4202.68932222 4202.95208628 4205.18403085 4206.21885393 4211.93986394
 4240.82731119 4246.703153   4249.55625808 4250.54288164 4252.65519406
 4254.05964681 4280.6952497  4282.23050116 4287.85544546 4310.26445686
 4310.57922041 4313.4311255  4316.34919661 4318.87017164 4332.89563274
 4350.94765396 4352.25774099 4354.36335347 4360.52289247 4362.8526694
 4364.81368331 4376.32693596 4400.7012279  4415.92484381 4426.85763553
 4436.04541121 4443.69543545 4463.6199048  4470.94836555 4476.12444763
 4483.40984214 4488.843755   4508.466494   4521.41313245 4523.53714475
 4536.31775151 4540.11654722 4544.25277293 4544.55260329 4545.16176393
 4552.58252377 4560.36251339 4560.73910966 4561.63376746 4570.53117935
 4576.6653186  4577.96550573 4579.91251978 4592.89222457 4595.38863318
 4600.5256823  4602.27073169 4602.94789165 4630.55845155 4632.32740069
 4634.88904199 4636.37309396 4639.34289788 4653.30925957 4654.25388355
 4682.31700563 4685.15427753 4694.23428761 4698.86424176 4700.13039588
 4704.4072202  4709.78913356 4716.57953298 4732.531975   4744.79208692
 4748.13478715 4749.97713557 4750.2535995  4757.67265936 4766.82166875
 4776.82383636 4792.8308445  4821.31532908 4847.56226915 4850.62477215
 4860.28254317 4860.32717606 4862.38632234 4877.68897079 4884.78176722
 4884.98963182 4890.45974432 4890.49921059 4894.96726634 4905.86619174
 4924.30660912 4926.39412178 4931.52963759 4933.98167997 4938.53070159
 4940.53001512 4954.90883939 4964.52807746 4980.21162214 4982.89096227
 4984.28011518 4990.95081579 4995.10890794 4996.08099831 4998.45257483
 4998.78050491 5026.33073207 5032.77760156 5043.03283333 5052.90293559
 5056.46800028 5062.43970781 5071.80221509 5072.1639115  5083.98952772
 5089.58727229 5092.81487366 5097.48809404 5101.09095836 5102.26174677
 5107.18889797 5111.77458589 5117.08953326 5123.17263968 5138.93158361
 5142.22625098 5152.00838744 5152.65294773 5156.63487496 5157.7889302
 5165.76131791 5190.255742   5201.20160026 5208.19379768 5211.67022992
 5215.15979536 5217.73083657 5218.32063073 5227.59060559 5231.15960358
 5258.61103172 5259.59322199 5276.00215949 5299.27539567 5307.01458569
 5315.35000315 5316.0277631  5325.91583184 5337.30765236 5338.2327432
 5342.27316985 5363.61692514 5367.48692015 5369.72453132 5378.5451773
 5382.13427509 5385.5126083  5401.08242077 5406.0176719  5418.12325201
 5458.91251473 5460.83976231 5465.98871132 5466.11637672 5471.01659486
 5472.78591067 5474.82529047 5475.2601195  5475.55764989 5490.96729728
 5512.60808296 5519.93234376 5527.65873391 5534.72546393 5540.79953711
 5544.20847001 5546.75074483 5559.71291647 5567.75757013 5574.27550558
 5578.16423374 5580.9181398  5588.74932891 5593.06971945 5602.16062942
 5608.00477155 5608.64839851 5609.17049334 5609.32602513 5627.42171259
 5639.77099029 5641.09254387 5645.50816681 5646.11732744 5648.88716667
 5657.85601119 5660.82061516 5663.84071858 5668.50120576 5674.51617953
 5676.21049608 5676.44132713 5685.40617168 5698.265311   5700.34645706
 5708.39251071 5717.43892112 5725.50627456 5733.98412393 5734.03702341
 5735.2395115  5739.45873638 5739.48173615 5740.17206265 5746.36950127
 5746.63953193 5746.83033004 5752.76263796 5767.42895938 5769.16657551
 5792.46421145 5798.07642253 5799.51640827 5799.85923821 5800.36693318
 5804.6870904  5805.31538418 5807.24953169 5807.84699244 5823.50317072
 5829.45694509 5831.16906147 5845.83338291 5846.56184237 5884.54749951
 5884.63859861 5891.06940159 5894.63096632 5895.41909185 5902.54535461
 5930.44321166 5934.04774263 5940.8662751  5944.27084139 5950.43474701
 5953.94857888 5955.85689331 5958.26483613 5959.16716053 5962.18003069
 5964.17647759 5966.64625313 5970.26281731 5976.23099154 5984.22291239
 5992.14456728 5994.13584755 6022.96166208 6028.3953416  6028.85723703
 6044.33225044 6048.28204466 6064.85571386 6068.54637731 6068.87110742
 6076.74672943 6077.5135885  6087.13065993 6088.36778101 6093.44236409
 6096.19180352 6099.00584232 6099.53183711 6100.22873021 6110.22516455
 6119.16390936 6131.71608505 6132.28824605 6135.70794552 6135.7194454
 6148.89131496 6183.21797501 6193.9459021  6204.86209399 6232.17969012
 6236.97344265 6241.18110098 6256.10801982 6267.58797279 6268.61212932
 6269.59648624 6280.41911239 6281.76999901 6304.16814386 6308.85879741
 6328.01134107 6330.6636148  6347.79387849 6358.87513541 6377.70334895
 6381.94477361 6387.73684958 6392.20673865 6397.0750571  6409.07910489
 6414.4362185  6414.65624966 6424.45481929 6425.88900508 6434.42535388
 6436.75256416 6441.51641699 6446.1839041  6447.37672562 6450.54519424
 6458.17931863 6464.85375253 6466.63903485 6480.66889591 6506.24614261
 6507.22143295 6524.73375952 6527.29736747 6532.29648463 6542.3021522
 6545.02849187 6546.74730818 6547.99826246 6548.12356122 6548.25725989
 6561.86599179 6567.75170017 6571.79806009 6583.25721328 6592.44838892
 6599.99131422 6604.50130289 6607.82190334 6629.40175629 6641.15343991
 6646.24465616 6660.60418062 6664.77147268 6669.92042169 6681.5411066
 6692.40706566 6692.44369863 6693.15475826 6696.3374934  6699.339897
 6705.05954036 6705.35120414 6710.53025285 6714.03281816 6744.94264538
 6751.96350918 6754.56121679 6763.61512713 6765.93600414 6768.57864464
 6769.15327228 6770.56589163 6800.5887943  6804.3313239  6812.02284773
 6824.21016037 6831.21895762 6840.47983258 6840.57856493 6842.89240868
 6867.57889754 6872.42294957 6875.45795284 6884.76972729 6891.72765838
 6894.00076921 6907.87619846 6910.918135   6911.39753025 6918.35206138
 6924.31696897 6932.15285804 6950.52497609 6955.58719263 6957.76520439
 6963.67577919 6964.8795006  6970.71817611 6971.36033642 6973.64711377
 6980.79747629 6984.17920947 6985.50659632 6985.59279547 6995.82049418
 6995.9166599  6998.66996596 7001.95246679 7005.07573586 7009.06776299
 7010.46908245 7022.16926657 7025.8181971  7027.73087816 7030.44601794
 7041.14377866 7041.95263732 7047.7535132  7052.32656792 7070.29042335
 7074.61734716 7078.98393725 7080.46895588 7085.92423519 7086.7340605
 7087.75861702 7114.55195168 7116.66479742 7118.53407891 7124.27855535
 7126.21170287 7133.66116243 7134.25568988 7137.57445701 7147.87588832
 7154.89195217 7155.46594649 7165.13625072 7172.07171537 7184.81025588
 7185.8450123  7186.15220926 7186.84493573 7188.57405194 7193.76440054
 7196.59147254 7200.5471667  7203.70140213 7204.82889096 7207.85756097
 7235.20502347 7236.28771275 7237.19050381 7240.18274084 7241.57089376
 7244.5323311  7244.95079362 7250.17674187 7257.22413874 7261.58326224
 7262.75355065 7268.64899227 7273.45187803 7279.34891963 7281.48826511
 7295.24299556 7295.45569346 7322.04373014 7323.98011097 7334.1990431
 7341.81380102 7346.10985848 7360.31498446 7374.0982813  7375.608833
 7378.86263411 7380.89618064 7383.29492355 7385.62160051 7397.32345129
 7401.80554024 7406.20403001 7408.6453725  7409.87126036 7413.12419481
 7414.21501734 7414.47624809 7414.64187978 7434.57404905 7438.47404376
 7439.61866576 7439.85966337 7442.59316963 7454.94411398 7456.5013319
 7467.35472441 7493.70209682 7496.40170342 7497.21156206 7500.04853397
 7500.28953158 7501.63028497 7503.80116347 7504.88691938 7509.91863622
 7513.60563304 7515.99304273 7526.70250334 7533.43490333 7544.41436126
 7545.97317916 7547.806261   7559.62551062 7567.26710161 7568.34712425
 7568.53322241 7571.47675992 7576.62700892 7581.04093187 7581.36966195
 7581.58689313 7582.15562083 7587.85363107 7589.23945068 7593.07607935
 7593.96707052 7598.61572449 7602.88694885 7603.19821244 7604.91469544
 7620.57550701]"
473,714748_2024-06-24_C-141,ACAd,True,"[  30.61470642   31.35646574   31.4148985  ... 7620.61543995 7620.63940638
 7620.72883883]"
474,714748_2024-06-24_C-142,ACAd,True,"[  20.27717547   20.48647339   20.64053853 ... 7619.44725152 7619.62478309
 7620.03864566]"
475,714748_2024-06-24_C-143,ACAd,True,"[  37.18737466   42.32542378   42.86628509 ... 7620.41900856 7620.44877493
 7620.53884071]"
476,714748_2024-06-24_C-146,ACAd,True,"[  20.33157493   20.8127035    21.11426718 ... 7620.66137283 7620.68893922
 7620.77553836]"
477,714748_2024-06-24_C-148,ACAd,True,"[  20.20377619   20.23557588   20.27187552 ... 7620.62373987 7620.65837286
 7620.72857216]"
478,714748_2024-06-24_C-149,MOs,True,"[  38.39872933   46.4599495    46.91391167 ... 7618.64739277 7619.0650553
 7620.4453083 ]"
479,714748_2024-06-24_C-152,MOs,True,"[  22.39198785   25.18699351   46.89571185 ... 7611.63062893 7617.57160343
 7620.46434145]"
480,714748_2024-06-24_C-153,MOs,True,"[  20.90150262   20.93933557   21.1861998  ... 7620.38724221 7620.52047422
 7620.7415387 ]"
481,714748_2024-06-24_C-156,MOs,True,"[  37.17384146   42.45012255   45.84055564 ... 7620.57260704 7620.6268065
 7620.72817217]"
482,714748_2024-06-24_C-157,MOs,True,"[  27.46730426   27.96223269   28.47256097 ... 7615.23912653 7615.57205656
 7620.31710957]"
483,714748_2024-06-24_C-158,MOs,True,"[  21.26833232   21.35853142   21.5829292  ... 7619.0186891  7620.02204583
 7620.2875432 ]"
484,714748_2024-06-24_C-164,MOs,True,"[  32.37375567   32.58192027   32.66631944 ... 7619.19185405 7619.30048631
 7619.51301753]"
485,714748_2024-06-24_C-168,MOs,True,"[  29.50911737   43.64221074   50.12124658   51.31850139   51.58419875
   54.35500465   55.80482362   56.93877906   57.11537731   72.75542242
  147.41448305  184.33605073  193.92445577  202.03834209  208.18708119
  236.32443587  257.98012141  265.94374254  297.86865971  300.63953227
  336.94927268  355.65015415  356.56974504  357.96006461  365.88248615
  371.37859838  372.83388397  465.37730081  468.47850344  483.25715708
  501.75504055  521.27991386  524.34361685  524.53291497  549.28960313
  584.32785614  600.1540994   636.57710536  637.58636203  654.68625935
  693.53540795  704.30336798  723.13444815  730.22914456  739.85211593
  746.6740817   751.48873402  771.44166975  772.32632766  803.36002032
  812.66882813  839.47879595  847.93284556  896.62223004  974.33509376
  984.55909251 1251.59928125 1282.15647863 1297.01693146 1336.83357047
 1417.6418702  1418.48696183 1429.44925327 1430.03878076 1460.94937464
 1542.97176235 1572.41583742 1653.24053698 1659.12391205 1799.99795026
 1810.90877554 1825.60949662 1833.88641465 1844.50537615 1875.29950452
 1878.13400978 1879.35566435 1892.94329645 1906.6711605  1907.62225108
 1908.21617853 1912.16577275 1927.94568315 1933.80969174 1957.1324941
 1957.49809048 1958.3672152  1961.67811575 1962.77603821 1963.52326414
 1975.1765154  2020.96839524 2022.26608239 2042.2547511  2063.80933764
 2083.35117744 2112.08602621 2112.70468675 2114.10917284 2120.22457894
 2144.58613768 2146.20138835 2151.82133269 2157.69380787 2202.93362651
 2204.81160791 2223.32639122 2243.79938847 2298.40984764 2330.49826319
 2341.58195343 2354.62872422 2354.92698793 2382.09528554 2419.16998504
 2428.36469399 2458.15123233 2462.41489011 2462.55682204 2482.15766126
 2491.29317078 2515.06733534 2515.27603327 2523.40011948 2540.89787953
 2555.74619915 2556.20332795 2561.47667573 2563.87821861 2565.45973629
 2571.73944076 2571.92790556 2579.37929843 2585.56707049 2591.76984239
 2602.99529789 2635.11817977 2687.06456532 2687.20636392 2693.43916886
 2693.69969961 2693.92689736 2694.29869368 2695.34128336 2701.14662586
 2702.26334814 2702.54147872 2703.78589973 2703.91723176 2704.65865775
 2735.50081897 2743.46654009 2752.12405435 2755.73465193 2765.72501965
 2770.34290725 2783.99040543 2801.32896706 2840.01821724 2848.26500223
 2887.28011585 2896.34079279 2904.13994888 2942.70633361 2952.09020735
 2954.91494604 2969.56836759 2972.27860741 2980.46732632 3010.82579233
 3034.84758777 3053.14247326 3057.18123326 3070.8866642  3078.92725123
 3090.23970587 3134.36460222 3141.83692822 3163.0033186  3167.35730881
 3169.07452514 3170.09908166 3170.52091082 3170.75017521 3177.43774232
 3193.9049459  3196.22682291 3196.3054888  3236.45519118 3243.84015138
 3246.29709371 3271.28897954 3282.0095067  3294.72951407 3303.72539164
 3307.93021667 3310.97075322 3332.72853775 3337.6143227  3340.76199152
 3343.76786176 3344.14262471 3344.31718965 3345.31991305 3345.39057902
 3345.43797855 3345.52551102 3346.08360549 3346.64753324 3348.16728485
 3352.79963898 3356.74339992 3360.34116429 3364.13029343 3364.2544922
 3403.56910286 3403.8777998  3405.83901371 3410.48233439 3410.60889981
 3421.07092953 3422.25705112 3444.50289748 3470.09447737 3488.36786306
 3493.50271221 3493.65657736 3500.23127891 3500.23941216 3503.75184405
 3526.46958573 3576.93278598 3638.43231026 3652.37113888 3653.27022998
 3657.89468418 3714.03329489 3738.68921738 3750.43583438 3753.98193259
 3777.37856756 3779.63324523 3785.15539054 3821.26669958 3827.67963607
 3833.97690704 3834.6849667  3835.75595609 3853.73427804 3872.77912277
 3876.87624886 3886.77348418 3927.6936456  3937.49704851 3938.00937677
 3947.47791633 3963.65922275 3964.16311776 3966.30852985 3975.9360345
 3986.44876373 3988.9484723  3990.78058749 3996.83296089 3997.96664966
 4000.14966137 4001.73717899 4001.91014394 4016.21473561 4029.23420667
 4117.51619905 4122.74014732 4128.70538824 4134.15836757 4135.76915162
 4167.7839679  4173.54397752 4174.24560391 4180.02821331 4187.13010964
 4203.75754497 4275.89939719 4277.47938155 4288.94993462 4304.77804453
 4309.58526359 4329.32693475 4329.78523021 4330.75428728 4337.48975391
 4358.27271475 4370.02783167 4410.86839388 4467.57733227 4496.41654667
 4498.64939122 4514.59859994 4528.25933132 4538.34859807 4573.07602081
 4574.17734324 4575.05393456 4578.88696327 4579.03209516 4605.3290014
 4613.0366584  4613.81231739 4639.16226634 4640.92248224 4643.72485449
 4647.58991621 4648.48137405 4652.34143582 4653.27622656 4657.08768882
 4657.89668081 4660.33585665 4660.45462214 4660.5766876  4661.80717541
 4663.47055894 4666.83949224 4667.02562373 4673.53869256 4680.31442546
 4682.27110608 4690.80235493 4720.94095646 4733.96599413 4739.03174396
 4757.25089687 4758.15398792 4777.85625947 4780.54429952 4787.1526674
 4795.84438133 4800.31590371 4809.10961662 4811.88472247 4831.58052742
 4833.48460856 4835.38815638 4845.52918928 4849.41041751 4870.55530811
 4886.29661888 4890.57780982 4891.27393625 4901.65603344 4909.8289525
 4914.61220513 4926.80681769 4958.88083339 4961.53414044 4984.67674459
 4992.03227174 5027.25028963 5032.78316817 5046.20443526 5117.72519363
 5132.11981774 5135.93751326 5140.27357032 5146.49977533 5189.81674635
 5205.36935899 5208.81562486 5229.90781598 5257.95317157 5260.6631114
 5263.13612024 5272.78505801 5304.10981446 5318.59163771 5335.20427319
 5393.8326259  5399.58366895 5405.31294554 5405.91650623 5413.91192705
 5422.2475445  5427.04676364 5437.40862769 5469.56247592 5486.3571096
 5513.35337558 5526.95727419 5540.01034492 5552.33242289 5574.07447424
 5593.67994674 5621.05620896 5627.15968185 5641.03651109 5646.41559115
 5670.86644901 5697.42835262 5728.83014164 5735.57807481 5810.76283023
 5845.824883   5866.77154222 5871.01963348 5884.11847043 5911.32933428
 5917.79060363 5926.52321715 5929.01799244 5958.18687024 5960.36648198
 5962.37866206 5963.8886471  5964.5521072  5970.01708641 5970.68001318
 5972.09909913 5972.51602833 5979.6578576  5983.31225474 5985.72829748
 5986.24089241 5986.30022515 5987.60814553 5989.55419293 5991.39544136
 5992.77256106 5993.19702352 5993.84695042 5995.14303758 5995.23537
 5998.43353833 5998.61080324 5999.01006595 6005.74943254 6010.23885475
 6021.87403952 6030.41232163 6036.86495773 6068.23931368 6075.56857443
 6138.94804676 6210.03687608 6273.94320986 6277.53360763 6284.28157414
 6350.064556   6353.15742537 6415.72357242 6461.01759053 6463.35323406
 6479.89500358 6495.43831631 6496.68123734 6498.42842003 6500.94116181
 6510.17650369 6512.38208184 6547.50070072 6547.96529612 6556.12181534
 6570.57540554 6602.27642492 6606.9676118  6666.96405096 6670.31705109
 6693.26799047 6703.27052474 6715.20097326 6715.77890087 6726.66035977
 6763.2377642  6781.90247936 6804.6205877  6879.61797831 6879.94210843
 6889.00618534 6891.27846283 6894.13856784 6894.88142715 6895.52368746
 6896.01611591 6896.1592145  6896.79060824 6897.06327221 6903.94670404
 6907.76823286 6924.90566314 6926.78181123 6957.16574366 6975.72679318
 6977.47314255 6999.65558954 7029.39379503 7043.94541758 7058.1105773
 7146.03857319 7154.66415443 7161.79211717 7189.65507457 7189.78014
 7203.86576717 7253.44634282 7290.27911139 7317.03574641 7349.52562465
 7411.09661489 7412.07183856 7415.82396807 7416.19039778 7417.27792034
 7417.87798106 7418.00837977 7418.44840875 7421.5830777  7422.39123637
 7424.40684974 7426.97782428 7431.34734767 7448.92727357 7452.20217447
 7459.5129354  7465.09584678 7503.39610081 7553.75176879 7607.24810566
 7609.6649484 ]"
486,714748_2024-06-24_C-169,MOs,True,"[  20.73943755   21.19053309   22.75248428 ... 7618.75852501 7618.84532415
 7619.1125215 ]"
487,714748_2024-06-24_C-171,MOs,True,"[  20.1932763    20.21417609   20.24560911 ... 7620.71240566 7620.7319388
 7620.75663855]"
488,714748_2024-06-24_C-176,MOs,True,"[  21.07373424   21.20483295   21.29849868 ... 7619.71324888 7619.90591364
 7620.69563916]"
489,714748_2024-06-24_C-177,MOs,True,"[  20.21094279   20.23720919   20.37894112 ... 7620.49360782 7620.49464115
 7620.78023832]"
490,714748_2024-06-24_C-179,MOs,True,"[  20.81910343   20.94170222   23.99877194 ... 7620.51030766 7620.52350753
 7620.7077057 ]"
491,714748_2024-06-24_C-180,MOs,True,"[  21.4175975    27.52140372   28.25172982 ... 7620.43184177 7620.63003981
 7620.76833844]"
492,714748_2024-06-24_C-185,MOs,True,"[  21.52702975   23.37087816   25.89955312 ... 7619.48421782 7619.92381347
 7620.02071251]"
493,714748_2024-06-24_C-187,MOs,True,"[  20.19124298   20.24897574   20.34574145 ... 7620.72877216 7620.75217193
 7620.78273829]"
494,714748_2024-06-24_C-189,MOs,True,"[  21.45633045   21.84449328   22.73228448 ... 7618.38476204 7618.42879494
 7619.24095356]"
495,714748_2024-06-24_C-190,MOs,True,"[  23.45901062   25.21609322   27.9615327  ... 7620.60304007 7620.69080587
 7620.79133821]"
496,714748_2024-06-24_C-193,MOs,True,"[  60.91540634   71.66543322   71.79913189 ... 7619.75524847 7620.13981133
 7620.40064208]"
497,714748_2024-06-24_C-206,ORBvl,True,"[  21.44329725   29.65484926   43.89564156 ... 7620.39674212 7620.45400822
 7620.69277252]"
498,714748_2024-06-24_C-207,ORBvl,True,"[  35.49139146   35.49519142   35.98695322 ... 7599.35328385 7599.35831713
 7604.44536675]"
499,714748_2024-06-24_C-208,ORBvl,True,"[  20.64990511   21.16093338   21.87882627 ... 7592.08192253 7595.09332604
 7597.94939775]"
500,714748_2024-06-24_C-209,ORBm,True,"[  24.99822871   41.19110168   57.7628709  ... 7619.10155494 7619.27861986
 7619.33418597]"
501,714748_2024-06-24_C-211,ORBm,True,"[  20.1862097    20.93793559   21.27029896 ... 7620.01264592 7620.03377904
 7620.0447456 ]"
502,714748_2024-06-24_C-212,ORBm,True,"[  20.80363692   21.07193426   21.33836496 ... 7614.76159792 7616.70264537
 7617.36420548]"
503,714748_2024-06-24_C-213,ORBm,True,"[  20.79050371   41.34193352   41.42966598 ... 7616.99554247 7617.57937002
 7620.22501048]"
504,714748_2024-06-24_C-215,ORBm,True,"[  68.31006645  138.61860349  170.64131969  243.33939973  705.95045167
  709.49011661  866.04776617 1145.71529652 1180.35078684 1219.09486981
 1468.08923727 1475.05453496 1773.81924285 1773.84630925 1837.42941289
 1837.51821202 1880.1150235  1880.12509006 1944.6785841  1962.02111235
 1983.64013158 2011.95668449 2012.02895044 2026.84283707 2036.59907378
 2211.73740599 2225.56666903 2225.67186799 2226.30646171 2258.11668001
 2265.57787279 2266.84752688 2266.90659296 2320.14056577 2383.77246893
 2393.55123876 2452.16052499 2487.82420514 2488.26493411 2488.27716732
 2529.66982406 2530.78404636 2534.57390883 2569.15973298 2574.57094605
 2593.20429485 2606.22949919 2612.62480253 2635.54020892 2637.38609064
 2664.20469171 2779.52481632 2822.32002584 2835.81295888 2853.01538852
 2862.80449157 2959.05700502 2980.20862888 2986.03980446 2992.39837483
 2996.62936626 2998.5601138  3016.52213592 3031.90658356 3034.18999428
 3056.89010281 3056.89676941 3056.92003585 3105.47298834 3105.52888779
 3122.78885019 3128.4255277  3129.6612488  3166.48161749 3174.58527057
 3204.47377457 3209.36969275 3226.70708772 3233.82875052 3235.75779809
 3245.98733011 3246.02146311 3246.24806086 3275.51910432 3296.38989762
 3308.73924199 3326.39720045 3326.46519978 3353.11000257 3357.37776031
 3357.39969342 3378.06782207 3384.43509235 3398.5698857  3402.09028417
 3409.71940862 3409.74010841 3418.20172461 3420.10600575 3423.19294185
 3427.60493149 3480.57404025 3480.63363966 3487.11214217 3501.44916685
 3504.43100399 3555.759229   3609.78152733 3611.81317388 3620.29115658
 3625.96900035 3626.07696595 3630.94635106 3642.43723726 3660.86338811
 3694.29639035 3695.61671061 3695.94734066 3696.82256533 3696.88946467
 3701.38845345 3701.41875315 3745.94101223 3774.90982534 3779.94957543
 3783.41890774 3784.34386524 3784.35929842 3784.48843048 3786.67174219
 3797.10157223 3797.13313859 3797.34380317 3803.25827793 3830.17957798
 3839.63005106 3839.75911645 3840.08461322 3840.10131306 3840.23011178
 3840.28157794 3843.92587518 3843.98500793 3846.1722196  3851.35173497
 3851.39546787 3851.42256761 3853.10505094 3862.71875574 3866.08548906
 3866.09055568 3875.15643256 3876.46258629 3882.26666215 3905.75169623
 3921.10717749 3923.23172312 3923.25825619 3923.28212262 3953.11842714
 3962.60909982 3962.98279612 3963.05326209 3968.58564063 3985.78243699
 4026.21853654 4026.72193155 4031.59621661 4058.36841815 4068.10042177
 4070.54619755 4086.20760911 4086.23904213 4088.89361585 4089.09954714
 4104.20849751 4104.226064   4107.02786959 4107.25140071 4119.46324644
 4121.57352554 4134.38199869 4150.07727659 4155.79555329 4166.27808281
 4167.19420707 4179.37225314 4179.39548624 4181.80012909 4191.38166754
 4199.60718608 4199.97431577 4200.19141362 4217.44697607 4225.04583415
 4225.5894621  4229.75935414 4232.70539163 4237.3557789  4247.68877657
 4247.79170889 4249.63232399 4264.42574415 4267.79814409 4283.96601731
 4290.15648933 4321.88857508 4322.28520449 4322.43300302 4328.00738115
 4328.10694683 4328.13051326 4328.17587948 4348.48307837 4367.66168844
 4373.59752965 4374.57731995 4375.1309478  4414.80042161 4417.2586306
 4430.9609949  4430.97722807 4431.02742757 4431.1290599  4435.29555197
 4437.86995981 4440.12843744 4440.18320357 4446.19627735 4446.31694282
 4462.89071202 4466.68837441 4476.97140591 4476.99387235 4511.16026732
 4511.19850028 4531.45883296 4531.49806591 4542.41229116 4545.01183208
 4545.24462977 4555.35416299 4563.42368307 4563.43198299 4563.46344934
 4563.84024561 4564.89953512 4577.50874358 4577.61207589 4583.27758645
 4583.45158473 4586.86628424 4590.23271757 4590.28781703 4590.31188346
 4590.3204167  4590.34421647 4597.90037497 4597.98414081 4598.02764038
 4598.06697332 4598.43833631 4599.53175881 4602.65089459 4602.71102733
 4602.75662688 4602.88929223 4603.02119092 4605.234969   4609.06363108
 4609.89798949 4612.18246686 4615.64299926 4635.28633806 4635.39427032
 4635.41247014 4635.51910242 4638.24824206 4643.76328744 4644.042918
 4651.71550869 4677.96204876 4678.745041   4679.22216961 4679.37310145
 4697.11059246 4711.06542092 4722.77953825 4727.19392786 4733.40043307
 4737.94328808 4740.36846406 4742.90320562 4743.10683694 4758.68601599
 4758.93841349 4768.63861742 4769.87447185 4802.54114834 4805.70771698
 4805.76574974 4808.74632022 4812.2856185  4814.52129636 4814.99555833
 4824.58829667 4838.83975553 4839.18985206 4867.46783868 4872.52172196
 4872.92015135 4873.11228278 4873.48344577 4883.11338374 4890.48887736
 4892.89308689 4893.63001292 4893.66591257 4894.87003397 4896.6752161
 4896.68941596 4924.13341084 4926.84971727 4965.24333704 4965.31436967
 4966.65522306 4967.02688605 4967.23168402 4970.15632172 4988.9802353
 4989.05350124 5001.39917898 5001.64367656 5010.34382373 5013.92232162
 5017.75681698 5019.24403559 5019.25360216 5020.49962315 5025.17831015
 5038.8322416  5052.61967172 5055.40314416 5058.69894485 5058.80427714
 5058.97554211 5077.3035606  5077.32269375 5077.33899359 5077.41559283
 5077.47479224 5084.0325273  5084.0385939  5084.15045946 5084.19435903
 5084.22349207 5093.56889952 5103.04627233 5148.44128943 5153.52787239
 5153.56673868 5162.28595233 5170.24814014 5188.43869333 5188.73675704
 5193.61214209 5202.65151924 5208.54482754 5210.0059464  5210.0099797
 5210.3224766  5212.03242634 5214.4998019  5215.24802782 5215.30362727
 5215.34139357 5239.70978557 5240.76217515 5247.18507821 5247.32317684
 5247.36957638 5250.52211183 5251.90513146 5252.02289696 5252.03589683
 5253.97087767 5254.02654379 5273.31595276 5273.47368453 5273.57408353
 5273.65911602 5273.8539141  5277.02651601 5277.263447   5277.65967641
 5277.79907503 5281.69230314 5283.76991589 5292.21849889 5292.48396293
 5292.51832926 5296.46139021 5296.77245379 5303.39825484 5304.2201467
 5307.84567746 5309.9992228  5310.56018391 5311.92960369 5312.33623299
 5316.9261542  5318.17617516 5318.19304166 5319.09599938 5319.27543094
 5320.92088131 5321.03398019 5321.0800464  5346.56156071 5350.19492473
 5361.43871338 5364.1664197  5366.82849334 5377.40915522 5378.02574911
 5386.14020208 5411.41471845 5417.71815602 5417.78005541 5418.51548146
 5436.91193261 5438.67328183 5440.30343235 5442.97260592 5442.98967242
 5447.65599287 5447.69159252 5449.0466791  5449.15824466 5449.17394451
 5449.64833981 5461.21699191 5481.39765872 5491.30409394 5491.67995689
 5498.93548503 5498.99171781 5506.08198093 5518.88245416 5536.04745083
 5536.97800828 5539.38175115 5539.39471768 5547.46053781 5549.43978487
 5549.62921633 5550.63317305 5550.83210442 5561.55973151 5576.51978335
 5576.58914933 5576.90641286 5581.19250375 5583.04265209 5585.16326442
 5598.17693554 5598.54823187 5599.34912393 5604.68200445 5609.48442356
 5609.50785666 5625.07706914 5636.47118963 5636.49592272 5636.60102168
 5636.77801993 5644.38034464 5647.46071413 5661.61374064 5661.62720717
 5688.55894046 5695.11154223 5695.14357525 5695.23170771 5695.66100346
 5695.74230265 5701.84770885 5701.88534182 5701.97524092 5707.69795092
 5707.75868365 5713.89555621 5718.1940803  5720.7352218  5720.76528817
 5731.51288174 5733.96532412 5746.74799752 5765.42847919 5766.09883922
 5766.11247242 5766.12297231 5769.65890396 5783.57183284 5783.59169931
 5783.61173245 5783.623699   5783.62979894 5791.12479138 5797.06106592
 5805.86704538 5809.9580382  5810.22133559 5810.23673544 5819.56517639
 5821.29885922 5822.60457962 5823.20820698 5823.3335724  5830.08360556
 5844.69739416 5856.63844257 5861.67799267 5863.36147599 5873.44977609
 5873.58980803 5873.62547435 5873.65860735 5874.82749577 5875.02916044
 5889.92117963 5894.06067197 5910.60107483 5910.88387203 5911.02567062
 5920.49044356 5930.22864712 5930.82517454 5940.98320728 5945.92365835
 5952.38266105 5955.2658325  5956.0365582  5966.10825846 5966.81725143
 5967.0461825  5969.23672747 5970.86501135 5971.5431713  5976.2818577
 5979.14892931 5981.35204082 6004.52737798 6007.09485255 6011.94273787
 6012.18296883 6017.25768524 6017.34511771 6021.56270927 6021.64297514
 6021.73070761 6021.86797291 6035.38030576 6035.43090526 6035.55383738
 6040.56888771 6045.6117711  6051.99970784 6055.40044083 6055.45637361
 6059.17827008 6059.4925003  6059.80096392 6061.7986108  6073.17906476
 6085.44740993 6101.20365389 6101.21308713 6106.19330448 6114.45765597
 6114.58558803 6119.2306087  6121.84541613 6121.87928247 6129.43794094
 6133.05443846 6140.33353304 6148.05312326 6150.53316536 6161.92321923
 6162.77637745 6162.92104268 6162.93434255 6162.98784202 6165.80428079
 6167.20133363 6168.99718251 6179.66967681 6182.81367901 6184.02693366
 6187.73883024 6188.76205344 6197.74179784 6200.12634089 6200.25873958
 6201.23939653 6201.2731962  6220.79936949 6223.02758076 6233.50531033
 6237.64476933 6239.54838381 6239.6845158  6244.10573868 6247.17844158
 6249.77861583 6255.94705475 6261.28316857 6261.99456152 6266.36211827
 6267.27004261 6267.30634225 6268.83459378 6268.8769267  6276.40665213
 6286.516552   6289.55262194 6296.16575645 6297.06614753 6297.09358059
 6297.14311343 6297.24754573 6297.3588113  6297.42044402 6298.91062926
 6300.86337659 6303.88711331 6303.90557979 6304.13431086 6317.09854914
 6332.57669585 6340.51541723 6345.54166746 6345.79603161 6346.20339424
 6346.42522537 6347.68371291 6352.38133306 6369.92082602 6372.59103291
 6374.0895514  6378.5566405  6378.57567364 6380.43165526 6404.19708657
 6404.31681872 6404.5479831  6428.73627689 6429.07587352 6429.22023876
 6429.23833858 6431.85864596 6436.17843652 6447.19512741 6453.90109434
 6481.64591957 6481.66781935 6481.76398507 6490.64056383 6492.99197387
 6524.05403292 6541.60219247 6542.54594979 6542.58861603 6547.66349911
 6547.69363214 6550.82276782 6554.14563491 6554.3120666  6559.67824679
 6563.35847701 6571.64892824 6572.34128805 6577.48977039 6583.16814749
 6590.09464556 6590.50597482 6590.62997359 6600.06548015 6600.07721337
 6622.78585514 6633.0522868  6642.52215969 6684.14504748 6684.4189781
 6700.29782085 6700.34995367 6704.50567918 6716.9506226  6722.56250035
 6724.81901134 6727.99734653 6744.55961584 6745.73600419 6756.64369617
 6756.67936248 6765.89550454 6767.07145957 6816.29693873 6817.01869825
 6823.51646724 6823.75703152 6823.85906384 6829.91477054 6841.53745544
 6842.54681211 6844.46005983 6845.81731305 6849.7500741  6853.80240064
 6853.86839998 6856.12737761 6856.17027719 6856.18244373 6856.28590938
 6859.74130849 6862.49751453 6862.56538052 6862.66804617 6874.90995827
 6887.93099598 6888.44769087 6936.96377706 6953.10375055 6955.26299584
 6960.39131172 6967.80800493 6971.63960032 6971.69739975 6974.26944094
 6975.3441303  6997.35677897 7013.947548   7027.47614735 7028.44907105
 7030.73404842 7030.95881286 7030.98727925 7038.70673613 7038.82656828
 7039.00819981 7039.37989613 7039.3898627  7042.77689582 7049.43626321
 7055.52713622 7055.6473017  7055.67546808 7055.67953471 7059.46479722
 7059.5717295  7065.47390438 7086.47902969 7097.50125387 7097.63555254
 7101.20295054 7101.44518148 7101.48341443 7101.51274747 7110.19549482
 7133.91082662 7133.96122613 7135.79507463 7136.67759922 7136.72556542
 7159.22660925 7165.71571165 7177.02996627 7185.00118733 7185.38551685
 7185.40801663 7185.47228266 7185.48734918 7185.51981552 7185.53324872
 7185.65774749 7194.86088968 7195.50401665 7199.18264688 7199.238013
 7199.35824514 7205.41218519 7209.9182739  7210.34200303 7210.43220214
 7215.70121663 7217.24460134 7242.70424921 7252.97808079 7252.98804736
 7253.00791383 7261.78596023 7271.96975938 7275.407192   7281.94466059
 7289.42885314 7289.43811972 7294.22673896 7304.53077025 7309.45288817
 7312.44365855 7316.20952126 7335.4270976  7335.5079968  7369.91755603
 7376.03986207 7381.24031057 7388.52570508 7388.83313537 7426.74492658
 7426.77719293 7426.87649195 7428.5408088  7428.56980851 7429.03163727
 7429.09183668 7438.33851177 7438.37834471 7443.39979498 7443.80705761
 7455.71917298 7456.99099371 7472.21090965 7480.8868904  7492.39677641
 7492.45644249 7499.21264224 7513.50143407 7515.81481116 7525.67511351
 7548.96011624 7562.55191497 7562.58011469 7562.70678011 7563.15397568
 7585.65781948 7586.57651038 7589.9872766  7592.17335496 7596.33478041]"
505,714748_2024-06-24_C-217,ORBm,True,"[ 245.73447601  550.78132169  632.55241189 ... 7591.73199266 7600.84623573
 7607.49380323]"
506,714748_2024-06-24_C-218,ORBm,True,"[ 211.90681102  603.69743098  603.76809695  658.08999231  663.62950412
  901.75297923 1110.22174802 1154.19271256 1165.7100985  1222.77646669
 1230.55738963 1353.09367611 1461.52336896 1466.72435079 1566.76936
 1604.08645711 1666.66480404 1666.66933733 1667.23276508 1668.81354942
 1672.61581177 1711.49566006 1727.33406987 1778.28156532 1778.35706458
 1783.75077783 1805.95239129 1830.63918014 1852.91899283 1860.68658257
 1866.00596322 1888.14847727 1888.3876749  1897.04195586 1900.07839246
 1987.85425652 1994.88168692 1997.22689703 2051.94315516 2084.08210354
 2087.4421036  2108.35479649 2110.72993964 2164.03287842 2164.68047201
 2208.15947476 2224.66601129 2271.47604771 2319.6662038  2363.09670702
 2373.21804012 2382.47218181 2388.68005366 2407.82246409 2409.29334952
 2454.41736931 2470.5914758  2487.26387735 2487.92157084 2518.08817209
 2520.46814852 2544.69884189 2566.63312466 2605.99070156 2622.72360251
 2694.14502854 2720.41406838 2720.53086723 2777.63660169 2862.74202553
 2862.78215846 2889.30456247 2891.35630882 2924.90567656 2934.82057837
 2952.45877036 2973.33809692 2979.6507344  2999.21084069 3010.00200049
 3010.45232937 3022.63374206 3032.57001033 3034.00532945 3041.96368396
 3080.75899976 3083.12734297 3088.94035207 3089.84107648 3094.49056377
 3100.32577265 3146.49914871 3157.14904324 3188.01720421 3188.93272848
 3194.70190468 3205.97135974 3221.94460155 3256.44752652 3261.81334005
 3269.08946799 3269.2298666  3309.36126916 3326.83246281 3333.95132564
 3356.51063556 3362.54210916 3362.55304239 3389.02244692 3390.68179715
 3390.74139656 3390.85136214 3395.37115071 3395.8437127  3401.67342163
 3403.65203537 3408.80445101 3417.75802901 3418.79085211 3429.35774746
 3435.83408333 3436.3582448  3436.65174189 3478.29952944 3479.57221684
 3480.08151179 3490.93897094 3523.98261036 3524.68047011 3531.65203441
 3565.29310125 3577.18215017 3604.61867846 3607.82831334 3611.76044106
 3619.53809737 3627.73218289 3649.71819849 3655.99640298 3663.76839268
 3689.9355002  3694.20145796 3695.64691031 3696.18647163 3696.55046803
 3699.03531008 3701.55501846 3713.80326383 3724.11416172 3731.03369319
 3733.50253541 3768.10725937 3777.53433268 3784.84046032 3784.91509292
 3803.40044319 3807.67766749 3807.71476713 3808.30792792 3818.77362427
 3823.40237843 3846.14805317 3846.98957817 3847.88843594 3859.99854934
 3865.58216071 3881.71753425 3893.26225325 3903.4934186  3921.82190375
 3931.83307127 3961.23474676 3976.00843379 3990.09619427 3992.69013525
 4011.49251571 4026.83306379 4035.63964324 4045.01915035 4052.00644782
 4052.05414735 4074.14329526 4089.44544371 4114.54419515 4158.91705571
 4183.03691684 4225.57029562 4230.07495101 4281.04524623 4330.48445662
 4346.16823463 4346.33916627 4366.91846247 4379.40650546 4381.52765112
 4387.33452695 4392.79563953 4392.88977193 4392.99240425 4393.85446238
 4412.53837734 4415.67281297 4415.81274492 4415.82761143 4430.96686151
 4445.21428707 4450.45610183 4450.46053512 4450.79173184 4451.06656245
 4451.19899447 4451.32662654 4451.36332618 4472.37678474 4474.92449284
 4482.13675475 4482.63991644 4489.61414737 4490.76206933 4494.32830068
 4508.63502566 4526.37574997 4526.52381517 4526.66228047 4526.67944696
 4527.07667636 4538.99539166 4542.02362834 4553.62068015 4557.80970534
 4564.37294034 4634.10538309 4636.15462946 4674.38508418 4677.47622024
 4697.69721998 4773.14950608 4774.20076234 4793.52010435 4799.46661212
 4799.67084343 4823.07244501 4826.53577738 4859.18432072 4884.63163537
 4890.60230957 4890.62370936 4890.77507453 4910.59347826 4910.67727743
 4934.90440417 4953.06689096 4953.2143895  4957.53918001 4961.20901033
 4964.64947626 4968.82300159 4970.16408831 4995.69013552 5014.91224515
 5025.02824497 5026.32966542 5032.8036013  5094.95975241 5101.31398949
 5165.60468613 5165.95838262 5174.01760281 5181.4776956  5196.27928234
 5203.65034268 5215.41012622 5225.38992739 5225.97605491 5230.72447456
 5235.38889503 5247.76710578 5248.5049318  5250.60397768 5273.3853854
 5273.4126518  5278.3234365  5295.55036589 5299.10386404 5310.71368239
 5319.33566367 5346.5361943  5375.86417052 5386.90156121 5390.52755864
 5399.79510019 5455.13708545 5459.67880714 5510.11450766 5512.35368548
 5515.52622073 5520.10217541 5533.64850792 5534.41576699 5544.76293119
 5553.01891609 5600.36138058 5610.57067947 5612.83215707 5671.25887845
 5678.78183728 5680.04349146 5682.12087088 5682.39000155 5700.23015821
 5710.23082583 5734.52071862 5741.73394718 5759.38740569 5772.31911095
 5778.06705403 5795.538481   5795.78331191 5795.80497836 5797.12716527
 5805.1209861  5808.92198179 5809.00301432 5821.44805774 5839.94884119
 5841.07959666 5852.73918119 5853.97950224 5863.34927611 5877.46093636
 5878.08559684 5901.47953183 5922.41782447 5932.56275733 5933.12658508
 5950.26524869 5958.07047139 5982.60772839 6001.62850669 6005.52870139
 6006.05472952 6014.22354862 6017.98577803 6034.3672158  6048.4659095
 6064.12208779 6064.88404691 6074.98111358 6087.25585869 6098.12101775
 6112.6937401  6118.97527789 6122.34584451 6122.79330675 6128.2376195
 6130.78586093 6131.13495747 6137.17269768 6181.78465587 6181.90888797
 6198.43762428 6213.74093939 6234.60159947 6247.18914148 6254.00907394
 6268.1292341  6268.19893341 6299.15519351 6315.27600052 6320.73327981
 6322.4474295  6344.11084829 6392.48486923 6412.73493535 6476.37083848
 6511.49109067 6533.95463487 6547.88986353 6556.65234342 6559.55044805
 6560.33614027 6563.2679779  6567.11460648 6572.70695109 6596.15145225
 6611.52110004 6617.0416787  6672.10800002 6688.44760487 6688.59667006
 6695.94249731 6707.33561782 6715.13720722 6737.34498729 6739.97552791
 6742.60243522 6755.19584384 6756.71932875 6756.73709524 6763.34012985
 6770.1545957  6779.52093627 6798.59171408 6799.80093543 6838.78204939
 6839.88320515 6849.85967302 6886.37367807 6895.8825839  6897.35796929
 6899.93177714 6903.76477251 6911.00130084 6913.99740451 6915.28462509
 6927.08210826 6929.73301534 6940.49594208 6947.73673704 6953.80827691
 6974.46293903 7005.4253324  7008.5076352  7019.8405563  7020.09602044
 7020.15888648 7020.2451523  7030.08795482 7030.11248791 7030.12365447
 7033.59215345 7035.7140991  7035.74599879 7035.85963099 7035.8695309
 7036.02602935 7043.92751776 7043.94851755 7044.45144591 7051.05864714
 7052.37353412 7061.25557949 7064.45098118 7064.53498035 7064.61457956
 7072.68336632 7087.03435753 7096.75052797 7105.00134626 7118.53361224
 7146.82706538 7146.90269796 7146.91893113 7146.93599763 7147.05066316
 7147.09749603 7147.55035821 7147.61445758 7148.22721818 7170.93602662
 7172.34671265 7209.37761258 7217.43949941 7240.39320543 7241.2238972
 7242.53155092 7247.05947274 7252.42681959 7252.64001747 7266.18998328
 7289.26388811 7292.92828515 7303.18431692 7321.09487287 7323.06655335
 7342.10643146 7342.19633057 7345.04903565 7355.6931969  7358.75976653
 7367.46618031 7391.764873   7403.85418661 7409.09230141 7411.15328099
 7411.30857946 7417.06725576 7418.12054533 7418.75037242 7430.53848902
 7440.35482513 7447.43045506 7454.17898823 7472.98620197 7473.82986029
 7480.21016377 7480.82895764 7480.99645598 7482.76157183 7486.47126843
 7507.79945721 7524.90685445 7546.45744103 7560.13020562 7591.59079406
 7604.27363512]"
507,714748_2024-06-24_C-221,ORBm,True,"[  87.37121101   89.42302402   89.43912386 ... 7605.26545863 7605.28912506
 7620.69930579]"
508,714748_2024-06-24_C-223,PL,True,"[  41.33110029  128.25807276  236.70606543  264.59185593  355.63208766
  390.06867996  428.95712816  436.44352069  436.45178727  456.11849251
  478.46273789  478.47563776  478.5228373   478.79850123  480.30938627
  480.32401946  495.14793932  503.78405379  512.87186379  512.90296348
  512.92476327  543.58439297  563.91949158  586.28913671  597.32809406
  645.78304753  681.73905811  738.85985909  753.00211903  814.79340709
  820.04038846  821.08717809  843.91581868  850.22368954  858.17057751
  858.20991045  858.21801037  858.68357243  862.32893633  893.56279367
  907.98578417  939.56977138  939.59273782  979.42081006  995.22788685
 1013.93680157 1041.12786562 1049.73538038 1049.76634674 1051.38603069
 1051.39589726 1095.72812489 1097.89550343 1106.33318653 1107.09097903
 1115.1317994  1128.47806722 1128.48960044 1154.1456797  1154.18347932
 1154.64407476 1162.21253314 1162.24433283 1165.63866588 1185.23530514
 1186.33112762 1205.38847222 1207.28888673 1209.73896247 1222.07980692
 1257.17745934 1257.20342575 1269.27017291 1270.38876183 1270.40402835
 1291.12052319 1291.13935633 1291.14652293 1300.31306548 1300.35913169
 1302.29294587 1302.32674554 1306.71940204 1335.3628517  1335.38475149
 1336.2961758  1337.33563217 1345.90414731 1346.64697329 1346.66827308
 1355.22988829 1368.01269503 1368.02142828 1374.949093   1389.02808691
 1417.02200967 1424.40660321 1436.70204811 1436.72554787 1436.74024773
 1437.50807346 1447.27374341 1448.46656493 1456.18382184 1458.36670022
 1470.61937888 1480.27224995 1500.8257464  1500.84017959 1533.98585134
 1562.47886916 1563.92475484 1574.70774805 1578.0522816  1588.60917705
 1589.22160432 1595.48557562 1595.53890842 1604.03275764 1604.04569084
 1612.77253775 1613.61672939 1623.84536143 1635.78977647 1635.81264291
 1644.50739014 1666.58160486 1666.59443807 1667.12456615 1667.1430993
 1667.62539452 1667.63849439 1668.71681705 1668.73345022 1679.13871384
 1689.09838187 1689.15121468 1691.31502658 1733.10634604 1733.11931258
 1733.80610578 1748.43262759 1759.00162293 1768.42809624 1796.80274857
 1796.81421512 1796.84504815 1797.76543903 1805.79632617 1806.39665356
 1809.04592732 1809.08732691 1809.49478954 1820.52364699 1820.53631353
 1820.5461801  1842.84669258 1877.10648663 1897.05382241 1908.11321289
 1930.17716105 1974.92635121 2035.17218791 2083.11207981 2083.31411114
 2111.76752936 2116.8126794  2146.91531461 2178.50943506 2178.52576823
 2427.01894065 2448.20706415 2456.78844583 2456.92797778 2457.25757452
 2462.95888472 2469.67265157 2521.23847422 2523.90448115 2531.88213548
 2532.705394   2532.72256049 2541.30207553 2552.24033387 2607.45298708
 2638.22268235 2653.76689508 2692.09048222 2700.88996174 2711.50638993
 2711.52068979 2711.54032293 2731.89635467 2797.29194037 2886.76802092
 2886.78502075 2886.79322067 2904.73440966 2910.70955049 2910.76688325
 2910.91864842 2911.03921389 2911.08978005 2911.09917996 2911.15457941
 2911.21594547 2920.0654245  2925.29430605 2925.35487212 2926.40402839
 2931.18124775 2931.69670931 2938.14121215 2965.04537905 2968.99497327
 3009.5333718  3013.57676509 3031.87961716 3059.00011525 3064.22779681
 3071.37415937 3071.40652571 3078.06359312 3078.14722563 3083.63540461
 3115.38159021 3124.21290275 3149.38818677 3149.4390196  3149.62411776
 3153.78977651 3162.04979471 3162.34432513 3174.91250066 3183.10288621
 3183.96454435 3190.09298365 3205.93419344 3206.43645513 3227.34748138
 3228.9879318  3244.74454242 3281.90144111 3281.97090709 3285.74466971
 3303.73415822 3329.04534089 3342.92693675 3342.94000329 3351.74924938
 3351.77994908 3369.20397652 3397.36006435 3397.36816427 3397.53116265
 3397.65232812 3397.88745912 3400.27603547 3404.36149501 3405.43201774
 3418.7485192  3430.75863359 3431.45852666 3500.75170709 3516.15265457
 3559.63652393 3586.65602302 3602.76236351 3602.88449563 3606.11673029
 3625.76930233 3625.84566824 3645.81897044 3654.66644948 3665.67920709
 3677.78728718 3678.0948508  3678.1251505  3684.50625397 3688.19731742
 3715.8322104  3767.81096231 3830.74957234 3840.15421253 3859.56052035
 3869.33175691 3966.66229301 3966.81009155 3973.08009612 3976.28253107
 3976.30919748 3992.00184207 3993.77435784 3993.8091575  3994.4285847
 3997.99531604 4019.52763613 4020.00153144 4022.23210935 4026.31826888
 4036.98639657 4041.19175492 4068.19188753 4084.27829489 4090.21323611
 4105.18968779 4122.6212485  4122.62958175 4122.64288161 4123.15730985
 4123.27627534 4140.50860468 4166.68131215 4184.77289965 4187.57993852
 4188.47559632 4207.2821434  4214.60727086 4249.40635956 4261.10774368
 4268.66253553 4269.10169785 4291.53947564 4304.10315122 4304.13088427
 4318.77863921 4318.94117094 4323.24392832 4323.26049483 4324.13005288
 4334.31971864 4335.84190356 4336.03360166 4336.09980101 4341.96877622
 4359.12607297 4363.38046417 4363.77056031 4388.0458199  4396.85079937
 4397.44646014 4406.06194148 4440.90882971 4482.32125292 4482.41055204
 4482.74164876 4482.75381531 4483.89290403 4486.37081282 4501.95509182
 4501.97775826 4511.11640109 4521.98129349 4527.07550971 4535.33342793
 4535.39776062 4535.4576267  4535.62999166 4591.90773432 4629.15026549
 4629.16036539 4629.16953197 4629.17833188 4656.55326078 4656.61092687
 4657.42275217 4657.47131835 4657.5340844  4666.80925921 4666.83615894
 4668.10957966 4668.14011269 4668.15331256 4668.21381196 4668.42477654
 4679.57506612 4699.23317144 4711.06052097 4725.38787908 4729.5433046
 4729.56337106 4733.14510226 4733.23090141 4733.26630106 4733.78772923
 4737.97752107 4738.00792077 4738.02185396 4738.42584996 4739.99350111
 4740.01180092 4744.63192184 4758.51208438 4758.56658384 4758.58775029
 4758.71528236 4759.31097646 4770.8725953  4777.19349937 4784.21359651
 4784.2917624  4793.23744048 4793.34523941 4793.3594726  4793.37700576
 4793.39110562 4793.40543881 4793.50683781 4793.65796965 4800.993997
 4801.06649628 4801.07839616 4801.26832761 4806.03274709 4806.27677801
 4806.29921112 4806.33417744 4812.65404819 4821.75552472 4823.63557277
 4823.67150575 4826.26698004 4826.31747954 4826.35294586 4826.38281223
 4828.03732918 4828.06526223 4828.12386165 4831.25959726 4848.77955709
 4850.5227065  4853.83007374 4860.62200648 4860.64170628 4860.7278721
 4860.82803777 4861.23200044 4861.36809909 4861.7873616  4861.81239469
 4861.89072725 4861.93659346 4862.15905792 4862.27955673 4865.42905887
 4897.41740875 4904.43533925 4905.24703121 4909.02556045 4920.14371701
 4922.19629669 4958.0850746  4966.29992658 5054.01789121 5054.03032442
 5095.30884896 5098.17332059 5116.00714398 5140.82589819 5147.33810036
 5147.39216649 5157.55376586 5159.0738508  5159.6199454  5176.88177445
 5190.85556939 5218.02736697 5219.55955179 5229.03872458 5241.89056397
 5241.90279719 5242.03272923 5248.81762871 5310.96004662 5338.30900911
 5355.93180125 5368.05011457 5370.82392043 5383.48216174 5407.16022725
 5413.00133607 5443.80223104 5448.72208231 5452.74690912 5461.20222539
 5464.08579683 5470.47316691 5470.60696558 5470.61493217 5470.71549784
 5470.73043102 5470.73549764 5470.74416422 5470.75873074 5470.76983063
 5470.7804972  5470.79276374 5470.89102943 5472.3583149  5472.58791263
 5472.84144345 5472.88807632 5474.23462965 5480.21930372 5486.39940918
 5486.42860889 5488.10609228 5488.95191724 5492.96237752 5493.01701031
 5493.02927686 5493.18487532 5495.270288   5498.94358495 5499.80644307
 5500.8845324  5501.01479777 5503.84983636 5504.0278346  5504.42466401
 5515.45758808 5515.4750879  5515.48642112 5515.54108725 5517.26950346
 5528.58809137 5529.27421791 5531.29366458 5536.15094981 5560.42090945
 5564.26283807 5566.8383459  5567.48970612 5567.51843917 5568.79759316
 5578.64419565 5581.53370037 5598.37393359 5599.71585364 5600.79160965
 5601.5269357  5614.81753741 5614.825804   5614.84783711 5614.85880367
 5614.93843621 5614.97120256 5615.01180215 5620.04428565 5629.60662428
 5633.69555046 5633.70331705 5634.29807782 5634.32701087 5657.1540848
 5661.22514449 5674.59361209 5683.33009224 5683.88545341 5689.28019998
 5690.38732235 5716.00393533 5734.63541748 5756.09490496 5759.11894168
 5762.56197425 5765.93520751 5767.16822863 5797.47129519 5797.75725903
 5810.77083015 5827.69779585 5833.91946757 5833.94913394 5833.9603005
 5842.16595257 5846.05674737 5846.32657803 5847.1106036  5857.85063057
 5871.78765921 5875.69188721 5884.27223557 5893.3101794  5898.44782852
 5898.45456179 5898.65499314 5905.62752408 5905.64629056 5911.0449371
 5922.90378632 5923.51728025 5983.54668576 5986.53132286 5986.61248873
 5986.65738828 5986.70685446 5987.03965116 5987.52624635 5987.56681261
 5987.91530916 5988.73310106 5989.54539302 6012.68246388 6021.59100899
 6049.57449853 6049.69689731 6057.12372376 6057.13222368 6057.16105673
 6064.65748249 6064.71144862 6067.82478445 6079.05097328 6079.12063925
 6079.2569379  6086.53469916 6122.8181065  6138.9982796  6148.98554736
 6165.61568266 6194.32033172 6194.65296176 6200.26763949 6200.40920476
 6204.50983081 6233.41574455 6237.67963565 6240.84183767 6241.00480272
 6241.10336841 6248.66459353 6253.72521008 6269.69185196 6269.7784511
 6284.45270578 6299.93808575 6300.62337897 6324.67090748 6350.6128839
 6354.55451153 6354.56631142 6355.88846499 6374.91760987 6375.01967553
 6375.25443987 6376.20569711 6376.31592936 6383.4944916  6387.46738559
 6438.51078009 6448.69067927 6452.63964016 6452.69817292 6452.98490341
 6462.88070541 6465.04241733 6465.23511542 6465.27034841 6465.28958155
 6472.9592056  6479.62867288 6491.9152512  6519.87100768 6520.41393564
 6520.6028671  6531.67649077 6550.80433467 6550.81623455 6552.50235119
 6559.55718132 6559.56661456 6576.8661099  6580.50900716 6597.40283985
 6604.13803982 6607.27300877 6619.21002389 6619.3608224  6631.03474012
 6631.1849053  6643.61568219 6645.71002812 6646.14912377 6646.24872278
 6672.70509411 6708.03551089 6708.2566087  6717.2530196  6728.65790666
 6730.51778824 6747.3637214  6755.18911057 6755.24311004 6774.66748434
 6774.74671689 6774.76128341 6774.77251663 6774.85458249 6774.92254848
 6775.00988095 6775.12377982 6775.21804555 6806.26863805 6832.70324292
 6863.30807317 6877.6765642  6884.55469609 6884.59059573 6891.98922246
 6892.02025549 6895.17375759 6895.18319083 6895.20019066 6895.21132388
 6895.23839028 6895.69565242 6895.70648565 6895.73258539 6895.7584518
 6895.77995159 6895.85825081 6897.69499929 6899.05961911 6899.42521549
 6899.44394863 6899.50808133 6903.1199789  6904.89359466 6904.9102945
 6905.12445904 6905.13375895 6905.20585824 6908.83335565 6908.8881551
 6908.92832137 6911.19116563 6911.33123091 6911.88972538 6914.96009497
 6915.23059229 6923.72874147 6948.67092779 6953.76427735 6966.81158147
 6966.89804728 6976.56038492 6976.67021717 7017.56661216 7028.35893861
 7028.51443707 7029.10869785 7038.70420282 7090.34652472 7099.40113505
 7102.065542   7102.17294094 7103.61959328 7115.05761334 7115.12364601
 7150.86492539 7150.91602488 7150.94565792 7152.31544436 7160.61179553
 7160.6485285  7160.66002838 7160.66679498 7160.70906123 7160.72359442
 7160.74069425 7160.77559391 7160.85909308 7171.30742294 7171.55658714
 7171.90031707 7181.38055652 7183.20547178 7191.34085787 7227.55419924
 7231.3049621  7238.01902894 7238.02662886 7242.01258939 7247.98106361
 7248.20249475 7248.26636079 7248.4910919  7267.57070294 7296.84257972
 7307.78203805 7324.31947427 7325.58789505 7337.58420958 7350.1427852
 7361.95146826 7361.95860152 7362.35809756 7362.37899736 7362.4996295
 7362.53039586 7372.6104627  7392.58886484 7393.5765884  7393.6032548
 7401.04764774 7415.69253604 7415.70136929 7415.71043586 7415.77296858
 7415.78950175 7416.19459774 7416.59979372 7416.60859364 7416.85685784
 7417.04975593 7417.81271504 7417.82801489 7418.09214561 7418.11271207
 7418.68897303 7418.72173937 7418.7356059  7418.76613893 7418.7800388
 7418.79877195 7418.82850498 7418.85883802 7421.87497481 7429.03920386
 7469.41023739 7469.4259039  7473.02423493 7473.03156819 7473.04973468
 7473.0543013  7473.06373454 7473.07536776 7473.08090104 7473.10950075
 7473.12503393 7500.1966325  7511.5530867  7511.68838536 7513.31270261
 7519.22617738 7527.75279293 7552.60294683 7553.37803916 7560.98186386
 7561.6876902  7562.57358143 7562.58631463 7568.26235842 7575.13085707
 7575.49962008 7585.97331636 7586.04571564 7586.18644758 7586.2989798
 7586.57847703 7589.12328516 7590.01380968 7604.9761615  7619.17202091
 7619.20905388]"
509,714748_2024-06-24_C-224,PL,True,"[  21.26249904   27.67120224   30.46024129 ... 7619.94901322 7619.97054634
 7620.00187936]"
510,714748_2024-06-24_C-226,PL,True,"[  21.10800057   27.71490181   30.17544411 ... 7618.9140568  7619.48065119
 7620.30127639]"
511,714748_2024-06-24_C-228,PL,True,"[  27.425638     27.72230173   27.75006813 ... 7613.03918165 7613.22611313
 7618.23456353]"
512,714748_2024-06-24_C-230,PL,True,"[ 352.54675155  394.82489952  422.174362   ... 7618.9578897  7619.81814785
 7619.95934645]"
513,714748_2024-06-24_C-231,PL,True,"[  58.61166249   58.69796164   59.502487   ... 7615.38199178 7616.55541349
 7616.5750133 ]"
514,714748_2024-06-24_C-233,PL,True,"[ 112.78995928  519.45693191  642.76741072 ... 7612.92134948 7615.34955877
 7615.93825294]"
515,714748_2024-06-24_C-234,PL,True,"[ 138.99533309  425.5136956   492.30793411 ... 7619.1356546  7619.2138205
 7619.2502868 ]"
516,714748_2024-06-24_C-235,PL,True,"[  20.90950254   21.24016593   21.57502928 ... 7618.46992786 7619.20242061
 7620.64617298]"
517,714748_2024-06-24_C-236,PL,True,"[  20.34550812   22.00699167   23.74807443 ... 7620.29840976 7620.53437409
 7620.61630661]"
518,714748_2024-06-24_C-241,PL,True,"[  23.55337635   23.60427585   23.77367417 ... 7619.18475412 7619.71728218
 7619.74141527]"
519,714748_2024-06-24_C-243,PL,True,"[  28.63039274  176.47149528  267.21106332 ... 7620.71307232 7620.75457191
 7620.80277143]"
520,714748_2024-06-24_C-244,PL,True,"[  20.45264039   20.61970541   20.73260429 ... 7620.6912392  7620.77103841
 7620.79883813]"
521,714748_2024-06-24_C-250,PL,True,"[  28.70062538   29.65574925   29.90111349 ... 7620.69837246 7620.70797237
 7620.71200566]"
522,714748_2024-06-24_C-256,PL,True,"[  20.21997603   20.26180895   20.72563769 ... 7620.08864517 7620.20891064
 7620.25184355]"
523,714748_2024-06-24_C-258,PL,True,"[  35.25422714   47.150376     49.11178991   52.55808911   81.84986569
   81.86946549   94.75557121  119.39176057  119.44222673  148.74073658
  155.98893146  159.45543047  208.68424294  211.34841655  215.06647973
  222.30190808  237.03019555  246.71196633  266.50257034  279.36674294
  298.04525796  304.46062776  306.07177847  319.61857765  326.89497225
  354.90576152  356.83347576  363.5273428   383.66171007  388.96829085
  390.06607998  390.08047984  395.90622214  399.82614999  406.00018885
  414.25124047  419.51262169  427.7082072   437.69360831  437.95510572
  445.20456726  480.55775048  493.08152645  494.24908155  498.52373922
  532.50240272  532.81956624  532.85256592  541.61104584  542.54380327
  551.67241287  552.20034097  552.35397279  553.71359266  560.43899272
  566.15940273  584.38042228  588.31125002  595.00431707  596.71343348
  600.29219804  611.48548719  631.71095355  654.30972975  679.65701206
  691.93162383  709.52934956  710.01171145  712.81041706  723.72950893
  736.87147878  742.38052422  747.14624369  747.91936937  764.54790469
  771.78366636  804.45850944  823.4727878   823.68805234  830.62371698
  835.80613233  851.17594678  853.21799322  857.65764926  862.81923147
  870.27509097  876.01213415  884.58644924  889.44340114  897.16185803
  905.99900385  910.84758916  922.15821048  939.66697042  939.82806883
  973.83659869  986.35514139 1033.92413696 1048.57965849 1050.38650726
 1100.51924411 1101.80983133 1111.65573382 1116.7940496  1131.41507147
 1139.67315636 1143.60441742 1154.05738057 1160.96584549 1165.89223003
 1177.1139189  1178.06620947 1182.01967032 1183.99461742 1195.19780648
 1200.54582018 1213.67132353 1220.89098536 1223.37972738 1233.16129718
 1245.07624585 1272.91160352 1284.37349    1287.95018792 1291.73458377
 1291.9675148  1316.04224304 1321.99305078 1324.44709314 1325.54628226
 1331.73068768 1344.76219195 1363.69017117 1367.92389591 1381.90472412
 1389.77064622 1395.34572434 1415.46779173 1417.66010335 1418.68242656
 1422.85761855 1425.95365455 1426.32748418 1429.49628613 1439.17812359
 1439.34128864 1443.6226129  1445.61182654 1471.74286775 1471.8390668
 1481.70030247 1504.28484548 1534.17021618 1534.51707941 1589.56146762
 1602.50533943 1603.07763376 1618.12851804 1621.52971769 1664.22546153
 1678.63701881 1680.30150232 1681.5596232  1687.87419399 1692.00148645
 1694.02663306 1713.80297054 1713.83340358 1726.95210699 1728.35789307
 1728.6880898  1730.09257589 1733.46990911 1738.73405698 1757.70073581
 1757.7558686  1759.3269197  1761.13973509 1762.14622512 1786.24488646
 1788.46179784 1797.86897134 1806.67835077 1811.66586804 1818.97809562
 1833.45518559 1833.72918287 1881.07398067 1907.05395671 1910.64745446
 1911.32928104 1932.62580346 1980.80069304 1988.67331507 2002.86987448
 2059.30741556 2084.12146982 2110.41354277 2110.62327403 2127.34640841
 2148.06043661 2151.95353138 2152.26616162 2156.63165172 2158.83106327
 2159.5683893  2186.43968986 2200.93331299 2201.86503709 2207.55531407
 2225.74110064 2273.31416284 2291.25801847 2419.37644967 2441.84476049
 2482.2572936  2492.68605699 2512.47026106 2557.18491823 2563.91291827
 2565.79236632 2638.24234883 2645.1682469  2687.81532455 2688.19635411
 2698.33808701 2702.7553766  2734.93975786 2741.19299594 2748.63272226
 2760.32560646 2770.22767506 2786.40744816 2803.5588783  2804.46266935
 2807.56630528 2808.29333142 2828.06700226 2837.63944079 2858.63816617
 2906.13872909 2930.04322569 2947.85658261 3019.36990772 3031.58132012
 3057.99295855 3072.04555272 3076.85290511 3108.08629579 3123.59410888
 3141.93749389 3142.36088969 3150.92867151 3182.34936034 3182.82375564
 3183.88934509 3205.16280108 3205.72936213 3212.55762784 3222.6534612
 3232.07236792 3250.23422139 3250.81684895 3263.48562349 3276.00459951
 3303.70639183 3306.76859484 3309.56306717 3314.94088057 3326.46143315
 3341.9459798  3344.21405734 3346.42133548 3353.1034693  3360.74079367
 3364.47129006 3364.85405293 3370.36899832 3384.2920271  3397.49156305
 3418.11835877 3424.85109209 3446.04944883 3493.36458025 3493.64954409
 3531.81616611 3538.89782932 3551.96506657 3560.01612017 3566.66768763
 3577.53331336 3578.00950865 3584.62017651 3587.09998529 3606.98548835
 3616.18213061 3631.15241569 3644.83864681 3651.76934484 3654.91124706
 3665.34831036 3671.33208444 3671.60931503 3751.91408641 3785.46622079
 3791.402762   3807.95453142 3808.15696275 3813.82957324 3819.40275138
 3846.51844951 3851.50233348 3867.2765106  3877.51244256 3877.86290576
 3891.98383258 3898.14560489 3909.17852896 3932.70712928 3932.72316246
 3953.34622489 3963.06712862 3968.52900786 3976.28303107 3990.18166009
 3996.44439807 4012.1094096  4021.39685096 4021.94851216 4022.25654244
 4036.9557302  4056.57160261 4078.88981492 4084.08953009 4087.9220588
 4127.65753195 4129.28298252 4161.1702334  4172.57715376 4175.01462962
 4178.81962528 4184.99033083 4188.89969212 4202.35395887 4202.72478853
 4202.81932093 4207.50850783 4208.1808345  4265.43006754 4268.7903676
 4277.18641778 4287.97491094 4290.81681613 4291.11854647 4332.19723966
 4360.24936185 4360.50799262 4385.67447672 4394.54578886 4410.89999357
 4417.19333124 4420.16940177 4435.95507877 4449.09378199 4464.11616655
 4496.4467797  4509.25151956 4517.65896963 4545.94612283 4548.91209345
 4551.44253506 4613.80088417 4652.8485308  4657.46815172 4658.47110845
 4662.08313935 4676.38336439 4699.41790294 4706.60193179 4754.64635599
 4757.18219755 4772.11538299 4774.28062821 4774.82458949 4776.49120632
 4788.68645221 4789.39587852 4812.99671146 4828.03602919 4848.43052721
 4854.08150458 4864.21997085 4869.41585272 4873.06531658 4915.37869754
 4928.78006482 4929.46905799 4929.76385508 4936.53095472 4936.81478525
 4959.19749692 4962.87299385 4963.01025916 4965.21257068 4966.65128977
 4977.34908382 4990.41615441 5006.13729872 5010.96728422 5037.90921741
 5050.46689304 5051.22041891 5051.9386118  5072.5548743  5079.67417046
 5080.36296364 5098.43001805 5098.70004871 5100.74892842 5107.84659146
 5118.55135211 5131.56252326 5137.55356393 5148.26772449 5151.74185675
 5157.70219772 5160.16274002 5178.98718693 5183.92190472 5205.31682618
 5218.82932569 5229.31665516 5236.81734755 5249.78218582 5258.89056228
 5264.71280462 5282.6918599  5289.61829131 5302.27006601 5313.01502627
 5313.23322411 5315.05093944 5326.37489396 5327.36008421 5328.21654239
 5328.27394182 5345.29777323 5363.04739745 5366.97515855 5371.49151382
 5376.50096421 5394.53545228 5394.65648441 5405.83490704 5406.09963775
 5420.89545789 5441.3926549  5441.96798254 5446.98809949 5459.63427425
 5469.3228783  5501.45732673 5526.15691545 5532.51925244 5554.48913487
 5573.54427949 5573.65207842 5578.0234018  5593.25801759 5602.87268904
 5608.43400063 5617.54677705 5641.70290449 5641.73633749 5662.43099921
 5667.11175286 5709.97776167 5721.52518065 5738.72441032 5758.53311415
 5768.62444754 5818.41875441 5851.63019217 5865.83591815 5866.03834948
 5872.96921418 5878.66732441 5898.81962484 5899.33711971 5909.97911432
 5947.96483814 5961.50343739 5961.6537359  5984.72140746 5986.70852111
 5993.59255294 6003.37835602 6006.03202974 6035.15290801 6063.96528934
 6064.96694609 6065.7402051  6070.13169494 6073.57749415 6077.66718698
 6115.81797583 6119.05957706 6126.29440541 6161.82818684 6194.21296612
 6194.66086168 6196.39384452 6208.96518669 6236.19498369 6254.46033614
 6266.91197949 6274.05007546 6318.30593718 6318.32447033 6325.70529724
 6355.91619805 6356.01569706 6356.28712771 6359.39399694 6371.78367424
 6394.93187833 6423.90015811 6424.46858582 6427.12682616 6445.48827765
 6446.34766914 6452.09897885 6453.80139532 6457.63359071 6462.56514187
 6463.41816675 6465.03108411 6465.09998343 6484.37345922 6484.48279147
 6495.42011649 6496.99760087 6499.77530669 6504.74109085 6505.70108134
 6505.89311277 6505.95941212 6505.99327845 6506.38477457 6508.4758872
 6509.57390966 6509.65207555 6518.6130868  6518.94711683 6519.25951374
 6520.61350033 6524.94489076 6525.07922277 6531.78795633 6536.6716413
 6548.00472906 6548.40959172 6552.68661603 6555.11562531 6566.1633159
 6568.17509597 6569.38968394 6603.75101032 6607.26167555 6622.39495901
 6626.0823225  6645.5971959  6666.3070908  6669.2522283  6675.58246561
 6686.83865414 6700.04595668 6702.7191302  6702.86722874 6708.35380773
 6715.6549021  6716.94195602 6724.30751641 6739.14916942 6743.99338812
 6766.57113119 6770.12746263 6770.17572882 6770.30936083 6774.25132179
 6774.38588713 6774.83471602 6790.39269527 6812.89587242 6812.92477213
 6825.88297713 6832.12828195 6838.59028462 6838.74584975 6840.90956165
 6843.23043867 6848.89431591 6856.91686979 6860.42653504 6867.82406178
 6886.86113991 6894.9204601  6900.66310323 6904.7790958  6906.17321532
 6909.78964618 6919.59824904 6926.23095002 6934.76053221 6934.83309816
 6935.24192745 6948.35576424 6969.61862034 6973.14078545 6991.61743581
 7003.41341899 7008.44903578 7008.58680109 7016.60405502 7016.95115158
 7036.11216183 7044.1925818  7044.77790934 7054.02255112 7061.1632804
 7066.61719306 7069.48889795 7071.78710852 7074.62858038 7075.64780362
 7080.46478925 7082.10630633 7082.84589901 7084.22808532 7086.09316685
 7088.84107297 7098.29331269 7105.03007931 7105.63413999 7105.75077217
 7125.93220564 7128.48424703 7128.56227959 7137.44915825 7141.94671371
 7146.36800326 7148.02698683 7151.62148456 7160.31669845 7171.18725746
 7171.29995635 7174.69715604 7178.11532219 7181.99558376 7183.01230702
 7186.4374731  7205.86524737 7211.40352585 7212.08888573 7215.29548731
 7254.50383235 7267.81170056 7267.83843363 7270.38797504 7279.88374767
 7280.09101228 7280.12237864 7280.89717097 7287.60590453 7290.05641359
 7304.69290198 7312.09256203 7313.24088399 7314.37300611 7315.41856242
 7327.24391198 7329.47285657 7330.04828421 7353.31498712 7358.96596449
 7359.80115622 7415.38973904 7417.90001418 7418.82673833 7419.08183581
 7419.4128992  7421.42504594 7450.36752598 7452.59920387 7464.95728149
 7466.56019895 7466.6457981  7469.82746659 7474.32208874 7486.76606551
 7492.37044334 7500.00023444 7507.45806059 7517.79752486 7522.26238064
 7523.2864705  7531.19362553 7537.3122316  7538.10175711 7550.60833325
 7564.84829223 7567.52613238 7568.27902492 7572.13928669 7575.05005787
 7587.21703737 7606.08888381 7607.34467137 7616.17088397 7616.78314457]"
524,714748_2024-06-24_C-260,PL,True,"[  21.48589683   21.6134289    21.68169489 ... 7619.64234959 7619.9814129
 7620.02811243]"
525,714748_2024-06-24_C-261,PL,True,"[  72.09232899   72.19789461   72.52132474 ... 7587.30100321 7588.48535815
 7594.92779434]"
526,714748_2024-06-24_C-264,ACAd,True,"[  23.74834109   27.24117317   30.73580522 ... 7617.5443037  7617.87203379
 7618.21203042]"
527,714748_2024-06-24_C-265,ACAd,True,"[  23.73584121   28.8131576    29.0555552  ... 7620.04824557 7620.26604341
 7620.52184088]"
528,714748_2024-06-24_C-269,ACAd,True,"[  20.19920957   20.23747586   20.28884202 ... 7620.64777296 7620.68933922
 7620.72140557]"
529,714748_2024-06-24_C-270,ACAd,True,"[  31.04353551   31.1323013    31.15843437 ... 7618.68435907 7618.76705825
 7619.45971806]"
530,714748_2024-06-24_C-272,ACAd,True,"[  44.05987327   45.01623047   45.15956238   59.88454989   62.15046078
   64.51470403   65.36796225   65.45929468   65.55472707   83.01998743
  112.57106145  145.51750183  163.79158752  164.34424872  181.47214576
  187.34052098  239.65470289  267.98855562  276.29697334  338.09699465
  346.01354958  346.01828287  349.40821596  358.82295606  358.94925481
  360.00391103  365.56915592  367.34000505  374.59916649  379.55295076
  392.33415752  402.54082311  412.86952082  423.57464813  469.52989302
  470.67364836  473.22622308  482.76066199  483.82285147  486.24816079
  488.39977281  496.60822486  507.44698418  507.79304742  507.92597944
  507.94787922  527.28715437  545.0150788   546.01356891  556.96719377
  558.47804547  570.97685502  601.56688541  601.91144867  608.50675002
  610.55456307  635.01995412  636.01431094  650.35803555  651.3291926
  661.8172554   665.45135274  706.29218162  729.32832015  755.12173137
  757.28917657  763.3689497   793.97891322  794.85967117  796.91668413
  815.0618711   840.04422369  841.44900978  914.12029009  916.30353513
  923.11773431  974.546725    984.64572498  986.3369749   991.84602034
 1002.01908626 1025.12185746 1035.65018653 1054.58773232 1059.74888121
 1075.11246239 1101.19700407 1136.52992082 1150.41394999 1160.91941261
 1300.26629928 1308.9542799  1349.79940873 1394.49633275 1397.50380297
 1557.17592168 1637.79808991 1714.8605934  1715.07372463 1715.13222405
 1715.93391611 1773.76761003 1775.74932373 1859.97455629 1883.95901876
 1899.36613285 1899.76872886 1918.9303391  1921.99570874 1929.08590519
 1933.79342523 1973.07526955 1973.65713045 2024.43896087 2160.19544976
 2176.97918355 2184.35427717 2189.3806274  2250.87851836 2294.77081701
 2296.320535   2354.64939068 2419.70391309 2453.11004892 2461.52323227
 2462.12179301 2462.27079154 2463.73667702 2467.77523702 2467.78223695
 2473.08995106 2486.70558288 2506.47422044 2506.55001969 2512.76879144
 2513.36058557 2514.07847847 2518.23250399 2536.65932151 2542.22473306
 2555.39186932 2558.42640594 2558.7062365  2558.76583591 2562.03277022
 2566.63192468 2566.72925705 2566.90318866 2567.07618694 2572.82623
 2578.19547683 2584.16458438 2584.24361693 2584.50164771 2589.91159413
 2589.98382675 2590.55652108 2590.85031817 2604.73998061 2618.65540947
 2627.91418444 2632.74650325 2635.00608088 2636.81139633 2647.82495393
 2648.24514977 2676.79730034 2676.9453322  2705.84891263 2725.59828371
 2737.68666399 2750.68230196 2783.88353982 2785.26675946 2785.74592138
 2799.26148753 2823.34898232 2835.68042686 2841.27010484 2852.50346026
 2858.87239718 2864.50347475 2870.76714605 2891.95283624 2903.26769085
 2907.76534631 2908.08680979 2908.10664293 2921.34337851 2934.10295215
 2934.61561374 2950.33229142 2957.75588457 2960.40115837 2960.40365835
 2977.89875176 2978.47454605 2980.02886399 2987.93348571 2996.31796934
 3018.39961733 3026.82950051 3051.52698926 3053.2528055  3073.31120685
 3080.11490614 3081.83795574 3086.80257324 3096.01268203 3100.5294373
 3133.38174529 3144.32017029 3173.6566131  3188.56426546 3246.25976075
 3260.11382355 3277.48258487 3293.0803304  3298.93627241 3348.45684865
 3356.162939   3357.6948905  3361.67995103 3369.36277495 3375.87921041
 3377.06339869 3380.61863014 3381.23595736 3382.8174417  3384.16962831
 3397.07150054 3401.01182818 3402.66201184 3411.24099355 3414.43812855
 3425.82994907 3426.86770546 3439.33598198 3439.52054682 3459.65901405
 3464.82852952 3493.49231232 3503.17421643 3540.27738232 3566.51068919
 3567.39721374 3575.70189816 3580.34551884 3599.45319628 3609.20966633
 3627.15432195 3634.2103854  3640.66102152 3655.55694067 3669.22533864
 3679.32993857 3680.34012856 3680.67672523 3680.98685549 3681.35478518
 3688.48921453 3692.96610352 3693.04876937 3699.13524243 3706.99136463
 3710.6625616  3724.11629503 3737.73156019 3752.13135092 3756.06681195
 3784.65079554 3784.68292855 3849.49325338 3850.30427868 3852.33475857
 3868.19106821 3880.3359146  3880.43074699 3881.17220632 3889.35085865
 3889.71022176 3890.48258078 3896.60508681 3922.30113234 3933.87761769
 3935.16907157 3959.2051002  3988.29794541 3996.56913017 3996.64629607
 3996.69242895 3997.25102341 3997.32928931 4000.57999045 4021.2337859
 4024.97581551 4041.149922   4042.52280841 4047.87708871 4052.45884334
 4052.92127209 4055.62854528 4058.33328516 4060.166867   4080.14510248
 4086.40494049 4086.42600695 4086.55437234 4133.43060811 4151.36193053
 4155.53365589 4165.16179387 4172.5702205  4175.92892057 4192.00342805
 4193.73417757 4193.88067612 4202.06089511 4202.38855853 4202.80712105
 4204.77263492 4208.85156119 4212.49662509 4217.62574097 4217.95850434
 4229.98058528 4240.37378235 4266.11466076 4276.51649108 4293.10096017
 4294.03231762 4300.59158599 4320.49958884 4321.06791654 4332.74466757
 4334.12845386 4334.76231425 4358.31704765 4358.68257736 4369.27840576
 4410.58896332 4410.70022888 4410.74266179 4410.82582764 4412.17711425
 4412.27414663 4412.44724491 4415.99817641 4420.33726677 4426.31094095
 4426.67997063 4434.58912563 4466.07194718 4466.34784445 4466.53664258
 4479.31971598 4499.79761318 4500.37720744 4505.97058538 4506.09185085
 4508.24122956 4508.59909269 4509.5165836  4509.70128177 4515.97258633
 4517.65250303 4517.85506769 4522.65755346 4523.22501451 4530.42177657
 4537.35517457 4556.88961445 4568.0956368  4568.11446995 4568.29220152
 4571.83526644 4621.2331439  4642.85266313 4648.48927397 4648.82677063
 4649.16920057 4661.88590797 4663.80275565 4668.05504687 4670.05696038
 4670.57162195 4672.75176702 4679.31553535 4682.05850819 4684.45655111
 4685.95190296 4688.10511497 4693.53719451 4696.91452773 4728.29075033
 4766.43770589 4767.90585801 4771.59632146 4776.77163688 4776.92020207
 4801.72572308 4815.51455319 4841.24466505 4841.3937969  4841.48556266
 4847.6678681  4856.38068181 4856.5475135  4864.79746513 4871.48226559
 4878.03466737 4878.14159964 4878.29883142 4878.60396173 4878.69282752
 4880.89790568 4882.89515257 4884.81573355 4885.42076089 4893.20688378
 4893.4904143  4895.20279735 4905.29486407 4912.26282839 4918.82289676
 4932.64739319 4940.98534394 4945.97556119 4948.02617422 4955.54553308
 4974.78017593 4991.45967741 5015.19454236 5019.47100001 5026.49916374
 5040.06546272 5047.80098611 5052.41844038 5081.73108342 5085.03261739
 5086.95986497 5087.15959633 5110.74952938 5122.05385076 5125.3076852
 5125.56804929 5135.78588143 5138.30265651 5149.30114759 5150.34227061
 5175.14672496 5179.96887721 5182.7697828  5199.02062186 5201.48693077
 5201.65262913 5206.64584635 5210.35387629 5244.47497171 5250.98924053
 5252.20559515 5257.40544366 5288.63193441 5289.02159722 5298.11320718
 5323.96435117 5327.94047846 5334.13941707 5336.76459107 5337.13285409
 5340.6020864  5345.55633733 5356.23866488 5405.82844044 5411.30825284
 5411.49915095 5419.16677501 5422.2876441  5427.38859359 5442.39411165
 5450.88506089 5466.31414143 5476.75390471 5476.79600429 5477.18693375
 5478.10069137 5483.39127231 5497.70589721 5509.99780881 5524.08393598
 5526.01981681 5527.18823857 5531.80362619 5533.85337256 5535.75485373
 5537.05254088 5540.78587057 5547.99609917 5562.94658444 5563.1566157
 5569.66128461 5589.92095064 5590.40797915 5591.24660418 5609.89591949
 5644.03291475 5646.30289227 5651.46107452 5667.10015297 5667.32531741
 5667.46478269 5676.78662371 5687.59401668 5708.18814606 5732.3510401
 5750.51849352 5770.87839189 5786.34583871 5815.18455311 5818.15972364
 5818.32565533 5820.10097108 5820.3346021  5823.94416636 5860.73576866
 5863.99426973 5884.970062   5899.21285428 5899.5340511  5900.56097426
 5904.86483164 5906.70751339 5911.60213158 5911.87486221 5911.97982784
 5913.28041496 5914.7276673  5915.92465544 5916.14031997 5917.37497441
 5918.73052765 5920.84424005 5926.78914785 5930.84344103 5935.32236334
 5937.73233947 5953.33355163 5956.22955629 5960.92117649 5970.43638226
 5979.6542243  6003.02859282 6003.84208476 6005.99849674 6006.13569538
 6010.21612164 6021.69194132 6033.34192595 6035.76470196 6041.71454303
 6045.97426751 6055.81760336 6070.18876104 6079.57113479 6080.09756291
 6085.51220929 6085.88203896 6086.42573358 6088.48767982 6088.80834331
 6090.89408932 6101.02898895 6104.97131658 6108.46908194 6116.89623181
 6122.40907722 6127.98922196 6131.19012359 6154.92428854 6182.35681687
 6186.9518047  6191.29099506 6191.45279345 6201.49679399 6214.70212988
 6219.85737882 6242.25269037 6247.86233481 6254.574935   6261.39936742
 6263.59914563 6273.76574495 6273.9729429  6274.56680368 6277.71287252
 6294.24430881 6294.52873932 6296.27388871 6311.38150576 6312.30746325
 6312.39402906 6316.4493889  6318.41406945 6327.38884723 6344.01644923
 6345.02817254 6360.79788304 6364.10768359 6393.32862754 6393.49302591
 6393.59892486 6398.84797288 6400.18449298 6400.75235402 6402.2619724
 6403.49156023 6403.62099228 6404.68608173 6404.81221381 6406.39143151
 6407.3414221  6410.25589324 6410.75308831 6416.55566418 6416.7659621
 6417.17415806 6422.02634334 6427.33405744 6439.79053408 6450.33809629
 6458.17931863 6461.60428472 6469.66320491 6479.28224298 6479.58217334
 6481.95184987 6482.76210852 6489.73627278 6500.02780419 6503.46837012
 6503.52386957 6503.66190154 6503.70376779 6503.85363297 6506.20847632
 6507.13030052 6511.79438766 6515.2643533  6527.23323477 6528.29819089
 6528.93355126 6533.07884354 6533.54840556 6533.80686967 6540.85839983
 6548.35555892 6552.27878673 6552.42585194 6554.87349437 6567.58990177
 6572.27038875 6576.67014518 6577.85873341 6582.07519165 6584.23283695
 6593.05888287 6595.89595478 6599.43738637 6605.63332501 6608.23046596
 6611.13577052 6612.56205639 6614.38450501 6618.8353276  6619.51905416
 6623.75301223 6626.77591563 6634.66637082 6634.69203723 6635.07376679
 6638.42663358 6638.62979824 6643.04805448 6648.47120077 6655.92272698
 6656.98791643 6657.1758479  6658.36043617 6659.78698871 6662.96289059
 6663.3292203  6664.69284012 6667.82634243 6667.89320843 6671.17017598
 6683.8062175  6695.6749333  6696.05766284 6696.09866243 6698.33930691
 6704.09531657 6739.77316324 6742.10887345 6746.24829912 6748.19014655
 6752.63056925 6762.74526908 6770.9794542  6788.03401863 6791.36058569
 6800.18466497 6807.70855712 6830.75552888 6833.04653952 6843.11743979
 6843.41990346 6843.50833592 6848.44655368 6850.85202986 6851.03239474
 6852.50444683 6855.83661383 6856.85363709 6859.92357335 6859.99147268
 6860.36633563 6861.01879584 6868.30912364 6878.27525827 6881.03146431
 6885.21462289 6903.28204396 6904.32643361 6905.71738651 6906.49631212
 6910.53573879 6910.58343832 6916.59551211 6916.66924471 6917.49290322
 6919.13548695 6919.75361417 6919.84771323 6919.92197917 6920.75423759
 6925.76122134 6926.31924914 6927.276773   6927.8215676  6934.32060324
 6936.06028601 6936.19131804 6936.33818326 6938.56349455 6938.6293939
 6940.65067388 6951.43926704 6955.13323046 6955.67019181 6971.17487159
 6971.68203323 6974.11157584 6974.51403852 6975.47456234 6976.76464957
 6978.88616189 6979.57958836 6982.16169612 6987.02994791 6988.60669896
 6988.69846471 6989.70088812 6992.92482286 6997.53411055 7002.73762568
 7013.87038209 7014.33877746 7016.83915269 7031.51467402 7034.21844725
 7036.25819371 7050.42712006 7052.33186786 7063.78975439 7076.89579127
 7077.48698541 7078.77210602 7086.9629249  7087.29165498 7087.53825254
 7091.92300911 7093.24216271 7096.39269818 7104.29221995 7108.61821044
 7112.42193944 7115.26287797 7115.48897573 7117.16749244 7121.82537964
 7133.69906206 7140.00139964 7140.92309051 7142.20777779 7143.53156468
 7144.39052284 7161.19662307 7162.53374316 7163.74493117 7167.10506456
 7167.59235973 7170.75372842 7174.07979548 7174.28492679 7175.20845097
 7187.42829662 7187.90312525 7189.64547466 7189.77634004 7191.58698877
 7191.84805285 7192.02795107 7192.15294983 7198.68535181 7199.21734654
 7202.13121768 7204.91742342 7208.92925036 7213.53343809 7217.18886856
 7218.8638853  7219.4935124  7220.31357095 7240.39500541 7240.8766673
 7247.04463955 7249.08691933 7259.71068078 7266.39618124 7272.61121969
 7278.62806011 7288.08586644 7290.02048062 7290.0691468  7292.17322596
 7294.69220102 7307.00174578 7310.58034367 7310.68230933 7318.37409982
 7319.0160268  7323.55391519 7323.68274725 7328.73003059 7333.17115328
 7339.55889002 7343.13698792 7347.50077803 7347.68867617 7348.46716846
 7353.69824999 7358.95883123 7361.31274125 7362.52372926 7363.67868449
 7370.10662083 7370.60158259 7375.46950105 7378.56273708 7381.47027496
 7387.35748332 7387.52434833 7388.12797569 7389.7491263  7398.32644136
 7399.90029244 7402.61193225 7403.16632676 7403.96825215 7404.04858469
 7413.2428603  7420.71221966 7422.56113469 7423.20086168 7427.02709046
 7429.5400989  7431.96287491 7433.96288844 7442.54810341 7446.99122608
 7448.25878019 7462.5463387  7462.9361015  7470.16539658 7476.66873217
 7480.02043231 7483.62472995 7485.34124628 7487.02652959 7493.70179682
 7494.69952027 7501.92868201 7514.03096216 7517.94525673 7525.53184826
 7525.96011069 7528.54791839 7530.00083734 7530.06307006 7530.18530218
 7530.20380199 7530.98329428 7532.82637602 7533.12347308 7537.95215859
 7537.98092498 7544.28152924 7547.68299556 7554.76012547 7555.37308607
 7556.89087104 7557.37149961 7559.18031503 7565.36178715 7565.97761438
 7568.80131975 7570.58890205 7573.50083988 7576.96990552 7577.23913619
 7577.87912985 7578.50445699 7578.99231882 7579.27991598 7589.82287823
 7590.35503963 7591.00509986 7594.72769633 7594.75852935 7595.41785616
 7597.20787176 7597.48790232 7599.53984867 7599.95641121 7606.69634446
 7609.83908001 7613.60410939 7614.06970477 7620.15397785 7620.29674311]"
531,714748_2024-06-24_C-273,ACAd,True,"[  20.50013992   20.52537301   20.62107206 ... 7619.35245246 7619.40108531
 7619.98821283]"
532,714748_2024-06-24_C-277,MOs,True,"[  49.12308979  163.94461934  206.10613514 ... 7613.3908115  7615.19199366
 7615.64722248]"
533,714748_2024-06-24_C-278,MOs,True,"[  42.72941978   53.75304394   54.33317153 ... 7618.11983133 7618.6678259
 7619.06338865]"
534,714748_2024-06-24_C-279,MOs,True,"[  23.30854544   23.31584537   23.3230453  ... 7619.91981351 7619.99047947
 7620.20714399]"
535,714748_2024-06-24_C-280,MOs,True,"[  43.90897476   61.04600505   75.10739913 ... 7619.9973794  7620.2634101
 7620.74120537]"
536,714748_2024-06-24_C-281,MOs,True,"[  20.38027444   20.4053742    20.50700652 ... 7620.42074188 7620.48814121
 7620.7075057 ]"
537,714748_2024-06-24_C-283,MOs,True,"[  20.33614155   20.41044081   20.53583957 ... 7612.37988818 7619.55115049
 7620.24054366]"
538,714748_2024-06-24_C-287,MOs,True,"[  20.2769088    21.53826298   21.68312821 ... 7620.31584292 7620.55020726
 7620.60594004]"
539,714748_2024-06-24_C-292,MOs,True,"[  21.22726606   21.54712956   21.65966177 ... 7619.2197871  7619.24885348
 7619.35995238]"
540,714748_2024-06-24_C-293,MOs,True,"[  20.44764044   20.55410606   21.41326421 ... 7610.63300548 7613.14038064
 7614.19010358]"
541,714748_2024-06-24_C-294,MOs,True,"[  21.15106681   21.36656468   21.40813093 ... 7619.4254184  7619.44161824
 7619.46358469]"
542,714748_2024-06-24_C-298,MOs,True,"[  22.98001536   27.70523524   28.06403168 ... 7606.41841388 7606.82104323
 7611.75289439]"
543,714748_2024-06-24_C-300,MOs,True,"[  74.91780101   84.814303     87.74877394 ... 7615.72548838 7620.02937909
 7620.74453867]"
544,714748_2024-06-24_C-301,MOs,True,"[  27.67780217   28.40549497   28.69655875 ... 7620.543374   7620.61390663
 7620.70347241]"
545,714748_2024-06-24_C-302,MOs,True,"[  23.28557901   29.12815448   31.56936363 ... 7618.19963054 7618.95692304
 7620.59210685]"
546,714748_2024-06-24_C-305,MOs,True,"[  28.09896467   28.1192978    28.22109679 ... 7620.59077353 7620.67807266
 7620.76633846]"
547,714748_2024-06-24_C-306,MOs,True,"[  20.71327115   20.97180192   21.06620098 ... 7617.94666638 7619.14652116
 7620.52707416]"
548,714748_2024-06-24_C-307,MOs,True,"[  25.88011998   25.94471934   27.46363763 ... 7620.54187401 7620.56304047
 7620.74447201]"
549,714748_2024-06-24_C-309,out of brain,True,"[  22.71311801   40.33771013   46.64808097 ... 7619.05272209 7619.5903501
 7619.62718307]"
550,714748_2024-06-24_C-315,ORBm,True,"[ 211.04781953  212.37337307  212.38530628 ... 7496.64823431 7504.58992232
 7509.30687561]"
551,714748_2024-06-24_C-316,ORBm,True,"[  32.08742517   35.05412912   71.07270575 ... 7595.2725576  7599.15498581
 7604.72579731]"
552,714748_2024-06-24_C-318,ORBm,True,"[  23.67480848   24.50933355   26.14101739 ... 7610.57410606 7616.47618094
 7616.60797964]"
553,714748_2024-06-24_C-319,ORBm,True,"[ 156.91188899  456.59575445  866.66592671 1035.63385336 1450.94734036
 1511.50144068 1597.1904254  1628.58358117 1633.98662766 1672.18791601
 1689.22044733 1737.84253247 1796.84958144 1897.02578936 1909.54239873
 2008.75831616 2040.86513153 2083.17297921 2190.90267899 2191.01961117
 2192.9107591  2210.12945525 2255.5327056  2257.99661453 2258.80743984
 2264.85127998 2297.32792502 2323.83256254 2323.86569554 2374.74899163
 2402.73474781 2427.04814036 2440.46204085 2451.39779921 2606.49882986
 2624.49908493 2624.6706499  2638.85560942 2652.96886965 2668.28298466
 2707.62226173 2763.12581206 2790.44607483 2890.46018436 2919.53266311
 2961.97290947 2972.45733898 2987.25919239 3003.77002888 3012.98177098
 3050.64749797 3059.66537532 3092.52288326 3093.13604385 3093.30704216
 3100.32457266 3102.94348006 3117.67456751 3125.70315466 3136.02751908
 3137.6948359  3137.79910154 3191.3299714  3210.57801412 3213.6557503
 3218.72323345 3219.89505518 3228.5266697  3230.52894987 3232.58682949
 3234.56467657 3234.58974299 3261.36147786 3279.88756105 3308.00414927
 3354.56808813 3390.52026542 3390.6402309  3393.28627136 3400.23446921
 3400.38206775 3418.81661852 3428.47945616 3458.59032463 3471.11806723
 3481.56456377 3510.19901353 3524.75293606 3529.88081861 3542.47336057
 3553.335653   3573.4026876  3573.55671941 3604.29394834 3604.49591301
 3616.40879503 3619.67492935 3627.66318357 3627.74601609 3638.37717747
 3651.05325193 3651.79817789 3681.93051281 3719.08314488 3729.21257789
 3742.6383116  3768.72048663 3771.24122834 3784.93179275 3787.6530658
 3806.29948114 3807.93486495 3839.42741973 3856.21705346 3889.10209445
 3898.0944054  3903.37645309 3920.23891943 3920.65151534 3921.42397436
 3926.12939442 3926.52162387 3955.83826687 3969.35753299 3971.31478027
 3971.36837974 3971.43391242 3971.57364437 4008.22494807 4008.26364769
 4008.4199128  4029.84743393 4034.29238991 4034.44282176 4035.06561559
 4048.31738435 4067.29842971 4068.7399821  4090.4227007  4097.40943151
 4110.00637342 4114.67426053 4141.76339226 4155.53552253 4168.67469241
 4183.74967645 4186.50701581 4216.46768577 4216.53681842 4216.61298433
 4216.71145002 4235.88322682 4240.37448234 4282.61833065 4292.11423661
 4294.02108439 4340.13599437 4350.15086186 4350.32692678 4361.62931485
 4379.39417225 4379.53183755 4386.34527008 4450.43730202 4470.7182345
 4470.74190093 4482.76154856 4482.87351412 4483.44677511 4497.67673419
 4502.19768941 4502.29682177 4502.55858584 4538.90585921 4561.93739779
 4580.37704851 4580.43064798 4582.20006379 4582.75175833 4598.30103767
 4598.36953699 4598.61853452 4604.1076135  4606.44022373 4606.56172253
 4610.15505361 4610.86361326 4644.27801568 4645.12030733 4645.17300681
 4648.96003598 4669.30323451 4674.43801699 4680.43455761 4683.40349487
 4697.69452001 4712.11381054 4717.28952595 4725.62561006 4725.72824238
 4726.52223452 4727.52142462 4727.57612408 4762.56757755 4766.46450562
 4773.02750729 4784.3729616  4805.18252218 4812.7270808  4817.1800367
 4828.59572365 4828.64295651 4831.48292839 4833.44307564 4844.62733155
 4855.90008657 4898.53843098 4898.61209692 4923.99511221 4937.61194402
 4952.85302641 4952.95082545 4994.15365073 4997.0045225  4997.92968
 5003.68722299 5007.24315444 5014.55774866 5014.79414632 5019.6874312
 5019.8287298  5070.56106071 5070.67362626 5089.04014437 5160.74663424
 5196.24068273 5196.27601571 5198.95372253 5234.25260628 5234.3926049
 5248.4814987  5251.04087335 5251.27217106 5268.28466925 5268.3937015
 5271.01894217 5295.58126559 5310.68291603 5310.7301489  5318.36640661
 5323.63908772 5328.48920636 5334.21544965 5385.15561184 5393.32839756
 5410.75435832 5413.49496451 5413.64322971 5451.06352579 5471.76182081
 5488.09205909 5497.75296341 5499.30368139 5510.17224042 5512.50205068
 5518.30335989 5527.02237355 5535.65268808 5535.81445314 5535.86341932
 5537.75986721 5543.637809   5552.55682067 5563.3343806  5574.53230304
 5632.60572792 5633.72378351 5633.93431476 5661.64974028 5677.19448634
 5677.71648117 5679.03816808 5687.75138179 5707.18245602 5767.69922337
 5767.87385497 5784.98485218 5792.36344578 5882.99378157 5883.06581419
 5883.08371401 5883.14641339 5883.20397949 5883.53684286 5888.8437903
 5956.28808904 5972.30519708 5974.93580437 5995.62369949 5999.45692819
 6002.61446359 6015.79499972 6023.22329282 6040.77998562 6046.35326376
 6052.44750341 6056.64759515 6060.3712916  6060.86748669 6072.24870731
 6083.06300021 6084.58568513 6085.16934602 6088.26151539 6100.04669868
 6103.54796401 6112.67124032 6117.61772467 6121.99724796 6124.96515191
 6125.29701529 6131.26895614 6138.51695103 6138.56411723 6139.01091281
 6145.49001531 6168.03779201 6168.06209177 6173.2722735  6206.70510907
 6274.08327514 6274.13534129 6275.14906458 6287.18167875 6307.64107613
 6312.33216301 6316.3418233  6345.1066051  6347.32751644 6349.42676232
 6394.44631647 6394.65811437 6405.11237751 6405.43084102 6405.49034043
 6427.96611785 6429.06254032 6439.34513849 6446.72109878 6456.06443958
 6467.29609501 6496.48653926 6498.55575211 6498.83171604 6509.41594455
 6526.65007388 6527.16436878 6540.21390622 6542.81158049 6559.22268463
 6568.59725846 6576.36574819 6576.61461239 6580.80173759 6581.98782585
 6582.09865808 6582.84605068 6594.18820502 6595.91125463 6603.76921014
 6610.3901779  6615.7252584  6615.82649073 6615.84862385 6629.30035729
 6631.42930288 6632.3158941  6647.55420985 6647.56787639 6661.25537417
 6663.15285537 6663.18665504 6663.3217537  6663.37231987 6670.8712456
 6687.77227823 6687.85421075 6702.28840114 6716.09876437 6724.33701611
 6761.67271303 6779.8785994  6779.95923193 6781.59038245 6783.755961
 6784.41062118 6790.64679276 6790.91335678 6792.81950457 6795.24164725
 6796.7375991  6796.85636459 6801.20585485 6855.26658614 6872.39671649
 6901.13649854 6901.19333131 6902.32475344 6908.65955737 6914.89949557
 6915.54878914 6918.09213062 6943.90667497 6944.62460119 6947.45373984
 6947.54477227 6947.93996836 6957.98223557 6964.44970486 6982.57002541
 6983.24091876 6984.60217195 6989.30465871 6997.084415   7007.82080867
 7025.6567987  7026.97691896 7077.40085293 7077.90534793 7077.92368109
 7078.17381194 7078.45837579 7080.37312349 7085.64240464 7085.86663576
 7087.86321598 7088.21914579 7088.58584216 7096.07326801 7096.14626729
 7096.23149978 7096.40356474 7096.44249769 7096.62442922 7097.73511822
 7102.51063759 7107.10999204 7115.92783805 7119.62593476 7127.54058971
 7132.24507645 7134.19325716 7135.62934294 7135.84147417 7136.04503882
 7136.22340372 7139.05874231 7147.00416362 7147.01719683 7147.08969611
 7147.16589536 7147.4241928  7147.90728801 7148.46184919 7176.26807381
 7176.56223757 7176.60383715 7198.1745902  7198.32785535 7198.37738819
 7198.43095433 7198.51295351 7201.06452824 7201.53752356 7201.56602328
 7201.61682278 7201.6585557  7201.68505543 7201.80048762 7208.54538749
 7208.67798618 7208.77351857 7209.22598075 7209.32701308 7224.59046193
 7230.37800461 7234.8518603  7252.5628849  7252.63788416 7258.16749607
 7282.30769033 7283.66361024 7299.80211708 7324.84100244 7329.83925294
 7333.45118384 7345.13556812 7355.54499837 7365.74753066 7365.77309708
 7391.44597616 7391.57400823 7393.5631552  7407.74921471 7411.05381531
 7411.09774821 7412.55290047 7417.22005425 7423.45825913 7423.64462395
 7424.19161854 7424.37698337 7427.04079032 7427.44121969 7427.49691914
 7432.9939647  7437.35578817 7437.37138801 7439.45090075 7451.91057736
 7456.75719603 7467.4098572  7469.3756044  7475.88033998 7479.13514108
 7479.412705   7479.53160382 7479.546637   7482.36004248 7482.3706757
 7495.32931404 7508.58251612 7508.91281285 7508.92117943 7521.98895002
 7524.12389554 7525.00778679 7539.46081032 7544.31909554 7546.75887138
 7546.82093743 7546.87050361 7547.03646863 7555.28342029 7561.99122053
 7581.80652429]"
554,714748_2024-06-24_C-321,ORBm,True,"[  47.3953069    87.37114434   93.59734935 ... 7592.71011631 7612.18772341
 7618.22296364]"
555,714748_2024-06-24_C-323,ORBm,True,"[ 314.08186581  327.35053441  500.81578319 ... 7614.45053434 7617.89840019
 7619.66738267]"
556,714748_2024-06-24_C-327,PL,True,"[  60.83397382   63.03065206   69.63998661 ... 7618.0929316  7619.45881807
 7620.60630671]"
557,714748_2024-06-24_C-328,PL,True,"[  30.3340092    54.23353918   57.47107379 ... 7617.52080393 7620.12157817
 7620.32247618]"
558,714748_2024-06-24_C-329,PL,True,"[  27.70660189   27.71283516   27.76043469 ... 7616.21358354 7619.16898761
 7620.13744468]"
559,714748_2024-06-24_C-331,PL,True,"[  26.17408373   27.2885727    34.99536304 ... 7615.8951867  7618.28286305
 7618.36712888]"
560,714748_2024-06-24_C-340,PL,True,"[  27.38827171   27.40373822   27.45690436 ... 7616.83454406 7619.76198174
 7620.42817514]"
561,714748_2024-06-24_C-342,PL,True,"[  20.78683708   73.82341184   74.18247496 ... 7619.28991974 7619.78054822
 7620.16457775]"
562,714748_2024-06-24_C-343,PL,True,"[  21.2599324    23.66327526   30.34500909 ... 7611.73026128 7614.23310316
 7615.11192779]"
563,714748_2024-06-24_C-345,ACAd,True,"[  37.18907465   37.19454126   37.23954081 ... 7619.28211982 7619.34355255
 7619.36328568]"
564,714748_2024-06-24_C-355,MOs,True,"[  20.71143783   20.94163555   21.86662639 ... 7619.32085277 7620.27570998
 7620.71510563]"
565,714748_2024-06-24_C-357,out of brain,True,"[ 950.99325825  986.50507323 1158.33343822 1200.16765726 1217.85031547
 1265.06448123 1488.41096935 1834.63044061 1834.7964723  1914.52521605
 1932.74323563 1936.61726394 2121.52153276 2146.57798462 2167.9702061
 2171.75723526 2183.84108226 2366.86923633 2501.59413544 2591.98584025
 2615.92943647 2655.91030719 2702.57874501 2716.68503865 2828.92049381
 2874.99697083 2904.79220909 3003.01603634 3124.45883365 3129.01268855
 3170.83330772 3174.65686986 3199.90851978 3199.94291944 3202.82402424
 3213.33512015 3242.36253268 3326.73349712 3327.01972762 3365.68807801
 3369.23714286 3394.49585938 3409.53981039 3419.28531388 3422.0164535
 3422.38751649 3425.70511697 3430.66113456 3438.26279261 3446.51121092
 3539.40722427 3576.17282683 3577.1252174  3629.92239453 3630.23205813
 3680.88178986 3693.21093443 3756.98846949 3795.9837833  3797.39980261
 3822.30298932 3866.96244704 3907.07541646 3909.41322664 3925.46253436
 3949.12593335 3966.20809751 4000.44592511 4050.59536179 4065.34201575
 4068.29781981 4080.2716679  4083.24203848 4090.82769669 4104.36999591
 4114.55109508 4121.44536014 4121.45719336 4121.84302287 4199.11699093
 4226.58978552 4293.00512779 4307.02268897 4308.20314394 4328.97753821
 4335.3699749  4335.55143977 4365.2050461  4378.1708177  4395.93360845
 4403.99556195 4419.88250461 4486.96344028 4509.45405089 4531.74529679
 4543.24378292 4548.46369789 4548.67392914 4555.6961596  4567.84103933
 4588.58873385 4595.16846869 4603.91358209 4610.76418091 4619.78869154
 4633.1108596  4644.43171415 4656.42049542 4663.92835441 4663.9495542
 4664.01555354 4665.03941007 4666.26866456 4692.75893555 4698.4121129
 4725.7895751  4733.18413521 4757.78015829 4760.71612921 4762.69064299
 4765.20931805 4784.6385923  4812.17668625 4813.02727783 4819.52044685
 4825.1776575  4827.78706499 4849.63538195 4857.43970466 4859.31815272
 4863.57947719 4867.58543752 4868.83582513 4869.72871629 4870.25131112
 4873.37244687 4883.80744353 4900.78994201 4914.18664268 4938.58140109
 4951.15900986 4954.3122453  4954.97527206 4971.6692734  4978.2330084
 4988.17484328 5012.93713138 5022.59750238 5079.93216791 5091.72711776
 5101.23759024 5117.00576742 5122.09861698 5122.73307737 5128.95371576
 5164.07363462 5172.40491878 5178.83285512 5188.05023051 5205.01369584
 5208.46416167 5221.52009904 5224.72260066 5228.9827918  5239.51182086
 5246.8520815  5250.92407451 5252.57992478 5276.69645261 5314.0347495
 5328.03541085 5331.51917635 5334.9443091  5344.80004482 5346.53089435
 5346.63302667 5356.23879821 5356.94885784 5361.46421313 5366.0612676
 5383.13719849 5460.68326386 5461.01159394 5473.61113583 5473.62133573
 5479.60317649 5479.93607319 5480.43246827 5486.31057673 5514.47683112
 5518.69882264 5518.92172044 5520.14430833 5527.22103824 5537.40613738
 5553.25761373 5553.44217857 5559.41468609 5565.85422231 5575.90358946
 5583.73151193 5587.96467001 5588.2112009  5595.89242483 5601.29390467
 5607.64154181 5635.98449445 5654.90044046 5657.74747893 5670.19782229
 5670.2338886  5679.37959803 5683.27859275 5687.50608422 5688.14767786
 5688.22664375 5700.88601838 5702.30583765 5702.42653646 5708.20477923
 5713.02959812 5747.21452624 5752.58577304 5765.54661136 5766.05733963
 5767.81275558 5783.18487001 5783.89056302 5814.5927923  5824.26392986
 5827.36053252 5831.40479247 5832.21188448 5851.40419441 5867.65283349
 5875.19745878 5875.51162233 5875.97651773 5878.16316274 5883.10388048
 5906.53631508 5936.04452285 5948.03563743 5948.74876371 5949.67562119
 5953.27928551 5960.29204939 5985.46360011 5986.56558919 5988.43007073
 6003.82555159 6003.89485091 6003.90435081 6009.21249825 6034.53954742
 6038.47770842 6046.40752989 6049.15466935 6070.84262123 6079.33733711
 6086.35730092 6086.39116725 6095.90763967 6106.49656814 6118.16948587
 6125.9184758  6127.04333132 6153.73076703 6154.09839672 6157.36199773
 6164.93485607 6166.31690905 6169.4620779  6169.47221114 6169.62310964
 6170.99192942 6181.04626318 6183.86220196 6183.8852684  6184.60679459
 6184.62969436 6186.22474523 6196.16961341 6208.39429234 6212.03935625
 6217.22637154 6219.52724876 6224.0403374  6236.77274464 6237.37913863
 6237.99093257 6239.29491966 6240.19724405 6242.06079227 6246.8440449
 6246.92997738 6247.0891758  6247.12304213 6247.30280702 6247.38793951
 6247.39937273 6248.43142918 6248.59542755 6248.91869102 6249.12455564
 6249.16448858 6249.22235468 6249.24295447 6249.26862088 6249.38345308
 6249.43691922 6250.10411261 6250.29817735 6250.38007654 6251.62809752
 6251.67813036 6251.68369697 6252.09822619 6252.23519151 6252.40178986
 6252.522022   6252.65025406 6252.85868533 6253.363447   6256.05772032
 6256.13065293 6256.26365161 6256.90597858 6257.00071098 6257.29087477
 6257.52077249 6258.07580033 6258.2205989  6258.45399658 6258.47039642
 6262.69248794 6262.7778871  6262.93011892 6263.15368338 6263.27414885
 6263.85237646 6263.97217527 6264.92339918 6268.22493315 6269.17072379
 6269.32478893 6270.6441092  6270.73697494 6273.27731645 6277.63727327
 6279.90398416 6281.96726372 6282.11896222 6282.42179256 6284.30220727
 6289.79048625 6290.76037664 6290.9999076  6294.03414422 6296.5305195
 6301.27347253 6308.0888717  6316.65248689 6328.16043959 6329.03339761
 6330.49314982 6330.51021632 6332.36209798 6343.51708751 6348.83033489
 6349.30916348 6355.08200631 6355.10783939 6355.44736936 6355.6818337
 6368.04711125 6368.73583776 6369.57746276 6371.66220878 6371.86237346
 6378.80820467 6384.68707979 6386.22639788 6392.45520286 6398.54017593
 6408.02261535 6408.99763903 6409.01433887 6412.52220413 6414.39341893
 6416.3889325  6419.42053581 6423.69436015 6427.69028724 6430.34949424
 6430.59885844 6444.22455683 6445.57681011 6446.10807151 6446.55283378
 6450.77062534 6455.57997771 6456.02577329 6456.41020282 6459.35147369
 6469.79753691 6472.29074555 6475.711745   6481.49165443 6486.63307018
 6486.65057001 6489.06007948 6489.19424482 6490.00263681 6494.06626323
 6495.24911819 6499.41561026 6499.54320899 6503.12714017 6504.27226216
 6506.31354194 6510.83689715 6518.04012581 6518.67618618 6524.07939934
 6524.87062483 6526.04311322 6532.3461508  6542.59601596 6546.71284186
 6546.71597516 6554.42466548 6555.21865762 6558.27722733 6561.74212635
 6563.62674102 6565.03932703 6565.72092028 6567.49290273 6582.84648401
 6584.36163567 6588.11416518 6588.1288317  6591.04330283 6591.28763375
 6591.37259957 6598.37216359 6599.31168762 6599.58151828 6603.648278
 6609.18968979 6614.38957163 6616.11425455 6617.36107553 6623.12225181
 6630.65074392 6641.53786944 6660.55704775 6672.20653238 6672.48269631
 6672.98795797 6686.34652568 6688.2796732  6688.30553961 6688.36960564
 6688.39547206 6689.74145873 6691.83967128 6694.01898303 6695.17857155
 6695.20423796 6695.80466535 6704.47384616 6707.60751512 6718.64827245
 6720.03475872 6724.08688526 6752.89056667 6755.56594018 6756.07233516
 6756.08503503 6757.03139233 6761.40261571 6764.21132122 6769.2457047
 6775.46524311 6782.23777603 6795.10008199 6795.12064845 6797.82752164
 6805.93520802 6822.64967582 6831.35705626 6840.41523322 6856.4688409
 6879.43841342 6883.0788107  6891.09256467 6893.94223645 6895.68261922
 6896.32521285 6899.02661943 6908.35696036 6917.68193468 6936.06385264
 6939.64978379 6942.68538707 6950.11344684 6974.68543682 6983.47781642
 6984.99653471 6985.02546776 6996.67315241 6999.35515918 7007.96774055
 7052.55813229 7053.00259455 7053.78182017 7057.80898029 7057.88157957
 7075.17834161 7084.30305124 7084.39918362 7085.10324332 7118.61177814
 7126.03927125 7135.61787639 7139.45433839 7151.00572399 7153.99179442
 7160.56916262 7162.32761187 7165.96434252 7170.80079462 7187.71056049
 7192.33394804 7197.39899788 7205.18432078 7208.03525921 7222.93684497
 7235.55638666 7239.83941091 7241.52442756 7257.79233312 7266.44264745
 7267.54320322 7267.72996803 7271.30149933 7274.47656789 7275.37322567
 7277.74390219 7279.28988688 7279.47281841 7284.08020611 7284.98829712
 7294.45210339 7308.16773423 7323.82467917 7326.58025188 7329.60542193
 7336.43662094 7347.32047982 7347.8375747  7354.15767878 7358.89603185
 7370.28051911 7378.35143918 7385.56103444 7388.80206901 7394.9258417
 7399.56296244 7402.54473291 7408.70403858 7409.44166461 7409.8027277
 7415.62743669 7416.9189239  7418.30627682 7421.19408156 7421.40944609
 7423.83738871 7432.99503135 7436.50269662 7443.465261   7448.35487924
 7449.93836356 7450.7953884  7450.91312057 7452.11237536 7459.52486862
 7459.66366725 7460.45549274 7462.74020344 7464.4210868  7464.54211893
 7466.09700353 7479.92486659 7483.54049745 7488.17758486 7488.22141776
 7496.50983568 7503.82396324 7506.91613262 7507.30349545 7507.75175768
 7511.27272281 7511.43182123 7529.76437301 7536.55467243 7539.66270832
 7546.7898044  7547.05173514 7554.00616627 7555.44588535 7556.58227409
 7557.67456328 7557.69896303 7559.86044163 7560.64986714 7560.65966705
 7564.89435844 7571.76632372 7573.58143908 7584.25323339 7584.34389916
 7584.54799714 7592.03435633 7596.1468156  7596.18414857 7597.10377279
 7597.69696692 7597.70840014 7597.77513281 7598.1165961  7609.4187175
 7618.22303031 7618.51772739 7619.15428775]"
566,714748_2024-06-24_C-359,ORBm,True,"[  21.18353316   21.32379843   23.53437654   35.53752434   35.79408846
   58.73456127   94.36480842  165.48543742  179.62353074  183.94628793
  245.71227623  266.59390277  269.23914324  343.5442407   363.58404224
  420.02094999  425.87792532  438.10027095  465.5197994   472.11693407
  481.96140324  502.88729601  514.38531547  564.98958098  573.20573295
  574.15835685  574.19482316  579.16894056  632.42544648  632.53194542
  654.63629318  685.04392538  722.01295926  740.41854365  786.6438192
  831.06101265  831.47820852  868.82163869  877.83341611  906.94276117
  914.25862205  939.01597687  963.94846329 1041.77452588 1074.95336397
 1075.28072739 1075.74722277 1075.96678726 1093.96914231 1118.1910691
 1121.06200734 1124.80593692 1179.00550017 1200.67108561 1200.88725013
 1208.60907366 1236.89366021 1259.36153771 1259.8674327  1277.77865531
 1280.82082519 1293.39970061 1306.77516815 1320.42579963 1320.66526393
 1324.55449208 1328.42698706 1353.62897081 1353.66920374 1353.72853649
 1405.24659295 1410.1357112  1442.33599231 1473.66004877 1481.62606987
 1490.54058159 1499.91952204 1509.24776299 1526.10909601 1546.22529679
 1565.24834173 1565.31757438 1596.36540024 1596.5438318  1616.24253672
 1644.86538659 1647.21992994 1658.35028638 1658.45751865 1668.015024
 1676.89786936 1676.96650202 1694.70195971 1701.57772495 1743.66227484
 1753.84237402 1787.91220328 1789.50708749 1789.76961822 1806.64061781
 1820.69644527 1838.2740712  1865.34150314 1922.02300847 1988.52714985
 2009.48117567 2026.75467127 2030.70726546 2037.30446679 2142.45869208
 2176.94831719 2196.12659392 2201.54050697 2238.19327732 2266.03360161
 2276.99045977 2361.36682416 2403.6612053  2403.84143685 2447.7906016
 2479.28075641 2503.20708613 2520.01115305 2523.01768994 2523.06255616
 2547.56934679 2559.23289795 2641.54098283 2646.5953661  2681.44385432
 2709.97280512 2710.01637136 2718.89085014 2729.4028127  2744.22639923
 2819.50125376 2835.84335858 2842.565892   2842.69722404 2873.72625008
 2944.05432026 2944.45778293 2944.70718046 2953.53975966 2989.87179985
 2998.48238124 3010.32699727 3050.17840261 3055.67158154 3097.67009895
 3104.43903192 3121.27666517 3126.34571497 3126.75627757 3136.33251606
 3164.68683526 3219.05643015 3226.77855368 3229.00013168 3231.2294096
 3235.84549722 3241.04164576 3258.73437054 3263.61172224 3269.72512836
 3270.67661894 3280.29885698 3297.07322419 3322.33874064 3323.68206067
 3344.26992345 3361.11955658 3409.20341373 3424.94879113 3426.63407444
 3555.33656652 3559.79032241 3599.34003073 3614.41828141 3621.8480745
 3636.45742981 3656.03516926 3666.84416222 3682.11021103 3682.14861065
 3692.68907293 3702.08577987 3706.74756704 3715.27101596 3715.69491176
 3725.92944374 3725.94271028 3726.00937628 3726.08664218 3732.60437764
 3751.72968823 3751.7462214  3753.97553266 3758.350056   3759.03061593
 3759.88417414 3781.47619364 3799.04145302 3835.33916022 3845.50972616
 3854.52403689 3863.85724446 3869.35575667 3869.36278994 3869.48202209
 3874.0753766  3885.21283297 3954.57611271 3965.37093913 3996.07530172
 4008.3030473  4035.75384211 4074.84575497 4087.97489161 4114.56406162
 4148.0998295  4152.47575284 4163.53127668 4178.17403167 4198.13526732
 4215.28273084 4246.99358346 4247.00258337 4247.02514981 4317.2589876
 4338.85057377 4368.67897836 4384.19942466 4388.70411338 4391.49385242
 4391.78588286 4400.14366676 4419.13037873 4462.99771096 4464.35516418
 4473.81090387 4473.96190238 4474.0501015  4474.24456624 4497.08594004
 4505.52335648 4508.15149712 4508.22506306 4508.23516296 4513.30517941
 4514.87296389 4515.11432816 4527.54123843 4527.56400487 4528.71966009
 4530.2198119  4530.38851023 4535.32509468 4552.17129451 4552.18806101
 4552.34942608 4562.15929559 4579.44575773 4594.31691046 4597.05351669
 4597.41567977 4606.65538827 4619.71595892 4619.88812388 4628.80863554
 4633.87535203 4641.216446   4653.13519463 4657.43941867 4657.64901659
 4657.86764776 4658.09237887 4659.01210309 4683.0002322  4683.13029757
 4722.9898695  4728.08095241 4728.54971444 4732.2124115  4780.91782915
 4794.37619587 4812.02875438 4812.08788713 4815.36508801 4852.69411832
 4865.62579026 4878.15103288 4879.08252366 4892.02916211 4904.257941
 4917.56867585 4922.68379186 4939.0313633  4950.96027849 4951.03247778
 4951.10347707 4951.21750928 4951.52587289 4952.45776366 4971.2460776
 4971.26187744 4972.15166863 4973.2485911  4974.74534294 4987.21738609
 4987.50814988 5028.84304053 5033.91855693 5046.98512752 5050.34786089
 5093.33026855 5093.34140178 5093.44286744 5094.35599173 5120.80476313
 5123.51513629 5146.55800809 5156.12154671 5177.01483979 5190.18030941
 5198.01856512 5198.11503083 5205.42282513 5208.91562387 5224.28833829
 5224.3649042  5252.37422682 5252.49325897 5252.60882449 5258.40450043
 5258.53653246 5262.36046125 5264.73033778 5290.33548421 5303.61251939
 5303.8027175  5304.21974671 5305.87133035 5314.88900771 5315.01323981
 5319.48336221 5322.89936171 5327.78284669 5340.09175812 5349.26866724
 5359.30440118 5359.33143425 5373.21123012 5373.32376234 5382.25364057
 5407.22039332 5415.61777682 5415.74174226 5416.1651714  5416.30297004
 5417.36229288 5417.82958825 5427.40649341 5429.83906932 5440.42073119
 5443.83156408 5443.91826322 5446.67973587 5449.86783763 5449.88063751
 5457.74639294 5457.95345756 5458.28142098 5468.84198306 5476.90860317
 5477.91699319 5483.36727254 5486.45450864 5487.15723501 5502.6619148
 5520.72313593 5528.48169243 5533.88133895 5536.13554996 5536.18761611
 5549.70494891 5553.3408129  5572.94715207 5573.98837509 5584.45880473
 5585.21049729 5614.33694217 5618.36183564 5624.9192707  5642.07770078
 5650.15202082 5654.63530975 5657.76887872 5659.45076206 5660.1331553
 5664.04694988 5671.26687837 5682.51790028 5694.42778234 5695.23357436
 5695.59413745 5713.45172727 5733.70552669 5733.92259121 5735.29901091
 5743.67602795 5745.6699082  5747.71875458 5764.46135544 5779.34494137
 5790.79992793 5791.18485745 5801.89548471 5803.9092981  5805.2890511
 5816.91726928 5820.83673046 5821.65732234 5839.60801123 5842.34398414
 5868.03679636 5868.06149611 5868.20669468 5868.50939168 5868.86928811
 5870.29874062 5876.49807923 5877.06650693 5878.59259182 5884.35590141
 5894.15253772 5894.26560327 5895.00289597 5896.62761321 5919.70525133
 5921.75516437 5922.13042732 5924.63440252 5925.39879495 5932.00692951
 5935.61512711 5937.78140565 5938.35489997 5947.42144352 5983.44428677
 5983.45571999 5996.66382252 5996.851154   6002.25470048 6003.37872269
 6005.88023125 6029.01990209 6045.90806817 6046.01150048 6049.87819552
 6057.20705627 6065.13604441 6086.79112996 6094.32798865 6094.76911761
 6094.83825026 6099.29573945 6100.51956067 6100.62739293 6100.72372531
 6122.37384423 6122.51470951 6122.69594105 6125.27254886 6125.37584784
 6125.84280988 6127.24319601 6127.38792791 6133.53936699 6139.33544292
 6140.00936958 6142.77067557 6144.82552189 6152.51311242 6159.23607918
 6165.82321394 6176.91120413 6181.59465775 6186.95063804 6187.53373227
 6200.6837687  6212.27452058 6216.78760922 6218.02843027 6218.16796222
 6226.77104369 6226.87794263 6228.77025722 6232.58991939 6232.67791852
 6240.30794296 6243.08178215 6253.72957671 6267.297809   6273.90044361
 6279.20362443 6282.50649172 6288.76979636 6296.93954878 6306.47522101
 6309.22856041 6309.9532199  6309.98375293 6317.9674072  6324.66844084
 6355.25930455 6359.33976414 6362.59059862 6363.44859012 6363.45785669
 6364.91557559 6372.66249887 6372.79199759 6373.60728951 6375.93796643
 6380.10439184 6382.25813718 6387.25832099 6388.21411152 6403.65209197
 6407.32732224 6410.44645802 6414.29408658 6415.78227184 6417.24402403
 6417.35162297 6418.38807937 6426.39326676 6428.17728242 6428.30184785
 6438.62967891 6442.0333452  6448.70134583 6448.83027789 6451.30472005
 6453.75199581 6453.82699507 6454.09525908 6457.47469228 6461.10988961
 6462.85260569 6463.10603651 6469.47420678 6474.9881855  6485.74781228
 6485.7997451  6491.11342581 6492.21191493 6492.8983748  6501.64175488
 6501.90555226 6503.3555379  6507.33519849 6509.50491034 6520.73646578
 6521.53412454 6526.52807509 6531.33486082 6532.9551781  6544.82172725
 6546.45177777 6550.31000623 6551.94715668 6552.12208829 6552.5913503
 6559.38491636 6562.49871886 6566.08461668 6566.72157703 6566.80334289
 6567.11993976 6568.10429667 6568.30419469 6576.00525176 6583.45061136
 6597.40393984 6600.83127257 6623.37768262 6625.63699357 6625.84065822
 6626.94944724 6634.23977504 6635.06046692 6654.17591094 6656.12019169
 6661.4538722  6663.93394764 6678.54590293 6681.92976942 6688.23527364
 6690.53021758 6693.41472235 6700.17665538 6700.64901737 6701.26061131
 6701.96980429 6702.51153226 6702.5341987  6702.81836255 6744.45001693
 6750.71852151 6765.71107304 6766.28483402 6766.30063387 6766.43129924
 6769.13997241 6774.73315036 6782.37440801 6783.46549721 6815.69314471
 6818.69054836 6838.55741828 6838.60041786 6839.20697852 6847.23426568
 6849.34111149 6852.44178078 6853.66540199 6870.54296818 6875.83844907
 6875.92738153 6875.9739144  6875.99024757 6875.99934748 6880.69010103
 6884.33646492 6887.02940491 6887.25360269 6892.1904538  6900.44393873
 6904.17090182 6905.31189052 6905.5156885  6906.37394667 6916.35234785
 6925.66405563 6926.07601822 6927.34640564 6930.68120595 6931.62286329
 6933.06118238 6934.04157267 6934.3043034  6939.5881844  6940.21407821
 6951.53866605 6953.62904535 6958.08560122 6981.02407405 6985.66906138
 6988.69833138 6989.41955757 6990.57067951 7012.21416516 7012.50246231
 7017.50221279 7017.50781274 7051.38164394 7056.32492832 7068.82297121
 7070.34315616 7074.77321229 7074.89097779 7075.07074267 7075.95440059
 7083.98972101 7086.81415971 7086.953225   7087.58998536 7087.68728439
 7091.12045039 7117.4943892  7125.41531076 7133.02733537 7133.16630066
 7142.50137488 7142.78440541 7143.17270157 7143.93836065 7144.11895886
 7144.3708897  7144.63958704 7144.90251777 7144.9193176  7145.15188197
 7145.20924807 7145.24104775 7145.33444683 7145.66574355 7145.98740703
 7146.00214021 7146.19913826 7146.35827002 7149.57500483 7170.23473356
 7172.34447934 7186.80286948 7187.18176573 7187.45132973 7187.56332862
 7189.89883882 7190.83752953 7194.64985844 7204.86805724 7208.10749183
 7221.97968778 7222.18088579 7239.05748532 7246.63174364 7248.23492777
 7250.63203736 7258.54952562 7259.96807824 7260.058744   7267.1677736
 7279.43965207 7285.78725587 7287.2655079  7294.90196561 7310.59321021
 7312.32115976 7347.83864136 7352.78975899 7352.81569207 7364.56574237
 7366.91775241 7367.19288302 7369.26229586 7370.07218784 7374.13884756
 7386.89598789 7406.69665846 7407.22095327 7411.00691578 7419.12706869
 7442.03507516 7444.4381847  7444.51938389 7446.92806004 7456.23283456
 7464.16205603 7471.06068771 7472.59040589 7477.51889042 7486.42733553
 7490.64046047 7493.06836976 7501.51611943 7510.14176734 7513.26820305
 7517.79475822 7518.96277999 7540.61423223 7541.17169338 7543.88486651
 7546.54697348 7550.51173421 7557.92239415 7558.11025896 7562.56431485
 7563.4380062  7568.13675966 7575.61288563 7576.6222423  7578.55905645
 7592.61721723 7607.11344033 7607.18107299 7618.4693612 ]"
567,714748_2024-06-24_C-361,ORBm,True,"[  66.13748796   76.09858931   76.12328907 ... 7610.88120302 7619.78551484
 7619.86268074]"
568,714748_2024-06-24_C-364,PL,True,"[  53.04038433  170.71645228  179.71492983 ... 7616.83854402 7617.29067288
 7619.8665807 ]"
569,714748_2024-06-24_C-366,MOs,True,"[  20.55720603   21.11596716   21.16593333 ... 7618.22206365 7618.46596124
 7618.84452415]"
570,714748_2024-06-24_C-367,MOs,True,"[  21.22313276   21.28763213   21.43966395 ... 7588.90342067 7596.08734953
 7615.35812535]"
571,714748_2024-06-24_C-371,PL,True,"[  58.1164674    61.45453434   61.60623284 ... 7618.08196504 7620.17941093
 7620.21511058]"
572,714748_2024-06-24_E-2,MB,True,"[  20.67809301   20.84455832   20.86949145 ... 7620.70855765 7620.77079047
 7620.7755571 ]"
573,714748_2024-06-24_E-3,MB,True,"[  20.19729694   20.37242884   20.49042788 ... 7619.89933093 7620.15462884
 7620.28392778]"
574,714748_2024-06-24_E-5,MB,True,"[  21.209522     24.2328973    24.48036194 ... 7619.68589934 7620.47299291
 7620.63032495]"
575,714748_2024-06-24_E-8,MB,True,"[  22.15484761   22.19521395   22.2865132  ... 7620.10952921 7620.14709557
 7620.4854928 ]"
576,714748_2024-06-24_E-9,MB,True,"[  21.49408634   21.61218538   22.30367973 ... 7620.14522892 7620.39392689
 7620.47602621]"
577,714748_2024-06-24_E-11,MB,True,"[  22.45191185   22.87867503   22.92737463 ... 7618.95943861 7619.2585695
 7619.48306766]"
578,714748_2024-06-24_E-13,MB,True,"[  20.4798613    23.24487204   23.97506607 ... 7620.27269454 7620.41102675
 7620.42395997]"
579,714748_2024-06-24_E-14,MB,True,"[  20.60316029   21.37125401   21.39645381 ... 7620.65839139 7620.70575767
 7620.74135738]"
580,714748_2024-06-24_E-18,MB,True,"[  25.47492048   27.06134085   27.62290293 ... 7619.39950168 7620.74315736
 7620.74709067]"
581,714748_2024-06-24_E-19,MB,True,"[  22.63574368   23.88220016   26.80830958 ... 7620.54545898 7620.64005821
 7620.65962471]"
582,714748_2024-06-24_E-20,MB,True,"[  27.77756833   30.26208136   33.61545396 ... 7620.15552883 7620.29992765
 7620.79172363]"
583,714748_2024-06-24_E-21,MB,True,"[  20.27592963   20.55839399   20.81985852 ... 7620.27609451 7620.66539133
 7620.73902407]"
584,714748_2024-06-24_E-22,MB,True,"[  20.71389272   20.74829244   20.80405865 ... 7620.68892447 7620.70875765
 7620.71582425]"
585,714748_2024-06-24_E-24,MB,True,"[  56.48363377   56.85803071   56.93129677 ... 7620.40709344 7620.53282575
 7620.69249111]"
586,714748_2024-06-24_E-25,MB,True,"[  20.65145989   20.81205858   21.70798459 ... 7620.39799352 7620.44212649
 7620.51102593]"
587,714748_2024-06-24_E-27,MGv,True,"[  28.54299541   28.54432873   28.77379352 ... 7620.04826304 7620.32572744
 7620.38182698]"
588,714748_2024-06-24_E-28,MGv,True,"[  20.8874913    20.97935721   21.21918859 ... 7615.98609624 7618.14551192
 7618.15381186]"
589,714748_2024-06-24_E-29,MGv,True,"[  20.55522735   21.56658575   22.25548012 ... 7620.64395818 7620.69209112
 7620.74132405]"
590,714748_2024-06-24_E-32,MGv,True,"[  34.14334965   48.72753048   93.22233356 ... 7590.18554039 7608.67652263
 7613.23158541]"
591,714748_2024-06-24_E-33,MGv,True,"[  20.21473013   20.28536289   20.31899594 ... 7620.16412876 7620.2696279
 7620.543059  ]"
592,714748_2024-06-24_E-34,MGv,True,"[  20.53179421   21.48978638   27.66716923 ... 7620.39569354 7620.75242396
 7620.7627572 ]"
593,714748_2024-06-24_E-36,MGv,True,"[  20.29432948   20.37282884   20.71745935 ... 7620.15679549 7620.2249616
 7620.49955936]"
594,714748_2024-06-24_E-38,MGv,True,"[  20.31769595   22.0008822    22.05544842 ... 7620.68052454 7620.70449101
 7620.72839082]"
595,714748_2024-06-24_E-40,MGv,True,"[  21.50065296   21.50515292   21.80788378 ... 7620.37802702 7620.39889351
 7620.44709312]"
596,714748_2024-06-24_E-41,MGv,True,"[  20.22583004   20.29399615   20.29709612 ... 7620.59935854 7620.64222486
 7620.73802407]"
597,714748_2024-06-24_E-42,MGv,True,"[  31.32967264   31.37083897   33.74165293 ... 7620.05956295 7620.52385916
 7620.55692555]"
598,714748_2024-06-24_E-43,MGv,True,"[  20.26276307   20.29689612   20.33666247 ... 7620.63535825 7620.63989154
 7620.66972463]"
599,714748_2024-06-24_E-45,MGv,True,"[  21.0540566    25.03745739   28.32033056 ... 7619.278536   7619.52663397
 7619.64196636]"
600,714748_2024-06-24_E-46,MGv,True,"[  20.25196316   20.83219175   21.19605544 ... 7620.59675856 7620.66809131
 7620.70269103]"
601,714748_2024-06-24_E-47,MGv,True,"[  24.20363087   24.80419263   33.35665608 ... 7618.5772084  7618.6868075
 7619.48416765]"
602,714748_2024-06-24_E-48,MGv,True,"[  20.22066341   20.33489581   20.5200943  ... 7620.67409126 7620.74362403
 7620.79579027]"
603,714748_2024-06-24_E-49,MGv,True,"[  20.22146341   20.27769628   20.71062608 ... 7620.54442566 7620.72589084
 7620.75185729]"
604,714748_2024-06-24_E-50,MGv,True,"[  20.2755963    20.44959488   20.71432605 ... 7618.99373833 7619.66679949
 7619.99856345]"
605,714748_2024-06-24_E-51,MGv,True,"[  20.56836057   20.67409304   21.14998915 ... 7620.41552671 7620.52332583
 7620.5551589 ]"
606,714748_2024-06-24_E-54,MGv,True,"[  20.85735821   22.0621817    22.4210121  ... 7620.61995837 7620.67675791
 7620.7098243 ]"
607,714748_2024-06-24_E-55,MGv,True,"[  20.20806352   20.22223007   20.30689604 ... 7620.64235819 7620.67432459
 7620.69935772]"
608,714748_2024-06-24_E-56,MGv,True,"[  20.19519696   20.20313022   20.23236332 ... 7620.70939097 7620.72365752
 7620.73065747]"
609,714748_2024-06-24_E-61,DG,True,"[  20.26519638   20.40762855   20.73139257 ... 7620.40666011 7620.63545824
 7620.77639043]"
610,714748_2024-06-24_E-62,DG,True,"[  20.24989651   20.25662979   20.39846196 ... 7620.65835806 7620.74689067
 7620.76292387]"
611,714748_2024-06-24_E-63,DG,True,"[  20.34149576   20.55982731   20.70092616 ... 7620.63475825 7620.77319045
 7620.78095706]"
612,714748_2024-06-24_E-64,DG,True,"[  20.27659629   20.37446216   21.14328921 ... 7620.39986017 7620.4449598
 7620.75865724]"
613,714748_2024-06-24_E-71,DG,True,"[  20.22463005   20.23732994   20.25589646 ... 7620.76805716 7620.77662376
 7620.79079031]"
614,714748_2024-06-24_E-75,DG,True,"[  20.58806041   20.8503916    20.85385824 ... 7618.99720496 7619.16437027
 7619.41816819]"
615,714748_2024-06-24_E-78,DG,True,"[  20.76899227   23.3352713    31.45373829 ... 7607.33633358 7619.03047136
 7619.45926786]"
616,714748_2024-06-24_E-79,DG,True,"[  22.90350816   23.17513927   23.5802693  ... 7620.39472688 7620.50729263
 7620.51292591]"
617,714748_2024-06-24_E-80,DG,True,"[  20.49132787   21.26812152   21.56998572 ... 7617.61168295 7619.71826574
 7620.50119268]"
618,714748_2024-06-24_E-83,DG,True,"[  20.45242819   20.79999201   20.84485831 ... 7620.38512696 7620.64159153
 7620.66982463]"
619,714748_2024-06-24_E-84,DG,True,"[  20.72095933   21.26995484   22.82114217 ... 7614.92700489 7616.00882938
 7619.22563643]"
620,714748_2024-06-24_E-85,DG,True,"[ 248.24280018  340.59504554  340.61597871 ... 7616.03522917 7616.73062349
 7619.87643111]"
621,714748_2024-06-24_E-86,DG,True,"[  20.27786295   20.76259232   21.54675258 ... 7619.75303212 7619.75783208
 7620.41476005]"
622,714748_2024-06-24_E-87,DG,True,"[  21.14122256   21.30122125   21.94878263 ... 7619.74613218 7619.7562321
 7619.75806541]"
623,714748_2024-06-24_E-89,DG,True,"[  20.23003      20.37202884   20.4061619  ... 7619.92133075 7620.03039652
 7620.76059056]"
624,714748_2024-06-24_E-92,DG,True,"[  20.25222982   20.25862977   20.26436306 ... 7619.84539803 7619.8574646
 7620.77459044]"
625,714748_2024-06-24_E-95,DG,True,"[  20.36912887   20.54436077   21.30895452 ... 7619.7480655  7620.13366235
 7620.37509371]"
626,714748_2024-06-24_E-97,CA1,True,"[  20.73812585   20.86475815   21.22772185 ... 7598.16614185 7608.57342347
 7615.55043313]"
627,714748_2024-06-24_E-102,CA1,True,"[  20.23069667   20.2835629    20.32462923 ... 7619.87299781 7619.98019693
 7620.64435817]"
628,714748_2024-06-24_E-103,CA1,True,"[  20.45259485   20.95429075   21.33652096 ... 7620.68442451 7620.76665717
 7620.78429036]"
629,714748_2024-06-24_E-104,CA1,True,"[  23.00160736   67.0527474    67.79364135 ... 7540.33931437 7541.06110847
 7600.96735229]"
630,714748_2024-06-24_E-105,CA1,True,"[  22.82250882   23.10760649   23.12097305 ... 7611.70169791 7611.85113002
 7611.87519649]"
631,714748_2024-06-24_E-106,CA1,True,"[  21.80805044   22.55687766   23.26883851 ... 7620.43545988 7620.50309266
 7620.66205803]"
632,714748_2024-06-24_E-118,VISl,True,"[  26.10558199   26.1786814    28.3038307  ... 7619.28946924 7619.30190248
 7619.34086882]"
633,714748_2024-06-24_E-120,VISl,True,"[  20.24319656   20.26212974   20.29649613 ... 7620.70745766 7620.76399053
 7620.77432378]"
634,714748_2024-06-24_E-129,VISl,True,"[  24.4813286    26.39524629   26.5780448  ... 7620.4894261  7620.53989236
 7620.68405785]"
635,714748_2024-06-24_E-131,VISl,True,"[  27.45220432   29.34502219   29.35838875 ... 7619.32650227 7619.33690219
 7620.32482745]"
636,714748_2024-06-24_E-132,VISl,True,"[  23.40430407   29.03519139   29.19029012 ... 7619.3027358  7619.32583561
 7619.35403538]"
637,714748_2024-06-24_E-133,VISl,True,"[  35.42490584   42.61771373   54.29428499   54.60598244   59.79884001
   65.16199619   85.10899986  185.05698316  207.71316469  210.43390913
  252.48113221  264.50540063  271.58624277  276.97239876  277.8111919
  291.64914549  357.28387584  421.19045364  474.03228852  498.06442548
  555.13679246  571.44282589  575.12846244  626.32567742  640.96319115
  642.45741227  659.23284186  666.98861182  697.20123161  701.94962614
  717.3796334   722.32909295  732.98837252  735.41505269  743.29635496
  761.90963619  765.78103789  766.34939992  796.0735237   804.48715495
  818.81657119  876.95242948  908.9077017   922.53422368  927.25655176
  935.09452105  967.81098705 1046.07754751 1073.04606048 1138.93302209
 1168.90887715 1190.20806978 1206.15817278 1217.85694385 1220.8126197
 1224.41955689 1235.96666254 1272.61402975 1273.72838731 1339.13085289
 1340.21284405 1343.08582057 1362.18529784 1418.41430504 1422.81453575
 1430.09554292 1430.32027442 1435.0790022  1473.61725396 1606.83443207
 1629.33274823 1671.7245685  1735.47954754 1832.80208562 1837.1979497
 1844.3621245  1901.67935614 1902.10058603 1929.38989638 1940.49827228
 1957.20246911 1967.1938208  1973.73080072 1983.68951935 1994.62549665
 2042.83106942 2103.81820441 2173.88886517 2193.29733991 2209.02657805
 2231.40982849 2253.39251553 2270.44350953 2278.99487299 2298.96470981
 2313.14206063 2395.36115546 2431.70645847 2442.12250669 2444.47595413
 2447.17966537 2451.36533117 2475.1398369  2476.22812801 2483.8655656
 2491.22587212 2501.83285212 2507.57330521 2508.13890059 2510.06448485
 2513.01796072 2513.65365552 2519.04774478 2525.32242684 2533.28159514
 2538.21525482 2546.30222208 2552.88866826 2557.75426183 2561.12350097
 2565.68029707 2574.90055506 2575.71698172 2596.96567476 2610.01680145
 2612.55201406 2623.19189379 2630.03410455 2632.15412056 2635.18102916
 2639.28096232 2639.50409383 2647.96689135 2663.47636461 2674.809872
 2676.33235956 2682.9115058  2700.00286615 2707.28360665 2710.35601488
 2717.72118803 2717.81505393 2720.20393441 2721.86615416 2723.30044244
 2730.05718723 2730.08268702 2731.08284552 2731.83077274 2732.52140043
 2768.27424161 2775.27511774 2780.83177234 2788.79570726 2792.89680708
 2796.33894562 2796.56601043 2796.88047453 2805.61943646 2838.65476651
 2839.21852857 2841.77030772 2847.54529387 2857.08751589 2867.35129869
 2873.32138324 2878.00077834 2892.17386253 2933.39312571 2938.35548516
 2939.02534636 2943.62340879 2954.51025316 3008.79627624 3012.46197962
 3022.96729378 3045.86547334 3051.62779292 3062.6522695  3078.66423866
 3089.58591608 3096.08109634 3115.84760149 3158.90698297 3161.77959284
 3165.15973188 3212.65197714 3222.51682987 3226.43796449 3230.46609824
 3265.28268042 3266.31973861 3269.46337959 3297.35138504 3304.74512462
 3336.99912773 3339.19087649 3341.62398994 3352.35150228 3372.64146982
 3399.27855216 3425.07700802 3448.78891427 3456.32971931 3461.72967519
 3462.32737031 3465.04761475 3465.91874096 3466.46666982 3475.59792854
 3482.1979746  3482.2683407  3492.53679012 3509.1021881  3524.56469508
 3532.57152965 3541.68705517 3552.23846895 3555.10357887 3555.5284754
 3559.28701135 3564.93569853 3568.25643806 3569.63222682 3571.22041384
 3573.20763094 3577.06159945 3577.33106391 3577.5572954  3582.7377864
 3583.08448357 3590.35872413 3614.46349383 3627.78645163 3630.09906606
 3631.24442337 3637.62673788 3646.27690054 3651.033995   3652.29158472
 3670.29953757 3670.49610263 3696.57738952 3701.3069842  3710.95600536
 3728.44436245 3741.07685923 3768.7057668  3778.35538795 3787.52444636
 3792.00157644 3796.9139363  3799.33068322 3811.26111907 3823.17622171
 3832.75854341 3835.14162393 3838.56519596 3845.14510886 3846.23743327
 3862.41523441 3866.55870055 3868.6741166  3904.59395642 3913.05508728
 3913.85821405 3930.83230868 3931.06324013 3934.0204493  3950.91474459
 3974.37971951 3974.58751782 3975.97993977 3977.36236181 4004.87937029
 4017.77463159 4026.77835802 4030.60816005 4037.97489986 4047.65892073
 4075.0626968  4076.61735077 4086.27807183 4094.38687223 4099.96209334
 4124.51982601 4125.51008458 4130.29237884 4135.00224035 4137.59371918
 4139.25463894 4143.12220734 4155.31627436 4157.50258983 4159.14004312
 4168.13560294 4168.25900194 4168.98516267 4187.46004504 4189.89679179
 4190.564753   4198.21365717 4220.05957866 4236.14781386 4238.08159806
 4259.38499065 4260.66988015 4260.81217899 4288.12972244 4291.34316285
 4308.58575529 4317.53168219 4328.18436181 4328.35812705 4346.99030814
 4357.50632221 4367.34764179 4369.65408961 4373.90388822 4376.14243659
 4380.46073464 4399.87534267 4406.26059049 4427.84574745 4433.03767169
 4438.26126234 4441.7091675  4450.78262669 4457.679737   4457.69497021
 4457.70773677 4458.00700099 4459.85708587 4475.80548889 4476.30031818
 4481.27254421 4507.25093194 4508.16222449 4534.17651192 4535.38290206
 4536.32282771 4586.03758815 4593.18849638 4603.2464142  4609.25133179
 4615.93294386 4632.82020587 4638.15162898 4644.87647403 4647.83631651
 4655.53185362 4667.60038834 4672.7214465  4680.35008416 4697.57954337
 4697.79507495 4719.62939653 4726.38927463 4728.69762243 4735.38383446
 4738.23347784 4763.69066983 4776.32999988 4777.99271963 4800.58216838
 4815.94714282 4830.47499078 4832.7360723  4842.42982643 4854.76442564
 4857.21350562 4861.88346747 4875.06292644 4875.70685451 4881.09957711
 4885.21394349 4896.19392044 4910.13727317 4925.23118317 4925.84751146
 4945.64741634 4945.74631553 4948.28086149 4970.33598127 4998.04228821
 5003.66030897 5003.68630875 5004.85213256 5010.90131646 5013.90935855
 5020.93480114 5024.42933926 5024.73030346 5027.22501641 5028.37554034
 5050.92522275 5053.87256533 5059.39305356 5065.80766781 5068.94767548
 5069.42937155 5078.46533105 5098.87139764 5099.89402261 5106.60960107
 5107.94279018 5112.4189536  5114.37817093 5115.77719283 5116.88665043
 5126.05160887 5137.61621437 5175.86390184 5179.19984125 5196.7673977
 5210.01618944 5217.71125989 5225.58049559 5229.79716114 5230.06255897
 5248.42724224 5248.4364755  5264.92387411 5280.94074323 5298.1960689
 5307.37712721 5309.42817712 5316.68518448 5319.3589293  5319.57312755
 5324.39375483 5329.48947986 5340.66445521 5347.81869675 5357.17715361
 5359.60483377 5370.87004172 5371.12510631 5401.50549139 5417.30476229
 5422.236022   5428.26760604 5435.77337805 5455.15205303 5468.34937853
 5485.96400126 5492.01421849 5516.59745094 5523.65845991 5538.047909
 5567.67363358 5568.02586404 5569.2465874  5581.79655152 5607.8821717
 5628.09993982 5633.80669319 5635.71204429 5639.62034569 5640.27760698
 5641.36963139 5647.07715142 5662.15982818 5665.18960342 5668.12631276
 5670.21232905 5675.78761682 5701.15010958 5706.23723468 5710.644432
 5715.1144288  5722.27350364 5742.11107487 5755.46749907 5790.30574773
 5806.07128557 5806.95324503 5810.42724998 5827.31264533 5834.66808523
 5835.33804642 5858.51022374 5868.78203981 5869.25626927 5869.92756378
 5871.77008206 5875.93741467 5898.24116576 5901.86036952 5905.87447005
 5946.37283912 5946.42830534 5947.03140041 5947.122733   5947.17073261
 5951.44983097 5954.97123553 5987.82083377 5990.69097699 5994.64567801
 5996.3882971  6002.72217868 6017.71238952 6027.48820964 6033.59379308
 6039.54591111 6045.87575939 6047.31144766 6063.220251   6067.84527987
 6086.53299384 6094.9323252  6099.76491905 6108.47441455 6112.57894767
 6129.33031079 6132.15965434 6150.17674045 6157.67777916 6162.19917555
 6170.88857121 6173.32315132 6177.95334681 6187.52643526 6198.74491025
 6210.46758113 6219.36564176 6243.2939129  6262.19615844 6262.97445208
 6272.91600418 6305.04347499 6307.94371796 6324.06961952 6330.85353076
 6331.92695532 6348.16128933 6357.41938035 6357.4818465  6373.88134583
 6380.387026   6383.50046723 6390.46031036 6393.60858463 6413.30062372
 6418.22351683 6448.1897053  6458.66125307 6464.0177093  6468.63843821
 6485.19866956 6509.12947401 6528.02315296 6545.66760878 6572.22859174
 6577.1453849  6594.77514084 6604.63179364 6610.92520888 6632.9711954
 6646.62431717 6666.29758975 6666.42748869 6668.23447392 6684.92907084
 6715.15235721 6727.22512522 6770.20634068 6774.19227477 6777.42538169
 6781.77644614 6782.01167755 6802.46784373 6805.15395511 6812.65576048
 6813.73575165 6818.87410967 6829.00132691 6834.08855201 6863.34651294
 6873.41039737 6895.61638258 6908.29471232 6908.38721156 6909.8139999
 6911.27412131 6920.06438281 6931.80945351 6938.64433099 6951.33106066
 6974.74073604 6985.55121437 6990.66537258 6993.31175095 7000.07882899
 7002.5948751  7006.33281122 7011.45990266 7036.19883384 7040.01456933
 7043.49644088 7047.79803906 7051.9213387  7070.76151809 7071.52291187
 7078.4701551  7081.92226022 7096.31100932 7100.77490617 7104.46947599
 7111.81481596 7122.34822989 7122.4903954  7128.5272794  7130.47226351
 7132.68074546 7132.79934449 7133.17184145 7176.43332128 7180.30888961
 7189.35314904 7189.76751232 7197.26745104 7199.94006253 7204.40222607
 7205.71401535 7207.01470473 7215.39756956 7256.1323367  7268.86186602
 7272.59856882 7276.03144077 7279.55914528 7281.74052745 7295.05661864
 7308.16944483 7308.41684281 7311.32691903 7315.05242192 7337.38200612
 7343.06452636 7346.41509898 7354.5669657  7357.88077196 7363.35062726
 7367.37222773 7378.96299969 7381.83357623 7396.29105809 7400.76275489
 7406.16981071 7412.05096265 7419.19083764 7436.38563047 7437.93468448
 7443.64167118 7447.17640896 7451.58440628 7454.12755216 7462.04018751
 7466.81411516 7467.39024379 7468.00250545 7476.01843995 7476.36037049
 7486.73641904 7488.6014038  7492.45207233 7499.71117969 7501.25793371
 7502.15762636 7502.71088851 7507.31061759 7512.36797626 7523.14738818
 7528.70350945 7528.86544146 7543.07992531 7553.64123901 7563.28409355
 7565.03894587 7569.83294003 7583.63599391 7586.23553934 7589.09858261
 7591.76376083 7594.20347423 7595.77012809 7599.03796806 7599.69059606
 7599.69849599 7601.96694412 7611.85326334 7613.43858372]"
638,714748_2024-06-24_E-134,VISl,True,"[  21.1724223    26.40024625   26.62064445 ... 7619.76479869 7620.43925985
 7620.62122503]"
639,714748_2024-06-24_E-135,VISl,True,"[  24.22239738   24.64336061   26.32238022 ... 7619.55410041 7619.98656355
 7620.04536307]"
640,714748_2024-06-24_E-136,VISl,True,"[  22.75277606   22.82054217   23.37023768 ... 7617.89701395 7617.91554714
 7618.07547916]"
641,714748_2024-06-24_E-137,VISl,True,"[  24.12853148   25.76008482   26.61671115 ... 7620.38149365 7620.56669214
 7620.79802358]"
642,714748_2024-06-24_E-141,VISl,True,"[  23.88730012   23.94489965   26.90287548 ... 7619.28626927 7620.07799613
 7620.33706068]"
643,714748_2024-06-24_E-152,MB,True,"[  20.50702774   21.86391665   22.86224183 ... 7620.65329143 7620.67729124
 7620.73809074]"
644,714748_2024-06-24_E-153,MB,True,"[  20.48572792   29.62791988   30.54267907 ... 7619.82699818 7619.8989976
 7620.03616314]"
645,714748_2024-06-24_E-155,MB,True,"[  28.72732724   29.52468739   31.49067132 ... 7619.04917121 7619.12110395
 7620.73102413]"
646,714748_2024-06-24_E-156,MB,True,"[  35.39250611   35.88866872   37.13172523 ... 7618.43464289 7618.99027169
 7620.74982398]"
647,714748_2024-06-24_E-158,MGv,True,"[  23.27580512   23.3351713    26.83307605 ... 7620.69242445 7620.74369069
 7620.77025714]"
648,714748_2024-06-24_E-159,MGv,True,"[  25.67041888   25.9991162    28.28269754 ... 7620.51012594 7620.53829237
 7620.7016577 ]"
649,714748_2024-06-24_E-161,MGv,True,"[  20.64789326   20.66575978   20.69449288 ... 7620.24342811 7620.39839352
 7620.52215917]"
650,714748_2024-06-24_E-164,MGv,True,"[  28.02773295   28.26363103   28.79732667 ... 7620.6774579  7620.69645775
 7620.70539101]"
651,714748_2024-06-24_E-166,MGv,True,"[  20.30509606   20.31836262   20.35779563 ... 7620.41869335 7620.61352509
 7620.74355736]"
652,714748_2024-06-24_E-167,MGv,True,"[  22.0862815    22.13331445   22.86507514 ... 7619.6296998  7619.6660995
 7620.11806247]"
653,714748_2024-06-24_E-169,DG,True,"[  22.92707463   23.50413658   23.50893654 ... 7587.65726105 7588.60538664
 7599.19046681]"
654,714748_2024-06-24_E-170,DG,True,"[  31.09080792   42.38344898   43.08350993   46.94757835   51.99540377
   52.64009851   54.12715302   58.17955324   58.34068526   59.11994556
   67.00544779   68.46593585   70.70618422   73.017232     75.77164282
   76.45337059   82.43332172   82.7090528    83.64447849   84.561071
   85.34643125   86.84471901   92.01121013   97.41586596  102.1312941
  102.17469374  107.91574683  112.82014009  114.55349259  123.03465662
  129.3032054   134.83532686  134.94002601  135.07929154  138.94469329
  146.99879414  147.09895999  147.59328928  147.73348814  147.7587546
  148.41018261  148.61368094  148.7949128   148.81417931  148.8844454
  149.05007738  149.21620935  149.44834079  149.91380365  150.02200277
  150.56679832  150.93516198  151.57395676  151.88865418  151.89872077
  152.0574528   152.21775149  152.23291804  152.3719169   152.63048146
  152.65468126  153.34710893  153.72463918  153.8769046   153.93420414
  154.20040196  154.48786628  155.41279205  155.68478983  155.77878906
  156.94591286  157.06547855  157.33550968  161.02951282  161.3305437
  164.42865172  165.02494684  165.23004517  166.07320494  166.14270438
  166.3473027   167.67732517  169.60060945  170.26613735  171.31866208
  171.81742467  171.92672378  172.04785612  174.58140209  174.77693382
  174.88969957  175.16016403  175.55389414  175.99675719  176.69191818
  177.29974654  182.52690383  183.0646661   183.97402534  184.33468906
  184.48348784  186.3444393   186.97820079  189.03958395  189.13114986
  190.95100166  194.12284241  195.3684989   200.69715536  200.78482131
  201.01021946  201.15605161  202.20300972  203.99426175  204.87822119
  205.87911301  207.32023457  210.1028785   210.11167843  210.42497587
  211.60849953  212.10509547  214.62400822  218.2572452   224.30306247
  224.90789086  228.29419652  241.43308916  244.80289496  246.22761665
  246.32838249  246.90337779  252.9441951   274.4988523   289.84356025
  308.86880479  309.34920086  316.94063883  326.05919765  327.39212009
  333.64770231  335.86505086  346.31613213  351.51108968  356.26381751
  375.90445702  379.64659311  380.99708207  382.18560569  389.64854471
  389.65827797  406.24384244  417.06648734  437.44875412  440.24376462
  440.5805952   460.34243372  475.7200414   477.70879181  490.29535563
  514.30119281  528.15761292  531.80721643  534.03549822  546.47579657
  553.09290916  558.171101    575.90962272  576.17215391  580.17178789
  587.37366238  615.01346986  619.47656672  620.29559336  633.01488943
  646.01734985  671.14111122  673.79292289  698.80518517  706.94575199
  719.95157905  726.37279324  737.08673903  769.93397063  781.88007301
  802.3020728   809.12321707  842.84354153  878.67408208  884.31480265
  889.85142408  893.84135814  920.32130843  956.12981583  989.51300972
  999.12706449 1003.7315602  1015.0313012  1018.32564095 1019.53589772
 1020.69768823 1021.71194661 1025.26885088 1037.17722024 1042.28324518
 1047.21037159 1054.30111365 1061.27908996 1090.63795006 1096.02190607
 1110.09455774 1118.76268691 1128.37004174 1151.79625032 1151.82071679
 1162.6983279  1255.55973577 1257.79135087 1266.21108207 1279.78983778
 1289.01129576 1289.27999357 1289.48829186 1290.22575251 1300.69206698
 1340.96803788 1362.67049387 1368.60757869 1390.82113051 1405.51277713
 1433.25288379 1437.10151901 1479.46207287 1484.09903498 1491.59070709
 1499.95797206 1510.07088942 1511.85667483 1520.50387084 1533.65946334
 1542.95928735 1543.48888302 1574.04103337 1609.64674242 1627.75669444
 1630.71407028 1645.97884554 1647.94419615 1693.45265762 1700.66999865
 1703.71354044 1711.90484018 1794.59419783 1924.38847058 2031.90192539
 2124.39116963 2221.59387536 2348.60403753 2366.24712669 2368.81317239
 2378.31432809 2406.74619576 2441.01301576 2441.50541174 2449.32094787
 2457.16381712 2565.55176478 2571.06375308 2575.50215014 2613.15210916
 2661.81311154 2678.15331135 2706.15994917 2717.9000199  2718.03271882
 2718.69334675 2757.89512642 2772.30534201 2830.51733301 3023.02059334
 3032.58484852 3048.46185212 3097.29718641 3130.96674462 3134.08691912
 3150.16108777 3205.45400263 3252.37115259 3252.68041673 3323.39193892
 3323.51590457 3323.80893551 3341.98108702 3351.17694522 3364.44163683
 3364.6693683  3364.96909918 3365.37242922 3368.07687379 3376.89886837
 3519.43497033 3552.59709935 3559.94303933 3560.10900464 3604.52134173
 3714.47514327 3730.14194858 3932.17543104 4025.70560011 4097.97940954
 4168.81403073 4168.82683063 4264.43021609 4392.23983839 4414.7162214
 4442.21333004 4548.33669621 4560.05883376 4560.21409916 4639.83351523
 4641.9339314  4655.79041818 4670.3626991  4674.38559956 4693.96107294
 4699.96539054 4711.3608641  4807.88297539 4839.34911827 4842.04572957
 5084.54731468 5112.9937489  5126.46637215 5329.24188188 5440.8094369
 5481.27263959 5481.27763955 5481.41303844 5481.5693705  5481.57700377
 5485.24894043 5485.36270617 5485.36690614 5485.37880604 5485.68993683
 5485.69853676 5485.8770353  5485.89140185 5485.91893496 5486.01156754
 5486.29163191 5488.443081   5495.62498898 5495.63235559 5498.34470009
 5498.34850006 5498.81769623 5523.78919218 5527.96485806 5528.03152418
 5612.82599797 5622.70005061 5754.47234053 5785.85501743 5798.12661715
 5801.92601944 5811.18114382 5834.40362072 5853.01960194 5853.14536758
 5857.65983069 5858.12126025 5858.12676021 5858.27822564 5859.28538407
 5862.59225705 5934.85316659 5958.50077336 6007.71610454 6023.43947606
 6029.24316197 6029.24756193 6042.41202103 6094.21596439 6097.57153697
 6218.55791502 6262.95608557 6272.89430436 6275.50158305 6280.86277258
 6299.99331626 6423.58680634 6493.03140555 6493.46710199 6493.47403527
 6546.79039961 6610.06444924 6625.49465649 6727.4692899  6727.63895518
 6742.75603165 6742.79143136 6743.22959445 6804.83482439 6816.6797276
 6835.6362727  6844.3573681  6847.08157918 6893.28966826 6900.03707979
 6903.00682219 6905.05713877 6909.51256903 6910.34096226 6911.23222165
 6912.78774227 6916.22751416 6919.57402015 6921.48213789 6921.81633516
 6922.43916341 6922.56672903 6922.71392783 6924.3447145  6924.88574342
 7016.96089104 7050.56961642 7134.48919735 7135.34662368 7136.37748192
 7152.06092044 7163.04019739 7165.91950719 7199.07646959 7201.92151301
 7248.57083182 7275.40511255 7275.44714554 7275.50661172 7329.22460611
 7329.62723616 7329.64246937 7329.9074672  7329.92290041 7330.20686475
 7331.05132452 7331.05639115 7336.74947796 7336.7812777  7339.08002558
 7348.52114844 7348.96894478 7353.0663113  7368.83154914 7396.24829178
 7425.38755367 7427.44513686 7427.47553661 7429.45358711 7429.60445255
 7429.60848585 7429.84611724 7429.85461717 7432.91369217 7433.17602336
 7433.20075649 7433.30162234 7433.47102095 7433.61471978 7433.62651968
 7433.93561716 7434.04428293 7434.06731608 7434.07134938 7434.10018248
 7434.34421382 7434.53301227 7434.79591013 7435.26413963 7435.85686812
 7438.94474289 7440.44073067 7441.29815699 7441.53518839 7441.96968484
 7447.73747104 7450.56371462 7451.38777455 7451.75590487 7453.02469451
 7453.74008866 7455.20517669 7455.58990688 7457.29745959 7457.46595822
 7457.85882167 7459.39810909 7459.6458404  7465.47392611 7467.3477108
 7467.4380434  7469.85379033 7469.86032361 7470.03918881 7475.77067531
 7476.84163323 7497.69252951 7509.03650349 7510.3483261  7521.38680257
 7545.10177545 7552.38688259 7561.4007756  7561.52227461]"
655,714748_2024-06-24_E-172,DG,True,"[  20.25602979   20.27752962   20.32392924 ... 7620.43799319 7620.67385793
 7620.69939106]"
656,714748_2024-06-24_E-174,DG,True,"[  23.88156683   25.69421869   26.68387727   45.13065987   92.18930867
  101.45329964  124.50044465  125.27690497  137.22774065  146.44203202
  156.78111421  167.58115929  188.88335189  205.73758084  206.58530724
  222.63717608  236.81482689  241.02029253  286.50795417  297.63109661
  308.91747106  334.81452611  336.63907787  343.84625231  351.96878594
  352.28481669  354.28383369  362.66733185  369.34007733  369.39734352
  388.37952175  397.49548059  405.19438435  414.46504193  416.20739436
  416.91175527  417.04912082  417.98677982  419.35453531  427.72793356
  437.30318865  437.46815397  446.46401379  453.61208872  453.72805443
  466.51044999  467.91840515  476.18923756  479.04188092  488.47593717
  494.53058769  504.76333741  513.47849953  529.61926764  536.29687974
  536.77797581  540.50971198  553.30697408  555.62795511  562.34140026
  565.08991113  579.12972974  586.36147065  587.40179548  589.51744486
  589.65467707  654.75454512  663.60220616  670.08068655  712.43390714
  739.91211594  750.56406224  759.04089297  785.4543438   802.45750487
  807.26533225  808.8008197   809.89347744  817.23341746  829.18328648
  846.37364601  872.51703239  877.51872485  886.53941781  888.12850482
  895.83410853  904.15740718  906.17645735  910.00792604  919.5626813
  948.60111068  949.41653735  978.96999587  983.8367561   998.493403
  999.84729194 1016.39562338 1016.42768979 1026.34217544 1031.94706297
 1040.75399101 1047.70596754 1060.56366247 1063.67963701 1071.2159421
 1082.84361375 1096.1816381  1106.56501992 1111.53264599 1115.46044723
 1119.29198259 1119.40188169 1124.01551066 1130.80908848 1135.80904762
 1140.67437453 1140.8010735  1142.56029246 1147.20872114 1154.19063075
 1161.26383962 1167.87728558 1168.43151439 1168.88444402 1173.32127443
 1177.10934348 1185.32994297 1190.94829706 1197.56747631 1199.19226303
 1204.65165176 1209.40554624 1210.6307029  1223.82659507 1230.83113784
 1231.36360015 1238.57387457 1250.50411042 1267.71033648 1279.763038
 1302.55101846 1333.23543439 1334.95818698 1335.31181743 1338.46082503
 1347.82031522 1356.29347931 1376.60588    1377.84940317 1382.14290142
 1420.22085694 1422.68827012 1423.81526091 1431.33669945 1441.82774706
 1445.25891902 1448.90518922 1452.58675914 1458.59104341 1470.09038278
 1511.76330892 1522.0181918  1523.17648233 1544.95950434 1568.55157822
 1572.22861485 1575.61415385 1580.97037675 1582.33139896 1587.86765372
 1590.93919529 1605.03501344 1607.52905973 1640.75965486 1645.02885331
 1656.89542301 1657.56378421 1675.34017229 1676.97772558 1679.56570443
 1693.38409152 1755.65321603 1760.70810806 1767.53471894 1797.65467282
 1826.48370392 1933.11363262 1968.20394588 1980.50157873 1987.86488523
 2045.68401277 2051.35349978 2059.42263384 2061.01745414 2081.36255457
 2104.79952972 2123.7879079  2128.51920257 2134.04432409 2148.46637291
 2202.09940132 2219.78545681 2238.02310778 2252.12455922 2253.334316
 2280.96895686 2291.90776747 2295.52343793 2296.52576307 2301.07509257
 2302.89084439 2318.29568518 2356.4719399  2359.81547925 2361.26336742
 2383.42245301 2385.51450259 2400.88691031 2414.83736298 2435.41956146
 2450.74786955 2454.7637034  2455.53289711 2473.94344667 2501.85181863
 2508.00523501 2548.03564125 2548.54383709 2564.37464107 2584.31991142
 2640.11505551 2642.52426915 2643.35149573 2673.85487981 2689.41958596
 2721.49949049 2756.76216902 2761.1945328  2772.81030455 2782.4151594
 2800.40907903 2808.34518085 2878.83327154 2901.88211653 2948.7899999
 2969.06780087 2975.6648803  2997.61160097 3001.05283951 3009.71296875
 3009.82033454 3016.21224897 3016.80871077 3027.62602238 3040.97371331
 3043.45379304 3053.61634333 3069.00605091 3080.35605817 3097.92714793
 3099.57516779 3164.64176945 3192.84687231 3204.17007978 3212.70654336
 3243.02219565 3246.87043087 3278.30957397 3290.42197499 3290.83260497
 3293.18058579 3308.61355968 3339.59420653 3349.71719048 3372.66976959
 3399.89791377 3400.66760748 3404.30011113 3418.21103079 3443.9178874
 3491.00380265 3569.37689557 3569.51402779 3580.93623445 3584.38477294
 3710.61057485 3715.72833303 3736.05713358 3745.82385378 3750.16311832
 3755.54414101 3772.92846563 3777.69442668 3782.55122033 3800.2833421
 3826.83465848 3855.98425362 3867.04022995 3915.81756471 3987.47931247
 4028.02588115 4036.34511318 4054.59056409 4091.33019721 4095.17413247
 4122.71117412 4151.3918731  4197.13926595 4208.92016968 4209.82599561
 4234.87379094 4296.72991883 4303.60166268 4342.74520949 4367.80057143
 4399.24088118 4414.45232355 4464.52531439 4501.25018097 4527.19253565
 4558.76384434 4572.39663295 4580.47740025 4584.60533318 4584.63179963
 4591.97820627 4600.35063786 4601.17103115 4612.65353733 4619.10581794
 4628.68667298 4643.68688375 4654.25903069 4660.75407762 4661.04117527
 4666.97036016 4674.63079756 4699.50099434 4699.59012694 4701.13254767
 4708.11552395 4711.93262609 4734.39930917 4734.52544148 4748.61085971
 4778.11048533 4788.1582699  4841.68909915 4843.28331945 4871.13802518
 4889.22724403 4892.46835088 4903.63979293 4917.06178325 4921.08585037
 4961.16215623 4968.94742595 5032.37197435 5038.64205645 5042.13859455
 5046.46669252 5107.45419417 5117.4162461  5159.16317164 5163.99056553
 5177.11802493 5177.47022205 5190.29058396 5208.07200533 5212.94579883
 5265.60280189 5280.17634947 5293.77590502 5296.07085293 5413.95862297
 5448.61083981 5454.2866601  5462.03559678 5476.24981397 5483.26428998
 5486.95025987 5491.30432429 5528.10699023 5564.48699296 5565.89158148
 5604.00497004 5718.49186787 5732.76675123 5734.41117112 5743.00533423
 5743.197566   5760.88328815 5764.73265669 5765.08548714 5771.12447113
 5783.75723457 5797.24245771 5824.52056815 5884.18988057 5894.9685925
 5913.23690989 5928.50338514 5932.53741884 5947.16753263 5976.90015634
 5984.30429584 5996.26336479 6006.8524116  6024.32273551 6096.31558057
 6101.30253982 6118.04766965 6133.34914462 6143.61342742 6161.38551553
 6170.21824335 6173.54588283 6204.18226582 6243.76054242 6247.6385774
 6256.37453935 6259.17161649 6260.38843988 6260.7291371  6316.14101764
 6319.88375373 6322.18736824 6327.40275895 6345.16211384 6380.04649545
 6398.13111435 6402.20551439 6411.58753772 6439.71804119 6440.12570453
 6444.87109909 6458.54545402 6476.80577147 6490.62592521 6496.72054208
 6507.32005546 6509.99810025 6525.49774026 6526.00933608 6542.16880404
 6546.78903295 6567.06246729 6579.15303516 6583.59873217 6584.75148942
 6590.21004481 6599.04003933 6606.64401053 6630.50404889 6664.19624025
 6675.18205048 6676.97483583 6700.13601324 6716.18698209 6733.72180547
 6742.19203626 6751.37592788 6759.14443107 6782.48714033 6796.97162197
 6821.48315501 6837.95482042 6840.29653462 6845.01952936 6891.02852007
 6904.41921065 7049.63599071 7059.56014295 7083.30218228 7094.1914933
 7118.84809183 7133.47263899 7137.27767457 7172.796351   7174.87023405
 7174.91773367 7188.04879303 7192.77285443 7225.01919094 7273.18786401
 7284.34393951 7298.25565917 7330.03099952 7374.61753519 7390.72890354
 7408.84438885 7424.26832948 7484.7998682  7503.92877856 7516.58370848
 7527.74835059 7532.46897868 7540.32448116 7549.24287495 7603.19906739
 7619.13403718]"
657,714748_2024-06-24_E-179,DG,True,"[  20.26626304   20.42359509   20.60532694 ... 7620.52369249 7620.67242461
 7620.7923903 ]"
658,714748_2024-06-24_E-180,DG,True,"[  20.23816327   20.33106251   20.39772863 ... 7620.38936026 7620.39706019
 7620.51802587]"
659,714748_2024-06-24_E-181,CA1,True,"[  27.37423829   32.61302882   34.02921725 ... 7619.07333768 7619.23560302
 7619.24470294]"
660,714748_2024-06-24_E-182,CA1,True,"[  20.24576321   20.79689204   22.02314869 ... 7612.83048869 7613.22741878
 7617.01328784]"
661,714748_2024-06-24_E-186,CA1,True,"[  20.393462     21.4375868    22.03201528 ... 7620.61339176 7620.76392386
 7620.79525694]"
662,714748_2024-06-24_E-189,VISli,True,"[  20.34359574   20.42862838   20.4507282  ... 7620.65052479 7620.68785782
 7620.79195697]"
663,714748_2024-06-24_E-197,VISl,True,"[  40.66216305   42.24481678   42.38158233 ... 7619.3888351  7619.43453472
 7620.60235852]"
664,714748_2024-06-24_E-199,VISl,True,"[  20.8346584    21.71815118   21.86968327 ... 7620.56162551 7620.69412443
 7620.77149047]"
665,714748_2024-06-24_E-201,VISl,True,"[  28.19729823   29.19729006   30.31501426 ... 7619.45796787 7619.51243409
 7620.55319225]"
666,714748_2024-06-24_E-202,VISl,True,"[  25.22248921   55.95360476   55.99037113 ... 7618.39450989 7618.50000903
 7618.62237469]"
667,714748_2024-06-24_E-203,VISl,True,"[  28.97645853   57.29606046   57.77528988 ... 7615.90956353 7616.18592794
 7616.88242225]"
668,714748_2024-06-24_E-204,VISl,True,"[  20.2264967    20.35909562   21.8785832  ... 7619.83103148 7620.32519411
 7620.73952406]"
669,714748_2024-06-24_E-209,MB,True,"[  20.71445938   28.54089543   29.76638541 ... 7617.31211873 7619.40730161
 7619.43260141]"
670,714748_2024-06-24_E-210,DG,True,"[  28.46736269  213.98634677  277.37952876 ... 7585.7009437  7599.6931627
 7618.94893869]"
671,714748_2024-06-24_E-216,CA1,True,"[  20.43922829   20.45292818   21.18332221 ... 7616.92698855 7617.56385001
 7618.71520727]"
672,714748_2024-06-24_E-217,CA1,True,"[  21.19335547   21.19978875   23.01960721 ... 7617.15085339 7619.09970413
 7619.45813453]"
673,714748_2024-06-24_E-218,CA1,True,"[  39.55577209   39.59040514   41.92188609 ... 7600.6321217  7606.8121712
 7611.27130143]"
674,714748_2024-06-24_E-222,VISl,True,"[  34.23468224   34.90947672   39.35350707 ... 7616.81615612 7618.3079106
 7619.28476928]"
675,714748_2024-06-24_E-232,DG,True,"[  22.11961456   35.38803948   40.11586751 ... 7620.11379584 7620.12789573
 7620.25609468]"
676,714748_2024-06-24_E-235,VISl,True,"[  28.02829962   28.11853221   28.26546434 ... 7620.28712776 7620.51519256
 7620.75655726]"
