,unit_id,structure,is_qc_pass,spike_times
0,715710_2024-07-16_B-5,VISC,True,"[  20.87296683   21.47616481   21.62313099 ... 7609.99592187 7610.31815412
 7610.95891865]"
1,715710_2024-07-16_B-7,VISC,True,"[  21.04319959   21.87346348   22.80352704 ... 7611.81288247 7611.99454853
 7612.28724755]"
2,715710_2024-07-16_B-8,VISC,True,"[  21.7581972    21.94096326   22.12542931 ... 7612.50428016 7612.5113468
 7612.5816799 ]"
3,715710_2024-07-16_B-12,VISC,True,"[ 237.64607621  261.20313088  277.03941132 ... 7610.61818646 7611.05868498
 7612.19804785]"
4,715710_2024-07-16_B-13,VISC,True,"[  30.74150053   32.8293269    34.97981971 ... 7608.61602648 7609.67182295
 7611.55205   ]"
5,715710_2024-07-16_B-14,VISC,True,"[  23.315192     25.18958574   26.23411559 ... 7609.50925683 7611.96624862
 7612.40064717]"
6,715710_2024-07-16_B-17,VISC,True,"[  20.36616852   24.85712019   77.59261074 ... 7602.04451509 7604.67457297
 7608.6397264 ]"
7,715710_2024-07-16_B-21,VISC,True,"[  44.68455397  313.6458224   347.30564332 ... 7605.43813709 7606.72036614
 7611.16328463]"
8,715710_2024-07-16_B-27,VISC,True,"[  20.65433422   27.40184502   27.70154402 ... 7611.80014917 7612.29401419
 7612.50358016]"
9,715710_2024-07-16_B-29,VISC,True,"[  20.32386866   20.47473482   20.76570052 ... 7610.02295511 7611.27498426
 7611.45751699]"
10,715710_2024-07-16_B-34,VISC,True,"[  23.98858975   29.60973765   86.76358011 ... 7600.32392083 7606.90496552
 7610.13495474]"
11,715710_2024-07-16_B-35,VISC,True,"[ 593.14425564  643.68085354  701.95855891 ... 7612.39651385 7612.5021135
 7612.63587972]"
12,715710_2024-07-16_B-37,VISC,True,"[  21.13396595   24.59362107   24.7827871  ... 7610.45205368 7610.61878645
 7611.71904945]"
13,715710_2024-07-16_B-38,VISC,True,"[  20.30116873   20.37666848   20.4602682  ... 7610.76728596 7611.22051778
 7612.4612803 ]"
14,715710_2024-07-16_B-44,SSs,True,"[  20.25053557   20.27456882   20.33550195 ... 7603.43101046 7603.43567711
 7607.71432949]"
15,715710_2024-07-16_B-46,SSs,True,"[  72.84129327  150.61760019  188.10157501 ... 7607.79046257 7608.65459301
 7612.64821301]"
16,715710_2024-07-16_B-50,SSs,True,"[  21.83093029   34.7635871    64.16205559 ... 7611.45275033 7612.01898178
 7612.08901488]"
17,715710_2024-07-16_B-52,SSs,True,"[  20.41003504   21.75193056   22.28482878 ... 7610.76811929 7610.82701909
 7611.30845082]"
18,715710_2024-07-16_B-63,SSs,True,"[  20.27860214   20.82743364   22.23386228 ... 7611.46738362 7612.19394786
 7612.60237983]"
19,715710_2024-07-16_B-64,SSs,True,"[  21.45759821   21.88363012   22.12329598 ... 7610.77895259 7612.30514749
 7612.67701291]"
20,715710_2024-07-16_B-65,SSs,True,"[  23.12742596   23.18652577   23.21029235 ... 7612.63424639 7612.65424632
 7612.66777961]"
21,715710_2024-07-16_B-72,SSs,True,"[  22.24739557   25.76388382   25.79851704 ... 7607.56479665 7611.02455176
 7612.24088104]"
22,715710_2024-07-16_B-77,SSs,True,"[ 874.49201604  905.01518077  912.64882195 ... 7605.74340274 7608.50592684
 7612.52861341]"
23,715710_2024-07-16_B-78,SSs,True,"[  21.35689854   21.77296382   22.3683285  ... 7580.5703868  7603.12627814
 7612.22781441]"
24,715710_2024-07-16_B-81,SSs,True,"[  20.20960237   20.28123547   20.34133527 ... 7611.6335164  7612.43878038
 7612.61947977]"
25,715710_2024-07-16_B-82,SSs,True,"[  23.6255243    24.29712206   25.28381876 ... 7610.84265237 7611.6636163
 7611.94308203]"
26,715710_2024-07-16_B-83,SSs,True,"[  20.36310186   20.42856831   20.58183446 ... 7612.34164737 7612.42381376
 7612.57831324]"
27,715710_2024-07-16_B-87,SSs,True,"[  20.56530119   20.57176783   26.23778224 ... 7610.88175224 7611.01008515
 7612.02831508]"
28,715710_2024-07-16_B-95,SSs,True,"[  20.54730125   20.57806781   20.87730014 ... 7604.21560784 7605.23330444
 7605.8930689 ]"
29,715710_2024-07-16_B-96,SSs,True,"[  20.23963561   20.74206726   20.99326642 ... 7611.53765005 7612.30718081
 7612.39201386]"
30,715710_2024-07-16_B-98,SSs,True,"[ 641.53499404  852.0964575   906.2656766  ... 7612.10618149 7612.20168117
 7612.59434652]"
31,715710_2024-07-16_B-99,SSs,True,"[  39.3458718    44.91115321   70.91523304 ... 7608.20746117 7609.09072489
 7612.59771318]"
32,715710_2024-07-16_B-104,SSs,True,"[  20.96459985   21.28813211   21.94019659 ... 7610.69951952 7611.34008404
 7611.54631669]"
33,715710_2024-07-16_B-106,SSs,True,"[ 316.7900119   908.48120253  932.2863897  1118.66950058 1688.98849592
 1832.07648472 1835.03820816 1841.75635239 1876.63160259 1950.52168915
 1951.49301924 2001.670985   2011.55728532 2019.59352515 2029.45632554
 2086.04960321 2089.89485703 2110.22005582 2130.28915546 2131.21751903
 2143.89957668 2144.11194263 2155.55187109 2205.2957383  2206.08806899
 2210.72185351 2288.16949487 2288.79585944 2309.43272385 2369.34459044
 2380.81761879 2385.93843502 2386.81079877 2394.6773725  2401.09451774
 2417.08639766 2427.38592993 2432.17084729 2457.89782803 2463.75470847
 2474.66973869 2481.11971715 2481.25715002 2499.44708927 2523.16741006
 2533.28124295 2546.87313089 2553.00371041 2554.43523897 2573.16960973
 2591.24091605 2591.24654936 2591.47678193 2596.73483103 2596.75569763
 2598.16619292 2617.01352998 2618.37695876 2619.31768895 2629.17318937
 2634.94883675 2658.53502464 2661.88554679 2677.92852654 2698.91328979
 2724.95360283 2725.23693522 2736.14636545 2736.2913983  2755.29666816
 2771.0462489  2771.14291524 2787.56536039 2791.65844673 2798.57875695
 2815.99159879 2815.9993321  2816.0697652  2822.81420934 2824.71040301
 2842.53471015 2857.66265963 2857.92872541 2871.90744539 2876.97482847
 2880.97294845 2881.56641313 2883.50327333 2883.60597299 2897.25656073
 2918.40779009 2919.25998725 2920.3133504  2960.45924966 2973.19224047
 2991.84774483 2991.96707777 2993.15744046 2993.54403917 3009.42711946
 3010.23845008 3023.88823783 3027.74459162 3032.30447639 3042.41450929
 3050.09501697 3052.68494166 3057.21939318 3061.80657786 3072.58217521
 3075.22303305 3086.22272965 3087.30375938 3089.85471752 3113.89607057
 3121.75711098 3126.04846332 3129.34638563 3129.86881722 3130.6656479
 3133.88270382 3136.19926275 3140.05101655 3148.11672295 3151.06324644
 3155.00833327 3155.79439731 3157.78712399 3162.26964235 3177.36135862
 3177.60232448 3190.11784935 3190.16198253 3206.72146056 3206.9000933
 3210.6322475  3218.11572251 3230.75684696 3230.7860802  3233.26653858
 3247.33115827 3251.97727609 3261.49834429 3265.68046366 3268.04888908
 3269.37888464 3269.49555092 3280.81511312 3283.69987015 3286.68002686
 3286.95155929 3294.33826795 3302.90320602 3303.02807227 3343.07567186
 3348.64091994 3350.35904753 3378.33588743 3384.25516766 3402.44954023
 3411.64120954 3441.50310981 3443.33460369 3449.75614891 3454.90883171
 3461.608376   3462.4175733  3476.70989223 3483.74290208 3485.64842905
 3489.46468297 3499.2979168  3503.3774365  3514.78419841 3515.21996362
 3520.47211275 3526.53072585 3532.35240641 3534.90703121 3545.19346352
 3549.77961487 3565.39959604 3568.58708539 3569.0557505  3592.92547078
 3603.50186879 3604.04016699 3625.27666274 3625.38579571 3625.73099455
 3634.67729801 3634.69233129 3635.9978936  3637.64132144 3646.12722644
 3647.17258961 3649.25044934 3652.08003989 3655.30236246 3686.58452466
 3696.09295957 3703.96406662 3711.32164205 3722.89117007 3734.192099
 3738.37191837 3743.53960112 3749.75138037 3755.09206253 3761.75110696
 3766.6615239  3767.78608681 3771.76200686 3789.05941576 3789.70854693
 3797.8201865  3801.11024218 3802.43533776 3807.87611959 3814.36469792
 3821.52690733 3827.69015342 3832.8652028  3834.94449586 3841.65460678
 3844.78139634 3853.70166655 3853.90839919 3854.76952965 3856.09142523
 3860.57151027 3866.86398926 3879.7270463  3886.37629076 3892.75763611
 3898.42678385 3905.99575857 3907.95615202 3912.54320337 3914.650063
 3924.96829521 3927.22348768 3939.82084561 3948.61964956 3949.60471293
 3956.15555772 3975.66695923 3981.88913845 3987.34425356 3988.63101593
 3988.73281559 3990.84184188 4014.95032803 4030.83557498 4031.2791735
 4032.32983666 4038.04851756 4038.50951602 4040.98630775 4057.87785134
 4073.83943137 4078.76248159 4082.77530152 4097.58665206 4104.16989674
 4105.9092576  4113.11233354 4131.51030543 4132.58800183 4138.01701704
 4143.47793213 4150.57034178 4162.52410186 4163.89243062 4169.35087906
 4170.26360934 4176.77535426 4177.18878622 4184.66542791 4189.56771154
 4191.9949701  4196.82962062 4197.43408527 4198.6531812  4200.67650778
 4202.39403537 4210.86210709 4214.34859545 4214.52886151 4224.25946235
 4225.18105927 4229.24231238 4229.99700986 4232.03253639 4256.63928755
 4268.09408262 4272.08650262 4274.71592718 4275.45095806 4278.08164927
 4281.14397238 4282.57183427 4286.88648653 4293.1937988  4295.54449095
 4304.8622265  4305.31799164 4307.65648383 4320.2434418  4320.79760661
 4321.52960417 4322.42233452 4332.1112355  4336.71712011 4338.63031373
 4343.08536551 4349.98150915 4353.61786367 4354.91745933 4357.43761758
 4363.54989717 4363.6201636  4365.67559007 4366.28288804 4369.24374482
 4373.66353006 4383.49876388 4387.50775049 4392.92176574 4397.23565134
 4397.51478374 4407.22511798 4410.81267266 4418.98167871 4420.35964078
 4422.74996613 4423.15979809 4428.77967933 4433.35086406 4440.65960632
 4447.16028461 4457.08381813 4471.47653673 4487.04911806 4494.81959211
 4501.51436975 4504.635126   4510.96097154 4535.18709063 4540.83927175
 4563.64489559 4569.43884291 4569.72140863 4579.39917631 4581.36406975
 4592.31073319 4593.06353068 4594.22769345 4594.78272493 4596.95005103
 4597.33554974 4620.03577393 4631.12187024 4641.93956745 4649.98607391
 4651.78353457 4653.34742935 4665.29745611 4668.18054648 4687.98578034
 4706.15421966 4716.24735262 4721.45920188 4727.69741438 4735.16122279
 4773.48382814 4791.68803401 4792.12689921 4799.31987519 4804.28129195
 4812.40979814 4812.48693121 4847.73001351 4849.90480625 4860.74513672
 4862.2160318  4867.73284671 4872.31649807 4878.25681157 4879.28710812
 4879.45667423 4881.41603435 4885.013789   4887.92007929 4889.12324194
 4889.25480817 4894.09505867 4896.49455066 4896.60408363 4896.96048244
 4902.18533165 4902.36993104 4903.76365972 4909.3873076  4924.11702508
 4924.65478995 4933.72062634 4934.31812434 4934.49192376 4934.63672328
 4943.22572793 4964.14065808 4964.37249064 4968.40031052 4989.96830516
 4995.08485474 5002.77816238 5004.57542304 5007.96611172 5008.13027783
 5010.4671367  5010.70163591 5011.31720053 5015.25992069 5019.03417475
 5023.9906582  5024.07875791 5037.925345   5043.95192487 5044.0514912
 5045.92345162 5060.69736895 5063.68312564 5065.84758508 5067.50227955
 5068.2580437  5074.61855579 5078.56737593 5081.04776765 5082.08539752
 5091.42043301 5093.63162562 5095.11662066 5098.22927694 5098.59540905
 5119.07967397 5136.07215055 5145.81041803 5149.34947288 5162.00003063
 5167.4478791  5170.94520076 5173.76519134 5220.99076696 5226.80388088
 5227.05981336 5229.13683975 5240.73273436 5255.12731962 5255.32455229
 5255.4723518  5258.8751071  5259.03720656 5264.39588867 5267.48337835
 5282.45952834 5298.8517736  5316.58434771 5331.84316342 5350.20476876
 5350.30620176 5367.13717888 5370.36640143 5371.26503176 5377.06081241
 5377.71521022 5386.96874598 5390.81949979 5390.90586617 5391.68706356
 5392.84352636 5396.21924842 5397.92654272 5406.76191321 5412.79985972
 5415.4589175  5416.27708144 5421.38046439 5423.22765822 5427.00251228
 5428.99520563 5429.52457053 5435.28485129 5442.8869259  5443.24089139
 5461.25986454 5480.38760066 5486.78261264 5487.50094357 5496.25851433
 5496.58684656 5498.45534032 5508.92080537 5510.99383178 5513.15105791
 5526.48364672 5528.3857737  5529.58793635 5532.14549448 5532.78985899
 5539.79990225 5541.08643129 5557.51810974 5570.03980126 5580.06706777
 5596.20298055 5597.19547723 5597.37297664 5601.73702873 5602.25609367
 5615.03051767 5617.56484254 5620.37093317 5624.20998702 5631.90556132
 5632.46609278 5641.73426182 5642.3514931  5649.38870293 5664.36511958
 5673.64508859 5677.75840818 5696.04528044 5698.04840709 5725.42998231
 5746.78064434 5766.06027995 5767.61720809 5771.91632706 5777.18984278
 5777.35100891 5777.47654183 5788.45567183 5801.49196162 5811.07022964
 5813.357522   5814.23541907 5814.63665106 5816.52004477 5818.64323768
 5819.66983425 5819.87683356 5834.0780528  5836.33914525 5839.61980096
 5855.38298165 5859.08120263 5861.20259554 5875.97161289 5877.6245407
 5882.51895769 5892.35545817 5895.90197966 5896.61741061 5910.52523082
 5911.37486132 5915.8316131  5936.82690965 5938.06630551 5942.13112527
 5946.89350937 5968.49070391 5978.47117058 5979.39566749 5986.0183787
 5986.30791107 5987.08470848 5988.6551699  5993.07912179 6008.69443631
 6009.93156551 6037.78710582 6053.17705442 6071.23122746 6071.91279185
 6073.18382094 6073.97161831 6086.79064216 6090.20723075 6093.44025329
 6118.92706817 6119.20923389 6132.30029018 6132.46545629 6134.93884803
 6142.46825622 6143.8597849  6144.27755018 6162.78045505 6165.77244506
 6167.28770666 6178.9832676  6181.50682584 6182.44405605 6189.37249957
 6190.57256223 6190.72306173 6206.511309   6214.55944879 6221.63282517
 6228.27530299 6255.68121146 6258.53530193 6259.7418979  6275.53321183
 6276.32910917 6278.08666997 6278.38563564 6284.40211554 6293.55518498
 6299.23869933 6308.24193593 6308.47020183 6314.13391625 6331.08789296
 6343.00008651 6346.21907576 6361.68905743 6367.85980349 6368.87853342
 6371.49675801 6373.02961956 6380.56356106 6380.70612726 6380.72992718
 6381.57112437 6382.48505465 6384.04144945 6388.49653457 6395.97640959
 6408.77430018 6440.54082743 6444.33091477 6445.95390935 6446.4287411
 6452.4561543  6455.89144283 6458.5656339  6477.10997197 6481.08339203
 6497.51200383 6498.70329985 6519.05716521 6519.86119586 6529.12556492
 6537.24150448 6546.95150539 6557.02590508 6558.41433377 6576.26417416
 6587.792269   6595.80160891 6598.38246696 6621.57912283 6631.2584905
 6634.06401446 6635.31897694 6643.24565047 6657.21983713 6657.98576791
 6673.42261635 6680.83769159 6682.79038507 6698.52643252 6701.87648799
 6722.26451991 6737.36120282 6738.08283374 6747.11173692 6754.04804709
 6760.09119358 6772.57338523 6772.74118467 6781.19932308 6804.33661248
 6811.16365635 6814.27811261 6828.47906519 6859.52319484 6860.5948246
 6875.51230811 6877.24926898 6899.28256206 6913.99434626 6927.43540138
 6931.43838801 6931.92278639 6933.9858795  6939.7133937  6953.14844884
 6971.94561939 6979.98109256 6987.58010051 6993.09964875 6998.90649602
 6999.89092607 7032.60491681 7047.03963527 7049.87189248 7058.21823127
 7058.40936397 7067.00043528 7069.44342712 7078.22449779 7079.81272582
 7085.60600648 7087.09333484 7122.7275825  7128.28949726 7181.97271798
 7204.68257547 7213.02161429 7231.05008741 7259.60562538 7269.77662474
 7302.25314962 7307.54266529 7315.3823391  7320.96218714 7347.4037655
 7364.4515419  7371.72395094 7424.25230885 7427.42269826 7437.23799882
 7447.78729692 7453.71517712 7475.57937077 7495.74613675 7502.17464862
 7511.40738445 7536.32833456 7543.64584345 7554.88360592 7555.34170439
 7566.44380065 7576.46986717 7577.00599871 7582.67424644 7598.6085599 ]"
34,715710_2024-07-16_B-108,SSs,True,"[  21.38703178   21.69113076   21.71683067 ... 7610.39112055 7610.81455247
 7610.99041855]"
35,715710_2024-07-16_B-110,SSs,True,"[  20.66220086   26.39448172   27.12847927 ... 7609.11155815 7609.29015756
 7610.73865272]"
36,715710_2024-07-16_B-112,SSs,True,"[  20.21343569   20.25750221   20.49273476 ... 7611.88811555 7612.37298059
 7612.67977957]"
37,715710_2024-07-16_B-118,SSs,True,"[  20.79246709   20.99463309   21.44959823 ... 7612.59007987 7612.652113
 7612.66614628]"
38,715710_2024-07-16_B-125,SSs,True,"[  20.67306749   20.69570075   20.80403372 ... 7612.10508149 7612.37974724
 7612.48924687]"
39,715710_2024-07-16_B-131,SSs,True,"[  20.89220009   20.89723341   20.91773334 ... 7610.40022052 7610.98108524
 7612.11551479]"
40,715710_2024-07-16_B-132,SSs,True,"[  20.32526865   20.8000004    22.15322922 ... 7607.34926404 7608.81855913
 7612.6697796 ]"
41,715710_2024-07-16_B-133,SSs,True,"[  20.29656875   20.62233433   21.65223089 ... 7610.88168558 7611.33818405
 7612.54328003]"
42,715710_2024-07-16_B-136,SSs,True,"[  20.82586698   20.99829974   21.07846614 ... 7612.04224837 7612.23238106
 7612.65361299]"
43,715710_2024-07-16_B-137,SSs,True,"[  20.87766681   21.05766621   21.06729951 ... 7612.51708011 7612.52964674
 7612.54704668]"
44,715710_2024-07-16_B-138,SSs,True,"[  20.31893534   20.32863531   20.85813354 ... 7612.22791441 7612.51691345
 7612.5224801 ]"
45,715710_2024-07-16_B-143,SSs,True,"[  21.87523014   23.00652637   23.27075882 ... 7611.79911584 7611.83144907
 7611.93621539]"
46,715710_2024-07-16_B-144,SSs,True,"[  20.20283573   20.31006871   20.7599672  ... 7607.70429619 7609.80212251
 7610.54185338]"
47,715710_2024-07-16_B-145,SSs,True,"[  21.28499878   21.4702315    22.4562282  ... 7612.35174733 7612.43408039
 7612.48471356]"
48,715710_2024-07-16_B-148,SSs,True,"[  21.42449832   21.49133143   23.0258263  ... 7612.18604789 7612.22404776
 7612.54411336]"
49,715710_2024-07-16_B-149,SSs,True,"[  21.48479812   22.99305974   30.99073304 ... 7610.69885285 7610.90688549
 7611.47635026]"
50,715710_2024-07-16_B-151,SSs,True,"[  20.322202     20.34660192   20.88153346 ... 7611.3738506  7612.0414817
 7612.35704731]"
51,715710_2024-07-16_B-155,SSs,True,"[  21.03183296   21.06246619   21.06916617 ... 7612.29268086 7612.35944731
 7612.6116798 ]"
52,715710_2024-07-16_B-157,SSs,True,"[  81.16756546   86.96931275  103.30232487 ... 7609.82968909 7610.45975365
 7611.30671749]"
53,715710_2024-07-16_B-159,SSs,True,"[  97.80514323  139.18320504  279.74603562 ... 7570.38332083 7575.26443786
 7592.30384762]"
54,715710_2024-07-16_B-165,SSs,True,"[  20.32460199   20.61350103   20.82276699 ... 7611.87628225 7611.91581546
 7611.98051524]"
55,715710_2024-07-16_B-166,SSs,True,"[  20.22596899   20.28260213   20.321102   ... 7611.93491539 7612.02631509
 7612.36938061]"
56,715710_2024-07-16_B-168,SSs,True,"[  30.24403553  361.03029749  557.56157448 ... 7611.45808365 7611.90808215
 7612.16904794]"
57,715710_2024-07-16_B-173,SSs,True,"[  20.29863541   20.30903538   21.23466562 ... 7609.57485661 7609.72848943
 7610.91681879]"
58,715710_2024-07-16_B-174,SSs,True,"[  20.21780235   20.22836898   20.33613528 ... 7598.8681257  7599.17162468
 7602.70411289]"
59,715710_2024-07-16_B-179,SSs,True,"[  20.33396863   21.02509965   21.86909683 ... 7610.53215341 7611.9828819
 7612.46298029]"
60,715710_2024-07-16_B-182,SSs,True,"[  22.86506017   23.57869112   24.52418796 ... 7609.72058945 7611.61474979
 7611.74064937]"
61,715710_2024-07-16_B-183,SSs,True,"[  21.05809954   26.38571508   26.77828044 ... 7609.92648877 7611.68131624
 7612.10714815]"
62,715710_2024-07-16_B-186,SSs,True,"[  20.35213523   20.56290119   20.56410119 ... 7608.96099199 7609.18325791
 7612.26188097]"
63,715710_2024-07-16_B-188,SSs,True,"[  20.36590185   21.08826611   22.42836163 ... 7609.91425547 7610.22985442
 7610.39888719]"
64,715710_2024-07-16_B-189,SSs,True,"[  20.22596899   20.22893564   20.29606875 ... 7612.33634738 7612.45088033
 7612.51361346]"
65,715710_2024-07-16_B-190,SSs,True,"[  21.0305663    21.20859904   21.23193229 ... 7609.79955586 7612.10798148
 7612.65717965]"
66,715710_2024-07-16_B-192,SSs,True,"[ 321.62439576  348.75333849  908.74803497 ... 7606.66553299 7607.83576241
 7608.22056113]"
67,715710_2024-07-16_B-193,SSs,True,"[  20.74853391   27.73617724   28.29964202 ... 7610.38995388 7610.45382034
 7611.44085037]"
68,715710_2024-07-16_B-197,SSs,True,"[  20.22786898   20.36856851   20.42686832 ... 7612.37971391 7612.46211363
 7612.67781291]"
69,715710_2024-07-16_B-198,SSs,True,"[  20.51806801   21.13596595   21.28566545 ... 7611.9019155  7611.97694858
 7612.45838031]"
70,715710_2024-07-16_B-200,SSs,True,"[  20.2131357    20.3606352    20.52170133 ... 7601.59951657 7605.63563643
 7607.31093083]"
71,715710_2024-07-16_B-210,SSs,True,"[  20.69640075   21.09896607   21.45483155 ... 7545.51347055 7592.59107999
 7611.17041794]"
72,715710_2024-07-16_B-214,SSs,True,"[  20.20753571   20.77353382   23.23315894 ... 7608.37449395 7609.97185528
 7611.23055108]"
73,715710_2024-07-16_B-216,SSs,True,"[ 348.34170653  754.47071687  760.97796181 ... 7600.70771955 7604.6150065
 7608.13829474]"
74,715710_2024-07-16_B-218,SSp,True,"[  20.6004344    20.74516725   21.01869967 ... 7610.81218581 7611.04178504
 7612.01578179]"
75,715710_2024-07-16_B-219,SSp,True,"[  20.42623498   21.09216609   21.44756491 ... 7612.46011364 7612.49448019
 7612.60027984]"
76,715710_2024-07-16_B-220,SSp,True,"[  20.19943574   20.23893561   20.27433549 ... 7574.76570619 7592.86387908
 7597.43796381]"
77,715710_2024-07-16_B-222,SSp,True,"[  28.24557554   32.41262829   34.83885352 ... 7611.08391823 7611.26121764
 7611.44015038]"
78,715710_2024-07-16_B-226,SSp,True,"[ 906.91127444 1076.47974148 1087.08500606 ... 7609.08342491 7610.67841959
 7611.12941808]"
79,715710_2024-07-16_B-232,SSp,True,"[ 124.76638652  128.04327558  151.78086297  175.35201759  179.8484359
  184.3817541   211.66032966  230.2548009   243.4198236   246.60361297
  267.26907728  270.77373225  287.18221078  290.78289876  296.74271219
  310.48696628  326.840245    372.88575789  418.44963906  450.40053236
  485.75661428  503.73462091  519.65916772  520.70189758  593.16298891
  620.64226381  632.32942478  635.41564781  638.74963667  676.88547598
  678.66410337  689.80013285  726.53664349  732.35319074  751.74239265
  762.97355514  793.81665214  814.48418311  820.12716427  828.71256893
  833.13812082  839.57123267  840.28356362  863.027821    870.17539713
  906.33954302  911.8747912   911.95392427  911.97822419  916.60334207
  916.99134078  928.08440373  945.54664541  947.41503917  954.77484793
  980.04086355 1006.69910785 1020.82322735 1040.46022843 1041.70692427
 1048.35273541 1077.97236982 1162.91375282 1164.71884679 1173.78191652
 1245.12861158 1302.46278677 1378.79479852 1391.16849053 1402.98868439
 1418.33879979 1424.67487863 1467.55680208 1468.49079897 1484.52201209
 1531.79688755 1594.10121281 1610.69635738 1622.96964973 1629.66442737
 1667.76590012 1724.08277871 1814.3373773  1844.78297562 1904.39900985
 1913.30491345 1924.11337735 1925.12887396 1945.27367335 1952.86834798
 1963.01884742 1967.8558646  1982.54484888 1998.36599604 2012.2610163
 2040.18285639 2059.94645705 2071.76415091 2073.52741169 2152.72011388
 2153.41707822 2256.52260055 2280.83898601 2293.62084333 2307.16216477
 2314.25694108 2324.62080646 2327.82619576 2341.71421604 2349.40345703
 2352.57174645 2352.63861289 2357.49006336 2380.72925242 2395.04453794
 2459.29695669 2471.46051607 2478.93555777 2520.81115126 2537.42196245
 2538.27579293 2559.39345574 2561.40558235 2572.54551182 2613.38437543
 2648.1584593  2662.77614381 2681.53788116 2691.06881599 2709.13975564
 2713.96593952 2714.86733651 2721.05488252 2729.04222251 2736.69543028
 2775.77893309 2794.59887024 2816.57323019 2824.00033871 2878.2410909
 2886.09039802 2891.88961199 2895.20933424 2906.13343109 2906.15076436
 2913.12960772 2935.12823425 2990.73494855 2998.88102134 3016.77962823
 3047.56352543 3068.75515465 3094.35643582 3102.49820863 3106.48296199
 3118.99152022 3152.07037641 3163.22383916 3171.01771313 3182.31014209
 3221.74991037 3235.72753036 3259.48581768 3268.28652162 3287.21555841
 3308.88025272 3352.20154138 3412.13537455 3422.9715717  3430.05944803
 3435.58829623 3438.60998614 3439.64184936 3447.41205674 3460.33828024
 3462.71883896 3481.03241113 3522.10254064 3525.97519437 3561.73517494
 3562.95230421 3571.90400765 3581.53240883 3591.64654172 3595.91046081
 3598.7570513  3601.50957545 3604.39779913 3607.94105397 3636.43525881
 3650.63124473 3678.10178632 3705.90559347 3713.26536889 3722.50603803
 3731.4760414  3755.29066187 3770.85797655 3785.25206181 3801.38117461
 3801.57890729 3803.88239959 3819.30058143 3821.92163935 3825.73995993
 3968.58254955 3986.86925515 3988.65974917 3991.49043972 4039.72817862
 4044.57899575 4045.52102594 4054.26563007 4073.01136746 4074.64586201
 4077.13298703 4087.97501749 4097.81501796 4130.97604055 4155.09549333
 4175.5769916  4187.22245271 4189.91734371 4194.11246303 4205.89949033
 4213.06986639 4221.09020627 4221.7277708  4240.02004305 4291.0864725
 4351.68483679 4352.12256867 4353.50523072 4353.64023026 4416.76475278
 4430.34744076 4480.23584081 4489.10374453 4494.82069211 4514.68805909
 4532.14420079 4540.31187351 4548.60404582 4548.83401172 4552.85596496
 4553.35102997 4554.3310267  4572.41443297 4575.8098883  4577.31364994
 4584.52965918 4588.25888006 4610.11674039 4619.26610984 4643.07919697
 4656.90668413 4668.00321374 4674.23129294 4685.22885621 4691.65226809
 4715.26528923 4716.93338366 4744.59072463 4751.85260038 4800.40980488
 4811.31306847 4848.50431093 4850.50067093 4853.25399507 4858.61814382
 4864.17169194 4886.75718318 4911.36993431 4912.69276323 4932.19333144
 4932.81572936 4941.18260142 4942.98576206 4961.96583201 4965.39955387
 4969.65660632 4974.81392243 4976.19451782 4990.61093634 5011.58706629
 5019.06870797 5037.97134484 5070.45036971 5071.07923427 5080.02280441
 5082.33296336 5108.28941001 5110.60520227 5161.62339856 5166.68604832
 5170.61560186 5192.59752845 5192.81286106 5223.64069144 5226.43108212
 5226.82524747 5249.02244001 5249.3732055  5259.32013895 5266.61808124
 5273.16719271 5283.50009153 5322.89065998 5323.7532571  5325.1019526
 5352.31729504 5356.57544749 5385.4559177  5385.68591693 5393.33762471
 5399.50113746 5426.20264829 5427.21471158 5475.40368398 5476.85791245
 5485.6080499  5493.163358   5510.78326582 5537.03434482 5547.38284359
 5549.27977059 5559.95133495 5561.93779498 5569.26587051 5587.3234102
 5601.77022862 5603.44492303 5634.37701973 5635.0538508  5646.46214603
 5663.76222159 5676.3665795  5683.76735478 5698.70613822 5722.05919357
 5725.90671405 5741.19766299 5742.82452422 5747.78384099 5757.84427406
 5759.35650234 5761.0453967  5768.3918055  5772.60549143 5774.49735178
 5793.36042211 5793.79568733 5808.36800533 5814.55121801 5826.87054353
 5833.5474879  5851.30436193 5859.72676714 5860.36783167 5867.95063968
 5876.52144439 5880.73989696 5896.04071253 5908.39017129 5976.07397858
 5976.62907673 5977.37960756 5983.24985462 5983.49602046 5987.47120719
 5989.21756802 6013.31048756 6016.90757555 6019.02363515 6033.82145239
 6046.46834349 6059.18786768 6077.1069745  6115.70137894 6135.54377934
 6140.42236305 6149.37849981 6160.25606348 6199.82416467 6205.53191227
 6218.72810154 6221.35069278 6225.51607887 6255.96877717 6264.44438219
 6283.25891936 6316.00257668 6337.73197077 6350.68772751 6377.18490568
 6386.01504286 6386.06794268 6388.7281338  6390.74462706 6395.63364407
 6396.09067588 6405.21181208 6409.56039756 6430.1394955  6447.83966972
 6455.95844261 6461.6590569  6507.27377123 6516.53984029 6520.60879336
 6521.14342491 6574.47821346 6591.74902245 6594.34968043 6599.99632824
 6603.99998153 6634.49764635 6635.52227626 6649.84739509 6653.1784173
 6667.95363462 6677.06383753 6687.18540372 6689.28043006 6696.3241732
 6711.80988815 6740.21952661 6745.1333102  6753.04795043 6753.44324911
 6759.88809426 6771.91495409 6788.60313169 6792.65078484 6794.41431228
 6817.14953636 6818.0742666  6838.80273071 6849.46086178 6853.66854773
 6858.08226632 6858.47413168 6884.45597824 6889.73429395 6904.34614515
 6907.43523484 6907.44086815 6928.62856406 6942.22808531 6955.693407
 6965.77830666 6976.62847042 6985.47540754 6998.92052931 7012.27765137
 7018.52519717 7029.28752789 7034.8038428  7039.38969415 7039.7247597
 7040.80718942 7047.72893297 7057.52186693 7065.84870579 7069.24356112
 7079.71165949 7107.11976796 7110.18969104 7119.31949388 7121.65801941
 7126.53476979 7140.83482203 7157.01253467 7165.10720764 7181.11965416
 7186.44823636 7191.28765354 7200.46575622 7202.60711573 7218.9470945
 7252.2843165  7255.91490437 7259.16032687 7263.40134604 7265.2972397
 7270.95202082 7273.76984474 7299.90352413 7307.68089816 7335.23050615
 7357.17919952 7374.83654055 7387.10506624 7391.85431705 7422.56688115
 7425.75173718 7446.0771693  7453.03671272 7455.3372717  7485.56580409
 7492.11221556 7492.46234772 7507.8198631  7509.30149148 7519.62349035
 7521.98498246 7532.98794571 7533.17607842 7551.92041582 7574.22837465
 7587.7374962  7611.42708375]"
80,715710_2024-07-16_B-234,SSp,True,"[  22.64919423   23.36852516   23.71505733 ... 7611.42678375 7612.24038104
 7612.33608072]"
81,715710_2024-07-16_B-235,SSp,True,"[  20.80903371   21.22429899   21.48629811 ... 7610.33972072 7611.03495173
 7611.48355023]"
82,715710_2024-07-16_B-238,SSp,True,"[  25.26521882   28.86124015   42.01279623 ... 7600.47002035 7602.01624852
 7607.16579799]"
83,715710_2024-07-16_B-240,SSp,True,"[  20.9903331    21.13259929   21.45349822 ... 7612.43508039 7612.52964674
 7612.63337973]"
84,715710_2024-07-16_B-242,SSp,True,"[  27.1587125    31.93159656   37.05377945 ... 7611.56161664 7611.56411663
 7611.90944881]"
85,715710_2024-07-16_B-244,SSp,True,"[  20.74183393   32.26096213   36.79394699 ... 7603.51537684 7604.20387454
 7607.17419796]"
86,715710_2024-07-16_B-247,SSp,True,"[  20.51530135   23.03975959   23.04665957 ... 7612.47531359 7612.51778011
 7612.5614133 ]"
87,715710_2024-07-16_B-249,SSp,True,"[  20.50943471   20.70580072   20.79160043 ... 7610.83621906 7610.93731872
 7612.21868111]"
88,715710_2024-07-16_B-250,SSp,True,"[  21.34463192   21.58103113   21.97519648 ... 7612.46578029 7612.48674688
 7612.58734655]"
89,715710_2024-07-16_B-252,SSp,True,"[ 633.59325389 1118.76646692 1153.53435081 1848.28439726 1855.27724057
 2070.53425502 2111.33641876 2161.27138533 2387.80212879 2404.29950703
 2420.74981876 2484.40403951 2496.04383397 2506.86993115 2522.89801096
 2524.59450529 2529.11635686 2653.57650787 2708.26789189 2730.97644938
 2822.0482119  2853.45294035 3005.4107662  3018.92212108 3058.40685588
 3080.48144883 3107.80075759 3134.93886696 3144.65220119 3150.15121615
 3236.00079611 3298.20848836 3353.93480226 3365.39503065 3396.83559232
 3452.36430687 3462.92000495 3466.58455938 3484.10206754 3492.09090753
 3492.93447138 3542.08700723 3578.06678707 3622.0646068  3644.08789992
 3644.43916541 3658.62575136 3668.55605153 3670.65077787 3687.80372059
 3744.25289873 3763.78913349 3778.67188379 3829.77937977 3837.06818876
 3845.69125997 3848.67648333 3853.04946873 3868.12778504 3905.11086153
 3915.09756151 3922.23703766 3922.44067032 3957.36725367 3994.80079533
 4010.31507685 4051.74677181 4054.87136138 4064.92236115 4071.84860468
 4087.84481793 4092.88153444 4094.01876397 4114.88456096 4133.48863216
 4141.92783731 4159.19751297 4168.98958026 4192.42030201 4192.61366804
 4203.6226646  4210.09880964 4226.83605374 4227.54358472 4235.22719239
 4237.57308455 4248.7476139  4269.17951233 4282.40260151 4292.33400167
 4299.08121247 4308.58188074 4338.59561384 4345.55255727 4361.64157021
 4373.45653075 4378.70591322 4392.8767659  4402.32060102 4408.11011502
 4420.05050848 4424.72329287 4434.84322574 4498.96031161 4530.35080678
 4547.49811618 4588.34261311 4598.44431271 4617.1716835  4631.44526916
 4639.81190789 4686.07368672 4693.48362864 4712.56419825 4727.64968121
 4729.17237612 4732.70503099 4736.04575317 4750.08350629 4753.05076304
 4775.33768861 4781.07583612 4787.12514925 4819.25834193 4839.32790824
 4860.86260299 4864.71842345 4877.83837963 4884.13275861 4888.67724343
 4897.39338099 4898.05637878 4907.9108792  4917.04608202 4924.5685569
 4925.85648593 4972.26569761 5004.01159159 5016.52538313 5019.13830774
 5020.52686977 5024.28465722 5030.12690437 5039.05867455 5055.72301889
 5109.93290452 5140.18330349 5142.18193015 5148.77297481 5166.08621699
 5191.9925638  5197.95784388 5212.9333272  5256.46158183 5270.13863615
 5287.28697888 5302.24206227 5315.400585   5320.8099336  5327.59367761
 5329.88406996 5344.08805586 5350.92776635 5396.10244881 5398.26384159
 5402.1057621  5411.86326284 5415.08581875 5440.73306643 5447.18011157
 5475.46565044 5493.44412373 5498.54867335 5528.28260738 5539.36987035
 5552.28376056 5573.76685548 5583.16542409 5614.43035301 5632.49352602
 5635.15811712 5635.3449165  5635.97581439 5646.9805443  5652.67845861
 5652.79292489 5654.57511894 5670.73103165 5673.58428879 5681.21879663
 5703.23788976 5720.6420983  5723.16218988 5728.23267295 5749.2292695
 5752.84359076 5761.48762856 5766.17427957 5771.65979459 5794.47178507
 5795.31384892 5800.11599955 5802.10225959 5825.3936818  5836.20137904
 5836.85061021 5838.22590561 5840.97209644 5869.37806824 5888.77460346
 5898.12387224 5900.27216507 5901.06332909 5923.80008649 5926.83650968
 5950.0671321  5950.11383195 5952.88038937 5953.04495549 5954.08465202
 5955.49158065 5962.7432231  5965.40954753 5966.21404484 5984.89854911
 6001.82075926 6006.26301109 6009.99246531 6010.87296237 6016.4123772
 6017.87400565 6019.28780093 6023.0986882  6029.1280014  6039.1690012
 6040.38823046 6052.36445713 6073.13295444 6079.68043257 6087.41367341
 6094.20111741 6102.55955617 6111.16152744 6114.10128429 6117.48253966
 6130.22066379 6165.3408465  6171.61435888 6172.17165702 6172.70312191
 6182.33228975 6183.54201905 6192.02472405 6203.02582064 6210.00229735
 6210.0453972  6213.39715267 6215.88627769 6234.82771444 6240.37489591
 6247.11830672 6247.43790566 6260.86852747 6266.3191426  6270.60559495
 6271.18692634 6273.89435064 6279.88813062 6280.58376163 6297.44650531
 6297.9109371  6315.48327841 6319.03793321 6321.87622373 6343.99484986
 6348.05586963 6361.20975903 6367.67823743 6370.06232947 6377.21810557
 6384.74854709 6391.25925868 6393.22335212 6401.09772582 6405.16161225
 6418.79136673 6422.59182071 6424.30181499 6433.61235057 6435.64754377
 6450.82555975 6454.56931391 6457.67163688 6466.52420732 6468.16443518
 6478.02636891 6478.27076809 6524.34358089 6535.93150886 6542.76681936
 6546.26797434 6548.60289987 6556.94237202 6558.73409937 6570.10579473
 6581.88798871 6581.97848841 6584.55997979 6585.57254307 6587.70490262
 6592.5716197  6593.31181723 6596.05657473 6597.26310403 6601.95758835
 6612.22648739 6626.97987146 6629.40273003 6647.34627011 6660.69672552
 6662.1986205  6665.94724132 6668.21250042 6669.17066389 6670.96752455
 6675.49334277 6675.99614109 6689.3199966  6697.56573572 6701.875388
 6704.85821137 6705.29310992 6708.19576689 6716.6061388  6719.09936381
 6721.1693569  6731.24985656 6733.66854849 6742.3068863  6744.06781376
 6744.40594596 6745.73137487 6766.49647219 6784.59704507 6786.43650559
 6786.7645045  6790.53885856 6799.51942857 6809.42699548 6817.58263491
 6839.85386053 6850.5437915  6857.15510275 6865.52827479 6865.95544003
 6869.82259378 6873.69258086 6886.71703736 6892.17885245 6893.81791365
 6893.97531312 6902.92931655 6908.51366457 6911.31338855 6913.31081521
 6916.32227182 6916.77590364 6923.89544653 6938.92119635 6949.08199575
 6950.09269237 6956.26123844 6956.91870291 6963.55521408 6964.82804316
 6965.32240818 6967.5123342  6968.9279628  6969.21879517 6970.15009206
 6978.63703038 6980.46889093 6983.11624875 6985.67797353 6986.84170298
 6989.11879537 6990.87482284 6994.72267666 6995.40954103 6996.61533701
 6997.52106731 7000.8301896  7004.52721058 7008.14193184 7009.57202707
 7011.36508775 7013.87907935 7016.06077206 7019.7421931  7022.48255062
 7032.60348348 7035.24844132 7042.26055123 7047.00146873 7049.07026182
 7052.9200823  7055.87663909 7058.31426429 7065.24870779 7070.11139155
 7088.15913128 7090.99798847 7095.05707491 7095.58453982 7098.81412903
 7104.49124341 7116.2519708  7116.71553591 7124.42397684 7127.85073206
 7138.84002869 7143.7873455  7145.54673963 7146.51800305 7147.81789871
 7165.46823976 7167.50846628 7174.63117583 7177.24463377 7185.01527448
 7185.30904017 7200.07439086 7209.1647605  7211.62841894 7212.31288332
 7215.63097224 7216.91166796 7217.69543201 7218.67939539 7221.30805328
 7221.75838511 7222.30541661 7235.40117288 7246.80683479 7247.69603182
 7250.88382117 7255.92423767 7262.46354917 7273.0829137  7273.28574636
 7274.83757451 7276.58066869 7289.54855871 7292.38381591 7293.72431143
 7294.36000931 7297.47199892 7298.99869382 7305.38583916 7309.20385974
 7311.94535058 7317.71373132 7321.69438469 7322.70364799 7324.0764434
 7331.85778408 7336.71886785 7341.01812016 7341.27978595 7344.05811
 7346.05600333 7347.6335314  7347.86233063 7348.96802694 7356.81900072
 7361.24821926 7364.97947347 7365.25587254 7369.40792534 7370.68118776
 7374.36334213 7377.09303301 7388.46682836 7390.69268759 7390.93498679
 7395.04820638 7414.21287571 7416.81736701 7416.88406679 7418.86146019
 7420.60248771 7422.44494822 7422.7492472  7423.31751197 7424.94183988
 7429.8754234  7432.07994938 7444.75340705 7446.84390007 7448.30966184
 7457.11666576 7468.55732755 7471.72231698 7474.07240914 7476.1603355
 7477.84369654 7480.26008847 7482.61858059 7483.23927852 7484.43654119
 7487.06976573 7489.45219111 7496.04153577 7500.22758845 7502.8685463
 7504.09880886 7505.77543659 7514.19247515 7517.3919978  7517.84656295
 7519.16665854 7522.53894728 7526.01053568 7533.76770978 7536.01303561
 7537.71416326 7538.68932667 7542.61478023 7544.51724054 7553.93774241
 7558.32846108 7560.87258592 7569.19129147 7573.57214351 7579.73678959
 7583.41271065 7591.05808511 7591.25908444 7592.91364558 7599.98158864
 7606.0141685  7611.27988425]"
90,715710_2024-07-16_B-258,SSp,True,"[  20.52280133   26.36374849   52.57382762   54.556521     61.13056571
   65.45895126   70.97276618   73.01122604   81.39216471   88.20550863
   94.30415492   94.31585489  101.12146549  113.91758942  125.53928394
  127.32767797  135.73171657  148.71323988  151.81576286  160.51556714
  160.66046665  161.58709689  163.40849081  173.82285603  177.80347607
  180.00573538  185.24105123  188.06910845  199.15820475  202.29629427
  203.33045748  208.58007328  216.61411312  226.94241196  239.88650206
  242.34926051  244.8768854   245.13228455  248.06260809  254.62915283
  256.0366148   262.27066064  279.24593729  283.04592459  283.97608815
  286.36678017  288.97090481  291.73282892  302.90369161  336.89874475
  342.12092731  358.2605734   363.3025899   386.7770115   395.61578198
  401.13166356  404.6737184   404.87195107  408.8665044   410.7016316
  417.80170789  422.56939197  428.05427365  437.59704178  441.79239444
  444.82621764  455.04688351  467.974607    472.30462587  483.57858822
  491.728961    504.37008545  518.19030596  528.30443885  529.459235
  539.86113359  558.54467119  578.78313694  588.943803    597.56220756
  604.88274977  606.37731145  615.03278254  624.03031916  626.574444
  628.49110426  630.68069695  637.10077551  644.10598545  644.60698378
  654.86444952  656.69087675  659.92656595  659.97193246  671.96712574
  692.52395708  696.36867758  703.30718774  706.51511036  712.15715818
  713.30672101  714.24358455  718.14450485  730.29099762  753.58461983
  779.73206584  785.90154524  787.74953906  799.18820086  808.52130303
  826.54790949  833.01755455  833.94941811  835.61047923  840.7193955
  841.32602681  848.19053721  852.62485574  856.59584248  860.70379542
  861.63522565  868.15777053  877.4880727   880.27319674  884.18375034
  889.51146588  891.51849251  895.67221198  896.44777605  905.60004549
  906.75594163  936.88667433  941.90675757  943.92568416  951.45749234
  972.52328865 1020.73132766 1037.59890466 1059.83876372 1079.85719686
 1083.57718444 1098.28490199 1102.42942148 1113.36948494 1117.97903622
 1148.17923536 1160.89562622 1162.11858881 1162.61502048 1164.9636793
 1189.25679817 1194.90327932 1199.67639671 1202.88531933 1205.09577861
 1205.72650984 1224.50624712 1225.62324339 1246.56787344 1252.11432159
 1257.02430519 1259.48009699 1267.21423782 1268.1985012  1274.07814823
 1280.40466044 1282.0140884  1286.56533987 1301.03002489 1306.86813873
 1307.88620199 1311.08605797 1317.32407048 1321.29029056 1322.85398534
 1342.64455258 1348.33410025 1348.61129932 1353.94204818 1354.51011295
 1359.56969606 1362.49665295 1365.03834446 1369.93976142 1396.87850479
 1401.24952353 1405.82387492 1414.05041411 1415.48424266 1426.00247419
 1426.23280676 1441.27038987 1463.38598268 1468.3620994  1509.20856298
 1514.26461276 1531.81448749 1534.02854676 1543.6873145  1551.4540219
 1552.12065301 1558.80579735 1587.35996865 1602.26171889 1640.24839202
 1649.06992923 1649.40776143 1651.67798719 1656.71720369 1666.54627086
 1673.56978074 1678.07129904 1678.74276347 1683.23108181 1690.55712401
 1691.84675304 1702.39965113 1711.95345255 1714.45331087 1714.73157661
 1721.13758855 1730.98998898 1732.34258446 1746.63110341 1753.42791404
 1763.21621469 1766.38743743 1766.81733599 1768.46866381 1770.83612257
 1781.49915363 1788.02006519 1806.19733781 1811.16032124 1827.13016791
 1836.9530351  1839.06749471 1853.4622133  1857.44456667 1868.78389546
 1883.65421247 1888.34693013 1891.08738764 1905.05817432 1905.15587399
 1916.02620436 1928.39239639 1938.44936281 1941.59231898 1963.86377793
 1970.59472212 1977.7063317  1991.28781968 2036.80233434 2037.49613202
 2044.34400916 2045.11680657 2054.71734118 2061.12841977 2061.22221945
 2068.03593003 2076.70503441 2085.70510436 2089.56715813 2092.04388319
 2092.94934683 2093.19644601 2096.43960184 2110.56042135 2117.26239897
 2125.72980402 2136.56163451 2144.45277483 2149.98435635 2150.41602158
 2173.96514293 2192.7902134  2202.77198006 2208.40016127 2211.79748325
 2263.85157608 2268.91565917 2275.8035695  2279.81042278 2284.57400687
 2292.25344789 2292.82574598 2298.17479478 2302.38141407 2314.09450828
 2320.01822184 2321.19138458 2323.21501116 2337.72149605 2355.90380199
 2366.9409318  2391.6144494  2392.53731298 2394.98473814 2424.56337269
 2426.42043316 2428.35486003 2449.65102224 2498.29945977 2507.55419553
 2514.79520468 2544.65093831 2568.55815847 2576.8025976  2608.0033934
 2651.23781568 2668.4584915  2668.53819124 2670.94721652 2677.3127286
 2691.63064745 2693.9210398  2728.83585653 2741.78184663 2747.30632818
 2781.22208158 2791.73754646 2849.7169195  2885.61989959 2892.7545091
 2920.58614949 2931.98034477 2950.97348134 2955.57146598 2969.55908593
 2973.88287149 2983.87377146 2987.13759389 2992.5849757  3001.6090789
 3016.69689518 3029.37258618 3035.90946435 3036.31486299 3041.26654646
 3085.1699665  3088.3556892  3092.74284121 3112.16404302 3150.39401534
 3155.84619714 3159.69955093 3164.60736788 3173.02403977 3176.79269385
 3181.31364542 3182.71430741 3191.97157649 3198.25312218 3228.42105476
 3232.72080707 3236.5533276  3248.22805528 3276.14986203 3279.60965048
 3280.54491402 3301.00601235 3303.63510357 3316.19746162 3330.50818049
 3332.12744175 3340.82014605 3345.31963103 3377.25325771 3387.73352271
 3403.68593611 3413.55636981 3422.78067234 3426.58779295 3432.34297373
 3432.62330613 3443.95410162 3445.67499588 3474.37743335 3475.12773085
 3484.36936665 3505.41876302 3548.86885125 3558.46701919 3567.17332345
 3575.53829551 3579.88544766 3599.93564737 3603.05500362 3642.86000402
 3647.50132185 3663.70376774 3680.96904341 3686.28085901 3697.48148827
 3707.25142231 3718.67708415 3744.19926558 3758.29708516 3759.91457976
 3767.26028856 3771.59170743 3792.2327385  3809.45958097 3825.14629525
 3834.75539649 3835.8497595  3843.86109941 3845.65939341 3852.68310328
 3860.93917571 3888.25421782 3918.14578466 3934.15416453 3940.0418782
 3943.69599933 3969.20048082 3997.81691859 4012.47726963 4017.37585327
 4022.79936849 4038.36114985 4047.6872187  4073.29283319 4075.73565837
 4140.42550899 4154.48496204 4157.96981707 4159.35024579 4166.22808949
 4170.92910712 4188.71188107 4188.87834718 4190.31177572 4200.08197643
 4204.35426216 4262.96483309 4272.57476766 4276.32808846 4277.36118501
 4278.59311423 4296.91401971 4337.61815044 4354.30772804 4359.55361052
 4361.47713743 4374.58422699 4381.87096932 4387.51295047 4396.52078706
 4402.12460168 4405.69035644 4412.32316762 4415.2215246  4422.26303442
 4437.38641725 4437.41891714 4439.59410988 4453.26983087 4466.31438731
 4471.93410187 4473.57282973 4487.46101668 4489.5812096  4502.11670107
 4507.7876488  4539.868175   4540.92623813 4557.36864988 4561.0660042
 4565.66678884 4566.46498617 4566.81945166 4580.37653971 4580.53677251
 4582.37229971 4588.15148041 4598.32024645 4628.6675451  4636.62295187
 4653.53622872 4658.74847798 4696.90945053 4739.9273402  4748.2629457
 4759.00534316 4770.64400429 4771.60150109 4784.71632396 4796.1323525
 4825.38412148 4852.09406561 4855.32635481 4861.3280681  4867.81114645
 4869.62380706 4872.26343158 4872.75716327 4883.16379518 4886.67128346
 4887.96221249 4894.72012325 4900.2546381  4920.66500327 4922.77509622
 4925.32378771 4933.35812755 4938.24514456 4939.45244053 4946.62698323
 4968.75937599 5013.45519338 5015.73528577 5019.21180749 5032.1664309
 5038.33007698 5079.3059068  5106.8131816  5119.95033773 5121.466066
 5122.79536156 5125.02298745 5143.55572556 5144.37832282 5161.77226473
 5164.23692316 5176.59391523 5184.67112158 5193.53239199 5198.96677384
 5202.29802938 5214.38425569 5222.69939458 5233.75722432 5239.09040651
 5257.12127963 5262.15399615 5263.61239128 5265.02088658 5286.5234481
 5289.06103963 5299.45947157 5302.22899565 5307.07717946 5312.15469584
 5321.79266365 5328.274842   5336.20794884 5337.84254338 5354.85991988
 5360.3548682  5365.5434842  5386.22284847 5391.53349741 5404.13912197
 5410.58370045 5414.31272133 5449.67173658 5453.01675874 5479.71230292
 5480.31553424 5492.38492726 5493.42229047 5501.12639807 5508.62550636
 5519.23580426 5524.8142523  5535.56621639 5546.6821126  5567.30577706
 5571.83286194 5585.50151629 5603.37142328 5615.54554928 5636.32311323
 5668.24010664 5681.14269688 5685.17248342 5694.83351782 5696.93381081
 5723.73272131 5738.49010536 5749.00377025 5759.98683357 5784.60938467
 5811.97422662 5816.07091294 5816.44387836 5820.96652992 5828.43013833
 5831.55746122 5837.46907481 5853.63112083 5859.84550008 5866.53447774
 5871.79652683 5875.10758244 5885.10921571 5893.5943207  5932.45645758
 5936.66491019 5937.83913961 5946.23361157 5947.02804225 5953.94111916
 5962.27779132 5987.3776075  5996.4990437  6011.12559486 6025.80911248
 6058.66753608 6068.62896948 6070.01073153 6072.37675697 6113.07922103
 6137.28944018 6137.90133814 6167.36627307 6169.77319836 6190.87196123
 6202.29208976 6209.23643324 6213.71435161 6217.93393752 6234.04501705
 6284.85148071 6305.73891095 6307.95423689 6329.22443252 6331.12752616
 6332.41582186 6392.99251956 6416.66110718 6416.9430729  6418.14533556
 6426.13890886 6431.27492504 6432.95331944 6439.28969827 6449.06809895
 6449.82242976 6456.92760604 6457.63903699 6475.84160954 6478.29733467
 6480.23072821 6554.30778082 6559.7026628  6560.48902684 6563.1461513
 6568.63799963 6601.32992378 6602.91255183 6603.48481659 6632.23995389
 6652.09665424 6669.29876346 6672.61028573 6681.81222167 6702.37488633
 6705.23814343 6720.79409148 6736.51380565 6741.00732398 6742.06335378
 6751.93022083 6754.61451187 6760.07299364 6764.21027982 6767.34870267
 6773.84574764 6773.9971138  6800.72675787 6821.18138956 6828.25933259
 6833.16718286 6838.62136465 6840.75239087 6861.87445366 6899.39292836
 6912.54431777 6916.35853837 6923.81071348 6933.11321575 6949.47819443
 6952.12045227 6970.61325718 6985.91463941 6997.63730026 7004.50867731
 7025.50600719 7027.97066562 7029.57849359 7062.7421495  7069.42452718
 7079.97832527 7094.38621049 7128.29663057 7128.41143019 7129.13136112
 7129.30679386 7141.61925274 7156.5744028  7176.1882373  7181.79548524
 7195.02957437 7196.36143659 7198.98076118 7210.23045694 7229.23759346
 7243.49344585 7247.64646532 7289.26615966 7291.56251865 7300.34262266
 7314.37360914 7340.99362024 7343.92994377 7360.38548881 7385.58453799
 7409.87639019 7439.23592548 7456.83046672 7458.13562903 7470.48695444
 7479.98595605 7491.37718468 7492.68621364 7545.51280388 7567.93279568
 7577.03489861 7589.75622279]"
91,715710_2024-07-16_B-259,SSp,True,"[  25.58805108   26.75304719   27.65641084 ... 7592.39411398 7595.12963818
 7608.33789407]"
92,715710_2024-07-16_B-267,SSp,True,"[  20.36546852   20.87226683   21.36539851 ... 7611.89261553 7611.92371543
 7612.20868114]"
93,715710_2024-07-16_B-268,SSp,True,"[  21.39836507   21.40209839   21.50809804 ... 7610.69665286 7610.86088564
 7612.64351302]"
94,715710_2024-07-16_B-275,SSp,True,"[  21.82926363   21.84463025   22.01339635 ... 7612.37231393 7612.38934721
 7612.54278003]"
95,715710_2024-07-16_B-279,SSp,True,"[  26.56118116   26.57208113   28.1474092  ... 7612.43718038 7612.48918021
 7612.50571349]"
96,715710_2024-07-16_B-280,SSp,True,"[  21.40273172   21.43443162   21.44473158 ... 7610.56095331 7612.02918174
 7612.21598112]"
97,715710_2024-07-16_B-282,SSp,True,"[  26.91221332   27.34771187   27.71237732 ... 7612.23018107 7612.2830809
 7612.44438036]"
98,715710_2024-07-16_B-284,SSp,True,"[  21.18049913   21.5481979    21.55229789 ... 7612.22931441 7612.39061387
 7612.50521349]"
99,715710_2024-07-16_B-286,SSp,True,"[  21.21376569   22.64496091   22.65432754 ... 7612.55158    7612.56164663
 7612.5797799 ]"
100,715710_2024-07-16_B-297,SSp,True,"[  20.6604342    20.66980084   20.74810058 ... 7576.75603288 7585.03493856
 7599.00692523]"
101,715710_2024-07-16_B-327,SSp,True,"[  20.37973514   20.76570052   21.68373078 ... 7612.36178063 7612.39428052
 7612.61327979]"
102,715710_2024-07-16_B-333,SSp,True,"[  21.69203076   45.57371767   96.09311562 ... 7603.93857543 7606.14773472
 7609.7760226 ]"
103,715710_2024-07-16_B-335,SSp,True,"[  21.69236409   22.26826217   22.64152759 ... 7612.16854794 7612.22961441
 7612.24368103]"
104,715710_2024-07-16_B-339,SSp,True,"[  49.57460431  496.23061263  625.71094688 ... 7611.40585049 7612.44198036
 7612.62447976]"
105,715710_2024-07-16_B-355,VISC,True,"[  23.97102315   24.20925568   26.51641464 ... 7610.3856539  7610.5337534
 7610.61951978]"
106,715710_2024-07-16_B-357,VISC,True,"[  97.62154385  117.46547757  121.94352929 ... 7611.86668229 7611.98631522
 7612.45661365]"
107,715710_2024-07-16_B-359,VISC,True,"[  20.35023524   20.40886838   21.0489329  ... 7596.06190173 7599.81158921
 7602.79911257]"
108,715710_2024-07-16_B-362,VISC,True,"[ 453.49848868  530.11043282  583.09532254  669.29710132  693.38742087
  729.48916697  735.05468171  741.46986029  785.3838803   787.74357242
  848.27373694  851.7283254   863.03942096  872.04805754  930.72299492
 1048.78463397 1200.03049553 1261.65098974 1289.42906363 1292.80588569
 1359.88036169 1532.68845124 1550.89352377 1551.24222261 1562.03678656
 1562.16568613 1562.17701942 1573.19121597 1573.52848151 1574.01384656
 1590.29369219 1591.25258899 1627.07500268 1635.91663982 1663.4826811
 1663.77088013 1663.93381292 1685.79967323 1694.49051087 1701.76611991
 1708.87062952 1709.13329531 1730.70208994 1733.04721544 1750.77145625
 1753.4912805  1755.48404051 1755.91900572 1773.63344656 1774.07207843
 1836.8624354  1836.95610176 1979.21539333 1983.57884542 1985.28327306
 1988.72242824 1988.7345282  1994.37687603 2060.72108779 2102.98714664
 2102.9981466  2103.02451318 2108.5584947  2108.68706094 2113.42971177
 2113.73741074 2242.42001432 2299.63165659 2305.13943819 2452.70871203
 2494.77520488 2496.69619846 2496.72603169 2517.5053623  2517.53986218
 2517.71482827 2517.893661   2525.6985016  2526.19639994 2526.27999966
 2526.4990656  2526.63736513 2526.75649807 2529.80512122 2533.46640899
 2537.29956286 2538.16829329 2538.39739253 2539.26118964 2539.4339224
 2539.51812212 2539.76295463 2539.93612072 2540.47588559 2541.57334859
 2541.86218096 2541.9084808  2542.09248019 2542.46301228 2542.59517851
 2542.96837726 2543.25197631 2543.47360891 2543.62277508 2543.69207484
 2549.36948922 2551.22128303 2552.00148043 2552.24117963 2553.60807506
 2558.05046023 2558.49395874 2558.81055769 2563.81080765 2564.61087165
 2564.89240404 2568.9264239  2569.2575228  2570.47371874 2571.56704842
 2575.53760183 2578.1109599  2578.37505902 2587.77659428 2605.37096886
 2671.33768189 2709.48918781 2718.8651565  2718.91922298 2816.02569868
 3070.34421601 3073.89753748 3106.74472778 3119.88451723 3120.63158141
 3120.66888128 3128.67895453 3134.24050262 3134.52256835 3134.94096695
 3139.60841803 3139.66295118 3147.47715842 3181.03547968 3230.73728036
 3237.33802498 3250.00464935 3255.4388312  3266.54722743 3289.37705119
 3356.62512661 3356.69752636 3399.66041622 3406.49689338 3406.58849308
 3418.80168562 3482.35034006 3482.51257285 3500.73104534 3519.83691487
 3521.6753754  3523.83130153 3524.02613421 3526.36375974 3526.38715966
 3531.90064125 3532.37157301 3532.50543923 3532.65970538 3533.17417033
 3533.35566972 3544.44046604 3571.32224293 3592.1805066  3593.3899359
 3593.70023486 3594.88799756 3595.36939595 3595.70892815 3596.05092701
 3597.72875474 3598.99791717 3601.51250877 3602.37747255 3603.03210369
 3605.57756186 3605.68159485 3607.32692268 3607.52745535 3608.14188663
 3608.98871713 3610.24811293 3612.61553836 3626.00079365 3626.5073253
 3626.5353252  3626.57815839 3626.65195815 3626.69845799 3629.72648121
 3630.80314428 3631.70774126 3631.90064062 3632.19513963 3632.7641044
 3633.1937363  3633.22043621 3633.68273467 3634.02566685 3641.98277361
 3642.79723756 3643.38026895 3646.63222475 3648.71098448 3650.26771261
 3651.39337552 3660.34814561 3668.31908566 3669.69724772 3672.12627294
 3674.02426661 3674.43379857 3678.76528411 3679.15184948 3681.10060964
 3684.55359811 3686.01252657 3687.35678875 3688.25578574 3702.44947168
 3704.9886632  3706.06305961 3708.60118446 3718.1634192  3735.50972793
 3753.60640083 3782.77433675 3795.56839402 3831.35724117 3872.72553635
 3907.1930879  3913.7108328  3923.07093488 3923.24043431 3923.59776645
 3925.47562685 3932.24220425 3933.73216594 3940.16861111 3940.18014441
 3942.04707151 3942.2068043  3942.44957016 3942.8876687  3952.25420408
 3955.07962798 3985.29909373 3985.42465997 4018.13128408 4026.56295592
 4031.56920587 4067.23528675 4067.7710183  4068.96091432 4069.9059445
 4070.44887602 4072.49763585 4075.25469331 4078.98961417 4079.83211135
 4080.13917699 4080.99064082 4081.57290554 4082.66993521 4091.12477364
 4113.62019851 4130.82354106 4148.05535018 4158.54071516 4160.48664199
 4162.13100317 4162.26910271 4178.83614738 4179.37107893 4188.05891658
 4255.78942372 4277.84088341 4279.261312   4290.82234005 4291.04063932
 4291.63280401 4293.93139634 4294.86285989 4299.99797608 4306.46822114
 4309.54991084 4309.61964394 4310.04967584 4312.91176628 4314.19899532
 4319.43397783 4319.88347633 4320.34694145 4320.94240613 4321.11593888
 4332.96059933 4338.47178092 4338.79551317 4338.89184619 4338.93024606
 4341.79906981 4345.37199121 4347.22661835 4348.74977993 4350.42947432
 4353.33869794 4353.58089713 4354.35556121 4354.68526011 4354.77699313
 4358.47564745 4358.94971253 4361.25247151 4363.23723155 4363.40056434
 4365.12985856 4372.23183484 4372.64683346 4381.69593657 4382.37363431
 4382.93113244 4403.49739709 4405.60269006 4405.67502315 4405.95142223
 4408.18541477 4408.55141355 4408.9739788  4413.01543197 4413.25409784
 4413.56339681 4413.81126265 4416.26608778 4416.30605432 4416.37408742
 4416.52662025 4416.79031937 4423.07216505 4430.81593919 4436.20368787
 4437.72584945 4441.30087084 4441.61323647 4441.63820305 4442.25550099
 4442.42770041 4442.90213216 4443.9885952  4446.98985184 4447.19431783
 4447.2614176  4447.32401739 4447.38258387 4449.16397792 4452.59569979
 4452.96543189 4453.57862984 4453.67702951 4454.07152819 4457.00145174
 4459.22301099 4466.89061872 4467.48568339 4470.99613834 4471.17247108
 4471.33030389 4471.49507    4471.74860249 4477.75731576 4477.93934848
 4478.95971174 4479.8693087  4480.28687398 4483.92569516 4484.23339413
 4484.26579402 4486.5885196  4486.81171885 4487.31831716 4487.63538277
 4490.71453915 4501.10780444 4501.2892705  4501.53166969 4515.20135737
 4522.95516481 4522.96596478 4526.93398486 4544.06569431 4555.54602264
 4563.28669679 4565.28719011 4565.58205579 4568.1046807  4568.79184507
 4568.80464503 4569.03794425 4569.06587749 4577.6469155  4577.6560488
 4579.37950971 4579.39930964 4585.91578788 4593.0574307  4595.8912879
 4597.49274922 4633.32279622 4633.50992893 4657.70818145 4658.343846
 4664.5017921  4687.15124979 4689.31224257 4702.7681643  4711.94483366
 4712.73713101 4713.24122933 4714.88962382 4717.55298159 4737.10934961
 4746.89471693 4746.97818332 4750.61737117 4773.34209528 4777.42311498
 4779.48394143 4786.08565272 4786.90434998 4789.90863995 4790.67793738
 4797.54981443 4802.6588307  4809.18637557 4815.6348207  4815.90608646
 4819.98947282 4832.3433649  4834.94595621 4836.00381934 4863.07726226
 4868.48104421 4868.62057708 4869.54020734 4869.62427373 4869.64627366
 4870.27703822 4871.40363445 4877.48268082 4877.56198055 4881.91736601
 4882.08516545 4885.69838671 4885.78351976 4887.09584871 4891.07216877
 4892.08789871 4892.65213016 4893.55419381 4893.6863267  4893.96999242
 4894.1461585  4898.9067426  4898.93340918 4899.51980722 4899.63780683
 4900.67013671 4900.91750255 4903.94669244 4905.46045405 4911.02936878
 4911.24690139 4915.3355544  4915.58085358 4920.70803646 4924.83372268
 4925.92725236 4952.73166285 4955.42798718 4958.43617713 4958.58537663
 4962.18399795 4965.40698718 4966.44278372 4979.14710796 4981.01353506
 4982.75986256 4986.1730845  5006.02435153 5006.03225151 5006.04845145
 5006.17218437 5013.71332586 5032.95882825 5034.72322236 5048.26877712
 5058.71887555 5059.46107308 5073.92259145 5076.03605105 5080.43003638
 5080.49173617 5103.22576025 5134.77545489 5135.09772048 5137.20444677
 5146.49714907 5150.75383486 5153.41769263 5154.74878818 5155.72751825
 5156.33624955 5166.63708181 5171.22786648 5174.36258935 5174.91355417
 5175.04535373 5181.28756622 5182.20916314 5182.82526108 5186.93444736
 5187.46201226 5195.29958609 5195.46758553 5207.25577949 5210.86043412
 5220.35240242 5231.04590004 5234.00679015 5234.08485656 5235.11351979
 5236.13134973 5238.20117615 5238.46474193 5242.02503004 5242.42099539
 5242.99189348 5243.20419277 5245.93905031 5246.2994491  5247.46181189
 5254.73692092 5256.6788811  5302.49189477 5349.65760392 5358.49130775
 5364.18368874 5430.21683488 5443.49872386 5484.25508775 5502.90879212
 5502.9733919  5503.86938891 5504.66675291 5505.54428332 5505.98331518
 5507.54187665 5508.6927728  5511.95866189 5513.82138901 5523.405757
 5524.75161917 5525.15605115 5527.05977813 5531.57322972 5534.66161941
 5566.64661259 5582.02439457 5615.15278393 5634.68445203 5636.59581232
 5638.31553991 5639.64293547 5640.32979985 5642.87142469 5643.04692411
 5643.38992296 5643.48262265 5643.57842233 5644.19245361 5645.82658149
 5648.5083392  5651.26936331 5655.14308371 5656.16888028 5657.43537605
 5657.65424199 5657.83980804 5661.34776299 5663.16572358 5663.38122286
 5668.09357379 5676.45891252 5676.65164521 5677.07804379 5682.52645893
 5682.99165737 5683.20225667 5685.63658187 5688.68823835 5690.58083203
 5690.89923096 5695.10375026 5695.37508268 5706.9172108  5707.04997703
 5707.27150962 5715.18004987 5715.46194893 5719.67816819 5720.14139997
 5724.84278427 5733.70905466 5743.34228916 5747.92324052 5748.43563881
 5762.99302353 5770.42686537 5777.04084328 5786.89074372 5790.61729794
 5791.60089466 5793.47572173 5800.39963194 5801.09606295 5801.57342802
 5801.65982773 5803.02168985 5803.48475497 5806.57544465 5806.59104459
 5806.63297779 5810.9321301  5811.39779521 5813.97781993 5815.5734146
 5815.99494652 5816.24387902 5817.29497551 5817.40174182 5817.59574118
 5818.16770593 5818.89353684 5819.245769   5820.36296527 5821.30946211
 5821.60369446 5821.86239359 5823.91332008 5825.27311554 5825.67584752
 5827.48017483 5828.89900343 5829.11350271 5835.94957988 5836.09564606
 5837.1415759  5837.25387553 5837.45324153 5837.70714068 5838.71643731
 5842.35015851 5843.0608228  5843.16175579 5846.37977838 5847.52377456
 5849.34303515 5850.89972995 5851.40796159 5852.14869245 5852.67385736
 5855.13234915 5855.65618073 5855.74991375 5856.1156792  5856.92184317
 5858.71483719 5862.22249214 5868.13587239 5868.54673768 5869.52856774
 5884.8014834  5886.40887803 5886.48251112 5890.27739845 5890.42696461
 5892.05069252 5892.92108962 5893.17445544 5894.40631799 5895.9916127
 5898.81933659 5901.14592882 5907.99650594 5912.35302472 5915.23091511
 5915.30171487 5919.66496697 5920.21996511 5923.15355532 5928.87526954
 5929.10436878 5932.55979057 5936.7428766  5940.20343171 5944.76948313
 5944.89468271 5962.51309054 5985.68001317 5985.89001247 5985.95137893
 5986.08507848 5986.61581004 5990.62456332 5991.24609458 5992.76725617
 5993.01608867 5995.32508096 6001.4418272  6002.01849194 6003.30955429
 6010.17919802 6011.43779381 6011.99385862 6012.31865754 6012.88302232
 6014.48235031 6017.95957203 6026.06244497 6028.11673811 6034.47118356
 6055.10298132 6074.64491606 6094.60811605 6099.63806592 6103.38295342
 6104.00121802 6105.50214634 6109.99933132 6110.60919595 6112.2207239
 6112.84092183 6112.96668808 6114.65468244 6120.85079508 6122.7809553
 6126.57790929 6127.00090787 6165.59927897 6431.25725843 6470.93335926
 6479.72999655 6482.56698708 6492.45265406 6493.88471595 6494.29421458
 6512.09082181 6524.54308022 6526.47400711 6527.32780426 6537.18380468
 6543.53721679 6587.87260206 6591.68628932 6595.05797806 6599.30996386
 6599.96049502 6601.73145578 6604.17468095 6606.08824123 6610.2390607
 6615.48864317 6641.0586911  6649.5828293  6650.11256087 6654.65617903
 6654.9230448  6656.44890637 6657.8780016  6659.5758626  6669.15826393
 6670.38979315 6670.97799118 6673.56011589 6675.02947765 6684.29941336
 6688.22030027 6690.08699403 6690.595259   6690.6755254  6691.94472116
 6698.83759814 6703.71134853 6707.5948689  6708.05863402 6709.48292926
 6710.41175949 6715.74207502 6716.96443761 6718.23736669 6721.14159032
 6721.22995669 6731.00612405 6732.80505137 6732.93291761 6734.77791145
 6738.33339957 6742.1882867  6742.50945229 6744.95034414 6749.17396337
 6750.5121589  6754.13848012 6776.90407076 6777.05047027 6778.79576444
 6791.40918899 6796.95427047 6807.17976965 6815.00741018 6816.4964052
 6817.60120152 6818.10499983 6820.44485869 6823.36558226 6826.87673721
 6828.28936582 6837.31056903 6837.99806673 6838.52823163 6838.60589803
 6842.4881184  6844.07994642 6859.19006262 6859.61369454 6859.7062609
 6877.97693322 6879.84046033 6882.85155027 6897.55136784 6899.7216606
 6908.08016601 6936.8114034  6962.4204512  6965.78080665 6968.05226573
 6983.24194833 6990.3397913  6997.24903489 7014.84800945 7015.49867394
 7042.69178313 7043.16328155 7045.79983941 7059.99429201 7138.62292942
 7149.31999369 7149.94155828 7180.46595634 7183.44674639 7184.17981061
 7187.36546663 7187.61659913 7194.27421023 7196.76966856 7201.52351935
 7206.30523672 7213.73944522 7218.40192965 7222.01198426 7227.780365
 7233.02981413 7245.10750713 7246.90730112 7252.49148247 7252.64391529
 7259.44335925 7271.49538567 7275.25757311 7276.28893633 7276.37073606
 7276.57963536 7279.18909331 7295.56797194 7297.08240022 7302.86301425
 7318.99319371 7319.07199345 7327.26949941 7329.04162682 7360.07758984
 7361.53998495 7399.06159298 7438.65979407 7448.2230288  7448.67342729
 7451.56808429 7461.89328314 7518.70519341 7529.15729184 7532.49698069
 7551.88141595 7569.70125644 7570.86261922 7576.22090133 7580.04065524
 7580.05545519 7596.71943287]"
109,715710_2024-07-16_B-363,VISC,True,"[ 305.66751571  383.53775565  419.94986738 ... 7611.95251533 7612.03051507
 7612.58234656]"
110,715710_2024-07-16_B-365,VISC,True,"[  40.08350267  115.47798421  171.35073095 ... 7610.02825509 7611.12098478
 7612.16314796]"
111,715710_2024-07-16_B-369,VISC,True,"[1087.16453913 1172.88601951 1189.31679797 ... 7574.40877405 7584.15727483
 7609.55445667]"
112,715710_2024-07-16_B-373,VISC,True,"[  27.50741134   56.79861351   97.40584457 ... 7611.37298393 7611.74784935
 7611.95164867]"
113,715710_2024-07-16_B-375,VISC,True,"[  78.96273949   98.02910915  116.31478142 ... 7611.45495033 7611.50135017
 7611.5236501 ]"
114,715710_2024-07-16_B-378,VISC,True,"[  20.60516772   29.86023681   30.13083591 ... 7610.79618586 7610.85955232
 7611.45781698]"
115,715710_2024-07-16_B-379,VISC,True,"[  20.28426879   20.66536752   20.80796704 ... 7606.73109944 7610.05982165
 7610.63635306]"
116,715710_2024-07-16_B-389,VISC,True,"[  22.36406185   22.63182762   22.94205992 ... 7611.44578369 7612.14741468
 7612.49794684]"
117,715710_2024-07-16_B-390,VISC,True,"[  22.45579487   25.78335043   25.81835031 ... 7610.74558603 7611.09518486
 7611.7117828 ]"
118,715710_2024-07-16_B-395,VISC,True,"[  20.27816881   20.56713451   20.65820088 ... 7537.69159667 7578.76002618
 7612.50204683]"
119,715710_2024-07-16_B-396,VISC,True,"[  26.67781411   26.70508068   44.37132168 ... 7610.11338814 7610.96405197
 7612.21614779]"
120,715710_2024-07-16_B-397,VISC,True,"[  20.44386826   38.68700733   46.34404843 ... 7602.62274649 7609.36529064
 7609.56578997]"
121,715710_2024-07-16_B-403,VISC,True,"[  20.3822018    21.51793134   22.56449451 ... 7612.29588085 7612.56757995
 7612.59454652]"
122,715710_2024-07-16_B-405,VISC,True,"[  22.43609494   81.30503167   90.70910026 ... 7599.83558913 7601.20018457
 7608.73919273]"
123,715710_2024-07-16_B-409,VISC,True,"[  40.35793509   53.07599261   58.45304132 ... 7611.67848291 7611.81588246
 7611.96144864]"
124,715710_2024-07-16_B-411,VISC,True,"[  22.52009466   23.60389104   23.7447239  ... 7608.48749357 7609.76322264
 7610.3354874 ]"
125,715710_2024-07-16_B-412,SSs,True,"[  26.62201429   28.91440664   30.3512685  ... 7606.9904319  7607.59712988
 7612.44194703]"
126,715710_2024-07-16_B-416,SSs,True,"[  23.76829049   27.34394521   30.91479996 ... 7611.04818502 7611.95798198
 7612.31408079]"
127,715710_2024-07-16_B-421,SSs,True,"[ 103.08549226  106.71251349  110.48626755 ... 7591.15525145 7606.77553262
 7609.8252891 ]"
128,715710_2024-07-16_B-424,SSs,True,"[  21.0689995    21.18866577   21.55323122 ... 7607.82056247 7608.05756167
 7608.83082576]"
129,715710_2024-07-16_B-426,SSs,True,"[ 398.91290431  502.26402582  583.68828722 ... 7611.73348273 7612.09561485
 7612.36091397]"
130,715710_2024-07-16_B-427,SSs,True,"[  53.26405865   83.20762532   98.34344143 ... 7607.46816364 7607.99136189
 7610.25085435]"
131,715710_2024-07-16_B-428,SSs,True,"[  35.15905245   37.84001016   40.8227002  ... 7611.66461629 7612.06404829
 7612.37858058]"
132,715710_2024-07-16_B-430,SSs,True,"[  48.65070739  118.10170878  131.52423062 ... 7611.51688345 7612.02391509
 7612.36934727]"
133,715710_2024-07-16_B-431,SSs,True,"[  24.28075544   32.91695994   34.04595617 ... 7608.0684283  7608.59709321
 7609.45075702]"
134,715710_2024-07-16_B-436,SSs,True,"[  31.64173086   32.24169552   39.91896989 ... 7609.35942399 7610.16758796
 7610.2960542 ]"
135,715710_2024-07-16_B-438,SSs,True,"[  20.37456849   20.52566799   20.6822008  ... 7607.44859704 7607.93402875
 7611.06995161]"
136,715710_2024-07-16_B-442,SSs,True,"[  21.44963157   24.04578956   24.10128938 ... 7612.58494655 7612.60411316
 7612.64487969]"
137,715710_2024-07-16_B-444,SSs,True,"[  84.57545408  102.96765932  111.86496294 ... 7570.74345296 7590.25965445
 7595.07100504]"
138,715710_2024-07-16_B-452,SSs,True,"[  20.56840118   20.83813361   21.04729958 ... 7610.87875225 7611.26688429
 7612.00814848]"
139,715710_2024-07-16_B-453,SSs,True,"[  65.36605157   76.55624753  224.15148795 ... 7603.51327685 7604.10734153
 7606.7930659 ]"
140,715710_2024-07-16_B-457,SSs,True,"[  70.66250055  123.60485707  137.199945   ... 7591.59371666 7592.46231376
 7611.16988461]"
141,715710_2024-07-16_B-461,SSs,True,"[  20.2802688    20.36040187   20.59063443 ... 7612.2727476  7612.47371359
 7612.5211801 ]"
142,715710_2024-07-16_B-462,SSs,True,"[  26.61858097   28.02274295   31.11679928 ... 7607.79176256 7608.73902606
 7610.04802169]"
143,715710_2024-07-16_B-464,SSs,True,"[ 103.34702472  205.15161807  240.73273257  280.47506651  282.32809366
  286.32604697  296.06541445  312.35176006  374.70005184  398.7555715
  422.69632488  497.77637414  601.7998934   601.80739338  620.20056529
  738.32450413  991.37335903  992.02609019 1024.89038043 1053.34301874
 1056.97240662 1103.35508506 1134.10338237 1194.75944646 1339.45396324
 1342.58228612 1527.46893533 1671.87531973 1672.63138388 1678.16309874
 1736.95530239 1958.40152951 1983.46967912 2021.3543526  2064.44187537
 2071.10795311 2112.92751344 2203.44961113 2226.45810096 2232.13888199
 2247.84996285 2389.8076221  2426.21316718 2470.48201934 2483.11661048
 2500.74158495 2523.07267704 2574.74397114 2593.92860707 2611.73071429
 2616.9779301  2669.79742036 2696.26889863 2717.45502787 2819.15362157
 2945.99256464 2963.3009735  3026.53216233 3042.28357639 3047.56762541
 3062.86890765 3147.33359223 3158.77762068 3172.14867602 3180.94461332
 3233.4206714  3251.89854302 3358.33602089 3358.78255273 3362.94110551
 3377.86342234 3378.20158788 3385.32419743 3385.51503012 3452.64593926
 3456.53469294 3476.26332706 3557.10965706 3557.34128962 3564.91236433
 3582.21760654 3583.85530107 3659.49394846 3669.84821389 3677.5692881
 3679.74608083 3679.85741379 3698.04235306 3720.67447748 3724.52406462
 3770.2530119  3788.99611597 3797.86815301 3803.85889967 3805.07509561
 3809.41961443 3810.62047709 3854.80196287 3891.12590823 3899.85987906
 3900.30064426 4056.23025684 4131.02040707 4133.9463973  4157.9497838
 4164.34799577 4200.04500988 4205.28199239 4226.59432122 4237.70421745
 4242.83160033 4245.30405874 4259.73664387 4271.70173724 4289.20554545
 4379.13777845 4380.76997299 4395.26449125 4443.34209736 4453.39599712
 4482.19206761 4482.5860663  4533.96936136 4540.87637163 4545.44092305
 4562.8845648  4591.61066886 4601.72873507 4606.05958727 4612.24156663
 4619.75094155 4620.5430389  4644.3394261  4644.80519121 4664.79255779
 4665.02245703 4670.22430632 4675.65242153 4685.63832151 4720.72750432
 4721.53136831 4740.52310488 4786.00551965 4787.100016   4821.63846732
 4821.98899948 4856.35951803 4891.20856831 4891.24933484 4895.18835502
 4904.69955659 4962.07189832 4981.70129943 4987.51834667 5021.68219924
 5024.10179116 5038.88024181 5040.57210282 5098.75727517 5111.27973335
 5114.99478761 5124.46608931 5181.1046335  5182.61536178 5209.5403052
 5228.94604039 5235.97578358 5242.27816253 5245.74215096 5256.62228129
 5259.80367067 5273.97079002 5312.96769312 5320.14086916 5333.15079238
 5338.57967425 5342.38386155 5348.02640937 5383.42429115 5383.68159029
 5406.52904733 5412.63192694 5413.7429899  5421.15439848 5422.73462654
 5453.52999036 5458.77987283 5466.59764672 5469.12147162 5494.42222046
 5497.90374217 5523.58498973 5523.60692299 5525.88801538 5530.35330046
 5549.96143498 5557.39441016 5559.91503507 5573.77558878 5583.27555706
 5626.93881124 5627.13971056 5648.47023933 5651.52546246 5666.82197804
 5667.23590999 5674.2791198  5702.9858906  5705.46888231 5716.99591048
 5721.09869678 5723.04302362 5733.05212352 5754.52521848 5760.67406461
 5791.62472791 5796.49051166 5805.19344926 5806.82684381 5830.52673132
 5840.02273294 5842.03325956 5850.86766339 5850.98189635 5859.55516771
 5866.2772786  5872.61262411 5888.31377167 5911.59542725 5934.91124938
 5947.9804724  5953.86911941 5955.32478121 5975.25611465 5988.34790426
 6008.98453534 6026.21594446 6029.45076699 6045.82984562 6066.2383108
 6067.73157248 6076.90404185 6082.10115782 6102.48772307 6103.84491854
 6104.43928322 6124.91371484 6136.66164228 6150.04876424 6173.88165131
 6179.97846428 6184.78954821 6190.44886265 6214.71734827 6228.98356729
 6236.47324228 6243.79505116 6259.30966601 6266.70507464 6266.99360701
 6269.20209964 6306.38940878 6309.65153122 6326.72690753 6333.99484992
 6337.20540587 6347.41157178 6350.63899434 6350.92366005 6352.88762016
 6354.65698092 6365.67264413 6371.30802531 6373.63158422 6375.05237947
 6387.57003767 6401.05502596 6403.73081703 6404.32474838 6411.45625789
 6412.72418699 6416.10257571 6419.84699654 6422.14715552 6426.74957349
 6447.63927039 6452.42995439 6455.8813762  6458.93286601 6482.62512022
 6483.07101873 6489.68832996 6493.72861647 6502.74631968 6506.14874166
 6507.96753558 6516.79320611 6517.65526989 6523.04568523 6543.9625487
 6544.42674715 6551.12172479 6551.81142249 6552.42505378 6560.18732785
 6561.67622288 6563.00911843 6563.15381795 6578.10680134 6586.87713872
 6587.15757111 6594.43818013 6599.73019579 6604.14268106 6613.04058467
 6613.67888254 6629.09766438 6646.92833817 6653.93854809 6662.20662048
 6667.51190276 6674.21904703 6674.8459116  6677.96820117 6683.07471745
 6695.2065436  6696.44340614 6710.77599161 6711.02335745 6718.2936665
 6722.2462533  6723.27634986 6734.47521246 6737.16250349 6740.17552676
 6740.38479272 6741.05769048 6747.80090129 6750.69999161 6758.63653177
 6762.35875267 6767.40860247 6768.23283305 6769.3160961  6771.00529046
 6777.2918028  6782.29028611 6791.43218891 6797.45853545 6798.1021333
 6801.80915426 6802.22461953 6806.38860563 6820.84022403 6822.23011939
 6828.08163318 6836.10880637 6837.84890056 6838.69663106 6843.89188038
 6846.57257143 6858.74973076 6859.0165632  6862.8214505  6871.78138724
 6872.51955144 6872.64451769 6873.97271325 6876.73183737 6876.85403697
 6880.95435661 6883.99337979 6884.08061283 6891.61265434 6892.00705303
 6893.4811481  6903.73574719 6904.37487839 6910.53682448 6915.82004017
 6918.88626326 6930.71402376 6931.12188906 6938.88606313 6939.86099321
 6940.51905768 6942.36218486 6945.25654186 6946.57083747 6955.23270854
 6955.82683989 6957.88306636 6960.81255657 6965.96057271 6968.22869847
 6970.1583587  6976.82043645 6981.09885549 6985.8173064  6985.84043966
 6986.33160468 6986.43027102 6986.73450334 6989.16109523 6992.25998488
 6996.16520518 6999.4028277  7002.0653188  7004.3235446  7006.3886377
 7022.34998439 7023.39848089 7023.88407927 7029.83589273 7031.92265242
 7033.95344564 7038.61743007 7048.319631   7075.966572   7078.10196487
 7083.14841468 7083.43931371 7083.54748002 7088.73649602 7093.50834675
 7094.4918768  7108.69676269 7121.65731941 7121.72315252 7128.85402871
 7143.99451148 7145.81367207 7147.82349869 7155.00117472 7157.38673342
 7157.67999911 7161.37985342 7164.54490951 7165.31154029 7168.87486172
 7172.18258401 7177.73956545 7178.22706382 7181.79405191 7185.02034113
 7186.46906963 7205.45953954 7211.31072    7214.54467587 7215.16487379
 7215.88380473 7220.41652292 7222.44691614 7222.6799487  7227.74656511
 7231.69585192 7233.67557864 7234.47704263 7237.05876734 7240.18955689
 7247.80416479 7250.05169062 7253.00864741 7254.51554238 7257.75496489
 7262.84554789 7265.20860667 7276.78453467 7276.92090089 7277.28376634
 7282.29921626 7284.3212095  7285.43237246 7286.91280085 7294.25077634
 7297.28103289 7300.06849025 7302.13645001 7302.90011412 7309.86942418
 7310.71825468 7311.76355119 7317.64876487 7317.84073089 7320.01219031
 7324.29170935 7324.86680743 7328.24626281 7328.82119422 7332.09484996
 7342.29761588 7349.76829093 7354.49977513 7359.52095836 7361.71861769
 7365.19087276 7374.11070964 7377.42159858 7379.79199067 7381.20295262
 7381.33421885 7384.75627409 7384.92327353 7388.6147612  7391.41788517
 7394.94714005 7395.52703812 7395.87273696 7397.66373098 7398.95402667
 7407.16246592 7409.84709029 7414.40264175 7416.24126894 7416.73873394
 7417.77299716 7421.42971828 7422.12458262 7429.3591918  7431.79515033
 7435.08320601 7435.97150305 7437.51316456 7440.80808689 7442.71634719
 7443.20527889 7450.90488651 7451.11041915 7453.01954611 7456.40370148
 7457.31299844 7458.77632689 7466.98106615 7467.65123058 7471.48221779
 7474.13224227 7475.25333853 7476.38766807 7485.31020494 7485.66463709
 7488.79362664 7490.91618622 7491.96194939 7492.2985816  7493.9161762
 7495.82570315 7497.40609788 7503.20324518 7503.53344408 7506.08690222
 7507.92739607 7511.77538322 7513.61211042 7514.01700907 7514.28780816
 7525.71227001 7528.57976043 7536.62256691 7543.5106439  7568.51762706
 7569.21875805 7573.87154251 7574.90027241 7575.37483749 7577.92899563
 7586.86123246 7590.02895522 7590.28285437 7590.84031917 7593.96100875
 7596.60876658 7600.98921861 7605.15130471 7605.80970251 7610.1663213
 7611.2044845  7611.44091704 7611.44801702 7612.3801139 ]"
144,715710_2024-07-16_B-466,SSs,True,"[  27.18777907   32.48646137   35.28018538   38.68190735   39.57457104
   39.97333637   43.84042346   44.34768843   57.90867647   89.85746977
  111.40293115  123.86632286  131.78119643  153.05059207  159.89340255
  170.70193312  178.78493946  235.47131681  280.40263342  286.96604484
  295.60824931  316.07448096  384.37638619  385.67458185  399.37243611
  405.9522808   480.28919921  547.35720856  559.67270076  564.04721948
  565.86948006  572.76432371  584.77181694  585.45868131  589.97846622
  596.69871044  610.09549903  610.56903078  631.1458954   654.27625148
  659.00736902  659.20293503  681.70992653  682.30395788  682.59922356
  682.77702297  683.28682127  697.29424115  712.99535538  713.50282036
  722.46422376  734.93281545  826.72057558  832.32869019  863.40085308
  863.54775259  869.08776742  890.43272947  893.73811843  904.69698184
  904.72168175  904.80181482  905.7646116   909.25519995  910.37362954
  910.45986259  926.70680833  960.38276253  974.70281471 1006.0767766
 1085.33851189 1090.61352761 1092.65522079 1119.71423042 1192.82135294
 1203.91318256 1220.39926084 1226.3678409  1274.49244685 1287.18120447
 1314.13501446 1319.72576245 1333.2475173  1359.40206328 1360.30946025
 1381.40175648 1404.24498019 1411.85852143 1483.7420147  1560.07982642
 1599.81506039 1632.33921844 1637.20953551 1667.31383497 1667.5335009
 1667.69526703 1667.78833338 1667.99849935 1668.46743112 1672.58771735
 1720.08155874 1736.18290497 1790.53889011 1824.36661047 1831.92778522
 1832.09775132 1832.18118437 1832.79614898 1845.18847426 1871.79291875
 1891.41178656 1900.22795712 2019.69665814 2087.68693107 2110.13128945
 2110.32845546 2130.04478961 2130.53375465 2154.73620715 2171.7683836
 2183.67447717 2196.93866621 2207.65883041 2387.042098   2419.59575595
 2419.95985473 2420.10582091 2420.37205336 2423.15501073 2424.4104732
 2424.64020577 2425.45230306 2444.30040678 2475.47606933 2482.96504432
 2505.89383441 2518.76442476 2533.49734222 2539.14979001 2547.44022899
 2566.55153184 2572.83557752 2573.1389765  2605.75353425 2618.28282574
 2623.13104288 2624.81510392 2635.25086907 2636.49733157 2662.74711058
 2662.94090993 2687.66589402 2704.68603718 2722.23071192 2725.15616882
 2731.92217956 2747.20792851 2755.08770219 2759.08618884 2770.13965192
 2783.56824041 2816.15593158 2828.78495607 2856.59242987 2913.06334128
 2926.21146403 2959.98221792 2997.91499124 3009.17138698 3033.08174046
 3040.82984792 3044.0469705  3066.36276264 3072.96297394 3074.81916774
 3081.24331295 3088.32115598 3088.43825559 3090.58018177 3129.06371991
 3136.0848298  3164.42466849 3164.669401   3199.99584969 3204.94573316
 3232.36640825 3233.00923944 3233.29567181 3235.73153035 3245.93476294
 3260.53991416 3285.68429686 3305.07239877 3325.54076375 3330.80931282
 3337.80728945 3355.21736464 3357.21769129 3396.02602835 3411.48051007
 3423.28313732 3424.47016669 3426.10339457 3436.82305877 3455.06639785
 3462.57957276 3466.01826127 3476.38455998 3477.45852306 3484.88269827
 3485.00793119 3501.89467479 3501.98264116 3502.33780664 3502.82213836
 3504.94933126 3534.27679998 3545.03866404 3557.527689   3570.0521805
 3571.2119433  3571.91350762 3572.36187279 3573.1079703  3573.36586944
 3573.92576757 3574.11833359 3574.40163264 3575.69479499 3575.75026147
 3576.60542528 3577.71358825 3579.69431497 3579.884181   3585.74616142
 3618.85141753 3646.46535864 3670.12051298 3675.89679369 3678.59578467
 3686.2218592  3687.23505582 3692.05657305 3698.21301916 3699.03694974
 3702.44743835 3726.3368919  3728.26615212 3732.49617133 3766.34309163
 3767.64918727 3780.58551073 3780.63794389 3797.92485282 3804.73493008
 3807.8237531  3812.24930498 3813.45563429 3817.92525269 3852.98290228
 3855.55492702 3856.19662488 3885.48286041 3890.73870952 3915.88392555
 3944.13823119 3952.86730204 3975.64139265 3996.33372354 3997.48095304
 3998.05005114 4052.54326915 4055.07776069 4055.47542603 4055.80042494
 4073.18480022 4105.86345775 4156.46888875 4180.85357398 4215.41245856
 4224.71909415 4226.61505448 4229.99074321 4234.06709626 4281.6160708
 4282.54960101 4309.35227817 4312.48983436 4333.13199875 4353.21776501
 4354.00339572 4391.14387168 4411.55843684 4437.51145016 4437.91514882
 4443.72156276 4466.66995279 4502.8585986  4505.92195503 4507.9688482
 4525.23969052 4529.10561094 4529.24391048 4529.30004362 4529.587576
 4529.65400911 4529.69207565 4529.9167749  4530.02200788 4530.23250718
 4530.55627276 4531.69046897 4531.85773508 4532.56823271 4533.0704977
 4533.35873007 4533.55686274 4536.07088768 4540.36444001 4546.64788569
 4551.1571373  4551.62986905 4552.55533263 4553.99802781 4561.48436947
 4564.56925917 4565.69368875 4575.78948837 4579.892508   4582.74919846
 4592.35403305 4592.57009899 4634.42029256 4640.59860526 4649.72457478
 4651.94280071 4664.19162647 4695.6823213  4715.90712042 4722.85869721
 4722.8914971  4745.40238859 4752.66916432 4783.51782796 4789.83844018
 4790.05333947 4804.39595823 4807.57564762 4810.78140358 4812.33136507
 4812.33376506 4812.82409675 4828.26994517 4829.2690085  4840.12277225
 4841.09780233 4852.98262931 4854.71005687 4861.98453258 4865.61368712
 4874.81145641 4878.93150931 4888.48341075 4888.88704273 4889.18817506
 4889.20364167 4889.65047352 4889.88167274 4890.5131373  4890.55913715
 4907.04084877 4908.68577661 4909.19310825 4916.53745039 4917.49474719
 4921.4948005  4921.97646556 4922.75926294 4926.98804882 4938.89380906
 4953.66459306 4958.82660916 4958.872609   4959.59067327 4963.65192638
 4964.40952385 4969.66680629 4983.05862823 5018.53657641 5022.55209634
 5039.46043987 5079.42553973 5080.42896972 5082.0611976  5089.94723793
 5091.4644662  5099.20494034 5103.02119427 5110.79206831 5111.63793216
 5116.67454867 5117.42481283 5118.31057654 5119.24724008 5119.53870577
 5122.565529   5129.05490732 5137.68974515 5146.41088269 5158.6069753
 5159.62043858 5166.38298266 5178.16001    5180.35246934 5190.55126861
 5207.03971355 5214.97578704 5217.51654523 5222.65099475 5248.1555429
 5344.63855402 5344.70062048 5348.6066741  5362.66069383 5362.9377929
 5387.41804448 5416.13338192 5417.06034549 5423.92582256 5424.88658602
 5425.11838524 5430.26773471 5438.69933989 5440.02300213 5453.29199115
 5453.96622224 5455.13885165 5460.57576683 5461.57676349 5463.22565798
 5464.99351874 5465.03778526 5470.71819962 5481.49539696 5485.58434998
 5490.28546761 5490.67376631 5491.66272968 5497.01467847 5497.97717525
 5503.08235821 5504.11005477 5505.88308219 5509.45743691 5510.37446719
 5511.15589791 5525.46395013 5527.38017706 5530.40426696 5534.48848665
 5540.78199897 5546.52111314 5550.83703205 5553.74135569 5557.99434149
 5558.49517315 5574.41405332 5575.92401494 5579.39370335 5580.25340048
 5587.40627659 5589.48076967 5616.94967793 5620.4726995  5622.7474919
 5623.84538823 5631.04896418 5631.27776341 5650.29796656 5652.82805811
 5654.44511937 5657.20967681 5659.3980695  5700.80959787 5727.18470978
 5727.3300093  5743.77735437 5755.36681567 5756.10304654 5771.51336174
 5777.46304187 5788.05190651 5788.91003698 5789.26673578 5793.94125351
 5798.75617076 5802.60002459 5803.20018925 5808.69867089 5818.98753653
 5834.05391955 5837.15734251 5840.20823233 5850.3167319  5855.69388061
 5856.48974462 5858.32337183 5860.3861316  5863.21142217 5876.11491241
 5884.3024184  5888.15780552 5888.89043641 5917.42314112 5919.90886615
 5929.34776796 5937.79813974 5938.07960547 5967.79440623 5970.24726471
 5972.6664233  5978.97640222 5980.83349602 5986.30237776 5986.928309
 5988.35483757 5988.76856952 5993.24845456 5996.05697851 5998.1469382
 6004.96704876 6019.41866716 6023.24358772 6024.30231752 6032.74312266
 6034.41135042 6053.46595345 6056.05757813 6056.32157725 6064.19841761
 6064.56228306 6064.66101607 6064.94208179 6065.26658071 6065.27244736
 6066.39821026 6069.82756548 6070.13143113 6071.63169279 6080.1810309
 6080.83076207 6083.72351907 6084.74198234 6087.23064069 6101.56662615
 6122.09659092 6122.84262176 6127.8399384  6136.16811059 6136.24261034
 6136.41557643 6136.98427453 6137.33904001 6142.20789042 6142.40328977
 6151.2062937  6153.70888535 6168.70163527 6181.68499191 6200.76226154
 6202.64768857 6203.13662027 6217.52980554 6224.77024803 6229.27763297
 6255.80791104 6256.02531031 6257.87110415 6281.85409072 6290.62179477
 6304.54071495 6321.86839042 6330.18086266 6333.23488579 6352.97461987
 6372.45145482 6373.45008482 6373.78795036 6374.66418077 6390.94659306
 6395.11081248 6405.21384541 6405.60327744 6410.46842786 6411.34365827
 6411.83995661 6414.21038203 6420.04989586 6422.03915588 6424.13038223
 6439.54153077 6441.34559141 6445.69674354 6449.26739829 6449.41803112
 6450.19202853 6450.25566165 6450.45276099 6450.53449405 6451.55492398
 6452.37878789 6452.71082012 6457.24387165 6464.31208137 6465.25167824
 6469.67816345 6470.47772745 6474.80004635 6476.79273969 6477.37050443
 6487.10750525 6489.47889733 6489.70852989 6492.49528725 6506.4651406
 6513.531417   6514.51428038 6515.26471121 6518.58323346 6525.17494478
 6536.45447378 6541.50309025 6546.22704114 6551.08489158 6552.55848666
 6562.16862124 6562.18238786 6567.35627058 6569.60129641 6571.9420886
 6578.05173486 6601.27982395 6604.10964783 6607.00743816 6608.01973478
 6618.11950105 6618.91999837 6632.96728479 6637.54680283 6647.68980229
 6650.02892781 6650.49499292 6651.55978937 6654.88037828 6655.16327733
 6655.23041044 6669.5851625  6670.09802746 6673.31828337 6708.0223008
 6722.42025272 6728.04563393 6730.72575831 6738.78159808 6742.58125206
 6742.71291828 6742.81458461 6745.69397499 6746.4709724  6747.74466814
 6752.01165389 6755.48667562 6756.17973997 6774.28561284 6774.60481177
 6775.96870722 6784.24614624 6788.6695648  6795.01464361 6796.72683789
 6799.39319566 6807.42580216 6815.23397609 6816.79520421 6817.72780109
 6825.64114133 6827.00250345 6832.94461694 6835.420642   6837.72546764
 6838.08453311 6841.39022207 6846.30723898 6849.66702776 6850.95009014
 6851.4206219  6851.46502176 6851.67805438 6852.72525088 6856.37973868
 6858.96163005 6864.95007672 6865.90707352 6867.9309001  6868.12516612
 6870.28455891 6870.98532323 6882.75885058 6885.9062734  6891.18498911
 6892.06175284 6903.26751542 6905.58777434 6907.34756846 6912.84771676
 6918.1241658  6921.27745527 6921.8470867  6924.09727919 6935.71407373
 6936.32753835 6936.34320496 6936.47310453 6941.08302246 6943.88417978
 6946.50780435 6948.9579295  6952.76198346 6953.41574794 6953.53274755
 6953.73274688 6953.92684624 6955.09837566 6960.7346235  6961.14175547
 6961.49075431 6962.26391839 6964.0897123  6966.10817222 6968.02746581
 6969.54099409 6971.55628736 6971.61948715 6972.8423164  6976.51820412
 6981.12628873 6982.70378347 6982.92888271 6983.0927155  6983.55741395
 6983.7527133  6986.135572   6986.29470481 6986.61690373 6987.4753342
 6989.28389482 6992.91748269 6994.55131057 6996.17977179 6999.34926121
 7003.37651443 7003.63281357 7004.33351123 7004.92887591 7006.9169026
 7009.80369296 7016.64493678 7018.33136448 7021.05875537 7022.76921633
 7023.48204728 7023.82907945 7030.72805641 7037.92096573 7039.27622787
 7040.09165848 7040.73805632 7048.64162992 7053.45984717 7058.01303196
 7058.69472968 7060.11975826 7065.10074162 7068.02996517 7069.24519445
 7072.61624986 7079.4890269  7082.80151584 7086.00520514 7090.51935673
 7092.28051752 7092.89231547 7093.12061471 7096.36557054 7098.30173074
 7106.30823734 7113.95324514 7119.35346044 7125.46534003 7130.70462253
 7132.29331722 7135.97440493 7140.77955555 7141.64195267 7141.73598569
 7147.23620065 7148.31203039 7148.40506342 7149.21066072 7151.42278667
 7152.45748322 7154.51350968 7168.46919641 7171.98748466 7176.17333735
 7178.58296263 7178.62072917 7179.90329156 7180.87712164 7183.11981415
 7186.46866963 7187.25320034 7191.82051842 7193.18194721 7194.34021001
 7195.05347429 7200.45875624 7200.77712184 7208.40152972 7218.00393098
 7218.36532977 7220.69622199 7222.90521461 7225.90603792 7227.60496558
 7228.48819597 7235.76617166 7236.03457076 7238.49649588 7241.55475233
 7242.87908124 7244.98914086 7245.844438   7247.99516415 7262.04988388
 7266.96366747 7267.31916628 7275.91260425 7279.11802688 7280.08602365
 7280.25602308 7280.41112256 7280.42792251 7282.12085019 7291.88711757
 7293.69997818 7293.99271054 7296.75650131 7302.27651621 7303.4148124
 7306.31030273 7310.41568902 7310.41818902 7310.44855558 7310.70542139
 7311.0408536  7311.30841938 7311.75735121 7312.81414768 7316.75883451
 7318.72009462 7322.58631505 7325.09507333 7326.20400296 7328.28122936
 7329.07042672 7330.60305494 7332.03538349 7337.43743211 7337.44859874
 7338.26492935 7341.45458537 7343.83181076 7345.05477334 7346.79840085
 7348.25276266 7348.64136136 7348.73032773 7348.78986087 7351.23208605
 7351.7756509  7352.44848198 7352.65578129 7354.14547632 7354.2901425
 7354.77940753 7356.69363447 7358.4425953  7360.09045646 7363.31724569
 7365.1984394  7368.13089628 7382.64948112 7383.78211067 7387.05083309
 7392.61324785 7394.25404237 7396.57570128 7398.53042809 7403.40541181
 7406.06213627 7407.47109823 7407.7180974  7408.1072961  7409.22302571
 7410.18505583 7411.66011757 7412.0107164  7412.94681327 7413.83187698
 7414.98753979 7417.54586458 7417.7687305  7421.76021717 7422.13634925
 7422.70411402 7424.90670667 7426.72750058 7427.02799958 7427.65353083
 7427.91569662 7427.95956314 7428.78269372 7429.32415858 7430.94001985
 7431.8618501  7444.94723974 7446.31563517 7446.95533303 7448.82619345
 7453.00657949 7454.52290776 7458.77872688 7466.89856643 7472.4373146
 7472.52428097 7474.31314167 7474.31897498 7474.61610732 7476.65763384
 7478.46636113 7479.69149037 7482.17624874 7485.30823828 7490.30588826
 7491.77885    7497.14346542 7501.14755205 7503.71267681 7503.93044275
 7504.37160795 7504.3971412  7507.1602653  7509.16872526 7513.77014323
 7514.25807493 7519.23152499 7526.75533319 7527.05603219 7528.17852844
 7530.19718837 7539.74278982 7542.75934641 7543.06661205 7547.60819689
 7549.81215619 7556.40680084 7561.44268402 7566.06210192 7571.39431745
 7576.30200106 7581.26308449 7584.16980812 7586.87156576 7588.07076176
 7588.37999406 7590.21538793 7597.13516482]"
145,715710_2024-07-16_B-469,SSs,True,"[  43.44582477   43.66369071  117.9158094  ... 7611.64848301 7612.04741502
 7612.51371346]"
146,715710_2024-07-16_B-473,SSs,True,"[  27.50661134   37.31537858   88.63930718 ... 7607.17283129 7609.05232502
 7610.51355347]"
147,715710_2024-07-16_B-474,SSs,True,"[  21.3092987    24.1550892    26.10084937 ... 7605.53190344 7609.54602337
 7612.37591392]"
148,715710_2024-07-16_B-475,SSs,True,"[  43.37909166   43.48622464   43.58159099 ... 7601.85261573 7609.23002442
 7610.54342004]"
149,715710_2024-07-16_B-476,SSs,True,"[ 122.22429501  279.66280256  696.78904284  997.41880551 1133.89758305
 1833.26608075 1862.50888309 1874.10037771 1884.62627589 1929.56629247
 1929.6685588  1986.37226943 2019.84035766 2076.37740218 2077.05096659
 2077.06609988 2081.86838384 2090.79305403 2092.16458278 2109.90042355
 2110.11502284 2121.80235047 2125.67813753 2130.63812096 2130.92392001
 2155.08487265 2155.27327202 2171.62538408 2171.62845074 2196.79456669
 2199.87098975 2199.9049563  2200.19765533 2212.15438206 2245.23607158
 2248.02869559 2252.96967909 2288.82552601 2289.36372421 2290.84251927
 2303.98657538 2312.48331367 2316.18360131 2320.88135229 2320.97898529
 2321.40881719 2356.28813404 2356.56263312 2363.64804279 2370.97291833
 2376.0720013  2380.92805175 2381.07118461 2386.32030041 2396.73576563
 2417.27639703 2421.71044889 2438.86042494 2459.39092305 2463.30134332
 2483.8684413  2490.04498734 2496.74303164 2505.97243415 2521.91041425
 2533.78697459 2547.40816243 2552.30597941 2552.80911106 2572.83707751
 2574.66370474 2591.16108298 2591.45074868 2602.98347683 2607.6351613
 2610.60235139 2616.97369678 2622.92484357 2629.25002244 2629.64088781
 2634.78220397 2662.3797118  2669.02285628 2681.22674886 2712.62954399
 2713.10950905 2713.32954165 2719.55362086 2732.84634314 2738.95715606
 2755.02690239 2771.02128231 2815.7405663  2815.76156623 2816.10766507
 2816.16173156 2823.41967399 2828.7956227  2834.49317034 2842.31477755
 2842.55734341 2842.57344335 2852.05224503 2857.70009284 2857.86575895
 2865.05913493 2865.14023466 2876.68236278 2883.14737452 2885.23553421
 2898.95498839 2931.76897881 2937.93982486 2937.96539145 2947.18719398
 2960.52361611 2962.76680862 2966.07863089 2966.32549673 2976.29993009
 2976.49286278 2980.08381745 2983.64037224 2986.79332838 2998.90695459
 3004.07243734 3004.07897065 3004.0840373  3009.29938655 3009.30851985
 3021.8900445  3022.10324379 3022.22211006 3022.47177589 3048.23168986
 3059.61528518 3061.33717943 3067.44005905 3072.73074138 3075.4502323
 3080.93948063 3087.3850591  3095.12179993 3105.70953124 3121.41661212
 3122.12170976 3124.2054028  3128.87058722 3131.58061151 3137.30995904
 3138.07725648 3140.54791489 3147.49979168 3147.50582499 3170.63594774
 3170.79711387 3170.8495137  3177.31895876 3177.33462537 3177.38295854
 3177.50832479 3177.53809136 3177.6844242  3190.12964931 3190.1618492
 3190.28688212 3190.42428166 3242.81510669 3243.30407172 3243.48430446
 3250.11538231 3256.13239555 3268.57478733 3268.6532204  3268.77298667
 3268.82878648 3280.77224659 3284.93506602 3286.21899507 3286.39309449
 3325.48823059 3325.55176371 3329.1694183  3342.64190664 3342.66943988
 3348.522287   3348.68958644 3348.85468589 3351.39594407 3351.9754088
 3352.10014172 3352.18114145 3352.26104118 3356.76109282 3358.28508773
 3363.47120374 3370.08944831 3376.25302772 3394.08850149 3399.74011595
 3426.8546254  3427.9011219  3453.78880211 3453.94836825 3467.88055505
 3476.78302532 3492.29530685 3501.31107674 3507.06029087 3514.26643347
 3514.59179905 3514.64789887 3540.66294532 3550.16631358 3550.38177953
 3553.6540686  3557.97165418 3568.49445237 3590.3536127  3590.42657913
 3590.44294574 3596.89449086 3596.90885748 3600.92561073 3603.40143579
 3607.65538825 3616.2652595  3634.48353199 3634.64419812 3635.05729674
 3635.12312985 3638.97558366 3646.1272931  3646.2171928  3651.61254145
 3651.65647464 3660.76924421 3663.18816946 3663.69566777 3663.76476754
 3664.25166591 3669.70731436 3670.12161297 3677.37185543 3683.66966773
 3684.80019728 3697.01398983 3698.54668471 3702.05150634 3714.05209959
 3731.56710777 3732.06527277 3748.66078401 3749.34511506 3750.35214503
 3755.52149443 3761.90970643 3776.66992381 3780.50631099 3781.14250887
 3781.42970791 3783.83099989 3787.72948687 3788.99888263 3800.12224548
 3806.41612446 3812.06020561 3819.99904577 3820.73780997 3821.15037526
 3853.20323488 3856.30782451 3863.08623521 3866.76795624 3866.9919555
 3870.82537603 3878.68074979 3878.72228299 3883.54420022 3884.47716377
 3885.57799342 3885.87559243 3891.56144011 3897.75588609 3903.65193306
 3910.33774407 3915.80382581 3920.76290925 3928.53094998 3928.60024975
 3928.69078278 3933.33966725 3943.66843276 3944.00333164 3944.29469733
 3944.41989691 3948.65414944 3953.48343331 3955.69385926 3965.99372487
 3969.50844646 3974.96716156 3975.63022602 3975.75089228 3978.01551805
 3979.92487834 3981.86257187 3987.2441539  3988.82664861 3995.19132736
 3998.18765068 4006.8668217  4007.11412087 4010.94470808 4012.23763709
 4013.68273227 4013.77766528 4020.66174229 4029.21044708 4030.49117613
 4033.83543163 4033.85343157 4035.22032701 4038.07101749 4038.08081745
 4038.21865033 4040.90427469 4042.77470178 4042.93146792 4044.83766155
 4046.5404892  4047.68441871 4048.45111615 4050.10117731 4068.71941513
 4079.83094469 4088.30874971 4093.67206513 4105.70139162 4105.99039066
 4106.54965546 4109.03604715 4109.93024417 4114.17136334 4122.2771696
 4131.07947354 4131.16917324 4131.40747244 4141.19987307 4144.07859679
 4150.42794225 4151.14967318 4151.36157247 4156.10652329 4156.78445436
 4162.27413603 4162.54303513 4167.30921921 4168.55331506 4168.56924834
 4169.2571127  4175.85122402 4176.89765385 4180.15577631 4184.38489552
 4189.11767971 4189.58747814 4189.64247796 4196.77275415 4210.36510875
 4214.69506096 4217.14915276 4222.84506707 4232.88316688 4234.35476197
 4246.41375503 4246.60292106 4248.47288149 4253.89673004 4256.90831998
 4257.82735025 4260.33324188 4269.92020986 4270.09064262 4272.373735
 4275.43319145 4279.6692773  4283.46496462 4283.83049674 4286.65002065
 4287.08805252 4288.47924788 4295.57582418 4305.91335632 4312.38983469
 4313.54583083 4316.97798604 4322.53916746 4338.55048066 4344.52946069
 4344.59039382 4352.622867   4357.06521883 4357.32258463 4357.37358446
 4374.80765957 4386.14308838 4389.60524349 4397.0859185  4404.56232687
 4405.62685665 4417.06471845 4417.35911747 4417.51491695 4417.55141682
 4523.22719724 4536.49488626 4539.31471018 4539.53864276 4540.60863919
 4542.67299896 4546.09502087 4550.42647307 4550.45503964 4550.80427181
 4551.73823535 4563.52956264 4563.93819461 4577.22788356 4593.3045632
 4630.81513793 4640.64607177 4644.96119069 4651.96866729 4664.37705918
 4668.34227927 4685.51965524 4702.22676611 4703.83156075 4752.663131
 4770.29507212 4770.37870517 4823.61736071 4834.90145636 4835.79385338
 4856.21215185 4876.99614911 4877.68974679 4877.71434671 4888.28224475
 4888.52931059 4890.66327013 4918.849176   4927.66937988 4927.72714635
 4934.36329086 4934.44899057 4934.60485672 4945.30618764 4946.14075152
 4958.18121131 4961.72376615 4963.66122635 4968.81197581 4970.14177137
 4972.34999733 4982.1209647  4983.06426155 4989.37490714 4993.31552731
 4999.33274055 5004.29995729 5004.31632391 5004.57535637 5005.19542097
 5006.55414977 5011.10423457 5011.24500077 5016.97531496 5017.264114
 5023.47589325 5029.96030493 5034.48562315 5043.97019148 5054.21855725
 5074.68208891 5077.37971323 5080.7144021  5081.17070057 5098.88730807
 5100.89933469 5105.73071855 5106.69061535 5107.05978078 5109.88317135
 5110.37926969 5123.81242483 5128.11211047 5131.0574673  5146.17341682
 5146.40051606 5146.5100157  5147.83301128 5158.37167608 5158.40160932
 5158.67110842 5168.6158752  5184.78058789 5190.67590153 5193.92779067
 5195.36098588 5196.04161694 5197.98684378 5198.70504138 5208.55657515
 5215.04615348 5218.0731767  5227.0769133  5227.34947905 5228.45374203
 5260.05746982 5267.32584555 5274.01392321 5276.49578159 5280.19960255
 5281.50276487 5298.61607438 5299.03493965 5305.13811927 5305.49098476
 5306.56834783 5312.1462292  5318.5040413  5318.79007368 5319.02927288
 5330.76800034 5331.6490974  5343.7954235  5349.80217011 5364.37665477
 5364.99691936 5373.27492505 5374.43272118 5382.75432672 5390.69953352
 5397.12537873 5397.87774288 5397.91184277 5397.98710919 5401.85289628
 5404.59362046 5406.26821486 5408.6525069  5413.80728969 5416.74571321
 5417.08037875 5417.3351779  5417.39224438 5417.51511064 5417.68924339
 5422.96009245 5427.01047892 5429.45843742 5429.75516976 5429.8524361
 5430.31493456 5441.88622924 5442.14389505 5442.79405955 5453.22385805
 5453.5285237  5459.28303781 5477.57054341 5484.42002053 5484.53245349
 5484.69401962 5484.88378565 5486.18411464 5488.01314186 5490.21993449
 5490.45160039 5491.06883166 5495.89951553 5497.18554457 5498.63183973
 5502.85425897 5502.95255864 5509.3222707  5510.2793675  5511.11146472
 5512.93332531 5512.99589176 5520.5621665  5543.62955613 5548.33880706
 5549.93150175 5551.9703616  5552.8885252  5575.82561527 5575.84141522
 5576.63971255 5589.81860187 5597.10194421 5603.64075571 5615.29865011
 5617.48467614 5619.75906855 5633.16782377 5633.88205471 5653.48578924
 5664.37711954 5674.87105116 5682.17699343 5682.76869145 5742.30579262
 5745.77968102 5751.94849375 5755.10014989 5755.33548244 5772.2832925
 5777.25494257 5782.2744258  5782.77915745 5786.40131202 5787.0370099
 5803.34825542 5803.84542043 5804.19181927 5804.39778525 5816.29921217
 5822.09292616 5825.23411567 5830.9341633  5840.53139791 5849.44726814
 5860.54896439 5872.3853582  5873.72948704 5875.55584761 5879.28600182
 5897.1783754  5898.09207235 5900.61873058 5902.36865806 5910.02949915
 5911.2915616  5917.23317509 5917.34387472 5934.45245092 5936.85680955
 5942.40759102 5943.15458852 5943.19055507 5944.70591667 5948.18673838
 5948.23890487 5948.27337143 5950.32333125 5951.00579563 5956.36934439
 5958.6204702  5958.96330239 5959.62330019 5972.56349031 5974.51728378
 5977.62770673 5978.32053775 5978.444004   5978.58217021 5979.17443489
 5981.95559227 5982.70022312 5992.41132402 5992.7680895  5993.21048802
 6000.23523123 6009.31513424 6010.13603149 6013.58365331 6019.28453427
 6027.76807261 6036.3748772  6037.53120667 6047.07544146 6054.01785161
 6054.78034906 6059.95699844 6059.99676498 6081.28509388 6091.52042637
 6115.68627899 6121.84495843 6126.24837705 6132.94568802 6133.40418649
 6143.79625178 6152.0450909  6171.81489154 6180.15916368 6180.89139457
 6183.37841959 6186.05441066 6186.15744365 6205.24217991 6209.55263218
 6220.11513024 6225.45451241 6227.64993841 6235.32887943 6237.8640043
 6239.06206696 6251.54739193 6259.07620012 6267.51027196 6288.21590281
 6296.84084067 6302.90398709 6320.67662773 6328.79433396 6335.61241119
 6360.81686035 6366.83567358 6367.21497231 6372.68412071 6374.40638163
 6374.67738072 6374.80071364 6378.2366355  6381.8218902  6382.15298909
 6386.13504246 6390.51916115 6399.50123115 6406.8219067  6408.42350136
 6409.15386558 6409.21216539 6409.88399648 6439.55959737 6440.21772851
 6457.50503744 6462.24665494 6469.914496   6470.94539256 6477.10493865
 6493.55885037 6502.950019   6520.46479384 6540.33379416 6547.25907103
 6554.41564713 6557.9884352  6570.34919392 6579.69122938 6586.13107454
 6588.06443475 6615.71760907 6620.38576014 6624.35901354 6626.32517364
 6632.53011959 6637.5653361  6637.77223541 6645.11561089 6666.98657118
 6668.4569996  6671.41652305 6683.35408319 6695.84134148 6698.39333296
 6699.22213019 6708.0329341  6711.04989069 6714.06848061 6721.26502324
 6728.31886635 6744.35817945 6747.48410235 6752.16472005 6757.23863644
 6758.71616484 6780.58495847 6803.16911638 6809.7891276  6816.95090369
 6825.09727648 6830.09615979 6831.6402213  6834.20604606 6840.14255957
 6842.17768611 6844.33554557 6863.57731464 6871.04222304 6871.29055555
 6875.74067402 6894.85077686 6902.18475237 6907.24396881 6941.08495579
 6941.85095323 6953.53604754 6969.05739571 6992.66848352 7007.5866337
 7008.91802925 7019.60772689 7033.14991499 7035.30200781 7035.88187254
 7047.18683478 7053.93054559 7055.80083935 7057.09346836 7059.17839473
 7067.4614004  7072.24768442 7081.38105392 7094.19511112 7141.46505326
 7152.85184856 7173.11118091 7179.44825974 7181.2166205  7225.83173817
 7228.3881963  7247.93306436 7271.39005269 7299.47075891 7300.37732255
 7315.96833715 7333.37981233 7355.41007209 7358.14282963 7382.27078239
 7406.12520272 7424.28480874 7453.50277783 7457.17793222 7457.67973055
 7464.42474136 7468.48116114 7484.17380873 7496.17876864 7505.33573806
 7514.77193988 7541.2749847  7541.82321621 7542.64514679 7543.64594345
 7546.6252335  7553.07941195 7563.24124468 7581.04795188 7588.56379344
 7590.76371943 7593.94264215 7599.29212428 7609.3685573 ]"
150,715710_2024-07-16_B-477,SSs,True,"[  43.42795817   43.47389135   43.52969116 ... 7612.00851515 7612.45231366
 7612.45698031]"
151,715710_2024-07-16_B-484,SSs,True,"[  35.12125257  107.25657833  284.22202067  296.32838024  518.73930413
  631.11406217  722.63138987  753.27868752  901.90989114  912.57358886
  912.61408873  914.56028223  915.21748003  923.53731892  931.78219138
  932.3158896   955.62431176  999.43129879 1118.82823338 1168.09666884
 1227.74596963 1423.33914976 1441.49955577 1673.70294696 1676.28063836
 1676.65847043 1832.24705082 1833.65451278 1848.9002952  1848.99456155
 1885.31660692 1891.43035317 1929.91072465 1930.51282264 1939.22929353
 1946.24360344 1951.26555334 1981.73658491 1981.92488428 2001.74385142
 2003.38361261 2009.54512537 2020.83792099 2021.07135354 2022.07681685
 2028.64216159 2047.484032   2076.28113583 2076.69230112 2076.83790064
 2078.70766106 2105.07817299 2110.39685523 2114.38837523 2130.93648663
 2171.70661714 2178.11376241 2178.55616093 2183.51064439 2197.51193096
 2209.83612314 2213.98624261 2246.05396885 2289.40702407 2297.72912961
 2316.19816793 2321.19131792 2328.39139387 2349.74478923 2349.90415536
 2357.51176329 2358.05172815 2425.59223592 2425.82936846 2436.77776523
 2457.68952873 2458.15659384 2464.26260678 2467.09493065 2469.6768887
 2469.685322   2475.44990275 2475.56090238 2477.6399621  2477.7306618
 2483.82697477 2497.37662952 2502.38824612 2502.39884608 2514.86533778
 2546.97569721 2548.47762553 2572.86121076 2573.54684181 2603.90550709
 2611.09078309 2619.04468986 2623.54070818 2635.05896971 2640.64345106
 2647.52332809 2664.18847243 2670.14418587 2678.29395866 2681.00678293
 2682.85741008 2683.60564092 2687.28632862 2725.05820248 2730.7015503
 2742.73314345 2771.67058014 2786.22146488 2830.54251687 2842.53341015
 2849.02095516 2851.86994564 2863.69673948 2864.44033699 2864.60823643
 2893.49023998 2933.03917456 2938.23832387 2938.60195599 2938.77678874
 2944.53133618 2944.83040185 2956.35513003 2980.34204992 2980.44411625
 2980.72678197 2993.80763829 3023.37627287 3035.91409767 3052.81760788
 3053.34833944 3061.80287787 3062.58374193 3066.98486057 3067.07456027
 3070.15604998 3074.55150196 3076.17072989 3079.94921727 3087.14859323
 3088.12745662 3088.31038935 3091.58821173 3092.20430968 3106.13859647
 3121.72791108 3122.26417595 3128.62215472 3129.19591947 3130.49734846
 3141.02494663 3158.75705408 3158.93278683 3162.16520937 3165.6382311
 3170.62304779 3171.10951283 3171.50387818 3177.65885762 3178.24725566
 3180.00494979 3185.82553035 3188.97761982 3191.85497688 3191.97240982
 3210.55344777 3212.8401068  3215.81626352 3228.19848884 3231.31747842
 3232.51557442 3250.68881373 3252.50080768 3269.34731808 3282.46380761
 3299.7047167  3305.17903175 3307.75712314 3349.90481572 3350.69221309
 3350.69561307 3350.79971273 3351.13647827 3357.33315757 3357.58985672
 3367.03972516 3376.81219252 3382.15934133 3401.03214497 3401.39961041
 3406.09112807 3414.11603461 3419.67248272 3420.02184822 3421.91877521
 3431.00371154 3431.05214471 3440.39334685 3450.47411318 3459.6630825
 3462.13687423 3464.90543165 3476.08002767 3485.70776218 3514.76599847
 3515.69616203 3521.22234358 3526.60782559 3527.1948903  3527.54292247
 3528.36141973 3532.3436731  3534.83103146 3534.85713137 3545.3099298
 3545.9276944  3557.68922179 3558.88961778 3563.69343507 3568.66165181
 3569.70711499 3576.1822267  3576.30485962 3581.6703417  3585.45036241
 3587.23202313 3587.470389   3587.80675454 3592.94740404 3597.19425652
 3597.96668728 3599.55078199 3602.30967277 3603.04020367 3603.64546831
 3606.80515776 3617.03495693 3632.35683909 3634.65726474 3634.85389742
 3635.10749657 3646.64459138 3669.82171397 3670.85064387 3671.36624215
 3677.03322322 3677.39075536 3683.30643561 3687.56432139 3690.33221214
 3690.94004345 3691.58434129 3691.68887428 3698.05648635 3698.17268596
 3702.82450376 3704.79129719 3734.690664   3748.26081868 3749.31181517
 3755.40572815 3756.10365916 3769.66694719 3773.17263549 3788.18638534
 3789.42601454 3789.61551391 3793.40233459 3798.14168543 3821.05447558
 3821.20114175 3821.42910766 3834.05073217 3851.28170796 3858.02198545
 3864.10819846 3867.21358809 3867.72121973 3878.9385156  3878.94984889
 3879.72567964 3890.08534504 3897.08848832 3899.3508141  3920.13854467
 3928.325684   3928.66388287 3934.86636215 3943.92949855 3944.53702986
 3948.94281514 3961.38354026 3975.59725946 3975.99795812 3976.26999055
 3996.4848897  3996.48942302 3999.40411329 4020.32817674 4028.435083
 4034.08419747 4034.59642909 4035.47339283 4038.27835013 4049.3065133
 4053.67143205 4056.32708985 4057.06042073 4057.09452062 4057.71485188
 4058.74648177 4059.56381237 4060.07681066 4060.59554226 4065.49259257
 4069.10164719 4076.36008961 4078.75981493 4081.03910732 4081.88730449
 4088.7300483  4088.73168163 4095.01102733 4095.13929357 4105.68409168
 4106.06399041 4107.19975329 4114.37482933 4116.05439038 4143.69296475
 4162.13843648 4163.29839927 4163.40816557 4163.8693307  4177.27118594
 4179.19257952 4196.20942269 4197.32335231 4202.21826929 4209.78011071
 4210.98117336 4229.67084428 4234.72782739 4234.96019328 4246.85872021
 4247.16801918 4252.49936804 4277.93591642 4286.43958802 4287.33168504
 4287.51015112 4288.2246154  4297.35298491 4299.523411   4320.13107551
 4320.24837511 4320.982106   4322.53393415 4330.71504016 4338.46608094
 4338.90464614 4357.55738385 4357.86211616 4362.48653405 4363.33786454
 4363.51563062 4364.69319335 4366.77251974 4369.56771041 4391.48850386
 4411.10173836 4412.41350065 4417.4277839  4425.49512363 4426.92701885
 4447.23638435 4456.97145184 4471.9256019  4475.78712234 4476.49821996
 4483.1140312  4486.16078769 4496.21172079 4502.98616484 4503.23193068
 4514.51615966 4528.94141149 4536.8017519  4539.27651031 4539.39430991
 4539.65054239 4541.30660353 4541.96920131 4547.38341656 4551.70390214
 4557.62011571 4566.51908599 4573.51326263 4580.7098386  4582.87093138
 4641.13260348 4642.75429806 4652.00253384 4669.05201024 4675.4412889
 4676.47678544 4685.00812361 4689.49554196 4698.2558127  4728.10364636
 4729.39260872 4745.48902163 4764.04005968 4770.67280419 4771.16456922
 4780.19420573 4786.54891784 4803.60382755 4812.89272986 4816.48711785
 4826.59965075 4855.9483194  4867.71444677 4867.8656796  4879.45820755
 4883.12106199 4887.87144612 4888.72564327 4889.02540894 4889.305208
 4889.36940779 4890.13303857 4891.91846594 4897.38878101 4904.68468997
 4909.35627437 4910.16883832 4910.54470374 4917.56671362 4922.5940635
 4934.95378888 4946.09791833 4968.92297544 4983.01206172 4983.14996126
 4984.21169105 4984.29805743 4985.06345487 4989.45160688 5017.35971368
 5018.29147723 5024.07972457 5026.87338191 5050.35063683 5066.73464878
 5092.10376406 5099.5177393  5108.31200993 5111.0563341  5113.38705965
 5116.04918409 5120.97080099 5122.19633023 5123.40765952 5126.02721743
 5127.21068015 5129.01400746 5131.2889332  5131.43163272 5139.93740431
 5146.42941597 5146.43131596 5156.64254852 5159.2041733  5169.35030608
 5172.03669711 5178.15707667 5183.92125742 5184.85878762 5185.12538673
 5190.86920089 5206.41361564 5215.04228682 5221.41476554 5231.12326645
 5243.7950908  5252.73606094 5262.53212822 5273.85055709 5280.30800219
 5298.59687445 5298.8717402  5298.97983983 5305.61395101 5305.97708313
 5319.20420563 5319.56427109 5320.71136726 5344.76382027 5356.17664882
 5364.78345341 5364.98328607 5368.13007556 5386.06591566 5387.01277917
 5398.44070767 5417.10354534 5417.88277607 5423.80858962 5423.88202271
 5424.28125471 5429.51877055 5429.76520306 5436.31468119 5447.95354232
 5456.77031287 5459.31907103 5461.15399823 5472.69905967 5485.07811833
 5485.12545151 5487.23227781 5490.87086565 5491.33433077 5492.97152531
 5497.45324367 5505.4682169  5505.94581531 5509.21050441 5509.54063664
 5528.1854077  5540.35593372 5543.48868993 5551.81692878 5576.09818103
 5576.20258068 5577.47447643 5588.18064067 5599.95580135 5609.59386916
 5609.91200143 5616.15261392 5617.51907603 5639.87163471 5642.4187262
 5643.91245455 5644.01328755 5644.18502031 5651.42069614 5652.33985974
 5653.02169079 5663.61345542 5664.91388441 5665.04921729 5666.33487967
 5667.69230847 5672.89685775 5753.01215686 5772.6227247  5777.83147397
 5778.58543812 5781.44899523 5782.00119338 5783.27252247 5791.6288279
 5801.63416115 5802.1091929  5802.25319241 5803.77798732 5816.71491078
 5824.59065115 5824.61221774 5836.53487793 5838.27277212 5845.39331501
 5848.57453772 5851.96059308 5852.32962518 5852.73182383 5855.71138055
 5862.34342507 5865.40101486 5875.88154652 5876.67801053 5876.92404304
 5882.00119275 5882.65125725 5893.38355474 5914.04798573 5917.52534078
 5933.34768794 5933.34958793 5937.28617479 5937.39957441 5937.81290636
 5943.28402142 5946.19154505 5958.17693835 5970.25496468 5978.43420403
 5986.62737667 5987.24494128 5994.51045034 6007.99933863 6027.44670702
 6034.81091576 6034.85231562 6035.70954609 6039.96009856 6044.47391682
 6052.46349014 6053.96418512 6056.48217671 6069.09996791 6070.2815973
 6071.09989456 6072.05192472 6072.06169135 6073.9741183  6074.10971784
 6075.69041257 6079.90773181 6080.44773001 6081.20366082 6082.89405517
 6085.83327869 6087.59550614 6111.42142657 6132.36518996 6132.44862301
 6133.1624873  6145.45324625 6159.7500985  6170.73572848 6179.32056648
 6182.17362362 6188.00947079 6196.26917654 6206.52700895 6218.31780291
 6228.21970317 6228.32440282 6228.49400226 6235.40201252 6244.73204803
 6276.64170813 6276.8295075  6292.55155499 6298.13256969 6317.56887144
 6366.41740831 6367.86123682 6368.00846966 6368.62440094 6368.82843359
 6374.64168084 6374.91531326 6396.98303956 6422.84848651 6422.88671972
 6437.375438   6444.1436154  6444.41631449 6446.72897343 6448.85969965
 6456.38264119 6457.75810326 6457.93046935 6458.51710073 6463.2053184
 6466.29077477 6479.53806386 6481.64439016 6484.94747913 6495.78657626
 6507.45607062 6511.01639207 6533.84471583 6538.34753412 6547.52767013
 6552.4775536  6555.71554279 6556.96383862 6566.49890677 6572.97148516
 6669.26409691 6681.24312357 6698.86703138 6699.86229472 6717.79603483
 6730.98595745 6736.83027126 6738.41586597 6745.09411033 6758.7572647
 6771.9917205  6797.90643396 6798.27183274 6815.32187579 6856.63850448
 6887.78910045 6904.15557912 6917.00043622 6922.13625241 6948.06426582
 6948.74809686 6961.53195417 6964.56364405 6973.95897934 6987.35926792
 6990.32839133 6991.08062216 6991.18808846 6993.26698152 6999.83072627
 7014.04197881 7016.39770427 7022.49705057 7025.67793995 7030.70995647
 7031.11438846 7032.53735037 7056.03943855 7098.11936468 7114.39501033
 7118.69759596 7125.83407213 7137.84306536 7138.21079746 7143.36054693
 7154.61064269 7165.13754087 7168.89836164 7188.63069574 7190.31522345
 7192.01671777 7238.16856364 7260.78765476 7261.315853   7298.84232768
 7301.69865147 7359.30682575 7362.18758279 7370.17742277 7374.78364073
 7383.12067955 7390.32985547 7410.91705339 7435.01783956 7468.07849582
 7496.44790108 7513.04331232 7545.4366708  7545.78860296 7560.06398862
 7560.25802131 7594.1955413  7598.68545964]"
152,715710_2024-07-16_B-488,SSs,True,"[  20.46366819   20.48070147   24.52038798 ... 7607.77359596 7608.82942576
 7611.20905115]"
153,715710_2024-07-16_B-491,SSs,True,"[  20.24506892   20.33460196   23.3358586  ... 7610.61631979 7611.40985048
 7612.39211386]"
154,715710_2024-07-16_B-492,SSs,True,"[  20.25710222   20.42060167   20.70483405 ... 7612.26558095 7612.62254643
 7612.65497965]"
155,715710_2024-07-16_B-493,SSs,True,"[  20.21290236   20.29823541   20.35686855 ... 7612.36554729 7612.36808061
 7612.52811341]"
156,715710_2024-07-16_B-494,SSs,True,"[  20.42786831   20.4623682    20.62503432 ... 7603.21327785 7603.24157776
 7608.88062559]"
157,715710_2024-07-16_B-495,SSs,True,"[  20.79873374   20.80166706   21.00789971 ... 7611.91268213 7612.21501446
 7612.33221406]"
158,715710_2024-07-16_B-496,SSs,True,"[  20.63880094   21.95999653   25.22655229 ... 7599.45905706 7599.86168904
 7607.31299749]"
159,715710_2024-07-16_B-498,SSs,True,"[  31.91396329   32.25956213   36.00918294 ... 7612.17801458 7612.51981344
 7612.61431312]"
160,715710_2024-07-16_B-501,SSs,True,"[  21.87219682   24.51835465   28.20870899 ... 7606.0039352  7609.99678853
 7611.96488196]"
161,715710_2024-07-16_B-506,SSs,True,"[  22.81676033   22.90499337   22.92805996 ... 7611.96651529 7612.26948094
 7612.6405797 ]"
162,715710_2024-07-16_B-513,SSs,True,"[  20.31090204   20.39290176   20.56806784 ... 7612.49538019 7612.58064657
 7612.66911294]"
163,715710_2024-07-16_B-516,SSs,True,"[  20.55733455   22.88619344   26.39284839 ... 7485.24380516 7520.78425314
 7544.86520605]"
164,715710_2024-07-16_B-517,SSs,True,"[  21.06039953   21.06293286   22.42856163 ... 7611.18138457 7611.62024978
 7612.32704742]"
165,715710_2024-07-16_B-519,SSs,True,"[  20.42076834   20.60586772   21.08599945 ... 7606.66019967 7607.00183187
 7607.65196303]"
166,715710_2024-07-16_B-523,SSs,True,"[  20.2108357    20.65093423   20.98083313 ... 7611.60534983 7611.92954874
 7612.44831368]"
167,715710_2024-07-16_B-524,SSs,True,"[  20.23420229   20.35576855   20.3707685  ... 7611.91141547 7612.22894774
 7612.23711438]"
168,715710_2024-07-16_B-526,SSs,True,"[  20.6722675    21.01926634   22.91462667 ... 7610.26115431 7610.41432047
 7610.61261981]"
169,715710_2024-07-16_B-540,SSs,True,"[  37.17574571   63.30092513   66.9935128    93.23205851   93.82575652
   94.67715368  103.66665699  111.95239599  115.28305153  123.82758966
  135.74968318  140.18986835  156.87601262  172.5626269   211.67676294
  212.82292578  213.67068962  216.31271413  220.09040151  224.70938608
  238.28730741  259.8873686   265.12781777  268.87120527  269.81220212
  271.24276401  272.97729155  275.95361495  279.31380373  279.75310226
  279.87040187  281.53876296  281.89642843  284.63678595  286.4785798
  286.74414558  298.31634026  305.53324949  335.34021662  348.56727244
  350.13510054  382.07606054  385.40508275  393.54965555  396.3593795
  403.54148885  405.79634799  410.69336496  417.78070796  422.27635961
  423.75225469  431.64272833  433.50618878  436.65337827  451.72009462
  453.85472082  457.4431755   463.38832232  475.65411469  475.94528038
  495.97278016  496.52994497  497.70370771  502.77539078  505.44811518
  505.9716801   507.05477649  509.97146674  513.02062323  513.23615584
  516.22431253  520.43693179  523.40275522  529.26583564  534.66058429
  535.95897996  539.63220102  564.57051774  564.63438419  565.45044813
  568.99906961  574.48591796  577.84904006  579.11366917  586.12507909
  592.05335929  620.95196278  625.25314841  626.99257594  627.83677312
  633.55175403  638.21563845  640.10003216  642.01449243  649.21003507
  650.01759904  663.01752229  673.81835289  680.53329713  685.57631362
  688.41547081  690.30506449  712.45599052  714.78314941  724.32555088
  736.36424401  743.05785499  746.03567837  752.32645737  762.71548934
  765.70664601  766.76377582  771.13562788  782.39325695  785.82967881
  790.63166277  803.3580536   808.92506835  817.07544113  819.9666648
  820.11099766  823.72468559  828.86873507  836.7357088   844.31581682
  851.15092733  851.72235875  852.6955555   867.17337382  867.93560461
  869.19176708  871.88815807  872.40098969  872.94138789  881.82309156
  882.80555495  887.57697234  888.90130125  906.04401067  906.50917578
  907.39307283  907.84567132  908.26920324  908.57606888  912.25552326
  924.84911453  926.97550743  931.12326025  931.37209275  954.07648359
  957.18377322  963.1459533   968.14310328  968.33443598  977.61597165
  980.44259554  997.01724019  998.08436996 1000.92212714 1002.51528849
 1008.5299684  1010.44759533 1016.07424321 1019.81886404 1028.37113547
 1034.45918181 1037.66530444 1039.00266664 1045.27201237 1047.4075719
 1080.34529523 1082.39688838 1086.33154191 1133.47465113 1213.46861732
 1214.09951521 1221.57245692 1231.23802464 1241.96672214 1255.64704312
 1267.70280286 1289.64276292 1289.69809607 1301.19765766 1311.07595801
 1339.71949568 1353.05855113 1355.31231027 1373.61844914 1377.04543769
 1421.14452375 1431.82372142 1435.78484153 1448.84129792 1460.59865866
 1497.95156724 1509.26626279 1509.76892778 1512.70875129 1520.70609125
 1535.46234197 1544.1885795  1553.27864914 1579.94109343 1581.43412178
 1583.73481409 1592.7943505  1610.98215643 1614.76737712 1623.76251375
 1668.49526436 1672.28905169 1686.59347058 1688.10156554 1716.74306989
 1718.47969743 1737.56490035 1739.61836016 1760.70212308 1766.74593623
 1830.81898892 1868.52672966 1905.02720776 1950.17282365 1976.90243439
 1980.66568848 1981.95225085 1995.10954025 2020.01309041 2020.14275665
 2041.24965282 2053.7039779  2055.82077083 2068.99756015 2086.32596895
 2119.49232485 2120.69038752 2130.24888893 2143.60917764 2143.98254306
 2180.44532129 2238.7716265  2243.36077784 2263.50457724 2274.32560777
 2277.18293156 2289.70038975 2299.14249155 2310.64235315 2320.50258688
 2323.27121097 2357.66036279 2400.83001862 2406.9438982  2407.22279727
 2408.64122587 2423.2530104  2427.9055282  2440.62645238 2446.07346752
 2457.82872826 2480.73395177 2505.18970343 2513.77227477 2520.95745077
 2530.40618588 2548.55015862 2570.11771993 2573.23627618 2576.99696362
 2577.69822794 2623.38100871 2699.72252043 2745.19940188 2755.68486686
 2787.41172757 2840.80421593 2869.24892093 2875.56759983 2879.39742038
 2879.86808547 2882.39874369 2889.03802151 2920.50664975 2931.38958007
 2936.95256149 2944.92163488 2958.65712234 2972.06731089 2974.58783581
 2993.35723979 3014.36086965 3019.13788703 3051.29327964 3055.43286581
 3065.40649917 3073.25633962 3074.94466732 3087.08976009 3094.44946884
 3097.31612594 3131.76011091 3147.00279334 3199.17968575 3226.5940942
 3230.49418117 3245.37546481 3269.92168283 3297.40652437 3310.71137994
 3310.74451316 3312.49280732 3349.41798401 3350.44254725 3355.50433035
 3365.98462868 3367.02035856 3369.59781661 3387.14555801 3418.4594201
 3423.06903804 3435.85942866 3437.90145517 3441.45004332 3449.96714821
 3454.7815988  3465.54566285 3497.94265466 3509.4286163  3533.09547059
 3533.16890368 3534.83359812 3540.4995792  3543.32896975 3546.18322688
 3551.67357521 3566.5201923  3567.75528817 3575.50016231 3577.29645631
 3578.91551757 3583.81143455 3591.88750758 3623.47103544 3629.6385815
 3630.82311088 3670.07481313 3679.74631416 3687.01485655 3705.45279498
 3761.53764101 3761.55437429 3786.65029047 3791.39834128 3818.34705129
 3821.75170658 3822.16020522 3835.27229476 3854.76469633 3866.942189
 3869.34451431 3872.97076886 3875.57246017 3880.98517543 3892.65963644
 3899.99091196 3907.68155294 3937.53948656 3958.69298258 3963.78713223
 3974.96189491 3982.37693682 3997.0345212  4011.0288078  4016.67892226
 4016.78898856 4024.27926355 4034.32712999 4054.12013055 4054.98982765
 4093.03610059 4108.36348273 4129.00951378 4131.22580638 4150.9231406
 4156.87155407 4159.79367764 4167.81351753 4173.13393309 4186.10172312
 4212.13570284 4232.43263505 4249.74961056 4279.24994537 4284.67726058
 4285.57212425 4305.56669081 4313.0056993  4320.03770915 4331.2927049
 4342.3596346  4350.69437344 4362.45856748 4384.45396069 4393.11399844
 4425.75582276 4466.18118775 4478.86064541 4505.08229117 4510.55823955
 4514.94259157 4530.32124021 4534.94352478 4536.50341957 4547.39978318
 4581.45630277 4607.40734944 4620.28323977 4641.74086811 4644.59319192
 4654.62445842 4661.06677024 4672.03383361 4674.01812698 4681.56360178
 4698.85781069 4702.46449865 4744.93832347 4748.61497786 4749.12077617
 4752.66346434 4772.20153242 4774.97855648 4781.02453629 4784.14592586
 4787.82868023 4820.61297074 4822.18553216 4844.67562371 4852.67023035
 4867.56298061 4881.89713274 4883.42976096 4893.88975936 4893.89515934
 4894.87925605 4900.30057128 4901.55210043 4912.03703209 4922.23843135
 4932.0650652  4935.13935493 4959.22034118 4963.6255598  4980.6830695
 5001.69639932 5002.4826967  5014.03705811 5021.57023295 5035.03778797
 5036.69391578 5036.89564844 5062.54386278 5077.61197912 5101.17120044
 5110.94886779 5123.14199374 5124.67778861 5125.15722034 5125.39165289
 5125.39805287 5147.9268443  5190.30920276 5191.06020025 5193.12616001
 5198.14900991 5219.91290389 5250.15730288 5282.29429556 5286.70951415
 5293.48555818 5293.91822341 5329.36803835 5329.89913658 5339.15853899
 5356.30188173 5374.49018766 5376.86741305 5427.10527861 5431.76219639
 5447.82774274 5452.64769331 5452.74072633 5462.91639235 5471.90082901
 5518.4461069  5520.9294986  5526.30148066 5535.56511639 5544.15275438
 5582.82139191 5583.95495479 5584.4712864  5587.81897522 5594.35538672
 5612.78795849 5632.4179596  5640.39016631 5644.70325191 5670.46113255
 5671.14593027 5682.53552556 5697.93420747 5708.25327301 5728.27937279
 5730.27579946 5738.11697327 5745.18481634 5750.53813179 5762.38089224
 5765.61911476 5770.44223199 5778.51603836 5806.74267742 5806.94194342
 5816.36417862 5816.41344512 5830.39836509 5833.32148866 5838.38470508
 5845.58311438 5875.76251359 5878.16147224 5879.6506006  5881.27092852
 5886.70191039 5890.99809604 5915.34554806 5927.71674008 5932.81162306
 5934.84484961 5955.21594824 5971.9465257  5988.36417087 5988.39493743
 5991.27299449 6000.18416473 6038.43627031 6043.89081876 6047.73883925
 6057.59460633 6061.75995909 6064.77584902 6065.47798    6068.32187051
 6077.71383914 6084.26371727 6087.33017369 6088.54506964 6090.56172957
 6094.85451523 6105.34524686 6114.77041539 6130.36399664 6145.55964589
 6158.20817032 6161.63785887 6164.86294809 6175.79461159 6183.80148485
 6191.02446072 6209.68886506 6237.93683739 6240.8765609  6247.61807172
 6251.70415808 6259.35983251 6271.86769074 6284.69671456 6288.71060115
 6291.04829335 6294.31831576 6307.12380633 6311.30955902 6325.73987749
 6332.6930876  6339.41303183 6341.40995849 6346.32347541 6346.41220845
 6363.6645175  6375.96830974 6382.67008736 6386.99450625 6388.54680107
 6388.71706717 6389.64516407 6392.49822121 6394.48541457 6402.98498619
 6407.61090407 6411.1342923  6412.20568872 6412.24592192 6414.8980464
 6421.38262474 6423.46048447 6425.43907786 6439.44879774 6443.92821612
 6444.24018174 6449.16106531 6449.96606262 6451.81385645 6456.77780654
 6480.66716009 6495.19444491 6498.98143226 6513.37851751 6524.46848047
 6527.52777026 6534.77937937 6545.372244   6565.48561016 6577.48000343
 6577.95443518 6583.36408378 6585.72934255 6596.34710709 6602.23268744
 6606.5360064  6609.67386258 6612.76125227 6634.3520135  6637.01513794
 6640.07262773 6641.10595761 6643.33285018 6645.89504162 6650.24529376
 6657.74053539 6661.44302303 6675.99520776 6679.88072812 6699.57109569
 6708.54799905 6711.98002092 6717.15530364 6722.99771746 6727.12430368
 6739.72902825 6746.6103386  6756.30040624 6788.3719658  6800.51185859
 6826.40517211 6828.44583196 6840.86719048 6843.88998039 6881.20125578
 6885.22564234 6903.62094757 6907.5155679  6907.74766713 6912.07755266
 6916.7888036  6919.65689402 6924.23967871 6926.10833914 6927.02460275
 6929.54709432 6939.06686253 6959.66509374 6977.02303577 6978.88769621
 6983.67801354 6984.89477615 6989.51692738 7021.41295419 7027.09760187
 7029.20869482 7035.32764105 7035.56894025 7037.42826737 7049.31589434
 7052.6806831  7055.44310721 7074.90087556 7075.78223928 7084.03907837
 7084.71900944 7085.64527301 7089.96455859 7090.07605821 7094.74854261
 7098.85022891 7100.13735795 7103.96781182 7110.3715571  7110.69558935
 7114.1455445  7132.19658421 7150.48382314 7152.81648202 7154.74950889
 7156.33190361 7165.31634027 7168.49232966 7192.66014895 7205.67860548
 7207.58476578 7216.54896917 7217.78699837 7238.50089586 7245.70143848
 7258.93462762 7261.44088592 7268.57066211 7274.76324142 7275.84553781
 7277.14220015 7279.25739308 7289.52672545 7291.70921816 7301.18438652
 7308.1166967  7316.8197343  7318.207763   7319.11885996 7343.81474415
 7348.87902724 7351.93681703 7384.44237514 7385.30027227 7385.32443886
 7386.7497341  7393.76367734 7397.78433058 7406.17770255 7412.7499806
 7415.22243901 7433.52884454 7441.78468363 7506.07983558 7527.26099817
 7528.03796224 7538.03249553 7539.15495845 7555.56783697 7562.14241501
 7576.14296826 7585.00423866 7590.22855455 7602.16971467 7607.16543132]"
170,715710_2024-07-16_B-549,SSp,True,"[  20.31503536   20.36750185   20.44523492 ... 7612.10874814 7612.32348076
 7612.46714695]"
171,715710_2024-07-16_B-550,SSp,True,"[  24.09675606   27.18031243   28.24974219 ... 7609.757556   7612.14238137
 7612.48818021]"
172,715710_2024-07-16_B-559,SSp,True,"[  28.11127599  281.06333122  281.66942919  286.69677907  446.6835781
 1096.34087515 1163.68318358 1178.02510235 1202.84871945 1216.67370661
 1251.88772234 1399.63026227 1408.41733292 1506.43420558 1618.17486574
 1668.58983071 1672.2054853  1689.84959304 1692.13311875 1702.50395078
 1739.76979299 1742.31941781 1749.12939507 1786.42713717 1813.11994803
 1845.36434034 1856.05880463 1925.86380484 1930.99705436 1963.50724579
 1965.97340422 1986.84520118 2011.69055154 2014.91007412 2038.01329696
 2077.61086472 2161.11318585 2240.53825394 2240.84358625 2247.53253058
 2262.91937919 2275.39157087 2309.06219176 2322.16201468 2336.08696817
 2358.32432724 2366.44240013 2395.63226931 2401.06918449 2401.22165064
 2404.6176393  2424.41200653 2440.16158727 2452.88604477 2455.47673612
 2477.92516115 2487.40156283 2489.52952239 2501.65544856 2525.74980143
 2533.25084305 2564.13230658 2578.58232499 2644.09497287 2702.94637633
 2749.91558613 2774.34873787 2795.45106739 2841.58627998 2866.8044291
 2910.26448396 2933.42930659 2944.9152349  2970.88754816 2985.7394319
 2994.76636842 3027.32149303 3034.9545342  3049.71908489 3061.36031268
 3065.98473057 3077.67492487 3081.26184622 3088.7422879  3090.77581445
 3118.61732147 3128.2093561  3138.07795647 3157.83732382 3159.55778474
 3162.82517383 3175.2790989  3191.52471131 3204.15046915 3239.07978583
 3245.9749628  3253.03783922 3255.63726387 3264.23740181 3265.52049753
 3269.97168266 3288.18998849 3301.93437592 3307.42845757 3322.73257313
 3327.82908944 3334.01606878 3344.58713347 3387.70705614 3387.80275582
 3408.23235426 3429.23551745 3445.51179642 3465.68656238 3476.04786111
 3479.18308397 3484.5946659  3523.85130146 3556.67229185 3568.45991915
 3570.82494459 3571.55477548 3574.89706432 3577.80975459 3577.99185399
 3578.77001805 3586.10729355 3587.9892206  3597.31872277 3602.00717378
 3612.93740395 3620.82814426 3634.34633245 3636.99022362 3656.01562675
 3693.39513525 3705.0973295  3708.8789502  3724.92486328 3748.31091851
 3748.77775029 3760.30994511 3779.4448812  3786.50855761 3795.77219334
 3798.84231642 3799.45978103 3802.12437213 3806.63179041 3828.78514976
 3848.39168428 3850.1819783  3850.5113772  3860.55634365 3862.03653871
 3873.7077664  3874.19099812 3875.02309534 3886.63888988 3904.11796484
 3925.39216046 3928.40381707 3933.7055327  3946.0798247  3970.4760099
 3977.07495452 3983.86183186 3987.21965398 3995.43079322 4003.45709975
 4032.68283548 4033.34243328 4035.37042651 4040.81470832 4048.77708173
 4058.78338165 4065.32072648 4065.42402614 4065.50139255 4076.644122
 4078.04745065 4084.19819677 4089.39211276 4102.2262699  4104.18629668
 4113.44863242 4126.49222219 4130.93027404 4130.96664058 4131.20247313
 4139.94794392 4140.52124201 4147.17728644 4150.06601013 4155.06092678
 4166.45115541 4185.16202625 4190.7881408  4198.8432139  4228.77004729
 4233.18143255 4246.31255537 4279.24667871 4296.88158648 4334.9843259
 4336.45515432 4344.637427   4361.85510283 4390.22190809 4398.74797962
 4419.50711029 4420.02677522 4424.76612606 4426.81875254 4426.89435229
 4427.6200832  4430.26020771 4434.05442838 4444.00739514 4445.52285674
 4453.8991621  4463.65839618 4472.51296661 4487.04678473 4518.16118082
 4529.49330964 4530.10880759 4532.98569798 4532.99629795 4534.94689143
 4535.13495747 4535.54968942 4535.94832142 4536.19795392 4536.29818692
 4541.9739013  4542.54356606 4549.47250959 4565.29562341 4599.06781062
 4604.14789366 4609.97767419 4618.40824603 4640.97090402 4651.67416827
 4659.13054337 4668.05731356 4668.06101354 4673.17719646 4685.22305623
 4686.83591751 4700.53703842 4716.45088527 4719.95337358 4721.74000094
 4725.24802256 4731.08996972 4745.46295505 4745.85148709 4753.2540957
 4753.47219497 4765.3717219  4777.73821393 4778.15427921 4779.19857572
 4798.29661194 4801.0128362  4819.56574091 4836.17188545 4843.24482849
 4844.62295722 4845.11572225 4859.25617502 4859.63234043 4860.30637151
 4860.40660451 4873.61129375 4874.16355857 4886.33885124 4888.69397671
 4893.38816103 4902.54303046 4914.97522227 4922.49899715 4923.48439386
 4923.76832624 4927.90921241 4940.46353715 4944.82465592 4946.86864909
 4950.2193379  4950.33323752 4963.80249254 4972.16059796 4973.09189485
 4977.44531364 4981.18290116 4982.33413065 4982.97346185 5005.33932049
 5025.00062149 5056.87498171 5065.65058574 5065.85801838 5070.37746995
 5072.38649658 5077.08788087 5080.49823615 5080.9130681  5084.68058885
 5085.32485337 5087.94114463 5093.45959287 5094.48575611 5096.51921598
 5100.18327041 5113.41615955 5119.05447405 5119.59797224 5123.09206057
 5123.27372663 5125.04728737 5125.12638711 5128.98990754 5137.96954422
 5141.58429881 5142.68922846 5149.33940625 5152.92696093 5154.32998958
 5161.50306562 5169.34217278 5189.90663743 5196.44828225 5204.54745521
 5209.46167213 5221.79426427 5243.45992525 5244.14498963 5247.30654574
 5250.71943434 5303.76049054 5308.56540782 5316.32098192 5318.33524186
 5318.49427466 5325.42605151 5339.21147214 5343.76655693 5350.62866735
 5364.67112045 5368.14570885 5376.80514659 5377.88414299 5391.5364974
 5392.88435956 5404.22218836 5404.38378782 5428.64414014 5430.00426893
 5430.63873347 5440.44050074 5458.01314205 5462.39182743 5465.01221868
 5468.13477492 5470.70803299 5471.20153134 5472.33699422 5491.1770313
 5499.30887081 5505.13465135 5506.51974673 5513.55195657 5523.02195828
 5523.20315768 5547.03387809 5563.18579081 5578.13477422 5602.4857929
 5606.45701297 5608.83480503 5609.98363453 5610.73633201 5619.86040154
 5630.38499973 5637.06271076 5649.34630307 5666.10818042 5670.07613384
 5670.72116502 5691.42046256 5697.50374224 5699.59950191 5706.83811107
 5711.95806063 5714.2550863  5762.57062494 5780.50606504 5794.47428506
 5798.54477147 5811.72262746 5817.02224309 5823.42538837 5828.61433771
 5829.67856749 5831.18472913 5842.57892441 5842.68685738 5858.37627165
 5871.3954615  5874.28101853 5875.85314662 5875.96954623 5902.25389178
 5925.04064902 5950.45376414 5957.05844209 5980.24859797 5987.01537538
 6001.92109226 6002.86975576 6028.4088038  6034.27225089 6042.40532373
 6043.9302853  6048.8519022  6065.24738077 6065.6400128  6065.67444602
 6069.01756818 6071.33496044 6087.96953822 6107.42977323 6111.28592702
 6114.3174169  6124.59658257 6132.42105644 6183.80578483 6198.7384683
 6223.26485305 6227.52193884 6228.77456799 6236.98807389 6240.93952736
 6241.14279335 6241.59895849 6276.66127473 6279.91799719 6281.22835948
 6292.76772094 6302.85765391 6305.88234381 6325.57877803 6344.12381609
 6365.13024594 6366.55157453 6366.55727451 6367.68383741 6378.39200165
 6379.9640964  6392.28812191 6399.07176592 6400.35429497 6403.27381855
 6404.75098029 6414.36981483 6417.09940571 6418.17633545 6426.34490817
 6441.00089256 6449.20833182 6451.10282549 6452.645287   6452.76301994
 6453.16731859 6453.444151   6464.73004665 6470.64099357 6476.6205736
 6520.90955903 6524.39264739 6526.58984006 6543.27245101 6551.77402262
 6575.89950871 6576.7617725  6616.20634077 6632.21265398 6641.53498951
 6643.17948402 6652.52645281 6657.43890307 6666.56367259 6677.39680308
 6678.62726564 6682.01868765 6688.98463105 6690.48249271 6698.63499882
 6699.05003077 6699.95076109 6704.13281379 6720.84089133 6722.75975159
 6748.58809866 6765.7943412  6807.05867006 6808.01683352 6823.67751456
 6829.37689552 6833.47864849 6839.74532756 6845.26224247 6845.95984014
 6848.16439945 6859.38202865 6872.65418432 6880.48512484 6911.23168882
 6920.52382446 6935.52020771 6942.77945013 6947.94663287 6947.95729951
 6954.77317674 6961.61372056 6985.9682059  6987.45800092 6987.63836699
 6991.09278878 6991.20525507 6993.10568206 6993.63714695 7002.99318237
 7011.36715441 7013.99854562 7023.52928046 7025.84663938 7029.04346204
 7041.44482062 7044.23911129 7048.28989776 7056.05420517 7060.91112228
 7061.57965338 7065.96017209 7068.26669772 7068.77619601 7083.85377899
 7086.62836973 7088.5042968  7089.11556142 7091.06505491 7091.46495357
 7098.28186414 7100.94455525 7105.09477472 7106.17273779 7106.24227089
 7106.85656884 7118.76326241 7119.46112674 7119.5537931  7120.49395663
 7121.09522129 7122.60961623 7123.63434614 7125.45837338 7130.52778979
 7134.48637657 7135.69700586 7135.89213854 7138.48196322 7143.50977976
 7150.72322234 7151.16942085 7155.22057399 7155.9757048  7159.26512715
 7162.52484959 7164.04721118 7168.34966347 7170.8962883  7176.69706893
 7177.50119958 7178.58566262 7181.70925219 7182.4737163  7182.74084875
 7184.3930099  7184.72697545 7186.85360168 7187.74179871 7188.59042921
 7193.17994722 7193.85051164 7196.10883744 7196.52336938 7197.42806636
 7198.35119661 7198.43659633 7201.36361989 7202.29035012 7204.33910995
 7207.13736727 7207.63996559 7208.41752966 7209.36775982 7213.16254715
 7213.85931149 7214.96234114 7215.85160483 7215.92023794 7217.36389978
 7217.65309882 7218.56669577 7221.2227869  7221.46981941 7222.84144816
 7225.08570733 7230.14015712 7230.44212277 7231.58738562 7234.51640917
 7235.27867329 7235.73213844 7240.63438874 7241.51695245 7250.36868956
 7252.55698225 7252.56738222 7253.03591399 7255.0592739  7255.63130532
 7259.46352585 7259.80309139 7260.21052336 7260.67295515 7262.94868088
 7264.55657551 7265.27597311 7265.70930499 7266.85530117 7266.93726756
 7267.97093077 7268.01213064 7268.55396216 7269.18636005 7269.25385982
 7269.71225829 7270.72352158 7271.33918619 7271.48381904 7272.43551586
 7273.52491223 7280.89428762 7283.82221117 7284.03291047 7284.4126092
 7288.43399577 7293.86254431 7297.84946432 7298.88249421 7299.69992481
 7299.86565759 7300.85355429 7303.29504614 7303.98901049 7306.5699352
 7306.91503405 7307.30183276 7309.80085774 7310.57935514 7313.4858121
 7313.55327855 7313.71294468 7313.9872771  7315.0551402  7315.51113867
 7316.37636912 7317.03140026 7317.15099986 7318.46716214 7318.49956203
 7321.86051747 7322.49041537 7323.81031096 7324.17210975 7329.94399047
 7333.96451038 7334.7171412  7335.1067399  7341.06668666 7343.55214503
 7343.97604361 7344.0399434  7346.28396924 7348.22356276 7351.24405267
 7351.9345837  7353.99167683 7354.06290992 7355.19277282 7356.735801
 7358.64436129 7363.6723445  7372.51048165 7373.46257847 7375.7578708
 7377.45876512 7377.6242979  7378.37672873 7378.70856095 7380.7587541
 7381.88491701 7387.08399965 7389.83029047 7396.28953557 7397.83409708
 7399.89519019 7400.13302273 7401.3110188  7406.46490159 7408.65202762
 7410.25622226 7410.32178871 7410.37118854 7410.56012124 7416.32186867
 7417.37976514 7419.35915853 7423.94377655 7426.78686705 7431.98158304
 7432.48834801 7432.89454666 7434.62987419 7436.03176951 7440.52915449
 7444.35787504 7445.40860486 7446.25913536 7446.28756859 7448.21616215
 7448.96499299 7449.24289206 7449.86288999 7452.37061495 7453.84667668
 7454.60367415 7455.10467248 7456.97853289 7458.42976138 7458.73996034
 7461.6564506  7463.60187744 7466.55133425 7467.67559717 7467.77923015
 7469.26952518 7469.48719112 7471.67425048 7471.72358365 7473.5643775
 7474.81487332 7474.87960644 7476.22256862 7476.99443271 7481.58328405
 7484.88637302 7487.61333058 7489.03819249 7489.14019215 7491.69495028
 7492.25681507 7495.4128712  7496.08293563 7497.01133253 7497.44533108
 7498.02832913 7500.00688919 7500.01855582 7502.859213   7504.16084198
 7511.45985094 7513.40141112 7519.49189078 7522.22891498 7527.74659655
 7529.05209219 7529.63249025 7530.88815273 7531.76824979 7532.03411556
 7532.33418123 7532.64734685 7534.14914183 7534.28150806 7534.92577257
 7535.3759044  7535.91533594 7536.42340091 7537.87386273 7539.19715831
 7540.80388628 7542.37968101 7544.33377449 7545.33600447 7546.70853322
 7547.96849568 7548.6634267  7549.99812224 7551.41071752 7552.2844146
 7556.51306715 7556.84726603 7557.45369734 7559.49435719 7561.67104992
 7562.2675146  7564.59854014 7566.10720177 7567.61729673 7570.20625475
 7570.5411203  7570.89758577 7571.82648267 7574.01650869 7574.71387303
 7578.28002779 7578.58192678 7579.40132404 7579.45952385 7581.44251722
 7583.15947816 7584.76603946 7585.70690298 7587.15263149 7588.3683941
 7588.5368602  7588.98839202 7591.54465015 7592.54424682 7592.57034673
 7592.65221312 7593.85927576 7594.1565081  7594.29954095 7597.37436402
 7597.57499668 7597.62932983 7597.72886283 7597.88452898 7598.65132642
 7598.85505907 7600.17808799 7602.26324769 7605.6239698  7608.32536078
 7608.42442712 7609.18372458 7609.58532324 7610.15855466 7610.48532023
 7610.6442197  7611.46515029 7611.65751632]"
173,715710_2024-07-16_B-564,SSp,True,"[  47.51094453   48.07817597   54.81565347 ... 7608.55269335 7609.14645804
 7609.30895749]"
174,715710_2024-07-16_B-565,SSp,True,"[  21.41666501   21.53769794   21.70359738 ... 7589.48269037 7601.17535132
 7606.61016651]"
175,715710_2024-07-16_B-568,SSp,True,"[  20.221969     20.28606879   20.3724685  ... 7500.05165571 7587.03909853
 7608.87629227]"
176,715710_2024-07-16_B-570,SSp,True,"[  20.45593488   21.01999967   21.11453269 ... 7612.05408166 7612.1722146
 7612.35801398]"
177,715710_2024-07-16_B-573,SSp,True,"[  21.36326519   21.72669731   23.04332624 ... 7609.99158855 7610.10295484
 7611.94064871]"
178,715710_2024-07-16_B-574,SSp,True,"[  20.81760034   20.99156643   21.35469855 ... 7427.53136457 7516.33250134
 7559.77315626]"
179,715710_2024-07-16_B-575,SSp,True,"[ 143.33995783  191.44266385  913.26875321 ... 7610.47462027 7610.63285307
 7611.51055014]"
180,715710_2024-07-16_B-576,SSp,True,"[  23.50972469   23.52565797   29.93516989 ... 7606.96439866 7607.39763054
 7609.93038875]"
181,715710_2024-07-16_B-581,SSp,True,"[  20.5324013    20.53910127   20.57040117 ... 7609.33199075 7609.83308908
 7611.32028411]"
182,715710_2024-07-16_B-582,SSp,True,"[  20.53410129   20.56883451   21.72499731 ... 7607.86476232 7609.32349078
 7609.82405577]"
183,715710_2024-07-16_B-584,SSp,True,"[  20.46033487   21.59873107   22.09029609 ... 7612.57714658 7612.62411309
 7612.65291299]"
184,715710_2024-07-16_B-585,SSp,True,"[  37.83344352   40.69766728   43.81502354 ... 7612.28598089 7612.37871391
 7612.61287979]"
185,715710_2024-07-16_B-586,SSp,True,"[  58.59607418   60.95313297   69.16790554  109.02970575  135.80451633
  154.47388731  161.86002931  188.92943891  227.25317759  334.50975272
  449.56763514  643.97611922  693.24862133  742.60138984  788.51253652
  827.58393937  832.82032188  899.37106629  916.42240934  929.57646541
  957.72983806  973.41571901 1011.82695739 1024.90704704 1036.87517374
 1113.3838849  1128.69806709 1252.19718798 1310.93639181 1391.97538783
 1470.32649284 1510.41959227 1553.47268182 1591.03522304 1678.23493183
 1764.08341179 1802.71101612 1811.71751938 1841.70771922 1845.1168745
 1981.55178553 2027.23689962 2033.79301106 2208.17016203 2209.95025609
 2240.64365358 2246.6577335  2293.50381038 2328.18406123 2351.48575008
 2373.3080772  2393.83097533 2401.09041775 2412.41661326 2424.02320783
 2424.17784065 2498.2426933  2539.26985628 2556.222633   2586.61829815
 2608.5125917  2719.36195484 2719.76448683 2721.87294645 2736.49443095
 2765.57836716 2781.06381544 2785.07356872 2788.26282473 2799.55405369
 2847.01939517 2869.38365382 2873.7515059  2880.60421634 2900.68641594
 2909.03902138 2919.93391833 2949.66368571 2972.00404444 2997.79142498
 3048.74562148 3055.80859789 3058.03422379 3126.03576336 3142.97017347
 3160.16481605 3173.45453833 3174.77470059 3223.96120299 3227.94825634
 3254.54570085 3261.66041042 3309.76054978 3312.76597308 3323.35917103
 3340.68097985 3352.5030737  3361.88500904 3369.57725002 3378.58708659
 3409.11085132 3427.65472273 3428.15488772 3433.36677032 3435.41246348
 3442.85620529 3456.11539434 3485.59869588 3490.5446127  3492.25800697
 3493.09247085 3508.74651857 3528.76355172 3531.2066769  3531.52240918
 3539.87801461 3554.91273106 3558.78435147 3573.57716873 3578.07222038
 3578.54141882 3579.26184974 3585.4649957  3588.34055276 3589.51771549
 3590.49954555 3598.48561888 3599.69841483 3611.32454267 3612.75440456
 3649.56478162 3650.16221296 3656.41722541 3661.10560975 3666.67665781
 3671.57244146 3671.61530798 3674.41806529 3681.89394032 3694.37163199
 3750.86164333 3751.4299081  3758.13035239 3767.72178702 3773.54150092
 3781.85457316 3785.88575969 3789.18468201 3793.47973433 3795.8442931
 3811.71180678 3812.64317033 3815.38399451 3820.12034536 3823.31610136
 3835.98779237 3840.32254456 3843.57863369 3845.29766128 3854.43389744
 3874.39046412 3889.08431505 3923.50786675 3934.41223034 3937.05248819
 3947.36665374 3950.38581032 3960.55540969 3961.01147484 3961.23674075
 3967.70431915 3980.41494337 3981.9927381  3984.80202872 3996.66052245
 4001.487573   4008.8532484  4016.87998826 4020.73540871 4040.80160837
 4043.88046475 4045.8513915  4049.26611343 4050.70354196 4055.26236007
 4060.09311061 4079.96217758 4102.17210341 4104.16926341 4121.49850553
 4129.79531116 4148.25211619 4156.31695592 4156.64075484 4170.44117542
 4173.06809998 4181.99853682 4202.13353624 4232.88243355 4237.88271685
 4256.4250216  4256.60935431 4262.60946761 4266.68328734 4269.04231279
 4273.88776328 4275.61329085 4276.71055385 4282.71186714 4302.40590137
 4314.87265973 4338.32684807 4342.40030114 4351.0948721  4363.00419899
 4373.63606349 4374.31119456 4381.20100489 4383.81366283 4394.29589449
 4402.86349921 4411.20850467 4417.77388275 4424.41056058 4424.57019338
 4429.78097598 4438.12251479 4472.8253989  4498.63567936 4514.51979298
 4526.00732129 4534.50069292 4546.45721966 4547.6233491  4591.59300225
 4597.05125069 4611.43516932 4619.76757483 4635.91605423 4640.20057326
 4658.60927844 4660.20630644 4660.45217229 4665.95538724 4703.65609467
 4708.9083438  4711.25416929 4733.35822881 4740.02257322 4741.04040315
 4743.85899374 4747.99501326 4753.67879428 4763.95955994 4765.93852
 4768.42384504 4788.03951286 4799.3255085  4804.05209272 4810.34663836
 4811.6938672  4824.36302489 4834.91568964 4847.36571473 4850.69883693
 4876.80271642 4885.50155404 4896.23675152 4901.19093497 4905.88548596
 4935.74528624 4957.10738157 4962.23483111 4975.10602146 4975.26415426
 4980.05010495 4984.35365724 4984.56565653 4992.36856381 5005.9438518
 5023.30232717 5026.96058162 5028.63117604 5030.97900153 5035.96605154
 5036.78778213 5045.36792014 5046.52938293 5055.81748524 5064.14172411
 5066.21108387 5098.24341022 5113.15386043 5123.69532522 5147.18601344
 5154.29372303 5162.18483001 5171.67083167 5176.39984921 5179.49780553
 5179.50983882 5198.52197533 5225.96978366 5227.86124401 5228.39944221
 5253.47675847 5256.53754824 5258.85164052 5264.7757874  5268.33764217
 5285.00908649 5298.16044257 5312.84762685 5325.20328559 5329.68060397
 5334.64732072 5341.68713054 5345.49591782 5345.98684951 5347.42237805
 5354.16088888 5357.56794417 5360.00173604 5370.23263521 5378.58394065
 5391.71193014 5405.72771667 5412.31952799 5425.44605082 5443.34115772
 5444.93728572 5452.8579926  5467.97524212 5469.51110365 5470.08893506
 5473.88428905 5490.98773193 5495.0701183  5495.39235055 5501.89106218
 5515.57558315 5529.08100471 5545.40668352 5569.87100182 5574.02432128
 5583.2732904  5583.41742325 5596.14218075 5598.57743929 5602.18762723
 5609.54733598 5612.35599327 5618.0553409  5620.08396746 5638.1977403
 5642.73175849 5652.17522695 5652.84245806 5666.88174451 5669.20683674
 5669.30840307 5675.69044842 5679.90010103 5682.95795748 5699.08047031
 5703.56232201 5708.44853902 5710.43883238 5711.13819671 5715.81768108
 5730.30003271 5732.41535898 5732.73435792 5733.33958923 5762.75215767
 5774.21668605 5782.62582463 5785.18758274 5791.97529341 5792.97102341
 5793.0236899  5800.67453102 5803.83852045 5811.14006274 5819.70113414
 5826.00897975 5834.04555291 5836.38994508 5837.61517432 5837.99367305
 5839.95213318 5844.52321791 5849.89639997 5853.65238743 5857.4932746
 5859.69480058 5869.89293319 5873.59285417 5877.18827549 5879.92123303
 5884.36125154 5888.90700302 5906.79807661 5912.02685914 5913.37252132
 5932.23569165 5939.10870203 5942.52612395 5945.21868163 5950.76169645
 5951.85465947 5959.82719951 5971.89189255 5975.45298066 5977.31244111
 5977.37667423 5982.08759183 5983.10382177 5984.15151827 5993.11488834
 5993.39945405 6021.77149264 6021.9206588  6024.58228325 6026.66097631
 6028.45753697 6031.83345903 6038.22280436 6042.06765819 6049.110368
 6056.47747673 6060.3790637  6062.13425784 6065.06528138 6068.43117014
 6068.45563673 6069.8305988  6074.7809156  6078.47153661 6084.62691605
 6090.14523096 6096.2110107  6096.68954244 6120.54949609 6127.16364066
 6138.9898345  6141.57705919 6148.97913447 6164.8601481  6167.73087185
 6173.58861895 6183.98335091 6184.5227491  6184.75938165 6210.84016121
 6211.96839078 6240.19616318 6249.37723251 6249.54619862 6255.42091233
 6255.42291232 6261.22162629 6263.12185328 6264.71534796 6271.03666018
 6274.91608056 6275.94391046 6277.27050603 6279.87449733 6297.56410492
 6301.17485953 6301.68515782 6301.75199093 6312.51005501 6316.44274187
 6319.17733274 6320.08906303 6320.52282825 6323.94751681 6332.68172097
 6339.35583202 6342.56415464 6347.31903876 6349.4318317  6350.92656004
 6352.21848906 6355.02871301 6355.6795775  6367.36257182 6377.25850544
 6377.99790297 6391.27482529 6393.63575074 6416.59180741 6429.58816401
 6439.09559892 6439.2822983  6445.34401139 6453.67315024 6455.2104451
 6460.28679482 6461.79152313 6463.05715223 6463.90101608 6495.59317691
 6509.17589821 6514.83337932 6515.69947643 6525.48024376 6530.88609237
 6534.33694752 6538.17750136 6541.54815677 6541.60212325 6545.96350869
 6547.84656907 6548.60729986 6550.79045923 6552.63068642 6553.35308401
 6563.73451601 6576.013475   6576.34010724 6595.21531087 6595.38121032
 6598.50679988 6601.02615813 6602.77521896 6605.11674447 6613.13505103
 6615.64280932 6615.73674234 6616.81130542 6618.69019914 6627.72016898
 6630.97772477 6632.03392124 6636.10547431 6641.08082436 6641.33462352
 6647.81436854 6652.78145195 6653.08015096 6654.94494473 6658.73303208
 6658.9062315  6666.12767405 6667.45096963 6682.60305236 6686.75150517
 6689.42476291 6694.33421318 6694.87464471 6695.18731033 6695.3672764
 6698.96613105 6701.63982212 6707.22780346 6708.43289943 6721.34722297
 6728.92849765 6729.20179674 6735.42297596 6736.00337402 6737.20597001
 6745.66174177 6753.74964809 6757.19643658 6761.91012084 6762.29651955
 6763.24571638 6765.03261041 6769.23509637 6775.6141084  6777.21350306
 6778.85073093 6781.06505687 6782.17795315 6787.9214673  6788.55933184
 6801.91152058 6824.84037734 6832.07511984 6832.71465104 6839.09279641
 6843.0288166  6876.01837309 6881.49878812 6885.52757467 6887.7418006
 6888.422765   6888.91173003 6897.88076674 6907.47296804 6907.55840109
 6907.67230071 6909.11506256 6918.16179901 6920.98032293 6926.95766964
 6929.62066074 6930.08472586 6935.18980881 6936.39730478 6938.64899726
 6950.04839252 6956.27143841 6956.36867141 6956.87336973 6957.01743591
 6957.80873327 6963.63888047 6963.95531274 6965.90187291 6966.48590429
 6967.40423456 6974.41614448 6976.43517107 6978.52416409 6982.16305194
 6983.4213144  6984.32137806 6984.88647618 6988.0120324  6988.37769785
 6997.71163334 7004.87720941 7010.70505662 7014.22737819 7015.98610565
 7017.7284665  7026.04347206 7029.056562   7030.57719025 7031.0025555
 7032.24465135 7033.14694834 7035.14210834 7037.08980184 7038.80269611
 7041.81935271 7056.80426933 7074.13931144 7075.0473084  7083.5430467
 7085.61477311 7085.73447271 7090.31889074 7096.18690447 7102.00788503
 7102.23165095 7118.54296314 7119.56749306 7121.27542069 7129.9040252
 7131.29825388 7131.60145287 7133.77387894 7137.7387657  7138.55589631
 7143.92171172 7149.84962526 7151.0731545  7154.71430901 7155.30894036
 7156.03337127 7158.30493035 7159.16516081 7159.56679281 7160.20185735
 7165.73357221 7165.79043869 7165.98860469 7167.60656596 7167.76196544
 7179.29296026 7181.98655127 7182.88971492 7198.83989498 7202.31305005
 7208.20939702 7209.80079171 7213.50457934 7216.12693725 7218.21256362
 7218.48649604 7219.09139401 7221.46275276 7221.81271826 7228.14186379
 7241.43778605 7241.71161847 7243.02691408 7246.8743679  7255.09450711
 7267.88846438 7269.56839211 7270.41055596 7270.91045429 7271.19095335
 7277.56156541 7278.57329537 7279.27685968 7280.09352362 7282.30631623
 7282.59471527 7289.46985898 7293.15917999 7295.00180717 7297.69509817
 7298.18602987 7298.59712849 7298.84092768 7302.70944809 7306.35353592
 7309.39319244 7309.48875879 7314.92007398 7318.55912849 7325.69510466
 7331.54651845 7335.28300598 7343.03341343 7344.46874197 7352.98498019
 7362.19724943 7383.44811179 7384.18490933 7387.376732   7389.60969121
 7393.9040102  7405.84190367 7414.25844223 7421.76481716 7421.99998304
 7422.51878131 7426.08076941 7440.3863883  7445.96016969 7465.31040506
 7473.17244547 7477.41716463 7482.35254815 7482.7070803  7487.60443061
 7499.64975705 7502.26704831 7523.91914267 7531.18761839 7537.65203014
 7538.41076094 7542.49988061 7543.24521146 7543.52974384 7548.2635947
 7553.79470956 7561.44428401 7568.43232734 7572.00764873 7579.93925558
 7581.99464871 7583.29464437 7584.65423983 7589.19209134 7589.47472373
 7590.98658535 7596.382334   7599.02412518 7599.5049569  7607.81922914]"
186,715710_2024-07-16_B-588,SSp,True,"[  20.53390129   20.75776721   20.81096703 ... 7612.13458139 7612.29568085
 7612.48574689]"
187,715710_2024-07-16_B-599,SSp,True,"[  21.09369942   21.22283232   21.68086413 ... 7612.38944721 7612.39388053
 7612.65381299]"
188,715710_2024-07-16_B-600,SSp,True,"[ 860.55282926  909.20776677  936.47377571 1015.48334518 1105.42337815
 1105.43231145 1112.77888692 1117.7954035  1117.80173681 1133.15448554
 1133.1641855  1433.15165032 1440.43809265 1464.54561214 1533.24001606
 1533.96751363 1561.70885432 1568.00699995 1603.15904922 1608.81903032
 1731.79261963 1749.19356152 1753.68741318 1802.91711543 1804.37131058
 1843.23211413 1994.71060825 1997.80309792 2007.14386672 2008.4678623
 2104.82960715 2181.57731751 2244.44360756 2245.80013636 2245.80756967
 2305.2074713  2362.1994143  2377.92202846 2377.9296951  2377.94126173
 2402.34988021 2434.23237373 2441.64008233 2483.73367508 2493.18621018
 2493.61020877 2561.38721575 2627.25492911 2644.555938   2660.29755209
 2702.23361204 2775.62883359 2777.27589476 2845.35250074 2863.47647355
 2863.50404012 2880.4790501  2883.47964008 2893.91957188 2907.89365854
 2969.36248659 2969.37198656 3010.90648118 3019.93415103 3080.16518322
 3117.26205933 3127.36209226 3127.37632555 3131.7411443  3142.78574075
 3199.13271924 3199.21115231 3199.39238504 3199.87508343 3202.88294005
 3208.22522221 3234.51246775 3234.52580104 3244.86453318 3252.80237334
 3303.007539   3336.743093   3387.73275605 3420.09928129 3420.93237851
 3455.4498299  3486.23319376 3488.1971872  3488.2084205  3524.30903327
 3571.34590951 3577.71528824 3578.24221982 3580.33934615 3582.82763784
 3582.91497088 3616.89685739 3618.86371749 3621.34604253 3624.17859974
 3641.13257645 3651.78794087 3665.39396209 3679.5163816  3702.78680388
 3755.90812648 3756.02575942 3780.67311044 3797.33802145 3820.99624244
 3836.66705677 3843.86669939 3857.83238609 3858.07958526 3867.0812552
 3892.88930234 3914.43959704 3924.43003034 3944.30546396 3950.80994224
 3962.74266906 3965.8848919  3982.20160407 3994.60206266 4019.68867888
 4019.69977884 4026.11572408 4056.16855705 4056.17612369 4060.12001052
 4060.16537703 4138.12131669 4142.23783627 4142.24983623 4142.25643621
 4159.90287728 4165.81889085 4221.31277219 4234.29442884 4281.53857106
 4295.61555738 4339.97837589 4423.9666954  4424.8439258  4424.85759242
 4428.80524591 4432.7887326  4434.4274938  4445.95688863 4448.11984807
 4462.78326577 4464.07572812 4480.07947467 4529.40490994 4532.47259969
 4554.35442662 4572.01520097 4572.03120092 4572.39169971 4577.61874892
 4581.58833567 4581.59566897 4583.80072828 4586.7094519  4595.96262099
 4618.85101122 4619.46004252 4620.26557316 4621.91530099 4621.93203427
 4622.27449979 4622.28026644 4638.26574638 4643.91812751 4670.93113729
 4685.01049027 4698.82157748 4708.89657717 4718.31354572 4719.41297538
 4720.94250361 4724.57735813 4727.15008287 4743.20039594 4746.24918576
 4746.25995239 4749.18087597 4750.52673814 4766.09715281 4775.20672238
 4792.44613148 4792.57256439 4802.97962963 4810.01910612 4810.94553636
 4814.72312375 4814.95888962 4817.63264736 4822.01236607 4822.9399963
 4834.14382555 4844.10582562 4847.00354927 4853.71556019 4861.31140149
 4871.11323542 4875.85228626 4875.85848624 4900.88460266 4901.55083377
 4903.10272859 4906.25685139 4934.84425592 4942.33333091 4942.42326394
 4942.42923059 4943.02209527 4943.60402666 4948.62647656 4948.65997644
 4955.67818634 4962.70006289 4962.70586287 4966.30171753 4974.30152414
 4987.39568041 4990.09707139 5007.48078    5040.1715375  5052.36809676
 5052.37549674 5052.39376334 5055.75848544 5056.04975113 5057.44324648
 5062.86386171 5063.07496101 5068.35781003 5068.56934266 5071.43886641
 5071.58616591 5078.88314155 5078.89977482 5086.59398246 5087.0915808
 5087.10564742 5087.96801121 5088.20764374 5090.85860155 5100.69220204
 5101.7630318  5104.78105506 5116.25398341 5122.10039722 5125.058654
 5125.06665398 5127.59877885 5129.07374059 5132.57526223 5138.61484206
 5143.23119331 5153.28162641 5204.26732281 5208.23537622 5236.26468261
 5273.60525791 5282.34482872 5305.90685003 5319.12590589 5319.13583919
 5319.14403916 5327.63227748 5339.85347    5351.1628989  5352.01629605
 5371.53563086 5377.73627682 5387.40177787 5425.28281803 5443.60435684
 5446.59848017 5446.62864674 5454.34072098 5468.44427388 5483.5304235
 5530.37600039 5530.82539889 5573.43835657 5589.90743491 5594.45501972
 5604.75951864 5614.24792029 5621.11559735 5621.18393045 5641.46376273
 5646.94491109 5675.05185056 5675.52174899 5676.5055457  5676.52097898
 5677.88750775 5689.39620265 5706.26067966 5714.00282047 5744.23561951
 5753.93168712 5774.09871977 5774.40615208 5783.71662099 5783.85735385
 5789.15280283 5791.47499508 5803.26418904 5803.5249215  5827.43617498
 5831.1331293  5843.94311985 5843.99065303 5879.6709672  5879.6796005
 5899.89569966 5921.01292913 5924.03131905 5925.60614713 5925.6250804
 5941.33586126 5950.62046359 5958.44363746 5979.5920335  6011.0233952
 6012.17239136 6025.33778073 6027.34687402 6034.78261585 6036.52087671
 6036.84117564 6044.00545172 6046.28207745 6062.01215825 6062.02152488
 6062.04655813 6062.64785612 6064.66488272 6067.91423854 6068.26873735
 6068.27623733 6068.76286903 6068.76793568 6069.25426739 6069.42773348
 6069.47723332 6069.52093317 6069.64889941 6069.69966591 6069.70566589
 6069.76889901 6070.07436465 6072.23309078 6093.45848656 6096.61770934
 6117.03627449 6127.00114121 6127.10640752 6139.77146522 6178.92216781
 6193.28488651 6195.93904431 6200.25256324 6212.61598862 6224.16651671
 6230.13546344 6230.63382844 6235.26251299 6237.84863768 6244.19064983
 6256.91907399 6257.01150702 6257.17130648 6257.17887313 6257.18940642
 6257.27453947 6258.63276827 6269.69593132 6272.26988939 6283.39198558
 6283.40051889 6295.34904565 6295.3555123  6301.07605986 6301.10942641
 6306.0454766  6311.00859335 6336.166776   6338.01420316 6338.48506826
 6340.57629461 6341.86885696 6343.5331514  6352.47805486 6354.33688199
 6355.21751238 6383.9355498  6389.21469884 6397.30643848 6400.87789322
 6401.66029061 6412.58175414 6419.53053093 6419.8782631  6435.76341005
 6436.17827533 6438.06930235 6448.20736849 6452.35318798 6454.58691385
 6454.64671365 6462.81931969 6471.60422369 6477.28263806 6503.65574998
 6509.0106321  6513.26298456 6513.6119834  6513.92484902 6516.01420871
 6518.23650129 6574.2878141  6582.84545218 6582.85445215 6588.48696667
 6595.39821026 6634.58184607 6652.22408715 6658.08373425 6658.73833206
 6658.74956536 6658.92803143 6661.61502245 6723.79124814 6724.5524456
 6730.39115943 6745.8823077  6749.56402874 6766.61673845 6769.80876112
 6782.16688652 6783.56551518 6784.09258009 6815.79820754 6816.459072
 6816.70993783 6823.06251661 6835.20400939 6842.4798851  6858.61206455
 6867.82543378 6869.83409374 6872.88391689 6873.02624975 6873.04888301
 6878.39366516 6879.17396255 6879.20389578 6883.77851384 6892.47245147
 6893.04868288 6893.14851588 6896.1474392  6901.37842173 6918.45886469
 6944.59181075 6944.5959774  6955.04087585 6960.14332548 6970.67602363
 6974.92374278 6983.84594632 6985.86940623 6986.06507224 6986.34833796
 6988.46736422 6998.16119851 7000.65495685 7007.28520137 7009.39909431
 7021.22512148 7021.8283528  7023.61358017 7024.84760939 7028.5072305
 7031.21602145 7032.13318506 7037.23383469 7038.20256479 7038.32376438
 7039.07442854 7043.29304779 7051.05782185 7053.8681458  7062.1437515
 7062.33471753 7062.35828411 7071.16028805 7080.24565771 7088.2745309
 7095.86477221 7101.15602121 7102.53851659 7102.66154952 7110.38505706
 7111.33995387 7114.77950905 7117.58446635 7118.1677644  7121.31732055
 7121.97208503 7150.68048915 7159.57442611 7161.34185354 7165.4166066
 7165.43503987 7165.44300651 7169.50859294 7169.52045956 7170.14525748
 7180.3388901  7182.06661766 7187.78123191 7195.4195064  7205.81270503
 7224.54690913 7224.56087575 7228.0285975  7239.92979109 7242.62741541
 7254.18381015 7260.0591572  7262.60328203 7263.10908034 7269.45352582
 7270.00529065 7276.02603721 7301.42845237 7316.24176957 7316.51453532
 7323.28854603 7334.07367668 7344.05594334 7356.72133438 7359.79895744
 7360.6779545  7361.94885026 7371.75838416 7371.77478411 7371.78358408
 7371.79405071 7371.805884   7371.89935036 7371.97848343 7393.07831296
 7397.0802996  7404.99227317 7418.80942703 7419.89909006 7421.09801938
 7437.9127299  7439.67959066 7446.72520047 7454.43460805 7454.66814061
 7456.81583343 7461.80431677 7461.82498337 7461.8969498  7465.08490582
 7486.10433562 7488.985326   7489.33135818 7490.92818618 7503.54451071
 7503.55534401 7508.55119399 7510.21742176 7510.34572133 7511.81528309
 7513.63317702 7514.75407327 7515.31383807 7520.83931962 7521.80338307
 7525.29260475 7527.39046441 7528.01336233 7528.39602771 7528.42062763
 7529.9171893  7533.78854304 7550.56178702 7552.69744656 7552.91951248
 7555.9281691  7570.32922101 7570.34248763 7570.54508695 7575.29250443
 7575.32603765 7578.34459424 7589.14255818 7589.37609073 7590.24808782
 7602.57461332 7609.32242412 7609.8078225  7611.15651799]"
189,715710_2024-07-16_B-601,SSp,True,"[  20.28113547   20.52063467   21.35439855 ... 7610.28312091 7610.74408603
 7611.13228474]"
190,715710_2024-07-16_B-616,VISC,True,"[  20.719934     29.0646728    31.01889961 ... 7608.20179453 7608.34206072
 7610.1756546 ]"
191,715710_2024-07-16_B-628,VISC,True,"[ 118.67247354  121.63449698  206.94531208 ... 7609.28885756 7609.59118989
 7610.13372141]"
192,715710_2024-07-16_B-635,VISC,True,"[ 663.79895302  862.09885743  877.32690658 ... 7612.06934828 7612.14941467
 7612.24688102]"
193,715710_2024-07-16_B-640,VISC,True,"[  21.81406368   22.84419358   24.31128868 ... 7611.54948335 7612.04334836
 7612.42698041]"
194,715710_2024-07-16_B-642,SSs,True,"[ 736.92070881  773.80768563 1051.96895667 ... 7608.75162602 7609.36612397
 7610.56131998]"
195,715710_2024-07-16_B-648,SSs,True,"[ 573.73055381  586.42521142  617.96837274  724.52125022  733.36225403
  775.60414629  779.35296711  804.45054996  804.75998226  825.75584547
  851.67719224  852.61762243  876.34757651  890.08413064  919.6881651
  959.64079834  976.18457643 1001.40435887 1003.98725024 1044.44028181
 1051.17185933 1128.86416653 1143.52068425 1150.56019407 1216.12654177
 1226.32300772 1244.40884732 1255.20871125 1269.55806333 1272.83871904
 1293.02441829 1311.78052232 1311.9481551  1314.82901214 1317.92286848
 1327.97863489 1369.74596207 1383.2730169  1436.49943914 1460.40002599
 1496.40037242 1527.1103032  1528.9754303  1534.00201351 1559.11596298
 1583.12104947 1607.59043442 1608.20063238 1614.18384574 1622.0393195
 1629.03032949 1639.9648263  1640.16805896 1641.5233211  1641.64985401
 1650.77829019 1684.15967871 1728.00593228 1733.51294722 1792.9765153
 1800.3433907  1822.76331582 1830.58805636 1912.88061486 1917.54506595
 1929.82975826 1953.13831375 1967.736265   1969.53969231 1972.49121578
 2038.68646138 2048.25839608 2059.66659132 2068.40406214 2070.90845377
 2078.68862779 2079.00162674 2082.817514   2083.58827809 2084.24020925
 2097.80163063 2101.00178661 2110.02932312 2117.55999797 2137.01283301
 2145.06160613 2160.23745545 2164.00234287 2171.4002515  2179.03435934
 2181.51498439 2189.53139095 2190.72768695 2204.31267492 2230.73435334
 2252.65751346 2253.73477653 2314.03234183 2314.68077299 2333.42377707
 2358.14852783 2371.27018401 2371.64361609 2385.58283621 2392.55801291
 2394.4481066  2405.70436901 2429.84062173 2440.93298469 2444.74500529
 2448.48162615 2459.97635442 2461.40954964 2461.8399482  2476.73606512
 2486.11570046 2486.63233207 2488.87525791 2504.5108057  2506.3768328
 2527.11966352 2527.18692997 2527.2660297  2527.276163   2527.30256291
 2539.1228901  2539.39615586 2544.38000588 2544.43427237 2549.13955665
 2552.38967913 2553.70270808 2576.21583289 2577.6405948  2579.09512328
 2593.51684178 2595.70176782 2611.99464674 2622.8147106  2657.82939367
 2659.27732216 2671.95541316 2676.12939922 2681.24894879 2700.84458334
 2700.91054979 2705.02826937 2707.10169578 2830.61614995 2862.92194206
 2939.80388531 3002.90364124 3004.94486776 3010.05745068 3021.52367906
 3022.98114086 3039.22605327 3073.55953861 3089.77358446 3091.74264455
 3095.88066407 3103.1355065  3123.39193885 3131.53814498 3138.29325576
 3138.90902037 3142.00557669 3169.88825024 3190.00948304 3204.44423483
 3208.24018882 3238.56325422 3249.52761761 3260.02788254 3264.07926901
 3279.54061737 3307.00159233 3309.49398401 3337.96682225 3344.30103443
 3357.3263576  3363.76853608 3372.96233871 3403.63563627 3429.79354892
 3450.14171429 3453.723369   3456.62739263 3461.06707781 3465.85682848
 3468.12318757 3473.33753683 3511.80647502 3535.55152905 3538.19442023
 3554.90549775 3561.17231016 3563.30273638 3590.31431283 3590.67087831
 3595.9052275  3597.64245503 3614.68636477 3615.64849489 3615.94989389
 3621.92870725 3631.22454287 3633.87820068 3641.04217675 3654.75273097
 3656.37785887 3660.34881228 3682.89653698 3682.99226999 3685.17932935
 3688.35945206 3701.87927358 3709.51911473 3724.7198973  3747.81865349
 3756.8306234  3763.24510197 3777.26318849 3784.71689693 3786.89835631
 3804.28289825 3810.83407638 3810.94287601 3813.70523345 3815.69546014
 3841.30084129 3849.75461306 3851.75713971 3875.61182671 3878.00778537
 3884.08693174 3886.98522206 3897.02522186 3910.54474338 3932.90916869
 3935.73759258 3938.35045052 3943.78989902 3948.76148241 3951.5598064
 3958.71878249 3974.22266405 3986.20635736 3992.85903514 3995.10652764
 4010.10024423 4038.55068255 4055.00946092 4056.84028814 4059.75794506
 4086.24175661 4106.65145512 4157.63415152 4175.85535734 4215.88562365
 4222.85706703 4225.49992487 4261.83500353 4312.53453421 4326.52165416
 4335.42019111 4335.64619036 4373.0527321  4376.3276545  4376.44342078
 4397.70714976 4403.40773073 4407.03021863 4414.02666193 4422.61276659
 4445.47379024 4448.43424702 4450.23364101 4457.25411756 4479.78750898
 4522.60766597 4527.56014943 4539.91597484 4558.49297946 4559.9793745
 4561.09757076 4562.24880025 4573.1733971  4579.61440892 4584.55552576
 4634.96165742 4642.32266617 4693.35232908 4699.75140771 4703.93986039
 4706.50895181 4708.56107829 4716.25648592 4738.89481032 4739.4088086
 4749.09377626 4769.16907588 4772.01999969 4838.2129453  4838.38787805
 4839.07714241 4852.86256304 4861.23243509 4868.11557877 4875.90721941
 4880.8713695  4907.16184837 4908.20731154 4914.33315775 4917.46448063
 4918.99300885 4925.54118699 4925.67871986 4942.97429543 4946.35505081
 4950.16030477 4950.19187133 4956.25811774 4957.97034535 4958.30067758
 4958.63120981 4960.32817081 4964.74522273 4968.754776   4976.91548208
 5010.67906932 5014.96272168 5025.33975369 5046.78558207 5068.62484247
 5094.3774898  5102.71002864 5105.84771816 5128.00627749 5128.98237423
 5133.39972615 5144.8329213  5150.22776995 5162.19402998 5163.82865786
 5164.58642199 5175.96938398 5180.62460177 5202.92056064 5224.36102237
 5225.91748384 5227.04021342 5229.0440734  5231.66446464 5239.21333943
 5239.38593886 5243.46142525 5244.00865675 5245.51431839 5248.6744745
 5253.39082542 5270.63846782 5291.63823102 5302.39182844 5307.66587749
 5313.03372623 5323.80882358 5324.23692215 5332.98839292 5337.52444444
 5343.5561243  5344.12115575 5344.25288864 5347.90587644 5350.48570116
 5356.4416146  5363.99658937 5364.16508881 5387.88544292 5403.75835658
 5415.84744954 5418.23424157 5420.80273299 5422.31412794 5422.8869927
 5439.89276924 5441.88666258 5443.96272231 5461.80392939 5470.07500177
 5471.35356417 5475.62728323 5478.04500849 5486.50221358 5489.60346989
 5502.12132808 5506.18648117 5522.58645974 5528.92910522 5536.84231213
 5536.99697828 5538.84187211 5552.48699321 5553.72332242 5554.89608517
 5561.72689569 5566.21371404 5566.78201214 5570.04976789 5585.61604924
 5594.00275456 5599.19940388 5611.67529554 5612.38155985 5627.17231046
 5629.23500357 5644.65075208 5647.38617628 5660.17223358 5667.56104224
 5672.75115824 5673.61272203 5681.32019629 5683.07792375 5684.2794864
 5711.67336159 5714.2057198  5726.83524428 5728.96327051 5745.82434753
 5746.91644389 5747.0209102  5750.77253101 5768.47537189 5770.04423331
 5771.87782719 5772.6941578  5776.91441037 5777.40974205 5785.89208039
 5791.72862756 5812.50629151 5817.12247609 5825.00728309 5847.10364263
 5862.78095694 5863.0218228  5868.87370326 5895.60634732 5901.65022713
 5914.40075122 5941.94625922 5957.80653959 5967.96943898 5999.4345339
 6005.77871271 6007.0302752  6036.18511117 6049.99453171 6058.78616902
 6073.63071944 6090.67792918 6102.17425745 6107.22790724 6118.7180022
 6119.90286491 6123.78985193 6124.93761476 6128.22997044 6129.66539898
 6135.71977876 6137.12117408 6142.97615452 6144.82191502 6159.02906758
 6161.88699137 6168.584969   6177.18164029 6179.5427324  6195.15064694
 6197.5503056  6211.03666056 6215.47721239 6216.29790965 6220.27209638
 6225.0473471  6226.0459771  6231.48869225 6237.17813992 6243.18788652
 6246.25857626 6260.808461   6270.40479562 6275.382079   6288.48243525
 6291.9212571  6300.82499403 6305.23741263 6347.46083828 6384.7057139
 6386.93533979 6387.97013633 6393.8962832  6405.80941009 6406.61027408
 6410.40836139 6414.46131453 6423.24175187 6424.76371345 6426.50247431
 6434.63294716 6437.29317161 6440.92715947 6441.20709187 6442.55495404
 6452.48748753 6455.95107596 6459.09483213 6474.9837124  6480.32616123
 6484.18981499 6509.41089743 6513.76368289 6514.34784761 6523.84881588
 6529.01579862 6530.5292269  6536.1498748  6551.87848893 6556.86030563
 6571.2820908  6578.17383445 6584.13534787 6599.70382921 6601.11885782
 6608.45363333 6648.07480101 6650.44549309 6651.05879104 6651.42422315
 6657.97120129 6664.95791129 6673.47788284 6677.18607045 6689.48489604
 6690.31709327 6695.52844253 6702.73918511 6707.70260187 6710.88002459
 6716.72043842 6725.93157433 6726.64083862 6729.63039531 6732.60278538
 6737.85243451 6742.02688724 6750.26335973 6760.04909372 6763.55821533
 6763.95088069 6765.93567406 6767.12977007 6768.67599824 6780.2058264
 6782.54815191 6793.86621412 6794.9293439  6803.24581612 6804.70201126
 6805.96904036 6812.58311827 6817.81303414 6819.85282733 6821.67105459
 6823.53748169 6824.28711252 6833.16101622 6836.53323829 6844.9429102
 6846.73570422 6854.28437901 6862.80305056 6863.66674767 6866.8216038
 6876.20543913 6883.10561609 6889.66062753 6892.18668576 6899.78602705
 6929.26156194 6934.7834435  6940.10062574 6945.42077464 6945.52904095
 6957.40756795 6959.6558271  6966.61610386 6975.50270751 6980.06122562
 6981.33202138 6984.2604116  6994.95640921 6997.63990025 7007.50783396
 7010.00625895 7010.35785778 7019.57182701 7023.64318008 7025.94310573
 7034.70974312 7043.27601451 7055.21287464 7057.55756681 7062.22185124
 7062.83638252 7065.60130662 7068.8389958  7077.39000058 7081.07178828
 7083.17794792 7085.92703874 7096.23487098 7110.91548862 7113.97671173
 7115.96277176 7120.10619126 7121.28985397 7123.95691173 7130.29299057
 7132.42278346 7135.3444737  7141.67005257 7142.39381682 7147.83446532
 7154.80857536 7155.66460584 7157.40086671 7162.01155131 7164.63697587
 7166.38110338 7167.95213147 7168.26156377 7168.61879591 7169.58715934
 7170.53555617 7171.9151849  7172.68571566 7177.94699809 7180.53222279
 7181.12552081 7181.466553   7191.80061849 7199.10562743 7202.06111756
 7204.29601009 7205.93340462 7206.48323612 7209.78605842 7210.35042321
 7211.41358632 7213.13654724 7223.72871186 7226.91983454 7229.52139252
 7234.32994312 7234.41417618 7236.90380119 7239.90175785 7250.71405507
 7254.37617618 7261.0069207  7263.54771221 7265.19360672 7269.14572685
 7273.10641362 7278.24996311 7288.74182807 7289.10779352 7295.50157217
 7296.36250262 7300.18498986 7308.97562717 7310.1727565  7314.55120855
 7314.8541742  7316.85396752 7317.50719867 7335.4851053  7337.96369702
 7338.25219606 7338.91549385 7340.67978795 7341.04312007 7342.42684879
 7342.93894708 7343.3991122  7343.70447785 7344.07007663 7353.46011194
 7360.93912029 7364.19410942 7370.17235613 7372.71181431 7377.68999769
 7377.7662641  7386.41180189 7388.81386054 7388.86049371 7389.00002658
 7389.70649089 7393.35884536 7397.76143065 7406.90696678 7416.0419696
 7419.6661575  7422.39498172 7423.59531104 7426.2745021  7427.91242996
 7428.31516195 7429.89852333 7439.79602361 7445.9775363  7446.21796883
 7447.03939942 7452.84674669 7452.87497993 7455.37143826 7456.43610137
 7458.92499306 7465.05640591 7477.08579907 7480.33242156 7485.54380416
 7494.14684209 7494.29737493 7494.86177304 7495.74120344 7496.43376779
 7498.14246208 7500.91501949 7501.90854951 7502.96574598 7505.47933758
 7507.74719667 7516.58896715 7516.97713252 7518.08409549 7518.60842707
 7524.40110772 7528.72332662 7529.24562488 7529.62955693 7531.47708409
 7533.50747731 7538.96589242 7544.09687528 7546.37943432 7549.15792504
 7550.19578824 7550.93321912 7551.74991639 7551.86018269 7554.12097514
 7556.54520037 7570.83448599 7572.30548107 7579.75448953 7580.6406199
 7591.3222509  7599.54592343 7600.76011938]"
196,715710_2024-07-16_B-649,SSs,True,"[  97.28067832  118.77257321  138.6579068  ... 7610.61135314 7610.75581933
 7611.76771595]"
197,715710_2024-07-16_B-653,SSs,True,"[  21.21973233   32.16522911   33.34515851 ... 7608.89629221 7610.91868545
 7611.97988191]"
198,715710_2024-07-16_B-655,SSs,True,"[  28.05437618   29.35240517   36.14451582 ... 7611.0726516  7611.45731699
 7612.36108063]"
199,715710_2024-07-16_B-662,SSs,True,"[  21.78049713   26.38038177   33.90928996 ... 7611.91738212 7612.41351379
 7612.4610803 ]"
200,715710_2024-07-16_B-664,SSs,True,"[ 143.69542331  174.73305299  196.1380815  ... 7605.24393774 7608.14292806
 7612.39231386]"
201,715710_2024-07-16_B-665,SSs,True,"[  22.71336068   28.8144403    37.25327879 ... 7612.32978074 7612.36441396
 7612.57211326]"
202,715710_2024-07-16_B-666,SSs,True,"[  43.39369161   43.39619161   43.48245798 ... 7605.37957062 7608.27986093
 7609.45822366]"
203,715710_2024-07-16_B-668,SSs,True,"[  45.59055094   77.71881031   77.75487686 ... 7594.18757466 7597.49929693
 7605.84783572]"
204,715710_2024-07-16_B-672,SSs,True,"[  20.2021024    20.36200186   20.73760061 ... 7612.12578142 7612.27408093
 7612.54714668]"
205,715710_2024-07-16_B-674,SSs,True,"[  21.29759874   23.56232451   24.99481973 ... 7611.85808231 7612.0009485
 7612.45694698]"
206,715710_2024-07-16_B-679,SSs,True,"[  22.24512891   24.75612052   25.21871898 ... 7611.04008505 7612.30998081
 7612.61774644]"
207,715710_2024-07-16_B-698,VISC,True,"[  20.41226836   20.68156746   20.78940044 ... 7582.57344678 7589.07642506
 7607.60656318]"
208,715710_2024-07-16_B-699,VISC,True,"[ 162.46776062  573.38248831  694.38911752 ... 7607.14356473 7607.22809778
 7607.60632985]"
209,715710_2024-07-16_B-701,VISC,True,"[  66.6641139    88.53750752   93.18702532 ... 7611.20878448 7612.05981497
 7612.5124468 ]"
210,715710_2024-07-16_B-703,VISC,True,"[  69.19273879  318.78903856  396.18614675 ... 7606.91686548 7607.87562895
 7609.30905749]"
211,715710_2024-07-16_B-704,VISC,True,"[ 172.63502666  256.38128031  275.53631634  336.20401373  475.18964957
  520.01343321  579.70800052  646.74177665  726.76314274  729.79749927
  735.11854817  781.70205926  822.31189031  848.07957092  922.53018895
  980.06123015  989.12019989 1000.67112798 1080.1247293  1124.32998167
 1143.21091862 1191.42792426 1207.67656999 1219.33463106 1278.06613492
 1287.98583512 1291.75665586 1296.01864163 1328.00350148 1328.17086758
 1360.79175864 1361.32195687 1381.53445604 1419.21059688 1419.94449443
 1424.15031371 1448.62239865 1478.05660035 1491.40978909 1537.54436835
 1543.71864773 1545.08737649 1558.2321326  1575.92904016 1591.51568811
 1631.50432123 1632.63251746 1638.23989873 1639.04199605 1663.90854634
 1667.32183494 1667.61623396 1675.54147416 1683.46558103 1688.88379627
 1691.46962096 1691.48582091 1695.24344169 1709.50399407 1718.25463151
 1734.53174382 1743.95354569 1757.97316553 1788.74802942 1807.47696687
 1824.5658098  1841.06105471 1853.74514569 1854.97020826 1877.24383388
 1894.71740885 1912.07751754 1926.42310297 1954.16411032 1973.80961138
 1999.96132404 2044.87560738 2051.61091822 2055.88370395 2094.47637506
 2147.28086538 2175.09883915 2189.93098961 2208.94165946 2209.0400258
 2214.29574158 2233.7126434  2234.01484239 2334.90370546 2351.00561835
 2357.65232948 2378.78872556 2381.75168233 2409.35912347 2413.12581089
 2417.02496453 2417.4445298  2425.59323592 2446.13476732 2452.27278015
 2482.09021391 2483.88844123 2533.0554437  2554.824071   2593.13534305
 2594.15320632 2597.5232284  2617.12216295 2622.35961212 2641.19871587
 2686.52673116 2695.17866893 2698.05902598 2732.95704277 2752.46667761
 2766.51003071 2772.91937597 2799.8990192  2822.41131069 2829.85058584
 2841.21311456 2847.23922777 2857.61435979 2867.85682558 2869.66475288
 2871.14934792 2872.08537813 2884.60193633 2897.09239461 2907.91115848
 2909.74921901 2910.752049   2916.61866274 2918.46375657 2922.98487481
 2945.32346687 2978.65018891 2988.0842574  2989.24865351 3001.41097956
 3005.94496442 3033.39427275 3035.91859765 3037.08496042 3043.45683914
 3043.90467098 3108.14448978 3120.60611482 3126.97532689 3129.43985199
 3130.65901458 3166.87409364 3179.84665032 3187.59605777 3213.88543664
 3221.72651045 3230.74324701 3235.37776486 3241.30821172 3243.7914701
 3292.67650684 3295.62776365 3336.87365923 3348.70341973 3355.25696451
 3374.48296697 3379.65074971 3395.21966438 3401.37227717 3402.34500725
 3405.86636216 3432.96587165 3435.06026466 3450.33114699 3451.8561419
 3460.15568085 3463.99746802 3472.18264068 3484.57609929 3491.09391086
 3491.87460825 3494.18996719 3500.86431156 3512.22770695 3512.90437135
 3539.18588358 3546.18182689 3549.74238166 3558.69155178 3559.11031704
 3564.23399993 3565.03649725 3565.51049567 3570.10074701 3574.18206671
 3581.61857521 3584.38006599 3589.30088288 3598.22901973 3607.92815401
 3609.21154972 3616.55685853 3618.80938434 3624.31179929 3633.33660249
 3676.38992537 3682.50617161 3690.13977945 3693.35703537 3697.34842204
 3705.46282828 3708.11775275 3728.62961758 3740.52804451 3794.30556491
 3795.33019482 3797.63445379 3798.61451719 3809.0699156  3814.69936347
 3843.86376607 3853.45346738 3863.72866639 3889.56608011 3893.15116813
 3895.68042635 3925.96785854 3973.37913353 3982.94316826 4003.67989901
 4018.68721555 4020.44724301 4020.7706086  4024.48059621 4028.42698303
 4043.52396594 4052.91880123 4073.22223343 4081.2548066  4084.86299455
 4090.39894273 4093.88679775 4096.48938906 4108.75631476 4118.53954875
 4119.0323471  4121.93950406 4124.42029578 4135.5713252  4148.05761684
 4152.70633465 4158.40381562 4161.55850508 4171.39347224 4173.15376636
 4173.98579691 4181.86603726 4187.52585169 4189.58917814 4200.14100956
 4204.00263    4208.65928112 4219.70184424 4224.64829438 4226.37592195
 4231.75687064 4237.68735084 4261.69110401 4262.04836948 4263.50089796
 4279.5902109  4280.85360668 4283.42769808 4285.72735707 4289.87227656
 4296.71682037 4300.88313979 4306.50028769 4322.50913423 4324.26066171
 4327.38278462 4330.51724082 4336.42635442 4347.90781608 4353.54236392
 4355.63425694 4365.44232418 4370.6273402  4373.91182923 4379.37917764
 4391.6679366  4399.91147573 4411.83283592 4429.05914506 4429.14914476
 4433.65139639 4436.15712135 4441.11183814 4465.79892236 4466.8959187
 4468.1931477  4480.74263912 4490.71823914 4490.95157169 4494.94405836
 4499.941675   4504.65815925 4513.16479751 4526.55578612 4537.78484862
 4542.85413169 4556.68431884 4571.76483514 4575.94852117 4668.20451307
 4681.16733644 4683.78779436 4707.80404748 4723.01629668 4724.40112539
 4743.32756218 4771.45503491 4812.4722646  4813.99455951 4831.10843569
 4856.07105232 4868.91730942 4872.95386261 4875.99301913 4883.18716177
 4885.83135294 4900.27840469 4904.22449151 4904.48792396 4911.56716699
 4930.80363608 4935.01955533 4951.27556771 4956.27568434 4970.91626878
 4975.99228516 4976.96181526 4982.76022923 4996.21771762 5007.95507842
 5015.23905409 5023.14836101 5027.00634813 5033.38812682 5044.50172303
 5099.68350541 5113.66085873 5119.04877407 5125.19218689 5126.07521727
 5135.52011906 5139.09920711 5141.37323285 5142.76986152 5149.29587306
 5149.49660572 5183.20132649 5199.47463881 5208.12777658 5221.67973132
 5230.57740161 5235.2798859  5246.71821437 5247.727111   5248.85777389
 5253.34649223 5300.47203485 5301.15533257 5302.40052841 5305.70901736
 5310.54593454 5312.5160613  5322.89635996 5446.43028074 5456.71634638
 5468.73933957 5470.55703349 5473.79818934 5498.26244097 5518.0965414
 5520.93306526 5523.22415761 5554.10348781 5568.6003394  5571.78576209
 5579.53156956 5582.35569346 5582.74099217 5631.29439669 5633.46502277
 5639.96590106 5645.24145011 5650.02303414 5659.25493664 5662.58425886
 5673.75965487 5676.8660445  5684.83158456 5685.80461464 5704.28685292
 5705.83364775 5705.9103475  5706.77707794 5717.69507481 5725.26324953
 5732.21842631 5738.24250619 5740.38183238 5748.6197382  5755.26191602
 5759.33013576 5762.77302426 5775.39128212 5784.10431969 5790.06376646
 5791.63372788 5804.37051868 5834.60025105 5841.1325959  5863.16192233
 5867.60030751 5876.67741053 5887.19887539 5911.3898946  5920.52389743
 5935.19374844 5941.88585942 5982.37615754 5989.67866648 6004.07015175
 6014.84348244 6034.22265105 6056.25274415 6059.28556735 6060.70299595
 6065.33138049 6094.70534906 6098.4962364  6106.11731095 6121.27546033
 6135.02144775 6145.38451315 6168.07023738 6168.63650216 6191.39602615
 6192.66695524 6204.83938125 6232.01249051 6250.28196283 6256.54560857
 6276.02657685 6301.55722492 6305.40417874 6306.51357503 6309.19426608
 6333.82951714 6363.14331924 6372.6572208  6375.95554312 6389.25973202
 6401.30495846 6427.99466933 6429.28289836 6430.97485938 6438.27686832
 6446.62470711 6458.74733329 6488.45606741 6517.5827368  6528.21876795
 6528.90603232 6552.5465867  6579.29839736 6587.37517039 6590.04809479
 6591.33725716 6595.30324391 6600.9749583  6645.03081117 6678.5685325
 6682.62655228 6689.54129586 6691.85855478 6709.48149593 6728.78803145
 6732.25601987 6732.36258618 6758.33533278 6762.26258633 6770.09249351
 6798.2727994  6805.12374319 6829.58762815 6858.62833117 6867.15430269
 6874.63061106 6875.31364211 6877.4810682  6884.41161173 6885.99600643
 6894.709844   6915.97270632 6920.79782354 6928.27166525 6930.00519279
 6931.40902144 6933.6663139  6939.55512757 6945.18697542 6957.19413532
 6957.24836848 6964.81707653 6971.88635292 6981.58135388 7003.8818794
 7016.22613818 7028.84252938 7036.78720285 7059.63365988 7064.20357795
 7078.1237648  7080.95425534 7082.50728349 7141.19675416 7148.12163103
 7150.05752456 7161.6845524  7208.216397   7210.59445572 7235.80650486
 7247.43619935 7249.56772557 7251.5551856  7275.55453878 7287.83739776
 7302.30948276 7320.38582239 7321.89208403 7323.95751047 7328.95212712
 7331.61165157 7333.63991146 7333.70237792 7351.58125155 7351.78101755
 7355.57273822 7373.54921151 7374.50460832 7411.59188447 7417.53856461
 7435.59533764 7450.32125512 7458.85479329 7465.1391723  7468.47812782
 7472.36931482 7473.05871252 7486.89433298 7497.87206299 7518.87979283
 7525.40763769 7529.73302325 7531.98828238 7547.58346364 7559.8214561
 7576.60353339 7586.66589978 7590.75411946 7596.65586642 7597.84746244
 7603.35457738]"
212,715710_2024-07-16_B-712,SSs,True,"[  20.20530239   20.43666828   20.54220126 ... 7603.70007623 7606.45920034
 7606.65596635]"
213,715710_2024-07-16_B-716,SSs,True,"[1009.67716457 1120.10209579 1125.27674518 1133.6854171  1133.87568313
 1147.36583807 1152.20518858 1157.89076959 1204.57008037 1222.23062139
 1232.29158779 1235.83724261 1301.49559    1309.05306476 1356.60483929
 1389.48332949 1405.10181066 1412.23938683 1417.98280098 1500.92752397
 1542.77101756 1559.38842873 1582.89831689 1603.16518253 1659.95949286
 1712.26245152 1740.73218978 1741.06852199 1744.62697677 1753.87007923
 1759.93815897 1787.05006842 1799.1748946  1927.46856614 1928.25379685
 1966.36263625 1977.62723197 1980.28885641 1999.46725903 2001.31495286
 2017.92533072 2025.13553997 2053.25454606 2096.84433382 2097.87313039
 2098.71952756 2101.48988497 2108.17486265 2109.80385721 2143.70684399
 2144.96430645 2146.9065333  2158.15126241 2178.42876136 2185.80337006
 2190.80595336 2191.23208527 2195.38947138 2203.52091089 2212.96884601
 2214.32034149 2233.20107844 2237.23999828 2251.42831757 2268.04296208
 2281.5925835  2326.16386798 2338.85975891 2388.00166146 2420.63161916
 2420.86848503 2451.82451498 2453.5866091  2462.83481155 2500.76011822
 2505.81363468 2526.9078309  2550.95495059 2565.40330234 2575.96966705
 2593.30510915 2599.67948787 2600.60265145 2601.15078295 2604.42660535
 2618.07879309 2619.95955347 2632.86234371 2638.88405694 2685.56400104
 2693.01597616 2700.70585047 2711.87867983 2728.30042499 2733.27640837
 2734.25837175 2741.23094847 2760.03695233 2787.00649559 2789.28062133
 2828.34315754 2840.15631809 2874.34283726 2884.25323749 2886.94656183
 2892.49214331 2914.66850258 2921.73014567 2930.36191684 2935.5522995
 2936.99279469 3006.94792774 3012.18131026 3040.84664786 3043.76200479
 3052.88437432 3057.92535749 3062.31924281 3068.1429567  3073.21793975
 3102.91444057 3107.61572487 3151.51684493 3165.12776614 3186.62329435
 3192.16520918 3213.6676707  3227.22252543 3230.77558023 3239.71721704
 3247.01875932 3257.57025741 3270.06821567 3283.93923602 3328.93725241
 3347.522657   3350.69291308 3356.02899526 3365.11829824 3379.4222838
 3412.62760624 3416.99439166 3419.35575044 3474.09593429 3484.43096645
 3499.21045042 3525.91942789 3533.74743508 3558.87515116 3591.50360886
 3595.89582753 3622.65393816 3630.66257808 3650.18361289 3671.42154196
 3674.88326374 3685.91329357 3714.22739901 3726.23782556 3737.66122075
 3750.49454456 3754.38026491 3765.19769545 3766.12109237 3766.91548972
 3782.700337   3811.22180841 3845.91665921 3854.20336487 3896.34175748
 3903.74773274 3919.49654682 3924.92439536 3933.47196681 3978.529883
 3996.496423   3998.58771601 4005.39582661 4034.68789545 4036.12629065
 4039.35517986 4054.20273028 4062.10677055 4070.29404321 4070.79814152
 4101.47740573 4117.71948482 4120.97350729 4140.17080984 4149.44624553
 4158.08955    4158.27364939 4174.90919383 4175.49239188 4190.57540818
 4194.4510619  4201.06320648 4215.34209213 4215.46639172 4222.0494364
 4248.52551464 4254.2790621  4255.97685643 4265.76835706 4279.40187819
 4297.26555187 4312.51316761 4334.15466201 4336.90811948 4370.77203972
 4374.1415618  4378.53664712 4396.76011959 4412.16880147 4421.96343542
 4450.12537471 4483.54912975 4489.43511009 4504.57895952 4530.29814029
 4547.22808375 4561.74966859 4581.19773697 4608.14304698 4640.86030439
 4655.77118792 4673.42589563 4681.70426798 4699.77870762 4724.45445854
 4725.01795666 4747.17124934 4751.02650314 4758.35557866 4770.01143973
 4788.82887689 4792.47686471 4798.26724537 4815.02115608 4816.42921805
 4817.939313   4824.66802387 4828.80051007 4833.70886034 4852.35699806
 4857.58984725 4865.66065363 4870.25763828 4874.46765755 4892.66456345
 4899.12414188 4900.0165389  4904.4678907  4926.39938412 4932.46326387
 4945.66018646 4947.24298118 4952.80226261 4960.80346922 4965.72381946
 4977.87347888 4981.4411003  4986.30035074 4997.75544582 5018.53220976
 5020.60683617 5039.78267213 5048.32281027 5054.55102281 5070.17620396
 5071.79089856 5105.32588657 5116.44164945 5152.42379595 5154.44068921
 5168.90914089 5182.94549401 5191.06723356 5210.64073486 5236.3377157
 5243.23309268 5250.47320183 5256.64361456 5257.96754347 5272.63822781
 5276.62164784 5287.53914471 5289.36547194 5302.6028944  5320.19460232
 5328.08837596 5336.4905479  5339.58973755 5348.76290691 5351.44276463
 5365.88658306 5373.47462438 5391.4444977  5394.15285532 5405.72171669
 5424.22545489 5428.88557266 5449.52007042 5475.00968529 5497.73407607
 5509.16983788 5510.11223473 5530.76749908 5546.81454549 5552.56149296
 5553.37195692 5566.04578126 5577.52460959 5582.49122634 5593.53962278
 5610.69576548 5636.67041207 5639.64283548 5664.67911853 5675.55884886
 5677.40050938 5689.15200347 5697.89794092 5701.31116286 5740.48646536
 5756.17957962 5765.75468097 5773.29502246 5776.38061215 5791.9279269
 5804.54465143 5809.54976805 5819.15806929 5841.82236027 5842.29909201
 5844.0670861  5867.96277297 5888.85066988 5901.95489278 5915.0229158
 5918.28510491 5921.74742668 5924.93414937 5937.74943991 5938.44930424
 5939.5373006  5962.14609176 5971.72342644 6028.8993355  6037.32754068
 6043.10008807 6097.73533894 6101.40622668 6109.23700053 6110.79332867
 6122.27682365 6125.71744549 6129.18226726 6133.38591988 6141.61725906
 6148.90346806 6149.01976767 6176.99740757 6184.48328257 6194.27048322
 6194.42541603 6216.9530408  6222.87572102 6274.98078034 6276.04834344
 6279.42673216 6315.43024525 6330.30256225 6339.84826371 6346.52497474
 6351.13025936 6361.19389242 6363.01935299 6375.97927637 6389.29719856
 6411.97752282 6433.78804998 6442.90991952 6467.05833887 6468.08036879
 6469.77359647 6482.02888887 6484.89714596 6485.35437777 6486.83730615
 6498.47756727 6500.44679403 6509.01483208 6528.31166764 6539.31279757
 6543.10131825 6545.67584298 6550.07366163 6551.33475742 6556.39490718
 6558.06313495 6560.5332267  6565.59957644 6566.60100643 6569.53726329
 6591.68308933 6592.55345309 6608.33156707 6631.85975516 6636.13780754
 6636.64187252 6637.096871   6647.00540458 6662.5296194  6663.48834953
 6669.87659486 6674.26538021 6695.11277725 6707.42133614 6731.97518748
 6758.53063212 6758.71929816 6763.33588274 6766.50983881 6772.30511945
 6783.87851414 6802.89135064 6808.64516476 6821.74632101 6831.15742291
 6833.31508237 6866.39843855 6868.99222989 6903.15981578 6908.78946365
 6912.15298575 6937.08956913 6947.17100213 6973.70304686 6978.7708966
 6987.35043461 6990.90695607 6997.53453394 7000.3705578  7001.41508764
 7011.08115536 7025.20467486 7028.42949742 7062.60574995 7065.77847269
 7073.62924647 7114.73514253 7127.11206786 7168.95236146 7173.11004758
 7174.04804444 7185.57080596 7187.38833323 7204.02001101 7206.72490198
 7244.24027669 7261.38571943 7280.14515678 7287.45459904 7304.31757606
 7309.3346593  7325.48640536 7332.64654811 7333.34597911 7334.22140952
 7336.93420046 7350.17105626 7373.59044471 7380.08788968 7409.49852479
 7414.81640703 7417.20933237 7427.33549855 7435.9268032  7440.99738626
 7441.25645206 7457.97986288 7460.86461991 7468.16776219 7470.75122023
 7477.107299   7486.85256645 7494.10934222 7497.86742967 7497.9389961
 7502.51704747 7502.90111286 7530.98641906 7538.54482715 7551.36448434
 7557.07106528 7576.0294353  7585.10987164 7587.59713    7599.57545667]"
214,715710_2024-07-16_B-722,SSp,True,"[  20.20716905   20.27170217   20.35833521 ... 7612.17788125 7612.43461372
 7612.55547999]"
215,715710_2024-07-16_B-723,SSp,True,"[  21.17619915   21.96599651   23.84462357 ... 7608.89652554 7609.28865756
 7610.44068705]"
216,715710_2024-07-16_B-728,VISC,True,"[  27.92367661   61.76949691   69.57507084 ... 7485.36280476 7518.63609364
 7552.50821386]"
217,715710_2024-07-16_B-730,SSs,True,"[ 207.92237548  207.96284201  207.98507527 ... 7607.00393186 7607.92292879
 7611.24158437]"
218,715710_2024-07-16_B-735,SSs,True,"[  21.51116469   25.86758348   38.22787553 ... 7612.15558132 7612.40621382
 7612.67281293]"
219,715710_2024-07-16_D-7,MRN,True,"[  20.33984554   20.41604517   20.44531169 ... 7612.43785439 7612.51078737
 7612.67625323]"
220,715710_2024-07-16_D-8,MRN,True,"[  20.2239461    20.22547943   20.23837936 ... 7612.60018694 7612.63585343
 7612.66135331]"
221,715710_2024-07-16_D-10,MRN,True,"[  20.23584604   20.24717932   20.30184572 ... 7612.29962173 7612.36712141
 7612.39285461]"
222,715710_2024-07-16_D-13,MRN,True,"[  20.24917931   20.28251248   20.32341228 ... 7612.27865517 7612.38908796
 7612.53472059]"
223,715710_2024-07-16_D-19,MRN,True,"[  20.27751251   20.32821226   20.6074109  ... 7607.76861046 7607.89907649
 7607.92767635]"
224,715710_2024-07-16_D-20,MRN,True,"[  20.5119447    20.64394406   21.06370868 ... 7612.14525582 7612.47295422
 7612.67388658]"
225,715710_2024-07-16_D-39,MRN,True,"[  20.2309794    20.4571783    20.85964301 ... 7612.03588968 7612.0465563
 7612.09665606]"
226,715710_2024-07-16_D-42,MRN,True,"[  20.37141205   21.11274178   21.4510068  ... 7612.61898685 7612.65102002
 7612.66831994]"
227,715710_2024-07-16_D-43,MRN,True,"[  20.22421277   20.23531271   20.25367929 ... 7532.5259434  7571.84028535
 7600.05134802]"
228,715710_2024-07-16_D-46,MRN,True,"[  26.45498244   26.61684831   26.80208075 ... 7612.21022217 7612.25588861
 7612.39238795]"
229,715710_2024-07-16_D-53,MB,True,"[  20.24774599   20.27331253   20.29251243 ... 7612.32638827 7612.35998811
 7612.46145428]"
230,715710_2024-07-16_D-57,MB,True,"[  20.27471252   20.3278456    20.35787878 ... 7612.59885361 7612.61415354
 7612.6701866 ]"
231,715710_2024-07-16_D-59,SCdg,True,"[  20.23224606   20.23961269   20.24717932 ... 7598.38808945 7603.74189673
 7605.7747535 ]"
232,715710_2024-07-16_D-61,SCdg,True,"[  20.23271273   20.24654599   20.27651251 ... 7612.49392079 7612.58348702
 7612.6019536 ]"
233,715710_2024-07-16_D-62,SCdg,True,"[  20.22941274   20.28387914   20.31021235 ... 7592.29311912 7597.71802605
 7601.72893986]"
234,715710_2024-07-16_D-76,SCdg,True,"[  20.28697913   20.32594561   20.39584526 ... 7612.59012032 7612.59258697
 7612.60128693]"
235,715710_2024-07-16_D-77,SCdg,True,"[  20.51727801   20.70247711   21.43424021 ... 7612.64822004 7612.65438667
 7612.66975327]"
236,715710_2024-07-16_D-81,SCiw,True,"[  23.12169866   23.29123117   23.31013108 ... 7612.55175384 7612.61315354
 7612.63785342]"
237,715710_2024-07-16_D-84,SCiw,True,"[  20.23084607   20.23931269   20.25907926 ... 7612.6414534  7612.65755332
 7612.68471986]"
238,715710_2024-07-16_D-87,SCiw,True,"[  20.24477933   20.27131254   20.27641251 ... 7612.42618778 7612.54395388
 7612.62322016]"
239,715710_2024-07-16_D-93,SCiw,True,"[  20.22917941   20.23924603   20.25054597 ... 7612.65285335 7612.66068664
 7612.66615328]"
240,715710_2024-07-16_D-97,SCiw,True,"[  20.24001269   20.38187867   20.4225118  ... 7612.25325529 7612.35508813
 7612.64332006]"
241,715710_2024-07-16_D-100,SCiw,True,"[  20.26644589   20.50791139   20.73424362 ... 7612.0877561  7612.19585557
 7612.32928826]"
242,715710_2024-07-16_D-101,SCig,True,"[  20.80410994   22.43506867   22.93539957 ... 7598.90882025 7606.48298338
 7609.38600258]"
243,715710_2024-07-16_D-104,SCig,True,"[  20.30357905   20.37991201   20.54214455 ... 7612.1495558  7612.42192114
 7612.53675391]"
244,715710_2024-07-16_D-119,SCop,True,"[  20.60274426   21.65267248   24.63322464 ... 7611.80885746 7611.88482375
 7612.02365641]"
245,715710_2024-07-16_D-120,SCop,True,"[  20.519678     22.63076772   23.19046499 ... 7611.70119131 7611.90422366
 7611.92022358]"
246,715710_2024-07-16_D-121,SCop,True,"[  22.98836598   23.72532906   25.25115496   27.2635785    30.52206264
   31.65082381   33.07261689   34.38787715   37.29162968   41.88704065
   46.87901635   48.69577417   53.24761868   55.81710617   64.89529531
   64.94929505   65.82695744   69.02957519   69.36717354   76.04727436
   76.41307258   76.83067054   80.2502539    80.74385149   90.4387043
   92.65832683   95.00808206   98.01780074  100.76252071  100.82122043
  101.76661582  117.71667151  119.5675625   119.9851938   122.00251732
  123.11694523  124.90216987  124.91916979  130.8180744   130.84927425
  134.56758948  136.39734724  136.67964587  138.27177145  145.11843812
  145.19703774  145.39773676  146.90256277  146.93552928  148.17908989
  148.49082171  163.38481587  172.68250394  194.06066654  194.52306429
  194.72439665  196.88961944  199.92790465  205.3470116   205.55871057
  207.23726907  207.26230228  217.28462016  217.5707521   224.33045253
  234.06393848  234.20543779  234.85043465  237.62325448  237.73762059
  242.31506498  243.23096052  248.88563299  249.52579654  251.88645172
  253.60451002  255.65203339  260.55040954  261.34407235  261.98456923
  262.49506674  263.68459429  270.94172562  271.03835849  272.13525315
  273.58944607  274.04874383  274.15760997  274.55977468  275.24553801
  275.88940154  278.37035613  278.9731532   280.90064381  283.96639555
  284.89995768  287.32281255  287.7913436   290.77146243  292.13352246
  292.44568761  295.6597053   296.88196602  296.9194325   298.93662268
  299.11978846  300.66708092  303.18396867  307.00968338  307.78237962
  310.30093403  310.77206507  311.15369654  311.65259411  311.85619312
  313.19081996  314.99807783  317.95966341  319.3731232   319.39185644
  321.96691057  323.85400138  324.05940038  327.20328508  329.2390085
  333.87375261  337.78400024  342.19937875  342.53507711  343.98610338
  345.48326276  346.94092233  350.13324013  351.89773154  353.86665529
  355.98407831  358.94233058  359.68402697  360.21149107  360.56418935
  361.75011691  361.97324916  362.12538175  365.24346657  366.40616091
  367.06095772  370.11364286  372.53019777  373.850658    375.5284165
  375.67298247  376.63807777  377.02560922  378.56116841  379.09329915
  382.16318421  383.48507777  384.22357418  390.94450813  394.47239095
  394.75728957  395.28785365  395.60671876  407.95225867  408.6498886
  412.91576784  414.83379183  417.38371276  417.59374507  417.7173778
  419.40703624  420.92109554  421.5453925   421.58205898  424.1939796
  424.55821116  427.14723189  432.62640522  433.32580182  437.96721256
  439.31467266  439.82627017  445.00241164  447.6467321   449.30599069
  451.00784908  452.86524003  457.2606853   457.95231527  458.95791037
  462.07699519  463.57995454  466.01137604  466.60033984  476.65129091
  487.22930609  488.61469934  488.71613218  490.98125449  493.19297705
  496.04799649  497.16409106  497.17202435  498.07328663  499.23251432
  502.34669916  507.10500933  508.43726951  510.55225922  511.22528927
  511.49812128  512.38048365  516.13263205  519.06798443  520.59607699
  521.06214139  524.16832627  524.3047256   526.37468219  529.27113476
  532.4328527   535.06657322  535.27993884  538.24262442  542.76796906
  542.84306869  544.51129391  544.89169206  547.38081327  548.43614147
  550.33016558  551.04846208  551.64815917  552.81192017  554.97154299
  560.64521537  560.64704869  563.08987013  564.23813121  565.70192409
  566.89351829  567.81908045  578.01729747  591.73156404  596.20114228
  596.85413911  597.31840351  598.10126637  598.98226208  604.73986739
  605.25496488  606.3875927   607.1874888   609.00747994  609.08564623
  609.71087652  610.80993784  611.6388338   611.82923287  612.36023029
  614.12435504  617.62100468  626.88612625  632.55449865  635.7624497
  638.18327125  651.1353082   653.40189717  655.45775383  660.38839649
  663.1807829   663.18458288  663.1875162   663.20101613  663.26554915
  663.64671396  665.91123627  671.14261081  671.50474238  673.10753458
  673.1100679   674.99149207  675.59365581  678.12974346  683.06851942
  684.62524518  686.65670195  688.5086596   695.80762407  698.01921331
  701.42116341  707.79503239  711.50134768  716.03795893  717.0303541
  717.53751829  717.75851722  723.18775746  731.08411902  731.09871895
  733.31217484  736.20666075  736.23156063  736.24699388  738.96218067
  748.87106576  750.67522365  752.66821395  753.07917861  756.66479449
  758.1156541   759.2171154   760.97124019  762.41879981  768.49470357
  775.71803508  776.38923181  777.3501938   778.83438657  784.7932909
  789.30036896  791.70385726  793.91817981  795.09647408  796.42153429
  797.82652745  799.55441904  804.99819254  807.77754568  809.76676933
  811.32346175  811.6687934   818.72572572  824.77589626  826.28262226
  826.77508653  833.73371933  838.08129816  838.22126415  838.82919452
  846.1597255   847.52558552  848.84901241  850.99190198  853.47592322
  854.18468644  854.32435243  856.08524385  858.70186445  859.03729615
  859.56966022  860.68638812  862.48884601  862.83447767  864.0536384
  867.65295421  876.05794663  877.95097075  879.61406265  880.82985673
  881.1781217   881.62188621  882.21861664  883.90794175  885.16210231
  887.55565732  890.17411124  892.52323314  896.54814688  898.49707073
  900.0643631   901.56225581  901.98655374  904.44440844  905.15503832
  908.45248893  908.45798891  910.23741358  910.28854666  911.96330518
  912.88586735  914.327327    914.47029297  920.40886406  921.61472486
  922.77405255  924.65677672  928.20219279  928.28805904  931.80797524
  932.01250758  935.83918895  938.00154509  938.89784073  940.10623484
  940.47026641  942.73425539  942.84925483  944.71541241  946.14300546
  946.33603785  951.64507867  954.55709783  969.90688978  973.93683683
  974.82886582  975.23766383  976.60725716  976.91172234  987.22407215
  989.13822949  993.47217506  994.99333432  998.1630189  1000.81283933
 1016.23516425 1020.85357511 1021.02880759 1022.31013468 1023.61279501
 1037.04616295 1045.17065673 1045.37832239 1047.85261034 1060.44194906
 1071.28152963 1088.89217723 1089.13287606 1097.23523662 1103.52563933
 1119.7471937  1120.0882587  1133.17326167 1138.0427713  1140.2681938
 1151.87890395 1164.94364035 1173.32636621 1196.13915516 1206.29463906
 1208.47742843 1210.01158763 1216.32795688 1217.26491899 1223.84295363
 1224.06581922 1252.76144619 1260.86500675 1265.64591681 1266.19061416
 1274.1378088  1276.80519582 1286.58391488 1287.98930804 1292.06378821
 1300.4267475  1303.19936733 1374.18095513 1375.19895018 1402.09021927
 1409.8768147  1412.58976816 1429.67265167 1457.06481833 1485.69617895
 1505.28701692 1506.62567707 1510.15425989 1514.06054087 1528.39463776
 1542.28443682 1570.99013041 1606.22259224 1613.31842436 1660.44986159
 1667.17902884 1723.74845346 1754.61800319 1764.55275483 1784.3147253
 1806.23811857 1876.35801057 1967.29043458 1989.95855757 1991.11841859
 2063.8508312  2093.24215479 2163.44474638 2200.72933155 2212.92997216
 2304.69142547 2382.41278046 2464.04928306 2464.13811596 2475.09226264
 2485.60161148 2495.07253204 2572.2328231  2648.25548636 2663.73094436
 2705.70080672 2726.92303674 2786.41464714 2827.80841231 2837.19489995
 2846.37462193 2880.06845791 2928.39322267 2948.34062556 2988.1517651
 3009.16579614 3034.03604174 3041.38987261 3096.62283707 3122.39641161
 3130.46470566 3162.32958388 3165.56170148 3246.80050602 3292.63301624
 3292.90441492 3315.57330457 3316.48883344 3355.60397637 3367.71155076
 3405.34976754 3474.94249544 3507.43337061 3542.29673423 3703.82684791
 3755.58052931 3845.75335702 3863.45020421 3921.28162269 3939.64819995
 4025.52821522 4065.97491833 4068.1443411  4089.07957253 4132.46872798
 4187.97335778 4195.61258726 4275.51883162 4300.19091152 4434.9470222
 4523.85672273 4532.23718193 4535.87496422 4557.93785682 4566.12775029
 4593.68268282 4608.6487433  4615.57757624 4689.91301438 4716.25678614
 4740.87119965 4743.15732185 4779.70301062 4828.65653898 4936.77917932
 5011.19501707 5058.43305378 5098.63295809 5235.4375588  5326.73868102
 5373.61685282 5495.6377255  5502.93778996 5509.15562636 5509.75799009
 5525.20651489 5527.58376999 5578.37185609 5617.24423353 5640.01275602
 5671.62863545 5683.98560863 5778.1939167  5783.0016933  5845.29152341
 5862.52967283 5893.70488773 5902.58121119 5993.8635335  6036.04202818
 6057.35749108 6060.52630899 6070.77089246 6134.39234942 6154.68538397
 6160.5201889  6164.24850408 6165.70779698 6170.50660695 6237.87854565
 6453.09503133 6478.11347621 6566.20058074 6590.65882834 6745.3672419
 6748.52242654 6971.42240815 6971.43707474 6972.69416862 6991.40007756
 6992.7824375  7030.02225622 7056.20269544 7105.7256877  7119.08822265
 7123.2357358  7149.1935761  7309.94589357 7315.33570067 7335.28197024
 7395.53537693 7409.17624386 7427.15905632 7491.37631038 7512.97473857
 7536.25439192]"
247,715710_2024-07-16_D-125,SCsg,True,"[  20.31334567   20.99480902   21.47574001 ... 7611.54462541 7611.63629163
 7612.1224226 ]"
248,715710_2024-07-16_D-130,SCsg,True,"[  34.38654383   38.8145556    42.32600518 ... 7600.32228004 7611.03309457
 7611.66285817]"
249,715710_2024-07-16_D-133,SCsg,True,"[  20.27747917   20.72281034   20.9150094  ... 7611.48689236 7611.63152499
 7611.65052489]"
250,715710_2024-07-16_D-135,SCsg,True,"[  47.14018174  232.63437877  286.52344977  343.77073776  422.40952162
  475.96289426  476.04816051  538.21109124  660.36192995  660.80746112
  693.1035039   698.48441104  701.80639487  703.87411814  765.79665004
  777.76212512  783.93172842  837.50113432  845.58862828  850.81423618
  860.68282147  924.21864552  980.44770513  995.19939999 1039.85804926
 1046.24868482 1048.5470403  1056.43826855 1094.12691842 1109.57607654
 1110.33290619 1114.50438589 1126.83472586 1132.95832939 1141.16995608
 1146.71556242 1147.99708951 1163.920312   1172.60763638 1190.71621489
 1203.43381965 1204.9847121  1207.87399804 1211.53238023 1216.66935522
 1220.66306911 1230.94698572 1240.16647417 1241.78589962 1243.14792633
 1249.39432925 1252.07224955 1255.34340029 1262.98639642 1267.04391
 1267.11160967 1273.04138081 1274.99713795 1275.00447125 1275.67366799
 1275.76996752 1282.998399   1297.19356323 1298.87185507 1303.25066708
 1303.27996694 1314.07714771 1318.48105961 1323.62416791 1325.68415788
 1330.54660087 1330.56393412 1330.62686715 1331.02209856 1337.18190191
 1341.59081378 1348.72144573 1348.97284451 1350.25300495 1358.51949804
 1361.09725216 1368.64394875 1373.58745802 1375.60601486 1379.0228649
 1386.05189735 1387.1296921  1389.63391324 1391.86423572 1394.16445785
 1396.9972774  1397.03934386 1401.21849018 1401.23492344 1417.88484238
 1422.10088853 1424.0647123  1424.8191753  1425.89033675 1428.71635632
 1428.73595623 1440.12053414 1440.92113025 1443.17118596 1443.299252
 1452.39354107 1452.96420495 1454.03429975 1456.03562334 1459.58120608
 1463.37138763 1464.75734755 1465.03034622 1471.35218211 1476.72345596
 1479.14831083 1481.89356413 1481.96029714 1487.14660522 1487.31113776
 1489.97039148 1490.01099128 1494.29497043 1495.61023069 1500.60387305
 1501.27910309 1502.55009691 1505.99764679 1507.82583789 1512.81638026
 1521.61940408 1534.34604213 1536.57206462 1536.97232934 1537.51386004
 1553.18635041 1554.50417733 1556.82066605 1566.007088   1571.99969216
 1575.89977318 1577.37843265 1580.99694837 1581.45791279 1581.98631022
 1588.30074615 1594.56458232 1596.44943981 1597.82673311 1609.50557625
 1622.12628148 1623.46347498 1628.40701758 1631.2981035  1636.23544614
 1637.29607431 1637.58193958 1637.93863784 1638.82533353 1648.40825355
 1650.40641049 1676.06845223 1680.57643029 1681.33982657 1683.81541452
 1684.3395453  1684.57081084 1684.79220976 1685.56477267 1689.93185141
 1690.33351612 1690.92407992 1698.14021145 1698.67284219 1705.19537711
 1706.18637229 1708.5391275  1712.34927562 1713.9563678  1714.53623164
 1715.97602463 1717.22168523 1719.37127477 1723.84848631 1729.07406087
 1744.33291992 1744.39001965 1747.99646876 1757.1505242  1757.65098843
 1759.61244554 1765.86141513 1766.57707831 1767.0849425  1768.2423702
 1769.15053245 1774.30270737 1778.42325398 1781.49393903 1782.4035346
 1789.27276783 1790.93152642 1792.17218705 1799.43371836 1800.47101331
 1801.15490999 1801.68830739 1804.80642554 1824.87039454 1824.90382771
 1825.78732341 1828.19951167 1831.54709537 1832.98205505 1835.86350769
 1837.29786738 1845.16299576 1846.50438923 1846.7707546  1848.38718006
 1848.41794658 1854.40848408 1856.63877323 1856.95587168 1859.49179267
 1864.82373338 1865.66596262 1871.97433191 1879.65649451 1881.69415126
 1884.17227253 1886.15626287 1894.13685736 1897.58650723 1899.75479668
 1901.60035436 1909.84148091 1911.90130421 1916.41358225 1923.99937865
 1924.80754139 1925.21627273 1930.63711301 1930.64327965 1933.76513112
 1935.83778769 1936.87751596 1947.19886572 1949.44662145 1951.34164555
 1954.37166414 1954.4415638  1957.83784726 1958.73447623 1963.24325428
 1963.88525116 1974.45819969 1977.72555045 1984.5220507  1984.58785038
 1988.53039785 1989.4314268  1990.33702239 1990.38568882 1990.82895333
 2000.29584058 2002.13433163 2002.32073072 2010.88942235 2014.59420431
 2018.63138466 2020.29834321 2022.65729839 2023.59199384 2037.56575915
 2041.92947125 2041.94743782 2046.99377993 2047.56687714 2052.16725474
 2053.31468249 2054.97364108 2057.05933093 2066.55085139 2072.73478795
 2073.85091585 2078.61169268 2081.33804607 2088.5713442  2088.89247597
 2092.71642402 2095.99984137 2096.8691038  2098.86106077 2099.63405701
 2105.21509651 2108.23274849 2113.00482526 2115.07838183 2115.98531075
 2117.79433527 2119.79272555 2120.81742056 2121.55441697 2122.36571302
 2123.34980823 2125.91346242 2141.92351781 2154.03482552 2157.61527476
 2158.44063741 2159.63973157 2165.59666924 2166.467965   2167.58762622
 2181.05076068 2182.8875184  2186.71189979 2187.43042962 2188.6464237
 2191.29597747 2199.07647293 2204.57861281 2240.70903693 2253.82193977
 2258.13328545 2266.09554669 2272.54118198 2274.3586398  2275.36773488
 2280.18197812 2282.39640067 2287.86747404 2299.04728628 2299.60968354
 2317.13306491 2325.86992238 2326.93855051 2333.16618686 2336.60477012
 2337.04260132 2339.24199061 2342.27237586 2349.81043917 2352.26336056
 2353.30052218 2358.76062893 2360.67695294 2366.01996026 2369.93684119
 2376.83054097 2394.82998668 2407.24359292 2412.90046538 2413.20116392
 2420.41459547 2424.51834216 2449.17202215 2451.11611269 2451.21401221
 2453.10026969 2454.23613083 2455.6802238  2459.84747018 2460.81059883
 2465.48264275 2471.51081341 2473.15650539 2480.08040502 2486.01200948
 2492.22357924 2496.1022937  2500.7914042  2502.63106191 2508.54043315
 2515.40793305 2524.20825688 2524.98901974 2526.64667834 2526.7440112
 2531.3323222  2535.85243353 2542.12686965 2543.94159415 2544.90792278
 2545.01752225 2546.09955031 2546.5414815  2555.89746928 2564.22346209
 2574.37077936 2578.21819396 2581.10217992 2581.70131034 2588.21944528
 2589.75070449 2600.37941942 2605.44502809 2608.20384799 2614.07545274
 2614.64228332 2620.92895272 2621.49721662 2624.57590163 2624.76360072
 2626.52132549 2629.70397667 2633.12079337 2634.2712211  2639.20623041
 2642.16854932 2645.72533201 2645.97706412 2651.97143494 2652.25450022
 2663.84711046 2669.67501542 2678.01557482 2679.20723569 2680.82419448
 2688.4825572  2700.74996415 2702.73572115 2705.50457434 2715.55012544
 2726.87773696 2729.90175558 2733.25273926 2739.71277448 2742.00443
 2743.67145521 2745.17118125 2754.71730144 2756.17249436 2757.85368618
 2759.58847773 2760.96440437 2771.75638516 2772.77641353 2777.9191885
 2783.68939374 2786.12404856 2788.25813817 2788.26107149 2811.41815876
 2813.43241562 2813.67121446 2814.08754577 2816.4639342  2819.40481988
 2827.26381496 2833.1108865  2837.320466   2840.51545045 2850.98949946
 2850.99543277 2864.39066756 2868.37148152 2870.73900332 2872.22779608
 2881.83881596 2885.11183336 2886.39366045 2887.8347201  2900.67509093
 2903.49784386 2905.83506581 2905.84329911 2924.78990687 2935.72522031
 2948.36519211 2952.26477313 2952.54020512 2957.77957962 2965.07337744
 2971.05398166 2994.52620074 2996.59722399 2999.0744786  3000.02290731
 3000.12857346 3003.84508871 3004.69261791 3007.56320394 3012.39651375
 3037.46302506 3038.75548543 3051.34765747 3052.19655333 3053.3886142
 3060.04058182 3079.21735513 3092.26942493 3099.93148763 3103.51080354
 3106.12309082 3113.77088693 3122.75230987 3122.89434252 3124.63473404
 3128.46714872 3130.48263891 3144.08087271 3152.13433351 3154.59822152
 3157.27324183 3164.1260418  3166.59419645 3178.34567258 3180.53589525
 3180.61149489 3196.46391772 3198.52327436 3199.92180088 3212.57990593
 3225.35504374 3226.79337008 3241.10110043 3250.29748899 3252.80731011
 3261.90813247 3263.99025567 3271.09578775 3273.57514235 3274.21267258
 3277.93612112 3293.68927776 3295.65660152 3296.91236207 3314.20857788
 3320.27974832 3323.61816541 3338.60582578 3346.26618849 3351.59582921
 3387.20342254 3388.5125495  3392.06546554 3395.47584894 3401.03345522
 3410.57494211 3415.91538278 3428.32638903 3437.01384674 3474.83929594
 3499.17454414 3517.32808911 3521.12060398 3525.51884923 3527.91917088
 3545.68791772 3549.63696516 3552.15368624 3552.26851902 3554.79174007
 3560.93927681 3566.03035203 3576.96496546 3590.5781992  3592.15399153
 3600.33648503 3602.21567588 3617.74926693 3666.19919775 3710.83794711
 3711.5999434  3717.37108198 3728.95005895 3753.03580836 3757.57161962
 3769.01329725 3774.67106971 3776.63509348 3791.1894893  3797.41419233
 3808.42850538 3826.81741587 3830.90159599 3871.55526475 3874.29465142
 3876.40570781 3884.96916612 3885.82192864 3885.96159462 3910.0150442
 3919.29119904 3945.87383631 3975.35299281 3975.75952416 4011.13128531
 4014.93416679 4023.81692355 4033.9153744  4070.49142968 4091.87595891
 4107.1016848  4121.99991227 4127.76418421 4163.81724204 4169.50538102
 4170.97017389 4171.77970328 4188.35435593 4204.3980445  4209.75988506
 4215.45929065 4239.99543788 4247.78509996 4248.18376468 4255.75699449
 4264.86621681 4271.12291969 4273.7696068  4300.35491072 4319.29875184
 4324.01589554 4325.69318737 4341.43391075 4347.61898064 4347.64041387
 4359.16235778 4360.09811989 4369.63877345 4370.09577123 4384.33073526
 4399.18986293 4421.6975867  4432.76956613 4432.85863237 4450.53611298
 4456.0036197  4459.84803432 4464.16861329 4481.05733107 4483.87278403
 4493.08827251 4496.7930878  4497.2392523  4501.45206513 4503.57905477
 4528.25713464 4528.40810057 4544.38962277 4549.79732978 4550.72975858
 4557.94619012 4560.03364662 4565.71645229 4566.75698056 4580.42721401
 4591.92162473 4608.60454351 4609.26407364 4612.96388896 4613.88248449
 4616.04404063 4632.64485982 4635.54937902 4635.88304406 4639.57609275
 4656.31387794 4657.73710434 4670.21064362 4674.96525381 4686.49413102
 4689.82131482 4690.12118003 4702.63218579 4711.59060885 4713.18176777
 4724.10448127 4726.81450141 4728.69535892 4730.67544928 4768.07066724
 4780.71210571 4806.51688009 4821.54640693 4831.80992363 4832.80815211
 4850.36086666 4856.21743815 4860.69818301 4906.32969421 4916.86187627
 4919.34956416 4949.45561761 4956.13178511 5003.99641877 5010.89431853
 5011.56564859 5021.60529972 5063.36276312 5072.17915353 5089.96433362
 5092.73642013 5093.67074891 5126.95658688 5130.67453545 5135.84981025
 5156.35851042 5169.11841497 5171.27170449 5198.92980319 5199.96136483
 5201.02232633 5201.09549264 5201.67162317 5234.73339556 5261.4369989
 5287.98633633 5298.08485384 5324.19112675 5330.48942943 5342.1631726
 5365.4240927  5374.9153465  5397.08257192 5444.03047672 5483.77748323
 5489.93545326 5499.11107526 5565.71661769 5580.4775125  5600.54884813
 5629.03127615 5632.91465724 5698.88506944 5708.78235459 5713.766197
 5747.98226377 5766.55467336 5781.43066761 5812.57771599 5821.98413687
 5846.43838449 5892.97195797 5894.94134838 5897.21410399 5931.96773481
 5947.69995822 5948.19912246 5961.61175717 5985.87023908 6014.83339809
 6018.21254831 6106.69925089 6173.21496043 6209.24658503 6247.88536361
 6266.56727267 6279.29937735 6285.41061427 6305.47584993 6315.46296798
 6409.59444309 6420.89675473 6456.65194735 6461.51145702 6501.77116104
 6518.42491331 6551.95368342 6561.216605   6566.67421177 6586.67978105
 6601.27947664 6640.34368648 6653.05945792 6664.5250021  6709.68638226
 6728.60862348 6771.5513811  6814.78770397 7073.15907957 7145.33702821
 7210.46244452 7251.47897818 7346.25275016 7379.58695456 7447.69415636
 7506.34337085 7508.45532724 7513.34737009 7543.26842444 7569.7699621
 7571.68851943 7599.92161532]"
251,715710_2024-07-16_D-141,RSPv,True,"[  20.26167925   20.33374557   20.42814511 ... 7607.66147765 7609.88646681
 7611.09052762]"
252,715710_2024-07-16_D-142,RSPv,True,"[  20.39034529   20.41451184   21.02124222 ... 7603.41936496 7609.73580088
 7609.985433  ]"
253,715710_2024-07-16_D-160,VISp,True,"[  33.5774811    34.18037816   37.45919554 ... 7600.86077742 7611.80939079
 7611.88585708]"
254,715710_2024-07-16_D-174,VISp,True,"[  21.29520755   21.31984077   21.36084057 ... 7611.77275763 7612.47258756
 7612.54028723]"
255,715710_2024-07-16_D-180,MRN,True,"[  89.49314224  274.16610993  347.37998686  400.81436008  527.02124571
  883.67997619  917.73171043  919.28466954  969.5401249  1104.07693665
 1133.84252508 1188.79289092 1190.8927807  1200.72359951 1218.17534789
 1218.49831298 1220.73013545 1221.47943181 1273.85554351 1290.81909427
 1302.5754037  1331.50009623 1338.64036147 1341.07224964 1341.66331343
 1342.90320739 1363.65280638 1373.91638975 1379.45496279 1385.41000047
 1394.40715667 1400.24862824 1400.27912809 1442.06555801 1467.51896744
 1470.14295466 1475.42999559 1475.79579381 1475.80616043 1485.36561389
 1485.53681306 1489.70965941 1489.73839261 1490.068491   1493.48364104
 1656.41744789 1679.33686965 1695.80418949 1711.65391234 1729.04562768
 1744.97535013 1766.78184398 1829.7536041  1831.60492842 1832.10979263
 1833.46278605 1835.36964343 1838.32129573 1841.23584821 1847.63608372
 1849.96907236 1851.61973099 1853.51925508 1854.36105098 1854.68768273
 1855.81151059 1856.2338752  1859.96209038 1863.41317358 1863.52017306
 1864.74243378 1867.3808876  1869.27444505 1869.60467678 1873.78055645
 1875.44444835 1876.46091007 1877.4479386  1878.86079839 1880.0079928
 1881.79155079 1887.88568779 1888.05265364 1888.73778364 1890.35724242
 1891.49717021 1892.13183378 1892.13530043 1895.90248209 1898.04497166
 1900.47812649 1901.71605379 1904.47637369 1906.28143157 1911.00497524
 1911.66207204 1911.93410405 1913.03986534 1913.18609796 1913.68082888
 1914.66385743 1916.6498811  1916.75978056 1916.83638019 1920.51192896
 1920.89409377 1921.47322428 1921.62592354 1925.11730655 1925.12387318
 1925.43150502 1925.57837097 1929.30635282 1932.85586887 1938.13504318
 1948.00722845 1952.95107105 1954.20203163 1954.32863101 1965.23647791
 1965.45001021 1965.96204105 1968.42922904 1969.79902237 1972.18951073
 1972.65940845 1979.39664232 1986.19380923 1989.85259142 1991.58538298
 1993.99050461 1994.13177059 1996.52495894 1996.62275846 1997.38658808
 2010.00835997 2010.27185869 2011.11652124 2012.76311322 2013.18587783
 2017.44679043 2032.03511941 2032.50495046 2034.93937194 2036.13519945
 2036.15546602 2038.68225372 2042.83913348 2049.33586852 2049.51406766
 2052.34715387 2053.60231442 2059.20495382 2063.96743063 2065.37762377
 2066.80658348 2067.14218184 2068.57047489 2069.36690435 2070.62563155
 2072.17532401 2083.03290449 2084.24563192 2085.19062732 2086.65598685
 2087.55538247 2087.68891516 2093.30678781 2099.50199099 2106.56628993
 2114.08735332 2115.11664831 2115.54137957 2115.89754451 2116.19764305
 2116.39714207 2121.80781574 2122.20868045 2123.73510635 2124.94313381
 2126.25769407 2129.41594537 2129.83411    2130.85903834 2135.46301593
 2138.55293422 2139.27296405 2139.42929662 2143.15827847 2144.9532364
 2148.4717526  2148.58351873 2158.2920048  2161.81968763 2168.26078961
 2168.27075622 2169.42495061 2169.44311718 2171.44640743 2171.50340715
 2173.53619726 2177.20251275 2186.21566887 2197.72337952 2201.30602874
 2205.25907617 2208.35299444 2209.27558995 2210.0382529  2210.54538377
 2212.25850876 2212.2641754  2212.85637252 2214.37219847 2217.23138455
 2218.77811036 2219.60703966 2225.56147734 2225.71100994 2225.99200857
 2226.0823748  2228.41133013 2232.12741204 2234.41076759 2234.74493263
 2238.82324611 2240.1685729  2240.59727081 2240.8724028  2244.84341681
 2250.83405431 2251.53215091 2253.12594316 2257.90875321 2258.20631842
 2272.11581738 2277.96488891 2284.32849126 2284.51062371 2288.59170384
 2290.56902755 2296.86823022 2309.68400117 2310.03689945 2310.95449498
 2311.00502807 2318.93655613 2319.36222072 2326.98038364 2327.24344902
 2327.92851235 2329.61313749 2331.26299612 2333.18988674 2338.13422934
 2339.71855496 2343.93033446 2345.15439517 2346.00872434 2346.15292364
 2346.50682192 2348.81261069 2350.10390441 2358.12103205 2359.21559338
 2359.8226571  2368.90757954 2369.05021218 2374.05168783 2385.42713246
 2391.41336998 2398.41613589 2411.1855404  2417.20994441 2426.94249703
 2435.16125702 2438.26830856 2441.05699499 2444.04148046 2452.02730825
 2452.90237066 2453.43836805 2456.84738479 2494.82293326 2531.66292059
 2532.60994931 2542.39290169 2546.37264898 2563.36939958 2566.4195514
 2570.79913008 2584.2915644  2590.53546734 2592.4255248  2596.35930565
 2615.18591401 2616.47074108 2627.40105454 2645.03830202 2651.81370237
 2653.02826313 2655.48971781 2656.19231439 2657.48090812 2660.39816058
 2667.08569469 2667.97475703 2669.78918153 2676.79811408 2678.37543974
 2686.31753441 2687.55592838 2687.62982802 2692.01577334 2697.97634432
 2701.46336068 2709.05939037 2715.42679271 2716.73651966 2719.41890661
 2719.55167263 2749.45042708 2753.47344083 2779.54624724 2791.31082331
 2791.41292281 2797.13196164 2803.8634622  2805.25378877 2805.72051983
 2808.91113763 2811.20235981 2812.99471775 2819.51965266 2821.32551053
 2821.4000435  2832.1095247  2835.57004119 2840.19268535 2846.34628873
 2850.48636858 2854.20585047 2854.39044957 2857.47536789 2861.16171661
 2864.04570257 2873.04052545 2891.46920241 2896.57511089 2899.18523152
 2899.20593142 2906.43186291 2915.37168606 2916.74174605 2917.59050859
 2918.38643805 2923.61967924 2925.95383454 2929.13138574 2946.59736738
 2948.15162648 2950.70601405 2951.28691122 2965.99200631 2971.6834786
 2984.92181416 2989.05559403 2998.45674827 3000.12550681 3009.07759657
 3009.4399948  3020.61910705 3028.5390685  3030.37672622 3032.32641673
 3040.17724518 3051.23822467 3058.62915535 3059.36125179 3096.66320354
 3097.83263118 3099.06739184 3113.86175315 3119.3839596  3128.34911596
 3146.22092896 3153.97625788 3159.95912875 3169.31461655 3175.48808649
 3181.45919076 3186.86323112 3189.78831688 3193.61639825 3204.42697895
 3205.97187143 3209.43105459 3213.0518703  3215.69362411 3249.93205744
 3259.29497853 3264.25182106 3266.72504236 3274.07113993 3274.23780579
 3280.5836749  3280.71494092 3285.59881715 3288.5882026  3289.16786644
 3289.20176628 3290.47666007 3303.29366434 3332.56238853 3340.02965218
 3340.84148156 3348.82884268 3360.74951799 3375.74104501 3395.21895019
 3396.26917841 3397.77737107 3399.04559823 3410.99054008 3428.9610526
 3430.68224423 3436.18088413 3442.67528584 3449.49775263 3451.58177582
 3466.49206991 3474.39219812 3479.52030649 3492.83570833 3513.86763928
 3523.42679275 3524.85928578 3536.28756348 3536.91249377 3598.45372753
 3605.76879192 3644.85800163 3648.99054818 3649.53794552 3649.64214501
 3650.37530811 3668.02588885 3668.90061793 3669.40904879 3669.63478102
 3674.0079264  3709.77115231 3710.69598114 3739.53494075 3741.87642935
 3745.66371092 3747.72886753 3755.97186074 3764.96635029 3765.45544791
 3765.82807943 3766.70387516 3775.70433135 3794.25120773 3795.32730249
 3795.64340095 3802.26036874 3802.67280007 3812.36375289 3816.9562972
 3818.02289201 3818.1834579  3823.07166743 3824.61255993 3825.16975722
 3825.7156879  3838.5962252  3853.0236883  3853.79498454 3860.75091735
 3869.41790849 3870.80463507 3871.72773058 3881.89411442 3882.76611018
 3900.61168997 3902.6199802  3913.40166105 3913.84309223 3921.46585512
 3933.07149863 3938.99503646 3940.42086285 3956.44898483 3957.37754698
 3966.40403637 3967.27559879 3980.52856761 3995.81649319 4029.60386205
 4033.82597483 4040.15661068 4048.17450498 4048.62750278 4050.80459218
 4068.81960448 4094.77804479 4123.31267255 4134.83461646 4140.48445562
 4141.12418584 4151.25856984 4160.11759338 4169.74997983 4174.8906548
 4179.42633272 4180.32316169 4186.32559914 4193.1124661  4207.74999485
 4221.75512667 4238.82927689 4244.29588361 4256.32029174 4259.8632745
 4268.6483984  4269.21212899 4273.52947464 4295.25390222 4306.27288191
 4310.13446311 4313.6762792  4325.22308966 4337.03259884 4345.34512504
 4371.41489814 4378.78472893 4389.3637441  4407.85322076 4416.42957901
 4421.51725424 4428.43738722 4436.93804584 4438.44987182 4444.75674111
 4444.87834052 4445.28833853 4446.35096669 4462.6727539  4464.17561325
 4476.56335295 4484.47641443 4487.48856643 4494.77329764 4495.07342951
 4495.51649402 4501.08576691 4501.24756612 4507.79883423 4509.36989325
 4509.60535877 4509.81482442 4517.08578902 4527.32493918 4538.46368496
 4541.72930239 4551.26525597 4557.93639016 4568.98683637 4574.36471019
 4577.97549261 4589.64793579 4600.25111751 4601.33274558 4602.48870662
 4603.31773592 4604.01869917 4609.17817406 4613.28998737 4618.46102887
 4627.08848687 4633.72865455 4634.18105234 4648.66131519 4654.1567551
 4672.49633249 4673.6787934  4679.75139718 4680.47496032 4687.66365866
 4688.64938719 4691.87693815 4700.84839448 4701.53442447 4706.89679837
 4710.68321327 4710.71747977 4714.72482693 4743.64691947 4766.57444119
 4771.95064836 4772.37631295 4797.17925888 4799.22028228 4799.73061313
 4803.27049589 4805.79061696 4816.30956575 4818.64508772 4819.29625122
 4847.61998    4850.62816536 4881.32288261 4893.66862251 4907.12865699
 4907.14379025 4907.24832307 4918.40203544 4920.97035627 4922.00718456
 4932.71059912 4938.81300275 4939.13133453 4943.85957818 4955.57138784
 4961.91159031 4963.74531471 4977.58501401 4980.99089743 4982.41875715
 4993.35967055 5004.06931842 5015.33803023 5037.10439094 5053.39651163
 5053.54961089 5059.59628145 5076.48836589 5094.53701136 5094.84264321
 5096.81130029 5104.6221956  5107.13228338 5146.0291607  5176.53641219
 5201.93832187 5224.95570983 5263.64628815 5280.04600832 5317.28339371
 5322.83666668 5328.72043804 5361.55821152 5363.22180342 5364.92016182
 5369.35970688 5383.69850374 5389.1715771  5395.31561386 5396.87743959
 5403.34767476 5403.94910517 5408.29951732 5420.31415883 5458.89087105
 5469.28825377 5480.38356642 5483.57845087 5519.72247492 5528.15073389
 5529.87319218 5535.76016352 5550.48919182 5560.26374424 5566.14898225
 5568.65793671 5620.49988434 5626.08829047 5632.3148935  5641.91248011
 5644.73096639 5650.92390291 5656.72300801 5670.46587445 5687.76382357
 5695.46091944 5707.31739506 5715.48358864 5784.4810861  5789.0261973
 5789.10603025 5836.9182975  5848.69720683 5849.83820127 5868.98200808
 5891.35153252 5922.60628038 5943.10668058 5944.63550647 5947.68185831
 5974.04156333 5991.24517958 6005.80527537 6006.17887355 6009.90488875
 6087.61211047 6102.00337375 6110.25200026 6111.76122625 6121.53614533
 6126.05745666 6131.67482931 6133.71961936 6139.44352483 6142.09757858
 6142.54687639 6142.89044138 6144.77269889 6145.27759643 6147.41238604
 6164.37830345 6170.19940844 6177.85013787 6185.1975021  6185.61373341
 6185.80406582 6185.91816526 6189.19014933 6194.94568798 6196.49588044
 6198.37620462 6198.84186902 6199.11823434 6207.71265917 6208.29225634
 6210.99984316 6212.18213741 6215.82825299 6220.42713061 6222.80865235
 6225.07780797 6231.48487678 6241.84869299 6244.59261297 6247.51996539
 6261.35463137 6283.47585702 6295.533065   6303.8252913  6331.48085667
 6342.69850206 6355.76413846 6364.71186157 6366.06608831 6367.51528126
 6372.86498855 6374.25244846 6386.22922349 6392.03732855 6392.3422604
 6398.1288989  6405.13959811 6408.00558415 6414.04365476 6417.05647343
 6426.36142813 6431.68723554 6449.2185502  6471.80324026 6494.35679714
 6497.06168397 6497.07435057 6499.36640608 6512.31230973 6537.39185431
 6542.97109382 6543.78502319 6546.45834351 6551.29325331 6556.64209394
 6560.9625729  6560.9899061  6562.38543264 6563.818959   6569.42469838
 6585.78181875 6591.84908922 6602.72776959 6608.4369418  6608.90223954
 6609.20143808 6614.7499444  6614.85844388 6623.2682696  6623.5768681
 6625.6999911  6634.42171531 6637.35333437 6640.23872033 6645.18196293
 6646.34812392 6646.72295543 6654.10478616 6664.23363685 6681.73091834
 6698.2005715  6699.34743259 6709.14101825 6713.87636186 6720.89646102
 6730.11378282 6734.57579443 6739.21137187 6771.64728064 6771.67348051
 6789.30186136 6813.38837745 6829.89506376 6896.71060517 6901.61264798
 6918.98079676 6945.67463348 6947.27215904 6953.58092833 6964.81464031
 6982.13712265 7047.7812031  7057.98588676 7065.23661813 7088.98676918
 7089.33536749 7103.73036408 7132.41255779 7137.368367   7226.96646418
 7238.1915762  7259.08054118 7267.77023221 7299.73764326 7307.46460565
 7307.47837225 7310.45102445 7311.18888752 7311.70991832 7319.50028039
 7323.22402893 7327.19104296 7347.80497594 7360.86507903 7368.47397533
 7368.90700655 7380.09741874 7397.78569931 7397.89626543 7400.74281824
 7406.1621252  7495.40395744 7546.08731072 7547.95353497 7570.49485857]"
256,715710_2024-07-16_D-192,MRN,True,"[  24.7032243    28.94333699   35.58910464   38.90492183   46.5601179
   50.57533169   51.2710283    59.13719001   71.03913207   75.21387841
   78.43792939   80.71398497   84.55673293   91.63616514   92.99722518
   98.42356543   99.84049187  100.62692137  101.65861635  105.41856471
  112.99212785  113.96665644  120.1291931   121.06282189  121.07215518
  128.52931888  132.07386829  136.84851171  142.70418321  144.44940805
  154.64479175  174.37346238  174.61759452  191.84631066  196.74852013
  198.32311246  198.74211042  206.05647482  206.85380427  262.07073547
  273.09114849  274.13487675  279.94198181  280.1564141   281.93523878
  296.89073264  307.25611552  326.39865566  327.79121555  327.85908189
  328.61031156  333.95928553  356.20177725  361.60835093  371.73796829
  380.42822599  384.68970524  412.21020461  425.81353839  438.80077517
  448.87342613  450.1190534   457.88638226  478.618148    482.25829695
  489.15323005  492.91984505  521.20160738  533.86207908  579.26902471
  590.68766912  597.02103829  626.96332587  658.84430401  663.84207968
  673.08436802  700.09646986  712.31467705  734.17393731  736.8949574
  780.04798066  781.35550763  785.62445352  787.65227698  809.42243767
  832.31512623  835.65610997  842.50510996  881.97445116  890.72377524
  890.92430759  907.19759504  909.38045108  910.73924447  911.22417544
  912.30267019  922.38232112  923.94431352  935.78088923  958.36757928
  971.60914816 1013.57461054 1016.42589666 1151.13347425 1187.29599821
 1194.5496629  1218.26571412 1218.56681265 1218.77761163 1221.67423086
 1260.05081071 1319.40228846 1397.82294004 1454.01233319 1476.01192609
 1477.21725356 1495.65609713 1507.3177737  1523.25119614 1609.03887853
 1612.2899627  1612.32346254 1654.98642152 1713.41107045 1732.00224662
 1752.60941297 1820.71664809 1824.48199643 1831.04913113 1831.41959599
 1831.92926018 1832.74495621 1835.15827779 1850.48623651 1873.47115796
 1877.90433637 1888.61918422 1892.49019871 1893.57169344 1895.85008235
 1901.80962001 1912.24086923 1912.3153022  1922.58161889 1923.09451639
 1929.48471862 1933.65026501 1938.51210801 1942.45352215 1947.80672943
 1948.94305723 1954.70729584 1955.80595716 1959.44000613 1971.19134893
 1975.10732986 1980.19230511 1985.34671335 1985.38137985 1987.87690104
 1993.78510561 1997.24085545 2002.20089797 2005.24548315 2005.31364949
 2007.19734032 2008.56136701 2009.87882727 2035.92466714 2037.15019451
 2041.09017533 2045.13538897 2047.93680867 2049.83433276 2050.81939464
 2054.6611426  2062.67187027 2066.68345074 2066.88791642 2069.05220588
 2072.00445818 2072.94935358 2076.07620502 2080.21818486 2085.9688902
 2099.70928998 2109.89427373 2110.56867045 2115.97504413 2121.74941602
 2123.72450641 2136.9752419  2144.69453766 2152.00340208 2156.38954739
 2160.78875931 2162.290652   2163.16568108 2175.38918824 2177.87250948
 2183.53078194 2186.92219876 2186.93286538 2192.62357101 2200.14230108
 2204.31854741 2206.55210321 2210.79958253 2217.14805163 2217.62781596
 2221.33113126 2222.33132639 2234.93316505 2235.28752999 2236.46329093
 2237.97065026 2245.03741586 2256.72109232 2257.10899043 2258.74044916
 2264.96195221 2274.41650618 2274.71343807 2274.9677035  2286.96337844
 2289.04893495 2298.25739013 2299.02508639 2299.27028519 2302.79903468
 2303.74893006 2311.18202721 2314.00014682 2315.60387235 2316.11236988
 2320.66934769 2327.93794564 2331.34792904 2334.55921341 2334.94134488
 2337.30080006 2339.56055573 2348.69491127 2353.30232217 2353.66865372
 2356.78047191 2359.47125881 2376.27954365 2385.87366362 2388.23145214
 2393.35506053 2411.10054081 2416.44211481 2427.93029222 2430.57321269
 2437.76511101 2438.45470765 2438.83903912 2438.84180577 2441.76309155
 2443.0129188  2445.33740748 2446.56986815 2448.80572393 2449.8391189
 2452.82793769 2453.46570125 2457.29571594 2463.35508644 2464.0204832
 2486.30050808 2487.26780337 2488.72329628 2490.44805455 2498.6085815
 2499.00664622 2499.30341145 2499.57957677 2499.61754325 2510.67795608
 2519.15658147 2521.34963746 2532.70244886 2544.8294565  2565.60908868
 2596.83217002 2598.29629622 2601.40998107 2602.53140894 2602.95200689
 2614.78488262 2615.79824436 2617.09477138 2635.28651616 2646.12673005
 2655.00548683 2656.31108048 2656.9712106  2662.35435106 2669.01941861
 2669.36305028 2673.76399552 2677.42674435 2677.59374354 2678.50587244
 2686.29223453 2700.05203422 2701.64252647 2718.77700973 2719.04637509
 2724.39008241 2730.78138463 2738.47841383 2748.85642997 2749.72599241
 2753.55400711 2754.25243704 2754.2669703  2754.74413465 2759.72664372
 2777.52999039 2777.9730549  2785.52341815 2815.48230564 2815.54563867
 2816.16053568 2818.57965723 2823.2897343  2827.21601519 2840.96951491
 2850.71123415 2853.19402207 2857.75053322 2864.02720266 2864.63823302
 2864.99586461 2869.53440919 2876.51457521 2888.21341826 2891.66036815
 2904.87760381 2906.0764313  2915.91308342 2918.62170357 2930.93757695
 2931.94223872 2935.67132057 2942.88078548 2949.88735137 2953.82459887
 2959.48720464 2963.02505408 2974.85599649 2979.89703862 2983.61375386
 2991.48664887 2995.80309452 2995.95716044 2996.41372488 2999.70477553
 3004.11622072 3010.89018774 3014.1593385  3021.56583578 3021.63246879
 3026.92780967 3027.01894256 3030.8194574  3034.54237261 3034.86830435
 3039.77151382 3040.80334213 3050.66462746 3051.01019244 3051.81608852
 3059.98398209 3078.79759051 3079.83105215 3087.55414788 3092.77478914
 3105.51689377 3105.96665825 3114.58984961 3118.38453114 3126.15069333
 3128.96017965 3132.99999332 3140.42445718 3146.58436053 3147.2262574
 3157.38650794 3159.46956447 3169.32174984 3176.81851335 3190.22701475
 3194.33616141 3194.47812738 3208.4846592  3212.68503875 3221.58119545
 3227.66026586 3240.55673641 3242.71529257 3243.26472323 3260.0479082
 3261.46650129 3286.06728153 3288.55193611 3325.68892199 3325.83832127
 3347.51641574 3347.84874745 3354.31444931 3356.93476989 3381.53005016
 3390.35954051 3391.58163456 3395.9833798  3424.04440987 3450.36864839
 3451.2368775  3453.46346666 3476.25842236 3480.38283562 3481.71976245
 3496.6984562  3500.5862706  3505.71624563 3510.10669093 3511.62221688
 3511.86604903 3517.88208641 3526.43944475 3535.6200334  3544.69778921
 3544.89812156 3550.14396269 3557.97832456 3568.28390772 3581.1149786
 3585.86145549 3594.88644489 3595.30194287 3596.56900337 3602.98667213
 3614.80168128 3621.0139177  3628.35488197 3634.11608726 3635.32958135
 3644.19933817 3650.60530699 3655.32421735 3661.88595208 3663.26751202
 3664.01107506 3674.9724217  3675.77981777 3684.4768421  3684.50110865
 3695.89521985 3696.90621493 3702.71698665 3708.08922716 3710.53374859
 3730.40701852 3731.07028196 3736.05489103 3748.71539606 3748.76796247
 3755.43749667 3760.4793388  3761.76523254 3768.84309808 3786.33311294
 3786.9931764  3787.21400865 3787.33837471 3787.36274126 3802.6729334
 3805.45028655 3806.37048207 3820.82317838 3824.77875912 3826.64685003
 3831.75102518 3833.50734997 3834.10728038 3837.64199651 3847.10541711
 3847.62518124 3849.84703709 3852.68812326 3854.66131366 3854.72594668
 3860.89961662 3865.24546214 3870.48673662 3872.37362744 3881.03128529
 3907.56358947 3910.19194334 3910.29750949 3917.95047224 3920.28989418
 3922.47601687 3927.38835963 3928.4210546  3928.47728766 3939.84926564
 3943.62441393 3953.41556626 3970.04851863 3973.54793493 3981.80186141
 3988.17983037 3988.40126262 3994.76803163 4006.85353946 4012.55847836
 4013.53300695 4013.8930052  4023.75112387 4034.28680592 4040.1736106
 4046.38948034 4047.44654186 4067.25207878 4069.10750308 4071.91265609
 4074.83737519 4080.80797946 4088.16694364 4091.50206073 4093.39695151
 4097.62099761 4125.18749676 4131.36313336 4143.33867506 4153.52312549
 4166.64816159 4173.52622811 4190.04128105 4195.62438721 4222.4752565
 4227.50619867 4234.48323138 4238.31694605 4238.64111114 4245.92340902
 4249.71792388 4254.13333572 4256.18012576 4263.88698824 4266.79384076
 4269.99115853 4314.87794002 4315.20790508 4320.47087946 4326.49378348
 4338.25345956 4342.47870566 4345.19059246 4355.50067561 4357.06840131
 4357.09716783 4357.4133663  4359.92552073 4361.26854753 4374.82021489
 4375.85417653 4378.50583029 4380.53032043 4387.3503539  4390.40603902
 4399.08489677 4414.34002251 4427.36319245 4470.41571621 4470.48801586
 4484.73684649 4501.62639761 4520.02347472 4524.06628837 4546.0902145
 4550.21072777 4551.33972228 4557.54375874 4563.33043057 4564.00606062
 4597.97896191 4618.96285976 4621.82011252 4649.56937743 4655.80591374
 4675.52761774 4688.6136207  4769.08756229 4770.2776565  4779.29014596
 4789.9849939  4816.61879758 4819.45831709 4835.35873969 4845.9427215
 4876.78250471 4876.85433769 4883.02160767 4886.66812325 4889.00611187
 4889.04561168 4908.04551919 4909.12344728 4913.47619275 4919.83836178
 4925.6006004  4926.71459498 4927.80455634 4939.7742314  4940.0693633
 4945.7667689  4947.34972786 4954.89612446 4957.79391035 4962.35332149
 4969.10422196 4979.1484064  4982.23729136 4986.62743666 4994.74203049
 5005.39604529 5016.94715573 5028.98649712 5035.7640308  5037.80605419
 5041.74670167 5049.97079497 5052.41004977 5052.79858121 5054.0937749
 5055.16156971 5059.02811755 5069.46103343 5073.50418041 5080.11518157
 5080.25848087 5080.65097896 5089.20257066 5095.71533896 5103.63446708
 5103.78903299 5113.92748364 5130.29573729 5142.95057569 5149.9745415
 5156.38167697 5157.89263628 5164.75390288 5167.97142055 5190.06277968
 5195.34662063 5213.757731   5221.17799488 5239.24890691 5241.41972968
 5286.26471138 5297.37542396 5309.72296385 5311.75712062 5314.27707502
 5330.70769503 5330.76556142 5334.17264483 5335.92500297 5343.54396588
 5344.20732932 5350.39326587 5353.82368251 5370.34503541 5371.16603142
 5371.42359683 5372.85735652 5375.57584328 5375.8745085  5384.40663363
 5384.57583281 5384.58756608 5385.37326226 5397.57693618 5397.89266798
 5403.7647394  5403.94467185 5404.31320339 5409.6605107  5415.67601475
 5417.30484015 5420.65182386 5424.23753974 5425.86136516 5429.75881286
 5431.97743539 5432.05400169 5441.43505602 5442.25448536 5450.51967846
 5454.56405878 5456.17311761 5457.68141027 5471.77697498 5477.43448078
 5481.35952834 5481.97385868 5483.57768421 5484.3938469  5488.80779208
 5490.33871796 5490.59455005 5495.31956038 5495.9326574  5502.97372312
 5536.11562845 5538.89728158 5538.91828148 5544.21225571 5575.57823635
 5578.98831975 5607.41078139 5615.25084323 5615.27594311 5639.45345875
 5639.67899098 5642.12471241 5649.01624553 5677.31854109 5694.54445723
 5714.57702638 5715.10062383 5715.55868827 5718.63370664 5727.88579493
 5738.30941086 5739.60297123 5751.78184527 5754.78183067 5766.69990599
 5770.36978812 5781.87539878 5782.6174285  5788.97583088 5791.43248559
 5828.83543685 5836.48716627 5862.0419752  5872.07332637 5891.51356507
 5898.14903277 5906.80145731 5908.41064948 5917.77763722 5928.44095198
 5934.75202125 5936.6735119  5938.13487145 5943.66377787 5944.37267442
 5955.7299858  5957.64207649 5967.46256202 5967.64126115 5968.23162494
 5993.43533559 5994.18216528 6008.95506004 6049.32403019 6068.65336943
 6078.08982349 6108.23297676 6173.51949228 6185.80689914 6186.01139814
 6186.02566474 6186.04873129 6186.0666312  6186.84066077 6196.24738165
 6198.97836835 6241.82645977 6251.3174469  6258.42264565 6265.98550883
 6267.24290271 6268.90016131 6276.05925979 6276.22432566 6284.90628339
 6290.30135713 6291.32205216 6296.58135989 6296.7232592  6304.66218722
 6307.61003954 6310.30519309 6324.58812356 6327.89760745 6330.87389296
 6332.31761926 6335.32210464 6335.54880354 6339.36595162 6350.14589914
 6355.96700414 6356.3660022  6366.3641202  6366.59868572 6366.78305149
 6372.48085709 6380.59148427 6383.58236971 6386.16272382 6389.53334074
 6395.30207933 6399.66349143 6400.8329524  6401.83771418 6407.2359879
 6407.66981912 6408.51531501 6428.21341912 6443.25034592 6449.52568204
 6452.74203305 6456.64628071 6470.03221555 6470.44724686 6523.91865323
 6524.0211194  6608.72137375 6609.38237053 6609.90493466 6614.92201023
 6637.19456848 6637.47870043 6637.62459972 6646.68892226 6647.39885214
 6679.90022726 6681.65151873 6698.30997097 6777.21092022 6811.1450217
 6813.69090931 6892.46759249 6925.63349771 6926.91172482 6955.81321746
 6972.1304047  7067.75980585 7073.61371069 7089.91716466 7093.68457965
 7130.53066695 7200.03989525 7227.21046299 7276.11142494 7310.32635839
 7310.49879088 7310.8909223  7320.99293979 7325.85531612 7327.2773092
 7364.4257617  7381.62327798 7394.19178347 7395.26184493 7469.19018505
 7477.30274556 7493.50956666 7496.58145171 7514.16863276 7540.3655719
 7546.89600678 7551.25448556 7574.04427462 7606.09415194 7607.27437953
 7609.71970096]"
257,715710_2024-07-16_D-193,MRN,True,"[  52.4702558   386.14829814  466.13557543 ... 7610.67716297 7610.98616146
 7611.39849279]"
258,715710_2024-07-16_D-197,MRN,True,"[  22.67016753   22.90639971   24.20782671 ... 7611.92765688 7612.08175613
 7612.16278907]"
259,715710_2024-07-16_D-208,SCdg,True,"[  54.9476104    85.13929676  139.78029744 ... 7609.642168   7610.77129584
 7611.63162499]"
260,715710_2024-07-16_D-213,SCiw,True,"[  23.46763031   33.48491488   42.24290558 ... 7612.25088864 7612.29942173
 7612.67061993]"
261,715710_2024-07-16_D-215,SCig,True,"[  38.22852512   45.10499165   45.11872492   45.16325803   51.059696
   63.81670056   66.68331994   69.37197352   75.34291112   78.12393092
  131.97266878  139.98852976  161.72752394  197.90644782  199.71417236
  210.5512196   249.81746179  260.83750814  262.22890137  262.35420076
  269.21323404  271.36825688  272.8364164   279.93671517  282.2511039
  282.89013413  286.81621502  287.77584368  293.84014749  296.96239896
  303.86796534  307.41831473  315.9554065   322.62807402  331.4041313
  334.92711415  340.53965349  342.56121032  343.49303912  344.97883188
  345.35239673  346.33299196  353.59352328  360.47658978  367.97705326
  368.06098619  368.57321703  369.85071081  371.95620056  374.35635554
  375.98958093  386.97489412  391.09587406  393.29339669  401.15699175
  413.1017336   417.84101053  418.56150702  419.09013778  423.49684966
  443.89301704  450.25448608  472.37097841  473.08757493  477.68321922
  481.34333474  486.89260772  489.76426041  493.25997673  505.27971822
  517.92878998  520.1494125   561.72001014  595.69224476  607.3384214
  608.58434867  608.6266818   675.57472257  683.36328465  700.73786674
  714.49453311  716.3578907   753.29061092  761.13697272  769.10686726
  775.94766729  788.71660513  799.46085283  800.55638083  815.1138433
  829.10507519  837.15536934  839.99842216  843.96726951  844.12523541
  844.34236768  844.43776722  852.18402951  852.26252913  853.47728988
  856.93417305  857.93973483  860.80778753  862.64571192  862.74354477
  864.70586856  864.91426754  866.73905866  867.00845735  869.23681317
  874.85775247  875.13335113  875.26138384  878.13296986  882.99121288
  883.79687562  890.50894295  891.69670383  896.59744664  902.0633867
  903.24608094  907.04122914  921.99902299  922.02982284  922.271255
  924.34934488  924.45251105  924.96687521  926.59233396  929.37468709
  932.55513827  932.76387059  933.39360085  942.18485806  943.80498351
  944.8479451   947.62486491  949.02769142  951.33721351  952.78143981
  954.18749963  956.02495735  963.7934862   964.54338255  968.08853196
  968.61466273  970.00102265  973.91223695  981.31123426  991.27068578
  991.4857514   991.67535048  993.11397681 1009.68839612 1012.06548455
 1016.48792969 1016.54279609 1019.88267983 1020.09187881 1029.43859998
 1032.32798592 1036.37916619 1038.94678703 1041.20924268 1047.6688779
 1048.83127225 1054.88857609 1056.22373626 1060.03085106 1060.58878168
 1066.97648392 1067.25731588 1068.58020944 1070.24750133 1084.0366342
 1087.57058367 1090.40620319 1091.70036356 1112.43716262 1112.67366147
 1114.07678797 1114.90471727 1118.14856815 1118.52779963 1119.02346389
 1120.19655818 1121.38951904 1126.65139342 1132.34693236 1132.50253161
 1133.34666083 1140.25969384 1147.34479269 1169.39781867 1173.437399
 1177.16834751 1179.88416762 1191.241979   1203.11608786 1217.13111964
 1228.20829905 1229.75912483 1236.54259181 1236.69839105 1237.43298748
 1239.5930103  1239.84024243 1240.99370348 1241.54203414 1241.91149901
 1247.75650389 1247.97823615 1251.57235198 1257.87995461 1266.01928166
 1268.14170466 1272.11218533 1273.62514463 1277.81345758 1282.40406856
 1287.11177898 1288.51387215 1293.97324558 1296.99189755 1298.21752492
 1302.40983784 1315.14850916 1347.3110526  1358.9035295  1364.69560131
 1374.05602241 1380.07105979 1392.50309927 1455.9402238  1457.92958078
 1467.69853323 1538.28298963 1617.05337285 1618.0425347  1642.68644807
 1690.37454926 1737.57285283 1892.1704336  1928.98132107 1931.1446772
 1942.33542273 1945.61367344 1949.15122288 1955.64699126 1980.53397011
 2012.51064779 2063.04120181 2136.16697917 2146.79342744 2187.14429768
 2218.40397885 2277.7199901  2373.52645705 2383.45687538 2425.34207149
 2432.03190559 2453.66500028 2462.29695826 2482.69502563 2598.64072788
 2633.22769285 2741.00206821 2782.97499722 2896.03588018 2902.04955091
 2935.15718974 3036.68956215 3061.87757287 3078.8604902  3083.32850179
 3088.81607507 3089.6253378  3093.38365284 3103.99690117 3131.28920165
 3205.24314165 3252.13248006 3296.2628319  3297.73289141 3326.64225069
 3330.36726589 3422.77604938 3435.57765373 3442.36015405 3481.31209776
 3511.23195212 3581.94690788 3604.36509875 3865.42042795 3938.9189035
 3950.00884951 3970.47074991 3996.48938992 3998.31478103 4041.8918689
 4083.37790028 4108.09717995 4158.4290016  4174.74108887 4229.78258759
 4240.75313419 4278.27875152 4305.23205364 4331.05072796 4354.24278173
 4357.7961311  4390.91910319 4395.29968187 4461.87559111 4498.74424497
 4508.39176468 4558.27895516 4609.37313977 4675.82411629 4678.14437167
 4708.66765641 4711.76557467 4712.998002   4722.0303247  4739.32480718
 4742.68639081 4805.19278654 4849.87190237 4884.11166903 4992.78657334
 5105.06196013 5122.33017607 5122.99147285 5125.10719588 5144.96776587
 5290.10445935 5438.38657086 5492.95977187 5505.65611006 5508.23096419
 5508.36259689 5556.51219583 5559.76364667 5566.58168015 5599.21732128
 5621.72654504 5628.17624698 5630.68323477 5633.11702292 5641.85038041
 5681.29298841 5708.84608761 5724.09941336 5731.42554437 5755.18799536
 5849.09637155 5895.29164668 5924.55687088 5944.62650652 5949.39031666
 6109.19607207 6112.92052061 6116.51826976 6116.55380292 6133.23395506
 6141.69688053 6162.12924773 6167.9354528  6172.12726573 6177.98300389
 6208.8566536  6213.09069965 6217.67981065 6229.75781852 6236.32868653
 6250.32068509 6260.04763774 6272.36401111 6282.1247636  6284.07242079
 6307.53057326 6320.78140876 6327.41057649 6359.61495305 6368.04434535
 6436.25021333 6451.02144142 6451.99283669 6487.11479906 6494.56902944
 6503.22385397 6522.33332761 6534.77373372 6538.84438057 6539.89254214
 6544.17848794 6549.67422785 6559.74757882 6597.83212676 6597.89472645
 6607.98411067 6609.82010173 6610.40579888 6621.39561205 6622.28647438
 6622.76413872 6626.77665252 6640.86951726 6648.9001115  6654.20141902
 6658.18723295 6660.17448995 6667.35292167 6680.78362296 6684.95533598
 6701.52102201 6708.91265269 6715.91211862 6719.14440289 6721.42029181
 6723.66971419 6730.87401245 6733.53629949 6741.31479496 6744.60444561
 6746.48030315 6752.25164172 6752.46904066 6752.69230624 6755.89285733
 6761.11849856 6764.57314841 6768.09246461 6794.100638   6795.84572951
 6797.59628765 6819.27551545 6829.52296557 6829.66523154 6835.00420555
 6852.34935445 6858.76108991 6862.40687216 6879.38592284 6886.3996887
 6889.84930524 6920.67695517 6928.70978274 6932.78412957 6934.12212306
 6949.77261354 6958.72586995 6962.14395331 6966.69423116 6974.88185797
 6978.62037311 7028.52949682 7028.64396293 7028.92722822 7033.49987262
 7062.65029739 7064.66948756 7070.46689267 7076.61549607 7082.11666929
 7082.64450006 7092.21408681 7097.29612874 7100.22668114 7123.29190219
 7127.27838278 7132.45045761 7134.73564648 7135.75247487 7137.97359739
 7139.46682345 7142.59984153 7149.14280968 7155.2959464  7167.68761941
 7178.12290194 7185.28906706 7186.66102705 7189.38441379 7189.57201288
 7204.13357532 7211.13724123 7213.56232943 7219.69589957 7232.32103811
 7234.43512782 7238.05374354 7240.80266349 7246.20767051 7261.23666402
 7265.11684513 7267.73099907 7269.23772507 7272.85290747 7289.72052536
 7295.96326164 7303.88492308 7307.40163929 7310.15045924 7321.39077119
 7332.13988553 7336.89419572 7342.54236823 7349.73253323 7351.44699155
 7351.76952331 7355.0099742  7356.82583203 7362.44497134 7394.46991545
 7424.18897078 7443.28891113 7465.61870243 7502.51392283 7504.44231344
 7533.56303835 7535.90639361 7569.40529721 7574.84137074 7575.0158699 ]"
262,715710_2024-07-16_D-216,SCig,True,"[  21.87567139   23.61109628   23.92829474 ... 7607.78717703 7607.80947692
 7607.83687679]"
263,715710_2024-07-16_D-219,SCig,True,"[  37.29452967   50.38656594   51.29526152   60.63961603   71.62036257
   83.2699392    93.11695793  112.32039778  116.79480933  176.86918356
  180.8397309   186.14843839  188.61189307  204.31671662  223.8416549
  262.26906784  274.79117355  298.85942306  321.1590145   361.97264916
  372.3512653   420.41963131  460.20117099  499.71641197  502.84443007
  511.14675632  551.68059234  552.57472132  604.8268003   648.26678883
  668.75288911  715.98625918  718.66237948  733.24080852  758.84901719
  807.40248084  838.25836397  871.25747     888.89468414  907.13966199
  929.51551973  967.2733026   988.25060048  992.52834632 1019.19508318
 1031.11355849 1061.35624461 1075.30527671 1075.47377588 1109.83677527
 1111.66733303 1112.45072922 1144.77487187 1147.37085923 1154.77478985
 1165.56423733 1176.58625034 1221.98522934 1249.72112766 1273.57507821
 1276.07606603 1298.95768798 1308.85417314 1333.17968806 1341.13094935
 1345.3050957  1345.66556061 1371.47826829 1394.12285806 1410.42811202
 1414.47979229 1422.20212137 1427.79916079 1436.58038471 1436.60968457
 1438.95030651 1446.42257013 1447.75093033 1448.27039447 1448.3881939
 1458.43454499 1458.62751072 1465.06494605 1468.33933011 1470.78301821
 1473.03410726 1477.71168449 1481.27056716 1483.73915514 1489.31616133
 1492.03211477 1492.79637772 1496.12932816 1496.96345744 1497.18448969
 1500.1277087  1517.86678901 1523.35696229 1523.63832758 1525.02068752
 1525.68538429 1531.92502058 1532.00552019 1532.69128351 1538.69208764
 1541.03490957 1547.79384333 1551.55705834 1551.80489047 1556.03553654
 1576.66273613 1576.8480019  1581.10898115 1587.79651527 1588.94314302
 1605.43456274 1620.03012502 1621.11135309 1628.92754838 1629.05421443
 1637.76680535 1638.74203393 1642.04841784 1651.22030652 1653.19783023
 1657.98054028 1660.58419427 1666.31233306 1666.95909658 1673.09406671
 1682.29905523 1689.76811888 1693.86413227 1711.51274636 1733.30580694
 1733.70487166 1739.52517666 1746.94980719 1750.82515499 1755.85843049
 1756.68862644 1758.98954858 1764.82562017 1774.22527441 1793.19834872
 1794.41527613 1801.82054008 1805.98428648 1808.48077432 1811.07526169
 1815.95713793 1816.20817004 1816.3950358  1823.88303268 1836.01890694
 1843.84500217 1849.45797485 1852.93395793 1853.88175332 1854.28985133
 1856.65677314 1856.80667241 1857.21537042 1858.77756282 1859.19296079
 1861.4368832  1861.5203828  1864.10397022 1864.53963477 1868.20438359
 1872.19863082 1879.8923267  1883.71480809 1897.66234019 1898.09430476
 1904.54467336 1904.68787266 1904.77423891 1915.28315442 1916.59338137
 1917.79277553 1919.20226867 1922.04252151 1922.08395464 1925.92490261
 1929.21318661 1929.77708386 1934.36939484 1935.81118782 1937.26341409
 1939.36443719 1940.46209851 1943.79148231 1948.7085917  1949.675887
 1951.30207908 1952.00504232 1953.58326798 1954.57236316 1957.25471677
 1958.74054287 1959.70103819 1962.11552644 1963.0417886  1963.80898486
 1965.68060909 1965.84320829 1966.0470073  1967.71613251 1969.07519256
 1974.49253286 1976.2581576  1976.68438885 1977.59041778 1984.07915286
 1984.39901797 1988.99016228 1989.74132529 1990.4116887  1991.55258314
 2004.45835365 2005.25244979 2006.48147714 2015.12470173 2015.86483146
 2019.30638137 2020.95480668 2024.70195511 2028.00250571 2032.56838348
 2035.3575699  2036.07896639 2053.75934699 2054.99900762 2057.3664961
 2057.63762811 2058.72818947 2065.90952118 2066.27971938 2068.01424427
 2069.28750473 2071.4577275  2077.84622974 2082.30394137 2082.49287379
 2084.07133277 2085.38419304 2085.41715955 2085.83709084 2085.84152415
 2086.77861959 2088.71647682 2089.77347168 2096.63360495 2096.74140442
 2102.08007844 2104.11990184 2104.76939868 2105.25529631 2115.94401095
 2116.97857258 2122.84034404 2128.28891752 2139.16923122 2139.67796208
 2144.56067164 2149.50341425 2157.24684322 2158.02337277 2158.52970364
 2159.49286562 2161.74515466 2166.03450044 2167.78052528 2169.84161524
 2169.99748115 2174.72092483 2178.46913991 2186.18410236 2187.93102719
 2190.45524823 2190.76901337 2196.44251909 2198.84460739 2198.85117403
 2199.96633527 2207.50216525 2215.54479276 2216.13608989 2216.96588585
 2217.49434994 2217.76968193 2219.50884013 2223.39405455 2226.63730543
 2228.9919273  2232.10397882 2233.00220778 2238.51851426 2245.57011327
 2246.59660827 2248.50719897 2250.761288   2251.92351568 2253.05111019
 2259.77997743 2262.87259571 2264.40675491 2264.98488543 2268.79763353
 2269.76212884 2273.89517539 2280.75550866 2285.64411819 2286.3471481
 2295.28637125 2297.02826278 2301.37800827 2301.78573962 2303.2887323
 2307.26271295 2309.67366788 2315.59353907 2328.0840116  2339.72915491
 2339.87712086 2348.24528012 2349.93940521 2351.54013075 2351.69306334
 2351.83729597 2359.42185905 2365.55306253 2370.78550373 2373.70792284
 2375.91897874 2376.63264193 2381.19048641 2382.18214825 2385.13820053
 2390.4858745  2391.72120182 2395.47578354 2400.13586085 2403.22637914
 2403.39817831 2404.74143843 2405.26383589 2409.75414737 2410.77337574
 2410.84110874 2410.93980826 2411.99813644 2420.49316176 2422.3332528
 2426.91246384 2429.3184188  2430.31711393 2436.57128349 2450.08955102
 2462.3571913  2466.08993979 2467.20646769 2471.7519789  2477.37445153
 2477.43368457 2484.04515239 2484.29288452 2484.69108258 2487.14970394
 2494.04927036 2501.15396911 2506.77664173 2509.66912765 2512.96051163
 2520.38374216 2525.18545212 2529.15136615 2530.32672709 2530.84069126
 2535.29926955 2537.87992366 2542.5141011  2547.35681086 2549.88016524
 2551.21409208 2554.68327519 2568.64054059 2569.99793398 2573.61721636
 2579.45892126 2582.2236078  2583.91746622 2585.92472311 2588.89167534
 2592.5831907  2594.11458325 2601.00411637 2604.778798   2615.21004722
 2627.16065571 2633.50035819 2639.32139652 2640.63132347 2641.47835268
 2644.41407172 2647.37585731 2653.81189264 2672.61440111 2673.14083189
 2678.01800814 2680.67612854 2682.06925509 2686.45360041 2686.89716492
 2691.73864135 2693.88409757 2697.11271519 2709.8123867  2712.71427258
 2714.37029785 2716.05445632 2718.59694394 2720.19233617 2722.16462657
 2723.46962022 2733.11100662 2739.76724089 2742.03092987 2750.32795614
 2750.92975321 2753.25780855 2754.20767059 2757.05029009 2759.75041028
 2761.30646937 2763.04936088 2768.77169969 2783.24072926 2783.85115962
 2789.41909918 2789.56266515 2790.86285882 2793.19964745 2794.9632722
 2801.55290678 2812.73915233 2822.17877305 2823.16640157 2838.74235908
 2856.563239   2861.93117953 2866.18862548 2876.07334402 2878.1055008
 2878.77463087 2878.91139687 2896.30334555 2897.23304102 2898.48113494
 2904.21560703 2905.70326645 2908.14545457 2913.8825933  2921.9159542
 2922.81428316 2923.61904591 2928.35105621 2930.0639812  2930.23828035
 2934.72282519 2940.64779635 2946.0390701  2947.26179748 2947.79382823
 2949.689719   2952.25490651 2954.11846411 2959.33850536 2960.10676829
 2962.08485866 2965.05531087 2969.12395773 2982.99862352 2984.15671788
 2989.10869378 2996.63725713 3008.05430155 3012.07834863 3015.83946365
 3022.74766336 3025.05248547 3043.25533019 3048.76510337 3054.95390658
 3072.74678663 3077.75946223 3091.42956235 3095.69124161 3097.06543492
 3100.04638707 3108.80991108 3110.37970344 3117.2897698  3130.55613855
 3131.28486834 3131.93176519 3133.32372508 3139.98719264 3140.74745561
 3148.15815287 3148.17091947 3156.08768093 3164.93563786 3168.31798806
 3176.77774688 3178.42230554 3188.10612507 3196.03328648 3200.44869832
 3200.83446311 3208.04379468 3209.76941961 3212.66240553 3213.50093478
 3216.49548687 3222.65259023 3228.1720967  3235.9441922  3252.90360964
 3271.03602137 3274.60980398 3274.81913629 3283.64555999 3288.00007213
 3288.10300496 3288.7654684  3303.15899833 3308.07447441 3316.70669905
 3322.2499054  3331.74202586 3334.53521226 3342.92017145 3353.1049552
 3355.18444508 3358.5618953  3358.63782827 3363.6149707  3375.62634557
 3379.15442839 3389.16251301 3401.50228627 3416.35344731 3417.76407378
 3425.33537025 3431.59403979 3433.32173138 3447.81636082 3462.18895752
 3463.69048354 3468.48119356 3478.40184526 3495.87059356 3495.89486011
 3503.37602369 3503.82278818 3504.58545114 3512.5430124  3513.58560732
 3515.87042954 3530.31685921 3534.00264127 3534.34720626 3540.13367809
 3545.25568649 3558.29292303 3561.86850562 3576.50106772 3577.0681983
 3577.96072728 3578.12149317 3578.26412581 3578.57705762 3578.60069084
 3580.57371456 3580.88384639 3583.20040178 3591.33392885 3592.32632402
 3598.29366164 3601.71664498 3611.57679698 3613.25335548 3619.09496038
 3641.70788363 3655.1506182  3655.77418183 3663.15421257 3665.35000188
 3665.87709931 3666.80719479 3669.31838256 3673.40336268 3682.93488294
 3685.51447039 3687.18202894 3687.20826214 3688.09295783 3688.09549116
 3689.89158241 3699.77900095 3702.85178599 3703.16045115 3706.19940303
 3712.82713743 3712.90483705 3714.47232942 3716.87135108 3733.33090429
 3735.45319396 3736.38468942 3756.88005632 3765.3464151  3778.52898427
 3779.85811113 3782.03216721 3790.17649423 3790.56029236 3803.82849444
 3808.09340701 3818.46822318 3824.27632824 3829.23983741 3831.08099511
 3836.9037001  3856.47587149 3872.91725812 3880.95558566 3889.45961093
 3894.45555328 3895.55528126 3915.26838529 3917.42004149 3918.95540068
 3921.30108926 3921.36438895 3921.5319548  3923.80517707 3924.29607468
 3925.18070371 3931.52743948 3939.08663601 3945.28780583 3961.74259239
 3962.45828891 3965.0485763  3969.56822097 3969.83351967 3987.00690274
 3994.38286684 4004.82608267 4004.8392826  4011.45645039 4019.03661349
 4022.41226372 4033.74237524 4044.10852478 4064.71765778 4076.86369866
 4090.86376384 4106.81818618 4106.86741927 4109.35567382 4109.66007234
 4110.9279995  4119.865056   4133.64595558 4138.70079764 4141.46135087
 4144.69696845 4161.38232056 4166.74832777 4171.3437054  4171.69180371
 4194.17579426 4199.93759954 4206.29723525 4209.24318758 4221.53859439
 4222.87602121 4229.08659098 4235.28609414 4246.10580813 4248.34099725
 4255.86069398 4263.37612406 4272.66837883 4283.46619293 4297.78088992
 4303.98329306 4330.38953118 4330.50649728 4339.59245305 4342.31083981
 4344.91646046 4345.53245746 4359.48235622 4366.35195612 4367.71754947
 4392.6633947  4403.03324422 4403.92423988 4415.65144946 4420.41815959
 4433.58879548 4442.04848763 4486.42987159 4486.47377137 4495.50706073
 4511.97398057 4518.52461535 4519.84464226 4532.40311446 4532.44684758
 4532.63674665 4552.93584784 4567.93160817 4575.00954039 4584.27182863
 4588.41500846 4593.33325119 4593.5164503  4599.86801938 4620.20808703
 4698.15857424 4703.57028123 4720.77289749 4732.66020629 4734.88389546
 4742.91162305 4797.85085561 4802.7211319  4826.53608264 4841.56474281
 4844.56166156 4852.50722288 4858.70449271 4864.11733303 4864.21066591
 4918.1224368  4920.0945272  4924.46807258 4924.59507196 4931.04594056
 4941.72858856 4947.15066216 4976.17612087 4977.04008333 4977.08931642
 4978.41060999 4984.3857809  4987.18213396 4987.69393147 5005.9693425
 5010.40132093 5021.53430007 5055.55430113 5061.65313811 5070.13933013
 5071.75892224 5078.85275438 5084.10532881 5093.29178409 5106.83015152
 5122.24644314 5133.18112325 5134.27435126 5146.9125564  5147.31315445
 5160.44855718 5160.9437881  5182.24271775 5184.04357565 5185.52023513
 5185.52810176 5227.67296327 5242.48615782 5259.76217372 5264.12805247
 5296.70366056 5297.55682308 5297.98762098 5307.35897536 5350.32096622
 5356.29247049 5357.23956588 5358.04699528 5358.85615801 5361.91604311
 5372.14875997 5386.56055648 5388.62877974 5401.03338603 5401.92984833
 5424.62323786 5439.08773411 5441.10815761 5443.45287953 5537.44128867
 5582.99396692 5583.12316629 5588.0308424  5594.91760888 5654.61515161
 5672.22656588 5709.4374514  5736.33832045 5756.55145539 5784.7812513
 5799.09848161 5831.30149151 5868.40927754 5916.22734476 5922.54468068
 5986.64033533 6016.02159231 6018.14724862 6019.4608089  6027.5617028
 6039.80797651 6042.02663238 6093.14148356 6129.67697237 6174.20712227
 6236.51041898 6238.07854468 6251.46641284 6290.38755671 6296.05039581
 6328.16660614 6346.48158365 6370.69416578 6438.16090403 6440.77405797
 6452.4166013  6506.63977068 6542.523596   6609.90906797 6611.42079394
 6658.52799796 6665.66829654 6726.31180133 6726.31380132 6842.2334037
 6885.68935882 6896.05417503 6984.09071314 6990.05921742 6993.09630264
 7021.42629806 7029.35485947 7044.22958706 7063.63979257 7074.4807398
 7153.99858604 7171.88853229 7207.0889276  7283.34562306 7318.95254973
 7357.53319525 7417.13303846 7440.17045965 7497.87657874 7509.24932338
 7559.35947944 7598.83178729]"
264,715710_2024-07-16_D-225,SCig,True,"[  20.27684584   20.37361204   20.4784782  ... 7609.72226761 7610.44389743
 7611.43905926]"
265,715710_2024-07-16_D-229,SCop,True,"[  38.03302608   41.6639084    44.04813013 ... 7584.73858923 7586.9440785
 7611.65329155]"
266,715710_2024-07-16_D-231,SCsg,True,"[  20.60111093   21.03460882   21.10444182 ... 7611.63142499 7611.63602496
 7611.68609139]"
267,715710_2024-07-16_D-232,SCsg,True,"[  31.17149281   33.58824771   40.55111382 ... 7530.95261773 7530.97788427
 7575.42273458]"
268,715710_2024-07-16_D-239,SCsg,True,"[  20.67551057   20.71281039   20.71627704 ... 7609.7867673  7610.95049497
 7611.45905916]"
269,715710_2024-07-16_D-246,VISp,True,"[  21.70190557   23.26789795   23.327031   ... 7598.58758848 7609.81510049
 7611.74642443]"
270,715710_2024-07-16_D-259,MRN,True,"[  22.78383364   43.82459788   45.06342518 ... 7570.93448976 7581.59970451
 7585.33041968]"
271,715710_2024-07-16_D-264,SCdg,True,"[  20.85084305   21.27447432   21.41710696 ... 7605.17645641 7610.52553037
 7612.63195345]"
272,715710_2024-07-16_D-265,SCiw,True,"[  23.85939507   23.87669499   28.62020523 ... 7509.6887879  7556.61082616
 7599.30458499]"
273,715710_2024-07-16_D-268,SCig,True,"[  38.91148847   39.01632129   43.8823976  ... 7611.82645737 7611.96319004
 7612.10655601]"
274,715710_2024-07-16_D-274,SCsg,True,"[ 372.4409982   629.44048048  649.02701847 ... 7609.77073404 7609.78326732
 7611.52972548]"
275,715710_2024-07-16_D-281,SCsg,True,"[  32.34505376  128.61075182  425.4756067   470.33038835  612.1394647
  816.79496845  850.08013975  869.36844586  930.3361824   943.71871726
  977.50018615 1141.17948937 1185.74867241 1202.94305537 1221.23149968
 1236.85849028 1260.48900858 1296.22876793 1335.11071199 1356.51307447
 1394.11755808 1396.23198112 1413.41916412 1416.14201754 1435.22645797
 1466.27050685 1474.72809901 1489.96782482 1495.59233078 1566.29745326
 1583.21443757 1592.73155791 1597.4992347  1605.65676166 1606.53082407
 1624.7319688  1647.42325834 1658.69240348 1664.46684204 1744.57518541
 1799.43288504 1848.40847996 1848.47214632 1856.83367228 1869.61701005
 1889.87407811 1893.26816158 1913.70469543 1929.66198442 1930.66147956
 1974.13060129 1984.94808196 2037.68489191 2092.5761247  2130.4230738
 2136.41794462 2141.15502156 2141.70648554 2143.61690957 2157.1889435
 2165.35090377 2172.75803438 2248.56886534 2258.67944945 2278.7333185
 2318.92018954 2333.90068328 2401.11072278 2411.81897065 2436.78398245
 2448.93078999 2450.14505075 2453.65103368 2467.50979955 2485.62257804
 2501.24906864 2501.87549893 2508.7413655  2513.21524373 2517.49128958
 2529.52426433 2536.48653044 2540.53374407 2545.01455559 2574.76931075
 2582.12024163 2586.15842198 2591.905994   2607.21185282 2628.73008141
 2647.31292428 2657.47254149 2684.87227478 2685.77940369 2691.399843
 2693.71876505 2694.19002942 2703.23185207 2711.80324368 2713.56490177
 2723.95745118 2726.64527143 2729.46219105 2767.95740366 2769.30349711
 2803.05826612 2818.43725793 2833.68278371 2841.34801306 2852.0976274
 2853.77041926 2863.90356993 2893.23562715 2932.61886876 2935.26432255
 2952.2768064  2963.12162028 2967.79863084 2968.03526303 2989.66752439
 2991.34041624 2996.13109292 2997.02492191 3005.97701166 3007.27977199
 3026.78404371 3039.13935023 3040.68427604 3053.77311233 3076.9029664
 3077.32603101 3084.8246945  3092.80865564 3093.36635292 3101.05604882
 3103.5126702  3109.37087501 3117.73340097 3134.46451953 3136.29747727
 3142.66157962 3148.43618485 3151.15243829 3151.63430261 3172.50180103
 3188.94595431 3193.75366424 3197.60967881 3201.46442671 3213.26006929
 3217.53951512 3248.13843284 3249.8716244  3257.61222005 3274.63900383
 3281.69293616 3289.87119635 3293.4278457  3312.97795054 3321.25131026
 3329.29113779 3337.16663279 3338.50512627 3342.15867515 3344.0524326
 3359.99895497 3367.8068503  3374.45668459 3378.77603023 3378.87159644
 3391.30433591 3392.09599873 3398.750933   3403.5363097  3408.65838477
 3408.67588468 3410.19444396 3410.63357515 3426.79672981 3430.00304753
 3432.84296704 3440.41863016 3451.49937622 3451.87947437 3457.82091212
 3464.88041108 3466.4377035  3489.32205877 3502.62686067 3521.11060403
 3522.44149755 3525.15295102 3526.09537976 3532.87201344 3541.52493798
 3560.24184687 3560.57151193 3560.77174429 3560.8582772  3568.2485079
 3571.09709403 3571.6293581  3599.30449005 3600.88524902 3604.31609899
 3609.41444084 3609.43057409 3616.75263845 3616.76003841 3619.32195927
 3633.83765528 3649.23111368 3649.57434534 3649.94874352 3661.21745533
 3662.33811654 3665.11056971 3675.55325221 3684.55860837 3686.18053381
 3718.80054169 3720.31776763 3742.24132758 3744.87538142 3758.74468057
 3760.99186963 3777.12705776 3781.48916986 3784.63942119 3784.80618704
 3820.40018044 3831.02322873 3850.19470207 3871.67083086 3887.62201987
 3892.48276288 3907.57422275 3911.41410406 3916.23624725 3918.59273578
 3921.61938771 3929.2570172  3929.67541516 3955.41682319 3956.08668659
 3969.41448838 3969.77615329 3986.88063669 3996.46379004 4008.06680022
 4011.4061173  4019.51331117 4019.98500887 4024.97408459 4049.86196343
 4063.05316589 4063.34033116 4070.95192744 4081.19074426 4087.50244687
 4126.42329074 4156.97510868 4185.49196986 4188.98191954 4193.01633324
 4200.39473065 4206.21580232 4213.41843392 4215.46145731 4253.51367207
 4259.84824124 4268.98203011 4285.55901608 4296.38119673 4313.717379
 4318.37565633 4319.40391799 4324.02962881 4330.78546259 4339.31392107
 4341.50424374 4345.35179168 4355.28437666 4356.82980247 4381.90924705
 4387.21662122 4397.15107286 4401.55098477 4418.01007132 4434.646057
 4444.32667654 4456.72628285 4462.65018734 4467.66212961 4474.65356225
 4486.78723651 4540.15374339 4544.25929008 4552.42778365 4556.61852991
 4560.95604213 4565.01552237 4574.27807728 4577.66866077 4605.04112753
 4616.09577371 4620.57871856 4623.39640484 4624.61409891 4627.75038365
 4628.70624566 4636.51520765 4643.6467396  4646.49829238 4667.08945881
 4671.56660369 4679.41253216 4681.84485365 4684.49624075 4687.25962729
 4699.17213597 4703.95424603 4706.75119908 4708.05129275 4713.35133361
 4721.90182532 4743.65848608 4766.53777471 4776.63172557 4780.09604204
 4786.35487824 4790.24135932 4791.02418884 4796.84069386 4801.64247049
 4807.25250984 4808.62510316 4814.85570616 4822.51556888 4823.27479851
 4826.49764949 4827.38194519 4835.75663775 4846.03065441 4859.6865546
 4866.11675663 4874.37828308 4874.51041577 4897.03163947 4901.67458354
 4907.23018983 4909.21994681 4914.33645523 4919.314031   4919.34966416
 4926.13593113 4957.92407638 4961.34855971 4963.07241799 4964.45601125
 4977.80071296 4985.06204428 4988.12339604 5000.62016854 5018.15004988
 5023.99565475 5027.72313661 5037.23149032 5043.26306096 5046.25057975
 5059.74508073 5075.780536   5083.27263286 5094.36404554 5097.19063178
 5103.81039955 5121.38958065 5138.96029511 5156.3629104  5161.80645057
 5162.31081478 5166.28159545 5181.23738931 5193.01416532 5194.22179277
 5196.27011613 5200.95082668 5203.14548266 5216.44495126 5227.16003243
 5252.40340955 5253.30923847 5256.04042517 5256.97692062 5277.56998704
 5285.34618252 5290.22782542 5293.91787412 5296.03169717 5309.20313305
 5309.92432954 5310.54579318 5319.02688523 5320.25247926 5323.73129566
 5323.74662892 5327.42434435 5332.42072003 5339.46445241 5355.51724093
 5359.74012037 5365.43442599 5375.31481122 5383.76457009 5395.44954654
 5403.38324125 5404.0385714  5405.67059679 5409.31294572 5432.89246427
 5436.69621242 5439.30873304 5440.75579266 5441.0005248  5441.30059001
 5442.11411938 5442.77658282 5443.30128027 5464.94780823 5475.01972586
 5484.4485133  5500.70390084 5501.68666272 5504.27948343 5515.04136438
 5527.14287213 5544.75005309 5549.90029468 5559.77867993 5561.56237125
 5575.23823801 5581.49674088 5604.22699689 5605.60625685 5608.99477368
 5614.23828149 5620.96228209 5624.27879928 5636.55613952 5662.47994665
 5692.15780219 5693.03693124 5714.39912725 5716.25408489 5750.73375037
 5781.82579902 5813.89077626 5827.05837883 5842.14707205 5842.77763564
 5849.43746989 5854.94587641 5858.40605957 5883.45833761 5886.02022514
 5886.02569178 5888.95744418 5908.15161741 5928.87594986 5933.64222666
 5936.79347798 5947.37389314 5961.36975835 5985.66954006 5990.49314991
 5993.06840404 5998.09954622 6012.37421006 6014.92699763 6033.54354034
 6036.71845822 6038.4697497  6107.8197121  6132.75972403 6161.76661616
 6171.76126751 6181.54685321 6246.10910559 6246.42467072 6308.55326828
 6329.05380182 6374.66894643 6476.14551912 6508.54292808 6520.03857212
 6553.15921089 6562.82316385 6614.4764124  6639.13845902 6661.37225078
 6684.23863947 6702.32998474 6727.84906051 6727.86842708 6738.21661004
 6755.83919092 6799.89920978 6876.40537068 6901.93954638 6948.6088192
 6960.93815918 7002.3067578  7048.72999849 7239.17920472 7256.44288735
 7594.78887364 7608.00607597]"
276,715710_2024-07-16_E-9,DG,True,"[  30.58425763   61.99759826   62.00306488   98.51843005  107.05965952
  108.86024466  113.91406959  153.06151303  163.14436311  167.35252837
  177.3927788   195.5193958   196.11185757  227.46063207  230.24827572
  251.97716298  254.47650901  298.61657789  382.87061556  390.41195329
  416.34977246  422.21725735  462.00929546  481.53926754  486.60989234
  507.58885246  541.84040298  546.88719465  570.79006395  576.42308411
  578.22026927  592.59715056  595.11822975  598.195971    598.73633321
  598.83939902  598.84903228  618.51830321  620.74248484  648.34899023
  651.48893098  653.34194901  662.62700568  681.33788452  705.6674503
  723.20823881  741.81401852  759.5960717   774.38024963  776.52193194
  780.13200214  780.75193035  787.54270761  790.50108319  800.4673009
  832.45400346  846.90815078  885.51009872  893.89032953  893.99736198
  899.95407946  901.26066867  931.85854937  964.12404963 1031.81085742
 1039.5484602  1039.55959344 1051.61416058 1166.45671235 1170.88934242
 1184.72639484 1193.5553886  1203.54467279 1242.42035181 1250.63791729
 1253.88439048 1271.36737946 1277.49886217 1300.22684118 1302.96331858
 1328.27527626 1346.18152841 1352.50590952 1394.8053936  1422.9204948
 1425.37970782 1437.06747799 1442.56646592 1443.84248871 1450.87803062
 1450.93036353 1497.8610427  1502.42730499 1547.32136765 1591.59810207
 1594.94540776 1595.77706756 1596.68719338 1617.24039035 1630.54798047
 1637.87915327 1647.12284361 1700.20937196 1728.5403047  1742.57928879
 1751.60578092 1777.8824973  1911.31536224 1940.90561792 2132.47066955
 2132.55866883 2134.88514962 2137.30316299 2166.38205622 2170.99071817
 2323.86722258 2336.2259872  2351.71349266 2352.18858873 2352.20925523
 2371.96692543 2420.84388853 2451.15837156 2464.34499602 2475.04824098
 2505.80185372 2506.97624402 2521.32079225 2542.78958166 2552.42433544
 2578.72045165 2578.74851809 2579.2555139  2582.23218932 2591.50061279
 2608.18627503 2610.1511588  2611.6688796  2615.8717449  2616.00777711
 2617.81899549 2619.01321896 2622.84658731 2628.99730319 2637.32800108
 2645.61826596 2645.73286501 2652.39367668 2653.85043132 2655.97058048
 2656.10491271 2661.46706843 2662.10156319 2663.71544987 2664.14031303
 2664.26707865 2665.10593839 2666.15386307 2666.28399533 2669.71290035
 2674.36589526 2678.5679939  2678.98885709 2679.84395003 2679.85711659
 2680.26267991 2684.71424315 2685.70743495 2688.89240866 2693.26437256
 2702.61092872 2728.62541392 2735.55935667 2735.59418972 2735.83915436
 2736.0644525  2737.79153824 2752.92854659 2780.6258179  2781.72874213
 2786.59466862 2795.02576567 2802.90406729 2803.6299613  2803.65472776
 2815.17776595 2837.83844551 2838.11584322 2838.50790665 2838.90350339
 2846.10481059 2847.04716948 2847.953362   2848.21669316 2851.42236669
 2854.76687241 2861.39408435 2862.44864231 2868.1668951  2873.35568559
 2880.47382682 2880.85722365 2883.39616935 2909.94468348 2912.94489204
 2913.58852006 2915.42317158 2923.90590154 2926.13354982 2931.54177183
 2931.81716955 2934.60794651 2944.5167647  2945.84182042 2945.86395357
 2946.71204657 2976.372635   2996.62440112 3002.17642195 3007.43384521
 3008.62840201 3010.83885043 3021.47456261 3025.33036411 3027.39721371
 3052.13237614 3052.81237053 3052.96666925 3053.75472941 3054.15699276
 3059.67778051 3080.19701109 3121.94399973 3124.83884249 3126.30589704
 3129.9693668  3146.93039342 3210.081472   3250.84020213 3261.71044571
 3292.19189403 3345.86121756 3502.33589226 3545.12137232 3579.18702439
 3579.93388489 3633.14947883 3664.17542266 3668.84511744 3669.6692773
 3671.83239277 3685.23514877 3724.37879224 3724.89002135 3724.9444209
 3729.48835005 3737.69248231 3746.57134234 3746.60827537 3761.57301847
 3769.80371718 3788.91442605 3813.29825806 3813.64958849 3817.79982089
 3821.18592626 3837.36142604 3840.07490364 3848.7303655  3855.79370718
 3861.91398998 3875.85024158 3887.17498141 3897.41106356 3909.47759726
 3909.66159574 3909.67882893 3909.68866219 3914.55785532 3933.42159956
 3935.82047976 3949.98656279 3950.7801229  3957.91803063 3959.70901585
 3959.94961386 3971.74694979 3981.26753784 3981.28507103 3981.32727068
 3981.65763462 4007.96481741 4033.8969033  4035.39005763 4056.77644772
 4056.92521316 4065.44404282 4071.23239503 4072.36875231 4076.75948272
 4076.93718126 4077.42804387 4077.43817712 4077.68714173 4078.56553448
 4088.31468732 4090.79980013 4093.71330941 4094.51640278 4094.80260041
 4134.59850516 4146.82823752 4147.86339564 4148.72548852 4154.93777056
 4156.50692427 4156.78078868 4157.02208668 4157.49804942 4166.35834293
 4166.46457539 4166.49234182 4166.50780836 4166.8788053  4168.01972921
 4168.07679541 4186.00431405 4187.70946664 4196.97392348 4202.09848117
 4203.96149912 4205.58958567 4217.57272007 4228.75199443 4254.95487808
 4270.03158693 4294.90144825 4313.18653061 4315.23574702 4346.78615318
 4363.60254767 4370.6719893  4377.00317036 4384.80720592 4400.54440931
 4405.225404   4413.38973659 4446.6538286  4451.16155805 4463.15105905
 4475.05152746 4475.75035503 4477.86683755 4497.41784279 4504.22245327
 4522.97106514 4525.29347929 4532.76198429 4534.25163866 4535.86482534
 4535.86672533 4558.59897097 4600.65765703 4614.79660696 4621.7790493
 4622.42404398 4622.46454364 4622.60590914 4646.3409465  4658.76337727
 4664.87852678 4682.44921503 4688.12223486 4692.99432796 4728.9892641
 4729.3601277  4733.37822786 4737.28512893 4737.50099382 4737.56649328
 4765.71616085 4794.97775258 4804.64933939 4882.95079288 4899.99741879
 4937.83363972 4956.44238607 4959.34012881 4959.3949617  4971.71285999
 4980.0366246  4981.68561098 4987.09626631 5002.70157079 5002.93746884
 5002.95276872 5002.98756843 5003.22303315 5003.8228282  5003.85296128
 5017.86241228 5019.6799306  5020.23412603 5041.10942033 5041.11742027
 5054.76710757 5059.94249817 5066.63437625 5075.27350492 5090.95847541
 5091.38910519 5091.51310416 5091.66223626 5105.72322017 5109.96011852
 5111.93403555 5256.86143892 5317.09780823 5333.47493968 5337.93316954
 5339.52178975 5351.00082831 5366.45666736 5366.96542982 5366.97902971
 5367.12816181 5368.53581686 5370.15480349 5371.37536008 5383.2097957
 5388.2029878  5396.93708235 5397.54627732 5399.21366356 5399.57849388
 5399.81449193 5406.92946652 5411.8652591  5415.29289746 5418.00740838
 5424.25809011 5435.35763179 5448.4404571  5449.59281426 5449.65431375
 5455.55963166 5460.02412813 5472.61499084 5473.7577814  5483.90636427
 5490.14097946 5491.2224372  5496.81952432 5498.54991003 5500.6894257
 5500.69665897 5516.86652546 5521.25285591 5521.54498683 5537.50695504
 5545.15259191 5558.66318036 5560.84972897 5614.94911562 5657.02806818
 5664.63893868 5747.5462208  5766.78192864 5767.02056    5778.06346882
 5778.92816169 5791.19602706 5792.12475272 5852.53982056 5853.56504543
 5869.99247646 5871.80872813 5873.58284681 5873.67927935 5876.61442178
 5893.07185256 5982.20411662 5989.343691   5997.57652303 6019.48030884
 6033.46202673 6039.67904207 6059.38791267 6059.62831068 6065.87199246
 6090.08009258 6114.68625608 6115.18511863 6116.29134283 6119.14218596
 6119.53831602 6119.73074777 6127.57308301 6128.4552424  6128.82307269
 6184.96940911 6214.54653156 6215.17735969 6224.3238175  6232.00852072
 6239.8187229  6249.75910749 6254.17890433 6262.9514319  6285.13044877
 6285.28494749 6286.26520607 6287.48119603 6288.28815603 6290.1936403
 6293.03495017 6294.63307031 6299.17216616 6311.91426096 6314.33720762
 6315.70669631 6323.75262988 6354.3151442  6355.30876932 6358.74214098
 6371.92063216 6372.72482552 6392.83089285 6395.37793848 6401.76761906
 6407.58970432 6419.21907497 6424.65469675 6431.08964362 6463.04731309
 6464.2164701  6464.47723462 6476.45886902 6488.02210688 6497.73112671
 6497.74222662 6523.9578435  6532.15214251 6532.36187411 6533.8324953
 6543.0371193  6559.59364926 6567.83461455 6595.17585547 6598.24359681
 6599.22682202 6610.45182934 6613.25867283 6615.15575717 6668.66524869
 6672.03195422 6707.01906534 6710.01994056 6718.7474685  6721.13038216
 6787.17253687 6813.52911925 6837.73415273 6841.35982279 6858.49721463
 6859.54203933 6863.32340811 6886.01882072 6911.57530971 6914.49751891
 6914.50831882 6915.78910825 6944.75753573 6951.97337615 6978.47642399
 6993.15326947 6996.97077129 7002.8635893  7003.30855229 7054.8888264
 7064.25378241 7064.26228234 7064.40331451 7064.82107773 7065.88186897
 7066.52443033 7074.88186133 7078.42819871 7080.16425104 7097.99360383
 7105.86340552 7134.73566713 7153.46091252 7170.51480504 7258.8997086
 7268.77709372 7281.65435406 7346.88254882 7360.79043399 7361.74942607
 7408.627839   7417.65483114 7418.72335565 7418.80998827 7442.19199521
 7456.06931396 7458.71702543 7470.38842906 7477.50333698 7477.51030359
 7477.51877019 7477.86390067 7480.77730995 7498.07256715 7498.08913368
 7504.15395027 7514.02353545 7518.18750107 7532.12618598 7552.58831703
 7553.5326759  7565.53914343 7566.41240288 7571.36309534 7572.34552056
 7577.57571071 7577.62424364 7581.91170824 7587.54759504 7588.65878587
 7594.72360246 7598.28263974]"
277,715710_2024-07-16_E-37,DG,True,"[  20.39860839   20.44794132   20.5712403  ... 7604.60932084 7607.33886496
 7612.47805587]"
278,715710_2024-07-16_E-38,DG,True,"[  20.37704191   20.39694174   20.51320745 ... 7611.06763418 7611.34939852
 7612.02145964]"
279,715710_2024-07-16_E-42,DG,True,"[  20.4342081    20.68793934   20.71190581 ... 7609.61737949 7611.73529533
 7611.89676066]"
280,715710_2024-07-16_E-49,DG,True,"[  20.24480966   20.25034295   20.26137619 ... 7612.60678814 7612.61228809
 7612.62842129]"
281,715710_2024-07-16_E-51,DG,True,"[  20.54497385   21.31010087   24.70123953 ... 7607.25826563 7609.71097871
 7610.11754202]"
282,715710_2024-07-16_E-53,DG,True,"[  20.28780931   20.405375     20.51180746 ... 7611.76922838 7611.9245271
 7612.01892632]"
283,715710_2024-07-16_E-65,CA1,True,"[  20.25650957   21.12120243   21.19713513 ... 7611.83046121 7612.38675662
 7612.50538897]"
284,715710_2024-07-16_E-70,CA1,True,"[  20.44574134   21.07703613   21.10620255 ... 7611.27789911 7611.4731975
 7612.24885776]"
285,715710_2024-07-16_E-71,CA1,True,"[  20.25160961   20.37557525   20.38980847 ... 7612.17132506 7612.39502322
 7612.66885429]"
286,715710_2024-07-16_E-79,CA1,True,"[  20.25607624   20.7131058    20.78180523 ... 7604.75998626 7604.78165275
 7609.31361533]"
287,715710_2024-07-16_E-83,CA1,True,"[  22.6309233    23.05748644   23.46931637 ... 7610.99373479 7611.8604943
 7612.20882475]"
288,715710_2024-07-16_E-88,CA1,True,"[  29.65756528  186.38050459  189.61971118 ... 7607.9358267  7608.28152385
 7611.14386688]"
289,715710_2024-07-16_E-90,CA1,True,"[  20.25584291   20.36197536   20.39304177 ... 7607.70712859 7609.51558033
 7610.73150362]"
290,715710_2024-07-16_E-94,CA1,True,"[  20.23434308   20.41137496   20.49254095 ... 7607.1209001  7607.42909755
 7607.64722909]"
291,715710_2024-07-16_E-97,CA1,True,"[  55.94664822   68.7419759   118.7860627   120.84537903  131.79665528
  132.84431329  196.56952046  200.23255688  267.43583534  270.3875443
  277.10635549  285.99221546  286.05524827  299.1197404   299.2330728
  306.71254437  309.58065403  311.05050856  311.1540077   314.74827802
  332.83682867  333.06689344  343.46587424  352.72896443  368.46203452
  373.53812594  377.98912253  378.53995131  397.80979221  410.69015252
  419.33304783  425.33889824  425.55606311  426.11559183  437.56446396
  441.90466146  450.15169337  450.96608664  463.96544598  470.63742422
  470.92888848  510.77009286  533.53770487  540.80244489  541.47847264
  544.76964546  552.60708075  553.05461039  553.96230289  557.95310328
  576.96434631  611.40466194  616.40712064  627.43732956  653.07985117
  667.03876925  687.30846856  687.86676395  688.50682533  690.55230844
  696.13589567  697.7749488   719.39207032  720.5895271   730.26111391
  737.21688981  779.97557009  781.17549352  802.40491823  812.11520473
  814.73981639  824.53746882  841.8962255   848.02380824  852.68266977
  857.29003173  871.4151151   889.67779764  912.080746    927.18642128
  930.12153038  933.26447109  948.02034926  950.84119263  958.01556673
  959.04769154  971.88345223  971.94428506  997.83927125 1009.12967803
 1038.9635317  1060.99794976 1080.72552021 1082.95623513 1083.30766556
 1092.4221903  1094.32930789 1102.37990808 1106.13604374 1107.99292841
 1109.50524925 1112.78468884 1113.0645532  1113.15698577 1122.7819063
 1135.3201361  1135.35383583 1137.00502219 1138.76114103 1145.63685092
 1151.06033948 1154.82117509 1170.82674294 1175.02490827 1175.81366843
 1180.29209812 1188.63969586 1199.13047591 1200.72086277 1201.28912475
 1202.46881501 1204.99009419 1207.23914229 1211.78897139 1223.22237699
 1235.24454439 1236.61026644 1237.33999375 1237.64109127 1240.58896693
 1256.09587222 1256.25853755 1256.33023696 1256.69056731 1262.09102272
 1263.6560098  1264.03833998 1266.78195066 1274.23568911 1276.61466947
 1284.45280475 1286.44232166 1290.24405694 1300.11754208 1318.38069129
 1320.34060844 1325.37170023 1327.83867986 1334.42559214 1336.89870506
 1344.40527641 1350.07292961 1353.98369732 1392.66307796 1436.66654796
 1443.80782233 1443.89065498 1451.38835974 1452.34961847 1455.29136085
 1456.24831962 1462.03703849 1467.07946352 1469.64150903 1502.25807306
 1515.35349827 1515.9872597  1535.19053448 1540.36415843 1563.45040114
 1581.53611848 1587.45363629 1588.26919622 1604.3027305  1622.80394441
 1627.65230438 1638.06188509 1639.65517194 1640.61876398 1693.84889114
 1702.84825017 1706.92021655 1716.87553435 1717.4909626  1724.35200595
 1736.20874139 1740.58450526 1754.23159258 1772.12371151 1773.17483617
 1783.61414997 1786.46465977 1864.12185191 1871.40339179 1880.5501496
 1886.29150219 1897.44777674 1901.46881021 1901.48957671 1917.27191306
 1930.55023676 1934.37377186 1965.25541687 1969.96584465 1980.15122722
 1980.58472364 1980.79215526 2004.84575665 2046.48007956 2057.71295348
 2080.43289922 2122.91248181 2124.68063387 2149.57229502 2195.78371346
 2198.72932247 2200.35777569 2202.56819078 2202.5850573  2203.37251747
 2203.44361688 2203.91034636 2261.88223437 2264.08688283 2339.72912494
 2341.78144133 2371.18479855 2371.97309204 2374.87613474 2398.4743399
 2406.06074392 2408.1059937  2415.61663169 2416.43895823 2454.1057139
 2470.2048143  2477.86681771 2478.61887816 2481.44648815 2489.01339234
 2489.14445792 2493.15082484 2496.64539599 2500.09486751 2501.25485793
 2509.26175849 2511.64080551 2514.84027909 2518.09438556 2525.21272678
 2566.63868474 2575.07508175 2580.40327109 2589.26783123 2594.03442521
 2604.32304026 2606.14975851 2612.59997192 2614.01439357 2623.3203834
 2625.47089898 2649.56803335 2673.30247071 2674.32712892 2699.32408919
 2710.72029509 2712.15418326 2713.02400941 2727.45152362 2732.57454798
 2737.51297387 2754.89849699 2763.02299658 2763.2059284  2789.11894778
 2793.46701188 2798.51950349 2815.04520038 2823.52836367 2823.59782976
 2836.00656064 2869.59294999 2870.61714153 2872.05746297 2872.08922938
 2877.60205053 2882.06588034 2944.00173562 2952.91316204 2953.18392647
 2958.76758036 2968.8320306  3014.61531924 3016.22407263 3017.23603094
 3022.17395683 3026.7718522  3030.0624917  3031.50267981 3036.33320659
 3048.33607415 3049.09210124 3049.22040019 3055.57974768 3062.34265851
 3068.45434138 3120.36307945 3125.25707237 3142.21916565 3142.36879775
 3149.12270865 3172.5484819  3173.40067486 3173.5334071  3178.32623419
 3183.12559456 3199.02512995 3199.14546229 3230.10137336 3240.39768835
 3250.0563086  3259.87129423 3266.69660454 3274.88970356 3287.20390188
 3296.53522484 3297.69588192 3301.7760149  3304.00896313 3307.81039841
 3309.09838777 3314.11181304 3314.45401022 3315.03400543 3318.03278067
 3318.34754474 3321.15242158 3323.72220036 3329.12175578 3334.77267579
 3335.79630067 3341.68835202 3361.78131945 3365.77721979 3367.52673868
 3369.35662357 3370.98627678 3383.18560939 3385.08446038 3388.03106938
 3392.45433286 3395.83380495 3400.28320155 3407.44510908 3409.81218954
 3411.15691177 3427.89400691 3432.66366753 3446.76291778 3446.96374945
 3450.64135242 3450.76055144 3455.32428042 3457.3735635  3459.98680859
 3462.6747864  3465.88439323 3478.82988634 3496.33524181 3501.40746659
 3506.05739487 3507.80041381 3507.80994706 3515.19538608 3517.07923719
 3518.10326207 3548.11338095 3551.20352211 3559.44985402 3563.51592045
 3577.9214015  3578.94589304 3581.22620755 3582.11513354 3587.21095813
 3592.4953145  3599.04996038 3611.40572503 3635.12569585 3711.97509466
 3715.90186223 3717.54131536 3729.33068469 3744.44059326 3792.34589772
 3844.94276344 3846.18368653 3858.66211683 3894.30762252 3897.82366015
 3905.75146136 3936.32277561 3974.15729655 3983.12402252 4018.05053414
 4021.1999748  4040.82207945 4042.20573469 4094.63153516 4098.45167028
 4115.82969346 4116.68668639 4132.46468945 4153.65554781 4155.87236284
 4155.93262901 4162.01541212 4167.49390022 4169.27848549 4193.59861801
 4194.70770886 4228.8683268  4260.02590287 4272.92082974 4287.85090646
 4326.72065219 4340.13010814 4345.40629791 4403.27268679 4427.67065201
 4429.97639964 4444.07624988 4473.62883921 4474.86816231 4487.28605978
 4504.09852096 4517.1821796  4525.82810821 4536.47152033 4561.26398229
 4583.66319735 4596.05812834 4602.1390448  4618.12334615 4625.99358117
 4659.72800264 4669.15779144 4703.05824487 4772.49193824 4810.15369394
 4844.41621105 4851.58755183 4851.63711809 4851.90601587 4855.43682005
 4855.5717856  4863.20048928 4863.21015587 4864.64434403 4870.10873224
 4872.25768117 4882.25196531 4882.8352605  4894.72869563 4907.09292687
 4929.34214317 4932.8862139  4944.98414735 4963.15373066 4963.93502421
 4964.07735637 4979.41416307 4981.11291571 5005.18458362 5029.13198589
 5035.6107324  5056.38562753 5075.25257176 5081.73145159 5108.3030322
 5134.51114914 5136.1707021  5142.02568709 5163.56704257 5171.3176119
 5184.09183976 5185.86799177 5190.73995154 5190.90241686 5191.48061209
 5194.53432021 5198.22065644 5199.97977525 5204.96993405 5234.52105672
 5246.99938702 5256.37884291 5264.56964195 5269.65869993 5276.83187403
 5288.18668028 5338.49489823 5345.64257255 5391.34509519 5423.01666702
 5524.09969907 5560.00900258 5560.44093235 5570.53708232 5588.30753559
 5591.3910768  5593.81455679 5595.01734686 5608.37640322 5611.25447946
 5616.42720341 5622.24708869 5632.15477356 5633.29766412 5641.14563265
 5652.73630362 5684.87767157 5714.00236443 5717.41796956 5722.94195728
 5738.0946655  5739.42085455 5754.38466433 5780.15975152 5789.17687706
 5801.376243   5842.53163653 5853.46937955 5868.44322258 5882.9418362
 5888.01052769 5898.89777113 5902.91207132 5910.63410756 5911.21146946
 5912.73799019 5916.50769239 5921.24751992 5940.45802797 5946.5430444
 6015.34317633 6015.50017504 6038.59935098 6075.35644749 6092.67757114
 6093.71812921 6093.79139527 6104.13257656 6124.87403863 6124.95163799
 6125.99332939 6126.39782605 6143.78718247 6186.72079465 6236.72981507
 6289.04701643 6318.3523078  6325.38698305 6398.56517883 6406.53297971
 6421.88841959 6432.75242989 6451.51434165 6454.5034503  6480.96733179
 6503.40267988 6506.05349133 6513.84892697 6524.98426836 6554.05159502
 6582.84969058 6649.93873664 6651.38072473 6656.50281578 6688.0584219
 6711.48726178 6739.80332798 6740.12225868 6760.48965718 6785.23101957
 6785.26858592 6792.98438888 6837.32418945 6900.76723228 6911.77524139
 6915.76160848 6932.04790734 6944.6281368  6973.49926508 6985.88432949
 7008.49174283 7010.5381926  7042.8628257  7043.52858687 7049.44160471
 7088.14805179 7092.3576837  7126.86019882 7130.04290588 7153.24601429
 7164.11965785 7165.55821264 7172.8087861  7179.51326408 7184.59968875
 7192.20822593 7192.84692065 7205.19685202 7250.68297645 7261.8306844
 7309.71395571 7327.59307475 7335.95470571 7337.13422931 7340.33863618
 7342.01472235 7343.84050727 7343.91783997 7348.51143537 7349.87892408
 7351.84660783 7358.28725465 7362.22248883 7364.45147042 7369.21909773
 7375.90637584 7383.40284728 7385.11156651 7386.44175552 7393.39876475
 7398.44718973 7404.40740718 7408.34670799 7410.02329415 7413.41476615
 7421.78906367 7422.43585833 7423.24148501 7426.73775614 7431.73398156
 7436.05107924 7452.58197609 7454.71675846 7457.01897278 7463.00659001
 7478.28659718 7483.00152492 7485.59277019 7487.48552123 7489.8788348
 7494.56666276 7497.00180932 7501.42203949 7510.85759492 7512.70694632
 7521.18980961 7526.89372918 7533.15777746 7535.64569025 7542.07273718
 7543.1202952  7550.85763132 7551.31372755 7552.3608189  7553.57497555
 7561.72287494 7566.44370263 7568.57238505 7570.48080263 7577.27387987
 7578.97083253 7582.67413528 7583.69142688 7583.8503589  7585.99844117
 7588.61248625 7589.38324655 7596.39085536 7597.41398025 7597.57024562
 7598.15774077 7606.09397524 7608.77741975 7610.51363875 7610.52450533]"
292,715710_2024-07-16_E-103,CA1,True,"[  20.54107388   20.5831402    21.06646955 ... 7612.1586585  7612.34422364
 7612.6065548 ]"
293,715710_2024-07-16_E-105,CA1,True,"[  20.7173391    22.88415454   25.38883386 ... 7611.70609557 7612.66065436
 7612.67248759]"
294,715710_2024-07-16_E-115,VISl,True,"[  20.21404325   20.23097644   20.30660915 ... 7612.64175451 7612.66268767
 7612.66988761]"
295,715710_2024-07-16_E-116,VISl,True,"[ 282.73447569  283.61653507  283.65693474 ... 7612.16535845 7612.27512421
 7612.49658905]"
296,715710_2024-07-16_E-126,VISl,True,"[ 134.332601    151.28366104  152.17832032  207.16379965  262.16874549
  271.29627013  278.40391144  296.57126144  298.5137454   313.56712111
  329.12629264  341.88138733  377.68615836  446.32045833  460.26440987
  470.27772719  475.96854687  487.88978177  496.6473428   513.49170372
  518.63372793  518.80035988  535.44665577  536.50718035  541.25600781
  553.86743701  563.20872655  657.43781519  664.41042429  680.85252186
  682.11234479  696.35592719  719.99699866  724.89205824  753.86551901
  761.16069211  767.35090767  767.38564071  796.21093604  797.49045881
  798.58198313  799.56790833  812.20007069  822.2590543   836.78743435
  846.8456513   852.3889722   880.3289415   881.02050246  882.51059016
  887.1190521   888.23987618  907.93614689  912.49207594  913.98966357
  927.1920879   929.40173632  937.30777104  940.12751443  948.43497917
  950.72319361  966.93432642  975.3744234   975.38002336  981.85306991
  987.01586062  987.46755689  992.93791172  994.2041346  1000.20315173
 1000.65538133 1001.71040595 1004.18038556 1006.04983679 1006.05310343
 1023.59302527 1027.29199473 1029.85737355 1033.1662129  1038.78246653
 1040.47331923 1055.83262575 1066.3150392  1066.72373582 1067.03676657
 1069.98940886 1071.17889904 1073.04881693 1073.43258043 1085.94864375
 1092.31599118 1092.32542443 1097.21225075 1124.48429224 1136.90508969
 1150.02668134 1153.82021669 1156.32412935 1159.38320409 1177.08445793
 1177.25285654 1186.39211442 1191.89463565 1196.01570162 1196.91482753
 1202.33138281 1217.40219171 1217.4311248  1223.29374306 1223.34134267
 1229.99562106 1233.34506007 1233.60759124 1235.25637762 1245.1866623
 1247.8795734  1249.66089202 1249.94458968 1262.16115548 1264.57663553
 1274.6854854  1274.79421784 1275.02704925 1277.07043238 1291.91574313
 1292.35057288 1293.24596548 1326.1712603  1336.21357738 1348.70277426
 1382.41226259 1386.37882984 1410.94002705 1424.18168438 1436.55528222
 1437.63287332 1440.88437981 1467.97105616 1478.8056667  1482.281638
 1494.19767294 1496.08255738 1502.41953839 1513.20754932 1525.24511659
 1541.14111868 1548.06826148 1548.17022731 1576.60305921 1577.23392067
 1594.49167818 1599.801501   1601.56285312 1616.70716142 1621.73791988
 1621.97471792 1622.36594803 1625.87161908 1634.92651098 1634.97354393
 1635.2833747  1636.93486107 1638.32928289 1640.84346213 1649.95542023
 1654.7710138  1655.1337108  1660.82973044 1675.50244262 1698.03805655
 1703.13458114 1706.21085574 1709.39056282 1709.95859146 1726.03022543
 1736.68920409 1745.40046549 1745.99849389 1749.25750031 1762.18329359
 1782.70289083 1784.12607908 1785.31613592 1806.67309291 1817.19097274
 1829.17617378 1829.5653039  1830.08159964 1834.64862859 1841.64760414
 1844.6271462  1848.36058205 1851.15959227 1855.65765513 1876.70184804
 1888.99324655 1893.43770985 1909.72444205 1909.7463752  1916.13138915
 1917.12758092 1921.21288052 1922.01067394 1925.82927574 1930.69330225
 1956.65322123 1959.99572697 1968.97195285 1969.03205236 1977.24748453
 1985.50918298 1986.12167792 1994.82577272 2011.72009989 2040.48589572
 2040.53969527 2041.33698869 2049.41888862 2086.15678529 2086.43748297
 2090.52711587 2092.76426407 2108.47500101 2110.39311851 2111.60527517
 2112.00133856 2114.28231973 2118.72068308 2121.23999562 2124.24383748
 2126.09372221 2137.84345853 2137.89982473 2148.18143983 2149.64799439
 2193.0822691  2193.42483294 2193.52086548 2201.23546845 2208.56774124
 2215.94231368 2243.29405451 2268.54757934 2290.05533508 2290.47499829
 2295.34432475 2303.38892499 2311.75075595 2318.75873142 2330.78133215
 2333.0237803  2337.18041265 2342.22597099 2352.93028261 2364.68935218
 2380.55822116 2392.48532268 2394.93200248 2418.9093045  2420.75572259
 2420.8884215  2424.81845571 2425.16385286 2427.35430144 2428.37665967
 2438.04517984 2439.26756974 2440.64639169 2442.55760925 2453.52291871
 2456.88752426 2459.09327271 2460.27302964 2461.26892142 2485.34712261
 2491.39683933 2491.93213491 2491.95380139 2492.11323341 2492.1346999
 2492.32309834 2493.13839161 2502.88161117 2522.33615053 2527.06284484
 2527.32824265 2527.4314418  2527.54714084 2531.04134532 2532.8088974
 2533.66195702 2539.28091063 2553.29592824 2554.46131862 2558.09865525
 2572.25980499 2579.2190142  2579.28741364 2579.35397975 2590.73071915
 2602.052859   2602.78435296 2603.68731217 2610.62368823 2611.84731146
 2613.4576315  2638.20442717 2640.44340869 2640.66307354 2641.57179937
 2665.76063298 2670.72129202 2676.51544418 2688.05491557 2711.06065895
 2711.90121868 2714.17523323 2741.45850796 2741.49014104 2742.17366873
 2748.35951765 2749.57917425 2752.84584727 2752.89131357 2754.63939913
 2756.77038154 2757.8251395  2763.18099527 2763.44779307 2763.73442404
 2763.9446223  2770.00840557 2779.78392485 2780.10155556 2798.337205
 2798.47143722 2809.68174466 2815.08820002 2816.00429246 2822.65430422
 2822.70210382 2835.91262808 2869.80418158 2871.20230337 2883.31623668
 2890.67700924 2891.21293815 2893.1524888  2893.33315397 2893.38572021
 2893.47241949 2893.54398557 2905.94498317 2906.89267535 2912.25406442
 2912.48662916 2912.76182689 2921.49082148 2927.83686909 2931.6869373
 2961.80142198 2961.92045433 2962.63561509 2966.58331583 2968.02080396
 2971.23121079 2974.17031985 2979.23281139 2982.75244899 2989.66949188
 2990.79601591 3004.31213765 3022.19885663 3024.66216962 3027.33254757
 3034.2687903  3043.98267677 3046.42922323 3052.7473044  3058.93715329
 3074.62692374 3078.10542836 3082.24092754 3086.89845575 3087.22241975
 3093.02433851 3095.59135065 3105.60810127 3106.2630292  3110.53659391
 3113.36660388 3114.55292742 3122.68929357 3126.95669167 3140.67024511
 3141.07174179 3141.08047505 3155.00492675 3155.18219195 3155.25762466
 3183.16642756 3197.44650965 3197.48310935 3197.51674241 3197.55094212
 3197.6227082  3197.78277354 3197.8370731  3216.32718709 3216.66735095
 3219.61915991 3225.14528095 3225.47121159 3225.53717772 3228.31722143
 3238.1273071  3238.24177282 3249.88211004 3255.98499298 3262.44070635
 3271.9654277  3273.78984597 3274.46567373 3274.47180701 3274.71813831
 3280.92718704 3281.29455068 3281.38658325 3285.31295083 3286.09794435
 3286.36837545 3291.97619581 3300.08816217 3311.96699742 3319.0713721
 3350.94724224 3354.6049787  3363.58460456 3364.17089972 3372.74482893
 3375.50697279 3376.1156011  3381.64095547 3385.04362738 3387.45104083
 3387.74617173 3387.9881364  3393.11682739 3412.68053252 3414.64238299
 3417.27492792 3420.50483458 3423.79107412 3440.11957263 3445.24336366
 3445.64906031 3450.09495693 3457.79935999 3461.7702272  3469.04476714
 3469.29853171 3469.35223126 3469.38536432 3469.7229282  3469.73866141
 3476.7602701  3489.86769521 3489.9933275  3492.31984163 3507.85304671
 3507.87771317 3507.89894633 3515.24111904 3537.5824679  3537.64510072
 3537.84069911 3537.92106511 3552.21058046 3568.24491473 3573.28490645
 3575.26702342 3598.30456654 3609.2777426  3609.30427572 3609.32420888
 3615.28809298 3634.09637101 3634.13480403 3639.38789399 3639.52649285
 3639.57889241 3651.97685671 3656.89228279 3656.92534919 3656.93474911
 3662.65370189 3674.57977009 3702.52103938 3711.41006599 3711.68013042
 3717.92594552 3718.15334364 3729.37418433 3732.87848873 3736.74309015
 3742.29437765 3742.67934114 3775.90350015 3797.45788885 3818.27821694
 3826.82824634 3826.95774527 3840.47096703 3849.92565563 3884.99119944
 3893.83169311 3899.20634874 3902.19609072 3903.86334362 3903.90434328
 3927.44901554 3927.46981537 3927.88027865 3930.7163219  3939.99571195
 3949.59629935 3959.86548122 3984.11281435 3996.34531335 4058.37873449
 4078.12750476 4082.19453785 4093.79707538 4136.24765821 4142.4743068
 4142.53770628 4142.6766718  4151.13650195 4152.39222491 4153.48791586
 4182.10897955 4182.26711157 4182.27647816 4201.6425516  4202.35561238
 4216.74802687 4218.91604231 4235.60870448 4264.80553008 4279.54197507
 4285.6946576  4292.81049885 4314.03889024 4325.65586098 4325.82732623
 4325.95099188 4327.92457559 4330.53878733 4339.98614266 4350.91578575
 4350.93361894 4350.99311845 4357.66356337 4371.47958263 4394.71032415
 4414.33129548 4419.66001815 4425.34160457 4429.68713536 4452.23621584
 4454.7160287  4472.77707957 4474.44419914 4475.36549154 4496.0677206
 4512.84721539 4520.70848382 4525.3892785  4525.53427731 4525.71444248
 4529.61097698 4562.98090145 4568.99145182 4572.67802138 4577.23395043
 4580.88925359 4585.06538577 4585.17021824 4585.33555021 4598.40174232
 4605.98654636 4626.85384074 4635.67973453 4642.04724862 4644.59912755
 4646.60394433 4652.12796539 4652.38659658 4653.44095455 4667.77530286
 4667.86783543 4676.59986333 4708.03130381 4708.08793667 4717.55925847
 4718.54141703 4724.71533272 4727.19707889 4732.75999963 4732.78016613
 4756.84753408 4770.24259014 4777.1155334  4779.55941322 4785.13330053
 4801.87969559 4808.80897171 4811.18575209 4813.16770239 4822.09922864
 4822.46982558 4823.43605094 4823.52385021 4850.58592677 4861.04424042
 4870.11426553 4876.88807627 4896.81407841 4898.11053437 4902.59483068
 4902.77456253 4927.53502475 4947.63589212 4962.65356812 4963.08673121
 5003.44676464 5016.15775969 5035.34540126 5039.50916688 5053.44688513
 5067.20013824 5086.07041577 5095.29903957 5095.54090424 5099.49950489
 5115.37737379 5135.84463813 5141.42452539 5145.90172176 5148.26090228
 5154.48255091 5162.00252215 5170.51435187 5176.85179954 5177.15923034
 5185.26186344 5190.06932374 5194.44858758 5213.36626472 5214.36242316
 5214.49835537 5218.24395778 5222.19362517 5232.84010393 5243.07588608
 5245.48509952 5253.89006346 5275.93404811 5279.23915416 5280.62044275
 5285.83416637 5286.45026128 5295.9233164  5298.434529   5311.96628394
 5312.12581595 5312.23524838 5312.35291408 5316.08194996 5319.82625237
 5331.21812498 5337.73400451 5338.13710118 5344.79287956 5355.26732641
 5355.31642601 5363.83318902 5377.90507283 5381.65534187 5389.35804493
 5390.17823816 5407.72129331 5417.67741111 5418.59680352 5435.35409849
 5453.63791419 5456.50222387 5475.29876868 5490.50154315 5490.60757561
 5490.64430864 5495.44770231 5496.38826121 5511.36457089 5520.50909539
 5522.58901155 5537.1922243  5540.23333253 5544.73409537 5544.73752867
 5545.04275948 5548.62256326 5553.17442568 5558.53044812 5563.35047499
 5575.30997624 5579.4850751  5594.11705429 5598.03935524 5601.51949317
 5605.37652799 5618.7620508  5620.10853969 5621.52316134 5622.16072274
 5624.91243335 5625.44492896 5626.21695592 5626.32522169 5626.64131908
 5657.31809912 5657.42473157 5663.98827738 5668.34294143 5674.2159596
 5697.49713404 5717.5579684  5720.42541139 5724.4452782  5749.88600148
 5757.10027525 5757.10477521 5763.64175457 5763.87295266 5764.54238047
 5770.37993227 5776.72714653 5785.38094174 5801.2392108  5813.80430706
 5829.28157926 5829.34651206 5829.48851089 5839.5838942  5850.23520625
 5862.39870582 5863.59269597 5883.98409427 5884.52545646 5888.3324917
 5890.91753702 5894.795405   5898.67277298 5904.34859279 5904.50592482
 5905.58654923 5910.41320938 5910.51314189 5910.6487741  5910.7657398
 5911.90396374 5923.69309973 5923.72319948 5923.89146476 5923.91543123
 5930.04321397 5936.51332721 5940.35886213 5949.63228556 5960.33503052
 5963.13827404 5982.25428287 5983.31924075 5990.73494618 6006.9178459
 6015.48760847 6021.07059571 6051.65654317 6053.22489689 6062.64681909
 6077.27063168 6077.42109711 6085.15993321 6085.19123295 6095.55798069
 6098.19349226 6117.09300288 6128.87280562 6135.88004776 6166.61856062
 6169.46567045 6171.52395346 6175.31442216 6180.52827911 6185.8335353
 6196.86811086 6197.05667597 6204.17405054 6227.18399388 6242.5075007
 6242.68966586 6274.2949049  6297.2018491  6297.20584907 6307.84399456
 6319.83126225 6362.41407732 6367.56840143 6369.00438958 6379.67740145
 6386.38624606 6394.92994218 6408.38083112 6417.60548829 6418.95497715
 6453.50495854 6454.61354939 6464.35043566 6485.72552584 6515.17138271
 6523.79697816 6529.99972695 6531.99811045 6535.05075191 6545.25260101
 6545.34900021 6545.44573275 6546.05399439 6552.73217258 6553.42556686
 6575.67788313 6577.96949754 6581.71429995 6581.75086632 6594.7437257
 6595.99704869 6609.61753623 6616.38138038 6616.65297814 6628.1796163
 6630.63549602 6638.14513402 6667.58309096 6683.18479547 6704.25225485
 6704.27532133 6705.22484682 6725.95024237 6731.42389717 6738.44340588
 6752.4256571  6752.92071968 6758.72047179 6761.58104817 6771.34143425
 6772.04399511 6773.2644517  6789.08725439 6790.06444632 6796.05326354
 6819.14573954 6821.06355704 6830.7129107  6854.66267962 6856.82429511
 6857.52112269 6860.25540011 6864.65169714 6870.05791917 6876.82119666
 6885.05306203 6901.10932946 6904.22163709 6919.9051076  6934.36292156
 6934.40788785 6935.2056146  6935.35851334 6946.53142108 6960.76103693
 6969.1860007  6971.65501364 6974.78908777 6975.1686513  7002.63042455
 7002.73089039 7004.51287568 7005.27976935 7014.89272331 7029.61363509
 7030.52832754 7032.98457393 7037.84440047 7045.10710717 7048.05551616
 7055.61312042 7057.29877317 7058.36506437 7058.38253089 7063.09995861
 7085.58800626 7093.38844186 7104.63131569 7120.56758411 7135.50622743
 7148.15978962 7153.21444789 7157.34144715 7171.34656484 7227.68929963
 7247.04823979 7251.77023414 7256.75899295 7259.62800259 7264.60629482
 7276.81186071 7278.80647757 7286.02691796 7287.22754138 7302.46231559
 7310.26815114 7335.11161268 7335.15667897 7336.91566445 7339.32204458
 7339.97457252 7342.6455838  7345.46669384 7362.54998612 7371.5914448
 7377.28306448 7388.46540548 7391.54821336 7399.57434709 7420.52150747
 7435.0556208  7444.57764218 7459.62905123 7460.67520926 7469.99029902
 7502.62652955 7511.90001965 7516.2056841  7519.76465471 7525.62757297
 7533.24691006 7548.95551369 7569.06864762 7570.93873218 7578.71910127
 7579.36649593 7585.21631429 7599.44703013 7611.74796189 7612.51945552]"
297,715710_2024-07-16_E-127,VISl,True,"[  28.15621101   30.26312695   32.58884108 ... 7612.2766242  7612.34899026
 7612.35455689]"
298,715710_2024-07-16_E-138,VISl,True,"[  38.07759576   38.79725648   45.97893052 ... 7610.07554237 7611.21166632
 7611.35629846]"
299,715710_2024-07-16_E-140,VISl,True,"[  20.47790774   30.23599384   34.70602359 ... 7608.70882032 7608.74555335
 7608.9652182 ]"
300,715710_2024-07-16_E-141,VISl,True,"[  32.88553863   46.70192455   57.56506819   58.60762625   59.04148933
   73.09393997  125.1810099   127.72575555  155.6937913   156.04038843
  163.44406064  167.99382307  173.56477707  214.83450299  220.64992164
  282.72184246  293.9360832   303.31137246  369.3245274   370.05745468
  406.10669037  447.39218282  462.40029223  463.24475193  489.62110081
  504.26281325  520.13081557  536.34231505  547.90721956  606.56366858
  718.16741376  765.41219034  795.82157259  798.3238186   805.47085959
  818.13135505  845.86292608  853.96065922  859.0217841   870.21162504
  889.67819764  918.48319314  920.67380838  926.59085953  927.31592021
  945.93293316  984.13431774 1062.7175689  1224.03823692 1259.30477906
 1414.49346438 1510.92930146 1559.96029663 1621.75761971 1654.87037964
 1659.03097862 1662.07862013 1674.56158373 1694.96871523 1705.20009742
 1779.48948403 1793.30950325 1829.34480572 1841.08697543 1870.70229758
 1885.39957622 1895.26012814 1912.47281935 1977.85371285 2017.71401707
 2094.60318222 2095.68853992 2104.25746917 2104.31366871 2108.65379954
 2109.38709348 2112.22817002 2166.64272074 2180.03697681 2211.67168228
 2222.61879189 2224.43511023 2268.32171453 2316.29288511 2373.3793471
 2378.91996802 2379.05683356 2413.11335236 2422.70820647 2434.92123896
 2458.76880873 2465.07648998 2466.29654657 2494.0520174  2500.63036309
 2511.2700419  2519.29457565 2519.87217088 2553.22262885 2555.00451413
 2618.89798658 2655.05365472 2702.90692627 2759.91448891 2771.07953006
 2853.08995292 2861.77484788 2871.97039703 2892.38032851 2915.71686916
 2925.71111997 2951.70040538 2964.91226296 2972.13383667 2977.35669355
 2979.47277607 2992.80186602 3039.0325843  3040.9018022  3052.66433842
 3098.09229666 3099.34328633 3140.72844463 3194.45213438 3241.84924303
 3244.80031867 3290.60257382 3292.20126062 3312.98605567 3333.24335508
 3356.46019672 3364.35526486 3381.24372542 3405.52385828 3438.9126826
 3447.78067604 3492.10144343 3494.16332641 3503.32921739 3505.07083634
 3506.95812076 3509.83623033 3553.34510442 3553.38910406 3558.08906525
 3569.4678713  3577.94693463 3582.77859473 3584.50044718 3610.35270039
 3639.95828928 3651.03119785 3653.48421093 3657.81654183 3709.60708087
 3724.3917588  3756.71722523 3762.39157838 3763.74276722 3788.1049994
 3793.8422187  3802.64234604 3802.94524354 3807.23237481 3817.73002146
 3825.50395728 3838.34055129 3839.990271   3841.46439216 3850.37308527
 3852.16513714 3855.47484315 3870.5030524  3870.78451674 3871.94474049
 3875.06661472 3903.87154355 3920.86156993 3949.95482972 3963.9450142
 3981.58430189 3995.29342204 3999.24352275 4004.52214584 4006.94109253
 4010.598129   4019.20979123 4026.90219438 4037.13214325 4055.83532216
 4062.35573499 4084.89848219 4087.15446356 4096.62465204 4130.4482061
 4132.31792399 4136.46138978 4136.76972057 4142.68047176 4145.81454589
 4156.78345532 4160.00352873 4192.46466071 4194.74960851 4196.09836404
 4201.62131844 4205.29552144 4212.07963209 4232.33929814 4238.34094859
 4251.56457274 4263.9950701  4264.44959968 4271.82833876 4297.46346043
 4313.80495883 4319.35341302 4319.89924185 4328.63793636 4356.57507236
 4366.64745586 4383.5658495  4384.38394275 4396.8640397  4414.76399191
 4430.42379594 4439.47998783 4457.22777463 4460.83297819 4461.89593608
 4468.06121851 4469.32427475 4475.24399254 4501.08814582 4507.54295919
 4513.48547679 4524.00748991 4528.77491721 4530.52226945 4533.61254394
 4545.37334683 4558.80143596 4558.94216813 4560.26165724 4569.13395065
 4583.58783131 4586.57853995 4617.43835181 4625.07692207 4625.34128656
 4635.09430603 4669.47662214 4681.85515327 4721.3584271  4743.21714662
 4747.26921316 4751.35751274 4758.33975509 4769.22186524 4801.32320019
 4807.99437844 4811.52931592 4816.47467508 4832.82360676 4834.57209233
 4843.2430874  4886.06370051 4913.53184038 4932.46621737 4932.4915505
 4943.15926242 4954.25520413 4990.33867287 4992.89878506 5003.8231282
 5012.92431972 5017.81311268 5018.0859771  5021.89394566 5045.78574839
 5059.02987237 5070.2655796  5073.43525343 5089.75475201 5094.00545025
 5094.58604546 5094.79807704 5096.86425998 5100.94772626 5140.5230995
 5156.80523173 5158.00502182 5175.33354541 5176.48253593 5191.02041589
 5204.7449359  5208.16770764 5216.93073529 5258.90162208 5261.07927076
 5281.89116559 5286.31589573 5294.05959845 5295.07525674 5337.46687339
 5342.56096466 5349.12684378 5350.87799599 5354.07293627 5354.17870207
 5355.60049033 5366.33753501 5369.87910577 5382.05903853 5392.70015067
 5397.47824455 5420.88215131 5430.03317576 5446.02754369 5462.88667116
 5478.00184636 5484.0883961  5484.15969551 5501.258621   5507.4792363
 5508.00173199 5521.13612354 5522.95727517 5527.76610213 5538.89261026
 5542.26394909 5565.80235474 5579.65717368 5591.24127803 5597.60712547
 5614.97634873 5648.63953745 5659.73164586 5696.24117774 5727.68171815
 5761.0420427  5761.71700379 5761.94243527 5764.34241545 5798.48450021
 5816.879715   5832.35258724 5843.60986096 5843.67769373 5845.37064642
 5868.53688848 5882.08964324 5893.81137979 5894.22077641 5897.72651413
 5899.95692905 5904.7593894  5907.87356368 5913.82024792 5916.42759305
 5929.96478128 5930.32261166 5930.65177561 5933.65391749 5938.74284214
 5938.87230773 5943.51450274 5945.39015392 5949.1059899  5951.65253554
 5955.17523979 5956.02039948 5958.85314276 5961.52635402 5976.9018604
 5978.11391706 5989.85102015 5997.91842021 6016.47976695 6040.30520356
 6062.7469516  6063.25784738 6077.02786702 6094.94125245 6099.39941564
 6112.86503779 6118.60565706 6132.29671068 6138.25812812 6147.82074917
 6147.89884852 6148.12437999 6158.90375766 6165.11900634 6172.22221436
 6175.06632421 6180.5053793  6182.28176463 6187.10269149 6196.64001275
 6196.73541196 6196.90127725 6199.73612051 6201.0053767  6201.30317424
 6212.95374471 6213.09534354 6215.08882708 6215.6114561  6225.39487532
 6230.06637009 6249.83550686 6252.97498094 6253.35404447 6253.43097717
 6253.54067626 6259.69242547 6283.83559279 6286.87960099 6290.44487156
 6305.40168139 6310.37317368 6327.22426788 6336.9711874  6349.94044698
 6358.09424633 6380.82145867 6383.37920422 6386.53001154 6393.98901662
 6395.0368413  6408.75256139 6411.25497406 6421.83455337 6424.2247003
 6436.77756332 6440.70279758 6440.80276342 6441.61902335 6444.84283006
 6455.89580547 6455.94127176 6463.70870763 6466.81704863 6473.64522558
 6478.0926222  6483.24264634 6486.03638994 6489.96882414 6522.25482423
 6524.5630385  6526.17005857 6528.20780841 6532.091943   6538.79608765
 6541.50006532 6542.2944921  6547.65311452 6557.69089831 6573.77493217
 6580.47417686 6584.8530407  6594.75265896 6601.45433696 6603.15705624
 6615.23145654 6615.48142115 6615.82091834 6616.61004516 6617.25387318
 6632.20731638 6656.01718645 6665.17637749 6698.5585352  6698.87213261
 6703.34079571 6712.57635279 6716.74471837 6719.81572635 6722.98970014
 6723.42549655 6726.78113551 6727.08639965 6737.15218321 6738.44153923
 6745.31148251 6752.04556024 6752.30665808 6755.43713223 6760.67012236
 6762.10341053 6769.50528274 6775.045737   6780.13346166 6804.12579689
 6813.99938203 6816.22869696 6825.61201948 6833.13775735 6835.15494069
 6843.42453908 6859.16584244 6860.51329798 6871.05304429 6871.38264157
 6880.26103493 6885.57025776 6896.92386401 6897.69452432 6899.47590961
 6905.07343006 6909.8682238  6911.45164406 6912.04523916 6915.27917913
 6922.92238268 6923.02901514 6934.8625841  6937.75949351 6940.45393793
 6941.89672602 6944.1640073  6955.38754796 6960.60397156 6961.47979766
 6966.83298679 6966.99985208 6967.88457811 6974.55335638 6975.33368327
 6975.39701608 6975.4598489  6978.76155497 6980.52920704 6981.47903253
 6981.86679599 6982.17042682 6982.23572628 6989.3788673  6993.49566664
 7004.97320521 7012.32197787 7023.96834837 7029.06290631 7037.64866875
 7042.1285651  7042.3542299  7048.9421755  7055.89428477 7056.55871262
 7068.99814324 7069.14510869 7075.58535552 7091.25415948 7091.98812008
 7093.60077344 7094.81296343 7111.32002713 7127.18232949 7135.37189521
 7137.24517974 7142.75816756 7143.65486015 7144.55675271 7154.94266695
 7155.61059477 7155.65432774 7171.73046167 7172.06949221 7174.68127064
 7178.41447315 7179.65226293 7197.57571494 7198.84560446 7217.07858724
 7229.2838198  7233.08852172 7236.48532701 7245.18435518 7247.47500294
 7255.04747375 7278.36571455 7284.13776689 7311.13161067 7314.97547893
 7320.02500391 7335.08734621 7336.94986416 7346.16135477 7346.53311837
 7373.92625886 7390.78215302 7393.18536651 7400.40820687 7401.10590111
 7406.05706023 7424.04467838 7462.85032464 7462.98012356 7478.11013197
 7504.96681022 7536.2894516  7561.16737952 7561.39851095 7570.02193975
 7572.73098405 7573.30131267 7575.01089856 7581.45361203 7588.29302222
 7589.83597615]"
301,715710_2024-07-16_E-143,VISl,True,"[  38.87535584   45.94883077   45.97253057 ... 7611.71422884 7611.99095989
 7612.49652238]"
302,715710_2024-07-16_E-158,DG,True,"[  20.28724265   20.42164154   20.54327387 ... 7415.34591687 7577.48794477
 7586.30767195]"
303,715710_2024-07-16_E-161,DG,True,"[  50.10929641   73.59120253   87.01909166  100.0624173   100.35211491
  102.2662991   105.63940458  106.85756119  112.50084793  145.56897489
  152.32938574  154.03953829  154.94913078  240.21672675  342.92984534
  584.22601968  589.19967862  607.34489546  679.1438693  1023.54252569
 1040.71281725 1184.1455663  1298.29769044 1298.3026904  1330.6357901
 1355.93831452 1392.75531053 1673.317094   1700.40943697 1707.27144698
 1715.92190889 1756.27704236 1803.84018297 1862.13396832 1941.27721486
 1942.00034222 1959.45196479 2106.1472869  2125.1058637  2372.38365532
 2423.25030199 2519.4899407  2579.14068151 2597.9471929  2600.6435373
 2603.10521698 2611.04608475 2637.96476249 2646.00602942 2661.47473504
 2661.48426829 2661.50013483 2713.21244118 2799.1243985  2799.57849475
 2822.25364086 2824.88355248 2824.97718504 2859.35373453 2860.19549425
 2863.91003025 2907.39027124 2928.13996658 2950.41548266 2952.58446475
 2971.22247753 2971.61274097 2971.62917417 2975.78063989 2976.36280175
 2976.7126322  2976.73306536 3010.82728385 3015.30004692 3015.32338006
 3015.33837994 3016.21267272 3027.59291209 3028.39260549 3028.54730421
 3029.68922812 3029.73246109 3052.21707544 3052.93446952 3070.51662435
 3124.40807938 3152.30858235 3281.12811872 3485.47186484 3540.43294437
 3569.98803367 3584.52248033 3635.79292367 3636.74861578 3655.52629407
 3657.66320976 3658.11857267 3669.89497543 3671.74942679 3677.87850952
 3719.14700211 3755.85533235 3761.87244933 3786.94974228 3811.91743612
 3814.43168203 3815.68223837 3815.77370428 3816.30896653 3816.31829979
 3816.54259794 3816.55606449 3832.10310279 3848.6947658  3855.31261115
 3866.95621502 3867.0104479  3867.36347832 3875.70917608 3884.02387409
 3887.94054175 3899.37148071 3947.19731915 3970.96455625 4008.08998304
 4027.73445418 4032.38411579 4076.90331487 4112.03195816 4126.22957426
 4162.81283887 4179.00823848 4190.13944657 4192.40282789 4200.96949049
 4215.35287173 4215.37090491 4240.12283387 4249.74498776 4250.13551787
 4270.43351694 4296.39850255 4296.52643483 4296.54016805 4298.17185458
 4298.26778712 4300.02710593 4302.80498299 4303.16078005 4304.34613693
 4316.31780475 4316.36680435 4365.56759811 4369.46043263 4371.84727959
 4374.38152534 4374.46642463 4374.54772396 4376.78263884 4383.62588234
 4384.18977768 4384.60857423 4384.65044055 4418.25762973 4437.12580727
 4444.90034308 4457.82586969 4460.06815118 4460.67754614 4464.36931566
 4468.95791111 4470.25996702 4479.97528681 4498.70816547 4498.95589676
 4502.2328697  4517.12068011 4521.82050797 4524.23402137 4534.51640314
 4537.26688043 4551.92445941 4565.14091695 4579.25643374 4594.14574413
 4603.05940387 4610.86037279 4614.58764201 4615.27820298 4615.39926865
 4615.53083423 4615.66866642 4620.41946053 4627.28053721 4647.69386866
 4654.51217903 4654.8353097  4657.48178785 4657.49068778 4666.7204449
 4683.82627033 4699.75070551 4721.82238994 4732.80229928 4753.78369271
 4767.09451614 4771.54151275 4772.64423698 4782.29302398 4799.04418567
 4817.32523473 4836.59924225 4885.5842378  4896.56301382 4910.31033364
 4910.73159683 4911.98821979 4912.08941895 4912.22028454 4914.74039706
 4915.3016591  4915.46529108 4917.91533752 4919.04319487 4919.09539444
 4921.34710918 4925.60230738 4925.7852392  4926.69593168 4927.53579141
 4927.66622367 4927.71338995 4927.93685477 4927.94735468 4927.97055449
 4928.42461741 4928.69468185 4928.83531402 4928.98407946 4929.04377896
 4929.32527664 4929.60517433 4929.70884014 4929.72494001 4929.74593983
 4930.22116924 4931.88762215 4933.2094779  4933.8681058  4934.7760983
 4934.91386383 4935.05856263 4935.15382851 4935.31929382 4935.34476027
 4935.61485804 4935.88735579 4935.9148889  4936.09398742 4937.46450944
 4937.5374755  4937.55274204 4941.24371157 4941.49837613 4942.24756994
 4942.26283648 4942.5108011  4942.51733438 4944.18968724 4944.45998501
 4944.53148442 4944.64625014 4944.89838139 4945.55947593 4945.57704245
 4945.70777471 4946.32773625 4948.10542158 4948.21542067 4948.48748509
 4948.50195164 4948.51398487 4948.81001576 4948.93614805 4949.0515471
 4949.06941362 4949.31791157 4949.35241128 4949.47457694 4949.76570787
 4949.88184024 4950.02150576 4950.17253784 4950.41806915 4950.75013307
 4950.76929958 4951.31736172 4951.6107593  4951.6231592  4952.82964924
 4954.30713704 4966.56366917 4966.68613483 4966.84726683 4966.86713333
 4967.39726229 4967.40509556 4967.68199327 4969.18968082 4969.45757861
 4970.65140209 4971.57746111 4973.38431286 4973.69141032 4973.97427465
 4977.10401548 4984.23402327 4987.50729625 4989.68271162 4990.13864119
 4990.6822367  4991.27679846 4993.51794662 4994.2511739  4996.48985541
 4999.28426567 5001.43788122 5001.51101395 5001.65477943 5002.23920794
 5002.41647314 5003.3662653  5004.84831973 5004.94928556 5005.21251672
 5005.33764902 5005.49214775 5005.90124437 5006.19447528 5006.753404
 5007.0241351  5007.2181335  5007.2378     5007.84102836 5007.85242826
 5007.86379483 5008.12882598 5009.83597855 5014.72800482 5017.44124909
 5017.83351252 5019.36499987 5020.47735735 5023.19033495 5023.76869684
 5035.29550167 5037.81738085 5044.93922204 5053.40458548 5058.7400081
 5059.7566997  5059.97609789 5061.38438626 5062.29874538 5065.08442238
 5065.58221827 5065.76721674 5066.19151324 5070.18851357 5070.88130785
 5072.45192821 5074.10694788 5085.55315337 5085.58641976 5085.69345221
 5091.26363956 5098.2220821  5103.53437157 5106.01038446 5109.01059302
 5121.75465447 5196.88823411 5197.07069927 5202.12002424 5205.73292775
 5209.58072931 5213.19753278 5224.44800655 5239.59198151 5247.56308236
 5277.31927001 5283.5699184  5299.88558368 5301.37943802 5302.37956309
 5303.62878611 5310.74632734 5310.76669384 5326.24216606 5330.37376528
 5333.08220959 5335.73495435 5336.04955175 5337.63377201 5337.89783649
 5338.72356301 5351.64855629 5352.20855167 5364.79741439 5367.04666249
 5371.91488896 5392.66985092 5395.64139305 5407.72695993 5416.66841944
 5416.85898453 5419.64312821 5422.14554088 5431.34323161 5431.42329761
 5431.43349753 5431.45523068 5432.12269184 5436.34439031 5443.14140086
 5448.49129002 5448.62065562 5455.04766922 5461.54861554 5478.72770703
 5479.61223306 5483.57053371 5484.28949444 5491.92163143 5502.51327731
 5508.53409426 5518.49591201 5519.70176872 5529.03089169 5536.81266077
 5542.22218277 5663.97374417 5680.86800468 5712.17621284 5713.05173894
 5715.21938771 5731.92361646 5752.15258276 5766.78756193 5766.88829443
 5767.71462094 5768.82567843 5771.69695473 5774.64446372 5782.85582926
 5790.6587315  5819.11612986 5847.07083238 5856.97475061 5877.04331824
 5901.2017521  5917.20935327 5918.21711161 5926.86990683 5960.73442722
 5966.49554632 5967.05630836 5967.18147399 5973.39978932 5973.55522137
 5981.74972037 5991.33347458 5991.39320742 6003.72557226 6033.46446004
 6045.25412937 6060.09794014 6068.12130722 6105.06590218 6113.56483201
 6130.69792388 6153.49073568 6153.52290209 6157.79056685 6171.60168615
 6178.05453287 6184.69067807 6186.06500006 6209.35564109 6240.68661573
 6255.76732455 6265.43827803 6296.53672126 6302.18790793 6305.36058173
 6307.17233344 6310.44440642 6313.11755102 6331.85912961 6351.79646499
 6352.91392243 6355.08430451 6358.27507817 6358.91413956 6365.1698879
 6369.11415534 6372.61182646 6396.95279215 6397.0714245  6401.58658722
 6431.3542081  6443.75143908 6452.62746579 6454.04638741 6457.26676082
 6457.3045605  6463.07627952 6465.17586218 6467.32024447 6468.65253347
 6474.63981737 6476.86229902 6487.21058024 6494.71788493 6524.45553939
 6540.78590455 6546.17976002 6563.69204876 6594.90985767 6609.67450242
 6630.35466501 6633.827603   6649.16014307 6689.2528787  6707.06219832
 6713.41754585 6750.44974008 6750.72873778 6754.48410677 6780.80918941
 6785.54358365 6786.74740705 6813.61431855 6815.63260188 6875.89383765
 6912.18983797 6912.37970307 6914.1039555  6918.20092167 6931.29701354
 6932.82673424 6971.66254692 6983.93094562 6986.03836155 6990.00772878
 7008.40094358 7014.9062232  7027.57045196 7040.7999094  7079.44045702
 7111.74135699 7130.66186743 7133.43841117 7133.58594329 7145.43131215
 7147.23633058 7152.58361976 7163.34286426 7173.58541302 7205.74631415
 7211.40210078 7212.93552145 7220.65462438 7257.74575147 7308.28583417
 7342.67655021 7345.08213035 7363.82130896 7371.07148243 7398.12785903
 7404.15547593 7473.88253355 7475.34785478 7476.07134881 7553.54610912
 7553.63844169 7558.54243453 7560.92568152 7577.28144647 7577.33484603
 7578.27177163 7579.95662439 7596.27948961 7597.58804548 7598.81503534
 7601.05231687]"
304,715710_2024-07-16_E-170,DG,True,"[  21.69113106   22.81662176   22.99885359 ... 7601.04965023 7601.77131093
 7602.52427138]"
305,715710_2024-07-16_E-171,DG,True,"[  22.64672317   23.61138187   23.71488101 ... 7603.0590003  7608.4608557
 7608.71125363]"
306,715710_2024-07-16_E-173,DG,True,"[  20.24194302   20.27147611   20.28017604 ... 7612.62275467 7612.62948795
 7612.64152118]"
307,715710_2024-07-16_E-174,DG,True,"[  22.37459208   45.16747055   48.9730058  ... 7605.55251305 7607.65226238
 7609.66487909]"
308,715710_2024-07-16_E-182,CA1,True,"[  44.45580976   47.3691857    50.28872827 ... 7612.57998836 7612.59775488
 7612.60425482]"
309,715710_2024-07-16_E-183,CA1,True,"[  22.20309349   23.54491575   33.77326463   34.34002662   36.95563835
   40.4661427    43.30501926   46.97978892   47.99458054   48.22314532
   48.67444159   50.71175811   51.33285298   51.77301601   51.96571442
   52.12207979   57.82249939   59.03935601   61.30387065   61.93606543
   62.56899354   69.95946585   82.57716167   83.67145263   84.92004232
   98.22213249  101.93193519  104.23738283  105.03920954  108.72731242
  111.37525722  124.29478388  133.38114219  138.91866314  143.61542436
  144.41565108  145.13021185  145.84743926  146.54000021  156.23535349
  168.22498783  169.2908457   170.24573781  173.52444407  176.3153877
  191.07143253  193.55424536  202.47407171  203.63449546  213.5042473
  217.05825129  231.00046951  231.20056786  231.29060045  231.36383317
  231.37043312  239.99456191  240.74788903  296.25959735  299.12014039
  299.14157355  300.7911266   307.38137218  317.72958674  331.43797355
  334.14955117  343.96513679  354.14365275  362.3282185   378.23902046
  396.35893752  405.95255831  432.50657239  495.07542244  516.99430813
  519.0647577   527.48335486  535.71342024  538.01906787  547.93008603
  547.93721931  561.9110706   562.57366513  563.54642376  586.66826618
  597.89974011  609.53231073  610.31670426  615.75312604  651.10333416
  654.67137137  658.8007706   660.83772045  663.58686442  665.42578257
  688.1917946   689.69658217  696.40962674  699.99063051  701.85171514
  702.55004271  702.69637484  730.20711435  734.12334868  737.30388909
  760.87852777  776.06416906  781.16026031  801.100829    804.50696754
  808.67253315  812.38110253  833.22133046  880.3772411   883.37418302
  883.6681806   886.68218904  888.12601046  917.77516565  929.52200199
  940.13298105  941.43777028  961.25840662  966.9977259   980.19755025
  985.65143855  992.15421819  993.40460787  995.446991    996.72548045
  997.53457377 1003.49219124 1013.24644404 1021.39921005 1025.07311305
 1050.59293568 1060.99961642 1068.03552499 1072.80058565 1084.75512027
 1085.64744624 1097.86744534 1098.19734262 1106.27540925 1109.50784923
 1114.95197095 1133.97884718 1135.25110334 1136.73482442 1137.23132032
 1147.9402319  1157.53701933 1178.1820822  1182.87064349 1186.38884778
 1187.7629031  1191.01354293 1195.3729736  1199.19050874 1232.02093767
 1243.44974331 1244.29563632 1246.02138874 1249.14112965 1267.27694657
 1268.29770481 1269.66362686 1274.1644897  1298.01729276 1298.48845553
 1302.97698514 1304.38480685 1304.71723744 1309.54263093 1316.93206991
 1317.0710021  1330.84948834 1333.66989838 1353.17597066 1364.65300923
 1382.30839679 1396.57564565 1396.84217678 1402.05696706 1423.056727
 1455.08462922 1469.36191134 1494.6961355  1498.71586897 1517.08125067
 1527.39796549 1534.05057722 1536.0118277  1543.5806652  1556.61549091
 1557.492217   1559.57666646 1576.84759053 1589.50055272 1590.08908119
 1592.10923118 1597.81738405 1607.08534086 1618.15421613 1652.04790295
 1657.74842255 1673.97188859 1678.92998099 1686.65041724 1697.79912519
 1699.61407687 1713.8699925  1744.24507503 1748.12590966 1772.08621182
 1775.13258667 1790.7722242  1801.41320301 1801.67490085 1821.98906645
 1825.6124032  1832.02618358 1833.97516749 1839.65158729 1841.180108
 1842.0359676  1845.01974296 1849.45997297 1855.15985924 1857.36204106
 1858.43536553 1860.82281248 1864.24265091 1866.72163044 1878.60686564
 1880.12728642 1886.95656337 1890.25796944 1891.67102444 1900.27272009
 1908.10335543 1915.56182718 1920.09872306 1920.35448761 1921.88357498
 1927.25296398 1928.76171819 1931.66559422 1935.51619576 1946.31700658
 1948.82505254 1953.5525135  1954.72223718 1966.06424353 1966.14197622
 1966.67903845 1971.21176769 1985.62171538 1991.74499816 1999.19893661
 2002.55370891 2003.08030456 2004.67739138 2006.35704418 2014.93963998
 2018.95584015 2046.64361154 2070.8551783  2071.71117123 2079.3444082
 2089.09962766 2089.34885893 2112.72809923 2117.47689335 2131.97780696
 2161.63772873 2169.32353194 2189.53476506 2191.82177951 2207.49851674
 2207.950613   2212.81500617 2222.19472873 2230.25596217 2259.82545135
 2263.71088594 2264.30128106 2271.05902527 2277.29567377 2289.60723878
 2294.33843305 2308.60608192 2359.33349641 2369.08224925 2383.08990026
 2389.35721517 2395.64426326 2411.37886668 2412.36735852 2413.4437163
 2418.55920739 2426.56344131 2431.8197979  2434.69600749 2447.62653406
 2449.53721828 2454.11584715 2457.68618433 2461.14822241 2465.25355518
 2480.62802824 2484.60326209 2485.69781971 2492.73736159 2493.49142203
 2498.75941187 2505.8126203  2539.36087663 2552.82233215 2556.31900328
 2556.78099947 2557.67009212 2558.33022001 2558.46025227 2561.95535674
 2562.21648792 2566.71935074 2568.86209971 2584.0439077  2590.08379116
 2596.4651718  2598.097025   2598.91298493 2601.4351641  2623.22788416
 2623.89047869 2623.94311159 2630.1392271  2633.60773179 2645.98779624
 2646.16529478 2649.15173678 2674.23662966 2678.19106368 2685.5446363
 2693.63800281 2701.62137022 2710.66182891 2713.43967264 2717.40723988
 2730.94869474 2736.82494622 2743.40532522 2749.55167447 2766.67139979
 2776.89868201 2777.31294526 2777.58357635 2784.14812215 2790.3519376
 2798.90986694 2807.1739987  2807.64656147 2812.73308613 2815.39193085
 2815.696495   2846.05764432 2846.10614391 2863.25670231 2863.52053346
 2899.59526894 2902.75624284 2908.60519454 2923.8221689  2935.64663794
 2947.91426998 2956.47159932 2957.77458856 3003.31517921 3007.47387821
 3025.49849605 3029.06736658 3032.98403425 3040.64203768 3047.3368824
 3054.18989249 3073.81223047 3079.4480506  3082.91135534 3089.46343458
 3099.04758878 3122.24229726 3131.69678587 3135.14875736 3201.50800945
 3209.68724192 3222.47160303 3223.07893135 3229.0064824  3229.93577473
 3236.98244988 3238.15654019 3247.83572694 3252.99621766 3283.57819849
 3289.28215139 3289.50494955 3292.78478914 3296.5884244  3301.31438538
 3302.31031049 3304.45079281 3305.5669836  3305.92524731 3305.95694704
 3317.58498437 3319.11800504 3319.18107119 3319.31857005 3319.66383387
 3322.06548071 3323.0191395  3323.86666583 3324.27512913 3326.07751425
 3327.92096569 3336.55926104 3339.93126653 3340.84819229 3360.19466588
 3362.79487775 3363.71550348 3366.39581468 3366.99347641 3367.93796862
 3371.26797445 3372.12263406 3375.59897203 3375.70203784 3377.24145847
 3380.92036142 3381.42069063 3387.69383883 3388.23780101 3388.71063043
 3388.96776165 3389.27622576 3412.67789921 3450.65798562 3450.86411725
 3451.49161207 3462.08819124 3475.83434441 3485.37346565 3485.49073135
 3488.70307149 3489.51953141 3493.21553423 3493.6551306  3494.86808725
 3539.05718906 3539.11005529 3557.90773342 3575.41052223 3580.00451764
 3586.74242867 3592.30168277 3594.332766   3602.12106836 3616.77224739
 3623.8881553  3638.40180213 3649.95347342 3658.23430505 3662.80276733
 3690.09600864 3713.50028206 3721.07515285 3736.3701599  3774.14821464
 3813.87078666 3817.89042014 3826.72611385 3829.11179415 3840.59359935
 3841.26266049 3842.95897982 3845.22309446 3861.8879902  3875.52177763
 3916.14980884 3926.9177866  3930.65162243 3931.49378215 3944.7046064
 3962.47189303 3969.19820416 3970.13949639 3975.76761659 3976.39854471
 3978.72375885 3979.64948454 3987.19445557 4037.12514331 4041.48507398
 4056.80791413 4068.17972023 4097.23628032 4101.91570835 4185.6677835
 4245.46675642 4254.66048051 4275.87103871 4285.83825641 4298.71068346
 4329.38526352 4348.74423702 4351.3503155  4398.90968948 4399.55611747
 4400.78584065 4414.3857617  4435.12709044 4442.24059837 4448.06078365
 4475.86735406 4527.84522489 4531.54499434 4547.02333321 4548.00539177
 4552.93258442 4554.47173838 4559.74292819 4567.87736102 4573.72387942
 4574.11000956 4606.56974155 4623.89316518 4627.88916552 4649.73885178
 4660.60766204 4677.21119161 4700.57163207 4702.27745132 4705.73942273
 4706.15485263 4714.10592032 4722.03415486 4723.51724261 4726.80811544
 4736.3807364  4765.5207958  4778.91611853 4779.87077731 4799.46194889
 4800.68753877 4811.560049   4824.13051187 4836.49004316 4836.85434015
 4839.70074998 4858.70135976 4861.09544    4861.83533389 4861.88720013
 4862.58842767 4878.74026097 4890.19046643 4891.42172293 4928.18195275
 4928.68284861 4928.84064731 4936.38398502 4936.42015139 4937.2466779
 4943.2217619  4945.66934169 4948.77094941 4962.61326846 4979.86079271
 4983.02869989 4988.8371186  4989.81457719 4998.3525067  5041.15438663
 5050.12721254 5056.00693066 5080.69746013 5081.17172288 5090.94157555
 5147.19107778 5166.58431765 5184.97763245 5187.90660827 5192.46970392
 5194.45068757 5195.97414165 5216.43743936 5225.86349487 5226.27869144
 5230.05549359 5231.22331728 5235.27248384 5237.79089638 5238.14902676
 5238.96848666 5239.12655202 5239.44098276 5247.24195168 5254.35409296
 5255.55701636 5256.92923836 5258.67152398 5261.65299936 5274.67315852
 5282.29076229 5283.44455277 5286.26186284 5306.31859724 5309.52340411
 5312.2735814  5312.65347826 5312.86584318 5352.73974728 5364.17381954
 5413.64004444 5421.31338109 5426.12210805 5426.52067142 5462.57530706
 5465.51211615 5500.15409679 5503.55410205 5510.71544292 5522.66804423
 5555.53547285 5557.02872719 5566.26505092 5573.33845919 5582.13718654
 5586.78198152 5587.80320642 5587.97687165 5588.35526853 5589.95748863
 5589.96708856 5599.7113081  5602.10808831 5602.58338439 5605.23842913
 5606.5702848  5606.61015114 5608.96739834 5609.73385868 5610.825583
 5620.17700579 5622.74418459 5626.79515114 5628.89856711 5632.42397133
 5635.78964354 5637.02313336 5637.36326388 5640.40037214 5648.83196919
 5651.90034386 5654.74032041 5657.4090317  5659.13895075 5659.35331565
 5661.99449384 5662.00729374 5662.23149189 5663.67154666 5671.39961619
 5676.93217051 5677.34593376 5678.49542427 5683.91034622 5690.94972143
 5696.4570093  5705.00463872 5708.1880791  5732.34267966 5758.33306507
 5760.26751576 5760.57727987 5772.03631859 5792.02072025 5792.24085177
 5807.92668892 5807.97732183 5808.33598554 5808.6550829  5822.71563348
 5824.84224925 5830.38007019 5872.08605917 5872.33039049 5876.84075325
 5882.5707726  5885.36301621 5888.22032595 5889.80921284 5889.85154582
 5898.02701165 5900.03206176 5900.40832532 5906.5959409  5906.86513868
 5906.8900718  5906.91080497 5908.74572315 5908.89142195 5910.6898071
 5923.28140313 5927.78019932 5933.82411608 5956.23676436 5960.83539306
 5964.08133292 5973.92751829 6003.59127337 6009.11619441 6066.25982259
 6070.35655544 6072.93420082 6073.20589858 6073.21619849 6073.22129845
 6074.17122394 6077.32973119 6079.72791139 6085.12940013 6091.04768459
 6094.40029025 6094.93225252 6095.75581239 6110.89958735 6112.13874378
 6118.25882659 6129.89256386 6138.0224634  6183.08619132 6221.12961054
 6245.55967549 6256.15058805 6258.20627108 6265.17454687 6268.90234943
 6280.89648373 6289.81971005 6296.21862388 6318.9291697  6319.58793093
 6327.56643172 6328.44709111 6334.57247387 6335.60569867 6340.22816051
 6340.97445435 6341.67471523 6354.53974234 6359.42303535 6369.79498305
 6371.47860248 6410.09471697 6418.3597154  6432.02913586 6432.11236851
 6438.42934969 6440.47819944 6441.01926163 6443.01424516 6444.73126432
 6446.1057863  6456.50926707 6463.69284109 6484.63170154 6512.00957549
 6519.80054449 6525.57606347 6532.99636887 6535.10498479 6546.0002615
 6600.74377616 6665.35070939 6700.51885235 6702.38027031 6703.62879334
 6712.93908313 6722.70770247 6748.62935511 6766.53744058 6770.84837165
 6783.61013295 6790.93497247 6801.41225263 6804.85662419 6817.30165477
 6842.79301096 6850.06508425 6861.74688779 6865.37792448 6866.02828578
 6873.49589079 6889.92055517 6891.99400472 6905.61569225 6913.03559765
 6948.54300447 6966.16452564 6968.61760539 6983.03871965 6994.1750277
 6996.02644575 7041.71830182 7043.43205433 7045.83690114 7057.42920543
 7062.07716705 7062.79932776 7065.10247541 7073.73867077 7083.39395771
 7084.47951541 7084.9538115  7092.62868146 7093.99780349 7102.37486766
 7106.42543421 7106.54569989 7112.40788482 7114.20710329 7119.04496335
 7119.8260569  7124.50635159 7126.90749843 7133.30184563 7151.16786479
 7153.69507725 7164.76651917 7166.7739026  7180.47385615 7188.41569057
 7190.15464288 7206.7448059  7207.62786528 7212.02269566 7221.76618187
 7225.19742021 7237.57785132 7248.54926073 7257.03779064 7259.458004
 7268.74476065 7275.70000322 7281.24795741 7285.75008691 7294.55324756
 7297.26832514 7300.74872973 7303.20610944 7303.32250848 7311.7663721
 7322.95107975 7323.34184319 7328.21790293 7328.83259785 7333.33672733
 7333.93195575 7334.29931938 7338.43458524 7339.25244515 7349.1898631
 7356.55683561 7356.56990217 7356.68880119 7358.70591786 7363.39581247
 7368.17513968 7369.42299604 7376.57377033 7383.26338177 7384.52557134
 7389.30089858 7389.92169346 7392.33137356 7394.13475867 7397.41076495
 7402.02546019 7403.20658377 7403.21628369 7414.62212284 7414.62385616
 7414.62745613 7420.58987357 7424.29287633 7439.29455246 7442.24056147
 7446.45159337 7446.47282653 7446.49279303 7446.87445655 7459.97348172
 7466.61459356 7487.10079107 7491.67951993 7493.5000049  7501.54010519
 7501.562405   7502.62919619 7510.48756464 7510.90856117 7517.59620595
 7523.73372194 7525.63003961 7525.77487175 7532.74644752 7532.84598003
 7533.19634381 7541.05821223 7545.95500513 7546.80463145 7557.87400672
 7559.0423304  7559.42592724 7559.44149377 7560.45575207 7565.06534734
 7570.19607164 7571.44252802 7587.25516412 7590.43777118 7609.58127978]"
310,715710_2024-07-16_E-187,CA1,True,"[  20.61923991   21.65363136   21.66459794 ... 7607.4430641  7608.53608841
 7611.95916015]"
311,715710_2024-07-16_E-189,CA1,True,"[  21.1041359    21.36006712   21.7951302  ... 7609.54848005 7609.82794441
 7611.9292604 ]"
312,715710_2024-07-16_E-198,CA1,True,"[  20.37164195   20.40450835   20.60637335 ... 7612.3368237  7612.44722279
 7612.62112135]"
313,715710_2024-07-16_E-207,CA1,True,"[  21.40520008   23.98391212   26.34015934 ... 7611.53669697 7611.54089694
 7611.81252803]"
314,715710_2024-07-16_E-208,CA1,True,"[  41.65733287  128.27095105  150.37436855 ... 7610.97300163 7610.9802349
 7612.07025923]"
315,715710_2024-07-16_E-211,CA1,True,"[  26.33405939   26.77042245   28.10404477 ... 7609.83161105 7610.26660746
 7611.1376336 ]"
316,715710_2024-07-16_E-216,CA1,True,"[  21.5809653    24.87180479   25.27550146 ... 7609.03671761 7610.00127632
 7611.15383347]"
317,715710_2024-07-16_E-227,VISl,True,"[  20.26294285   21.49843265   24.9315043  ... 7611.62496291 7611.65709598
 7612.46702262]"
318,715710_2024-07-16_E-244,DG,True,"[  27.16528586   28.1083114    31.97851278   48.25554505   53.35450295
   55.20982097   56.81284106   70.16099752   74.75642624  133.2386767
  140.54698303  143.79225623  151.22139489  171.15613029  208.48378876
  225.10045156  241.09311951  242.53054097  242.56030739  295.66060229
  305.93225082  307.26543981  330.47031488  380.83213239  384.00040623
  468.97120464  470.46389232  484.81477383  486.61412564  500.10051428
  506.96612426  530.50982987  532.56731288  587.12792905  588.40888514
  593.84937356  595.57045935  596.00775574  600.09475532  607.14459712
  611.81332523  617.69391001  620.44198732  623.08369884  629.8436097
  644.25169073  646.40387296  648.00935971  649.38918165  649.70701236
  666.8960371   672.25549284  675.74519736  685.32988489  686.44300904
  688.05382907  695.72113243  695.84056478  733.36038832  735.60583644
  741.23165666  756.05336761  761.13525899  768.18686743  773.49469027
  783.64667312  798.72121532  806.41261848  836.9786661   858.44495553
  859.93354324  870.10532592  876.69330485  878.69585499  887.03961943
  892.28964275  894.72712262  898.04556189  904.21894425  911.71468236
  914.86292303  942.28082998  954.08606584  971.29672374  974.78589493
  977.18260847  986.73989623  999.91248746 1006.94366274 1008.99247916
 1018.34946857 1025.99227213 1026.06013824 1026.18080391 1027.35902751
 1042.93263226 1043.4038617  1043.90895753 1044.70211765 1059.1485317
 1073.51077978 1073.5163464  1085.35198201 1099.50809846 1108.62132322
 1114.48877477 1117.6787151  1125.93521359 1135.89233138 1139.4027024
 1141.64998384 1143.21880422 1144.47902715 1157.94528263 1161.42675388
 1161.44252042 1177.40172198 1193.15525858 1200.168934   1203.82490381
 1214.54824861 1216.50759909 1230.1965194  1242.94894744 1246.77498252
 1251.6743754  1252.10733849 1252.24497069 1253.77075809 1269.46346185
 1270.08622338 1270.2280222  1291.77744428 1294.11492498 1301.54446363
 1314.24362545 1320.82573777 1321.50319884 1335.13498628 1337.77256451
 1338.2694604  1338.64755728 1341.18696965 1344.27794413 1350.4333933
 1351.65221657 1352.35931073 1370.17383031 1371.32155417 1371.67305127
 1372.05264813 1372.61907679 1372.89620783 1373.14117248 1396.58754555
 1397.64083686 1404.44688066 1405.8351692  1407.45625581 1412.93844388
 1413.05987621 1413.89536931 1417.03294341 1418.0306685  1418.04383506
 1418.76296246 1419.70675466 1420.19765061 1420.33058285 1421.59433908
 1421.92586967 1422.37123266 1424.19228429 1424.99634432 1425.92030336
 1429.07344399 1430.49223228 1433.01807809 1433.16977684 1434.0660361
 1434.16163531 1434.20583495 1434.32296731 1437.92147094 1438.04586991
 1438.17530217 1438.59019875 1439.73888926 1440.73301439 1442.95472938
 1443.34089286 1444.01818726 1444.03675378 1446.08077023 1446.8157975
 1446.91356336 1449.45400905 1452.61141631 1454.35603524 1454.38436834
 1454.52540051 1456.00688828 1463.4606934  1466.57500102 1468.30365341
 1469.08141366 1470.32980335 1470.3476032  1470.62510091 1472.56061826
 1473.74190851 1481.25681313 1483.42686188 1483.69122636 1485.34667936
 1491.80522603 1494.52780355 1494.6709357  1494.9378335  1497.71557723
 1498.29593911 1498.31343896 1498.43557129 1498.51870393 1499.23579801
 1503.07379966 1503.20153194 1503.7344942  1504.88071807 1506.22040701
 1506.24834011 1506.72950281 1507.11006633 1507.37173084 1509.26578186
 1509.81317734 1510.61593738 1510.75663622 1510.88350184 1511.30213172
 1513.14758315 1513.83257749 1519.54276368 1528.65802175 1528.80012057
 1528.80448721 1529.60964722 1530.84587035 1533.80831256 1537.96344492
 1541.65861441 1542.07791094 1544.06549453 1547.44159999 1549.78018068
 1552.50405819 1553.59001589 1555.57386618 1556.51735839 1558.58430799
 1559.69733213 1561.89294734 1562.61987467 1563.09803739 1563.22610299
 1563.32176887 1564.17539516 1565.9744803  1568.81165688 1572.75175768
 1574.20984564 1575.40740242 1577.78644944 1579.18840453 1579.46683557
 1582.90807382 1583.46070259 1585.308154   1585.45948609 1586.75360873
 1588.3280624  1590.09858112 1590.82337513 1594.51034469 1596.36066274
 1597.15035622 1597.41492071 1598.50834501 1598.61817744 1598.77730946
 1600.32842998 1610.53417905 1611.0688413  1614.45121338 1614.55491252
 1620.16146623 1624.7795281  1628.18153334 1628.60446318 1631.26474122
 1633.99058538 1635.91706947 1642.54448142 1647.28630893 1648.5128988
 1648.65263098 1648.77016335 1650.27728424 1650.4626827  1650.60658152
 1650.66774768 1652.40843331 1653.5190908  1665.12902827 1672.01490475
 1673.36776025 1673.54065882 1673.78592346 1692.54980187 1692.88626576
 1702.85035015 1706.75478458 1706.87021696 1716.59586999 1716.86220113
 1718.81868497 1719.74931062 1723.44654676 1728.95973457 1733.82352775
 1739.68624601 1739.90661086 1739.9622104  1740.10190924 1740.97146873
 1741.82802832 1747.10821806 1760.6437063  1763.79954691 1769.25516853
 1776.67520727 1780.08651243 1784.21764499 1787.87118149 1788.35114419
 1788.38807722 1793.41970234 1809.02500683 1809.2991379  1809.36277071
 1880.14011965 1889.33714371 1901.94033965 1905.24224572 1905.3372116
 1905.52127675 1909.96627338 1914.39877012 1915.4508281  1930.85350092
 1930.95943338 1932.04952438 1936.78965191 1960.47315636 1995.84293099
 1999.46213444 2013.54161819 2036.05883227 2056.95759305 2114.21475362
 2127.52474372 2133.2398632  2133.42419501 2134.1884887  2134.25592148
 2136.95926583 2166.408556   2167.78711129 2181.2458335  2181.42353203
 2183.48354835 2204.84963861 2207.63151564 2321.93697185 2337.33024475
 2351.23322995 2351.30509603 2382.73236987 2390.40290654 2401.87224517
 2416.45299145 2417.88207965 2424.75555623 2424.78328934 2428.08796205
 2533.33929302 2558.62308426 2562.21312128 2579.64294403 2689.29720531
 2703.28818979 2732.08715201 2799.01656605 2799.27513059 2857.97967921
 2864.7710898  2956.63379798 2971.19687774 2980.64919969 3004.99969864
 3006.11358944 3175.48745763 3210.08177199 3285.47581615 3480.79807009
 3526.30752767 3540.60037632 3580.55301311 3580.66591218 3580.93867659
 3584.09208389 3584.40771461 3584.42264782 3584.4621475  3614.12366926
 3620.11135315 3635.79339034 3652.12475549 3683.81429384 3705.07415164
 3743.02947158 3743.05227139 3779.87726734 3828.70756416 3911.00628464
 3918.9122527  3922.01326042 3983.40915349 3985.88879969 4006.62602847
 4006.74819412 4006.90292618 4006.9857255  4051.93595435 4147.86182898
 4147.87592887 4173.91561386 4216.06833249 4232.81722753 4246.19891704
 4247.1685757  4292.4853682  4296.57580109 4332.59233704 4378.17566067
 4383.07835353 4397.27713629 4417.89683271 4423.59698564 4424.10751476
 4425.05834024 4486.2623349  4504.83298156 4527.90562439 4535.86742532
 4557.7586779  4626.44114414 4627.6166011  4646.4098126  4649.20322287
 4654.29768081 4655.10234083 4655.13160725 4657.50135435 4657.72798582
 4662.05281677 4662.06448334 4662.28261488 4662.39831392 4662.42028041
 4662.57631245 4662.78994402 4662.98380909 4663.37260588 4670.81661108
 4671.7587033  4676.01940145 4685.5815225  4688.12276819 4688.13950138
 4688.52149823 4693.23395932 4710.62874903 4728.81026557 4731.0841468
 4731.10677995 4731.1890126  4731.20294582 4731.29394507 4731.30047835
 4731.91283996 4732.04713885 4732.07097198 4732.47546864 4732.66170044
 4732.7993993  4732.88786524 4732.91036505 4733.21232923 4733.23039574
 4733.24682894 4738.27388744 4738.95938178 4739.0974473  4741.90275747
 4744.95159897 4763.43654634 4770.2078571  4782.68208743 4798.00762756
 4803.85737926 4803.92317872 4815.50268311 4817.90859658 4823.65341581
 4831.06265464 4887.78185299 4928.09928676 4943.71762447 4959.4181615
 4963.90142449 5034.0329121  5038.37364292 5058.72697487 5061.71558353
 5085.17572316 5085.26582241 5085.95618338 5087.52463709 5149.54789165
 5149.80045623 5149.82785601 5247.40305035 5276.22067908 5277.12210497
 5277.12950491 5297.35833788 5301.50417032 5301.51317025 5330.10046754
 5330.44549803 5330.45896458 5330.47446445 5331.15795881 5384.29438674
 5385.36504457 5386.21363756 5408.96874968 5410.80823449 5410.81853441
 5411.83319269 5459.13760211 5459.69616417 5474.02231255 5474.30494355
 5475.12450345 5476.44382589 5485.79394869 5490.80420732 5503.91336575
 5506.3658455  5506.49334444 5506.52094422 5506.62990998 5507.76066731
 5507.78840042 5510.55831088 5510.56587748 5510.80140887 5510.95537427
 5510.96277421 5510.99810725 5513.16438936 5515.26927198 5518.47914548
 5523.53057044 5540.28919873 5540.30306529 5541.77298648 5668.23520898
 5679.50388261 5679.63244821 5698.53885877 5711.2523538  5711.61275082
 5718.74519193 5721.73666723 5753.27974012 5755.88775192 5771.7077213
 5852.52618734 5852.6154866  5864.54015481 5864.62178747 5869.84311102
 5869.90457718 5874.27280778 5944.90932455 5965.55392076 5966.94090931
 5980.82586133 6046.26595435 6177.78623508 6180.70711097 6189.47333859
 6196.58567986 6244.94968053 6270.84390006 6275.20156408 6275.58516092
 6293.32278113 6293.338181   6306.36084014 6306.73963701 6309.31554908
 6309.99291015 6342.77173951 6345.01795429 6359.03153859 6377.93141587
 6378.04214829 6394.44107955 6394.71627728 6417.40315663 6417.47985599
 6487.20174698 6503.2107148  6523.56181344 6536.48047344 6546.43975787
 6550.11509419 6551.27841792 6596.98404054 6599.91401635 6652.89241225
 6652.9275453  6660.30591771 6660.66688139 6660.67661465 6662.83329684
 6668.41251744 6695.84749092 6707.02663195 6712.6886852  6713.11008172
 6713.11564834 6713.16648125 6721.93514218 6738.97853479 6789.0779878
 6789.09575432 6789.40815174 6811.01390668 6811.20940507 6811.77250042
 6888.78503121 6904.42826872 6911.58970959 6920.83166661 6921.06996465
 6932.69600199 6935.29534719 6938.97498347 6944.38247216 6952.35373968
 6977.07346891 6977.63356428 6986.99238701 7033.62900194 7033.73430107
 7048.18761507 7075.74462087 7075.82778685 7075.83895342 7075.85515329
 7075.88205307 7075.89638628 7075.90481955 7075.98081892 7075.99151883
 7076.07291816 7078.67566334 7078.92586127 7079.48482332 7079.53838955
 7079.73328794 7080.42241558 7081.45674037 7081.47790686 7095.33672577
 7095.93235418 7096.17148554 7096.20268529 7099.52945782 7100.44195028
 7134.38620335 7149.78397621 7150.18107293 7150.40790439 7150.42907089
 7150.4432041  7150.45040404 7150.55640317 7150.6047361  7150.63136922
 7150.67946882 7150.68386878 7150.97029975 7150.97973301 7150.98913293
 7151.07386556 7151.08046551 7151.08856544 7151.65819407 7152.59541967
 7155.77756006 7156.72858554 7156.73621881 7156.79878496 7158.70340257
 7162.5626707  7163.64696175 7164.27968986 7168.86568533 7170.35227305
 7171.55789643 7172.39832282 7172.68508712 7174.37857314 7174.5327052
 7184.51368946 7205.73471424 7216.22936092 7225.44148486 7255.91176661
 7255.92853314 7258.18028121 7258.42887916 7259.05517399 7259.13913996
 7259.16020645 7259.28980538 7266.96160871 7267.14117389 7273.01759204
 7283.09330884 7284.62226289 7286.0581177  7286.09871736 7304.2324343
 7308.02896962 7315.88733807 7316.72509782 7316.80869713 7316.86489667
 7316.94439601 7318.5321829  7329.54299199 7349.60065971 7351.79684158
 7397.82466154 7397.84242806 7398.40129011 7399.89697776 7410.79448778
 7439.48475089 7439.77291518 7461.19277166 7465.37797043 7476.04731567
 7476.08378204 7477.1257401  7527.91978737 7528.09341927 7528.18495185
 7537.29614329 7544.09662047 7553.8472733  7566.53476854 7568.72141715
 7569.01698138 7576.20612202 7577.70027635 7577.90364134 7584.70905181
 7584.97131631 7585.07438213 7585.1185151  7585.79260953 7586.27873885
 7586.2935054  7586.29960535 7587.15336496 7587.27343064 7587.28309723
 7587.40702954 7597.4278468  7597.47721306]"
319,715710_2024-07-16_E-257,CA1,True,"[  24.67800639   42.21016163   52.79307425   57.47526893   95.30762322
   95.33635632  131.01989502  142.37686792  142.3910678   179.53479445
  183.95312463  186.26003892  192.50205405  192.51422061  192.79661828
  218.76920383  219.91669436  223.97826082  231.11093526  231.13660172
  249.66144876  355.47580841  382.36741971  390.95434881  467.81688084
  489.09287184  550.73119624  582.76789839  596.17422103  638.7937358
  662.91013667  664.55142312  669.06545252  683.66236533  713.52228545
  739.62486993  882.9899862   884.83617095  904.80897271  927.2487541
  927.28965376  967.67555364  980.16318386  995.58995649 1013.2713105
 1013.31584346 1021.43240978 1033.19934596 1034.3854695  1037.30851203
 1050.62920204 1056.83038417 1057.62047765 1058.03317424 1058.14244001
 1061.09148233 1061.11534879 1068.1024911  1070.09687464 1072.52418793
 1080.70072042 1080.76961985 1092.34729092 1092.43355688 1096.54775624
 1106.18707665 1106.23997621 1108.32905896 1110.36577548 1111.27076801
 1112.96328737 1113.0119203  1129.00455492 1136.6486918  1138.66607515
 1141.91494832 1141.98781438 1144.6388925  1163.01004081 1165.01199095
 1193.07879254 1193.0879258  1209.5225901  1213.68015577 1240.13223736
 1260.90636584 1263.85937479 1281.97165857 1284.11154091 1284.12260748
 1284.98243371 1305.0166683  1310.92628617 1311.03618526 1352.04194669
 1360.76134136 1371.05292305 1378.40676233 1379.98671596 1390.55429537
 1468.78524944 1488.49808667 1493.73867673 1539.21603457 1546.63930661
 1558.9543716  1559.26103573 1560.20056131 1562.09524567 1562.32631042
 1562.48524244 1577.90858177 1582.02754776 1601.61711934 1607.22193973
 1635.98240226 1640.48149845 1655.70020613 1673.35706034 1685.39142764
 1686.41615251 1704.40607064 1706.45025376 1708.49173691 1709.99299118
 1737.61839642 1742.43299    1753.1593681  1770.36609269 1774.86965551
 1798.87175733 1823.37705499 1825.86033449 1860.82714578 1865.6251395
 1868.99674499 1869.71007243 1871.35515885 1873.46580809 1892.16448703
 1920.60708552 1921.01081552 1925.52044496 1929.89464217 1930.54520347
 1932.14832356 1932.61678636 1932.64625279 1933.77264349 1937.17574872
 1940.13562428 1950.39710622 1951.16953318 1952.58468816 1963.13403439
 1980.77148876 1985.69908141 1985.71408129 1985.76694752 1985.99444564
 1986.24211026 1988.92835475 1994.43454262 1996.29692724 2007.31633625
 2013.04535562 2020.59959325 2043.67170274 2053.89261835 2054.57821269
 2054.7228115  2057.50975515 2058.47064722 2061.11939202 2070.70311289
 2072.99362731 2075.63457217 2078.24205064 2082.71364705 2094.18538567
 2096.26200185 2110.86881458 2140.32597136 2146.32295518 2158.98648395
 2168.35030664 2176.08760942 2187.20641762 2213.78599815 2218.24019471
 2259.2182897  2263.36698878 2281.61133814 2289.95760256 2292.84947868
 2294.74586302 2295.46449042 2319.09049535 2324.48175083 2330.89086458
 2366.0957739  2366.28153904 2398.90293636 2401.75317949 2428.06919554
 2431.71643209 2442.5787424  2442.69160814 2443.00290557 2444.14709612
 2446.6286423  2446.76104121 2455.05063943 2462.63791011 2465.41092055
 2475.84850104 2477.01162477 2486.9757425  2495.99406803 2507.58900563
 2507.99386895 2514.7949128  2518.54604849 2526.16921889 2528.11960278
 2529.33672607 2531.07941168 2534.73314818 2541.19212818 2544.1969367
 2555.86507369 2567.50341093 2591.91690936 2592.30927278 2615.16548407
 2628.56977339 2656.27297799 2672.63627621 2674.27562934 2695.00515818
 2738.03533623 2738.35836689 2743.89822115 2785.03801481 2834.55723927
 2841.85204571 2844.59835636 2853.97321229 2864.23512756 2867.93523034
 2890.27831253 2914.040383   2927.59367109 3013.31752996 3019.79914311
 3041.5203971  3061.40073295 3129.10614059 3135.98431713 3157.25337485
 3166.17616785 3166.83222909 3210.55150145 3221.53287745 3230.77613446
 3245.89197632 3249.30664812 3269.29204978 3299.81336444 3300.60309125
 3305.93924719 3306.24431134 3310.08184632 3311.55373417 3312.57165909
 3313.02908865 3313.03638859 3315.37166931 3319.16763797 3322.87594068
 3327.52906893 3327.58050184 3327.70423415 3327.87383275 3328.64702636
 3328.6789261  3329.14065562 3329.49148606 3329.76771711 3329.77405039
 3329.84658313 3329.92224917 3330.05701472 3330.24281319 3330.24864647
 3330.71867593 3330.87134133 3330.90110775 3331.00250692 3331.14317242
 3331.73853417 3332.35036245 3332.7200594  3339.20980582 3340.19276437
 3349.47492106 3358.44308035 3358.85991024 3361.60375425 3362.69637856
 3363.54217158 3364.88056053 3366.25958247 3371.98246855 3380.95196116
 3380.95679446 3380.96472772 3401.26746009 3416.42690159 3426.99994762
 3427.48357696 3444.64513526 3446.56668607 3454.95181683 3471.77564459
 3511.40101741 3562.33859683 3575.75478606 3581.23957411 3585.14307521
 3589.54050557 3591.99415197 3609.40974151 3612.0714862  3621.20554412
 3632.36401865 3645.9027402  3647.39472788 3655.19059684 3655.92595744
 3659.36859568 3662.5799025  3695.84099454 3739.82199806 3741.91568078
 3768.50829454 3803.4790058  3810.4830813  3828.85529627 3830.94957898
 3869.51169392 3896.66446972 3951.38988454 3957.57740011 3962.46515976
 3989.17243924 3989.20243899 3990.86892523 3991.10802326 4000.79787659
 4018.79456133 4018.99242636 4039.37722471 4070.58536704 4080.6457173
 4085.82707452 4100.7232182  4100.8758836  4103.19816443 4122.59397095
 4133.28938264 4135.98829369 4187.9928643  4187.9962976  4188.30522839
 4194.16784665 4214.31971359 4235.95606828 4237.78878648 4238.58387991
 4241.49738919 4241.49995584 4241.54022217 4241.84058636 4242.288016
 4263.24954292 4276.3165017  4284.98103016 4364.55763978 4385.97659626
 4394.58289187 4394.58872516 4395.67581618 4447.17989092 4477.04691099
 4477.37650827 4516.49748525 4556.0999916  4578.92433648 4632.1391971
 4632.21086317 4649.7571183  4650.42844609 4653.37082179 4747.48541138
 4757.68919379 4771.43431364 4832.50964269 4879.5403877  4884.33124814
 4889.72303696 4931.44465914 4947.55929275 4972.19048938 5011.61709718
 5031.76233084 5121.95761946 5132.68999751 5133.07716098 5135.83577154
 5147.75430646 5185.68952657 5194.45065423 5231.16765107 5235.41594933
 5256.21701091 5256.83947244 5283.22402125 5352.52254907 5398.81570018
 5407.21963079 5426.78020261 5484.3790937  5500.13623027 5500.75485849
 5517.43275412 5532.64962848 5556.77062932 5556.77996257 5590.7290156
 5604.27420376 5606.48381885 5618.50951955 5624.52380323 5666.63332221
 5677.2562345  5789.06461132 5798.78266442 5799.15322803 5804.58101654
 5807.48529256 5813.65014166 5837.57641078 5859.03380027 5860.5123214
 5871.18429995 5883.39383247 5890.46860739 5933.74458341 5938.41514484
 5950.43774557 5969.96298436 5969.97085096 5969.98108421 5970.0183839
 5970.02215054 5970.02628384 5970.05398361 5970.0996499  5983.21727492
 5986.9137444  6016.04097057 6068.63573631 6104.61800588 6118.37575895
 6160.42487843 6161.68226805 6191.99681775 6244.55095049 6268.44371988
 6275.71032655 6275.81679234 6280.30138864 6291.66652814 6301.12831668
 6318.26484185 6352.59339174 6397.54645391 6406.8452438  6407.94583471
 6414.01878457 6433.21375942 6445.99288724 6453.19882774 6453.23092747
 6453.61852427 6458.05035435 6458.25321934 6524.37080676 6562.37592629
 6565.7461318  6662.50913285 6666.74486454 6682.28693622 6706.18953886
 6706.19667213 6728.59565386 6729.64351187 6733.54287968 6734.36613954
 6746.39174025 6751.27653325 6751.3436327  6751.88549489 6751.93282783
 6761.48958226 6782.07217898 6808.32206224 6910.02338919 6985.50613261
 6994.00902907 7046.54019534 7110.30063555 7121.45454345 7144.30412146
 7159.09823264 7159.11646582 7159.34396394 7159.73552738 7161.29518117
 7189.46904854 7189.6313472  7201.94297888 7205.4651498  7214.6897403
 7242.08261413 7242.44371114 7245.1543221  7250.90620794 7258.88137542
 7276.55749614 7282.90044377 7294.90401133 7297.07732672 7320.67619853
 7321.01299575 7331.11904564 7334.50161771 7334.83991492 7335.19844529
 7335.37124387 7335.41047687 7335.81430687 7357.57356055 7364.3732044
 7395.89864411 7403.77327909 7406.54722285 7417.06060271 7482.60262821
 7496.42794739 7496.43811398 7496.44054729 7512.1230178  7516.61181408
 7526.13000215 7532.88177974 7579.12343127 7597.01258356 7598.63257018
 7600.35048933 7602.22307387 7604.73411981 7609.63521267 7610.24454097]"
320,715710_2024-07-16_E-267,CA1,True,"[  58.81142456   58.90542379   59.73191696 ... 7612.27262423 7612.4491561
 7612.45548938]"
321,715710_2024-07-16_E-269,CA1,True,"[  20.9592371    21.27316784   22.18542697 ... 7608.2468908  7609.85154422
 7609.85541085]"
322,715710_2024-07-16_E-271,CA1,True,"[  57.71120031   58.89892384   60.15758011 ... 7609.92941024 7610.62113786
 7611.0935673 ]"
323,715710_2024-07-16_E-280,CA1,True,"[  20.8743378    31.83788061   32.44667558 ... 7604.47145531 7604.50635502
 7604.87938527]"
324,715710_2024-07-16_E-285,VISl,True,"[  33.03553739   33.19053611   38.573225   ... 7612.06895924 7612.18309163
 7612.50832228]"
325,715710_2024-07-16_E-298,CA1,True,"[ 184.19255599  191.83912619  294.38624615  305.15082393  308.99082556
  309.7324861   313.52912142  319.031076    319.15797495  331.08317648
  340.91739529  344.56353185  350.11995264  364.84679771  365.54832525
  385.93929022  387.54627695  428.37047321  893.5463657   897.8829299
  897.88702986  987.17449264 1288.50403797 1446.89009688 1447.68942362
 1486.69773487 1503.84789327 1530.17100926 1599.66873543 1635.92003611
 1638.16145094 1686.49941849 1687.89740695 1688.15497149 1688.27887047
 1688.52340178 1690.82008282 1693.5352604  1696.78743355 1728.02070899
 1743.19768368 1746.84708688 1750.36355785 1751.59071438 1759.12361885
 1761.60853167 1768.32407622 1774.44275903 1774.45755891 1788.13101268
 1806.8358249  1829.20297356 1831.11819108 1832.05598333 1839.61558758
 1840.39071452 1840.87344386 1853.24397506 1858.6927634  1864.07821894
 1864.64771423 1910.02030627 1915.8578914  1915.94555735 1916.34148741
 1999.20120326 2036.37306301 2071.13500932 2071.14190926 2072.18713397
 2077.25265881 2081.82082109 2100.32356832 2100.32826828 2100.43676738
 2100.44050069 2113.92688933 2115.04041347 2115.04431344 2115.35331089
 2115.49510972 2118.20048738 2125.43862762 2125.44222759 2127.50774387
 2127.51231049 2147.31218034 2148.26757246 2148.40467132 2148.4881373
 2148.56523667 2148.67086913 2148.72666867 2148.79553476 2148.85196763
 2148.95010015 2151.98564176 2168.7621699  2169.04113427 2169.44069764
 2220.51734258 2220.52157587 2236.56011011 2282.00283491 2296.02751911
 2296.03251907 2368.06909094 2369.95124207 2412.88102094 2443.89149823
 2444.14129617 2470.01321588 2507.34354099 2514.83837911 2556.13777144
 2625.3636332  2706.290765   2706.55949612 2706.56392941 2707.78601932
 2708.28474854 2712.46734734 2713.3322402  2713.33874014 2713.34317344
 2713.43940598 2720.90657766 2720.91117762 2729.11744319 2729.12534313
 2730.34933302 2730.35569964 2730.6796303  2735.78828811 2735.79168809
 2736.54668185 2751.67095698 2751.67495694 2751.67929024 2751.6839902
 2751.68809017 2752.03382065 2752.3579513  2752.60718258 2753.05654553
 2753.06041217 2753.18794445 2753.20021102 2753.46267552 2753.46730881
 2753.48194202 2753.48540866 2754.09573695 2782.27977091 2787.98059051
 2791.56109428 2820.79875287 2850.75470553 2898.01788196 2898.0216486
 2898.65464337 2898.65921    2904.18023108 2904.18469771 2971.96790471
 2987.38741072 2988.64366702 2988.73299961 2989.43389383 2989.68615841
 2989.85802366 2991.37027784 3011.72544311 3044.78717012 3057.5708979
 3057.57469787 3057.58033116 3068.14487726 3068.29297604 3080.28484369
 3080.28864366 3087.36785188 3094.27042822 3101.1232383  3101.12673827
 3101.34863644 3101.3534364  3108.88554088 3118.00373226 3118.01416551
 3118.01806547 3118.09596483 3118.10049813 3118.12859789 3118.13479784
 3118.23033039 3118.23826366 3118.24673025 3118.35899599 3118.36289596
 3118.36952924 3118.54142782 3122.74365979 3122.76585961 3138.13016608
 3142.62806228 3142.89682672 3142.90396    3168.13261836 3168.43248255
 3172.62831457 3172.6323812  3172.98311164 3172.98854493 3173.79737159
 3173.80250488 3173.80687151 3188.1389865  3193.71160716 3215.79012486
 3215.8017581  3215.80515807 3215.80862471 3218.85003293 3227.12063131
 3287.57626548 3298.34300991 3298.34900986 3304.35636026 3305.71114907
 3307.66129964 3307.69863266 3327.5488021  3363.71337016 3363.72260342
 3366.66224582 3366.66654578 3372.13603395 3374.17445046 3374.17838376
 3374.18285039 3382.76247955 3418.27448633 3457.74096047 3457.74549376
 3457.75016039 3458.0276581  3461.98979205 3483.93947749 3492.6982385
 3492.7027718  3497.5430985  3515.31401844 3539.31378694 3539.31755358
 3539.32075355 3541.7659667  3541.76946667 3541.7733333  3541.78049991
 3541.78746652 3541.79529979 3542.38416159 3542.38922822 3542.42482792
 3542.6410928  3542.64892607 3542.79295822 3542.79802484 3542.9640568
 3546.05856459 3557.58396942 3557.59546933 3580.39428109 3580.39778106
 3585.17080831 3585.63423782 3587.56725519 3587.86105277 3589.20700832
 3589.21377493 3593.64390502 3593.64753832 3593.65250495 3593.95010249
 3594.23483347 3594.23853344 3595.56398917 3595.56772247 3598.49206499
 3610.93879555 3614.2077019  3614.21203519 3614.37006722 3615.41222528
 3615.41692525 3657.31321265 3657.3192126  3657.55684397 3677.46367961
 3677.49444602 3678.28480616 3678.28893946 3678.50293769 3678.50740432
 3678.51757091 3678.77736876 3678.79126865 3678.8255017  3678.90943434
 3678.92010092 3679.02066675 3679.12893253 3679.14236575 3679.16266558
 3679.45362984 3679.60226195 3679.62152846 3679.75532735 3680.39945537
 3680.404122   3680.4395217  3680.54068754 3680.54555416 3680.99875042
 3681.00711702 3681.02558353 3688.43512235 3719.2609345  3719.26550113
 3719.26993442 3719.27520105 3721.23601819 3721.24021816 3759.49346898
 3759.65813428 3759.66166759 3782.51784554 3793.80895231 3793.8137856
 3793.8177189  3794.40224741 3794.40701404 3795.04044214 3795.18810759
 3795.20480745 3795.32287314 3795.33133974 3795.47460522 3795.47993851
 3795.61003744 3795.74816963 3795.88176853 3795.89153511 3796.18189938
 3796.32799818 3821.43425755 3821.43825751 3821.44195748 3821.44622411
 3821.53782336 3875.73687585 3875.74154248 3904.58853763 3904.6006042
 3904.69990338 3904.70337001 3904.71023662 3904.74976963 3904.84630217
 3904.96136788 3904.97500111 3935.71634728 3935.72134724 3937.40076671
 3937.40430001 3937.41026663 3937.70769751 3938.11436082 3940.82430511
 3954.70332384 3959.10578749 3972.41994423 3984.34354578 4006.08633292
 4039.32012518 4052.72548117 4056.20898574 4059.58629119 4083.50539369
 4087.29559573 4102.46040385 4102.46450382 4137.18028385 4152.3931249
 4152.39672487 4152.7971549  4152.80142153 4167.49133357 4167.49553354
 4167.55716636 4167.56199966 4172.74702351 4172.75085681 4172.75562344
 4174.19017826 4174.20154484 4174.8514728  4194.03944771 4194.04834763
 4194.05251427 4194.05664756 4194.59564311 4194.59970975 4195.31913714
 4197.11435565 4197.11842228 4208.28416343 4208.28863006 4208.29413001
 4208.2990633  4208.45362869 4208.46289528 4208.80792577 4209.19705589
 4209.20492249 4209.21538907 4209.22585565 4209.23118894 4209.30845497
 4209.35098795 4210.46844539 4210.94690811 4210.98064116 4211.28790529
 4212.1186651  4212.54499491 4212.56712806 4212.98409129 4212.98892458
 4213.38418798 4223.90606777 4245.76815393 4267.50250781 4268.6622649
 4369.86499596 4372.41414158 4372.41844154 4372.42244151 4405.87136533
 4426.44636212 4439.31422254 4439.31905583 4439.32352246 4482.85199639
 4482.85586302 4482.85996299 4482.86409629 4483.36872546 4483.37332542
 4483.37735872 4483.48715781 4483.49145778 4483.52012421 4483.55072395
 4483.58042371 4484.0490865  4484.17861877 4484.18358539 4530.48983639
 4543.54742858 4564.9978848  4565.0015181  4579.92316156 4579.92726153
 4580.65622218 4593.11545264 4593.11971927 4593.12375257 4593.12795254
 4595.21436864 4595.85802999 4595.86192996 4595.98996224 4597.33731778
 4597.34261774 4605.7723148  4605.90621369 4605.93078016 4606.19644463
 4606.20101126 4606.39937629 4606.40464291 4607.25683588 4607.26253583
 4607.26860245 4608.06496254 4673.75888679 4681.41862354 4681.42309017
 4681.42685681 4690.78274622 4692.424966   4692.42883263 4697.41515813
 4698.20005165 4756.14297323 4756.14703986 4756.15137316 4756.15547313
 4756.22540588 4756.2317725  4756.23553913 4756.24000576 4756.25687229
 4756.26893885 4756.38430457 4756.72503509 4756.80596775 4756.81086771
 4756.81730099 4756.82340094 4756.93560002 4756.95193322 4757.19853118
 4757.28686378 4757.29559704 4757.5114286  4757.51592856 4757.63189427
 4757.75395993 4757.91915856 4758.03812425 4758.0481575  4758.29192215
 4758.41585446 4758.57145318 4758.58028644 4759.09981548 4759.11304871
 4761.18239829 4761.18709825 4761.19156488 4761.71662721 4765.69809433
 4765.70186097 4765.70689426 4765.71182755 4766.11472423 4766.12132417
 4766.23638989 4766.24378983 4766.29172277 4766.37415542 4766.37808872
 4766.40632182 4766.51892089 4766.53605408 4766.545554   4766.5503873
 4766.56495384 4766.58548701 4766.64258654 4766.65228646 4766.66151971
 4766.68421953 4767.08548288 4767.20944852 4767.68721124 4767.79047706
 4768.07457471 4768.21157358 4768.31663938 4768.322806   4768.3304726
 4768.33573922 4768.43640506 4768.62620349 4768.78390219 4768.94173422
 4768.95343412 4769.21699861 4773.35646443 4783.1503169  4793.36576589
 4793.37089918 4793.50529807 4793.89146155 4810.11046097 4835.44221847
 4844.01161439 4844.36914477 4848.16948006 4861.90036668 4861.90689996
 4862.57509445 4862.58026107 4880.42191376 4880.46064677 4880.46408007
 4880.46771338 4880.47208001 4880.48187993 4997.11598358 4997.13118345
 4997.29431544 4997.29844874 4997.31981523 4997.33154846 5004.00869333
 5004.01222664 5004.10675919 5004.11179248 5008.94081927 5008.94515257
 5017.9565115  5017.96021147 5017.96671142 5018.8565374  5026.42950821
 5026.43307485 5026.43767481 5026.44680807 5079.60726913 5079.6117691
 5079.90403335 5079.90803332 5080.11356495 5099.02250883 5102.93857649
 5102.94250979 5103.50557181 5103.62630415 5103.63080411 5112.78352854
 5113.09705928 5122.29068337 5122.29495    5122.2990833  5122.30338327
 5122.4365155  5122.44091547 5124.46073212 5129.20879292 5129.21252622
 5131.74783862 5131.89103744 5136.12233584 5136.90049608 5140.0512034
 5149.56732482 5149.57525809 5149.59299128 5149.82545603 5149.94538837
 5149.94992166 5149.95728827 5152.74283194 5155.34101049 5197.94499205
 5197.94972534 5199.17071526 5199.17574855 5199.18501514 5199.63887806
 5203.58161218 5233.52639826 5235.62478094 5235.62834757 5235.63338087
 5235.63834749 5236.80000457 5236.8039712  5254.39995925 5254.40389255
 5254.52325823 5254.92828822 5256.31831007 5256.32211004 5286.85925791
 5286.8643912  5287.11805577 5287.83064989 5287.99684851 5288.00034848
 5288.0071151  5288.50201101 5288.50701097 5288.56871046 5288.58267701
 5288.83594159 5288.95587393 5288.96137388 5289.16750551 5289.17833876
 5289.48753621 5289.49336949 5290.34092916 5290.95999071 5291.11425611
 5291.11822274 5312.95514244 5312.95910907 5319.11899155 5362.15656953
 5362.16050283 5362.16500279 5362.41316741 5362.41680071 5366.64723245
 5366.65079909 5366.66243233 5367.13519509 5367.14479501 5367.36875983
 5367.38262638 5367.97355483 5399.15476404 5399.15846401 5403.5934274
 5403.59749403 5403.60236065 5403.60626062 5403.70155984 5403.70509314
 5416.58125349 5416.58492013 5416.58925343 5416.59352006 5420.19172368
 5421.87177648 5421.87647644 5457.7703134  5457.77364671 5457.77734668
 5532.64199521 5560.94099488 5585.7833231  5587.74650689 5610.85558275
 5625.520995   5631.61997797 5631.62341128 5631.62671125 5647.42044751
 5658.75882056 5658.76235386 5658.76705383 5712.79837437 5712.80394099
 5712.80844095 5712.81250759 5712.81710755 5751.70931976 5790.91932934
 5791.88378805 5804.00095467 5806.7420987  5808.17435354 5831.24819636
 5831.25356298 5831.25796294 5831.2628629  5831.40712838 5831.41066168
 5831.41992827 5831.5182608  5831.52196077 5831.68625941 5831.69599266
 5831.70529258 5831.71712582 5831.84312478 5831.85245804 5831.86455794
 5832.70345101 5832.70905096 5841.32854646 5850.50187072 5862.5550712
 5871.59022993 5871.59386324 5871.74362867 5871.75166193 5871.75696189
 5872.00842648 5872.01295977 5872.08145921 5872.08625917 5872.32415721
 5872.48798919 5872.4938558  5872.50445572 5876.36045721 5876.36379052
 5896.73905562 5900.38865882 5900.39285878 5900.39755874 5900.97792062
 5906.18327764 6073.62636177 6078.27179008 6079.7111782  6079.71547816
 6080.07967515 6080.08394179 6080.08904174 6080.09310838 6080.29450671
 6080.29820668 6080.56317116 6080.57870437 6080.97866773 6081.77432783
 6085.62206273 6090.56325526 6090.56825522 6090.57212185 6090.57698848
 6090.76338694 6090.77752016 6092.23957475 6097.35949915 6097.51316454
 6097.91706121 6104.78343785 6104.79160445 6104.79557108 6105.77522966
 6105.78066295 6106.5859563  6106.70098868 6106.70682197 6108.76980493
 6109.45053265 6109.45453261 6110.79118824 6118.11512777 6118.11879441
 6118.72898937 6119.68534814 6159.88174958 6159.88798286 6159.89404948
 6159.90301607 6159.98271542 6159.99018202 6160.17561382 6160.20321359
 6160.58954374 6161.15130577 6161.15597239 6161.31637107 6161.43390343
 6161.83230014 6178.35273041 6178.35903035 6290.76903555 6290.77250218
 6290.7790688  6290.78416875 6320.03092727 6320.03699389 6355.92343092
 6355.93103085 6379.21060531 6379.22070522 6379.22563852 6379.28633801
 6379.29027132 6401.79188553 6401.79795214 6426.5302146  6440.28040107
 6575.02468852 6575.02812182 6575.05942157 6575.06275487 6575.06938815
 6575.21235364 6575.21778693 6575.41678528 6575.4269852  6575.48848469
 6575.55455081 6575.6690832  6575.67448315 6575.68191643 6575.81411533
 6575.95481417 6575.96618075 6591.08128928 6609.2659058  6620.35844754
 6620.36194751 6620.37281409 6620.37791405 6620.89404312 6620.89730976
 6620.91470962 6620.92047624 6620.98074241 6620.99630894 6621.14600771
 6621.1591076  6621.40123893 6621.40997219 6621.75696933 6755.83592894
 6755.83986224 6755.84729551 6755.94722802 6755.95072799 6756.1320265
 6756.13672646 6756.39945762 6756.40535757 6845.24492405 6845.24889068
 6896.70646581 6896.7109991  7189.45161535 7189.45548199 7190.1529429
 7190.15770952 7205.45081659 7205.45488322 7205.45928318 7316.41863369
 7316.4252003  7316.43373356 7317.95648765 7317.96262094 7317.96808756
 7317.97322085 7328.91849714 7488.7164444  7602.2843067  7602.28800667
 7602.29500661]"
326,715710_2024-07-16_E-301,CA1,True,"[  37.04303763   40.6970408    44.87920626   45.50680108   59.20668797
  168.59565144  212.01045964  258.80330661  260.72895738  304.02516656
  306.676978    306.68784458  307.18857378  342.0587192   342.06431915
  364.2417027   368.69393261  413.1716987   435.33068241  443.57311435
  448.61793936  504.42931188  504.43774514  525.56207072  549.25854173
  552.82031232  552.82407896  552.83004558  553.15547622  618.59863588
  640.8803519   696.40916008  696.97035545  697.17738707  697.26435302
  700.26369492  700.97812236  701.83928191  705.7411497   718.02788158
  718.67690956  727.43743722  789.83048872  820.32510361  832.65390181
  833.00106561  833.22089713  893.44416655  897.30730132  971.80761952
  980.1955836   980.22618334 1021.44227637 1033.78760777 1038.9635317
 1055.03803231 1061.0133163  1072.41258885 1135.22533689 1186.38688113
 1199.16067566 1199.17714219 1199.92493601 1251.88927362 1266.30348794
 1296.91950182 1369.45036962 1414.0063684  1462.31346954 1462.32273613
 1462.34143597 1497.2952807  1548.70035626 1567.48570116 1571.03987181
 1598.95064136 1620.34186474 1620.51992993 1623.12600842 1741.84399486
 1763.90291272 1776.9219719  1789.79629893 1789.80016556 1789.81413212
 1789.8244987  1807.26762134 1811.61765209 1821.08557391 1821.24300595
 1824.97330848 1846.1411337  1864.15678495 1956.26085781 1965.03025207
 1974.04224432 1994.8278727  2013.75674974 2017.56555163 2017.57418489
 2022.95127383 2025.83964998 2026.28337965 2026.76757565 2027.08923966
 2035.54036988 2053.31205648 2093.11576116 2097.5079249  2105.81965627
 2114.04962165 2126.17838817 2140.30660485 2149.19813144 2197.16856869
 2201.80723039 2206.45469202 2236.73094204 2266.02733348 2266.03430009
 2275.76935304 2288.68397974 2288.69601297 2288.70671289 2302.33226705
 2372.2129234  2390.25994105 2420.47779155 2442.95460597 2446.7940076
 2462.97944063 2468.93849143 2486.51311298 2559.33537837 2559.42291099
 2559.48891044 2559.55260991 2559.82747431 2559.85460742 2559.99550626
 2560.2129378  2560.22663768 2560.32043691 2560.51606863 2560.63676763
 2560.93176519 2560.94569841 2561.05746416 2578.40728757 2594.99598393
 2599.91794329 2608.97543518 2637.7242978  2659.69781637 2677.99789861
 2683.07265671 2691.18518972 2691.26062243 2699.02205835 2705.04030866
 2708.08598351 2708.28454854 2716.43311459 2722.22223346 2729.78203771
 2731.51649005 2742.80423019 2782.75786697 2783.36282864 2809.97214226
 2810.15560742 2821.92891021 2822.62747111 2835.45209855 2843.48209891
 2849.10478582 2862.56187471 2870.36057699 2874.00411357 2880.2614619
 2888.47372743 2932.68146242 2945.0533936  2945.09179328 2983.99007211
 2992.51016843 2996.55200172 2997.99585647 3035.60697925 3035.64401228
 3041.08276738 3058.01306092 3058.01659422 3079.81371425 3079.81714756
 3079.82118086 3127.55298675 3155.40432345 3159.18729222 3194.62869959
 3228.96918271 3229.27681351 3259.35846513 3259.36263176 3273.27365024
 3303.62666628 3303.6448328  3306.95453881 3307.29903596 3307.55250054
 3307.69509936 3307.73279905 3308.32289418 3311.56843404 3317.6012509
 3319.94029825 3320.05626396 3320.33732831 3320.50242695 3320.68109214
 3321.23758754 3321.36395317 3321.54965163 3321.9855147  3324.38596155
 3324.80195811 3325.8571494  3326.07711425 3326.27601261 3328.73132567
 3329.86211633 3330.00311517 3330.34061238 3334.11541455 3334.58441067
 3334.6334436  3334.71180962 3334.72627617 3334.74180937 3334.75684258
 3334.80487552 3334.86734167 3334.90227472 3335.0330403  3341.82905086
 3342.56984474 3343.8384676  3359.45903862 3364.581463   3377.2491584
 3382.75697959 3382.76231288 3390.15705183 3429.42629426 3447.61201077
 3447.9264415  3447.93777474 3447.94980798 3448.05687376 3448.06524036
 3448.09864008 3448.20290589 3448.34480472 3448.35647129 3448.63160235
 3451.33004674 3465.38983065 3473.74592832 3486.17015907 3486.34319097
 3486.60278883 3486.86242002 3490.659422   3490.89495339 3490.97668605
 3490.98728596 3491.13165144 3495.84244587 3496.0538108  3496.16964317
 3509.69679815 3509.71429801 3521.0711709  3526.62009175 3534.52182651
 3552.69200982 3569.74026905 3574.20486552 3574.78369408 3609.74627207
 3644.59881763 3658.38613713 3700.57195548 3801.99198474 3862.58095114
 3866.7076504  3903.09974992 3915.09105091 3920.64650504 3950.99995442
 3951.00562104 3993.99146612 4002.17786519 4016.04448403 4037.57407293
 4037.57700624 4037.59993939 4068.87758114 4068.89301434 4095.0625316
 4129.74991186 4130.26727426 4143.11850148 4160.11732779 4161.60678216
 4161.61464876 4170.25687741 4170.26104404 4208.00609905 4208.27586349
 4270.9792791  4292.21333711 4371.25698447 4397.1188376  4397.12230424
 4397.12550421 4402.00573058 4402.12286295 4414.38532837 4422.86049172
 4422.86375836 4422.867025   4427.10672333 4441.19094037 4441.19427368
 4441.19767365 4461.77423709 4496.86978065 4498.36986826 4501.51074233
 4535.82195903 4535.825959   4536.55141967 4537.12848158 4598.73797288
 4598.74237284 4598.74697281 4629.42911947 4629.43325277 4651.17547325
 4699.15541043 4706.72578125 4754.46478708 4812.488508   4812.49260796
 4812.72603937 4833.74239918 4846.34119515 4851.61601827 4852.21504665
 4864.07774871 4865.50953688 4865.52120345 4865.73160172 4878.53439601
 4883.0846251  4885.96653464 4886.77066134 4886.96329308 4890.75252846
 4907.38939109 4913.00011143 4938.7570321  4940.1212875  4944.36585245
 4944.37705236 4969.71007653 5005.1708504  5012.87242015 5013.69008006
 5014.05827702 5021.60428138 5021.60751469 5021.61221465 5027.54536566
 5031.78609731 5034.28674333 5044.89468908 5052.51675948 5073.93108267
 5083.4831038  5104.43913077 5104.4428974  5104.44639738 5105.95408493
 5121.97368599 5121.97778596 5153.32176049 5157.16192878 5158.56785051
 5158.57571711 5193.78325974 5206.10055804 5214.44682246 5214.45062243
 5214.4550224  5218.96988512 5232.26827532 5235.50491526 5235.65804733
 5235.76761309 5235.80007949 5235.81304605 5235.91741185 5236.10957693
 5236.42724098 5236.82643768 5236.87380396 5237.05496913 5237.33226684
 5239.91127888 5240.73053878 5240.73810538 5240.74597199 5240.75910521
 5240.7803717  5240.78350501 5240.7881383  5240.79073828 5252.93117137
 5253.28376846 5257.70636528 5257.75463155 5271.14185435 5271.35518592
 5271.70291638 5274.82279062 5274.93922299 5275.06935525 5275.16732111
 5275.18678762 5275.31821986 5275.48988511 5275.53651806 5275.57085111
 5275.79144929 5276.0365806  5276.06328038 5276.83774065 5280.61614279
 5283.62705126 5320.10008345 5320.12621656 5320.15888296 5320.194916
 5340.59314757 5394.18313843 5394.19537166 5394.36153695 5394.58673509
 5394.7561337  5394.87093275 5399.36276233 5407.44616225 5410.45297076
 5411.08716552 5411.33646346 5420.27608965 5420.9679506  5432.46378902
 5432.46808898 5454.24767582 5495.34116986 5495.5494348  5503.34390378
 5508.4159619  5547.92146905 5547.92666901 5547.93510227 5559.63217236
 5581.58495776 5586.32205198 5586.32995192 5586.4691841  5590.29841915
 5591.06404616 5591.25891122 5594.99668036 5595.00551362 5595.44447666
 5595.46574315 5595.63914172 5595.76370736 5599.01054722 5599.55474273
 5599.7195747  5599.88880663 5600.18530419 5600.23430378 5600.32726968
 5602.74768303 5603.33684483 5603.800841   5603.9264733  5604.12910496
 5604.42076922 5604.61826758 5604.88946535 5607.11534697 5607.23217934
 5607.75107505 5608.35243675 5608.38936978 5608.66090087 5609.15266348
 5609.15619678 5611.94094046 5615.92094093 5616.40187029 5616.43753666
 5616.75653403 5616.93046593 5617.88575804 5618.02622355 5620.36937086
 5620.85036689 5621.88102505 5621.92959132 5624.67163534 5630.65721925
 5631.11264883 5631.12464873 5638.66141983 5651.90021052 5651.96114335
 5656.77740359 5674.35655844 5674.73798862 5725.20293861 5727.32578775
 5735.18382287 5743.95901708 5761.3413069  5761.35380679 5771.08305979
 5775.15912614 5775.16415943 5786.59189841 5831.17556363 5831.18233024
 5831.19386347 5831.1988301  5831.24012976 5831.37812862 5831.42322825
 5838.90149983 5848.13612359 5848.1383569  5848.14082355 5848.14879015
 5848.15229012 5848.15712341 5848.17135663 5848.17302328 5848.19102313
 5848.19992306 5848.20548968 5848.20788966 5848.22308953 5848.23228946
 5848.2397894  5848.24455602 5848.26028923 5849.01931629 5866.05994226
 5870.75670348 5870.87620249 5871.01296803 5871.34953192 5896.50272424
 5900.45409161 5901.05208667 5901.44231678 5901.63264855 5901.7996805
 5901.88154649 5901.91637954 5902.09934469 5902.22444366 5906.07987849
 5909.04195404 5909.08918698 5909.27455212 5909.48928368 5909.50968351
 5909.60858269 5909.74534823 5909.94674657 5910.68934043 5913.62291621
 5913.63231613 5914.1932115  5950.08098185 5971.13497468 5984.10066763
 5988.06260158 5989.12112618 5989.20099218 5989.24312517 5989.58535568
 5992.05103532 5992.07093515 5992.38593255 5992.51166485 5992.66943021
 5992.75992946 5993.08732676 5993.21215906 5993.35715787 5993.39392423
 5993.62495566 5993.66595532 5993.91235328 5997.12562675 5997.4269576
 6027.1361123  6027.14071226 6067.35541355 6079.74417792 6080.29760669
 6083.92067677 6084.09004204 6084.29024039 6085.16179986 6085.19469959
 6085.22189936 6085.22583266 6085.23189928 6085.25029913 6085.25863239
 6085.33253178 6085.33663175 6085.34753166 6085.3544316  6085.36326486
 6085.37416477 6085.44369753 6085.44689751 6085.45346412 6085.46649734
 6085.47829725 6085.54686335 6085.55129664 6085.55856325 6085.57062982
 6085.66642903 6085.67322897 6085.69672878 6085.70369538 6085.71689528
 6085.7379951  6085.79679462 6085.80622787 6085.91312699 6085.91839361
 6085.92492689 6085.93766012 6085.9443934  6088.16657505 6088.29340734
 6088.55640516 6088.56647175 6088.57143837 6089.13596705 6089.47009762
 6089.67792924 6089.7312288  6089.80396153 6090.14255873 6092.64713805
 6093.04160146 6093.60086351 6093.71809588 6093.87806122 6094.56265557
 6094.5668222  6094.68252125 6097.03530182 6097.05480166 6097.35373253
 6102.50475666 6110.06762755 6151.57315152 6159.90594938 6255.13069647
 6259.08309717 6286.16424023 6312.48705623 6321.16308459 6330.52414063
 6334.44697491 6341.92531316 6369.92471531 6369.92868195 6399.99316704
 6400.16106566 6403.7449694  6417.29289087 6417.3055241  6417.56068866
 6417.56508862 6421.31869096 6425.72862122 6448.38083419 6451.49344182
 6451.82427242 6452.98052954 6452.99536275 6464.90509775 6465.01176353
 6465.06636308 6465.06939639 6465.07449635 6465.07939631 6465.75589072
 6466.01812189 6466.30645285 6473.13546313 6473.41159418 6486.8648831
 6531.44614834 6547.64668124 6565.46783409 6648.08205197 6652.52378196
 6654.21583466 6654.22483458 6654.32070046 6675.48822568 6697.56441007
 6700.63848469 6706.20983869 6710.80490075 6727.46149655 6732.34762288
 6753.84494538 6763.2889674  6763.64739778 6763.660331   6766.56494035
 6767.45379968 6792.39049379 6793.8255486  6794.44127685 6819.66260194
 6819.66793523 6819.6719352  6819.7685344  6819.77133438 6819.77486768
 6819.77906765 6819.78360094 6823.17097297 6837.04935838 6837.91891787
 6854.10125092 6854.10861753 6858.87277819 6858.88927806 6884.34123457
 6888.51213347 6907.94180637 6908.11567161 6932.7422016  6937.89859236
 6960.44823951 6985.42236664 6986.36875882 6986.79318865 6986.79668862
 6986.80028859 6997.8848304  6998.51252522 6998.92882178 7002.42559291
 7017.32973652 7091.392225   7091.48845754 7091.70682241 7098.82546363
 7120.96154753 7125.49711008 7125.5302098  7126.57690116 7129.7133086
 7130.10840534 7130.69223385 7130.82113278 7130.83006604 7134.27507093
 7146.6328689  7165.01421713 7165.0179171  7165.74184445 7221.15202028
 7225.64884982 7244.85519123 7244.8594912  7244.86859112 7253.41628721
 7260.43286261 7260.83775927 7260.9393251  7260.94375839 7260.94732503
 7261.55188671 7261.82721777 7266.7044775  7266.71697739 7278.47281366
 7286.58937998 7286.61431311 7286.61761308 7286.73564544 7287.05014284
 7287.30800738 7295.20320886 7295.43957357 7295.45194014 7295.58073907
 7296.08933487 7296.13633448 7296.34696608 7304.98529475 7304.99032805
 7310.03358641 7310.03775304 7310.04438632 7310.06681946 7318.60051567
 7321.67069032 7322.0848869  7322.14158643 7322.15591965 7322.92937993
 7323.13224492 7332.27566942 7339.37174417 7356.59476863 7358.02509015
 7375.9236757  7378.33875576 7378.37955542 7383.25734848 7392.28797392
 7392.30044048 7396.54770541 7427.78168086 7431.69418188 7445.53220096
 7445.6689665  7445.7775656  7450.08053007 7475.67178544 7493.26050688
 7493.46580519 7493.77360264 7514.44676528 7532.70274788 7532.76608069
 7532.79064716 7532.84534671 7550.20077007 7559.46999354 7559.53649299
 7562.37986951 7576.04998998 7593.15718206 7598.27973976 7602.42947217
 7611.12636703 7611.15320014]"
327,715710_2024-07-16_F-4,ACB,True,"[  20.24031166   21.35500757   21.44217391 ... 7610.56247453 7611.30583847
 7611.47613785]"
328,715710_2024-07-16_F-9,ACB,True,"[  20.62164359   21.66033978   22.25740426 ... 7611.16547232 7611.43987132
 7611.78593671]"
329,715710_2024-07-16_F-10,ACB,True,"[  20.26967821   20.57751042   20.64867682 ... 7612.48460082 7612.54770059
 7612.58686711]"
330,715710_2024-07-16_F-11,ACB,True,"[  20.21801174   20.25564493   20.54991052 ... 7611.72193695 7611.90596961
 7612.50586741]"
331,715710_2024-07-16_F-12,ACB,True,"[  20.80707624   21.13787503   21.39310743 ... 7610.10960953 7610.20927583
 7610.41084176]"
332,715710_2024-07-16_F-13,ACB,True,"[  20.30581142   20.45791086   20.55717716 ... 7612.24080171 7612.27730158
 7612.54833392]"
333,715710_2024-07-16_F-17,ACB,True,"[  20.3112114    20.4828441    21.15474164 ... 7612.50760073 7612.5714005
 7612.58430045]"
334,715710_2024-07-16_F-23,OLF,True,"[  20.25754493   20.418611     20.53347725 ... 7612.62756696 7612.65846685
 7612.68276676]"
335,715710_2024-07-16_F-24,OLF,True,"[  20.62391025   20.64021019   20.64787683 ... 7611.44623796 7611.61103735
 7612.63896692]"
336,715710_2024-07-16_F-27,OLF,True,"[  25.7083916    30.9343391    31.92053549 ... 7610.43190835 7610.85840678
 7612.68463342]"
337,715710_2024-07-16_F-28,OLF,True,"[  20.45867752   20.72680987   21.32364102 ... 7612.48330082 7612.52773399
 7612.55630055]"
338,715710_2024-07-16_F-31,OLF,True,"[  20.77694302   24.6733954    29.73384351 ... 7610.95987308 7611.09363925
 7611.96493606]"
339,715710_2024-07-16_F-36,OLF,True,"[  31.0351054    31.11440511   45.00298751 ... 7606.67815545 7611.88846967
 7611.91190292]"
340,715710_2024-07-16_F-41,OLF,True,"[  22.67090274   22.8268355    25.79682461 ... 7599.56914818 7603.58596679
 7606.60715571]"
341,715710_2024-07-16_F-42,OLF,True,"[  21.12960839   21.42530731   21.7187729  ... 7596.4104931  7606.08149097
 7607.59375209]"
342,715710_2024-07-16_F-47,OLF,True,"[  20.75867642   20.77824302   30.24694162 ... 7607.45401927 7609.30177916
 7611.56540419]"
343,715710_2024-07-16_F-48,OLF,True,"[  20.31157806   21.34370761   21.41500735 ... 7610.78187373 7610.96660638
 7611.66490382]"
344,715710_2024-07-16_F-54,OLF,True,"[  21.78233933   22.23633767   22.66540276 ... 7611.64800389 7611.94983611
 7612.28380155]"
345,715710_2024-07-16_F-56,OLF,True,"[  31.01143882   31.0156388    31.06477196 ... 7612.4706342  7612.6062337
 7612.61083369]"
346,715710_2024-07-16_F-57,OLF,True,"[  25.7369915    26.43002229   26.69362132 ... 7607.93478417 7608.81601427
 7609.18631291]"
347,715710_2024-07-16_F-59,OLF,True,"[  20.65041015   20.6824767    20.75894309 ... 7601.85397314 7611.96750271
 7612.48200083]"
348,715710_2024-07-16_F-60,OLF,True,"[  20.63127689   20.80327626   20.88414263 ... 7601.73160692 7603.67803311
 7606.86625476]"
349,715710_2024-07-16_F-61,OLF,True,"[  20.77364303   20.782343     20.92124249 ... 7612.63810025 7612.64280024
 7612.65010021]"
350,715710_2024-07-16_F-62,OLF,True,"[  23.89609825   23.95986468   25.71715824 ... 7603.91039893 7608.59501508
 7609.09614658]"
351,715710_2024-07-16_F-64,OLF,True,"[  21.0183088    21.39564075   21.62217325 ... 7611.86990307 7612.32810139
 7612.56543385]"
352,715710_2024-07-16_F-65,OLF,True,"[  62.75275574   74.99601084  129.30431167 ... 7587.63699194 7598.11702018
 7599.44374864]"
353,715710_2024-07-16_F-69,OLF,True,"[  23.45289987   25.73692483   46.29974942 ... 7571.63088398 7585.05150143
 7591.72581028]"
354,715710_2024-07-16_F-73,OLF,True,"[  21.33004099   23.9737313    27.21061943 ... 7612.40436778 7612.41890106
 7612.4266677 ]"
355,715710_2024-07-16_F-74,OLF,True,"[  20.33461131   22.49323673   22.76656906 ... 7612.42563437 7612.55973387
 7612.56646718]"
356,715710_2024-07-16_F-75,OLF,True,"[  20.65224348   20.75120978   21.35820756 ... 7610.76047381 7612.0904356
 7612.64273357]"
357,715710_2024-07-16_F-77,OLF,True,"[  20.42187766   21.31907437   21.33957429 ... 7607.84625116 7611.59777074
 7612.04980241]"
358,715710_2024-07-16_F-79,OLF,True,"[  21.35050758   21.35520757   21.36667419 ... 7609.27481259 7609.76884411
 7612.11920216]"
359,715710_2024-07-16_F-80,OLF,True,"[  25.07599392   39.2684752    46.25564958   73.46088314  109.0467193
  116.15799322  129.21387867  172.74075237  192.64744603  206.76689425
  230.51687381  274.53997902  279.96515913  286.81720066  296.10716659
  380.97285535  381.16092133  382.38218352  383.48234615  387.34019867
  394.85877109  398.7752234   423.6609988   437.783547    545.24155291
  694.64370498  754.06418706  809.52125034  819.2035815   847.64124387
  869.92436215  904.13693668  904.16910322  904.92030047  907.7305235
  908.44592087  931.03797135  936.131586   1004.56273504 1043.28635969
 1085.02123996 1085.03247325 1089.22332455 1113.56143529 1124.48329523
 1145.1701527  1153.38992255 1227.70568334 1238.64464322 1238.68670973
 1252.19272687 1277.57343378 1295.42096833 1345.41648497 1366.31274167
 1403.76393765 1409.56791637 1414.00140011 1421.3560398  1483.78191086
 1483.88274382 1526.17328872 1548.20310793 1561.75095824 1568.8625655
 1579.56725957 1635.62252066 1654.03595313 1664.23441572 1664.4945481
 1702.30154278 1716.99525556 1726.59162037 1728.41048036 1740.98913423
 1746.17278189 1815.96109261 1816.10519208 1895.6454337  1906.10159535
 1939.84783826 1948.64797265 1978.30289723 1989.31555684 2020.32317645
 2020.84717453 2033.50349478 2042.30246251 2043.85342349 2082.97088003
 2109.92354785 2110.39374612 2137.70667929 2183.9403764  2206.97319192
 2258.61050255 2276.07173851 2282.24984918 2291.65984801 2357.18644102
 2374.14991214 2381.62218474 2403.72430368 2420.61557507 2439.02384089
 2452.8180903  2458.41756976 2468.35533332 2484.2744416  2507.01482487
 2531.75493414 2591.49018173 2618.37801645 2641.73139747 2662.64925409
 2681.21985265 2681.46908507 2687.70232887 2792.27664535 2828.93081093
 2842.82162665 2847.19904393 2851.34892871 2865.50884344 2872.35885166
 2873.26051501 2879.01372725 2883.94074251 2918.95348077 2918.98541399
 2919.05901372 2919.48897881 2934.68288975 2957.5098727  2982.0946492
 2986.88506497 2989.90502056 2995.29386746 3019.44314556 3027.17065056
 3032.18006552 3039.11754008 3041.39863171 3046.87334497 3072.97868256
 3075.55127312 3077.57143238 3079.73315779 3087.56202907 3122.27693509
 3122.30670165 3139.30593931 3145.04055161 3182.96894584 3191.22728222
 3223.36143104 3236.75571525 3247.02517759 3250.39516523 3272.43081774
 3295.59156614 3300.41471512 3340.43253502 3349.38440219 3356.798475
 3356.86064144 3356.92450787 3356.93584116 3368.34696598 3376.45963622
 3382.52231399 3382.71134663 3400.29554881 3403.51797032 3441.71256358
 3488.77505765 3490.11215274 3493.7589727  3502.05507561 3518.02775036
 3523.65976304 3534.87738857 3538.00551043 3563.69591621 3575.70770549
 3576.03353763 3584.41567356 3584.90877175 3585.84306832 3586.15493384
 3586.51406586 3586.57596563 3626.02795428 3654.12681789 3671.49958751
 3732.35183101 3787.75629448 3787.8149276  3788.3238924  3819.27777888
 3855.50524602 3874.77920866 3897.71892453 3898.22992266 3898.54065485
 3919.99874282 3945.62231552 3954.02065138 3956.81680779 3963.82461543
 3988.93442334 3990.37738471 3995.6354321  4017.0466869  4054.32901684
 4055.64321202 4060.13759554 4060.24266182 4063.65408264 4106.22449318
 4142.01729525 4195.77843141 4207.91502024 4229.32357506 4270.76155642
 4276.14310335 4281.82861583 4287.30066243 4295.71966488 4298.82808682
 4321.10713844 4338.22874232 4344.47765273 4347.70747422 4414.73406174
 4417.6154845  4417.7178508  4417.72281744 4417.74298404 4423.34659682
 4423.46586305 4471.3316875  4486.920797   4487.29752895 4490.66218328
 4501.78380915 4514.12259724 4523.66292891 4530.44927069 4531.45993365
 4532.01349829 4533.53302605 4536.60641478 4540.77786615 4541.21816453
 4541.25213107 4541.272131   4541.2820643  4552.30669053 4563.35485001
 4563.71608202 4563.77434847 4563.92931457 4564.31564649 4569.31526149
 4569.36929462 4569.39639452 4569.53099403 4569.58229384 4569.6217937
 4569.69956008 4593.13517413 4593.42910638 4593.7887384  4629.28674154
 4640.39920079 4640.57970013 4644.31691976 4668.49463108 4675.75077114
 4675.89253729 4675.91773719 4696.07366327 4696.41209537 4698.11642245
 4712.33023699 4715.1074268  4726.60668463 4762.7260855  4781.72394916
 4783.79537489 4812.35253683 4812.36983676 4854.89094749 4878.19076203
 4897.21115895 4916.23868916 4931.5428997  4938.65730694 4956.86900682
 4973.13648049 5011.02714153 5016.19665591 5017.40878479 5023.99709396
 5037.78784339 5044.09812024 5055.61491134 5064.02891382 5080.87968535
 5080.95525174 5097.46185787 5109.61127998 5109.86007907 5121.71516892
 5124.056927   5126.56558447 5131.10200116 5131.10756781 5154.76054773
 5156.37514181 5158.87176598 5159.22473136 5174.32527598 5174.56870842
 5183.96344063 5201.80580853 5224.38285906 5227.59341395 5236.62754749
 5240.39383367 5267.52330084 5296.65312735 5298.75645296 5353.24221981
 5360.21339424 5372.77534817 5410.28504394 5423.69012811 5423.69869475
 5435.85898348 5465.53187466 5486.92989618 5486.94549612 5503.05487038
 5509.51078003 5539.48343678 5539.73573585 5550.78722865 5551.12926073
 5576.11990241 5576.15606895 5578.83502579 5581.10231748 5581.52341593
 5616.21562203 5629.89673852 5639.98403486 5640.11593438 5664.5879113
 5672.0857838  5682.59884524 5691.29294669 5700.68287892 5728.83827566
 5755.71241044 5762.36218605 5771.06208747 5772.55724866 5777.08586538
 5777.1167986  5796.79172645 5798.08132172 5812.05927045 5812.52256875
 5814.74939392 5814.84832689 5823.2542294  5829.75750555 5853.58025151
 5855.8916097  5875.98790266 5881.97191405 5886.65449688 5904.86466343
 5914.19032923 5936.93594581 5937.19597819 5939.9834013  5959.20013082
 5968.02346513 5968.03389842 5968.13886471 5978.8283255  5980.3661532
 5986.23763166 5986.45189754 5986.77026304 5989.18682085 6010.24257696
 6057.58610333 6065.85877299 6068.96549493 6069.50912627 6071.72751813
 6079.73892208 6088.51552323 6113.1363996  6151.60505852 6158.02423498
 6164.09424605 6185.20560196 6186.76879622 6186.94146226 6191.99274373
 6201.61400845 6207.60965312 6216.08282205 6224.98752273 6227.86304551
 6272.11318323 6276.58893348 6277.0116986  6289.45118631 6327.00194859
 6347.1130415  6367.00566855 6367.32920069 6392.30127578 6402.97756996
 6409.94361108 6437.86174202 6438.24017397 6439.97333428 6444.36721816
 6445.94464571 6448.73240215 6450.11513041 6450.27749649 6450.39159607
 6450.56006212 6450.81069453 6451.11572675 6455.25051158 6455.25467823
 6455.25897822 6457.26863751 6457.3533372  6477.24613091 6491.05881359
 6535.93161569 6547.54093978 6547.62120615 6547.62737279 6548.95616792
 6553.35991844 6566.10380503 6567.49809992 6637.59854283 6637.91894165
 6638.04007454 6648.17820403 6651.85659054 6655.2849113  6665.76203954
 6665.76733952 6684.21093855 6687.63769265 6688.54532265 6692.98077305
 6700.33147943 6700.35691267 6700.36441264 6711.01080693 6727.69834573
 6731.81786395 6737.10201124 6743.32845507 6745.64387991 6769.52292567
 6772.5697145  6772.83691352 6773.60357737 6775.06243869 6781.69171437
 6786.13523141 6790.67068144 6791.33564567 6798.51255268 6802.4088384
 6809.22001342 6810.59977502 6819.07001062 6819.421176   6823.80612659
 6825.24062133 6826.59644969 6830.17330324 6840.63176488 6847.04777468
 6850.7602944  6862.92514979 6876.94163172 6878.14856062 6883.76120671
 6893.81713649 6908.20625039 6909.81571115 6910.20997637 6917.60891591
 6919.18261013 6921.92666674 6921.95763329 6921.98866651 6922.02126639
 6922.13249932 6933.19995873 6953.18715209 6971.89448348 6974.20277502
 6974.45027411 6976.97576485 6977.41599657 6979.11112368 6979.41778922
 6979.42812252 6982.23434556 6984.72756975 6984.73086974 6984.91573573
 6984.96293555 6985.91873205 6986.10626469 6989.92418403 6990.22331626
 6990.27854939 6992.78357354 6992.84377332 6993.07900579 6993.24410518
 7022.22989888 7028.97284082 7029.21307327 7029.73767135 7044.0191523
 7050.28922931 7056.93530493 7058.53879905 7067.60693246 7076.09000135
 7080.99945001 7095.82996229 7100.74691092 7103.04016918 7106.11072458
 7107.93841788 7112.61493406 7117.08211768 7118.18941362 7118.2120802
 7118.44481268 7120.0035403  7122.75213022 7128.16961035 7129.11514022
 7135.27011764 7135.88558205 7144.20848486 7148.45913594 7151.35852531
 7153.14568542 7173.11807884 7178.35112631 7187.14769405 7189.67768477
 7194.07340199 7204.64679654 7216.67791908 7229.19563984 7234.28498784
 7236.85317843 7242.55152419 7243.00605586 7247.93713778 7248.0770706
 7250.45932853 7251.32232536 7252.12512242 7258.40076607 7259.07093028
 7268.0165308  7277.82756149 7278.61609193 7278.65185847 7278.79482461
 7282.32971164 7283.06730894 7286.02283143 7286.6048293  7292.8940729
 7295.83832877 7308.02825073 7308.81438118 7310.69110763 7318.1793135
 7321.39643503 7327.17564717 7327.52091257 7332.39259471 7344.11095173
 7356.04597463 7356.39730667 7364.01044542 7367.2243003  7368.0585639
 7382.57827732 7382.7031102  7388.37685605 7389.44988545 7393.54577043
 7397.8262214  7397.83825469 7397.84462133 7403.19656837 7408.67474828
 7410.40367527 7415.00775839 7430.64030106 7430.7820672  7433.03649227
 7434.22625457 7437.52664247 7440.16673278 7451.14162587 7452.79961979
 7457.40853622 7459.2033963  7465.39250694 7481.37841498 7487.79822476
 7490.69141415 7502.33480479 7503.96956546 7508.52884874 7512.01706928
 7513.02196559 7516.8370516  7521.69363379 7521.74033362 7522.02589924
 7524.52432341 7527.81467801 7531.12506587 7531.15013244 7534.33858741
 7535.00565163 7539.33433576 7542.45605764 7544.08851832 7548.4663356
 7548.49256884 7556.35797333 7556.90590465 7560.16239271 7569.31142582
 7570.20572254 7574.30980749 7579.26802264 7580.16175269 7582.78014309
 7585.7686988  7585.9684314  7586.13746411 7592.24057506 7598.06715369
 7599.10128323 7607.65648519]"
360,715710_2024-07-16_F-81,OLF,True,"[  25.61982526   29.57071077   29.81944319 ... 7609.67094447 7610.25937564
 7611.40900476]"
361,715710_2024-07-16_F-84,OLF,True,"[  21.38400746   21.41027403   21.42617397 ... 7612.02870249 7612.13536876
 7612.43970098]"
362,715710_2024-07-16_F-85,OLF,True,"[  26.41175569   37.92864678   41.8779323  ... 7550.69879408 7552.23155513
 7609.41204542]"
363,715710_2024-07-16_F-87,OLF,True,"[  24.09153086   24.09566418   29.51727763 ... 7550.66522754 7556.85623816
 7556.86053815]"
364,715710_2024-07-16_F-88,OLF,True,"[  20.22987836   21.32017436   21.33007433 ... 7612.34600133 7612.37413456
 7612.42680103]"
365,715710_2024-07-16_F-89,OLF,True,"[  30.37070784   51.84919573   83.19094745 ... 7611.92570287 7612.33676803
 7612.61946699]"
366,715710_2024-07-16_F-91,OLF,True,"[  20.23131169   20.51577731   22.07163827 ... 7606.48755614 7606.83002155
 7607.70541834]"
367,715710_2024-07-16_F-95,OLF,True,"[  24.81809487   30.24404163   30.6258069  ... 7601.91993956 7604.890762
 7612.32363474]"
368,715710_2024-07-16_F-98,OLF,True,"[  20.23114502   20.54234388   20.62271025 ... 7608.44991561 7608.68011477
 7610.52454134]"
369,715710_2024-07-16_F-100,OLF,True,"[  23.95903135   23.9738313    24.03793106 ... 7608.32651607 7609.22727943
 7610.01060989]"
370,715710_2024-07-16_F-102,OLF,True,"[  20.28354483   20.31194473   20.44847756 ... 7612.40876776 7612.4178344
 7612.67266679]"
371,715710_2024-07-16_F-103,OLF,True,"[  20.7469098    20.75400977   24.20526378 ... 7612.57980047 7612.60546704
 7612.6350336 ]"
372,715710_2024-07-16_F-104,OLF,True,"[  21.09274186   23.25003395   24.62572891 ... 7611.36547159 7611.98283599
 7612.33640136]"
373,715710_2024-07-16_F-107,OLF,True,"[  22.76953571   55.14471698   68.92619977   74.61921222   77.12290304
   88.00489647   88.43322823   89.93015607   94.03714101  101.66681303
  104.53476918  115.46456243  145.75861799  147.19874604  148.1558092
  150.39293433  164.65504869  165.10578037  173.71534879  180.21052497
  191.39935061  191.40678391  192.27118074  195.19827001  206.13149658
  208.46178803  224.65259532  224.65696197  230.69297316  233.46972965
  250.13366853  259.3945679   262.27142402  262.37389031  263.12368756
  263.13182086  287.07033307  296.11313324  300.64281663  304.3405364
  333.90916129  336.61271804  347.11221287  348.22864211  349.32747141
  350.09256861  372.53181964  386.10220321  386.38956882  398.87275637
  408.47802115  412.61217265  447.99990954  460.30949772  461.28962746
  462.31122372  465.27031286  466.41490867  480.34299092  480.45142385
  482.80608189  503.07760754  504.63743515  507.01142645  511.76214236
  517.27202215  541.70553254  543.00032779  546.40608197  550.51083358
  551.16609785  561.05399492  572.01768804  574.21111333  576.09800641
  578.06576586  578.07989914  580.37179074  588.12909562  588.33309487
  589.81548943  597.34652848  603.82623805  606.96672653  616.22062593
  636.91761669  640.69140285  654.25728643  659.20860161  664.2170499
  665.91241035  667.70153712  667.92776963  670.62202641  670.6264264
  677.90993302  679.13206187  679.30902789  680.27229102  685.04467352
  698.53605737  699.0820887   703.23930679  707.23442547  707.64205731
  720.47674357  720.48447688  728.42574775  733.95109416  734.29362623
  743.12599384  744.74525457  749.22307148  749.87513576  766.74397389
  767.11230587  767.11600586  772.90998461  787.03019949  787.20893217
  793.35977628  798.85635612  810.53661328  824.30542945  842.17243059
  844.32292271  845.22635273  851.06136466  858.95193572  867.85876972
  889.18142486  899.50872032  904.45373551  908.86391934  910.79684558
  914.37659912  924.64709479  926.73938712  929.78514261  930.37394045
  931.39943669  937.67828033  944.34565588  969.6805963   971.19499074
  978.9790622   989.38349071  996.28579872  999.76291931 1010.81014546
 1034.3936923  1036.49801792 1039.99977174 1046.25028215 1051.79466182
 1060.12623126 1061.28012703 1063.3964526  1065.13734622 1066.57080762
 1089.22882453 1133.99379369 1140.54343633 1142.0624641  1158.99136868
 1177.60556708 1186.67816714 1199.20178787 1199.20888785 1202.23701008
 1209.98194834 1216.47595786 1219.88761201 1227.77164976 1282.55918216
 1312.91960415 1315.0254631  1330.3393736  1331.92303446 1331.9302011
 1340.29423709 1351.5810957  1358.63900315 1367.15600524 1375.01040977
 1398.43999051 1402.21980998 1402.66740834 1458.53020347 1459.48719996
 1482.21938325 1483.31507924 1486.61150048 1488.05482852 1495.38206831
 1508.48642025 1512.69750481 1517.06022214 1521.19820697 1521.36003971
 1525.29419195 1527.4714173  1532.60209848 1566.4888742  1566.75443989
 1577.15183509 1580.27572364 1594.33143876 1601.03311418 1610.96971107
 1632.10076691 1661.5688255  1672.61388499 1688.0552617  1702.67564141
 1707.65088983 1716.97035565 1717.29035448 1737.57938007 1741.00103419
 1748.70247261 1770.34375991 1777.30193439 1779.41025999 1803.83390375
 1844.67015398 1845.35711813 1848.18377443 1854.47801801 1855.96947921
 1858.72210245 1905.85906291 1909.9520479  1936.25548477 1938.61770944
 1952.13345987 1952.34775908 1953.39395525 1960.6671619  1961.34722608
 1969.77089518 1977.41910047 1991.72844799 1993.95417316 1995.95359916
 2007.77428914 2015.39696119 2019.02214789 2029.85804148 2038.04477813
 2038.29371055 2038.45704328 2041.71839799 2052.98972332 2054.56271755
 2057.92620521 2076.44933728 2111.38890914 2146.30694775 2156.74717612
 2161.91379051 2164.62961388 2170.0060275  2175.94483905 2182.96091332
 2188.97142461 2198.31082369 2199.93435107 2200.88861424 2207.34602389
 2215.60232694 2276.31503762 2278.07776448 2283.99027613 2306.14526155
 2307.76868893 2325.34682446 2326.70791947 2326.90235209 2329.59144223
 2341.50743186 2345.99614873 2353.36312171 2374.461011   2375.92007232
 2378.03016458 2387.68532917 2388.25929373 2388.88309144 2430.58707183
 2432.4051985  2445.73964959 2456.85840882 2466.6880061  2469.18959692
 2487.19856421 2487.74002889 2500.94238047 2504.64230024 2505.27376459
 2509.50861572 2511.63994124 2512.77713707 2514.41753105 2516.46992353
 2522.28003555 2526.27672089 2542.34869528 2558.69070202 2559.09283388
 2561.49842505 2571.09998984 2572.23471901 2576.3923371  2583.41951133
 2588.55892581 2600.87178065 2625.34962422 2632.29903206 2638.23944361
 2643.26879183 2649.54550215 2655.46518044 2657.41260663 2666.398307
 2671.03955665 2675.70187288 2676.97760154 2678.07669751 2693.9850725
 2731.19783602 2740.69526786 2741.65129769 2742.91559305 2746.13851456
 2755.06531516 2775.38447397 2779.18436003 2789.24955645 2801.84851025
 2802.37584165 2813.2963016  2825.65308961 2832.79029677 2847.95704115
 2863.11715222 2881.3707186  2881.94021652 2911.84044019 2962.2903885
 2973.81291291 2979.96005703 2982.58061409 3002.41324135 3009.8821473
 3049.41983563 3059.61829822 3063.96184896 3084.47077375 3093.0277757
 3102.31574163 3102.78840657 3106.15222756 3134.81625577 3154.9147154
 3161.67929059 3165.61790948 3165.89480846 3170.54172475 3177.38326633
 3187.56392899 3190.07801977 3201.95330955 3202.1136423  3209.91668035
 3227.43658276 3280.38915522 3306.79852504 3327.56181555 3328.30221284
 3330.40197181 3340.4727682  3345.04825142 3363.50295041 3371.12465579
 3392.34494463 3392.4639442  3402.1421087  3410.60037768 3417.77088472
 3427.19031684 3427.63814853 3445.22248404 3445.2514506  3468.49639868
 3485.07813787 3515.83125842 3535.8041185  3537.29141305 3543.21639132
 3546.34247985 3549.53210149 3573.26974777 3582.78547953 3591.4833143
 3653.18292136 3674.46444331 3679.40765851 3702.88187242 3718.39251554
 3719.3392454  3724.6465926  3739.11747286 3743.46262359 3784.19600754
 3785.35313663 3786.43843265 3792.60734336 3798.17885626 3816.18139023
 3842.92912547 3852.38725745 3854.88761495 3863.23411767 3866.21357341
 3903.49947    3907.56872174 3912.53070354 3914.95902797 3967.63576812
 3969.45826143 3988.72179078 3995.4431328  3995.73123174 3995.91766439
 4001.23671155 4005.0858641  4014.65266235 4018.91908004 4019.5563777
 4023.9380283  4029.52637447 4031.02603564 4034.50212289 4038.8529736
 4053.4047869  4088.09652633 4136.85014753 4157.82103729 4165.34157637
 4177.10226657 4179.38669153 4181.83288256 4182.12294816 4190.00871924
 4199.95724942 4201.19184489 4208.79628367 4213.81416527 4217.12805312
 4219.9857093  4243.00199156 4254.52224931 4267.43833527 4267.95743337
 4270.09599219 4279.17649222 4279.90872287 4279.95428937 4292.26661088
 4301.25334459 4307.72632085 4313.68956565 4319.68624366 4339.23327197
 4339.40993799 4351.49519366 4357.75003739 4360.3920277  4411.32204092
 4418.24091554 4433.69715886 4444.10378736 4445.38128267 4451.52979346
 4457.40137193 4509.72674669 4514.10403064 4514.11159728 4527.09891631
 4528.85194322 4545.78551445 4546.52831172 4555.65384492 4567.10703625
 4591.68351279 4602.42014008 4658.0100362  4673.18961387 4683.98804093
 4696.95496004 4699.512384   4700.4298473  4738.65894043 4745.30764938
 4763.53711585 4773.30461337 4784.60927191 4792.35877682 4804.04490063
 4807.59495427 4812.57493601 4836.00458342 4849.31156795 4855.09441341
 4861.44392345 4864.21777995 4876.5361681  4877.08889941 4877.43823146
 4878.18779538 4882.89911143 4909.60418016 4951.03312822 4963.09811731
 4976.63636766 4979.47532391 4980.51932008 4985.00780362 4998.34678804
 5009.74497957 5014.76892781 5016.99141966 5020.17327465 5026.98908299
 5027.70518036 5050.67169614 5056.13180944 5057.92156955 5072.41974971
 5092.30054346 5092.95120774 5095.98512995 5097.73915685 5118.96241235
 5119.80330927 5123.74846146 5128.65704346 5139.77733601 5144.16225326
 5147.37830814 5154.5592818  5173.48514572 5194.01907042 5227.12264901
 5232.91339444 5235.10178641 5236.14141594 5237.18687877 5240.32506726
 5241.37546341 5272.46754938 5275.28887236 5276.87769987 5286.33576518
 5312.015871   5313.52253214 5338.37097435 5347.87627282 5349.63446637
 5349.64119968 5354.35688239 5359.49083022 5382.49614585 5387.20296192
 5397.14529213 5398.13275517 5416.52638772 5421.55953592 5430.18780428
 5442.62365867 5470.22409078 5491.54287926 5495.14466605 5499.17675127
 5504.66259781 5509.81187893 5537.39434444 5550.79669529 5561.86875468
 5578.80929255 5583.18820983 5603.06060361 5604.24679926 5605.16866255
 5609.46211347 5614.32059565 5617.85904934 5621.52910255 5637.74730973
 5638.24117459 5644.0471533  5654.81868046 5677.95129562 5690.54298277
 5691.82941139 5702.77170459 5703.88736717 5734.06618982 5738.68607288
 5744.97028316 5757.59723686 5763.65204798 5763.92068033 5769.45686003
 5782.83151098 5791.06221412 5795.29873192 5824.94095654 5828.87210879
 5840.14063413 5841.97112742 5845.52454772 5856.10464225 5856.11370889
 5861.98798734 5864.11551287 5890.76321514 5894.48993481 5910.27491025
 5910.58664244 5910.81174162 5916.14915537 5923.03839678 5925.18512224
 5927.52614698 5945.65594716 5971.28435317 5974.18070921 5974.64027419
 5999.64351583 6000.33044664 6031.17400019 6035.52478424 6036.14264864
 6042.25905954 6069.17096084 6072.65078141 6074.89783984 6097.45562378
 6102.28540606 6106.45432411 6110.1632105  6120.06420753 6185.91873268
 6190.77678153 6190.78074818 6215.34065811 6217.6151831  6218.83761195
 6219.76697521 6233.96238981 6249.1527341  6275.56587057 6277.97762839
 6281.00738394 6289.55231927 6306.80812265 6310.01244423 6322.617798
 6335.03371914 6342.25545932 6353.74571718 6394.6497005  6409.28734682
 6412.97226663 6431.65439812 6449.16470057 6449.31303336 6451.67295803
 6453.24958559 6485.81266616 6517.2586175  6522.0400333  6524.3838247
 6542.47685835 6543.41988822 6544.12778563 6570.03562395 6585.41183422
 6602.83580365 6603.34723511 6603.61030081 6617.32831717 6624.15589213
 6632.99039306 6658.16206741 6660.67289154 6672.34184874 6688.8679548
 6701.77057415 6704.96306244 6737.47670986 6737.73600891 6737.74027556
 6738.28040692 6759.00676424 6775.65346985 6780.97831699 6818.39107978
 6828.09527753 6834.61668694 6840.27403286 6849.63766519 6868.31266336
 6872.13064936 6912.71710051 6919.37430943 6931.92649673 6935.73991608
 6955.98970848 6983.57144066 6984.44500412 6986.98136149 6999.43521581
 7011.10117303 7025.74545265 7035.81908238 7058.07546742 7090.78494746
 7127.91344462 7135.06751839 7160.31982578 7166.7390689  7193.18963856
 7196.70229234 7198.28385321 7230.29273582 7231.78626368 7237.59390904
 7243.32418803 7248.85760107 7249.78233101 7255.95260838 7258.77869802
 7274.82080585 7299.99864684 7309.38334576 7320.87420362 7324.00559213
 7332.42339459 7351.3458252  7373.99750879 7375.80873548 7384.18143811
 7410.40427527 7461.87238651 7463.60204684 7480.41511851 7484.2713377
 7488.50075552 7526.87304813 7551.20342556 7569.11212655 7570.10212292
 7584.62986964 7584.63610295 7591.9312762  7592.72710661 7604.45099695]"
374,715710_2024-07-16_F-108,OLF,True,"[  71.99782184  166.18657641  192.89017847 ... 7611.6536372  7612.01136922
 7612.42853436]"
375,715710_2024-07-16_F-109,OLF,True,"[  43.9878579   251.31409754  281.85961885 ... 7604.80556231 7606.75002185
 7607.38851951]"
376,715710_2024-07-16_F-111,PIR,True,"[  20.65261014   22.77150237   22.79193563 ... 7612.58446712 7612.60656704
 7612.63620026]"
377,715710_2024-07-16_F-112,OLF,True,"[  20.76977638   20.83427614   21.08997521 ... 7597.01105757 7599.74104755
 7611.09280592]"
378,715710_2024-07-16_F-114,PIR,True,"[  22.48173677   22.48987007   22.74423581 ... 7611.37850487 7612.1438354
 7612.27846824]"
379,715710_2024-07-16_F-121,PIR,True,"[  20.22127839   20.25557827   21.3098744  ... 7611.39613814 7611.41573807
 7611.90583627]"
380,715710_2024-07-16_F-122,PIR,True,"[  41.74949944   94.49660599  112.51290658  166.51317521  279.91392598
  371.43782366  392.17864759  423.27096689  443.16689393  483.31578002
  503.48433938  571.47679002  587.13376594  627.67511725  635.56775497
  822.91700121  831.21393745 1003.75673799 1111.66954223 1143.52732539
 1333.71666121 1416.82825641 1442.13946358 1449.51693652 1453.59775489
 1534.03309323 1563.20058626 1585.23213879 1588.22602781 1603.47130524
 1607.9063223  1623.67563114 1639.86657176 1712.92983714 1741.09020053
 1741.24839995 1750.3400666  1751.22723002 1755.22754868 1768.45663349
 1778.51152995 1778.5973963  1781.8895509  1787.88109559 1794.93180306
 1822.60636824 1893.60607451 2139.79307164 2220.0032108  2249.33196991
 2249.3350699  2249.34263654 2249.36650311 2343.99878939 2432.5493313
 2503.1977722  2538.96950768 2560.46482884 2561.58115808 2570.55929182
 2676.89803516 2729.60297521 2772.28291868 2773.69951348 2852.18939229
 2872.06195274 2886.29676721 3041.91846314 3117.39278634 3151.77099359
 3187.72706172 3200.83861364 3334.81692228 3343.17739162 3427.79528129
 3523.05526526 3539.96743657 3562.41865423 3593.45894039 3595.83033169
 3602.42444084 3603.03783859 3631.06050249 3650.3894316  3651.09399568
 3697.7326913  3700.34201507 3769.18406259 3781.03665246 3797.45792557
 3827.90194725 3828.08724657 3838.53327493 3878.71452756 3936.05428394
 4054.45054973 4099.26291871 4181.84741584 4249.07673595 4276.04940369
 4409.7100135  4563.06558441 4573.20188057 4584.95757079 4585.44120235
 4585.50153546 4590.46868391 4592.41134345 4593.37760657 4593.80463834
 4598.44352133 4599.26218499 4605.97802703 4606.64039127 4609.16948199
 4612.89316833 4622.14736773 4626.5528849  4627.18074927 4629.08654228
 4629.36867458 4630.16213833 4641.56529651 4641.56936317 4650.09863188
 4653.02228783 4654.70001501 4657.8373035  4662.08878791 4684.92730415
 4685.8687007  4688.51759098 4688.70639029 4690.52288363 4694.45883586
 4694.73746817 4694.75673477 4694.81723455 4694.99936721 4700.90251223
 4706.24772596 4708.42091799 4714.06473063 4714.70702827 4719.79474294
 4723.74102847 4724.10726046 4734.30712305 4762.79121859 4776.94140003
 4795.48976534 4799.85184934 4803.01477107 4811.95453829 4893.26777341
 4899.70371647 4899.8594159  4908.85734957 4945.83198063 4952.50082284
 4974.76544119 4993.94570418 5000.38128057 5010.40534381 5017.29141856
 5043.13672377 5060.45042694 5080.58741976 5123.35029626 5153.70548493
 5166.43607158 5251.46875972 5252.78848822 5276.8327667  5277.65369702
 5279.96842187 5279.99035512 5281.62848245 5287.52009417 5289.07072182
 5436.61911403 5451.96759107 5455.08924629 5496.38209485 5522.19900017
 5522.2628666  5531.73323187 5598.12592171 5605.78079364 5609.32288064
 5612.13900365 5619.12961135 5619.13511133 5630.99203451 5635.3482852
 5635.69928391 5666.16670551 5666.17667214 5700.38211336 5706.23805855
 5706.57295732 5711.68723856 5715.49775792 5725.40195493 5725.61475415
 5728.04244525 5732.18766338 5733.3540591  5741.75239497 5757.6936365
 5758.29810095 5758.44296709 5759.17283108 5765.3374418  5765.46424134
 5765.6555073  5773.83214398 5779.61358945 5795.86792983 5795.91746299
 5811.91297099 5876.7957997  5899.13798443 5900.06908101 5900.59674575
 5906.86868941 5915.68115709 5926.73541655 5961.23485669 5982.64361151
 6048.49210335 6069.89832484 6076.44070085 6079.30045703 6093.2593725
 6115.40359129 6115.93028935 6116.54582043 6120.42507287 6121.09180376
 6127.6973462  6130.76400162 6137.42234387 6139.27520374 6140.17613377
 6141.38692933 6143.58448793 6145.41921454 6146.38041101 6147.2847077
 6148.3737037  6149.81986507 6160.25489346 6160.29519331 6160.66792528
 6164.54451106 6165.015376   6165.17140876 6165.5720073  6165.69340685
 6165.74777332 6166.37563768 6166.93270231 6167.31420091 6170.98452078
 6175.63097041 6176.04390222 6177.03699858 6179.8045551  6187.23432785
 6190.54451571 6190.7843815  6192.8749405  6194.46473467 6195.01756597
 6195.06023248 6195.17016541 6196.22779487 6196.6365267  6200.55211234
 6201.97927377 6205.50342752 6207.94878521 6209.05064784 6211.4350391
 6214.23086218 6215.3323248  6215.65595695 6221.16077009 6221.8681675
 6225.63628701 6227.85844553 6228.49347653 6235.09508566 6235.4660843
 6253.09608631 6272.09144997 6277.34409738 6277.40286383 6286.78736274
 6291.00641394 6316.29045454 6316.65825319 6317.71881597 6334.20468884
 6334.28148856 6346.52531033 6350.98826062 6375.25147164 6385.08193559
 6391.67187809 6395.46116419 6406.30755774 6437.06521161 6445.05088232
 6464.74181011 6466.862369   6467.32210064 6476.07976852 6480.18198681
 6483.46157479 6483.54264115 6484.07940585 6486.45826379 6487.05289495
 6488.72498882 6490.70048157 6503.86886661 6521.2401029  6532.42902853
 6575.94416894 6591.56107834 6592.45054174 6600.57911193 6633.78455682
 6642.99278971 6645.57491358 6651.16242642 6651.75302425 6651.89885705
 6652.0568898  6656.66983955 6659.32262982 6662.18648599 6670.66212157
 6671.83315061 6686.5130301  6706.31685747 6712.07666968 6720.8347709
 6726.14075144 6740.33276606 6749.2834999  6769.38545951 6770.22075644
 6770.51145538 6770.66525481 6775.42873734 6775.61177001 6777.58336278
 6779.70665499 6779.92355419 6780.98848362 6787.61839264 6796.15872798
 6796.71579261 6806.0522917  6808.39554977 6808.41718303 6808.64038221
 6808.9788143  6820.16043996 6838.65510546 6847.21270741 6854.24971494
 6858.16056726 6858.16563391 6858.19353381 6858.30166674 6858.44293289
 6858.52876591 6858.59209901 6858.66599874 6858.70466527 6858.86973133
 6858.9865309  6859.09206385 6859.6693284  6864.38394444 6890.75054774
 6898.39158638 6898.51698592 6904.66199672 6904.86106266 6904.89752919
 6908.63544881 6908.66021539 6911.12820634 6912.84570004 6913.45393114
 6928.13994395 6928.53207584 6930.61166822 6932.47599471 6943.11932235
 6947.12720765 6950.6758613  6953.71691681 6954.39524766 6954.66424667
 6954.83507938 6955.06711186 6955.62907647 6955.81537578 6961.86492027
 6961.9561866  6963.98587915 6964.52161052 6964.93830899 6965.50544025
 6967.31576694 6967.65209904 6969.08636045 6971.661551   6973.56581069
 6974.89937246 6981.65728101 6993.00257274 7009.75284464 7009.87267753
 7011.30093896 7011.38430532 7011.51570484 7037.89787475 7040.03483358
 7045.38994727 7065.08414171 7067.551766   7068.89002776 7070.54588835
 7073.73051    7074.33294113 7076.30290057 7076.41970014 7077.7574619
 7084.10457196 7092.19780894 7094.92539894 7095.14979812 7095.31393085
 7096.29392725 7097.48465622 7097.76035521 7098.00145432 7098.27378666
 7113.44579768 7120.16293972 7123.10636225 7123.40459449 7123.6021271
 7124.12069187 7128.13437715 7177.05759772 7180.67511779 7188.09172392
 7224.74225618 7229.21007312 7233.13555873 7247.78693833 7247.92990447
 7256.76127208 7264.67890971 7269.96852364 7277.96532765 7282.31131171
 7297.90825451 7308.42514927 7328.54334216 7343.18832178 7354.93237871
 7380.09168644 7380.16535284 7381.210649   7381.58768095 7383.60037357
 7385.82129876 7396.07132784 7399.51678187 7400.5604447  7406.19385738
 7408.77124793 7412.65373369 7415.00275841 7415.67032262 7420.95476991
 7422.59006391 7423.58639359 7423.59762688 7424.2285579  7428.41180923
 7428.82450771 7429.18527306 7434.07708845 7438.88900414 7443.00692237
 7448.96246719 7449.09216672 7452.62742042 7462.84694961 7465.96770483
 7466.03003793 7469.04812686 7474.04810853 7474.12874156 7477.19299699
 7477.88756111 7478.52522544 7481.89381309 7483.93070562 7484.39793724
 7487.41312618 7487.69949179 7488.37345599 7489.25631942 7489.51498514
 7489.62265141 7491.6333107  7492.64864031 7501.17504237 7504.37319731
 7505.04612818 7508.41644915 7508.64368165 7509.89217707 7514.60762644
 7517.7465816  7517.9632808  7518.16201341 7518.30057957 7524.21542454
 7524.50335682 7524.5087568  7524.9446552  7525.181721   7525.20948756
 7528.16061007 7528.87597411 7531.17559901 7543.9490855  7556.11030757
 7556.23930709 7556.24964039 7556.48500619 7556.49680615 7556.50760611
 7556.94283785 7560.20959253 7570.6613542  7573.04241214 7587.15559371
 7588.38042255 7596.30246016 7601.55780756 7601.67310713 7602.09947224
 7602.33210472 7602.48023751 7606.46598956 7606.72832193]"
381,715710_2024-07-16_F-123,PIR,True,"[ 422.71973558  566.32794224  734.69799142  819.92764551  877.32660167
 1078.33713114 1107.67642354 1117.86195285 1160.5121631  1222.83106788
 1235.51178804 1281.24225366 1331.9470677  1345.23328564 1361.60942559
 1364.3314156  1367.92273577 1367.9395357  1370.77465864 1374.12667968
 1409.67528264 1414.00090011 1424.15202955 1472.23405321 1476.17737208
 1483.44961208 1507.84295595 1547.77070952 1549.47790325 1555.27824865
 1569.83839525 1590.40561982 1626.06952236 1626.45335428 1629.70557569
 1633.42472872 1651.41089609 1664.62971427 1676.82473622 1686.32926803
 1689.17589092 1701.76501142 1729.83360848 1734.44409157 1738.85234207
 1764.77581366 1793.7314408  1799.68481897 1834.00345977 1849.79936851
 1855.01648271 1855.56391403 1860.30406331 1863.0173867  1871.63502176
 1876.80603613 1881.67721826 1889.13562424 1903.36273873 1919.28361368
 1923.89479677 1926.29832128 1937.17801472 1939.07834108 1939.38073997
 1950.04013421 1977.55233331 1979.88105811 1994.19733893 2001.67224485
 2035.03262251 2053.07368968 2053.92441989 2055.21014851 2064.91437958
 2082.77571408 2102.4462086  2109.3554166  2125.18555854 2156.81944253
 2157.30314075 2178.48969639 2180.00845748 2185.89463589 2197.21416105
 2224.59509396 2225.9852222  2231.82156746 2233.74449374 2252.08282649
 2253.74622039 2256.49384364 2276.51850354 2289.59622224 2308.75191866
 2311.74817433 2317.10378802 2319.8453113  2337.08661474 2350.27029972
 2353.92255299 2359.58166557 2372.01701997 2383.53744438 2388.03016124
 2402.26894235 2414.62346371 2418.65858224 2422.90453334 2423.59343081
 2425.51052378 2442.08922965 2451.07779668 2455.97374539 2465.80957599
 2473.26431531 2478.23803041 2499.13742043 2509.50781573 2509.53021564
 2515.85299246 2520.31080944 2522.20693582 2527.28755052 2527.3749502
 2527.82594855 2539.55163888 2540.43750229 2545.0813186  2558.42316967
 2559.43563262 2582.55094784 2584.15684195 2588.42129298 2598.70942192
 2605.68722966 2620.87357396 2624.4180943  2624.56059378 2640.81853415
 2643.28349178 2646.52834654 2652.24575891 2666.49470665 2674.63901012
 2688.30742665 2689.75448801 2699.05088725 2711.17770945 2731.34960213
 2742.109496   2760.74269434 2762.54812105 2767.01500466 2767.32807018
 2775.63673971 2781.58145124 2787.57542926 2799.96908381 2817.13595418
 2848.81027135 2849.57296855 2865.88670872 2872.26451867 2872.4741179
 2877.44216635 2906.39652682 2907.40088981 2942.28366188 2950.16729963
 2965.00074523 2969.63396157 2980.44035527 2986.91769818 2989.22875637
 2996.9279948  3016.08612454 3019.10388014 3025.98508824 3052.53339087
 3060.37139546 3063.87088263 3070.65182443 3073.77954629 3079.89915718
 3080.17905615 3084.74867273 3086.84846503 3095.49473332 3097.24529356
 3113.87156592 3117.61328553 3127.99508079 3147.48107599 3163.38598433
 3176.58526925 3184.19460801 3184.55510669 3200.72121407 3202.79797312
 3211.49000791 3212.77150321 3215.73979232 3245.6672159  3250.57073125
 3264.94151188 3267.76190153 3280.70702073 3281.90504967 3284.29890755
 3286.29036692 3306.13079415 3317.99495064 3339.11653984 3345.29481719
 3360.52459467 3372.11555216 3377.36466624 3381.87091638 3382.45504757
 3383.58507676 3385.87816835 3386.61916563 3388.05919368 3403.20860479
 3425.57868942 3427.66128178 3440.45003488 3454.50031668 3464.67154604
 3471.46838778 3538.90827379 3554.09075144 3567.76790128 3573.99444511
 3574.8886085  3576.25800347 3577.36406608 3588.0383936  3599.01392002
 3620.21587559 3643.30195759 3651.19862863 3653.06218847 3672.57761689
 3673.19531463 3684.2646407  3685.24610377 3686.70506508 3697.47235893
 3708.76285085 3718.27171598 3720.29890854 3730.080606   3744.5869528
 3758.94216682 3760.78036008 3765.76670846 3783.88790867 3786.37356622
 3794.886135   3804.29636715 3817.6173183  3828.1602463  3834.877855
 3837.26261292 3840.55803417 3850.08533256 3858.48280176 3858.83220048
 3875.15490728 3888.09115984 3889.30072207 3891.31054803 3907.09235682
 3907.77472099 3921.11607206 3924.14042763 3935.64905209 3960.14112894
 3973.06528154 3976.10880371 3990.17841878 3991.39828097 3995.75679832
 4023.08669809 4023.65969598 4035.14952051 4036.06678382 4055.27764669
 4056.77167455 4066.15270681 4070.34202478 4072.01655197 4080.81168638
 4107.43898873 4112.76546919 4125.79148809 4136.25701637 4152.73818926
 4157.48317186 4163.55051627 4169.69259375 4170.63665695 4184.72897194
 4208.14541939 4229.87897302 4243.43455664 4251.89279228 4282.61561294
 4311.14804164 4331.37476745 4343.87428828 4345.20061675 4345.39011605
 4354.45498281 4360.74729307 4364.30334669 4364.99627748 4369.8351264
 4375.29570638 4376.20240305 4381.30275101 4381.40951729 4389.65205373
 4391.36004746 4395.38619936 4395.54656544 4409.74361337 4410.25397817
 4418.49031463 4424.63445876 4433.99755776 4450.15679849 4504.26343339
 4515.02249394 4532.50349649 4537.19174596 4539.32923813 4552.43062341
 4555.68384481 4556.7676075  4557.11260624 4563.45451631 4565.4855422
 4568.78263011 4574.14971042 4577.57859785 4579.21355852 4585.36910261
 4586.56469823 4594.26620331 4595.36559928 4600.97224539 4607.83302022
 4620.03894213 4622.70629901 4626.7804174  4640.73413289 4641.05259839
 4647.4594749  4650.55576354 4651.0861616  4653.76895176 4655.11888014
 4656.42707534 4658.55920086 4659.86096275 4693.73837184 4699.11018547
 4705.24072965 4707.21778907 4709.61038029 4712.94216808 4730.78903596
 4757.74907042 4762.62131921 4768.63629715 4769.87379262 4770.84622238
 4774.54937547 4775.87160395 4778.7303268  4780.70035291 4782.92421142
 4782.96877792 4793.03170768 4804.34563286 4805.91659376 4807.73302043
 4817.8304834  4827.25901549 4838.63574043 4839.34377117 4850.97132853
 4855.09304674 4856.40557526 4869.37042772 4872.33911683 4883.73450837
 4885.7625676  4886.80019713 4893.95123757 4898.9505859  4918.05771582
 4927.91374634 4930.95413519 4967.59173416 4969.16822838 4971.01625494
 4978.1326955  4991.6844458  5002.0909743  5011.14487443 5011.22287415
 5013.54979895 5015.48352519 5018.51384741 5019.73540959 5027.49671446
 5042.83202489 5049.30650114 5050.79906234 5050.8276289  5058.04096911
 5061.80272198 5067.58296745 5076.44313495 5081.24491734 5101.15837765
 5114.91096054 5118.62278026 5120.59150638 5121.3941701  5122.97876429
 5132.99549422 5133.04559403 5144.65878478 5147.47480778 5149.83033248
 5175.05583996 5182.17048054 5194.62320153 5218.01558241 5221.56483606
 5223.59046197 5224.40965896 5227.02341604 5230.55030311 5237.58444398
 5238.28107476 5239.49280364 5256.38667502 5257.94820263 5265.73277408
 5267.31153495 5274.2159763  5275.08463978 5280.7602523  5298.1642218
 5304.2276329  5319.01057868 5322.39833293 5330.78783549 5332.82516135
 5340.38540029 5341.31736354 5345.88951344 5351.14046085 5353.99651704
 5356.17410905 5375.32193883 5378.56782693 5395.90129669 5407.14712211
 5409.53068004 5418.26154802 5427.13171549 5438.92173892 5444.79165072
 5449.63409963 5451.36015996 5451.67215882 5459.26943096 5461.14585741
 5461.65458888 5485.52890132 5487.30096149 5490.79354868 5496.32866171
 5501.4764095  5510.14631104 5514.86756039 5526.56058417 5535.41238504
 5539.18750453 5545.85878006 5562.55621883 5564.22734603 5567.90423255
 5580.68228568 5581.60184898 5582.82431116 5590.31568369 5601.41324299
 5602.29600642 5609.57401306 5613.30959936 5616.50198765 5617.85674935
 5618.36634748 5620.12094104 5629.5043733  5650.75966201 5655.34181187
 5663.30514933 5674.15130956 5676.59893391 5677.89999581 5681.07548416
 5682.30411299 5689.14988788 5690.95968125 5702.01057405 5704.17633277
 5704.23496589 5708.82528239 5717.36495107 5722.41656588 5724.00416006
 5740.20276732 5743.7620876  5751.34779311 5756.41594119 5757.5939702
 5766.04267255 5768.38449729 5772.9277473  5779.79695544 5788.62162308
 5790.88984809 5793.59210485 5799.93314826 5802.60833845 5802.94583721
 5809.8019454  5813.4467987  5838.00810862 5842.09842695 5851.89379103
 5859.65522923 5862.74988455 5866.80776967 5869.51419307 5870.98392102
 5871.38248622 5877.06486538 5882.34997933 5882.75997783 5885.53503432
 5896.60502705 5909.76997877 5918.76394579 5921.21187014 5937.64050989
 5942.15389334 5945.69221369 5948.96813501 5950.42099635 5954.0971162
 5955.94577609 5958.7599991  5970.75198845 5990.48581608 5995.28616514
 6013.06566661 6013.76153072 6014.46299481 6038.51960659 6041.24096327
 6042.37065913 6047.94370536 6055.60774392 6064.33667857 6064.77051031
 6065.10927574 6068.74822906 6068.97422823 6071.72771813 6078.20019439
 6084.74747038 6091.43027921 6098.36222045 6105.51009424 6107.49652028
 6108.74628237 6109.25041385 6124.67329062 6130.92870102 6141.22979657
 6155.12841226 6157.48760361 6162.3156859  6162.74571766 6164.25047881
 6166.25053814 6173.34111214 6174.31360857 6174.5872409  6185.84523294
 6186.46779733 6187.739726   6193.10550632 6193.8097704  6196.12152859
 6220.49383921 6227.57761323 6230.20010361 6230.40430286 6231.2469331
 6235.14231882 6242.38645892 6245.37588129 6247.45120701 6250.14606379
 6259.73122864 6271.77928445 6275.27047165 6276.6007001  6276.90753231
 6277.21503118 6277.21676451 6286.22116482 6295.06829904 6304.99202931
 6306.53725698 6309.20901385 6309.64824557 6317.51648338 6319.60407572
 6323.45936159 6325.85951945 6329.57413916 6339.30943679 6341.81792759
 6344.45565125 6362.93365015 6369.0278278  6371.73338454 6375.06590565
 6377.55482986 6386.93806211 6386.97066199 6391.41131237 6431.70263128
 6433.33085864 6439.95166769 6454.06828258 6455.88640925 6474.97373925
 6485.14250195 6491.25004622 6493.88760321 6503.38706838 6511.89353718
 6515.56395705 6524.82025644 6543.72622043 6544.99578244 6546.28817771
 6553.62238414 6560.04896057 6588.8090551  6593.32693853 6596.01226201
 6601.75280762 6603.34706844 6605.69832649 6621.14126985 6621.69313449
 6632.32252885 6635.88521578 6640.84516426 6644.72691669 6652.65805427
 6661.48768855 6673.11471258 6675.1891383  6678.91105798 6679.56438892
 6684.997269   6693.80553669 6696.60482643 6701.02174356 6703.92463291
 6714.55929391 6724.97722237 6727.68521244 6738.19044058 6742.56165788
 6747.17610763 6750.62426165 6751.64112458 6757.5169697  6761.07588998
 6764.21364514 6784.39347113 6786.00669855 6787.79775865 6795.72972956
 6802.79173699 6803.10066919 6808.14485069 6813.82526319 6819.5045757
 6821.76753407 6822.87736333 6854.79937959 6856.43434026 6897.04599132
 6898.31062001 6910.31340933 6911.00537346 6913.57639736 6923.98249253
 6926.96968157 6935.51428357 6936.72561246 6975.60086989 6978.95875757
 6982.21494563 6985.81496576 6991.93607665 7000.47001202 7007.67728558
 7013.53969742 7015.08405842 7019.88504081 7019.96967384 7020.94857025
 7038.17360707 7043.12062226 7050.04846352 7068.14843048 7103.48580088
 7106.78192212 7108.95281416 7109.2511464  7119.26540967 7127.50147947
 7134.13155515 7140.12903316 7145.2252478  7146.97290806 7147.32057345
 7151.83509023 7178.91175759 7186.99716127 7189.45295226 7191.08381295
 7220.65770449 7223.73295988 7228.08174393 7228.86997437 7234.72848622
 7250.83769381 7253.49941738 7254.72254622 7266.54816952 7267.42359964
 7272.60964729 7315.15012461 7315.6899893  7322.99659583 7334.07458854
 7334.48808702 7340.68639762 7355.40287698 7362.11305238 7370.11972301
 7390.14751623 7394.20983466 7407.207087   7415.17259112 7430.19700268
 7431.13563257 7437.28491002 7440.06763315 7440.89876343 7444.88384882
 7450.36256206 7450.74799398 7450.77349388 7453.98674877 7457.71650175
 7479.372289   7481.10918263 7487.96985747 7494.40583386 7507.2202202
 7512.17930201 7517.80311472 7522.10306562 7526.20348392 7527.96531079
 7549.89453036 7559.20676288 7564.48347686 7564.75054255 7567.1795003
 7573.5165104  7578.01456057 7578.45365896 7583.38940752 7586.87949472
 7593.22967143 7595.51422972 7596.93899116 7597.83848786 7611.16437233
 7612.05423573]"
382,715710_2024-07-16_F-124,PIR,True,"[  30.53924055   37.71268091   45.27341985 ... 7606.13419077 7608.17311663
 7610.23620906]"
383,715710_2024-07-16_F-129,PIR,True,"[  20.5475772    21.95310537   22.21223776 ... 7612.08183563 7612.48373415
 7612.64220024]"
384,715710_2024-07-16_F-133,PIR,True,"[  24.5448292    79.57962736   93.93820804 ... 7605.88735835 7608.49718211
 7609.91941022]"
385,715710_2024-07-16_F-134,PIR,True,"[  20.41977766   21.07257527   21.32544101 ... 7612.36533459 7612.3708679
 7612.60493371]"
386,715710_2024-07-16_F-135,PIR,True,"[  41.74949944   66.08134354   77.00157015 ... 7609.10081323 7609.51814503
 7612.67610011]"
387,715710_2024-07-16_F-137,PIR,True,"[  20.30837807   20.41847767   20.42467765 ... 7612.10956886 7612.37843454
 7612.54293394]"
388,715710_2024-07-16_F-145,PIR,True,"[ 141.60623322  210.77271289  253.98222109  277.48266823  282.69491578
  282.85981518  349.02600585  358.22800544  378.18369892  383.65214553
  383.74311186  424.15696365  447.45574486  447.46837815  458.00340618
  458.10687247  466.75837407  493.11684407  546.45861511  639.25830811
  683.47411261  688.40462786  702.43984306  732.30746685  768.61266704
  775.80697399  778.60266373  804.29773616  835.03892342  886.142236
  899.72438619  907.01605945  907.02295943  907.65519044  914.73856446
  914.75276441  914.84876406  914.98856354  915.00536348  915.10466312
  915.11482975  915.13566301  916.2723255   919.5267469   923.85606436
  925.74182411  925.76572402  925.80269055  925.9633233   926.23675563
  926.2622222   971.62538917  985.1773728  1013.62916845 1032.40559959
 1047.34734479 1085.67937088 1089.0821584  1089.12402491 1112.51917244
 1112.52953907 1112.54167236 1145.40685183 1145.47841824 1382.73531477
 1408.30978765 1422.22323662 1461.26549344 1461.28219337 1461.30482662
 1461.32759321 1461.34925979 1461.36119308 1461.39275964 1530.74490529
 1621.06984069 1670.40342643 1674.99577626 1680.37905651 1694.242739
 1733.65069448 1840.39153634 1848.55803973 1859.15790085 1874.56544435
 1882.96361355 1892.00384706 1910.57204563 1913.44000177 1923.22883254
 1939.86797152 1940.32460318 1954.73885031 1957.23594116 2029.22521047
 2056.59784342 2066.23220808 2071.56755518 2095.49856742 2160.4082627
 2202.1816095  2203.0708729  2207.12659136 2211.04487699 2216.28215778
 2234.0908258  2240.79570121 2242.46906174 2242.49659498 2319.02888096
 2324.14629553 2362.54958802 2382.64454766 2398.14845746 2415.19389495
 2418.59501581 2422.8970667  2423.05506612 2424.10322894 2426.24732108
 2428.82521163 2433.77786013 2435.57318688 2454.51778407 2459.99559731
 2465.58637681 2471.41762209 2501.21277948 2501.74654419 2508.72678526
 2508.98955096 2511.91994021 2513.96253272 2514.59456374 2524.06549567
 2535.07432196 2535.22168809 2535.24212135 2548.36517322 2549.00280421
 2549.01697083 2549.08317059 2549.0973372  2549.1234371  2554.34011797
 2554.35135126 2555.19631483 2568.58756572 2569.09786385 2574.49484406
 2586.86213203 2598.13815735 2598.55458915 2604.17196855 2610.75027776
 2615.9367254  2615.95535867 2619.64087849 2630.73853779 2636.49848333
 2642.66442738 2683.0701792  2705.12176499 2705.34916415 2705.36256411
 2705.60199656 2713.3631681  2713.37503472 2713.38620135 2713.40010129
 2713.40690127 2720.8151741  2720.82324074 2721.16283949 2721.34923881
 2721.59897123 2725.33819085 2731.5490014  2731.567068   2731.91020008
 2737.01431469 2737.29154701 2743.21892527 2743.23819187 2753.23392187
 2753.35638809 2753.82958636 2763.24965181 2769.26806307 2781.85238358
 2799.48918557 2809.80011442 2809.99758036 2813.31596819 2830.46783862
 2863.29225157 2863.4573843  2872.72161699 2872.75125022 2872.98014938
 2893.04577579 2893.32077478 2893.39060786 2894.01407224 2894.05913874
 2912.05883939 2921.1818726  2921.20717251 2921.31093879 2927.1447174
 2927.77251509 2938.69310838 2944.9864853  2945.39258381 2945.48941679
 2951.8308602  2952.16769229 2954.16978495 2955.92771184 2958.08300393
 2958.11343715 2958.17620359 2958.24127002 2958.27050325 2958.58563542
 2960.51962833 2962.96901935 2962.98155263 2964.62781326 2964.77304606
 2974.34977761 2974.35957757 2974.48944376 2974.87480902 2976.95296806
 2985.8126689  2987.27639687 3010.18721284 3010.53381157 3010.62961122
 3016.76652205 3016.78512198 3021.39437174 3023.7694297  3037.16078059
 3037.42561295 3037.56451244 3037.60731228 3066.69860559 3073.77727963
 3075.21157437 3084.71377285 3091.45251481 3092.72134349 3095.10796807
 3098.50355561 3106.42389323 3106.63022581 3106.66085903 3106.6867256
 3112.64070377 3115.29119405 3122.80319983 3122.83386638 3137.8639446
 3138.07751048 3163.75488297 3207.07205744 3211.88097314 3211.92303965
 3211.95010622 3211.9921394  3212.05157252 3212.06800579 3226.81275171
 3229.7152744  3231.81153338 3233.06046213 3233.70262645 3238.27510968
 3247.47800926 3263.36105101 3268.74363127 3298.67955481 3298.90945397
 3301.91907626 3301.93694287 3301.95334281 3302.21994183 3313.41630077
 3320.01474323 3320.13644279 3320.16244269 3328.97274371 3330.58340447
 3351.68259376 3357.80950462 3358.98136699 3359.3159991  3359.36403225
 3362.40908775 3362.63242027 3364.15744801 3376.06183768 3377.50499906
 3383.96684203 3384.58127311 3384.58677309 3384.6014397  3384.6369729
 3384.65960615 3384.6823394  3384.70827264 3384.71983926 3384.73433921
 3384.76110578 3384.79747231 3384.82383888 3384.85253878 3384.88857198
 3384.91257189 3384.94057179 3384.98257163 3385.03660477 3385.06620466
 3385.08427126 3385.09963787 3385.14147105 3385.16160431 3385.18330423
 3385.22740407 3385.24000402 3385.40130343 3385.42283669 3385.47110318
 3385.49900307 3385.52630297 3385.57006948 3385.58700275 3385.63210258
 3385.66546913 3385.68853571 3385.70080233 3385.72490224 3385.85030178
 3385.86800172 3385.89806828 3385.9466681  3386.01320119 3395.1343344
 3417.94331742 3420.03264309 3438.84350743 3443.77078936 3448.43303893
 3448.44870554 3455.19194748 3455.67397904 3486.09330082 3486.21263371
 3491.78354661 3502.89930585 3508.41395229 3553.09928841 3556.17507713
 3573.26914777 3573.28521438 3581.81084978 3586.35956643 3586.48963262
 3586.98113081 3609.41324855 3617.91835069 3636.95528087 3672.21578489
 3696.2256635  3710.26291202 3711.52557405 3713.90999864 3752.62079001
 3770.34889166 3785.90796793 3798.17612293 3808.24471934 3814.20589748
 3829.25287563 3834.70548896 3835.22445373 3835.79708496 3835.80781825
 3835.83565149 3840.63613388 3851.01322916 3851.02429578 3852.11875844
 3867.52793526 3868.29399911 3885.14310399 3899.21571904 3899.39675171
 3920.80623986 3939.45663813 3946.24251324 3946.26104651 3949.26913547
 3956.48417568 3957.40387231 4009.28808202 4012.61196983 4035.59838553
 4054.05725117 4054.73478202 4055.76054492 4059.26043209 4060.29549496
 4060.31876154 4060.33246149 4060.3483281  4060.39306127 4060.4484944
 4060.67712689 4060.72062673 4064.60841247 4065.34920976 4065.5924422
 4065.59910884 4066.03264058 4070.37789131 4075.48540592 4075.72290504
 4077.17809971 4077.40029889 4086.20796659 4087.14256316 4089.0146563
 4089.09845599 4102.52414009 4121.34970438 4122.89309872 4122.90246535
 4122.92319861 4132.14606478 4132.3058642  4136.31788282 4169.71029368
 4173.64167927 4182.48001352 4201.03817879 4202.92990519 4205.77866141
 4217.26255262 4217.46008523 4229.58167411 4230.27893822 4245.35911625
 4247.15024301 4257.46210519 4259.11079915 4259.12036578 4259.33876498
 4259.6151973  4268.67546407 4277.27273254 4278.47949478 4278.60112767
 4307.20088944 4317.4574185  4318.41368166 4323.8373951  4326.89821721
 4331.17746818 4332.19363112 4341.34079757 4347.46260845 4348.91100314
 4350.04656564 4370.54299047 4372.81458214 4376.68146796 4381.64354976
 4384.13907394 4384.35397316 4396.14249659 4401.68810958 4401.70620952
 4406.97872351 4407.23582257 4411.56720669 4417.38898534 4428.04781291
 4428.05361289 4428.07951279 4429.21890862 4433.5136262  4472.83068201
 4483.49627622 4491.47481363 4512.08410471 4512.52176977 4513.37989996
 4513.62153241 4530.45120402 4530.92536895 4531.13646817 4531.21640121
 4532.41986347 4532.78539546 4533.14026082 4535.01265396 4535.29028627
 4541.67156287 4541.81189569 4541.84639556 4541.86122884 4542.20506091
 4543.36132334 4555.88834406 4556.12890985 4556.76807417 4564.2592467
 4569.91559262 4569.92949257 4571.93578521 4603.00797125 4605.8391942
 4639.5704705  4640.886399   4647.39977512 4647.42710835 4647.44114163
 4647.47637483 4647.4954081  4647.53097463 4647.58264111 4660.92512551
 4674.41370938 4702.62120593 4713.79266496 4753.08848751 4760.79592591
 4774.21674335 4797.45172481 4821.35047049 4825.26975612 4825.86762059
 4850.92632869 4851.11499467 4861.01202504 4861.43179016 4863.04608424
 4867.86403324 4890.66614962 4898.8138864  4922.63723236 5051.98945797
 5058.34693465 5070.36339058 5078.07089565 5078.20506183 5078.76665977
 5082.02658114 5109.70334631 5122.16453394 5123.15696363 5123.20096347
 5123.6106953  5127.14468234 5132.55696249 5133.08539389 5133.11979376
 5134.26558956 5134.46708882 5135.37948547 5147.96343932 5150.63266287
 5165.23154266 5169.47736042 5176.85370004 5191.98904453 5192.7781083
 5196.58026102 5221.04383797 5222.65289874 5230.55503642 5239.60693656
 5241.40672996 5247.31007497 5259.47166371 5294.59693489 5306.75065698
 5307.90178609 5334.08089008 5343.60362182 5354.28744931 5356.2069756
 5366.89666973 5367.63733368 5375.28863895 5377.96576247 5386.00376632
 5386.47659792 5386.71993036 5397.43239108 5397.52362407 5406.99058935
 5420.19800758 5423.92496058 5424.02756021 5431.48626618 5453.37488591
 5458.29610119 5469.710126   5486.40483144 5497.34562465 5514.83312718
 5534.60642133 5581.8230815  5583.86220735 5584.19987278 5584.80960388
 5584.83223713 5584.87477031 5589.42215363 5589.79675226 5596.3473949
 5628.34911087 5640.55563277 5642.87119094 5648.34183754 5652.31692297
 5656.31800829 5657.82903608 5705.69392721 5705.74596035 5784.3876386
 5784.54747135 5816.6082871  5827.20704823 5848.5192034  5975.03583941
 6000.27718017 6003.88483361 6014.48872805 6048.80316887 6066.19550509
 6066.20783838 6070.49598932 6080.94208434 6081.18118346 6082.4334122
 6089.70788552 6090.57838233 6090.96814757 6093.6763043  6094.05926957
 6094.31563529 6102.79743752 6126.9970821  6127.00861539 6139.08117112
 6143.96298655 6144.35881843 6164.9706095  6174.69627383 6184.26447208
 6184.38000499 6187.93752527 6210.57207559 6253.22881915 6262.40271884
 6266.05953876 6274.93987286 6275.76480317 6277.66046288 6339.98436765
 6340.31016645 6342.32899238 6342.35425896 6343.60072105 6352.67668777
 6372.30921576 6373.76634375 6376.59393338 6438.97953792 6451.66819139
 6451.69345796 6451.80509088 6455.62541021 6458.00256815 6464.12924569
 6469.17696051 6469.22009368 6485.87096595 6523.59876092 6551.62569146
 6551.66389132 6553.72291711 6553.82018342 6554.28108172 6558.14530089
 6560.97462384 6561.16598981 6571.49808525 6582.6896442  6618.04081456
 6618.26234708 6619.47990928 6638.56400595 6638.77787184 6638.86697151
 6643.57332092 6647.43130677 6648.74676861 6649.46569931 6654.45814766
 6659.45586267 6660.60909177 6662.46905162 6676.99779833 6683.55004097
 6691.03484685 6700.40021251 6703.01440292 6716.64811959 6718.62097902
 6722.05869974 6722.11156622 6739.3127698  6739.3210031  6739.36280295
 6741.18609626 6765.39870746 6794.73606654 6824.79782295 6854.71171324
 6854.7325465  6862.62408423 6862.62881754 6863.2037821  6863.61998057
 6864.46874413 6866.48673673 6866.49977001 6866.66333608 6869.31595968
 6899.01828409 6921.36270214 6921.39450202 6921.60943457 6921.64330111
 6922.43309821 6935.58648331 6935.66638301 6935.75191603 6935.79498254
 6935.87201559 6935.88408222 6935.96201526 6935.97784854 6948.40983628
 6960.13679327 6976.61366617 6983.84333966 6987.60069255 6990.26828276
 6990.3307492  6990.36538241 6990.76851426 6990.78311421 6991.60221121
 6991.6501777  6993.26133845 6993.35603811 6993.38973798 6993.40887125
 6993.46770436 6996.28732736 7012.20400232 7012.21680227 7018.00071439
 7018.96487752 7030.15183649 7030.17550307 7030.20013632 7030.99590006
 7031.00650003 7031.0575665  7031.12496626 7035.29001765 7048.12000393
 7059.46526232 7068.19786363 7085.46186698 7106.8325886  7130.0023703
 7134.57058688 7136.31534714 7136.33974705 7138.41980609 7138.55447227
 7138.5987721  7150.56176156 7157.75380185 7162.81818328 7162.82644992
 7164.99947528 7179.34042268 7182.72327694 7187.63069228 7187.63885892
 7187.80759163 7202.09683923 7230.49700174 7235.61651629 7238.37983949
 7248.87556767 7264.71717624 7268.44516256 7284.07147192 7293.49243737
 7293.60740362 7294.7944326  7295.5830297  7298.1847535  7298.47951908
 7298.51208563 7300.33427895 7300.3920454  7300.40351203 7322.77276332
 7327.61617889 7330.55300145 7344.12578501 7346.86117498 7352.57922067
 7352.5903873  7352.77671995 7355.11547804 7357.60130226 7359.63092815
 7360.11632636 7389.6537847  7391.6263108  7394.17140147 7407.34201983
 7426.92961466 7431.4909646  7431.9556629  7438.71883809 7438.73177138
 7448.59216855 7452.833253   7455.84284196 7457.04797087 7457.49960255
 7457.70020181 7458.35149943 7479.23908949 7479.30182259 7489.29598594
 7525.59618614 7525.71391904 7539.95740014 7540.12219954 7541.95529281
 7549.91556362 7552.36075465 7552.36775463 7574.95263846 7582.95604244
 7588.68868809 7601.95317277 7605.56922618 7605.6449259 ]"
389,715710_2024-07-16_F-146,PIR,True,"[  26.01352382   31.62260324   44.61542226 ... 7611.45900458 7612.61670033
 7612.6350336 ]"
390,715710_2024-07-16_F-147,PIR,True,"[  26.65255481   33.57642941   35.53355557 ... 7612.03170248 7612.54326727
 7612.6610335 ]"
391,715710_2024-07-16_F-148,PIR,True,"[  21.67613972   21.92147216   21.93123879 ... 7611.55907088 7611.98780264
 7612.39646781]"
392,715710_2024-07-16_F-158,PIR,True,"[ 311.86840879  311.87487543  836.19871917  867.81510322  867.8200032
  885.34367227  885.36243886  885.37273883  926.65402076  984.76934096
 1024.10746336 1050.23956752 1122.64406865 1122.65336861 1257.21080846
 1414.97299654 1415.90832645 1427.49861727 1463.23811953 1513.80376742
 1516.99552238 1522.98210043 1558.49367019 1639.30810714 1639.43407334
 1699.17132093 1705.48779776 1707.26749124 1714.97692963 1729.02394478
 1775.07387589 1865.661577   1890.85481794 1901.15738015 1946.00521568
 1946.01108232 2025.00385929 2092.68264441 2106.67402643 2124.41096138
 2138.32904367 2154.63348388 2187.25509757 2213.55716778 2220.80610786
 2236.70338289 2260.09113045 2365.63027672 2380.88418745 2437.52267973
 2459.80356468 2477.59279944 2481.8121173  2496.48743014 2513.70380034
 2516.21705779 2560.70546129 2565.78944265 2612.04957299 2619.34614623
 2644.6507201  2649.20177007 2649.91393413 2675.53627349 2756.07604478
 2761.52619146 2768.58509891 2784.11710861 2789.76862122 2801.65621095
 2807.42065648 2824.9193923  2824.93315892 2832.98022941 2837.06274777
 2839.4275391  2839.48760554 2847.49537617 2853.92291927 2879.46339227
 2899.23081977 2913.46986755 2914.13239845 2927.87431472 2931.26166897
 2935.30325414 2936.86274842 2943.50195741 2950.60899801 2954.09701855
 2965.42227702 2970.11885979 2987.37806316 2989.64695484 3000.20231613
 3004.76199941 3004.77706602 3020.10594313 3028.90727752 3042.71326022
 3046.11638107 3047.81820817 3053.65562009 3078.00136414 3083.13331198
 3087.038031   3091.64174745 3127.44634947 3132.19863204 3158.76506794
 3173.63364675 3177.78826484 3197.6958585  3205.61926277 3207.03629091
 3211.29304196 3242.84962623 3262.21158856 3265.80054206 3281.76741684
 3285.56713623 3290.72781731 3299.61018473 3323.99852862 3329.60487473
 3357.20804016 3379.63239126 3383.28067788 3387.84902779 3391.880513
 3414.45456355 3429.73337418 3448.48307208 3458.38050245 3463.31225103
 3485.53426953 3494.67776933 3503.02543872 3503.48227038 3504.31136733
 3511.19690875 3515.81675847 3519.89644351 3529.40314198 3541.67176365
 3552.90348913 3570.65469069 3578.18122975 3587.61206183 3593.97710516
 3607.8518876  3619.88407681 3633.35649407 3633.36936069 3644.94085158
 3647.38334263 3647.81177439 3657.22080655 3672.09441867 3673.64334632
 3673.66464624 3673.70721275 3675.20860724 3675.5203061  3675.71677205
 3693.57730654 3693.59023983 3719.16604603 3729.90167333 3737.55497859
 3739.7075707  3743.69182275 3746.20938019 3747.11971018 3789.07932296
 3792.41224407 3792.93997547 3796.09133058 3804.14650104 3818.08754991
 3819.75021048 3825.07165763 3826.68858503 3826.9984839  3851.07276227
 3892.6474098  3902.33907425 3913.21286771 3916.71978818 3918.05244996
 3922.02706872 3931.55633377 3933.86435864 3933.87369194 3954.24911721
 3967.18426977 3988.09359309 4005.02669765 4006.11842698 4008.75461731
 4015.72375842 4025.30575661 4032.17499809 4043.35022377 4052.15445815
 4068.84619693 4083.86670851 4087.12616322 4089.13805585 4089.52865441
 4099.75485024 4103.96526813 4114.45986298 4115.98132407 4119.58631084
 4122.08203503 4123.68152916 4140.78789976 4143.36672363 4153.04532147
 4157.900637   4191.40748078 4191.91427892 4208.42541837 4266.0679403
 4277.54056489 4303.9953012  4334.53038921 4337.67094436 4340.78169962
 4345.29138308 4368.37543176 4370.44419084 4380.3797544  4391.31344763
 4420.57517365 4424.58315895 4442.73239239 4451.62185979 4455.06171384
 4459.02786596 4469.65556032 4469.83312633 4503.29723694 4595.50773209
 4640.90969892 4655.59841171 4677.03563309 4700.60497999 4712.86956834
 4751.32446064 4779.85708934 4783.04911096 4807.73252044 4808.38148472
 4832.88022821 4836.12264965 4855.78134422 4883.07274413 4884.36377273
 4903.84106796 4903.85810123 4906.63952437 4918.37001468 4933.58232556
 4946.45494501 4954.22878317 4957.19350563 4958.04596917 4959.35453104
 4971.21255422 4972.26705035 4974.33294277 4981.71081571 4987.00762962
 4991.0756147  4995.9107303  5000.30548085 5013.19873357 5014.81642763
 5017.77298346 5047.10494255 5049.37650089 5052.66958881 5059.92842885
 5066.38957183 5077.49076445 5086.08806625 5120.74457248 5127.48058111
 5132.78759498 5143.3422896  5149.49330038 5152.53512256 5153.01355414
 5161.38142345 5178.38592775 5201.85257502 5210.8195088  5217.27028514
 5220.92973839 5243.28245641 5249.27973442 5278.50082725 5278.56242703
 5292.88150784 5300.12164796 5307.29738831 5340.84393194 5343.56922195
 5358.75273293 5358.7699662  5370.57705623 5377.48126425 5383.97007378
 5392.84387457 5396.50302782 5398.06055544 5399.72098268 5404.33223244
 5408.91558229 5409.77904579 5414.12139654 5431.09566762 5478.46912721
 5482.13368044 5482.15198037 5493.98510364 5503.99316694 5505.23742904
 5510.75487547 5529.45137357 5533.04482706 5553.83181749 5565.40514171
 5570.54085621 5575.15210596 5601.03917769 5623.77479431 5640.52883287
 5641.97119424 5655.79331022 5707.10702203 5728.9817418  5734.51322152
 5740.4620997  5768.99236173 5784.81473704 5805.06932942 5855.00501295
 5856.87983941 5891.48247917 5906.70845666 5912.02513717 5913.4609319
 5925.26608861 5931.55839886 5967.39086745 5968.98216161 5984.6732374
 5991.91054419 5995.62609723 6048.20207108 6137.3769107  6164.79584348
 6166.32323787 6180.1868537  6184.13523922 6241.36206267 6270.95628747
 6274.03230952 6277.71469602 6277.74179592 6288.9086883  6348.81123528
 6352.12212313 6373.8362435  6391.11228014 6453.25595223 6454.14221565
 6456.94930535 6473.80301021 6493.32947193 6504.82979642 6512.49833496
 6681.15751641 6691.58534484 6701.74717423 6708.81544831 6710.69614141
 6710.82644094 6735.46625057 6764.35957794 6809.32581303 6812.31220208
 6812.80246694 6833.68642369 6834.2275217  6839.04207071 6862.31485203
 6873.53641087 6884.24200494 6918.50581262 6930.16460319 6930.82736743
 6932.05929624 6935.943782   6945.95417862 6951.32462559 6986.98606147
 6990.34291582 6993.42327119 7023.96295919 7026.36621704 7029.66397162
 7031.12063294 7042.33525848 7047.73913866 7052.24452214 7058.93683093
 7071.2957856  7090.78614745 7092.73084032 7096.86859181 7113.87352945
 7124.20462489 7127.05204778 7129.11907354 7130.94943349 7136.32961376
 7139.60663507 7146.7514422  7147.39823983 7157.79746836 7163.6660135
 7166.64100259 7168.58806212 7176.24050072 7180.49851844 7186.20269752
 7197.9881543  7201.87697337 7203.82416623 7208.86884772 7254.76024609
 7260.34819226 7265.52250662 7270.66548775 7283.3855411  7287.97939092
 7300.07544656 7302.69787028 7304.71606288 7314.93669206 7338.49477233
 7347.27830678 7349.9535303  7355.32307728 7359.08526348 7359.10733007
 7359.6973279  7363.32974791 7377.13659728 7378.60282523 7392.01500938
 7396.65882568 7399.00008376 7406.92978801 7410.62337447 7410.64417439
 7414.64399305 7424.96265521 7426.0103847  7432.70799347 7432.86659289
 7437.96594086 7444.68481621 7449.38276565 7463.69651316 7465.9742048
 7467.20086697 7471.65301731 7474.32844083 7490.92194664 7495.00939832
 7495.02829825 7497.62985537 7500.0853797  7503.86203252 7504.30416423
 7506.5938225  7510.82900697 7510.90737335 7513.24456477 7520.51193812
 7522.67426353 7528.63137501 7535.98488138 7535.99294801 7546.41797645
 7548.83753424 7550.04362982 7550.28579559 7560.13842613 7565.80480535
 7570.87185343 7578.78605774 7588.49238881 7589.26655263 7589.85088383
 7590.15088272 7594.5667332  7598.71411799 7598.91018393 7600.66944415
 7601.01514288 7609.62827796]"
393,715710_2024-07-16_F-165,PIR,True,"[  21.35954088   21.48710708   22.23660433 ... 7608.5441486  7611.81283661
 7612.22126845]"
394,715710_2024-07-16_F-168,ORBl,True,"[  34.01982779   34.04849435   34.99805753 ... 7606.4463563  7609.11411318
 7609.96817671]"
395,715710_2024-07-16_F-171,ORBl,True,"[  20.90394256   21.327341     22.1645046  ... 7612.23910172 7612.4520676
 7612.5790338 ]"
396,715710_2024-07-16_F-180,ORBl,True,"[  85.87633761  128.76404698  254.71665173 ... 7608.36264927 7611.56040421
 7612.48590081]"
397,715710_2024-07-16_F-181,ORBl,True,"[  20.63264355   20.68144337   20.75527643 ... 7611.42733803 7612.36066794
 7612.61540034]"
398,715710_2024-07-16_F-183,ORBl,True,"[  25.054494     25.20649344   25.39669274 ... 7612.32136808 7612.40366778
 7612.52020069]"
399,715710_2024-07-16_F-184,ORBl,True,"[  20.21497842   20.22334505   21.49687371 ... 7609.96027674 7610.03097648
 7610.91213992]"
400,715710_2024-07-16_F-185,ORBl,True,"[  64.62221555   97.31146233  103.18227414  117.24512256  117.26078917
  122.46567008  127.88985019  127.90151681  153.03642463  185.73603804
  187.12493295  193.70170883  258.68427051  258.68833716  305.44159903
  311.08041168  311.10531159  337.81348031  339.01810922  347.23954574
  402.27487723  426.47075516  432.83026517  432.84506512  434.46855916
  501.72041252  519.18531513  564.05755057  631.61026949  659.70519978
  697.91919297  718.98671571  719.12871518  767.19137225  826.64505421
  861.34322695  866.32577535  940.44437019  943.49625899  950.68023265
  961.85725832  982.8943145  1036.55238438 1123.68703149 1225.06912634
 1225.32689206 1235.88025336 1364.66098106 1379.89012521 1379.96079162
 1455.87487987 1481.51558584 1517.44532073 1602.02281055 1614.65059757
 1640.90493462 1808.56735306 1808.58935298 1837.22234797 1840.58743562
 1880.60718885 1943.71325742 2012.26233935 2094.60670402 2101.02678048
 2101.17037995 2129.71754192 2129.75100847 2129.76040843 2141.28159951
 2141.6758314  2145.41438435 2157.88043864 2158.02367144 2166.90520554
 2178.56379611 2233.37396177 2293.53567446 2293.90183978 2293.90873976
 2302.5961079  2350.13583355 2362.29268896 2396.58749652 2398.02505792
 2401.08664669 2401.21527955 2412.57330456 2429.67200852 2449.03187085
 2449.84853452 2495.30313449 2495.95916542 2496.11959816 2550.80696426
 2614.73942979 2618.57344907 2683.97317588 2691.85354698 2691.8671136
 2714.47266403 2745.38271733 2759.10110036 2759.10413368 2765.88970879
 2766.85310526 2782.94164625 2802.43817475 2814.86562918 2815.40439387
 2815.43002711 2817.95538451 2834.4641573  2853.68182015 2856.51574309
 2888.95585745 2894.19490491 2897.2788936  2900.55701491 2900.90114698
 2905.26426431 2914.48896381 2981.46048486 2982.10681583 2982.11324914
 2996.57516276 3017.01295448 3018.54768218 3065.65517608 3119.01594705
 3152.60665719 3152.63019044 3179.42989215 3192.93770928 3193.0612755
 3193.21480827 3216.94512124 3235.84908524 3246.2044806  3264.93251191
 3301.02461288 3301.03821283 3311.20384221 3311.75757352 3314.9167286
 3314.92176191 3331.10246924 3338.96250708 3351.70959366 3366.52930598
 3398.61098832 3398.67292142 3417.13505372 3488.50675863 3499.16775287
 3507.70538822 3507.92295409 3513.85959898 3513.86739895 3513.87159894
 3524.41642693 3524.4249269  3536.03955097 3585.2664371  3590.84524998
 3601.36731139 3601.45091108 3601.47511099 3644.62081942 3644.62765273
 3644.63788603 3644.72075239 3647.78697448 3655.1337142  3660.83325997
 3662.75215293 3663.24275113 3688.35045905 3688.35559236 3702.55284029
 3718.11578322 3759.0398998  3762.3738209  3768.22299945 3768.26689929
 3768.30099917 3815.52852596 3836.03315076 3851.44526091 3857.98193693
 3868.69113099 3870.26622521 3881.9682823  3893.92250512 3894.36820349
 3894.37317014 3894.46316981 3920.59074065 3920.73647345 3920.84760638
 3922.16360155 3925.84618804 3925.86315465 3927.32794928 3937.38107907
 3958.68976759 3977.32813257 3984.47540636 4000.88741283 4001.98757547
 4024.68842554 4027.21648294 4028.66954428 4043.09145805 4043.11642463
 4043.23549086 4053.30795392 4053.36138705 4102.54700667 4111.50644048
 4111.6555066  4111.92777227 4112.4000372  4113.50916647 4125.56882224
 4136.76248119 4152.54292331 4152.54638997 4156.1455101  4181.15948503
 4182.38291387 4190.81791627 4191.54234695 4194.90716794 4201.2641113
 4201.44744396 4204.87903137 4206.52795866 4213.87023173 4219.250212
 4231.4575339  4248.4161717  4248.42233835 4249.15650232 4262.46732017
 4262.75388578 4262.76831907 4270.92542248 4284.64720549 4300.10561547
 4300.49804736 4309.06038262 4309.45698117 4309.46148115 4309.64291382
 4311.40867401 4313.13286769 4326.24098628 4332.98086156 4346.15754657
 4352.70495589 4365.69120827 4365.79484122 4368.05593293 4394.51813588
 4394.62236883 4404.95543093 4404.98169751 4428.73737705 4428.74774368
 4429.25367516 4440.3935343  4454.89631445 4460.83165934 4466.11333997
 4472.39348361 4485.39293593 4489.25452177 4498.48375459 4526.89018375
 4552.75445556 4553.81055168 4556.24610942 4565.67167485 4565.68260814
 4565.68927478 4566.11160657 4578.01942956 4587.56036124 4631.08120163
 4634.49338912 4634.58715544 4643.42972301 4655.24434635 4655.30987944
 4655.34834596 4655.79817765 4655.81764424 4664.16134698 4677.9160632
 4693.56167249 4709.38081447 4714.59619534 4724.82919115 4731.3848671
 4743.82998813 4744.26558653 4759.2519649  4759.26813151 4763.5621491
 4763.57504905 4763.58728234 4763.60704893 4772.44254986 4792.95954128
 4804.87623091 4815.84055737 4817.64665074 4832.01536471 4832.17213081
 4832.94102799 4838.94580596 4839.90380245 4843.15645719 4850.8145291
 4852.66462232 4854.21261664 4859.64226339 4865.61757481 4876.76126728
 4891.198081   4892.28457701 4892.40800989 4892.77494188 4911.97763812
 4919.7642429  4928.29707827 4928.30587824 4929.12747523 4929.13074188
 4930.80200242 4930.85406889 4969.82299264 4980.02235524 5027.47098122
 5029.66347318 5037.28334524 5044.66275151 5055.92484354 5061.28305722
 5061.29572384 5064.38557917 5064.39861246 5064.81394427 5068.76432978
 5072.58811576 5075.76150412 5082.59627905 5093.9632707  5094.06913698
 5094.1179368  5100.21354778 5100.42238034 5101.50824303 5104.92776382
 5107.87188636 5112.03523776 5113.38953279 5129.21614141 5129.48604042
 5130.11730477 5135.70878427 5135.97504996 5135.98054994 5136.00364985
 5136.01101649 5136.04904969 5136.4277483  5136.5458812  5136.55958115
 5137.80220992 5138.13240871 5139.1804382  5139.30923773 5139.65010315
 5142.59419235 5149.74603279 5149.84833241 5150.73392916 5151.595926
 5154.38488244 5175.95583666 5176.39553505 5196.94739301 5210.14584461
 5210.22917763 5218.42841423 5218.44811416 5218.45351414 5218.491014
 5223.77449462 5230.65403606 5230.67403599 5231.87259826 5235.00132012
 5242.5964256  5259.300931   5269.33029422 5271.1540542  5282.30217998
 5282.30787996 5317.70251681 5320.64480602 5320.74407233 5320.91967168
 5346.27784535 5346.28094534 5346.30174526 5346.34317844 5353.55911865
 5353.59185186 5360.50919316 5368.06489878 5370.58388954 5374.4311421
 5381.02518458 5381.51858277 5407.00272264 5418.03044887 5418.07291538
 5418.08034868 5425.86835345 5425.99511966 5427.52394738 5429.86103881
 5429.91620528 5432.62542867 5433.72672463 5443.61715503 5443.79895436
 5443.84032088 5443.95768711 5445.16014937 5448.21790482 5452.83838788
 5458.12273516 5468.59886341 5470.75138885 5475.66953748 5475.6898374
 5475.8283369  5481.79228169 5481.96778105 5501.30011015 5515.337892
 5521.48043614 5521.5635025  5522.82213122 5529.36794054 5538.73447286
 5538.84647245 5538.89970558 5538.94773874 5541.77322838 5545.65724747
 5559.34323061 5586.2126654  5586.24633194 5586.94132939 5586.94499605
 5603.88173393 5603.90176719 5610.31414368 5610.92117478 5618.54608015
 5634.55732143 5638.52234022 5651.08206083 5652.69255492 5655.21714566
 5655.34697852 5661.23289027 5667.19946839 5672.54011547 5672.6587817
 5674.49794162 5678.00159544 5685.42990153 5708.50915022 5723.80439412
 5736.4898476  5755.16467911 5761.72648838 5766.53083743 5766.91076937
 5766.93466928 5768.68402953 5782.24671312 5782.26151307 5788.78172249
 5789.99131805 5793.14597315 5809.14294781 5819.71280905 5832.80029439
 5839.21503753 5855.95230948 5855.99510932 5857.28577125 5860.64712559
 5865.09524261 5870.01152458 5870.09012429 5870.19192392 5870.19969056
 5874.34664202 5874.35190866 5879.65308922 5883.71814098 5883.74507422
 5883.76467414 5887.34546101 5890.2849169  5903.70826767 5905.66656049
 5910.16384399 5919.67737577 5921.99766726 5922.05586705 5922.06080036
 5935.95228275 5940.13400074 5946.12474544 5948.71026929 5950.92739449
 5952.8073876  5966.78953632 5982.02401378 5987.9907919  6002.6323382
 6003.18116952 6019.17637753 6033.54382484 6033.55065814 6055.24577858
 6057.70870288 6063.47611506 6072.52408188 6084.98520284 6085.02760269
 6096.05152893 6096.06289555 6111.72027146 6112.50250193 6114.24992885
 6115.08175913 6116.69265322 6126.78594954 6147.56234001 6170.58518891
 6170.62202211 6174.06907613 6175.1410722  6187.99352507 6188.39799025
 6192.47070865 6194.97009948 6206.20119162 6209.57521258 6220.73803831
 6220.78783813 6230.15020379 6236.9194123  6239.40750317 6239.50303616
 6239.59936914 6251.82229098 6252.33472243 6252.50408848 6252.81075402
 6252.85325386 6255.56791057 6263.1678827  6272.51284843 6272.53041503
 6292.29477588 6299.5067161  6314.17359564 6318.91467825 6318.95114479
 6320.04447411 6332.94356014 6338.13097444 6339.10480421 6359.98566096
 6364.07784595 6369.15912732 6370.05202404 6370.64865519 6375.1984385
 6383.30817543 6383.40074175 6393.53513792 6398.0041882  6404.77149671
 6408.8996149  6410.19674348 6412.14576967 6412.15020298 6413.43336494
 6414.52466094 6414.55926081 6414.81745987 6422.63566453 6423.34809525
 6423.37702848 6430.18607017 6432.72082754 6432.73372749 6434.25062193
 6455.34044458 6456.60217329 6457.95183501 6458.09340116 6458.10510111
 6458.10936776 6458.20626741 6467.56069977 6467.88353192 6469.42705959
 6469.4435262  6474.64090713 6474.65407375 6474.65830707 6474.78237328
 6479.08142418 6481.08881682 6489.08745415 6490.74861473 6510.11284371
 6510.31704296 6522.41139861 6526.3379842  6529.03854097 6534.38932134
 6534.42362122 6537.96370823 6542.21205932 6549.68319859 6557.45563675
 6557.51503653 6560.82069107 6563.33184853 6564.58477727 6568.8313617
 6571.74151769 6588.65515566 6601.62990808 6601.86987386 6601.90350707
 6608.0863844  6608.56864929 6612.5387014  6620.49787221 6621.88533379
 6625.68498652 6631.10846663 6633.58909087 6639.66836857 6639.70023512
 6639.7504016  6645.97097879 6649.00003435 6650.60012848 6654.29908158
 6657.21637088 6658.21386722 6677.35783035 6691.67024452 6691.68354447
 6691.69894442 6691.71744435 6696.31689415 6696.4947935  6712.27036897
 6719.76704148 6719.7966747  6731.99776329 6736.35191399 6756.14537473
 6756.17734128 6756.27307426 6774.06647567 6775.04670541 6778.27202692
 6796.31986073 6796.334994   6799.37914951 6815.34815761 6817.50161638
 6838.06364097 6842.06942628 6842.18625918 6853.60958395 6853.65608378
 6855.1587116  6871.54458484 6871.62808454 6874.27537483 6880.34731923
 6885.71549954 6885.72026619 6907.52515289 6907.79061858 6907.90421816
 6909.39807935 6913.71819684 6913.85892966 6919.79857454 6924.60669024
 6926.57288303 6929.05594059 6937.79644187 6941.7053942  6941.7152275
 6945.67291298 6949.5132989  6949.57029869 6952.38862169 6956.46200675
 6956.57277301 6959.99256047 6960.25459284 6963.41658124 6964.39501099
 6964.40247763 6964.47851068 6964.57437699 6971.06948651 6971.12018632
 6971.32028559 6971.34888548 6971.92271671 6980.75301766 6997.69515553
 7007.45565306 7008.48544929 7024.46575735 7024.70105648 7030.12693658
 7034.52858711 7034.58825356 7034.59932018 7034.61938678 7044.63455005
 7044.76514957 7045.00568202 7059.19966329 7059.76872787 7059.87312749
 7064.15521179 7066.06250479 7066.31020388 7066.32617049 7073.33384479
 7076.03586822 7084.19987161 7104.04596549 7105.59272648 7106.02975821
 7106.03719152 7108.13231717 7112.09793596 7112.36696831 7125.03662184
 7129.78980441 7134.18142164 7134.27772128 7139.34273604 7148.79043473
 7154.88627904 7154.95297879 7160.34972567 7165.65983952 7168.97182738
 7179.10585688 7179.11185686 7179.46928888 7179.61868833 7186.23006408
 7189.87768404 7190.43118201 7198.79548467 7202.62560395 7206.79088868
 7221.01666984 7222.0987992  7222.33349834 7222.44303127 7222.82182989
 7222.84062982 7233.44875758 7235.77311572 7240.61603129 7240.65443115
 7240.77913069 7248.86763436 7248.87923432 7248.88240098 7248.93483412
 7249.02340046 7252.03922273 7253.24471831 7254.5669468  7254.63241322
 7262.98331593 7268.58699538 7269.01466048 7276.10673447 7312.28143513
 7313.79452958 7316.63521916 7316.67045237 7327.6511121  7327.66147872
 7327.66634537 7328.860241   7329.23183963 7334.28385444 7339.06743689
 7346.8918082  7346.97990788 7348.4733024  7372.92974604 7384.62010317
 7386.17156414 7386.1819641  7398.83355104 7403.83639936 7404.79829583
 7414.19006139 7414.32459423 7416.28212038 7418.94974393 7426.01031804
 7438.22487324 7439.18890304 7450.21622926 7472.53728073 7475.19863764
 7480.66085094 7482.65467696 7485.71259908 7494.23563449 7494.24316779
 7494.34453409 7503.32280116 7504.16366475 7512.6210004  7513.89516239
 7515.66258924 7519.4739086  7522.76576319 7523.05439546 7527.97704408
 7533.36045767 7533.55745694 7533.74655625 7538.03044054 7538.1510401
 7544.68074948 7551.26102535 7558.62466501 7562.17555199 7565.88883837
 7565.98577135 7566.05100444 7569.73572426 7569.80949066 7571.13175248
 7571.15875238 7575.02027155 7588.81408763 7590.51658138 7590.56984785
 7591.37714489 7593.33623771 7593.51287039 7600.09877957 7604.8716954 ]"
401,715710_2024-07-16_F-186,ORBl,True,"[  20.54357721   30.96270567   31.40187072 ... 7610.60030773 7610.70384068
 7612.25783498]"
402,715710_2024-07-16_F-189,ORBl,True,"[  20.84847609   31.0358054    31.35953754 ... 7612.5156007  7612.54683392
 7612.56610052]"
403,715710_2024-07-16_F-191,ORBl,True,"[  21.38914078   23.63129922   24.43476294 ... 7606.35438997 7609.3172791
 7611.04210611]"
404,715710_2024-07-16_F-192,ORBl,True,"[  56.29994608   56.60264497   77.32056898 ... 7606.60288905 7607.00888757
 7612.0447691 ]"
405,715710_2024-07-16_F-193,ORBl,True,"[  20.59061037   21.04474204   21.25057462 ... 7610.75250717 7611.25993864
 7612.43096768]"
406,715710_2024-07-16_F-194,ORBl,True,"[  20.30104477   20.40847771   20.46274417 ... 7603.39346749 7603.98226533
 7605.41386008]"
407,715710_2024-07-16_F-199,ORBl,True,"[  24.59736234   25.19706014   28.4072817  ... 7612.57716714 7612.59010043
 7612.62496697]"
408,715710_2024-07-16_F-200,ORBl,True,"[  20.77014305   28.30914873   29.6817437  ... 7612.06733568 7612.19603521
 7612.50853406]"
409,715710_2024-07-16_F-201,ORBl,True,"[  23.28823381   23.67626572   26.1277234  ... 7612.3262014  7612.4074011
 7612.60430038]"
410,715710_2024-07-16_F-203,ORBl,True,"[  25.40239272   29.99650921   31.33543763 ... 7611.40913809 7611.55600422
 7612.58793377]"
411,715710_2024-07-16_F-205,ORBl,True,"[  20.64547684   20.65531013   20.66897675 ... 7611.51107105 7611.58493745
 7611.70443701]"
412,715710_2024-07-16_F-206,ORBl,True,"[  20.72500988   20.82400951   21.7919393  ... 7612.50066742 7612.62843362
 7612.6534002 ]"
413,715710_2024-07-16_F-207,ORBl,True,"[  21.34964092   21.41387402   21.44157392 ... 7604.51289672 7607.32438641
 7612.50743407]"
414,715710_2024-07-16_F-209,ORBl,True,"[ 215.831661    451.36549719 1064.52188181 ... 7608.38684918 7608.56104854
 7611.97723601]"
415,715710_2024-07-16_F-210,ORBl,True,"[  20.46787749   20.52041063   20.52694394 ... 7612.48610081 7612.51966736
 7612.60086706]"
416,715710_2024-07-16_F-211,ORBl,True,"[  20.62874356   21.33377431   21.36360754 ... 7611.96353606 7612.20700184
 7612.24806835]"
417,715710_2024-07-16_F-213,ORBl,True,"[  20.28001151   20.4464109    20.86674269 ... 7610.22030912 7611.85566979
 7612.10603554]"
418,715710_2024-07-16_F-217,ORBl,True,"[  20.63034356   20.65017682   20.6732434  ... 7607.21338682 7607.9628174
 7608.01575054]"
419,715710_2024-07-16_F-218,ORBl,True,"[  20.51894397   20.80560958   20.81564288 ... 7607.30738647 7607.36695292
 7609.10321322]"
420,715710_2024-07-16_F-221,ORBl,True,"[  20.55237718   20.62221025   20.63257688 ... 7612.49486745 7612.59253375
 7612.60766703]"
421,715710_2024-07-16_F-222,ORBl,True,"[  21.56600679   29.76917671   30.98493892 ... 7608.02255051 7608.87281406
 7612.60216705]"
422,715710_2024-07-16_F-225,ORBl,True,"[  21.8181392    22.00717184   22.08000491 ... 7610.84054018 7610.88907334
 7611.25093867]"
423,715710_2024-07-16_F-229,ORBl,True,"[1184.45590862 1202.05501074 1215.25349567 ... 7599.97541336 7605.21062749
 7609.06511336]"
424,715710_2024-07-16_F-230,ORBl,True,"[  28.27994884   30.75343977   35.31362304 ... 7611.52923765 7611.66900381
 7611.73157025]"
425,715710_2024-07-16_F-233,ORBl,True,"[  21.05774199   21.508807     21.58204007 ... 7608.73944789 7608.81211429
 7608.91408058]"
426,715710_2024-07-16_F-237,ORBl,True,"[  20.80317626   30.01100916   30.08267556 ... 7610.3346087  7610.43037502
 7611.10107256]"
427,715710_2024-07-16_F-238,ORBl,True,"[  59.40446802   83.40008002   84.18907713 ... 7607.40658611 7610.23207574
 7611.80190332]"
428,715710_2024-07-16_F-242,ORBl,True,"[  29.71621024   33.93229477   34.04696102 ... 7606.23235708 7610.39937513
 7612.06556902]"
429,715710_2024-07-16_F-249,ORBl,True,"[  20.31134473   20.38544446   20.43454428 ... 7610.92157322 7611.24737202
 7611.60980403]"
430,715710_2024-07-16_F-250,ORBl,True,"[  20.27034488   20.40654438   20.53867723 ... 7611.86850308 7611.95280277
 7612.48296749]"
431,715710_2024-07-16_F-251,ORBl,True,"[  20.2451783    20.29574479   20.3825778  ... 7612.31770143 7612.48480082
 7612.61173368]"
432,715710_2024-07-16_F-252,ORBl,True,"[  20.28481149   24.18566385   25.81722454 ... 7608.87121407 7610.05117641
 7611.05427273]"
433,715710_2024-07-16_F-253,ORBl,True,"[  22.86236871   23.75616543   27.6535178  ... 7606.13639077 7612.47503419
 7612.48646748]"
434,715710_2024-07-16_F-254,ORBl,True,"[  24.25069695   28.31018206   29.06234597 ... 7611.10010589 7612.48083416
 7612.61660033]"
435,715710_2024-07-16_F-257,ORBl,True,"[  20.42697764   20.52431061   20.56301047 ... 7610.74027388 7612.25990164
 7612.63930025]"
436,715710_2024-07-16_F-268,ORBl,True,"[  74.79507825   82.78088229   84.38890973 ... 7605.0441281  7607.23482007
 7611.36880491]"
437,715710_2024-07-16_F-269,ORBl,True,"[  20.81207623   21.327541     22.0919382  ... 7612.11826883 7612.2245351
 7612.32573473]"
438,715710_2024-07-16_F-277,ORBl,True,"[  20.96087568   20.97814228   21.48034044 ... 7612.18483525 7612.19666854
 7612.31933476]"
439,715710_2024-07-16_F-283,ORBl,True,"[  23.88073164   25.55079218   25.69749164 ... 7612.52716733 7612.58903377
 7612.61810033]"
440,715710_2024-07-16_F-285,ORBl,True,"[  54.10068747  103.24417391  144.97418753 ... 7611.8717364  7612.24556836
 7612.38986783]"
441,715710_2024-07-16_F-288,ORBl,True,"[  20.69207667   20.69494332   20.91424252 ... 7612.65503353 7612.65966684
 7612.66356683]"
442,715710_2024-07-16_F-289,ORBl,True,"[ 150.63083345  330.91370561  350.81023264 ... 7560.6741575  7601.6009074
 7611.34627166]"
443,715710_2024-07-16_F-290,ORBl,True,"[  49.26460521   67.64153781   86.64293479 ... 7612.4614009  7612.52180068
 7612.62796696]"
444,715710_2024-07-16_F-293,ORBl,True,"[  20.95290904   28.28018217   28.32244868 ... 7611.85353646 7611.9255362
 7612.01180255]"
445,715710_2024-07-16_F-309,ORBl,True,"[  68.91966646  110.28751475  128.64384742 ... 7606.38728985 7611.76390346
 7612.59973373]"
446,715710_2024-07-16_F-311,ORBl,True,"[  25.50409235   26.24155631   26.60222166 ... 7612.25340166 7612.56736718
 7612.58343379]"
447,715710_2024-07-16_F-312,ORBl,True,"[  20.3916111    20.55204385   20.59017704 ... 7605.84775849 7608.16208334
 7609.2454127 ]"
448,715710_2024-07-16_F-318,ORBl,True,"[  20.53994389   20.55197718   20.64811016 ... 7612.52480067 7612.53370064
 7612.6808001 ]"
449,715710_2024-07-16_F-324,ORBl,True,"[  20.40597771   20.41267769   20.58984371 ... 7611.28377189 7611.41620474
 7611.42013805]"
450,715710_2024-07-16_F-328,ORBl,True,"[  20.5722771    27.20298612   38.02131311 ... 7612.53330064 7612.6424669
 7612.68533341]"
451,715710_2024-07-16_F-330,AId,True,"[  20.87057601   21.16250827   21.25167461 ... 7611.30860513 7611.44167131
 7611.58767077]"
452,715710_2024-07-16_F-336,AId,True,"[1021.74463869 1217.93985249 1317.01042248 ... 7554.82521228 7555.69504242
 7571.13475247]"
453,715710_2024-07-16_F-339,AId,True,"[  20.79557629   20.80660958   20.82400951 ... 7611.80506998 7611.82193658
 7611.90293628]"
454,715710_2024-07-16_F-347,AId,True,"[  25.27015988   25.71972489   26.92875379 ... 7612.12153548 7612.27460159
 7612.64836688]"
455,715710_2024-07-16_F-350,AId,True,"[  21.5285736    23.64279918   23.95459803 ... 7610.88557335 7611.78857004
 7612.6524002 ]"
456,715710_2024-07-16_F-352,AId,True,"[  20.39604442   20.4914774    20.53831056 ... 7612.2429017  7612.29570151
 7612.59673374]"
457,715710_2024-07-16_F-353,AId,True,"[  36.78345098   36.99778353   43.35202689 ... 7612.34906798 7612.48196749
 7612.6537002 ]"
458,715710_2024-07-16_F-354,AId,True,"[  24.64506217   36.96108367   40.00187251 ... 7611.15703902 7612.40913443
 7612.59526708]"
459,715710_2024-07-16_F-355,AId,True,"[  29.45594452   83.14608095  104.13127066 ... 7612.26250163 7612.47993417
 7612.54313394]"
460,715710_2024-07-16_F-358,AId,True,"[  22.02803843   23.34873359   25.83612447 ... 7609.92484354 7610.42900836
 7612.50566741]"
461,715710_2024-07-16_F-359,AId,True,"[  32.14350133   32.14723465   32.1531013  ... 7611.49850443 7611.65623719
 7612.11750216]"
462,715710_2024-07-16_F-365,AId,True,"[  20.30001144   20.36484453   20.36811119 ... 7611.64993721 7611.80603664
 7612.343868  ]"
463,715710_2024-07-16_F-367,AId,True,"[  26.45142221   49.54533751   56.4851454  ... 7610.75237384 7611.93480283
 7612.67040014]"
464,715710_2024-07-16_F-369,MOs,True,"[  39.00654283   39.20920875   39.39367474 ... 7611.94136948 7612.08196896
 7612.16216867]"
465,715710_2024-07-16_F-380,MOs,True,"[  20.39821108   20.54224388   20.72167656 ... 7612.33853469 7612.34716799
 7612.52236735]"
466,715710_2024-07-16_F-391,MOs,True,"[  20.50354402   22.62470291   24.59782901 ... 7612.43843432 7612.56873384
 7612.64816688]"
467,715710_2024-07-16_F-392,MOs,True,"[  20.37577783   21.82637251   22.65180281 ... 7612.30806813 7612.39086783
 7612.53853395]"
468,715710_2024-07-16_F-394,MOs,True,"[  25.26442656   27.91091686   38.73591049 ... 7611.56390419 7611.81136995
 7612.25476833]"
469,715710_2024-07-16_F-400,MOs,True,"[  20.77254304   21.24567464   21.31537438 ... 7611.00023959 7611.81286995
 7612.11260218]"
470,715710_2024-07-16_F-402,MOs,True,"[ 599.16648847  626.69612084  630.98433845  780.27349094  832.59389906
  857.01850948  868.85596607  888.41376101 1034.43462548 1038.16141181
 1049.37587069 1052.18249373 1063.42561916 1067.82643635 1070.4321268
 1071.06449114 1071.13259089 1076.8660032  1079.05506184 1079.06559513
 1079.07629509 1082.60998214 1095.74530063 1100.59241619 1100.76781554
 1103.29907293 1110.71827905 1113.26840303 1124.62002807 1125.54619134
 1127.19678528 1128.21581488 1144.42565543 1149.61843639 1150.88493174
 1150.89549837 1150.95803147 1152.43142607 1152.49502584 1166.17090901
 1170.27646062 1170.28242727 1170.29496055 1170.29996054 1170.31659381
 1170.40552682 1170.40859347 1170.81305865 1170.92632491 1178.82139595
 1181.32725343 1200.55881623 1206.96262608 1211.02921116 1211.2024772
 1213.43703567 1213.63213495 1213.68506809 1215.40232846 1217.50438742
 1219.436247   1223.32933272 1225.7889237  1230.02954148 1238.29421117
 1241.20296717 1242.11996381 1257.46994085 1264.22064942 1274.73817751
 1282.47894913 1282.53841557 1289.51535665 1289.5298566  1301.71994523
 1301.90337789 1302.35210958 1303.61253829 1303.62303825 1305.31486538
 1306.22952869 1307.18819184 1308.19362149 1309.18401785 1309.19395115
 1309.5608498  1309.9804816  1319.63577952 1321.85527138 1325.27329218
 1326.05885597 1326.07098925 1326.27372184 1335.94191972 1339.40387369
 1339.41304032 1346.38771474 1352.71995819 1355.63748082 1355.6980806
 1364.58184802 1364.72108084 1371.3941897  1372.7133182  1373.37808242
 1375.75824036 1380.59455596 1382.3010497  1386.86073298 1388.44986048
 1389.13099132 1390.26758715 1390.98715118 1393.68944127 1403.20177305
 1405.31493196 1405.3592318  1405.37083176 1405.3777984  1407.47215739
 1407.47622404 1407.90925578 1408.97801853 1413.69270124 1419.29548069
 1420.78030858 1423.56286504 1423.6468314  1427.22598494 1435.63355411
 1441.09296742 1463.41758554 1463.42438552 1463.83895066 1465.61284416
 1477.33033452 1479.58472625 1480.00359138 1487.64739668 1492.55867867
 1492.58467857 1494.5768046  1503.32560585 1506.17616206 1508.54948669
 1513.97840011 1514.59459785 1516.72049006 1523.25273277 1524.4719283
 1535.60792079 1538.04711184 1540.05360448 1547.31824451 1583.59734479
 1602.10127693 1607.90388898 1612.20773986 1620.49924279 1623.27223262
 1647.80297599 1662.17652327 1683.37581219 1686.95036575 1693.76874074
 1701.24837998 1701.26744657 1701.32871302 1728.30191409 1730.0263411
 1730.17674055 1738.43177694 1742.62042825 1756.13384535 1765.79260993
 1766.05707563 1776.04740566 1781.63488516 1782.27578281 1783.03134671
 1799.97711789 1802.42397559 1818.93268171 1827.61998318 1827.6254165
 1862.08912343 1878.52036317 1904.97733281 1948.14930781 2002.52734172
 2029.25164371 2111.03154378 2112.78597068 2112.79163733 2191.22154969
 2201.76221103 2202.20984273 2349.96006753 2684.70217321 2695.59379993
 2704.13126862 2705.76916261 2705.82959573 2711.37514205 2713.62210048
 2715.13142828 2717.71921879 2717.91998472 2722.3321352  2723.41009792
 2728.59451224 2729.34440949 2732.45476475 2732.46003139 2732.70416383
 2734.86482257 2735.37808736 2739.02537398 2739.69560486 2750.30716594
 2753.46128771 2753.97488582 2754.05461886 2755.88767881 2756.47887664
 2757.98197113 2758.13667056 2758.32773653 2758.98590078 2759.00706737
 2759.11683363 2765.015512   2765.91414204 2765.99807506 2766.15967447
 2766.46804    2766.78570551 2780.19065634 2780.25225612 2780.32888917
 2780.43695544 2780.65858796 2780.738821   2780.97932012 2781.34708544
 2781.42695181 2781.44878506 2781.52318479 2781.53105143 2781.8571169
 2782.70498046 2790.55805166 2792.52157779 2794.08057207 2794.21580491
 2794.53267041 2798.63188871 2798.75862158 2798.91252102 2799.10578697
 2799.3995859  2799.60711847 2799.70475144 2800.20838293 2800.461682
 2800.56974827 2801.01881329 2801.34277877 2802.07660941 2802.45294136
 2807.2163239  2807.26489038 2815.02446193 2816.86755517 2817.17605404
 2818.35678304 2821.92096997 2824.60429346 3140.11006969 3162.92425269
 3232.00833266 3271.75275356 3274.77297582 3274.78204246 3274.78684244
 3279.19809293 3283.48247721 3324.56969319 3337.05598074 3380.99891958
 3410.77954369 3443.86575568 3493.26490785 3551.45826109 3659.31886552
 3673.65804626 3740.52906768 3766.02597418 3916.69455494 3924.68059232
 3977.24719953 3977.5202652  3983.75247568 3990.83211638 4028.04974655
 4159.14926575 4182.15154806 4193.96237141 4250.44903091 4263.98274794
 4277.83596381 4289.13815569 4309.00598282 4310.12181207 4310.96590897
 4342.53015988 4364.6268455  4402.57590633 4438.08060945 4449.93383265
 4463.68834887 4464.49091259 4465.39777593 4478.36769503 4481.13465155
 4509.369348   4515.37139266 4581.56351657 4587.54712796 4603.33970337
 4647.62144097 4647.73860721 4655.55921186 4660.37579419 4669.93789246
 4671.25842095 4687.72392723 4694.28630316 4701.05397834 4737.93174309
 4744.07795389 4748.26433853 4748.27000518 4748.38670475 4748.49347103
 4755.56454509 4756.0273434  4757.66997071 4769.0786622  4769.39446104
 4783.08251084 4794.87553426 4795.09673344 4795.20406638 4799.49311732
 4801.89300852 4803.03647099 4803.22827029 4806.6058579  4809.60661356
 4823.57179568 4824.31869294 4825.4106556  4827.17238248 4833.98852414
 4839.02367234 4839.08523879 4860.45606041 4865.03331029 4942.50625949
 4976.44090171 4995.91543029 5070.47685684 5070.57032316 5071.94968477
 5085.58380143 5088.36645789 5102.29864013 5115.60209134 5137.4345446
 5137.58887737 5150.9792616  5152.10442414 5170.83508878 5170.88312193
 5176.12373605 5178.65256011 5179.20725807 5180.24225428 5206.51942457
 5208.06755223 5209.74654607 5214.6205282  5215.57532469 5215.65479107
 5216.05148961 5217.96931591 5232.98619417 5244.53465182 5301.44560977
 5303.20266999 5303.32086956 5303.34193615 5303.35540276 5333.92552398
 5358.52400044 5460.90919161 5530.30437044 5588.05199199 5605.74499377
 5609.44921351 5611.98180423 5636.69084694 5638.9106388  5678.76772596
 5680.62725247 5704.02703332 5715.0476929  5729.38677365 5745.22758222
 5748.03027194 5748.06010517 5749.84736528 5759.9761948  5766.97126914
 5789.34495376 5798.58541987 5852.90595398 5890.05611774 5976.40860104
 5985.10293582 6137.44941043 6142.32312589 6149.16280081 6211.7154714
 6218.83434529 6221.10047031 6235.12585221 6271.10708692 6276.55826693
 6329.41443975 6344.07045266 6344.09891922 6344.11635249 6358.5283663
 6358.53936626 6358.66559913 6359.17149728 6360.59042541 6368.69259569
 6370.24322334 6423.62816089 6501.72504114 6503.72080049 6546.7069095
 6592.67510758 6592.69950749 6593.39163829 6632.09129636 6659.2190302
 6668.15089745 6669.8073247  6669.85669119 6702.86657013 6716.19328792
 6717.43378337 6748.08133764 6760.58589178 6776.48380014 6780.78435104
 6780.89835062 6808.75984844 6838.3735065  6838.93940442 6859.09619716
 6862.28268548 6863.61674725 6864.02234576 6864.139912   6878.90505785
 6893.02050608 6911.48053838 6912.401335   6912.43280155 6914.92385909
 6917.57004938 6929.23690659 6929.5446388  6964.13344528 6964.25317817
 6964.34551117 6982.53081114 6987.47792633 7010.19830967 7024.36549105
 7034.75268629 7037.34867677 7037.37244335 7037.54494271 7037.95927453
 7038.17457374 7066.39167025 7084.13837183 7084.83376928 7084.86506917
 7085.55856662 7085.89623205 7092.82340665 7095.85762885 7095.99652834
 7103.40866783 7103.59023383 7104.44199737 7105.9781584  7125.17465467
 7146.92707489 7155.19427791 7155.65950953 7162.7657168  7175.76036915
 7177.47822951 7178.59852541 7190.70764766 7199.90221394 7202.22417209
 7205.14122806 7208.24231669 7208.29724982 7208.51001571 7208.59314874
 7208.86418107 7210.10150987 7225.93341847 7225.96085171 7228.06961064
 7248.81643455 7249.81903087 7251.56995779 7253.29085148 7255.55474317
 7267.63723219 7270.06698995 7275.74470246 7275.79460228 7275.89766857
 7284.27210452 7285.96186499 7286.81869518 7286.92502812 7288.82652115
 7298.79275127 7303.26283487 7303.49296736 7303.72453318 7303.77703299
 7316.15345426 7327.66057873 7330.23400262 7340.58896465 7364.09787843
 7366.87770157 7369.21849298 7376.58139931 7379.27208945 7379.5121219
 7380.48215167 7380.53048483 7380.57188468 7380.65845103 7385.86859859
 7390.23811589 7390.42171522 7390.71251415 7400.74144404 7413.21736495
 7419.34974246 7421.93809964 7434.55222004 7452.14415552 7452.24145517
 7452.38615464 7452.86611954 7456.79863845 7465.79950544 7466.12993757
 7467.5110325  7472.36554803 7472.41944783 7492.10247565 7493.80450274
 7499.11124994 7501.84083993 7510.43270842 7521.42750143 7537.62094204
 7542.48575753 7543.39842085 7550.7306273  7556.80130503 7557.2088702
 7557.4659026  7564.72350931 7566.02080455 7566.13057082 7569.82445727
 7574.67660614 7583.54370696 7583.6140067  7583.64737324 7585.90113164
 7586.59929575]"
471,715710_2024-07-16_F-407,MOs,True,"[  20.99294223   21.43360728   21.60940663 ... 7611.89776964 7611.96113607
 7612.3352347 ]"
472,715710_2024-07-16_F-410,MOs,True,"[  20.91950916   21.49700705   21.63877319 ... 7605.79965867 7609.47624518
 7612.66046684]"
473,715710_2024-07-16_F-411,MOs,True,"[  20.36534453   20.83144282   21.15727496 ... 7606.79335502 7606.96448773
 7607.5712855 ]"
474,715710_2024-07-16_F-412,MOs,True,"[  20.45694419   20.49844404   20.61034363 ... 7612.50260075 7612.51346738
 7612.6432669 ]"
475,715710_2024-07-16_F-417,MOs,True,"[  25.60415865   25.62225858   25.75205811 ... 7612.13053545 7612.38670118
 7612.68533341]"
476,715710_2024-07-16_F-418,MOs,True,"[  20.418911     20.64364351   20.81677621 ... 7610.85357347 7611.65027054
 7611.85633645]"
477,715710_2024-07-16_F-420,MOs,True,"[  20.22747837   20.2824115    20.37421116 ... 7612.55066724 7612.61146702
 7612.67020014]"
478,715710_2024-07-16_F-422,MOs,True,"[  27.35941888   27.41205202   28.18714918 ... 7612.163202   7612.62293364
 7612.64970021]"
479,715710_2024-07-16_F-428,MOs,True,"[  21.11840844   22.87973531   26.49192206 ... 7611.64583723 7612.44320097
 7612.53063398]"
480,715710_2024-07-16_F-431,MOs,True,"[  82.95628165  110.15798189  142.14676457  297.10326294  328.6999804
  477.60450096  494.41643931  669.17173173  673.21735023  734.31629282
  775.91310693  786.71210066  796.2804989   855.06638331  863.18885352
  890.90011855  898.10202548  925.94795669  925.95835665  944.12899001
  957.95793929  967.21267202  970.3448272   997.19686205 1009.56115004
 1015.26492912 1016.68119059 1016.87272322 1029.81810908 1035.5391881
 1042.08723075 1045.38188533 1121.70407209 1125.86509017 1126.91548631
 1149.178338   1153.54128866 1167.98896901 1170.51605974 1189.1049249
 1194.43060537 1194.62220467 1275.46754151 1278.91109554 1295.72606721
 1300.27965051 1304.18463619 1335.39375506 1336.85088305 1340.05863796
 1382.41638261 1406.35219483 1422.60556855 1504.65730096 1552.13492684
 1563.56178494 1581.08815399 1651.32246308 1654.24645235 1804.22373565
 1818.24048425 1986.51296712 2020.65020859 2036.03228551 2076.79473601
 2080.66785514 2178.04349802 2189.16099058 2192.9825099  2229.75680837
 2246.03694866 2288.94819128 2338.09654437 2381.54718502 2466.23230777
 2466.49037349 2482.82378026 2572.56928445 2592.29927876 2596.3886971
 2598.36852317 2606.10396146 2668.83069808 2709.1099837  2710.71404448
 2712.75747032 2736.73518238 2775.0050087  2813.09733566 2850.62289804
 2860.52832838 2864.86921246 2865.92147526 2907.01415789 2918.69198173
 2919.29651285 2919.95027712 2932.31266511 2949.76563444 2974.01364551
 2982.68981369 2992.29397847 3052.96682262 3061.79132359 3062.79825323
 3070.42589192 3075.87960525 3122.72666678 3128.94764396 3131.69046724
 3150.81586376 3194.17177142 3208.42801914 3212.92763597 3224.20856126
 3238.92534062 3246.02911457 3252.63669034 3255.07001475 3257.55790562
 3266.32134015 3275.58760617 3285.57716953 3300.69254743 3305.33139708
 3350.17443262 3355.53241297 3391.43038132 3411.72797355 3416.76292175
 3433.83755913 3445.01038482 3470.02672641 3482.46674745 3483.95257533
 3487.18926346 3487.34372956 3496.34449655 3499.48438504 3499.56808473
 3515.93299138 3539.92973671 3581.02775265 3583.55407672 3586.52836581
 3591.020216   3596.08486409 3597.46925902 3604.46646669 3612.41193755
 3621.41827118 3653.89701874 3659.88503011 3678.17059638 3682.55711363
 3706.01992758 3708.53101837 3711.61377373 3732.78482942 3744.29992052
 3762.32772107 3767.3923025  3832.87652901 3833.84889211 3836.73451486
 3841.57406377 3842.53949357 3851.63392688 3859.7164639  3859.88612995
 3862.507687   3871.97688561 3917.0041538  3940.44233451 3989.74542036
 4014.42619651 4034.41185655 4050.01156601 4052.42682382 4055.23084687
 4055.99157741 4076.20826993 4086.60079848 4100.03401589 4101.01217896
 4105.69059514 4166.5795385  4177.23179943 4183.6859091  4186.14880006
 4195.5637322  4204.53846595 4205.46646255 4238.38580849 4250.60379701
 4267.88896695 4272.09938484 4279.51849097 4282.55764649 4307.6414545
 4309.02584942 4328.93900972 4354.55668244 4361.35975749 4397.73899073
 4427.73348073 4428.27691207 4433.12929428 4434.55045573 4437.93034333
 4441.93822864 4452.3727237  4462.44865341 4471.26288776 4493.48990624
 4499.2725517  4570.25169139 4573.48014621 4575.17534    4576.24293608
 4577.08316633 4577.65699756 4582.44374667 4587.73509393 4598.86881977
 4601.95314179 4604.79069805 4656.14600971 4658.92396618 4664.1720136
 4671.33898732 4695.16966659 4706.70015763 4724.58949203 4745.17948318
 4746.05514664 4751.12286138 4779.66729003 4789.09405546 4800.41694727
 4812.06257122 4823.23576358 4860.41849388 4864.99597709 4874.86254091
 4888.22342524 4897.65632398 4905.50486186 4916.15172281 4929.42017415
 4939.2598714  4961.92575494 4963.92478094 4969.31846116 4992.80034171
 4997.25132539 4999.41518412 5008.0999856  5015.14325977 5018.64408026
 5042.19546056 5050.39026384 5052.52312268 5078.14119539 5085.99436659
 5099.59488338 5107.44558792 5124.44502558 5129.68633969 5140.48583341
 5144.62238491 5146.55291116 5160.98032492 5163.74644811 5167.89179957
 5178.41192766 5195.31973231 5210.65594274 5211.91047147 5239.49710363
 5277.29946499 5282.9683442  5294.62650144 5315.09532638 5323.35819607
 5331.21580059 5379.88025545 5385.11143626 5386.44603137 5386.97019611
 5389.95245184 5393.15134011 5396.76909351 5409.60851309 5427.06844905
 5444.57218486 5451.75715851 5458.80243267 5466.2100055  5478.37446089
 5488.64442323 5508.88611566 5516.26312194 5588.85252239 5593.51497195
 5597.27989148 5630.81803515 5639.57180304 5647.58587365 5648.55787009
 5661.76792164 5666.05933923 5678.1372616  5690.7348154  5691.22654693
 5707.19265505 5729.97820481 5730.1915707  5741.66292863 5770.45288971
 5786.56439729 5791.42011281 5797.01755895 5802.48017225 5812.33200279
 5816.37018798 5818.80064573 5819.19267762 5840.67966549 5850.61432905
 5857.17383833 5864.40004516 5866.1895386  5871.24038674 5872.66558152
 5876.50000079 5878.19256125 5888.79215571 5891.69817838 5894.64270092
 5903.44956862 5904.92076322 5912.62280164 5922.8235309  5923.35182896
 5923.81942724 5938.0746083  5944.09341956 5956.57104046 5963.49681506
 5969.67095909 5999.69224898 6012.24686961 6018.24034763 6018.66721273
 6019.40701002 6025.30458839 6029.71910553 6032.45316217 6032.99569351
 6047.82283913 6048.13920464 6049.16936753 6049.83239843 6060.68105864
 6064.34447854 6064.89607652 6081.2523832  6086.74336306 6092.39254234
 6105.28399507 6112.96203357 6113.03133332 6115.58089064 6126.36581775
 6134.03562295 6148.37283704 6154.12981593 6168.55086304 6172.67541458
 6172.85271393 6182.34534578 6186.93089563 6199.66158227 6214.92169297
 6217.79751576 6234.00492299 6234.90218636 6247.69200612 6260.86629114
 6262.64315129 6264.8040767  6279.2829236  6287.98625835 6291.21224652
 6312.72296763 6321.40666911 6323.60026107 6334.99205262 6339.93546783
 6341.02639716 6342.32662572 6342.35455895 6345.16338199 6347.97317168
 6352.0949899  6358.63396592 6359.01733118 6361.58018845 6381.77714771
 6392.32390903 6392.94810674 6397.13782471 6412.69760098 6426.79764926
 6437.99404154 6449.25043359 6450.30482972 6458.10210112 6477.21559769
 6479.78288828 6482.21734602 6494.01993606 6494.67170034 6496.11646171
 6504.19783207 6507.24142091 6511.36547245 6515.05659225 6524.07485917
 6554.76731327 6560.35102613 6560.72949141 6574.49257427 6597.43729012
 6597.62322277 6605.25126146 6608.66914893 6615.48382393 6618.96024452
 6629.4911059  6650.094397   6650.36656267 6657.01367162 6660.96092382
 6671.02042026 6675.04527216 6681.87781377 6684.37293795 6696.4940935
 6702.80063704 6703.85549983 6714.69582675 6715.9637221  6718.14394743
 6722.01213325 6761.4615219  6765.14074174 6777.64739587 6781.67858109
 6783.44060796 6783.98297264 6785.94679877 6787.91359156 6794.84256614
 6801.26997591 6805.22109475 6813.51829765 6824.26765823 6829.5735721
 6833.33612497 6838.90360455 6840.07200027 6859.11163044 6862.88004995
 6870.94505371 6890.84868071 6890.97601358 6906.58262301 6917.51924957
 6933.92275607 6935.16138487 6943.67358698 6951.30889231 6955.40084397
 6978.32915988 6982.32201191 6982.68151059 6983.23840855 6984.43007084
 6984.48797063 6988.32235657 6991.17174612 7000.4111789  7001.95987322
 7002.88933648 7004.46776402 7007.01598801 7012.39593495 7013.89536278
 7029.81780438 7046.94350824 7056.82337201 7063.31994818 7088.4639893
 7090.44418204 7092.64234065 7095.34179741 7102.47930457 7113.95506248
 7122.91589629 7123.82185963 7126.45128332 7135.32281745 7135.35675066
 7136.86424513 7139.0449038  7139.50543544 7154.99377864 7158.26086666
 7162.25298535 7177.19373056 7185.9708317  7186.48152983 7188.67902177
 7192.05480939 7193.60313704 7204.54439692 7206.6033227  7219.57020848
 7239.49260208 7266.95093471 7272.47281446 7277.71612856 7282.17521221
 7282.19027882 7290.0219501  7290.25828257 7300.39391206 7315.12815802
 7340.45259848 7367.91029778 7369.75069103 7370.05932323 7371.24241889
 7373.58867696 7375.58936962 7378.1766268  7389.88258387 7391.64904405
 7395.60439621 7411.15260586 7411.23013891 7426.44354978 7428.19014337
 7428.52020883 7443.73915302 7444.07365179 7446.05751118 7446.59230922
 7454.15538148 7457.39183628 7460.51729148 7463.13321522 7465.46937332
 7469.38852561 7471.25795209 7474.26274107 7482.9996757  7497.8126547
 7498.95005053 7499.61994808 7507.93131759 7512.55363398 7515.10072463
 7522.53773069 7528.5804752  7528.66550822 7530.35243537 7537.77590814
 7546.15601074 7556.29647355 7583.7667728  7588.41115577 7592.75983982
 7593.89933564 7594.21813448 7610.39310849]"
481,715710_2024-07-16_F-435,MOs,True,"[  22.9375351    23.02556811   24.7737617  ... 7608.36244927 7611.39283815
 7611.56887084]"
482,715710_2024-07-16_F-437,MOs,True,"[  34.34589326   36.52448527   39.53004091 ... 7605.87062507 7608.82594757
 7610.14834272]"
483,715710_2024-07-16_F-439,MOs,True,"[  44.30245674   49.36093819   53.15499094 ... 7601.59490742 7604.81912893
 7607.39385282]"
484,715710_2024-07-16_F-440,MOs,True,"[  38.03407973   38.57437775   39.83450646 ... 7612.32173475 7612.32753473
 7612.50463408]"
485,715710_2024-07-16_F-441,MOs,True,"[  22.94080175   27.94251674   28.98791291 ... 7611.5808708  7611.8248699
 7611.83496987]"
486,715710_2024-07-16_F-442,MOs,True,"[  21.4454739    21.52434028   21.58950671 ... 7609.23384607 7609.30071249
 7612.66910014]"
487,715710_2024-07-16_F-443,MOs,True,"[  42.61682959   48.61177427   55.19991678 ... 7612.51310071 7612.61373368
 7612.65783352]"
488,715710_2024-07-16_F-444,MOs,True,"[  20.59777701   20.95024239   21.13250838 ... 7610.26057564 7611.88640301
 7612.38446785]"
489,715710_2024-07-16_F-445,MOs,True,"[  22.9354351    27.54048488   27.5642848  ... 7612.29286819 7612.4709342
 7612.58310046]"
490,715710_2024-07-16_F-446,MOs,True,"[  31.23670466   31.2433713    31.2712712  ... 7612.21263515 7612.47366752
 7612.5531339 ]"
491,715710_2024-07-16_F-448,MOs,True,"[  54.1937538   108.77575362  108.79415356 ... 7598.03122049 7598.11472018
 7599.77801408]"
492,715710_2024-07-16_F-450,MOs,True,"[  20.36737786   20.37661116   21.14034169 ... 7612.10020223 7612.19960186
 7612.46223423]"
493,715710_2024-07-16_F-452,MOs,True,"[  22.29703745   24.94232774   24.95209438 ... 7612.54163394 7612.54756725
 7612.62003365]"
494,715710_2024-07-16_F-453,MOs,True,"[  20.69274333   25.93595743   27.67761771 ... 7612.63673359 7612.66693348
 7612.68450008]"
495,715710_2024-07-16_F-455,MOs,True,"[  22.33890396   22.93426844   26.57755508 ... 7610.75134051 7611.22670543
 7611.24487203]"
496,715710_2024-07-16_F-456,MOs,True,"[  25.76705805   29.63911052   29.64577716 ... 7612.16916864 7612.17800194
 7612.19023523]"
497,715710_2024-07-16_F-457,MOs,True,"[  22.328404     22.34680393   22.58760305 ... 7610.98443965 7611.15963901
 7611.34880498]"
498,715710_2024-07-16_F-458,MOs,True,"[  22.0094385    22.95993501   23.1630676  ... 7611.97863601 7612.08293562
 7612.18080193]"
499,715710_2024-07-16_F-462,MOs,True,"[  21.61730661   24.73779516   27.94535006 ... 7538.3964392  7574.07497502
 7593.17277164]"
500,715710_2024-07-16_F-463,MOs,True,"[  20.60914364   21.39600742   21.45230721 ... 7608.55218191 7612.63720026
 7612.66863348]"
501,715710_2024-07-16_F-464,MOs,True,"[  20.65084348   20.66187678   20.9362091  ... 7611.94690279 7612.2071685
 7612.30606814]"
502,715710_2024-07-16_F-465,MOs,True,"[  20.57941041   22.32117069   22.32907066 ... 7612.19323522 7612.22743509
 7612.55410056]"
503,715710_2024-07-16_F-468,MOs,True,"[  28.31991536   28.6173476    33.1810642  ... 7611.75490349 7612.62163365
 7612.62403364]"
504,715710_2024-07-16_F-470,MOs,True,"[  21.07960858   21.1182751    21.13234172 ... 7608.05031708 7611.76077014
 7611.98333599]"
505,715710_2024-07-16_F-480,MOs,True,"[  20.29864477   20.30144476   20.30697808 ... 7611.22040545 7611.94880278
 7611.95600276]"
506,715710_2024-07-16_F-481,MOs,True,"[  20.29384479   20.34117795   20.3541779  ... 7612.61583367 7612.65990017
 7612.68590008]"
507,715710_2024-07-16_F-485,MOs,True,"[  22.44077025   23.60893263   24.79262829 ... 7609.52791166 7609.55101158
 7609.76561079]"
508,715710_2024-07-16_F-490,MOs,True,"[  20.31174473   24.19139717   24.19556382 ... 7611.97300269 7612.26356829
 7612.52316734]"
509,715710_2024-07-16_F-500,MOs,True,"[  20.52397728   20.65594346   20.89650925 ... 7612.35243464 7612.45353426
 7612.64780022]"
510,715710_2024-07-16_F-501,MOs,True,"[  23.19796748   23.41603334   52.23669431 ... 7611.64543723 7611.97556935
 7612.58403379]"
511,715710_2024-07-16_F-502,MOs,True,"[ 341.2421344   347.73674391  741.65333258  818.11791881  857.67927372
  871.20659078  875.15814295  875.16174294  875.26904255  875.29150913
  875.34797559  948.6564734  1098.50265718 1315.12092941 1397.44206084
 1433.82526074 1488.76965923 1560.46546296 1592.94674383 1645.06971934
 1785.75690338 1891.49374893 1913.28653567 1913.30196895 1930.48540593
 2092.7759774  2151.78986097 2173.2499156  2276.66060301 2436.5668499
 2436.58478317 2442.05422978 2460.06799704 2470.28645957 2470.52119204
 2477.33606705 2493.42417471 2497.75072551 2507.64692255 2514.55259722
 2525.62702328 2543.00322622 2565.16007829 2574.63531021 2579.82435784
 2584.69390665 2588.80239158 2588.9975242  2592.86291003 2596.14039801
 2599.3788528  2604.64563348 2605.67739636 2605.74852943 2606.21036107
 2606.68025935 2608.86778466 2609.4585825  2610.06684693 2611.34487558
 2611.42584195 2612.80843688 2613.02653608 2613.09393583 2613.10886911
 2614.66433007 2614.91229583 2615.0825952  2615.15296161 2616.4296236
 2617.1459543  2618.21158373 2618.94418104 2619.4464792  2619.56711209
 2619.64337848 2619.77091134 2623.27099851 2624.50326065 2624.83115945
 2625.82395581 2625.89678888 2626.18072117 2626.589053   2627.0705179
 2627.14738429 2627.60361595 2628.76734501 2629.15654359 2629.86530765
 2629.90077419 2630.18713981 2630.21277305 2630.70890456 2630.92793709
 2630.95933698 2632.30479871 2632.71706386 2632.85773001 2634.73142314
 2634.79878956 2635.6059866  2636.10208478 2636.47755007 2636.70884922
 2637.82854512 2637.88154492 2639.26613984 2640.21090305 2641.2953324
 2641.65699774 2642.28169545 2642.90639316 2643.16649221 2643.27532514
 2643.61585723 2643.79018992 2644.85388602 2645.00325214 2645.5222169
 2645.74878274 2647.05917793 2647.43544322 2648.38527307 2703.99596912
 2707.49192296 2718.24498353 2726.42128687 2785.35400407 2837.77271183
 2936.24525069 3081.38938505 3092.38634472 3092.5258442  3136.56254937
 3147.31150995 3241.91389633 3297.86852445 3363.1057852  3382.72317992
 3416.17399057 3446.60654563 3472.43831756 3484.45734015 3540.98453284
 3543.61522319 3663.82151567 3689.81082036 3697.41715913 3704.99183135
 3712.359171   3714.5853295  3715.0565611  3718.13694981 3718.84164722
 3719.15944606 3720.24590874 3720.67037385 3721.08827232 3722.18783495
 3723.86089548 3725.07559103 3725.43538971 3727.2901829  3727.31994946
 3728.69537775 3729.83127359 3729.86184014 3730.33353841 3732.21896483
 3733.23106112 3733.37426059 3733.80202569 3734.07399136 3734.45718995
 3734.56908954 3739.21543917 3741.60259708 3741.77559645 3742.79369271
 3744.94338483 3745.43158304 3746.71914498 3748.26550598 3749.67086749
 3750.12696582 3750.21106551 3751.39082785 3752.33495772 3752.65708987
 3752.9317222  3753.42215373 3756.72700828 3757.39107251 3757.6484049
 3757.986037   3758.79736735 3760.25392868 3761.84382285 3762.25755466
 3762.56578687 3762.81398596 3762.89278567 3762.93351885 3763.5095834
 3763.65088289 3763.99018164 3764.83127856 3766.04304078 3767.48703548
 3770.41329142 3771.37918788 3771.48382083 3772.65324987 3772.71024966
 3774.0182782  3774.60697604 3777.06360036 3779.51725803 3782.10214855
 3782.21508147 3782.30411448 3782.3885475  3782.68447975 3782.72694626
 3784.46303989 3793.5584732  3793.77643907 3794.43853664 3795.73753188
 3796.88052769 3800.46881453 3800.88257967 3808.40955207 3811.90463925
 3829.76767374 3830.33717165 3831.35230126 3834.69428901 3865.688642
 3905.89739454 3906.08192719 3921.48957069 3932.15049826 3933.49692665
 3946.26134651 3960.01092941 3960.0152294  3962.8405857  3964.11094771
 4013.77939889 4015.27786006 4037.54281174 4062.11318829 4062.56678663
 4153.31075383 4209.39594814 4243.05055805 4250.39156446 4284.29477345
 4316.77755432 4322.24480094 4324.50335932 4346.50727862 4352.27359081
 4355.9759439  4391.63897977 4540.4077675  4546.78324412 4552.3157905
 4569.62646035 4573.00914794 4582.93191155 4587.2800956  4593.16414069
 4653.80088497 4654.96381404 4710.4546772  4714.25406326 4717.46645148
 4719.43484426 4821.06160489 4853.90148445 4866.85093696 4875.4563054
 4887.46462802 4950.69439613 4982.83584492 5007.92661957 5012.59500245
 5018.43024771 5045.56831485 5060.07879497 5126.62705091 5131.10820114
 5157.00890615 5174.17587652 5184.45660549 5187.18192883 5194.17660317
 5204.90833048 5217.61385055 5243.11132371 5267.79129986 5326.73305036
 5372.87238115 5420.81060534 5437.8623428  5480.50755307 5493.54137193
 5531.75469846 5541.65396215 5590.28291714 5593.12534005 5595.0833662
 5608.82748246 5609.01824843 5609.03338171 5609.12248138 5612.74693475
 5635.36591847 5641.35596316 5643.23072296 5654.08958313 5654.16824951
 5654.49398165 5654.53088151 5654.54228147 5654.853147   5654.9066468
 5655.13067931 5655.13847928 5655.1435126  5655.26571215 5655.3511785
 5656.05867591 5656.13144231 5656.32360827 5656.91107278 5656.93807268
 5657.04947228 5657.14327193 5657.35380449 5658.19523474 5658.51060025
 5658.58886663 5659.52559653 5659.5962296  5659.70566253 5660.31039365
 5661.09139079 5661.2699568  5673.13997993 5682.02278069 5717.84458265
 5734.60848783 5742.78885783 5744.28381902 5753.11438663 5780.76951854
 5826.03525253 5854.65791422 5854.90354666 5878.17902796 5902.85737079
 5910.90340795 5922.0781003  5929.22727408 5934.80032031 5940.27783355
 5944.03455311 5973.51547832 5974.1569093  5977.47326381 5998.72168588
 6006.06209229 6007.31018771 6010.46420948 6011.41173934 6019.47824309
 6025.17202221 6029.07427456 6032.33332928 6033.04995998 6035.36558482
 6036.21488171 6037.94907535 6041.5982953  6044.01721976 6046.94184237
 6047.61490656 6048.33607059 6052.77308765 6053.16321955 6053.66898436
 6054.8209468  6055.46584444 6056.02740905 6058.14573461 6058.64666611
 6059.28583043 6068.43069689 6068.84902869 6073.82067712 6078.91655843
 6099.17628413 6104.73816373 6123.68592758 6125.22268861 6125.25938847
 6125.8889195  6126.56401702 6146.49894391 6154.83381334 6173.00704669
 6191.33797947 6196.77649285 6200.9545442  6248.12213788 6307.51695339
 6327.67071281 6331.58879844 6331.81973092 6332.74896085 6339.13203744
 6339.3326367  6339.36136993 6339.43693632 6339.58770244 6339.6620355
 6348.57296948 6354.74158019 6358.58003278 6359.13696407 6363.01498318
 6364.57014415 6365.56810715 6372.60604801 6373.35141194 6373.87784334
 6378.80249195 6379.21755709 6388.07075796 6390.14538368 6390.19595017
 6390.92588082 6393.19840582 6410.42317598 6410.69584165 6411.41800567
 6413.32929866 6414.50362768 6417.84754875 6418.19961413 6420.3447396
 6430.91000085 6432.60962795 6435.17848519 6435.54785051 6439.26337021
 6443.56515444 6445.71437989 6446.2755445  6448.54996949 6450.41256266
 6453.70345059 6458.28636711 6467.12250137 6476.20173474 6485.08263551
 6486.28189778 6490.1551169  6494.89189953 6497.40862364 6497.77998894
 6505.83625939 6506.1440916  6509.77564495 6513.99982945 6518.41771325
 6520.70947151 6527.210681   6528.93867467 6529.70407186 6530.29656969
 6530.56510204 6538.37650672 6538.77527193 6540.18096677 6542.32239225
 6542.73855739 6544.22318528 6547.97310486 6553.50055125 6555.115812
 6556.0964084  6557.94313496 6564.51754418 6565.08190878 6565.56877366
 6567.01403503 6569.92139103 6572.23134923 6577.03199829 6578.48035964
 6597.64188937 6618.86811152 6626.60921647 6649.05260082 6652.60138781
 6664.20434525 6676.83033228 6682.11751289 6685.85286586 6697.95248815
 6709.85467783 6710.63447497 6722.2976322  6725.78148609 6736.6392796
 6801.57254146 6854.28284815 6887.85899168 6890.61041492 6891.10537977
 6904.50833062 6910.7924409  6937.6149092  6950.32656258 6950.82252743
 6960.47065871 6968.47312936 6969.31995959 6976.77399892 6987.14119423
 6987.87565821 6988.30745662 6988.61762215 6994.01696902 7006.87695519
 7007.85765159 7056.8630052  7058.20063363 7087.80229173 7126.35118369
 7148.5524356  7155.03954514 7188.48812247 7208.91204757 7221.20526915
 7229.71273795 7230.51063502 7249.18106655 7249.49883205 7249.52459862
 7249.5755651  7254.79057931 7271.04135304 7291.58571103 7310.99193986
 7321.86449998 7324.87365562 7329.9963035  7362.83821638 7385.5367998
 7395.88362852 7404.22889792 7423.24159486 7439.83833399 7446.016578
 7448.13493689 7449.88253049 7458.5863319  7475.00160503 7487.92559096
 7490.73761398 7492.13090887 7496.80039175 7527.27397999 7535.97678141
 7546.08177768 7546.39040988 7554.94097852 7563.15788172 7567.46729925
 7569.92272358 7584.91910191 7589.9565501  7592.92947253 7601.69077374
 7604.82706223 7608.58544845 7609.41344541]"
512,715710_2024-07-16_F-517,MOs,True,"[ 178.22446559  184.69637519  353.26675696  925.95132334 1003.75750466
 1131.93343458 1318.91438217 1333.0661636  1459.52526648 1516.14599216
 1579.84792521 1655.49341445 1758.81980217 1771.8458544  1785.69923692
 1823.9164301  1915.15319549 2014.74846356 2060.4096961  2181.42538562
 2299.17228712 2342.03606325 2422.86596681 2629.11881039 2710.49901193
 2921.69297072 3024.63589319 3035.75951906 3098.125157   3198.24245649
 3219.16594642 3220.52784143 3220.53160808 3220.82280701 3220.91587334
 3233.82982598 3234.33129081 3258.15833676 3281.83978324 3308.99185033
 3355.21228081 3360.82872688 3383.50611038 3415.86029172 3469.69552762
 3485.97880123 3486.78173162 3490.86274999 3497.88485757 3503.13603831
 3504.88666522 3505.87079495 3531.24883521 3531.25523519 3531.4154346
 3580.33012187 3618.89331378 3665.32247683 3674.96490814 3734.1347578
 3738.05237677 3744.55291959 3751.83362623 3841.08933222 3874.54667618
 3990.42498454 4050.41929784 4102.19780795 4163.22811746 4224.47189285
 4230.97226901 4290.02575243 4297.53502489 4303.04867134 4371.68815294
 4395.57049869 4412.03263831 4416.80865413 4442.0922614  4444.927951
 4480.44732074 4487.58146124 4515.77169119 4574.82804127 4577.50433145
 4598.23018878 4633.88125803 4663.92384785 4668.20436548 4691.05508168
 4726.02788675 4754.27831648 4765.12371004 4776.46970176 4777.99449617
 4779.49795732 4781.85974866 4791.14398127 4818.08428247 4845.25321616
 4854.04015061 4854.95218059 4860.0302953  4863.60271554 4871.39798695
 4919.66837658 4937.4702113  4971.21135422 4972.34698339 5006.58705781
 5029.12077517 5044.54428527 5072.36088326 5121.12423776 5127.35744823
 5129.59937334 5144.62235158 5222.66766535 5241.74796204 5256.79524019
 5259.46206374 5294.13123659 5294.21963627 5328.10814532 5342.79582479
 5342.97619079 5358.2887013  5360.10629463 5364.60981145 5408.01931892
 5431.17990064 5438.83010592 5443.29535621 5443.3159228  5449.90813196
 5463.11685018 5465.67610746 5473.8372442  5476.39430149 5483.81160762
 5497.90768925 5507.66552013 5521.26677025 5525.47555482 5527.8693127
 5528.90267558 5530.1699376  5539.13160473 5546.02461279 5551.15719396
 5554.44751523 5555.35387857 5558.97533196 5580.10945445 5584.05620664
 5589.90938518 5618.74817941 5642.3724261  5645.63314748 5648.09500512
 5662.27618644 5663.83888071 5670.1941574  5680.35198682 5689.24008755
 5715.99528943 5766.76816989 5773.78201083 5774.76184057 5778.76702588
 5813.8718638  5815.70252376 5817.82618264 5819.30374388 5826.19225195
 5826.68948346 5829.45870664 5834.12798952 5841.83072793 5841.87052779
 5862.51791873 5866.06750571 5868.36749728 5870.93238787 5876.33506806
 5877.986662   5887.61972667 5895.03526614 5895.73263025 5915.20505884
 5936.72754657 5941.47042918 5986.71516324 6023.58936134 6047.03960867
 6050.49099602 6073.19851274 6074.16357586 6075.43143788 6075.52030422
 6076.97929887 6077.10563174 6077.48399702 6078.22159432 6078.28596075
 6078.73052578 6078.82299211 6078.95859161 6080.32878659 6081.80068119
 6082.90997712 6104.83326339 6113.64269774 6119.34471017 6127.42388054
 6139.39206998 6157.1459382  6169.76129193 6174.94833958 6177.35683074
 6194.79530012 6201.98534042 6211.85883754 6218.93977824 6226.21231823
 6226.23515148 6226.24081813 6246.77327616 6247.19507461 6271.61021841
 6276.69863308 6281.37694925 6281.92878056 6301.00424394 6319.92014123
 6325.02932249 6343.64052091 6353.94684977 6354.44204796 6360.7195916
 6371.3003528  6373.37141187 6374.68717371 6390.54231556 6390.76954806
 6393.53800458 6398.15935429 6411.35907255 6423.82789349 6438.29857375
 6442.62729121 6448.84180175 6465.39767437 6466.15660492 6478.84682504
 6480.06052059 6488.52658954 6497.60055626 6499.19645041 6500.00424745
 6502.34550553 6504.88696288 6511.87033726 6511.88473721 6511.89857049
 6520.2595065  6520.94400399 6522.81829711 6528.89570816 6532.66666099
 6538.34087352 6538.38197337 6538.65867235 6542.84259034 6550.43826248
 6551.20219302 6551.22999291 6555.52604383 6555.6863099  6575.745703
 6579.99338743 6582.88687681 6585.70303315 6591.01508034 6594.00526937
 6602.99113642 6606.11632496 6607.7953188  6607.88188515 6614.53126076
 6619.77697486 6620.29153963 6620.83707097 6621.41740217 6624.66479026
 6628.72884202 6632.462195   6633.09429268 6636.19791463 6636.42161381
 6637.69454248 6641.35602905 6646.32374416 6652.17182272 6653.34445175
 6671.3277858  6676.92133195 6684.88640274 6684.89320271 6688.37218995
 6706.3652573  6720.94467049 6721.95653345 6729.70870502 6735.68768309
 6738.18510727 6740.37166591 6751.46755855 6754.80237966 6767.70526567
 6774.18274191 6776.88983199 6778.03392779 6785.08806859 6798.57001914
 6802.12837276 6802.50863803 6818.43517962 6822.39729842 6824.23849167
 6825.18452153 6829.88737095 6830.89273393 6831.61403129 6833.44712456
 6847.40367338 6864.68367667 6880.47371876 6881.49258169 6886.78712894
 6887.66862571 6887.72939215 6891.10151312 6891.87451028 6892.79040693
 6894.37736777 6897.3694568  6905.89959218 6907.10035444 6915.85145568
 6920.76913765 6921.59546795 6925.14192161 6925.42752056 6925.68855294
 6928.67060867 6932.09876276 6935.3156843  6942.78269025 6942.82065678
 6955.49327697 6964.42827753 6970.50258859 6972.28754871 6973.30227832
 6977.25016384 6998.62238546 7001.06234318 7001.4459751  7007.88795148
 7009.93214398 7013.09503238 7014.36092774 7016.58981956 7016.96521819
 7017.32715019 7017.78701517 7018.51271251 7019.55377536 7021.68183422
 7024.96178886 7026.33058384 7033.63309039 7035.08438507 7035.39985058
 7041.20689595 7045.7747792  7046.51004317 7047.13224088 7049.82393101
 7051.12785956 7062.69595047 7068.05889747 7068.64406199 7069.25309309
 7076.31313387 7079.27812299 7080.03568688 7080.24581944 7083.87177281
 7084.28310464 7084.30790454 7085.1099016  7086.17356437 7086.53566304
 7096.80275872 7100.56174493 7103.42116778 7104.16213173 7110.00664363
 7111.03493986 7111.17843933 7122.11909921 7130.67136784 7130.84903386
 7130.86450047 7132.12362918 7139.14390344 7140.01240025 7142.21099219
 7143.84681952 7146.87064177 7157.36786993 7160.78452407 7160.94685681
 7161.48315484 7162.85961646 7175.80020233 7175.84370218 7175.98803498
 7180.70611768 7181.61414768 7183.80523964 7184.75423616 7187.20096052
 7187.52495934 7191.44631162 7196.23226073 7198.82778455 7199.2051165
 7199.33814934 7203.21613512 7204.44473062 7206.9484881  7208.4663492
 7210.4211087  7215.4112904  7215.43262365 7220.34460564 7230.27923587
 7232.25506196 7237.27054356 7237.40634306 7237.57280912 7237.86350805
 7247.60083901 7248.40443606 7250.79469396 7267.52436594 7268.62082859
 7272.84367977 7290.68118101 7291.42234496 7295.07429824 7298.81561785
 7301.38410843 7306.12902436 7306.55825612 7315.64555613 7319.73747445
 7319.75997437 7319.99450684 7321.7521004  7326.03121804 7326.8852149
 7327.86577798 7328.62060854 7338.77680463 7344.13208499 7344.97501523
 7346.14121095 7347.95763762 7348.78553459 7348.90193416 7350.21366268
 7361.87645324 7362.87584958 7368.2957297  7371.07515284 7371.09515277
 7374.63740644 7374.7945392  7378.1032604  7381.31371529 7383.63877343
 7388.80658781 7390.20261602 7390.70374752 7392.46770772 7392.49224096
 7393.21727164 7394.22556794 7396.08519445 7397.16155717 7397.17159047
 7402.4703377  7414.90782542 7419.72400776 7421.10723602 7422.94082929
 7423.04212892 7438.15370683 7446.18357738 7447.87767117 7448.1250036
 7448.94763391 7452.79921979 7453.4335508  7471.44831806 7471.80295009
 7471.91241636 7472.41988116 7480.189486   7480.30645224 7483.16047511
 7484.56553662 7484.6246364  7505.70505909 7510.04940983 7517.95081418
 7519.95450683 7523.53596036 7538.50180548 7538.70713806 7539.50413514
 7544.40668382 7547.50847245 7548.0123706  7550.51759474 7552.98971901
 7553.59945011 7553.60668342 7553.83694924 7555.86280847 7564.02631187
 7581.02088288 7586.34656334 7588.80588766 7589.80745065 7592.49954078
 7604.21013116 7607.71598497]"
513,715710_2024-07-16_F-537,ACB,True,"[  21.21797474   25.02082746   25.84575776 ... 7611.81016996 7611.99280262
 7612.23580173]"
514,715710_2024-07-16_F-538,ACB,True,"[  20.49794404   20.78877631   21.02460878 ... 7611.37403822 7612.58576711
 7612.64956688]"
515,715710_2024-07-16_F-541,OLF,True,"[  20.45291088   22.42483698   23.94926472 ... 7609.02604683 7610.48347482
 7610.49054146]"
516,715710_2024-07-16_F-542,OLF,True,"[  31.31657103  152.39856031  153.02499134  159.66850031  210.7046798
  214.46253269  236.22791953  278.88469642  278.8995297   279.14859546
  318.94828283  319.0740157   319.18768195  324.97676072  328.86401313
  369.17279863  375.52994198  383.47291285  426.33588899  456.44631189
  477.86116669  497.88302659  502.4622098   521.18730779  638.59214388
  767.39120485  799.16382166  828.10034887  865.0122135   904.91096717
  905.02066677  912.21420705  912.74797176  914.98073024  919.0547153
  928.26584818  944.12942334  947.27527847  978.90866245  988.53286049
 1003.75653799 1016.87322322 1026.14805587 1029.81857575 1031.93566798
 1035.53962143 1069.79722913 1073.65544831 1091.11335095 1105.06383312
 1121.21160723 1125.8655235  1126.92631961 1143.40645917 1148.99477201
 1161.79509173 1169.86846212 1184.33044241 1185.2978722  1187.44959764
 1194.622638   1262.04742406 1403.00047379 1495.52436779 1526.96881914
 1612.05644042 1628.82191226 1649.30197049 1667.51073704 1673.76614743
 1674.12274613 1675.34377498 1680.51568935 1706.5399939  1780.22045702
 1842.27736276 1856.63211011 1870.33072654 1909.80044846 1930.07984075
 1930.9398376  1930.9462709  1930.99237074 1938.79290879 1950.44316607
 2001.78437778 2020.00364429 2082.88708034 2110.33584634 2110.85754442
 2111.39924244 2146.75221278 2172.68501767 2192.50687831 2256.35257749
 2263.31585196 2275.36810776 2275.39950764 2291.72368111 2321.85207061
 2382.40334854 2416.5071568  2419.93294424 2422.1527361  2422.80700036
 2425.26179136 2426.81301901 2457.24654073 2458.0073046  2459.66953184
 2461.46059194 2462.56272123 2464.441981   2482.12314949 2499.9886173
 2518.13135077 2521.99893658 2549.04600406 2552.72359057 2567.01760481
 2576.74366914 2603.51027098 2616.63598951 2618.04278435 2628.97967757
 2646.86104532 2668.75553169 2669.96936057 2670.64715809 2675.07014187
 2681.90101682 2694.98750216 2700.61788151 2708.09985407 2710.22317961
 2716.71712246 2735.36315408 2747.59477589 2751.07519646 2754.29315132
 2775.78800582 2785.3660707  2786.04563487 2786.71569908 2807.90402137
 2808.89275108 2820.64510798 2824.81672601 2830.32300582 2849.16220339
 2849.27043633 2857.92440459 2864.16988169 2864.42608075 2870.8926237
 2876.32260378 2884.1358418  2884.5886068  2885.32503744 2897.01739455
 2916.35412364 2920.16417633 2949.96706703 2961.55629119 2962.86245307
 2966.063508   2969.92042719 2982.43588129 2985.60493633 2989.17375658
 2989.4492889  2989.97428697 2992.14361235 3003.09020554 3020.58450805
 3035.74235245 3040.83433378 3041.41073167 3057.46450612 3059.86213066
 3060.12039638 3060.36432882 3066.65627241 3071.13942264 3074.02647872
 3084.93707204 3095.77493229 3102.45777445 3106.17119416 3125.98665482
 3130.1551062  3135.80708547 3146.38471335 3147.64777538 3147.81844142
 3154.92751535 3174.17131144 3177.48773261 3190.50135155 3203.3297045
 3208.9473839  3210.75044395 3231.26526872 3241.90862968 3242.50509416
 3281.14478579 3290.30501886 3295.71586568 3297.33935973 3297.52979236
 3307.42985605 3325.8320219  3350.33126538 3360.25196233 3363.23421806
 3393.32410771 3400.82791352 3426.40151973 3440.86213336 3443.58762337
 3460.88812659 3475.70650557 3476.24340361 3477.05650062 3500.69678059
 3520.03520967 3545.77061528 3573.11408167 3573.14014824 3581.65745034
 3588.95349025 3629.27797569 3631.56523397 3656.73044168 3664.14938114
 3664.15741444 3664.83044531 3670.4302581  3670.6125241  3679.94972319
 3681.29525159 3684.90727167 3685.36963665 3686.22696683 3690.14725246
 3693.15854141 3703.086505   3725.75845519 3734.897755   3753.46908689
 3777.19696654 3778.01506354 3801.88694266 3805.29646349 3813.52113332
 3821.08043893 3830.80510327 3840.24196866 3847.40417573 3848.90450356
 3849.72760054 3858.65920112 3874.79790859 3876.12273707 3891.92424578
 3898.23102265 3908.65508442 3920.77333998 3957.36213913 3981.1742518
 3982.61474651 3990.16375216 3991.83191271 4019.22717891 4020.45520774
 4034.4611897  4034.82828836 4035.3073866  4045.31811655 4047.18827636
 4047.5313751  4049.02540296 4053.48415327 4053.63538605 4053.63795271
 4053.84478528 4056.37417601 4058.95959986 4058.98976641 4077.23999948
 4077.4542987  4077.63176471 4125.56408892 4129.93523956 4131.08423534
 4132.33633075 4154.44844966 4155.67431183 4156.11071023 4163.01355158
 4194.06097105 4194.22090379 4206.26549295 4207.20075619 4207.34075568
 4209.33794835 4213.81753192 4214.00143125 4215.72539159 4216.5150887
 4242.30399412 4252.40842373 4252.62772292 4270.40709105 4286.70873127
 4295.44213257 4301.26614454 4303.7058356  4350.14586528 4352.43305689
 4357.40683865 4362.3565205  4363.17665082 4386.09363344 4390.2309516
 4390.51515056 4391.84197903 4424.49555927 4429.34827481 4430.30480463
 4442.3475938  4447.93400665 4453.53191945 4529.11054227 4529.11540892
 4530.42560411 4530.45543734 4532.04303151 4534.73515497 4535.96471713
 4538.09544265 4540.72479967 4542.30976053 4548.72133701 4559.10926558
 4564.75647821 4578.85385984 4586.00206696 4626.45875192 4639.06803901
 4644.42188604 4648.97866933 4663.72591524 4680.82028588 4681.37241719
 4691.00628186 4695.42053234 4703.26560356 4705.53076192 4711.01157516
 4718.89834623 4719.19437848 4719.50441068 4742.95785799 4744.39848604
 4771.35615385 4778.79749322 4778.90035951 4782.45431314 4798.24112191
 4812.40050332 4813.9233644  4818.66491368 4827.05681623 4830.78296923
 4869.22426159 4871.04138825 4877.97012951 4878.46696102 4888.75835661
 4897.19389234 4902.17477407 4914.31916287 4923.44842939 4927.04318287
 4952.4926562  4955.91471032 4958.58363386 4994.29986954 4994.9122673
 5004.75723119 5010.6074764  5011.74243891 5017.00528627 5017.36628495
 5023.56969553 5024.26742631 5038.51094074 5040.51320006 5042.20909384
 5044.57788515 5054.86044744 5057.27593858 5063.49234912 5067.56256752
 5076.92763318 5080.23038773 5081.10631785 5081.87241504 5085.74553417
 5087.30829511 5094.04103708 5098.74475316 5104.64699818 5110.04841171
 5115.44619191 5118.80537959 5118.98894559 5119.05694534 5121.03543808
 5122.2306337  5125.9572867  5126.01518648 5126.40078507 5132.16739725
 5157.12923904 5169.24999459 5180.54618649 5184.02540707 5211.3486402
 5217.15651889 5221.16197087 5222.05256761 5222.83459807 5224.9616236
 5239.07187185 5240.08823479 5240.30406734 5259.7818959  5270.59375625
 5294.06983682 5295.61169783 5306.00615971 5306.5360911  5316.57158763
 5318.95554555 5319.03061194 5319.25827778 5322.94063094 5323.28496301
 5328.28704466 5332.8207947  5333.28142635 5339.68050288 5341.23856383
 5342.68515852 5344.78815081 5359.61789643 5369.38199395 5372.33828311
 5373.45251235 5383.33250945 5385.22293585 5385.26846902 5393.12090689
 5395.4432317  5396.33839509 5404.8787971  5406.99855599 5416.6113874
 5418.26541467 5423.59439513 5424.84529054 5433.27469296 5434.19255626
 5441.84612819 5445.74578056 5446.31824512 5457.22727178 5459.27346428
 5459.65806287 5460.85015849 5469.39666048 5472.18015028 5472.74988152
 5476.1273358  5476.96099941 5484.00687357 5484.1900729  5485.42666836
 5489.33278737 5490.51984968 5491.16724731 5496.89692629 5500.38751349
 5502.86603774 5505.35976192 5509.05958169 5509.10964817 5512.46156921
 5519.16427796 5526.7067503  5531.42003302 5531.74586515 5532.35476292
 5534.6770544  5537.30351144 5538.99107192 5539.61340297 5543.08755689
 5548.2577046  5552.50938901 5554.61044797 5555.53984456 5557.98443559
 5563.65304814 5565.90800653 5566.05277267 5566.44007125 5568.71449624
 5570.16365759 5570.39272342 5571.55071917 5575.65043747 5576.09563584
 5578.85042573 5580.78875196 5583.76487438 5616.24588859 5624.16549288
 5629.91987177 5632.63712847 5633.61425822 5639.43350355 5639.5915363
 5640.37956675 5643.32248929 5649.70983253 5651.23946025 5652.29175639
 5669.80429217 5671.93435102 5672.04808394 5678.36166078 5681.90068114
 5693.6819046  5721.85800126 5722.9189307  5723.28292937 5740.80336511
 5751.57579227 5757.17827173 5776.74629996 5776.84876625 5777.61816343
 5777.70429645 5778.42562714 5782.31677953 5785.7525336  5802.93757057
 5810.30014357 5813.58463152 5813.92519694 5814.54112802 5822.63383167
 5822.97536375 5826.03811919 5830.2329038  5836.87517944 5837.65420992
 5838.21237454 5850.71416202 5860.93422454 5873.97164339 5874.31564213
 5876.0322025  5891.05814739 5894.84080019 5920.33030671 5922.40709909
 5923.42539536 5928.83487552 5938.03077513 5940.10766751 5957.75460279
 5960.24859364 5965.6131073  5967.94579875 5968.29296414 5978.64942616
 5979.55908949 5980.14038736 5980.41218636 5980.47105281 5981.08058391
 5987.97249197 5990.63211555 5992.94547373 5993.27930584 5997.75655608
 5998.03698839 6007.47258712 6027.85687903 6035.94208271 6058.4395002
 6059.81739515 6065.46634109 6077.29556438 6085.44680115 6092.35880913
 6108.574383   6113.32606557 6113.88753018 6134.84675331 6139.32120357
 6142.21219297 6143.53882143 6145.01791601 6163.58488125 6164.73874369
 6164.83617666 6172.76238093 6186.5124305  6187.12666158 6196.29366129
 6208.05071817 6210.40410954 6220.07007409 6233.25655907 6236.01684894
 6239.07397106 6239.4654363  6246.58747684 6249.32943345 6250.15196377
 6276.73956626 6277.07526503 6277.44046369 6277.5187634  6277.98512836
 6278.03392818 6278.06079475 6289.70815203 6297.12922482 6297.40739046
 6312.14426975 6351.96425704 6380.38998613 6397.8482221  6408.66158244
 6449.72066519 6452.46275514 6453.04471967 6454.76748002 6455.38364443
 6455.45737749 6457.54910315 6461.14505663 6466.99526851 6471.00222048
 6485.2016684  6485.87163261 6499.76278167 6522.24223256 6523.0131964
 6528.48710966 6540.01130073 6541.98596015 6542.99275646 6560.42519253
 6580.97038384 6582.44174511 6582.53037812 6582.80441045 6584.47560432
 6588.36729005 6589.18228706 6600.25144646 6600.33451283 6601.33694248
 6615.49435723 6616.1122883  6617.32968383 6624.47522429 6638.12940755
 6638.18370735 6645.24194813 6647.63340603 6648.50736949 6650.33566278
 6655.38657759 6667.07030141 6674.33170811 6684.30297154 6694.35553468
 6697.85228852 6702.24207242 6702.38147191 6708.10301759 6712.77493379
 6716.66821951 6718.07744768 6719.18227696 6719.25581002 6730.32996941
 6731.68776443 6735.94278216 6738.98370434 6739.01033757 6742.28352557
 6745.51864704 6750.33712937 6761.51292171 6788.61355566 6793.79017
 6795.08096527 6801.71814093 6804.83279617 6805.90025892 6810.01071052
 6810.29627614 6812.90773322 6815.14829167 6817.1689176  6817.98454794
 6826.28515083 6829.12660708 6829.43803927 6829.57213878 6830.26686956
 6830.5029687  6830.52573528 6834.20812177 6842.0355264  6847.3793068
 6851.6685244  6851.76525738 6856.0419417  6859.51639562 6859.66162842
 6861.74585411 6863.44011457 6863.4856144  6867.87073165 6868.76386171
 6869.57745872 6880.1635199  6884.45873748 6884.93193575 6889.7980179
 6890.15511659 6890.46668211 6891.14157964 6897.18122416 6906.68878929
 6913.70256356 6966.67466929 6971.99678311 6972.32118192 6987.19202738
 6988.021191   6988.71042181 7004.83412934 7012.76720025 7014.1536285
 7029.99400374 7048.11250396 7052.33178848 7067.62319907 7096.67039254
 7109.41511247 7141.71022736 7148.82326794 7149.99906363 7152.70045372
 7186.17763094 7202.71937028 7207.01198787 7212.12140246 7219.44410894
 7222.32309838 7227.99187759 7244.62811658 7250.51302833 7253.39221777
 7263.59491369 7263.63098022 7265.63757286 7278.99172389 7283.22060838
 7283.93653908 7286.050698   7291.16631257 7293.05557231 7293.78680296
 7294.35320088 7318.20688007 7321.28396878 7327.59297898 7328.25334322
 7332.31519499 7332.45929446 7337.13414398 7338.25227322 7345.65091275
 7346.44720983 7355.64867608 7372.57881399 7392.69244023 7393.3987043
 7397.0347243  7398.59265192 7414.51606019 7415.27972406 7417.42841618
 7438.86530422 7440.89729677 7447.26607341 7449.41276554 7451.32985851
 7452.51622083 7452.58185392 7457.09150405 7457.21150361 7457.36000306
 7457.39493627 7457.40693622 7457.92553432 7474.49330689 7476.31460021
 7494.56659994 7511.8097367  7514.182428   7518.43357908 7522.22033186
 7528.52887539 7529.39670554 7536.8949447  7539.01277027 7551.31362516
 7552.41468779 7553.3010512  7553.45805063 7563.54828029 7565.06964138
 7565.11560787 7573.15577839 7574.02450853 7582.97177572 7584.53756998
 7584.9034353  7585.54196629 7588.89038735 7589.39335217 7600.1203795
 7604.62502964 7605.28412722 7605.89312499 7606.09399092 7606.81082163
 7612.61506701]"
517,715710_2024-07-16_F-543,OLF,True,"[  21.14837499   22.02017179   24.81086156   26.26458956   26.69545465
   31.77370269   38.99200955   41.07410192   43.84572508   43.99039122
   45.2397533    46.28204948   46.35404922   55.5845487    56.27294617
   58.89003658   70.46749412   76.12777336   77.30363571   91.28278444
   92.05681494   92.50924661  101.87227894  103.76907198  108.34975519
  116.18832644  116.39702567  128.91841308  130.83060607  141.47086705
  144.96368757  146.89094717  148.92427305  149.33067156  154.26028681
  159.26010181  163.98858447  164.87768121  166.00781039  168.22380227
  181.24808783  188.92089303  192.5190465   196.17226643  197.0257633
  199.04512256  207.60239118  209.75891661  214.60809882  215.0950637
  216.38475897  216.72939104  218.81168341  223.72093207  232.45533337
  235.51538881  236.74835096  246.25448276  247.57231126  249.20053862
  249.52187078  252.75539225  253.48768957  260.40896418  263.19805395
  266.59174151  267.16257275  270.96105882  275.93447391  277.30663554
  278.59439749  279.89982603  282.1276512   284.07214407  285.81247102
  287.12809952  290.10448861  294.95707081  296.13823315  300.541017
  319.28784825  325.08059367  327.99301632  329.56034391  332.26903397
  333.7528952   335.62698832  339.78343975  353.0397578   355.54511528
  358.23913873  368.39566815  369.2184318   369.8546628   371.98432165
  373.68734874  376.9168369   386.74496752  389.62479029  392.3846135
  393.56950916  398.73022356  400.6377499   404.28570319  407.96785635
  410.91987886  413.09303755  418.11238581  420.60910999  425.71895792
  433.7228619   449.92386915  454.45075254  454.74325147  457.56087447
  460.64452983  461.44236024  461.64455949  465.0958135   467.38517177
  468.41673466  480.06389194  481.16942122  481.81578552  492.2084474
  495.10410345  504.72446817  508.85075303  510.82387913  514.37296612
  523.28883342  527.30531869  527.93908303  529.0820455   530.36117415
  538.94027602  541.59053296  545.36121913  559.06563554  560.69789622
  563.28118675  563.69228524  567.37537173  569.50049727  573.75438167
  574.5836453   590.27412109  598.20682533  603.03470762  617.42088819
  622.8004018   626.50515488  636.79178382  637.13544922  644.34618945
  647.86870986  655.32491585  666.1709094   667.07623942  673.54954901
  673.71578173  676.9958697   680.81148904  682.02225127  687.51536446
  687.57799756  689.67568987  692.52694608  697.5288944   701.62884603
  710.72127935  716.62349104  719.50924712  725.2049929   731.26867066
  733.98349404  747.35234501  759.45100064  762.19819056  763.60778539
  772.38168655  780.57642316  788.14956205  790.84685216  798.73432323
  801.15984767  811.53427629  814.26973293  816.73942387  855.47351515
  857.29817512  858.34813794  863.22575338  865.14461301  876.32030536
  881.52825293  882.45161621  885.16970624  886.40860169  904.62493489
  905.45526517  906.6582941   912.41590631  912.44887286  915.89299356
  922.11547074  932.45253283  932.85933134  940.27950413  949.42337059
  956.1728125   963.99685048  967.61297055  968.31603464  971.81045515
  978.47459738  990.22812094 1020.84624198 1028.07458214 1029.33177753
 1054.12955325 1055.561948   1059.28153436 1064.98131345 1066.48477461
 1095.69463415 1113.4398024  1115.96132649 1137.08674901 1147.02131258
 1159.48133355 1173.46071561 1173.57748185 1186.7970667  1190.62238601
 1210.3190471  1211.43144302 1217.31488811 1239.80277231 1283.35787924
 1302.85340774 1304.2442693  1312.63593853 1327.96901563 1330.22557402
 1333.19226314 1341.47539943 1367.38097109 1373.46948209 1392.9984438
 1396.55313076 1428.54461344 1435.6526207  1451.89826112 1456.87307621
 1468.5177335  1478.61606314 1490.95351789 1512.22190656 1527.68431651
 1564.62414771 1578.85099553 1580.64662228 1582.33404942 1582.3501827
 1584.27747563 1615.51842772 1624.84862684 1628.54084663 1654.05371973
 1665.57901079 1667.4397373  1677.15260168 1703.49023842 1706.4781608
 1707.64595651 1709.31045041 1742.45689551 1748.86850533 1754.69185064
 1777.46426713 1795.65020043 1796.25233155 1800.62784884 1821.59577194
 1833.69876089 1838.07474484 1848.73190576 1861.01876069 1871.0613572
 1875.569674   1890.05398754 1890.65415201 1892.75641096 1893.94503994
 1922.41610219 1941.73883132 1943.0166933  1944.0718561  1961.83679095
 1963.37395198 1966.37400764 1974.06471277 1980.91205432 1993.25544239
 1995.06650241 2002.99587333 2020.36904295 2021.07234037 2023.32149879
 2029.07721101 2035.21405517 2044.58925412 2054.2759186  2065.75237651
 2073.13384944 2076.23877139 2094.29930515 2114.2623986  2115.37019454
 2121.14144004 2149.16050395 2153.93275311 2173.59981432 2208.15382093
 2213.59233431 2214.31639833 2214.41506463 2217.63918614 2265.26777813
 2271.25565617 2278.42106323 2283.84481    2311.32594255 2316.54952339
 2320.91207406 2324.04962922 2331.08790341 2336.9425486  2351.96466017
 2355.83117933 2371.94588689 2419.68321182 2434.35245802 2435.98911869
 2476.63866961 2483.7380769  2483.92814287 2490.65975152 2506.71409264
 2514.93902914 2537.85537843 2543.43612463 2550.5802651  2580.33742263
 2589.81002122 2601.77137735 2605.51699695 2642.35806184 2671.05252327
 2692.31721195 2696.23389758 2696.36943042 2716.9068551  2733.98049248
 2745.84238231 2784.06014215 2786.89093177 2791.82384701 2792.01991296
 2805.91056202 2808.22798685 2813.72986667 2828.36297967 2834.10792527
 2840.74873425 2858.72626832 2863.85314952 2866.74543891 2872.52045106
 2883.89517601 2888.36952627 2888.51482574 2892.64931057 2897.82305827
 2911.91577325 2918.02545084 2918.26284997 2924.27672792 2931.49960143
 2953.91151923 2961.37522519 2976.97296799 2983.32734468 3012.93900275
 3015.64619282 3016.2608239  3021.95456969 3024.31862768 3027.15921727
 3043.02892573 3072.88314958 3074.31564432 3077.10606742 3083.35307784
 3087.43742953 3090.22198599 3093.03854232 3094.52833686 3107.33305657
 3126.50471959 3132.86072961 3134.3460575  3174.58340993 3180.84035365
 3181.54711772 3188.47299232 3206.33492681 3210.37257867 3211.82670667
 3224.78145916 3239.005607   3240.52023478 3241.20836558 3249.98216674
 3263.20528491 3263.51665044 3297.81472465 3297.95625746 3300.98097971
 3305.70459571 3315.02846152 3318.54901528 3332.80816298 3346.41731307
 3353.78668604 3357.11000719 3357.48973913 3366.04507442 3370.71282397
 3372.11918548 3372.56101719 3388.06952698 3405.0684313  3412.84153613
 3420.50847468 3421.10617249 3427.08541722 3442.96672565 3451.75196009
 3453.50192034 3458.2852028  3460.87949329 3462.24238829 3482.12411537
 3482.14054864 3483.65347643 3485.0348047  3485.46903644 3488.05549362
 3499.27215248 3499.63298449 3504.94979833 3511.53214085 3516.14059062
 3516.91202112 3517.8711176  3535.14995424 3540.93143303 3546.35464648
 3552.06099222 3552.38372436 3560.94815962 3566.99083746 3584.5854396
 3586.18020042 3586.35649977 3586.41679955 3598.82468738 3619.37817867
 3656.43114278 3672.54358368 3676.63520201 3681.20451859 3689.54088801
 3691.11161559 3699.59948446 3702.94840551 3734.69415575 3747.54534195
 3754.64451592 3754.94778147 3757.8842707  3761.71522332 3776.45863591
 3787.49552877 3830.98586927 3831.48476744 3838.66750777 3890.66628373
 3891.10198213 3893.34940722 3920.42610792 3924.09599446 3931.38800105
 3953.08548814 3954.63018248 3960.8059265  3978.5571614  3989.71165382
 3995.90746443 4020.31187493 4030.16757212 4045.62631542 4054.74384865
 4062.14895483 4064.48364626 4077.51843179 4081.80128275 4085.34013644
 4093.22184087 4098.41068851 4101.29547793 4105.84362791 4123.47619658
 4125.56818891 4125.65815524 4130.6505036  4131.44216736 4134.75922187
 4135.00625429 4143.93965486 4153.39992017 4155.73077829 4172.64338293
 4191.63091329 4194.51033606 4204.73016525 4213.68473241 4225.80575462
 4234.11009083 4247.3082091  4248.80837026 4250.30016479 4261.81438923
 4268.51096467 4272.61384962 4276.01363716 4279.60625731 4285.05537066
 4319.71807687 4324.93352441 4327.07521656 4335.27945313 4349.76396668
 4356.08971015 4365.47300907 4385.75660135 4386.09636677 4395.73979807
 4399.12655231 4404.98896415 4429.92320603 4438.65340735 4438.88033985
 4441.07656513 4441.36326408 4441.3935973  4456.05167688 4466.58037159
 4486.51293183 4494.94026759 4508.30901856 4515.93369059 4526.06675343
 4529.66367357 4537.77044384 4544.55131897 4545.88361409 4546.12177988
 4546.14834645 4551.53866001 4556.08771    4556.66004123 4568.01653292
 4572.33195042 4573.77434513 4593.52757269 4614.41106277 4634.61168868
 4635.90728393 4664.42504601 4669.47949414 4677.81109692 4679.23682502
 4679.93002248 4683.69820866 4684.41987268 4697.88265664 4699.30075144
 4706.31242572 4746.5096783  4767.71423387 4767.93516639 4772.10711776
 4778.82862644 4789.9640856  4800.54054681 4804.06330056 4805.56592838
 4821.47223671 4842.43425984 4842.71082549 4843.59032226 4847.62710746
 4859.68266325 4863.03635095 4864.22017994 4868.24673184 4868.73246339
 4873.29661332 4882.33404684 4885.73073438 4902.0039747  4909.56891362
 4915.45879202 4931.09263469 4932.16376409 4932.97399445 4958.41583448
 4960.41499381 4963.5372157  4977.53779768 4993.56003892 4996.08419633
 5002.57887251 5038.13507545 5054.65838152 5056.70690734 5059.82402924
 5066.51507136 5077.35443161 5082.51377936 5091.0541147  5096.01006319
 5098.41685437 5098.69405335 5105.67186109 5106.9336898  5109.46844717
 5112.70020198 5124.09156021 5124.45832553 5125.68155437 5126.83488348
 5133.03102742 5134.75458777 5135.52638494 5152.57065576 5158.95723234
 5162.31165337 5163.7571814  5174.83734077 5174.86270734 5174.90647384
 5184.3525392  5192.26427685 5193.39960602 5200.64417945 5203.11870371
 5205.7950939  5209.78677926 5226.46568475 5239.3146043  5243.59305527
 5246.484378   5267.57363399 5274.44637545 5305.96875985 5308.81164942
 5349.28466765 5353.54835202 5359.23583116 5368.07113209 5377.07676573
 5377.68323017 5378.94985886 5379.96935512 5383.80954104 5403.99416701
 5406.65115727 5409.99294501 5420.73250562 5423.60706175 5429.81080566
 5442.47559255 5444.57251819 5451.13952744 5461.10469089 5469.09736158
 5482.06054737 5497.00335924 5507.54362058 5511.77923838 5512.56540216
 5516.56725415 5534.84278713 5543.78215435 5557.29633812 5557.92920246
 5561.85758805 5566.08227256 5572.00795083 5574.79404061 5574.86704034
 5585.00886982 5585.55953446 5588.36589084 5591.43084626 5596.97045928
 5601.55360914 5620.3859734  5649.03806832 5656.8713396  5671.15418721
 5673.42201223 5677.63336345 5679.87478857 5682.76131131 5694.21456931
 5707.16695514 5717.56348368 5727.018249   5729.60320619 5736.55444736
 5737.75960961 5742.07736044 5750.59929585 5754.20714929 5778.52199345
 5780.49315289 5784.84433693 5801.81887468 5806.53552404 5809.1200479
 5811.80957137 5813.75823089 5816.43822106 5824.46605828 5836.02974921
 5841.63642865 5848.15833806 5862.34678603 5862.65988488 5868.53103001
 5875.07437268 5877.96742874 5889.65018589 5893.11467319 5898.25318767
 5902.60207172 5903.19773621 5909.60564604 5915.12825912 5916.53968728
 5958.42860032 5973.33824564 5990.82111485 5997.07052527 6021.28260314
 6057.4587038  6063.30658235 6079.76658865 6088.41172361 6114.04489627
 6127.752146   6129.04397459 6161.6070885  6175.69010352 6186.08196541
 6191.98074378 6193.10727298 6251.49412551 6252.14362313 6276.32646778
 6279.66965552 6293.86730345 6294.86573312 6296.6347933  6301.02094388
 6304.08593264 6310.68884175 6315.18682526 6329.46370623 6334.94408613
 6358.65926582 6358.92236486 6359.60072904 6367.18916788 6385.20336848
 6392.36127556 6396.97555863 6398.62101927 6407.20215446 6420.76510472
 6451.32295932 6453.93291641 6458.6074326  6473.30561203 6487.93475838
 6490.1468836  6490.65171508 6500.0452473  6548.94086798 6564.08531244
 6586.95342857 6602.0769731  6612.61650112 6645.49441387 6696.57125988
 6699.33744974 6701.48180854 6711.17507299 6726.8879487  6730.96070043
 6734.29162155 6766.06800501 6790.15388334 6801.62317461 6836.86877868
 6856.08814153 6858.07543424 6895.40926399 7070.58582154 7202.066706
 7294.17530153 7307.34538657 7338.45310581 7467.87529783]"
518,715710_2024-07-16_F-545,OLF,True,"[  26.80215426   27.04812002   34.98042426 ... 7611.50977106 7611.95176944
 7612.01200255]"
519,715710_2024-07-16_F-547,OLF,True,"[1096.61339745 1096.80019676 1097.14522883 ... 7605.14242774 7609.80814397
 7610.25140901]"
520,715710_2024-07-16_F-549,OLF,True,"[  27.5622848    35.42742262   35.46982247 ... 7597.86108778 7606.09405759
 7610.36107527]"
521,715710_2024-07-16_F-550,OLF,True,"[  25.6367252    37.45771518   37.47718177 ... 7603.07196867 7603.68819974
 7605.46085991]"
522,715710_2024-07-16_F-551,OLF,True,"[  26.83338748   35.36528952   35.47632244 ... 7552.42562108 7586.88309471
 7589.349519  ]"
523,715710_2024-07-16_F-552,OLF,True,"[  20.56151048   20.62624357   20.64291018 ... 7612.20693517 7612.27630158
 7612.65743352]"
524,715710_2024-07-16_F-555,OLF,True,"[  73.06921791  283.7640452   325.67755815  475.92954044  913.06603726
 1075.16614277 1252.97059068 1275.72767389 1342.05346397 1378.14819826
 1379.20316106 1389.1176247  1579.15956106 1628.96454507 1671.59268874
 1672.78015105 1673.1929162  1673.72328092 1673.75754746 1675.06404267
 1697.05846201 1833.72426079 1835.48478767 1838.59587626 1846.5825803
 1846.93984566 1847.57191001 1853.99158647 1854.01568638 1860.24106355
 1861.95722392 1863.25001918 1866.51304054 1868.570933   1869.29269702
 1872.05832021 1872.34161917 1872.78438421 1874.46014473 1878.4312635
 1885.05290588 1895.9095994  1897.38166067 1902.76447426 1905.49419758
 1905.97886247 1910.79347815 1922.50096854 1922.53396842 1924.88285981
 1926.93198563 1927.08065175 1930.73023836 1931.85576757 1932.81846404
 1932.85533057 1934.07995941 1943.11249295 1967.57490324 1973.9661798
 1976.9389689  1987.95549516 1995.89539937 1995.90823266 1997.47046026
 2005.28666493 2007.89268871 2007.94298852 2022.5021018  2067.37467056
 2074.5803108  2080.33562303 2080.36662291 2083.6778441  2096.33799767
 2096.35099762 2112.08533992 2114.41343138 2128.78921199 2131.15127
 2141.09156687 2141.09733352 2142.40962871 2157.72883919 2160.04906402
 2160.08719721 2172.09155318 2172.27738584 2237.4368802  2243.47272473
 2254.39808466 2263.1763858  2289.67432195 2291.9784135  2292.14924621
 2299.23428689 2307.91435506 2338.54104274 2348.75770527 2354.16168545
 2357.32827384 2377.63259937 2424.75419322 2426.31065418 2427.98928136
 2429.45764264 2430.87130412 2430.89307071 2431.08423667 2438.09607763
 2439.05400745 2441.34529904 2453.23415544 2456.07937834 2456.54077665
 2462.93901985 2463.27801861 2463.31548513 2463.32118511 2463.36288496
 2465.18864493 2465.23017811 2471.37862223 2490.06572036 2497.19322756
 2506.61582633 2507.13822442 2533.81239326 2552.45699155 2553.58495408
 2553.78458668 2573.36211488 2591.82151384 2604.12690205 2609.06701726
 2618.14445064 2618.49768268 2624.47389409 2624.66712672 2635.24238793
 2635.63588649 2647.4662431  2650.02586705 2657.52577288 2658.59936894
 2693.68647359 2718.66604865 2718.8238814  2719.05601389 2719.38091269
 2719.54991207 2736.70604915 2771.36985536 2796.00629834 2808.7159184
 2809.93144727 2834.94735553 2843.28565828 2846.58541284 2848.09507397
 2849.0784037  2866.01677491 2871.36568863 2877.27553362 2877.29670021
 2877.56399923 2891.18844927 2900.23638275 2906.85302515 2907.08705762
 2907.43728967 2957.93727113 2958.13907039 2964.45368057 2964.46641386
 2982.34571495 2989.57832176 2998.92545415 2998.95182072 3034.90438886
 3042.50069434 3050.61266458 3056.82750846 3073.26761483 3074.60254327
 3075.57197305 3084.23310795 3085.14783793 3086.29433372 3096.91862809
 3122.91996607 3125.94155499 3129.91147376 3130.55820472 3148.28340638
 3171.22082226 3211.05100952 3211.13307588 3216.57498926 3216.76538856
 3224.21629457 3228.44537906 3242.20002861 3242.21836188 3255.07794805
 3263.98888204 3281.49735116 3281.9598828  3292.10494559 3292.90000934
 3301.52941103 3301.56027758 3301.60357742 3301.89550968 3302.21180852
 3304.64136628 3305.78646208 3311.00064296 3311.84400653 3319.4793452
 3319.68444444 3328.28421291 3329.2497427  3333.27502794 3333.77829276
 3341.68076377 3342.39386116 3343.35292431 3343.38489086 3343.54082362
 3348.65577153 3354.51958336 3354.79351568 3355.58527945 3362.99351894
 3363.39278415 3363.43001734 3363.69001639 3376.71000197 3377.63896523
 3377.66339848 3377.67989842 3379.01612685 3380.35905526 3380.44502161
 3380.4758215  3381.13371908 3383.2196781  3388.2830262  3393.8537391
 3394.01597184 3394.29900413 3401.38114483 3401.62744392 3401.82177654
 3410.54664455 3411.07040929 3411.61604062 3412.99450223 3417.47968579
 3424.84935876 3425.77718869 3426.20902044 3435.75171877 3435.79805194
 3444.78891896 3446.83484479 3451.94312606 3452.54239053 3468.28843278
 3468.59823164 3474.04271168 3474.47771008 3477.16526689 3484.1070081
 3484.36964047 3484.54207317 3488.94942367 3490.31991865 3492.09217881
 3492.87280928 3493.41787395 3495.1421343  3495.1488676  3495.21066738
 3507.71815484 3511.64317378 3520.42067492 3526.25998684 3543.43875717
 3545.51501622 3551.31812827 3564.20404768 3568.64543139 3569.97592651
 3570.25602549 3570.39359165 3574.03234497 3574.68764257 3577.022334
 3578.17769643 3578.46706204 3578.67986126 3578.73749438 3578.76522761
 3578.79009419 3579.00396007 3579.0597932  3579.45442508 3579.46762504
 3579.73662405 3583.29021102 3583.51194354 3583.55997669 3583.57227665
 3583.81040911 3583.82270906 3584.14024123 3584.14494122 3584.18070775
 3584.20137434 3584.4140069  3588.79815748 3589.27078908 3589.45042176
 3589.59898788 3590.24085219 3590.44485144 3592.62604344 3593.37130738
 3593.38127401 3593.71817277 3594.09097141 3594.27990405 3600.57081431
 3600.91721304 3607.22825656 3607.54668872 3617.49001892 3628.76727757
 3634.05662483 3634.25579077 3635.09182104 3643.40282389 3643.58432322
 3644.57618625 3646.21418025 3646.67114524 3649.24436913 3649.73223401
 3651.60949379 3669.08379637 3671.37928795 3674.58894285 3688.23545947
 3691.41648114 3692.07324539 3692.14007848 3692.18841164 3692.20394491
 3692.33237778 3696.11113059 3697.15682675 3698.23338947 3700.04524949
 3716.37472294 3717.87198411 3731.75416653 3742.34082771 3767.19043657
 3770.49179113 3776.99383395 3777.57956514 3797.18099325 3802.68677306
 3804.71316563 3805.20296383 3807.70658798 3813.52009999 3813.64066622
 3827.04805038 3827.27818287 3827.73031455 3828.0522467  3833.06176166
 3850.873563   3859.30376542 3863.08455155 3869.13099604 3885.47803609
 3895.29533342 3895.32103333 3897.16392657 3910.03354604 3925.76215502
 3939.42600491 3950.87749624 3953.20905436 3957.61390487 3959.14469926
 3988.49382495 3996.11686366 4012.3498708  4020.11440899 4034.40285658
 4042.52792679 4056.103277   4056.14614351 4056.5471087  4056.80997441
 4057.07954009 4057.13160656 4059.647064   4061.45395738 4061.80808941
 4066.27290637 4066.85463757 4068.4376651  4091.09918199 4091.76897953
 4091.95084553 4099.87038315 4109.53014773 4117.38281893 4118.04614983
 4119.22394551 4119.25034541 4123.57669621 4125.10482394 4127.96891344
 4136.09188364 4165.68940843 4180.38148788 4189.08918928 4234.34595664
 4234.8273882  4249.4799678  4249.51256768 4260.1055955  4266.21570642
 4279.4643245  4281.69194966 4288.35845855 4288.39335842 4293.0969745
 4301.75130943 4301.94754204 4320.1186754  4320.73480648 4321.65266978
 4335.08322052 4335.98301722 4349.312035   4349.59696729 4350.14289862
 4350.16729853 4364.57391237 4364.84197805 4381.19681807 4389.7676533
 4405.67376163 4418.83191338 4419.76097664 4424.25266016 4425.7784879
 4432.9411283  4433.06102786 4433.08759443 4433.09699439 4435.15625351
 4455.70374482 4469.83669299 4469.88205949 4472.45218339 4528.79464343
 4532.14289781 4532.67529586 4533.39259323 4533.53472604 4535.31505285
 4536.39251556 4536.63231468 4536.71308105 4538.91520631 4539.07193907
 4539.38903791 4539.40227119 4539.43113775 4540.38360093 4540.7187997
 4541.96132847 4542.86322516 4543.54568933 4544.04185418 4545.04015051
 4545.06118377 4545.23154981 4545.40931583 4545.58574851 4545.75821455
 4548.3892049  4548.42013812 4551.72245934 4563.58571583 4566.79700406
 4568.6848638  4569.89129271 4570.66432321 4574.00331096 4580.41942076
 4584.96383743 4592.93277487 4598.75788684 4670.15919165 4717.06141964
 4881.36561706 4885.95643355 4888.92808932 4888.96575585 4889.36148773
 4917.97901611 4956.80484039 5021.7972687  5024.64569159 5121.55833616
 5125.45578854 5129.13360838 5131.22216739 5131.43959992 5131.71129893
 5140.65993278 5143.17292356 5143.5716221  5155.47284512 5158.76036639
 5159.11586509 5162.80291823 5163.13475035 5164.06461361 5175.78730395
 5234.10212341 5237.93400936 5238.35534115 5239.49393697 5240.56586638
 5240.62266617 5293.41537255 5298.2640881  5316.69668717 5319.31797756
 5346.19584565 5360.14956114 5361.82962165 5386.1101326  5416.45705464
 5456.77084012 5468.18236494 5484.96723671 5508.11801848 5543.28922282
 5543.29808945 5585.63470085 5589.55555314 5608.42258395 5616.98655254
 5631.28723342 5640.65886572 5640.69203227 5640.84416504 5640.98249787
 5665.19324241 5674.02244336 5752.54552205 5752.82395436 5778.1993613
 5778.44192708 5802.67937152 5810.37964328 5814.29682891 5815.45529133
 5815.65785725 5829.93397156 5858.14020145 5861.49605581 5904.16343267
 5909.06114804 5946.02311248 5963.74864747 5969.60289267 5977.73796283
 5980.95728436 5987.01232882 5992.5809084  6025.75938672 6028.48634338
 6030.52023592 6030.72553517 6068.67542933 6069.12989433 6078.82049212
 6082.45324546 6082.84961068 6189.27005372 6190.13451721 6192.07327677
 6217.92388196 6252.11622323 6451.80599088 6452.57745472 6453.16501923
 6453.17631919 6463.64138081 6584.27887171 6612.87730016 6638.63743902
 6640.61669843 6678.8514582  6741.69502773 6772.44298163 6772.45141493
 6831.12026643 6831.13929969 6847.15760762 6876.92589844 6880.52011859
 6885.14470163 6921.85140035 6934.87875257 6935.59421661 6947.95557128
 6980.52248517 6986.07273148 6986.37319705 6989.12195363 6989.16592014
 6990.09141675 6990.91581372 7004.8087961  7004.81692941 7010.23930952
 7014.12362861 7034.86425254 7204.87506237 7212.42303469 7215.19005787
 7215.37542386 7267.80213159 7288.12625705 7288.35898953 7288.36812283
 7291.20451243 7353.73961642 7386.28613039 7398.89361748 7409.15987983
 7433.71105646 7443.53635376 7455.66120929 7513.36919765 7515.89555505
 7516.01552128 7516.11462092 7540.72666399 7552.17678866 7552.57575386]"
525,715710_2024-07-16_F-560,OLF,True,"[  20.49854404   22.91390185   23.16126761 ... 7612.09993556 7612.33046805
 7612.45863425]"
526,715710_2024-07-16_F-562,OLF,True,"[  20.36344454   20.44607757   20.81774287 ... 7612.21026849 7612.62800029
 7612.66830014]"
527,715710_2024-07-16_F-563,OLF,True,"[  21.99553855   22.10667148   22.35880389 ... 7609.81524394 7610.39554181
 7611.98466932]"
528,715710_2024-07-16_F-568,OLF,True,"[  28.35098191   31.01323881   31.68683634 ... 7604.22229779 7604.80522898
 7606.55085591]"
529,715710_2024-07-16_F-571,OLF,True,"[  24.99912754   30.053709     37.14091634 ... 7611.86006977 7611.92960285
 7612.05710238]"
530,715710_2024-07-16_F-575,OLF,True,"[  20.23491168   20.39274443   20.5288106  ... 7611.09923923 7612.17716861
 7612.60870036]"
531,715710_2024-07-16_F-577,OLF,True,"[  20.39454442   20.56134381   20.61521028 ... 7603.68859974 7604.48129684
 7609.76604412]"
532,715710_2024-07-16_F-578,OLF,True,"[  20.71817657   20.74960979   21.33214098 ... 7612.19316855 7612.48500082
 7612.61363368]"
533,715710_2024-07-16_F-580,OLF,True,"[  25.06082731   33.1812642    33.18599751 ... 7608.66894814 7610.61037436
 7611.25860531]"
534,715710_2024-07-16_F-581,OLF,True,"[  20.80097627   22.70510262   22.70813594 ... 7611.10010589 7611.47813784
 7611.76500346]"
535,715710_2024-07-16_F-584,OLF,True,"[  25.45162588   30.22414171   36.92391714 ... 7611.65603719 7611.6622705
 7612.44310097]"
536,715710_2024-07-16_F-586,OLF,True,"[  31.45850385   31.72436954   34.45069287 ... 7608.03575047 7610.71040732
 7611.46443789]"
537,715710_2024-07-16_F-589,PIR,True,"[  20.9177425    21.04374204   23.46006651 ... 7612.33933468 7612.34236801
 7612.44760095]"
538,715710_2024-07-16_F-594,PIR,True,"[ 116.65585806  282.52891639  287.76546385  328.81094666  364.75531483
  383.15771401  424.99429391  485.76747102  485.87340397  706.28082897
  706.33379544  736.49388483  851.2607306   909.12381839  911.85150838
  931.5342362   973.59691527  974.87367725 1097.37849464 1123.02830057
 1234.94719011 1282.5863154  1360.11553106 1611.86817444 1656.48381082
 1673.7296809  1674.34031199 1674.68434407 1675.21760878 1676.4105044
 1737.88261229 1771.19629011 1814.06306623 1832.37143242 1832.58819829
 1832.75859767 1833.13352963 1835.82828641 1838.53277649 1838.86337528
 1838.99970811 1843.04985993 1843.47915835 1844.35865513 1845.38245137
 1845.64991706 1847.2553445  1849.38047004 1852.97709019 1853.40048863
 1854.12028599 1856.58017697 1858.79123553 1862.78862087 1862.87642055
 1863.35415213 1865.44647779 1870.5072259  1871.65065504 1878.87506187
 1879.49665959 1880.36305642 1880.60128888 1880.840488   1881.05105389
 1887.45749706 1893.61210783 1896.93056232 1900.32911652 1908.89501844
 1909.78891516 1915.79129315 1923.92532999 1924.09102938 1925.59072388
 1930.57630559 1930.65477197 1931.58063524 1936.11418529 1938.59224286
 1938.80657541 1939.03974122 1939.36667336 1952.01436031 1964.5119478
 1986.93323224 2021.0194739  2021.29280623 2040.42636939 2045.11605219
 2065.5372773  2075.46577422 2075.56514052 2082.16221633 2087.98889496
 2104.32286839 2113.53423461 2115.00362922 2130.65627181 2142.58809472
 2155.47054747 2169.86886133 2171.67345472 2172.0223201  2172.7330175
 2183.09887948 2193.03430971 2206.79272592 2216.14955827 2243.34952518
 2245.03281901 2245.39348435 2245.61878353 2275.4100076  2276.02920533
 2280.67305497 2281.49811861 2288.9620579  2291.81118078 2292.06577985
 2299.00978772 2304.26003513 2321.49340526 2332.73279737 2354.66388361
 2380.9867204  2393.84453992 2421.1063066  2421.32980578 2421.47260526
 2422.94006654 2423.18206565 2425.85638918 2431.2850026  2438.25671037
 2438.51274276 2455.26198134 2456.17817798 2456.20847787 2458.83236824
 2465.40101082 2468.0954676  2474.41427776 2477.79589869 2478.39722982
 2479.31872644 2480.48165551 2481.11391986 2484.64370691 2485.86233578
 2489.38755618 2490.33761937 2505.52836365 2506.08519495 2507.00879156
 2511.92010688 2514.14783204 2516.69758936 2524.57832712 2531.42430202
 2533.46009455 2533.90665958 2534.09592555 2558.17287058 2572.78368367
 2573.27408187 2596.34519725 2602.68280735 2629.44937585 2644.68551997
 2670.81385748 2704.61333352 2705.36953075 2711.23174258 2712.95793625
 2717.58648594 2717.90111812 2719.90197745 2725.93358866 2740.73900103
 2762.00305638 2763.20385198 2764.58054693 2815.42306046 2823.03683254
 2854.83988257 2864.89144571 2865.17524467 2865.89384203 2867.32733677
 2884.16364169 2890.57911817 2892.89254302 2893.55380726 2897.53979264
 2905.9035953  2906.39576016 2937.89311131 2942.79862665 2943.92035587
 2951.20676248 2953.94515244 2957.12264079 2957.29880681 2957.32550671
 2959.01373385 2961.02972646 2961.82892353 2961.86542339 2963.86004941
 2964.34594763 2973.04714905 2973.29541481 2976.968368   2992.09481253
 2992.80630992 2992.86324304 2994.35120425 2996.93806143 3022.08560254
 3044.74225278 3057.51273928 3059.17119986 3060.83306044 3067.89406787
 3072.73685011 3079.01126043 3084.29404106 3084.60640658 3085.68636929
 3086.68723228 3090.53838483 3090.55975141 3101.37711174 3108.30288634
 3129.77784092 3154.72254943 3176.95886788 3177.70623181 3177.89899777
 3180.39378862 3190.90631673 3191.83437999 3210.11641295 3216.24919045
 3217.7454183  3217.94641756 3225.01152499 3225.16442443 3256.56637593
 3264.88644541 3297.46169261 3297.60322543 3297.83519124 3299.54878496
 3300.1908826  3301.5826775  3301.80727667 3301.97214274 3310.24791239
 3325.54588961 3344.36658726 3356.23797705 3357.1344071  3364.20908115
 3382.47031418 3384.04657507 3384.73867253 3401.06227933 3411.59677403
 3412.61480363 3413.19043485 3420.21017577 3449.77006736 3460.91459316
 3470.07975954 3476.21600371 3483.30057772 3492.47627741 3498.70362123
 3501.44171119 3502.2931414  3503.1669382  3543.52352353 3545.83841504
 3555.29731368 3559.24163255 3564.52707983 3570.20442568 3576.74763501
 3577.37509938 3577.4328325  3578.3492958  3578.88386051 3578.92469369
 3579.57519131 3579.99318978 3580.17062246 3583.46474371 3584.04790824
 3584.50127324 3584.84217199 3585.43826981 3585.48803629 3585.99576776
 3601.12347895 3606.18802704 3618.6064815  3620.71927375 3622.89749909
 3629.87104018 3657.91940398 3661.52745742 3666.2407068  3667.64016833
 3670.913423   3682.4818139  3684.46847328 3685.2191372  3686.84229791
 3690.60105079 3691.74917992 3691.98961237 3700.92391293 3708.7954174
 3718.42474875 3722.24843473 3733.03816182 3743.18429128 3743.42745706
 3749.84193353 3776.57046884 3780.77558675 3787.66872814 3798.05035673
 3804.01956817 3823.01283185 3827.93428046 3835.04048774 3858.86380036
 3860.20702877 3861.59782367 3866.6531718  3869.9340931  3872.75791608
 3874.17451088 3874.5686761  3877.82896414 3884.77070535 3896.773328
 3897.56769175 3897.91269049 3897.9994235  3907.78688761 3912.62876985
 3916.67438835 3923.32696395 3923.57729636 3949.66266736 3957.08694014
 3987.35116248 3995.5340658  4003.61080285 4036.10395035 4036.87268086
 4039.09307272 4047.29950929 4047.5234418  4050.39896459 4054.75821527
 4054.92731465 4055.13438055 4055.93621095 4071.60802014 4075.00987433
 4085.14070384 4085.77783484 4088.40962518 4106.7478246  4116.53622203
 4140.49926748 4151.79312606 4186.85316415 4196.18546325 4206.67545812
 4208.15511936 4223.3584636  4223.67189578 4227.76381411 4247.84120714
 4264.49424607 4271.34212095 4271.38958745 4275.83217115 4275.89337093
 4279.22029206 4280.45135421 4282.84831209 4286.45496553 4287.20959609
 4289.39725474 4297.52939158 4312.60680295 4321.56383677 4326.00088716
 4331.97326526 4341.6141299  4355.05321395 4364.37014645 4364.91731111
 4373.5271462  4389.66485368 4395.39829932 4395.45433245 4414.5270625
 4420.26824144 4421.02460534 4445.7748479  4459.31879823 4494.33313648
 4502.80623874 4530.95003552 4537.01341329 4537.30521222 4541.61076309
 4552.97958806 4574.37660959 4628.1800456  4640.65733318 4640.87099906
 4662.23625404 4676.48796844 4697.87205668 4739.14420531 4746.59827798
 4826.21745264 4890.54295007 4899.93921561 4908.6290504  4908.97584913
 4923.12946389 4925.47388863 4952.50028951 4954.56274861 4961.41515681
 4983.63917531 4983.6495086  4995.99139667 4996.69476076 4997.06559273
 5025.18742293 5044.20098653 5045.72104763 5076.97456634 5078.97602566
 5097.10172586 5103.10350385 5123.23266336 5124.44142559 5124.5939917
 5124.68395803 5125.79708728 5127.93047946 5143.83402113 5168.66186341
 5168.81986283 5226.59101763 5299.34328415 5314.88862713 5316.73598703
 5331.22136723 5332.72412839 5335.23755251 5346.45671136 5386.91712964
 5423.22579648 5429.88580539 5434.24782272 5465.07324301 5475.49810477
 5476.5717675  5496.87165972 5504.74133086 5506.93815614 5509.21404779
 5537.42187767 5539.11623812 5543.98355361 5552.07082395 5554.81374722
 5562.90618421 5580.43141994 5580.78841863 5594.98323323 5616.53228754
 5669.09619476 5729.8638719  5761.10445733 5785.4068682  5788.93532193
 5801.94844087 5802.93927057 5803.82603398 5812.54796866 5812.70360142
 5841.90662766 5856.34520804 5859.28973057 5906.97962234 5981.09671718
 6073.13787963 6092.73877441 6125.77618658 6183.17497607 6185.95403255
 6190.86388121 6213.46169833 6214.0510295  6297.71872265 6352.9939866
 6373.81364358 6383.20530914 6383.35557525 6407.75455244 6452.89798688
 6453.00528648 6453.08395286 6454.01884943 6459.15513059 6471.16368655
 6475.19173845 6488.44195652 6520.2030067  6562.22841925 6581.97961348
 6594.18823537 6652.20632259 6826.65561614 6863.23884864 6873.27471183
 6884.84876938 6891.98890987 6920.84303738 6957.20120404 6968.54096245
 7066.61193611 7198.04668741 7216.98578462 7232.40602807 7233.58145709
 7304.66842972 7396.62339248 7444.57298329 7536.24041377]"
539,715710_2024-07-16_F-595,PIR,True,"[  20.29924477   20.61634361   20.62821023 ... 7607.11235385 7608.81444761
 7609.5994114 ]"
540,715710_2024-07-16_F-596,PIR,True,"[  20.52951059   20.87940931   21.4916404  ... 7610.60580771 7611.61220402
 7611.65167054]"
541,715710_2024-07-16_F-597,PIR,True,"[  30.98067227   39.32890832   42.04159837 ... 7610.4531416  7611.6535372
 7611.99043596]"
542,715710_2024-07-16_F-606,PIR,True,"[ 287.24949908  382.6691158   422.80050195 ... 7600.47904485 7601.05374274
 7604.82369558]"
543,715710_2024-07-16_F-611,PIR,True,"[  20.66727676   20.75997642   20.7744097  ... 7612.54790058 7612.63203361
 7612.64793355]"
544,715710_2024-07-16_F-613,PIR,True,"[ 153.84672166  322.14967108  339.78467308 ... 7607.63665193 7608.25868298
 7610.54504126]"
545,715710_2024-07-16_F-625,ORBl,True,"[  35.38778944   37.89208025   38.50504467 ... 7611.21470547 7611.73830355
 7612.68560008]"
546,715710_2024-07-16_F-629,ORBl,True,"[  21.32354102   54.92328446  103.15380757 ... 7593.30873781 7593.42797071
 7601.31307512]"
547,715710_2024-07-16_F-630,ORBl,True,"[  24.6447955    24.86806135   25.3737595  ... 7589.82161727 7590.53548131
 7593.62696998]"
548,715710_2024-07-16_F-634,ORBl,True,"[  21.32510768   22.85240208   25.1647936  ... 7607.54668559 7607.97775068
 7610.17457596]"
549,715710_2024-07-16_F-637,ORBl,True,"[  20.67817672   21.35500757   21.36194088 ... 7608.69924803 7609.82154392
 7610.2983755 ]"
550,715710_2024-07-16_F-640,ORBl,True,"[  30.23930832   31.25047128   34.81819153 ... 7611.79937    7612.16733531
 7612.31190145]"
551,715710_2024-07-16_F-643,ORBl,True,"[  20.63044356   23.48216643   23.60129933   25.47455913   25.74635813
   29.95917601   30.55510716   30.57794041   31.43067062   32.73099918
   45.50041902   46.29861609   54.94755104   63.82821847   64.31701667
   64.98658088   69.04913265   84.55020914   86.06220359   87.09056649
   88.45199483   97.29942905   99.81161983  100.85854933  101.17884815
  126.63628812  131.70923618  135.31378963  185.49777225  196.4912986
  199.76678658  199.77828654  213.87116819  214.16306712  227.16005279
  243.28739364  243.31672687  243.39749324  245.56261863  245.56888527
  246.43208211  246.71528107  250.63180004  263.01735462  264.4136495
  265.79694442  272.6019528   273.15701743  276.48777188  281.27802098
  281.87731878  296.49096519  296.50793179  305.39713252  308.31492182
  315.63409498  318.25325204  323.34123338  326.91425361  331.49233682
  334.22752679  340.24383806  341.53679998  351.5678632   356.66191118
  356.79477736  365.57151184  367.51140472  378.27043193  381.57381982
  384.38744283  391.62451629  407.81115693  424.2951298   424.54746221
  424.66212846  425.00246054  425.10002685  427.1765859   427.19245251
  427.28505217  430.29927445  432.78943199  438.10574582  438.26137858
  452.15959428  453.89755457  454.1088538   456.28271249  472.09828782
  476.08490654  486.84946706  487.57799772  487.99392953  496.39729871
  519.0755822   531.55110312  547.95744295  561.90079181  564.83501438
  588.6968602   610.36278074  615.90699374  617.91155306  620.86667556
  632.76526525  653.85808789  675.79020746  688.60016048  689.68098985
  702.27331033  716.88709007  723.8677978   743.69962507  747.74371024
  751.95002815  767.64520392  775.46294191  789.09975857  797.62136065
  799.15922168  802.99264095  806.2247291   826.78525369  830.49694008
  832.28733351  832.37906651  834.6448582   834.95742372  845.61421797
  849.76106943  850.1240681   850.15583465  853.61158864  859.07803526
  862.21865708  870.14199468  872.2275537   872.75038512  879.62085992
  879.6994263   889.74505612  903.35027289  907.82385649  914.06956692
  919.6631464   920.12131139  937.52501423  938.71174321  938.85460935
  940.47460341  940.70246924  944.12959001  946.87521327  967.85606966
  979.87935889  983.11398037  993.54434211  994.9282037   996.73886373
  997.12649564 1002.51190922 1013.88273419 1015.09416308 1015.57336132
 1023.06210052 1023.11253367 1057.47497432 1105.86509685 1157.77853979
 1217.31862143 1254.00948687 1304.69343432 1353.60135495 1359.94593169
 1392.08298049 1395.37796841 1414.24029923 1433.07856348 1458.17823809
 1482.98654711 1530.99100439 1555.67684719 1618.62031634 1619.69827906
 1660.83832818 1670.61005901 1671.14909036 1671.17732359 1713.51893498
 1749.44576988 1758.30017074 1778.8339621  1831.60673523 1840.56216905
 1889.59772255 1908.34812045 1944.39028827 1952.75419093 1967.96853513
 2031.99250032 2077.97213169 2124.44246127 2125.5231573  2133.74996047
 2193.00794314 2195.16770189 2211.51764192 2222.07960319 2232.70693088
 2232.81556381 2278.56839602 2281.38231903 2300.08258378 2317.09445473
 2321.88653715 2321.97067018 2348.57363928 2371.45705535 2393.75734024
 2420.8531742  2436.54864997 2492.12371281 2530.93227049 2537.58061277
 2568.51109933 2591.69668097 2596.64056284 2603.71773688 2653.35488817
 2718.37591638 2787.27219704 2816.80298874 2834.40982416 2837.0541478
 2839.34730606 2845.15061811 2856.48760986 2858.45650264 2881.22885246
 2884.6814398  2937.55304589 2950.27753256 2951.64342755 2980.38178882
 2989.18465654 3034.66165642 3071.11588939 3084.48204037 3085.06113825
 3087.53179585 3106.10126108 3111.24104223 3112.99510247 3114.39006402
 3148.17137346 3158.41676922 3191.22571556 3199.69895115 3208.33038616
 3220.73534067 3232.64043034 3255.45194668 3259.51723177 3262.17362203
 3267.78870144 3280.96551978 3293.59810678 3295.44446668 3297.71455835
 3298.1278235  3299.39335219 3300.02991653 3300.79724705 3314.47723021
 3338.48340883 3356.15954401 3363.62568329 3369.25926263 3381.08631926
 3381.27275191 3395.74823215 3396.37872984 3410.98270961 3441.05866598
 3445.2521506  3452.39939105 3452.42345763 3466.31054003 3467.51360229
 3481.0252194  3482.84097941 3489.8866869  3500.36781513 3503.17177151
 3521.42277125 3526.86198463 3535.39991999 3535.94208466 3537.45924577
 3552.97595553 3553.03195532 3565.09394442 3568.02046702 3572.43368417
 3584.78360554 3599.382252   3606.98792411 3613.27596771 3621.62937041
 3633.3106609  3648.96650349 3650.82063002 3656.60280881 3681.85154955
 3741.10513224 3762.80205267 3776.77810141 3780.13968908 3837.5945117
 3850.05139935 3852.2199914  3871.07018893 3876.15050363 3902.60077329
 3939.81293682 3943.36152381 3947.88530722 3949.94516633 3970.87738956
 4001.4700107  4003.72786908 4014.71409546 4035.96745085 4041.54879704
 4050.3950646  4054.76971522 4086.34089944 4089.34368842 4089.35232173
 4117.26795268 4125.54985564 4133.24576075 4137.06844673 4157.97123674
 4182.14261476 4206.1903599  4216.09435691 4245.96801401 4258.79786696
 4265.46017586 4280.95898569 4286.60359832 4297.69695763 4299.97531594
 4303.22453736 4304.28860013 4307.76525404 4326.59325166 4342.25789421
 4373.53811282 4391.62884648 4392.45737677 4399.70845018 4409.45761442
 4413.78576522 4424.62449213 4431.01170204 4435.10022038 4446.05214688
 4463.18118406 4463.833015   4464.72817839 4476.7038678  4483.13627754
 4487.86989352 4492.2375775  4519.21841188 4523.78719513 4526.97981675
 4537.34647873 4552.31445717 4557.38157192 4558.66103389 4577.15156608
 4579.92318925 4601.00141195 4601.10164491 4608.58205081 4611.02010854
 4622.4725332  4629.77733975 4634.64328857 4641.09226491 4648.6036707
 4650.58043012 4652.91712155 4662.8177519  4665.23447637 4665.85787409
 4685.4597022  4689.50608736 4693.64053886 4709.44278091 4713.15463396
 4714.47372913 4734.83995443 4750.98249523 4759.74159644 4766.17123953
 4774.32427629 4788.75679003 4801.45131014 4813.46346609 4814.32279627
 4830.99676845 4831.16766782 4857.56570434 4857.59350424 4860.03649528
 4860.17199478 4914.99342706 4984.11134024 4984.19657326 4984.29513957
 5003.6094354  5004.7648645  5038.46114092 5044.65415154 5063.30041649
 5065.0138102  5066.5520379  5103.03493743 5112.00827119 5112.2585036
 5116.0125565  5123.79299463 5140.90189855 5199.0493853  5223.85746099
 5237.35631148 5239.89263551 5242.48249268 5286.09053275 5344.81475071
 5356.95287287 5390.93361491 5410.81157534 5411.33854008 5418.1477151
 5447.93060588 5461.98618766 5469.24466104 5486.45866458 5531.24666699
 5536.61098065 5541.07843093 5544.87175035 5546.18731219 5552.60598865
 5559.24899762 5559.31826403 5559.34153062 5560.18132754 5563.65008148
 5570.67155573 5578.25746124 5580.4496532  5594.37110215 5600.83717843
 5632.07869719 5643.55888842 5644.44925182 5644.52578487 5648.53527017
 5685.80220016 5734.75022065 5734.77248723 5736.22161525 5747.45550738
 5754.43621512 5772.14525017 5787.73612632 5805.08796269 5809.14108115
 5819.70287575 5823.01436361 5847.02244223 5896.89695931 5929.80303863
 5985.54170088 5987.14759499 5987.98312526 5988.59422302 6034.97208626
 6046.15224526 6054.40761499 6055.33534492 6056.57764036 6066.93560237
 6068.1740645  6084.35317183 6085.98436585 6088.61932285 6090.05735091
 6107.93688534 6111.07100718 6118.53661313 6118.66644599 6127.8142791
 6185.22380189 6238.6822725  6238.85740519 6250.90819433 6266.51257043
 6281.77951444 6320.62180533 6325.23735506 6349.62713228 6412.80320059
 6427.31561403 6469.70879189 6484.82823644 6503.26636882 6525.21092167
 6537.30831064 6540.62279848 6650.59789515 6668.36336333 6687.27206065
 6697.85315518 6792.97933964 6801.9178402  6858.13946734 6858.15110063
 6864.2387783  6883.64094048 6902.53943784 6907.53605285 6918.56124575
 6919.97197391 6939.09420378 6982.41224491 7003.38180134 7008.46674936
 7018.44597942 7042.05172618 7088.11975723 7090.06718342 7165.56343988
 7179.4818555  7209.99617692 7213.4105644  7234.76478609 7268.99779387
 7314.73095948 7334.27735446 7334.43852054 7334.94231869 7368.47356238
 7394.70506618 7403.02333567 7407.98418415 7440.91906336 7472.31408155
 7482.35797805 7509.1476798  7587.82249126 7596.57149251 7597.36008962
 7605.59519275]"
552,715710_2024-07-16_F-646,ORBl,True,"[  21.13320838   29.81270988   36.52398527 ... 7611.82883656 7611.97640268
 7612.33783469]"
553,715710_2024-07-16_F-647,ORBl,True,"[  23.51673297   23.59056604   23.66773242 ... 7612.16946864 7612.37776788
 7612.57553382]"
554,715710_2024-07-16_F-650,ORBl,True,"[  48.89977322   50.23913497   72.23235431 ... 7609.41271208 7610.87300673
 7612.34843465]"
555,715710_2024-07-16_F-657,ORBl,True,"[  20.91377585   21.04864202   21.25720793 ... 7611.93923615 7612.20076852
 7612.21050182]"
556,715710_2024-07-16_F-659,ORBl,True,"[  26.56638846   32.9070652    39.00494284 ... 7596.65632553 7597.30178983
 7601.12547581]"
557,715710_2024-07-16_F-661,ORBl,True,"[  20.29667812   20.38657779   20.45351087 ... 7605.05442807 7605.15002772
 7606.46715622]"
558,715710_2024-07-16_F-667,ORBl,True,"[  21.55004019   21.94280541   23.81606521 ... 7605.03552814 7605.34072702
 7609.6533112 ]"
559,715710_2024-07-16_F-674,ORBl,True,"[  31.00627217   54.44241955   56.75577774 ... 7611.31870509 7611.57177083
 7612.46253423]"
560,715710_2024-07-16_F-675,ORBl,True,"[  20.26437823   20.28481149   20.42371098 ... 7612.48580081 7612.50880073
 7612.58080046]"
561,715710_2024-07-16_F-680,ORBl,True,"[  20.238245     20.27664486   20.58494372 ... 7612.41916772 7612.49110079
 7612.63576693]"
562,715710_2024-07-16_F-681,ORBl,True,"[  39.13560902   68.19306912  174.63447876  175.15554351  184.34554314
  207.23002588  241.27450102  245.69588481  281.8464189   344.98445401
  351.25689767  399.48222081  424.84862778  430.11250847  437.37308184
  483.54724583  486.30883571  486.4206353   493.78757494  504.15947024
  518.93521605  552.97399122  592.22414727  594.18414008  598.59849056
  607.0496929   616.91889003  619.8813125   628.65838031  637.76308026
  643.80995808  644.81535439  647.49887788  648.68990685  652.59939251
  668.47656762  686.17360271  687.65839727  687.68253051  697.54436101
  698.28339163  699.60242013  699.88601909  705.28046597  743.628292
  748.23457511  748.27660829  754.3812859   762.53018934  795.06600335
  795.74216754  796.33946535  800.73244924  807.77612341  822.56170252
  825.16299298  834.80315762  859.77046605  868.94543241  881.52231961
  900.61074961  906.56909442  920.25734422  930.17980783  933.38936273
  940.50923662  950.66739936  958.88893588  971.57635601  982.9048478
  987.21859864  997.23009526 1005.76026398 1007.06299253 1021.61607249
 1023.62563179 1026.40318827 1039.70403949 1042.49902924 1043.9367573
 1049.62860309 1058.27223806 1070.89162511 1072.13702054 1078.0582655
 1083.88934411 1086.15853579 1089.85812222 1090.37185367 1091.46484966
 1091.47238297 1094.95087021 1098.18645834 1112.60717212 1122.15430378
 1124.48719522 1129.61514308 1134.53832502 1146.04831615 1150.61013275
 1152.4870592  1157.88197275 1171.34785669 1183.64601159 1185.89363668
 1190.22438746 1197.7936597  1206.41272809 1207.18232527 1213.18086994
 1217.80935297 1225.20875916 1229.18537791 1232.35973294 1245.16645263
 1257.40594108 1261.47122617 1269.53542993 1279.84102547 1285.91000321
 1304.56776812 1317.68002003 1322.29983642 1323.2240997  1337.97737892
 1340.10533778 1341.33853326 1342.96536063 1343.55365847 1347.64314347
 1360.36589681 1374.76767733 1377.99726548 1412.28050642 1415.79012688
 1417.0217557  1433.77916091 1457.34334115 1460.60559586 1464.9194467
 1472.45781905 1477.4347008  1494.10967298 1504.71303409 1510.70654545
 1515.18176237 1530.01874129 1530.65727228 1547.03527888 1587.26423134
 1587.37099762 1620.73477526 1622.7043347  1632.97863035 1660.6404289
 1664.87668003 1677.77763272 1722.14960332 1722.40326906 1751.04376402
 1751.77736133 1784.73644046 1804.72686714 1809.19471742 1813.18550279
 1830.27590677 1833.5967946  1835.02672268 1839.04484128 1874.44551145
 1898.11665797 1899.94725126 1909.17968407 1916.04799221 1926.33202116
 1927.4130172  1929.61977577 1945.92068265 1951.42932912 1954.83144997
 1956.58897686 1959.7056321  1960.65569528 1969.43586308 1987.84176224
 2012.76730416 2024.71856033 2029.62654233 2034.52112438 2038.06154473
 2040.23463676 2040.50030245 2060.73572824 2067.18527126 2067.23703773
 2068.51806637 2071.86525409 2082.77471408 2082.8513138  2086.09593523
 2094.99650259 2101.44214562 2101.80567762 2104.59920071 2116.02049215
 2117.95575172 2138.34334362 2138.90074158 2141.01003384 2145.36411787
 2146.36398087 2147.92107516 2172.65305112 2174.93947607 2177.21863438
 2179.13996067 2194.89873621 2207.8240888  2228.28171378 2250.99709713
 2264.50681426 2272.32195226 2272.61228453 2276.81366912 2295.04760225
 2298.43472316 2301.56124503 2321.85363727 2331.53606843 2334.28939166
 2342.48239495 2344.22168857 2350.44366575 2355.29198131 2360.2637964
 2362.29865561 2366.89230543 2367.43257011 2368.66553226 2370.93495727
 2399.75721823 2406.34179408 2407.30115723 2408.98335106 2418.61334908
 2436.92508192 2451.61122806 2451.89316036 2466.89283868 2479.59902542
 2481.64705124 2488.26976028 2491.51611504 2492.68547742 2500.42391571
 2507.29362385 2516.59188975 2524.06436234 2533.30282846 2594.8960359
 2602.01784312 2644.30275471 2645.99771516 2659.76673133 2677.51496624
 2682.5598144  2683.99374247 2688.34245986 2689.70758819 2691.66164769
 2695.79913251 2696.99719479 2709.85398097 2714.37456439 2718.46091607
 2719.61747849 2720.21954295 2723.43153117 2724.84005934 2740.37773569
 2752.63432407 2758.00003773 2759.22273324 2771.28565567 2786.50049987
 2789.62002176 2789.75208794 2791.90828004 2807.37282332 2808.88505111
 2812.78353681 2816.62362273 2823.548264   2833.41622781 2836.26718402
 2851.31762882 2865.8569755  2865.98417503 2868.19200027 2869.94582717
 2878.33232975 2901.6688775  2916.0907246  2927.70311535 2929.86180743
 2930.58547145 2937.42557969 2942.27359525 2944.62438662 2949.78033438
 2959.40353242 2963.43611763 2968.99403058 2973.70931329 2974.53231027
 2978.8246612  2987.39666309 2992.95090939 3002.8014066  3008.43035262
 3009.25728292 3010.65951111 3019.64884481 3033.24019496 3042.10786244
 3057.81390484 3076.62443585 3085.49110334 3092.38707805 3095.64823275
 3096.12479767 3097.14452727 3113.66206669 3114.6315298  3114.9953618
 3125.59132294 3127.16015052 3129.7924742  3132.58003064 3137.67654528
 3137.8180781  3164.79424583 3166.96483787 3168.37023271 3169.62309479
 3180.09315639 3180.97358649 3201.16281245 3207.24082349 3212.05747249
 3213.67969988 3217.010021   3217.01862097 3221.22000556 3222.43706776
 3222.44616773 3235.60125282 3238.19014332 3239.17750637 3241.81709669
 3244.2485211  3246.3314468  3262.45932098 3264.00421532 3277.40626616
 3284.27147432 3284.31840748 3286.82853161 3289.22688948 3290.02308656
 3293.53194036 3295.8472652  3295.87493176 3296.05119778 3300.83851356
 3309.717281   3322.3314014  3331.56746753 3333.42036074 3337.347513
 3341.05876606 3342.39802781 3343.50375709 3350.65789752 3351.69452705
 3355.48694647 3360.90872659 3364.93811181 3365.18031092 3372.29238484
 3374.69697602 3386.37769985 3427.68744835 3439.73267084 3443.6162566
 3448.22983968 3449.59630133 3454.66454941 3457.66687173 3473.25498123
 3483.79290925 3502.68403997 3505.32306362 3509.70111423 3527.43794919
 3529.01917672 3529.44187517 3533.83519239 3542.39069435 3543.39772399
 3544.42868687 3545.848915   3546.69887855 3564.1907144  3568.94369697
 3578.35702911 3584.83973867 3593.81467242 3597.56039202 3600.35848175
 3601.49761091 3603.73276938 3621.78780316 3623.02143197 3639.35137208
 3645.49381622 3649.93326661 3660.13059588 3667.49406887 3676.13397052
 3676.97156745 3681.60141713 3687.8281943  3689.63245435 3689.83325361
 3700.20458224 3710.62814401 3722.40926747 3722.83119926 3732.90666231
 3752.11142521 3756.96777406 3765.04787776 3770.3194251  3774.92127489
 3775.59263909 3777.01126722 3793.34500732 3805.37152988 3807.03869043
 3815.48479279 3815.50749271 3816.73742153 3827.70764796 3833.10612816
 3833.7951923  3834.05389135 3835.89898459 3850.62679724 3857.06290697
 3858.38840211 3860.94055942 3867.2257697  3869.27459552 3875.26504021
 3875.27160686 3879.38792509 3904.5722994  3906.94789069 3915.18426048
 3918.32798228 3923.86482864 3930.9932025  3935.65421874 3937.71157786
 3941.83172942 3945.77211497 3959.39126502 3971.1768218  3971.75035303
 3975.33217322 3977.38783235 3979.50865791 3986.29613301 3998.19378938
 4000.3149816  4005.17606377 4009.61054751 4010.63051043 4015.34469315
 4019.657244   4019.75517697 4020.38510799 4021.25673813 4021.95093558
 4025.24292351 4031.6345334  4048.95580321 4052.63812304 4065.58747555
 4077.32156585 4078.60002783 4082.20414794 4084.75340526 4084.85193823
 4086.7880978  4090.2412518  4103.73383565 4105.48206257 4109.57928088
 4111.10000863 4119.16821238 4119.65921058 4134.76222185 4135.97818406
 4144.96325111 4146.32827944 4152.12569151 4152.78508909 4153.89081837
 4180.6135537  4193.31417378 4194.52260269 4202.30690747 4222.07710163
 4249.09456921 4260.05539568 4261.39155745 4282.50861334 4283.26557723
 4297.15229296 4306.42765895 4309.50038101 4322.47576676 4322.85823202
 4325.93122075 4349.43923454 4352.13285799 4353.62585252 4381.8792489
 4386.07230019 4388.09149278 4398.37302174 4443.98335447 4477.57583127
 4493.07540776 4508.45341803 4535.79711775 4536.86558049 4552.21449087
 4558.18863563 4568.59259747 4598.47442121 4636.66128117 4659.55736386
 4662.93228482 4683.4966094  4695.55043186 4704.54113222 4734.27992315
 4742.73142549 4748.56833742 4815.577825   4822.35060016 4822.36506677
 4856.65687434 4905.14972983 4947.67244055 4963.06335077 5014.12403017
 5018.60294708 5059.22679809 5071.48901979 5072.29751682 5073.20664682
 5081.39195014 5131.93289811 5332.73436169 5359.21993122 5403.60366844
 5451.36925993 5536.60864732 5545.73778051 5563.53228191 5582.60567863
 5595.90732985 5675.15123922 5733.40132559 5735.38191833 5747.78263952
 5766.43333778 5769.41512685 5813.12516654 5815.0725594  5825.23025548
 5872.34334936 5872.72904795 5965.35734157 5993.60513798 6149.55923269
 6190.95658087 6476.61133324 6494.53580084 6640.64966497 6686.13713148
 6961.50882157 6984.22857158 6984.24980484 7144.89361568 7163.54304729
 7249.01633382 7308.00455082 7352.02218938 7458.47626563 7576.60816573]"
563,715710_2024-07-16_F-685,ORBl,True,"[  21.2102081    28.08224956   29.96260933 ... 7612.07733564 7612.09570224
 7612.23200174]"
564,715710_2024-07-16_F-692,ORBl,True,"[  21.24460797   21.25227461   21.27790785 ... 7611.84810315 7612.10783553
 7612.64116691]"
565,715710_2024-07-16_F-699,ORBl,True,"[  66.87990727  103.91760477  279.12709553  279.14846212  279.15292877
  281.87775211  346.23638275  450.54046688  476.73740414  537.8908132
  695.85803386  909.46951712  994.80307083 1056.37371169 1082.80601475
 1095.19413598 1106.76792687 1114.66576457 1120.42224346 1126.17498903
 1127.05725246 1151.40062985 1158.38070425 1166.21934217 1183.18171329
 1197.67542681 1247.25244498 1248.11397516 1249.01307186 1258.71503628
 1262.89228763 1275.47017483 1277.80963292 1294.68030438 1296.79666328
 1331.27147018 1346.99654584 1352.17419352 1353.38498908 1360.81242851
 1361.37885976 1393.53727516 1407.3507245  1407.68355661 1430.9637379
 1440.7434687  1447.48794396 1447.49784393 1455.58954758 1455.87821319
 1466.64077372 1471.86595456 1485.24377216 1527.34798441 1533.23882948
 1536.53011741 1541.41939947 1561.49772584 1562.47748891 1574.45734498
 1576.06550575 1593.49377516 1603.443872   1605.44786465 1614.66783084
 1620.77294178 1621.68090512 1626.85975279 1628.81701228 1634.50012477
 1654.09581957 1664.19894919 1668.85119879 1672.64155156 1673.0762833
 1682.16624996 1712.97823696 1722.52453528 1732.0996335  1738.91200851
 1739.14920764 1758.61000294 1766.76417303 1776.20877173 1789.23475729
 1799.09535446 1799.24668724 1812.05690693 1821.00400745 1826.75348636
 1829.8338084  1830.21740699 1830.23964024 1833.12486299 1842.757661
 1870.66755864 1880.11632399 1882.2838827  1896.44079745 1900.94668093
 1908.36978704 1912.82607069 1912.90117042 1919.07944776 1923.05999983
 1924.73579368 1935.19178867 1940.66413527 1950.13923385 1951.97909377
 1955.4971142  1956.99374204 1961.2227932  1971.22408985 1983.01261329
 1990.74308494 1991.04128384 1998.31289051 2003.21100588 2003.32217214
 2008.95455148 2012.29973921 2020.03704417 2038.15414439 2041.17436665
 2044.33438839 2054.65145056 2054.94988279 2067.37500389 2073.98431299
 2075.73633989 2089.53625595 2101.48901211 2111.19090987 2111.73507454
 2113.83970015 2129.64020887 2133.21586242 2133.92869314 2150.26259991
 2172.77198402 2174.70587693 2182.36684883 2192.1017798  2199.44848619
 2199.81701817 2200.16818355 2200.21678337 2213.61156758 2219.47467941
 2226.71388619 2227.09525146 2248.31357364 2264.74058006 2268.44333315
 2288.04742792 2289.2709901  2291.28241606 2297.82115874 2306.23812787
 2319.88044451 2320.57720862 2335.20762163 2355.95504554 2372.72111738
 2374.55944398 2375.81113939 2376.94006858 2378.85792821 2383.68181052
 2386.33776745 2412.85690352 2419.14721379 2426.99998499 2496.1528647
 2533.04362941 2539.50703904 2548.3074401  2573.4548812  2589.13709036
 2591.72901418 2603.27483851 2614.00793248 2635.73145281 2640.97430025
 2670.25029288 2688.31592662 2692.31747861 2698.95248761 2699.08915378
 2702.29670868 2704.44066749 2708.15205388 2712.572071   2714.40066429
 2720.77474092 2751.37879534 2755.53211344 2783.21887857 2783.87837615
 2787.67709555 2799.99428372 2808.8500179  2812.97700277 2815.82449233
 2819.731478   2839.34230607 2852.27469198 2853.67355352 2855.69761276
 2855.73024597 2867.63266899 2895.94223183 2914.40323079 2914.65592987
 2929.40124246 2931.08640294 2932.0064329  2932.01589953 2934.40719076
 2960.46199521 2965.14701136 2982.15824897 2982.31578173 2982.4764478
 3006.21799407 3008.22472004 3025.99392154 3031.59356767 3031.68343401
 3034.56682343 3053.22782166 3059.78993093 3071.99475283 3072.53075087
 3086.4111333  3087.19709708 3095.61909953 3095.87579858 3096.1364643
 3099.70225122 3099.75425103 3106.43802651 3109.39348234 3111.99473947
 3112.34503818 3112.5139709  3120.12537632 3131.04073629 3132.47829768
 3146.90151145 3147.36564308 3148.44607245 3165.01457836 3168.26149978
 3186.24050051 3187.51819582 3190.16375279 3190.52628479 3209.45824869
 3209.56688163 3216.77612186 3216.94042125 3230.19563931 3236.84661491
 3250.80346373 3253.21705488 3256.06487777 3258.23170315 3258.97893375
 3269.82609396 3269.98459338 3278.60022845 3278.65746158 3283.66680987
 3292.30617819 3303.91116896 3311.56550755 3316.40328981 3326.01072124
 3339.60123807 3341.64109725 3351.32442841 3355.88891167 3364.32918071
 3366.37020656 3369.18062959 3375.88670499 3383.75587613 3397.35565959
 3399.22565273 3399.34541896 3412.56360381 3432.2096651  3462.59035368
 3467.76803469 3476.33516994 3484.26350753 3487.71962818 3491.76364669
 3509.21934933 3511.56367407 3514.22779763 3514.400797   3530.75997034
 3534.78915556 3563.18628475 3576.71200181 3589.24648917 3591.00711605
 3604.16813445 3604.60176619 3604.86756522 3605.60802917 3626.22568689
 3628.75761093 3629.13757621 3648.34050578 3652.51279048 3652.79678944
 3671.62165373 3690.74031695 3698.37568895 3709.31784882 3709.64708094
 3720.23830877 3724.62325935 3725.2736903  3732.93076222 3733.14162811
 3762.52535368 3772.83211588 3772.88361569 3781.5898171  3804.86136508
 3806.05012739 3813.59103307 3836.17491691 3863.57841641 3867.54873518
 3873.26814754 3873.42888028 3885.593569   3886.14733364 3887.04486368
 3887.56119512 3892.84230908 3913.00420181 3915.44419286 3915.82629146
 3934.76708866 3941.42256425 3968.50819825 3982.75971265 3989.22115562
 3989.78112023 4013.6768326  4028.8273437  4029.31074193 4053.92838498
 4056.88287414 4062.94591857 4076.27220303 4088.23722582 4096.90609402
 4113.51889976 4132.31629749 4134.38768989 4138.28750893 4142.63749297
 4145.67748182 4150.76782982 4151.24429474 4159.06973271 4170.00012595
 4174.8238416  4180.45422095 4205.81372794 4207.70798766 4208.21585247
 4218.12898278 4250.09419888 4265.98114062 4269.97069265 4286.18929984
 4309.29218177 4311.91040551 4319.93950939 4323.32306365 4339.04750598
 4343.47285642 4343.50145631 4343.75525538 4343.87042163 4347.39190871
 4355.42641258 4355.78901125 4357.34703887 4364.98684418 4366.86690396
 4369.2917284  4379.90222282 4385.19370341 4386.33046591 4387.22749595
 4391.71841281 4396.4199289  4405.4203959  4416.25638949 4417.49191829
 4426.3060193  4429.07247582 4437.5026449  4438.23224223 4438.71090714
 4441.85082896 4445.84344765 4447.03027663 4447.382542   4447.48707495
 4453.25785379 4454.46321603 4457.78087053 4464.52094581 4483.52610945
 4488.84062329 4489.71502008 4499.75478326 4506.16792641 4511.4153405
 4513.35246673 4514.93916091 4521.03730521 4522.14410115 4527.3472154
 4527.56158128 4529.24990842 4530.7374363  4539.42090446 4543.02909122
 4556.19240961 4559.34096473 4561.98942169 4566.46867193 4568.88372974
 4572.29568389 4574.12884383 4574.50230913 4574.55704226 4578.50522778
 4580.85895248 4582.73127895 4582.9987113  4587.13666279 4587.98195969
 4588.78229009 4589.78278642 4590.65081657 4594.88573437 4599.16141869
 4603.62426899 4610.31291113 4612.10287123 4616.30638915 4626.41801873
 4628.00271292 4629.3166081  4631.94959845 4634.61525534 4634.64462189
 4641.81736226 4641.84672881 4643.19932385 4648.74150353 4665.20204316
 4669.75419313 4675.82583753 4680.48018713 4687.54699454 4692.05627801
 4692.54144289 4693.43580628 4693.5585725  4693.73730518 4695.02870044
 4695.22726638 4700.96101202 4706.59582468 4711.99683821 4712.0622713
 4725.08215689 4727.72318053 4732.52602959 4733.9395244  4741.71799587
 4746.75117742 4746.80157723 4767.37493511 4769.80399287 4780.29592106
 4780.3587875  4781.64488278 4791.71427918 4797.18632578 4797.9092898
 4797.97842288 4803.72783512 4805.43542886 4809.67531331 4811.36140713
 4811.86410528 4814.61556186 4817.11685269 4819.80567616 4824.9928238
 4827.74148039 4829.44160749 4829.59804025 4830.0936051  4830.74813603
 4831.77283227 4832.91546141 4832.93246135 4832.95656126 4835.44891879
 4844.05562056 4844.84075101 4857.80163681 4861.22932424 4864.54214542
 4864.67381161 4864.89841078 4867.33773517 4868.36983139 4868.40786458
 4870.2560578  4878.25402847 4897.25675878 4909.00174904 4909.7029798
 4922.96563116 4930.82673566 4935.04482019 4949.72096637 4959.39796421
 4979.10022529 5009.91767893 5010.2715443  5012.76100184 5026.19061925
 5044.63631827 5045.9543801  5046.00607991 5057.93573616 5058.48166749
 5076.09230291 5077.94642944 5082.50184607 5089.00288889 5115.54455822
 5119.14047836 5119.6298099  5128.36051122 5145.52621493 5145.91114685
 5151.08392788 5167.14063566 5168.20523175 5170.93368841 5184.93110375
 5188.02692573 5190.56821641 5203.6404018  5203.96170062 5210.93097506
 5241.91476143 5242.65472538 5247.44580781 5261.22955726 5296.00859638
 5313.62023179 5334.73945433 5345.76004725 5351.73872532 5357.97553578
 5364.0698801  5364.10891329 5364.7246777  5366.187839   5421.89803468
 5445.20961586 5479.26102431 5496.60232737 5515.61075766 5522.06296733
 5531.28830017 5538.73480619 5556.99900587 5578.84855907 5578.87265899
 5578.8951589  5580.46311982 5580.59808599 5580.63828584 5580.64298583
 5580.65161913 5580.67831903 5583.66690807 5597.65149012 5601.35087655
 5610.42927659 5624.00882678 5627.24034827 5630.98223454 5635.64341745
 5645.03458301 5657.6790033  5694.99859977 5699.5435831  5705.60586087
 5741.60262885 5741.80862809 5744.12151961 5757.44563741 5786.29419828
 5825.33298844 5842.17359334 5844.72728398 5857.39403752 5866.82396961
 5875.73357026 5898.09782158 5905.66232717 5906.77722308 5920.00717456
 5936.10398219 5942.39249246 5966.56023716 5966.6767034  6004.88386328
 6028.20701107 6050.07933086 6057.30993767 6057.72266949 6058.676166
 6064.49621132 6064.50581128 6066.87660259 6068.49106334 6075.6174372
 6078.00012846 6085.06283589 6085.85039967 6132.94182697 6136.03774894
 6166.43050415 6168.35776375 6171.37565268 6179.48008962 6180.55041903
 6185.60773382 6188.08119141 6203.03246991 6217.08491837 6230.04330418
 6253.25525239 6266.27477131 6268.67256251 6274.76044019 6284.14660576
 6312.42683538 6317.73398258 6328.56984284 6330.56070221 6332.07942997
 6345.46858087 6367.60743301 6385.48766743 6402.86210371 6431.65079813
 6434.13122237 6441.58702836 6441.63612818 6456.63130652 6471.31181934
 6479.22565699 6481.8675473  6481.9125138  6484.493171   6498.87728492
 6526.10945171 6547.20237435 6571.27338607 6571.30218597 6574.59694055
 6579.49898924 6582.00848004 6590.56291533 6596.33972748 6598.63538572
 6599.33268317 6623.76869355 6665.86787249 6668.49419619 6674.94287254
 6699.54064899 6712.36553529 6724.41052445 6725.13915511 6726.56131656
 6754.83354621 6757.52040302 6775.01167221 6797.26302393 6802.98606961
 6810.47537548 6828.25407694 6831.63649787 6844.24238497 6844.24768495
 6849.90169755 6849.90713086 6851.72359087 6851.89549024 6862.53591788
 6862.65501745 6862.80528356 6863.08681586 6863.12808238 6863.1852155
 6863.21501539 6863.26134856 6863.35808153 6863.52088094 6863.57054742
 6863.60328063 6863.6482138  6863.67824703 6863.75384675 6863.78951329
 6863.83084647 6863.86131302 6873.67124371 6880.56381843 6916.7475524
 6938.16607385 6947.47707303 6949.45523244 6952.12875597 6968.48176266
 6970.09042343 6977.72302877 6982.7770769  6982.8598766  6982.9059431
 6983.14207557 6983.29147502 6983.34574149 6983.48250765 6983.52637416
 6983.54094077 6983.71687346 6983.73607339 6983.84070634 6983.93800598
 6984.01210571 6984.03910561 6984.17753843 6984.21150498 6984.24487152
 6984.27247142 6984.42073754 6984.4675707  6984.63603675 6986.9491616
 6986.97999482 6987.18629407 6987.25729381 6987.52779281 6987.69369221
 6987.83875834 6987.86935823 6987.89712479 6988.13549059 6988.35688977
 6988.50588923 6988.51648919 6988.54508908 6988.59545557 6988.67765526
 6988.97815416 7009.53291211 7016.99061809 7044.05121885 7045.29514762
 7077.48296291 7082.33727844 7089.74935126 7112.70656706 7121.88010008
 7124.96485544 7128.55264228 7139.43090238 7181.14761606 7182.43261134
 7206.883655   7211.55863786 7216.19362086 7227.31624674 7246.8846083
 7325.61971955 7326.82781512 7336.18594746 7381.36588177 7408.89471414
 7409.19844636 7416.59231924 7420.79033718 7457.18103705 7457.28230335
 7457.35200309 7457.50660252 7457.53050244 7457.53793574 7457.74343499
 7457.78866816 7458.00650069 7458.00836735 7458.34539945 7458.45709904
 7458.70906478 7459.05386352 7530.49426818 7543.55792027 7545.21918084
 7591.95547611]"
566,715710_2024-07-16_F-702,ORBl,True,"[  24.66602876   24.93356111   25.1170271  ... 7612.33550136 7612.39110116
 7612.50730073]"
567,715710_2024-07-16_F-704,ORBl,True,"[  25.02899409   26.0082905    28.43121495 ... 7611.8176366  7611.82293658
 7612.11700217]"
568,715710_2024-07-16_F-709,ORBl,True,"[  22.24557097   37.55864814   42.05543165 ... 7602.92830253 7607.48138583
 7610.01627654]"
569,715710_2024-07-16_F-710,ORBl,True,"[  34.10906079   83.93947804   84.22704365 ... 7610.61044102 7610.71044066
 7611.60013739]"
570,715710_2024-07-16_F-713,ORBl,True,"[  38.86884334  535.35042252  589.44819078 ... 7605.52672633 7607.62098532
 7612.36753458]"
571,715710_2024-07-16_F-718,ORBl,True,"[  23.782432     39.02074278   39.29507511 ... 7611.98206933 7612.18010193
 7612.57593382]"
572,715710_2024-07-16_F-725,ORBl,True,"[  20.39744441   20.40181106   20.58644372 ... 7612.3808012  7612.46243423
 7612.63203361]"
573,715710_2024-07-16_F-729,ORBl,True,"[  61.39846071  179.45949439  253.84782158  354.19382023  459.20483511
  561.06462821  650.93303196  672.14132084  695.20973624  697.57286091
  702.45707633  704.25246974  720.8698088   736.31918547  741.74909889
  765.98834333  803.16364032  815.72186093  816.19179254  816.44645828
  817.08995592  817.33372169  855.78084735  858.23113837  866.72484055
  905.30616572  905.56949809  907.28689179  907.44432455  907.67365704
  908.00975581  909.49508369  909.6643164   909.7918826   910.02268176
  910.23478098  910.29224744  910.6927793   912.77407167  948.15370858
  954.60678491  956.87957658  961.83412507  964.14074995  967.83370307
  968.42193425  970.23802759  971.45882311  972.09345412  974.66647801
  975.53674149  979.6784263   980.07705817  980.76795564  983.07411384
  984.73954107  985.89153685  988.71475982  988.89232584  989.3568908
  990.26815413  990.44275349  992.18601376  992.60741222  993.70044154
  993.93184069  994.48463866  997.01479605  997.48759432  997.84905966
 1000.06208488 1003.51400555 1004.91903373 1006.42399488 1007.25645849
 1009.02305201 1009.88221553 1012.47023937 1012.59710557 1014.57473165
 1018.20625167 1018.70704983 1019.36271409 1019.4501471  1020.78900886
 1021.87443821 1023.28089972 1024.14179656 1025.19102605 1025.80085715
 1029.0778118  1031.09387107 1031.27070375 1034.18749306 1034.69255787
 1034.93349032 1035.74168736 1036.50451789 1036.8833165  1038.22231159
 1039.3280742  1039.47267367 1040.6645693  1041.60289919 1041.98919778
 1042.14426387 1042.51752917 1042.66976195 1042.95779422 1044.95395357
 1045.1183863  1045.91845003 1047.39304462 1051.03299794 1051.89946143
 1054.78875083 1057.52240748 1057.65907364 1057.89933943 1059.31056758
 1059.68949953 1059.73259937 1060.98206145 1063.49241891 1063.59435187
 1065.08617974 1088.47482729 1096.281032   1099.72768602 1114.09180001
 1114.83696394 1115.34519541 1127.74021662 1131.97590109 1147.47147759
 1147.86077616 1161.01996124 1161.18739396 1161.53452602 1166.8564065
 1167.07157238 1170.65262591 1171.49912281 1176.20810554 1178.33399774
 1226.45338793 1229.76664245 1230.0790413  1235.41158841 1240.76950209
 1248.73470621 1252.60892534 1253.97768699 1259.87796535 1265.09461288
 1274.48077846 1278.72992954 1281.15248732 1283.14904667 1285.95243639
 1288.36506087 1312.32060635 1318.93788208 1366.49950765 1368.24973457
 1377.84493271 1380.8274551  1388.73649277 1402.44037584 1413.03487032
 1419.70084587 1498.09815835 1512.91150403 1518.09905167 1524.3065289
 1524.58076123 1533.67446121 1539.3220405  1542.820761   1572.14055347
 1579.61982604 1590.31965347 1590.62701901 1605.31619847 1645.29358519
 1676.62730361 1678.21676444 1679.15652766 1700.58674907 1705.058266
 1715.79842662 1809.04661797 1824.23942891 1852.55709173 1980.39145623
 2028.97057807 2130.85417109 2131.39740243 2143.10719282 2149.97346763
 2150.02520078 2200.57631538 2205.49189736 2245.36805111 2262.84375369
 2320.9105074  2323.48836461 2387.03966487 2422.81046702 2424.42686109
 2469.96456075 2479.6116587  2499.28798654 2552.68939069 2591.46168183
 2592.41234501 2596.36269719 2596.4046637  2611.03354339 2629.37050947
 2629.64637512 2634.9792889  2635.08118853 2669.62196185 2678.98349418
 2694.56367038 2704.67486663 2737.41594655 2764.53008044 2771.20992261
 2785.99223507 2844.14168847 2883.81270965 2904.55023359 2944.53635361
 2955.56057985 2962.10895583 3003.78186967 3031.50250134 3087.6102289
 3129.52444185 3170.29465899 3177.41309955 3191.44348143 3206.09249437
 3217.92675097 3286.48049955 3321.82646992 3350.15409937 3356.66594215
 3357.14420706 3399.63755122 3425.25062395 3505.92789474 3521.24130524
 3526.98875083 3527.0892838  3562.92208572 3578.00466373 3589.88222017
 3591.49068094 3629.80490709 3629.99923971 3634.81545538 3653.87345216
 3671.63502035 3677.88943075 3682.36971431 3709.19654926 3732.64142995
 3749.14420276 3762.82175259 3769.32432875 3769.36829525 3770.87805638
 3779.89455665 3787.79619433 3804.11670115 3829.39490844 3833.62995958
 3834.12582442 3859.46046484 3885.36823649 3891.3021814  3892.15151162
 3918.41604863 3920.314475   3945.38758304 3975.47853935 3981.78324956
 3989.76782028 4002.77423925 4040.95953254 4041.00306571 4046.27561304
 4064.52121279 4073.26148074 4131.35746767 4163.09088463 4168.5070981
 4197.32465908 4199.60448405 4235.05928735 4275.40870604 4277.93883009
 4280.96965231 4282.32588067 4293.17820754 4345.38258275 4353.09992111
 4360.39009438 4406.98759015 4495.88909744 4535.19631995 4557.3504387
 4576.79993404 4593.26630698 4627.84721349 4634.37145623 4651.76982576
 4673.88547798 4684.24343999 4734.9953872  4768.46719777 4778.43529455
 4792.90180816 4795.78503092 4816.7759206  4842.07779448 4854.62324847
 4857.14960587 4862.03932127 4862.13035427 4865.39360897 4904.2769997
 4911.12530792 4935.14241983 4949.41763415 4965.47970857 4965.48707521
 4989.0305222  4995.35886566 5005.48222853 5005.6631612  5007.10808924
 5037.74371022 5100.66664612 5127.69748031 5130.88740195 5131.42036666
 5133.79279129 5144.1612866  5147.07734257 5178.45879415 5188.26289153
 5188.74772308 5230.44520349 5247.87790623 5281.39234998 5343.82398768
 5372.97158078 5379.6762562  5384.60997143 5386.62483071 5388.63712333
 5399.01538527 5410.15567775 5443.46652225 5465.13820943 5490.54561625
 5490.71804896 5492.1224438  5496.69532703 5515.54629123 5520.67390576
 5533.52752529 5538.87967232 5552.20985677 5558.37453416 5578.59762666
 5579.38292378 5582.91097751 5587.23502832 5606.3906914  5639.7384691
 5640.23980059 5655.69861056 5657.0880388  5657.14490526 5687.34976115
 5698.56442002 5714.18162941 5716.89731945 5716.92371936 5717.80441613
 5746.13811222 5759.90126174 5764.75444394 5770.62738907 5786.11043229
 5810.60974244 5829.88653841 5832.61879505 5833.31602583 5836.56104726
 5845.75761353 5866.18390529 5878.81742562 5891.13651377 5913.04056678
 5968.01223184 5976.6298669  5997.59755667 6002.15093997 6011.32123967
 6031.96126397 6056.50304063 6067.4184006  6069.90142483 6086.49189732
 6166.34510446 6186.50703052 6198.70265246 6231.47966558 6231.85943086
 6239.04357118 6240.40403285 6260.1678937  6276.10063527 6276.84109922
 6276.88459906 6353.34271866 6416.0819219  6426.39558407 6429.56147246
 6445.61784691 6452.54942149 6453.54228451 6488.88602156 6490.16235021
 6528.70884218 6534.93065269 6544.00335275 6568.39566329 6580.11698697
 6585.6992665  6592.34050881 6599.67101526 6600.47617897 6605.22812821
 6610.16737676 6613.30699858 6619.23554351 6634.21425524 6637.3971769
 6643.83748661 6650.35559604 6659.75799489 6689.3493197  6696.19352793
 6700.95044382 6724.06072573 6724.54659062 6749.14183375 6749.5638322
 6753.14521907 6769.21356014 6777.4864298  6781.16938296 6790.84081415
 6791.48157847 6807.39718677 6811.1416397  6811.5681048  6812.38003516
 6812.4698015  6812.71246727 6819.10874382 6823.38336147 6825.39038745
 6832.05342968 6843.93881942 6846.91380851 6849.53323224 6858.34329993
 6858.43213293 6858.43689958 6858.71116524 6858.74496512 6858.76103173
 6858.78066499 6858.78879829 6858.86676467 6859.14006367 6859.42746262
 6859.54746218 6859.60616196 6859.75962806 6860.06422695 6869.21736005
 6888.36118984 6889.52998555 6891.12454637 6896.678126   6900.02548039
 6900.27131282 6909.6388118  6921.52106822 6925.52885353 6934.11242205
 6939.34383619 6951.57512467 6965.47964034 6967.26346713 6982.97550951
 6987.03372796 6987.33992684 6998.56808566 7000.68987788 7001.93270665
 7009.21387995 7018.93577763 7019.35654275 7019.64500836 7034.46832066
 7036.10248134 7038.52387246 7049.20743327 7050.19342966 7050.66979458
 7055.31237755 7056.48143993 7059.57249526 7060.642958   7061.32105551
 7061.35458873 7061.52105478 7066.25113743 7069.55795864 7071.28295231
 7072.00134968 7072.71454706 7074.83340596 7075.67656953 7083.94590587
 7087.68369216 7090.94734686 7093.49483752 7097.29192359 7099.89081406
 7103.41896779 7104.94219554 7105.20256125 7107.51155278 7108.02175091
 7108.91834762 7114.78422611 7119.04474382 7125.41402046 7129.83943756
 7139.68873477 7144.32748443 7149.91496393 7150.88309372 7151.40435847
 7160.52272503 7160.88299038 7166.27057062 7168.06699736 7172.74474687
 7179.64128825 7180.01292022 7181.11898283 7184.07093867 7184.2994045
 7188.50625574 7190.3611156  7191.60337771 7195.44923027 7195.79636233
 7197.16929063 7197.2857902  7198.26531995 7198.46975253 7198.48221915
 7202.2411387  7204.22066477 7204.41873071 7204.55383022 7212.58460076
 7214.13319508 7214.91455889 7219.13434341 7225.92785183 7229.6616048
 7241.59506104 7245.44381359 7249.43489895 7253.45438421 7255.15067799
 7259.79559429 7265.23360768 7289.04488702 7294.23390132 7301.44874153
 7333.17762516 7347.03824099 7355.06231157 7362.23678525 7368.28542974
 7373.37827773 7379.83315405 7395.74729569 7428.29317633 7432.37536136
 7443.12978858 7456.74330532 7457.68110188 7467.6298654  7469.32169253
 7475.93526827 7480.5264181  7482.23634516 7489.23051951 7493.62990338
 7496.35489338 7501.75317359 7519.49924184 7521.87436646 7528.06301043
 7538.20150658 7549.0400335  7550.26046235 7564.99250833 7572.17411532
 7575.18480428 7584.02647185 7591.5574109  7605.47439319]"
574,715710_2024-07-16_F-735,AId,True,"[  20.56184381   20.57614376   20.58441039 ... 7612.25030168 7612.34660132
 7612.40170112]"
575,715710_2024-07-16_F-737,AId,True,"[  20.45191088   20.80780957   21.97050531 ... 7612.51020072 7612.58376712
 7612.66946681]"
576,715710_2024-07-16_F-738,AId,True,"[ 273.98614772  641.78823216  708.45478766 ... 7604.4181304  7606.5081894
 7609.41867873]"
577,715710_2024-07-16_F-740,AId,True,"[  27.18448619   41.98876523   44.89228791 ... 7609.13524643 7612.00680257
 7612.39333449]"
578,715710_2024-07-16_F-748,AId,True,"[ 234.191327    234.22086023  234.23302685 ... 7611.65143721 7611.67597045
 7612.18050193]"
579,715710_2024-07-16_F-750,AId,True,"[  31.73813615  111.07131187  168.39216832 ... 7602.69507005 7604.85312881
 7612.14410207]"
580,715710_2024-07-16_F-752,AId,True,"[ 201.15171484  279.96139247  280.60469012 ... 7515.6837225  7534.54608665
 7584.90886862]"
581,715710_2024-07-16_F-753,AId,True,"[ 281.89221873  281.91021866  281.9347519  ... 7596.66145885 7598.16835332
 7598.63305162]"
582,715710_2024-07-16_F-756,AId,True,"[ 112.31020733  123.48406635  127.28528574 ... 7607.34995298 7611.06583935
 7611.95773608]"
583,715710_2024-07-16_F-757,AId,True,"[  31.97450195   35.25965657   35.44155591 ... 7608.72624793 7608.88418069
 7610.72040729]"
584,715710_2024-07-16_F-761,AId,True,"[  23.52123296   33.1798642    43.32942698 ... 7610.95747308 7611.99826927
 7612.63860025]"
585,715710_2024-07-16_F-762,AId,True,"[ 970.55515976 1002.64434207 1002.71530848 1016.72885708 1029.69000955
 1073.46068236 1073.5756486  1073.60681515 1078.12516525 1078.1831317
 1104.33783578 1105.19176598 1114.78719746 1125.68105751 1125.72569068
 1125.77302384 1127.69218347 1146.87491311 1146.8957797  1150.25400072
 1164.23118279 1171.21092386 1184.25004271 1184.29667587 1185.30290551
 1194.47803853 1194.50553843 1200.73754891 1211.96394107 1274.85637708
 1299.82771883 1466.98317247 1500.60938248 1507.9567222  1581.2576867
 1673.65248118 1673.65934782 1705.73649685 1708.38388714 1928.51784648
 1995.84533289 2060.81946127 2172.75061743 2405.37299764 2465.29921119
 2489.6542552  2546.6242796  2648.84427138 2649.13803697 2663.73118345
 2682.60841422 2693.28397507 2720.56640835 2861.80829035 2927.83204821
 2935.4242537  3035.83161879 3072.35858483 3079.29989271 3081.64671744
 3089.06865688 3089.6086549  3089.71455451 3089.92405375 3130.39713865
 3222.94296591 3228.85511089 3232.78202982 3232.87759614 3241.48339791
 3252.14145882 3252.58695719 3255.74284561 3284.50134014 3285.18627096
 3292.75857653 3319.12594649 3324.77385911 3328.57401184 3343.72965626
 3345.4822165  3350.55776455 3358.26513629 3358.33670269 3365.12037781
 3365.29237718 3375.7301389  3378.35132929 3378.48679546 3378.90219393
 3379.88429033 3383.20217816 3386.01936783 3395.67666575 3399.40965206
 3402.32130804 3405.83602849 3415.12089444 3423.24443131 3430.00300652
 3459.75456408 3492.6331435  3493.39024072 3493.49444034 3503.37733743
 3503.85213569 3516.85432133 3539.80163718 3540.19966905 3564.50647991
 3569.16369616 3570.84828998 3571.02155601 3571.298755   3578.08283011
 3588.44802543 3593.47287367 3598.98325346 3600.39551495 3600.72231375
 3608.10951999 3621.11187231 3630.14533918 3633.85415891 3645.1551508
 3665.47400961 3673.76864586 3674.21381089 3686.26823335 3686.59743214
 3686.71906503 3692.51931042 3692.9719421  3699.05515312 3704.44560002
 3706.33732641 3709.63264766 3725.63775563 3728.21544618 3734.0180249
 3789.37132189 3808.06312001 3808.1731196  3809.53148129 3814.33889699
 3834.45395655 3835.10768749 3857.23863966 3863.70018263 3863.7707157
 3864.09151453 3864.49167972 3872.71798289 3873.51687996 3888.94469004
 3892.68010968 3899.13671933 3899.38421842 3908.16271956 3920.61940721
 3950.17649881 3950.53739749 3961.32595792 3983.02671167 3991.01451571
 4003.4872033  4009.78288021 4011.36550774 4015.50765921 4015.65455868
 4016.21705661 4021.16683846 4023.49796324 4027.59704821 4027.93711363
 4037.43697879 4044.83828498 4049.86956653 4050.05713251 4059.17803239
 4069.55242767 4069.69132717 4075.47047264 4080.69578681 4087.79309411
 4092.04684518 4109.88247977 4122.63176634 4123.38746357 4126.05695378
 4149.19716892 4151.43896069 4157.716871   4158.30706884 4160.25359503
 4163.59984943 4164.73911192 4171.26438798 4172.05315176 4178.47846153
 4191.71731297 4197.65995785 4201.95327543 4203.14157108 4203.38667018
 4206.49642544 4207.34422233 4213.74599885 4214.8334282  4218.49488144
 4236.28721618 4236.43234898 4247.00607687 4247.35730892 4247.76910741
 4268.99502956 4271.55165352 4271.93345212 4277.10933314 4282.72161255
 4284.25164028 4288.26962554 4288.54562453 4288.62795756 4288.87862331
 4289.08285589 4289.78178666 4295.17403355 4295.21910005 4297.15942627
 4297.21389274 4297.72662419 4297.87865697 4298.2979221  4300.11218211
 4317.20945274 4321.22527134 4322.21333439 4322.23933429 4322.55346647
 4329.78237329 4345.8489477  4349.87773293 4350.95709564 4358.80360019
 4365.73990809 4378.27076213 4380.05405559 4386.47066539 4388.0969261
 4389.3862547  4389.40732129 4391.64517975 4391.84281236 4392.18054445
 4392.30237734 4404.35163315 4408.5105179  4409.03668263 4413.25630049
 4419.55407739 4420.47874067 4424.60449221 4425.22148994 4426.66938463
 4428.45267809 4455.01261402 4460.04566223 4488.69215717 4502.09117469
 4503.05043784 4508.0603528  4511.20997458 4512.60386947 4522.28713396
 4534.9197543  4544.36018634 4545.74134794 4548.22910549 4548.51087112
 4550.9254956  4551.12129488 4552.77162216 4555.9695771  4564.81701132
 4566.7398376  4570.81685598 4577.35949865 4607.22865577 4641.81126228
 4667.7545338  4667.79250033 4675.1701066  4677.37043187 4679.59165705
 4701.56124315 4709.30261476 4718.4980477  4733.85669137 4737.66671073
 4748.82500314 4756.26664252 4767.19483577 4772.22665065 4772.66981569
 4773.46347945 4773.60941225 4774.7219415  4779.48009072 4780.4479205
 4801.28434409 4809.63261347 4815.18675977 4815.37392575 4819.14751191
 4820.85223899 4826.28358573 4833.26909345 4837.25991215 4839.81816943
 4858.28023506 4861.03625828 4865.31550925 4867.35343511 4867.93456632
 4870.22415792 4871.44882009 4873.09698072 4874.03597727 4875.89777044
 4876.09303639 4879.38322433 4879.73555637 4884.25003981 4884.42620583
 4884.53163878 4884.60240519 4890.4889836  4897.42145817 4897.93545629
 4898.3499881  4898.85038627 4904.02320063 4906.7839905  4908.58971721
 4935.55515165 4941.90762836 4949.69836645 4974.36587598 4974.82860762
 4979.97978873 4996.10769625 5015.18852627 5035.55681824 5056.62367431
 5063.09755057 5074.68517473 5075.19157288 5087.3456283  5107.61128731
 5112.46586951 5145.07564991 5195.4136653  5199.44645051 5202.59927228
 5204.54633181 5213.94029736 5220.36197381 5227.77981327 5233.36239279
 5240.5319665  5245.31141564 5254.00928374 5259.46869705 5259.85722896
 5260.16526116 5261.06675786 5272.92231438 5279.78075589 5285.83616702
 5307.52515414 5327.12944891 5331.21856724 5337.94750923 5338.21427492
 5340.98523143 5349.08583505 5386.51206446 5389.01085529 5421.79563506
 5437.16677869 5446.65847721 5490.28755053 5504.67236445 5508.5032504
 5510.86360841 5511.37120654 5514.73059422 5559.00559851 5562.87761765
 5577.69119665 5580.00785482 5600.62047923 5610.9705746  5616.63752049
 5632.45016249 5637.6285435  5642.89745751 5652.42012259 5660.77019196
 5664.00621343 5666.0682392  5666.69610356 5667.29130138 5669.20176104
 5690.64788239 5728.84164232 5744.28568568 5775.05837282 5778.45882701
 5779.2449908  5783.03221024 5783.59770817 5783.77324086 5785.83583329
 5794.64173433 5804.29593226 5809.04364818 5812.47066894 5813.25743272
 5821.71943502 5823.73659429 5854.53924799 5879.64525592 5880.1220875
 5885.17883562 5898.67481946 5907.89095233 5918.39854713 5940.30406679
 5948.72386924 5960.52349263 5962.3061861  5966.72420323 5966.85126943
 5967.37550084 5967.42463399 5967.48763376 5967.58040009 5987.27362786
 5987.58842671 6024.99692285 6045.26868184 6046.61351024 6091.06104723
 6092.62670815 6093.67247098 6095.38519804 6098.26105416 6102.848604
 6124.03575963 6125.87241956 6126.31335127 6140.73573171 6162.19295302
 6172.1330499  6172.51081518 6187.39996058 6192.3022426  6192.77587419
 6197.7191894  6208.91364834 6224.20329227 6248.74060228 6249.20400058
 6256.76023953 6264.6856438  6271.08278701 6271.18741996 6289.33562007
 6300.0237142  6321.3924025  6332.81919393 6342.26715928 6364.9551094
 6378.24182734 6410.98890724 6414.29102846 6421.23076968 6436.03778204
 6474.43514122 6478.44575985 6502.24067258 6536.84964565 6540.55753206
 6552.06478985 6553.06841951 6576.26673443 6612.76806723 6652.9202533
 6667.22700083 6672.91797996 6715.52395704 6804.68743004 6808.61748229
 6826.26868422 6833.76285674 6857.00013818 6889.41038599 6894.45433416
 6905.41279397 6906.29615739 6911.20997271 6913.64196379 6922.23459894
 6925.28668775 6936.30911399 6954.56708036 6964.3461445  6965.33177422
 6991.17271278 7029.2038733  7045.47768029 7052.81925336 7071.79801709
 7080.54168502 7137.8824414  7146.2787106  7166.16157102 7170.57885482
 7173.11867884 7181.96474639 7199.48364881 7288.16305692 7288.35922286
 7295.65259612 7297.36852316 7340.70659755 7397.76685495 7410.01714336
 7429.67783792 7433.22035826 7452.85591958 7453.95771554 7472.61848044
 7498.37205265 7518.32171282 7536.97587774 7558.72649797 7566.9523678
 7582.1232455  7587.47192588 7594.6926994  7611.75440349]"
586,715710_2024-07-16_F-764,AId,True,"[  20.92247582   24.79899494   28.01521647 ... 7606.3007235  7608.65808152
 7610.71110732]"
587,715710_2024-07-16_F-768,MOs,True,"[  39.78170666   50.65893343   64.1198174  ... 7611.6528372  7611.83176988
 7612.57610048]"
588,715710_2024-07-16_F-770,MOs,True,"[  32.71843256   43.38076012   43.38612677 ... 7606.65062221 7606.68048877
 7608.06688369]"
589,715710_2024-07-16_F-772,MOs,True,"[  28.17464922   47.67034439   53.61378926 ... 7600.17941261 7604.56986318
 7608.343616  ]"
590,715710_2024-07-16_F-773,MOs,True,"[1061.62339244 1061.76465858 1061.83645832 ... 7418.67901159 7581.22428213
 7586.8571948 ]"
591,715710_2024-07-16_F-776,MOs,True,"[ 118.72718379  184.86064125  230.51590715 ... 7606.90708794 7608.0641837
 7611.61063736]"
592,715710_2024-07-16_F-783,MOs,True,"[  25.09659385   28.89011327   36.14475333 ... 7612.01323588 7612.17593528
 7612.45440093]"
593,715710_2024-07-16_F-785,MOs,True,"[  22.82373551   28.10844947   30.20610844 ... 7462.28651833 7469.95415687
 7506.18675733]"
594,715710_2024-07-16_F-788,MOs,True,"[ 178.1490992   846.7691804  1023.60966518 ... 7595.60639605 7595.67452913
 7598.65568487]"
595,715710_2024-07-16_F-799,MOs,True,"[ 289.46312429  391.38205051  456.95707669 ... 7583.62360666 7584.03190517
 7602.94010249]"
596,715710_2024-07-16_F-807,MOs,True,"[  20.28747815   20.92334248   25.22619337 ... 7612.40023446 7612.48636748
 7612.66816681]"
597,715710_2024-07-16_F-812,MOs,True,"[  20.26471157   24.88952794   25.24632663 ... 7612.02140252 7612.11203552
 7612.20226852]"
598,715710_2024-07-16_F-816,MOs,True,"[  20.56114381   20.60114367   20.89460926 ... 7612.22366844 7612.22526843
 7612.56330053]"
599,715710_2024-07-16_F-819,MOs,True,"[  55.95251402   56.38391243   57.79050728 ... 7610.68490742 7610.75047384
 7610.99880627]"
600,715710_2024-07-16_F-820,MOs,True,"[  38.7604104    39.2423753    51.30409773 ... 7609.77691075 7609.99530995
 7610.77164043]"
601,715710_2024-07-16_F-821,MOs,True,"[  21.74210615   23.74119882   26.0727236  ... 7611.39757147 7612.27446825
 7612.44610096]"
602,715710_2024-07-16_F-822,MOs,True,"[  76.93353707   76.99020353   83.7785453  ... 7604.5100634  7604.79166236
 7606.43835632]"
603,715710_2024-07-16_F-823,MOs,True,"[  38.78271032   41.22546803   42.56509645 ... 7608.03068382 7608.77281443
 7610.71910729]"
604,715710_2024-07-16_F-824,MOs,True,"[  23.73309885   32.73853249   34.80049159 ... 7612.17963527 7612.54283394
 7612.63966691]"
605,715710_2024-07-16_F-826,MOs,True,"[  22.31597071   22.48490342   54.95895099 ... 7609.66764448 7610.05597639
 7611.61130402]"
606,715710_2024-07-16_F-827,MOs,True,"[  24.95672769   24.97612762   24.9903609  ... 7609.37797888 7610.12884279
 7612.57463382]"
607,715710_2024-07-16_F-831,MOs,True,"[  20.86467603   24.53879589   39.05907597 ... 7612.59846707 7612.61170035
 7612.68163343]"
608,715710_2024-07-16_F-834,MOs,True,"[  55.0939505    65.70807824   75.62594186   79.1237957   160.27006477
  203.6066725   213.4955029   229.00224603  272.01255496  323.71379868
  350.53256699  355.42381572  408.65995381  495.41923563  508.31512167
  561.71119251  915.34859556 1100.46291666 1101.97607778 1122.34473641
 1122.43456941 1130.999638   1164.77661413 1178.88962903 1193.1782433
 1209.20385119 1242.22836341 1248.5561402  1251.52279599 1255.88661332
 1261.40099309 1285.84943676 1314.56119813 1314.72733086 1319.95907834
 1320.61184261 1320.89987489 1340.2189707  1386.6899336  1389.59318962
 1399.29015406 1408.64471975 1417.02318903 1431.54890242 1461.49355927
 1489.09449137 1491.26091676 1509.65061599 1564.12648286 1574.25911237
 1576.60860375 1577.80723269 1603.2727393  1626.72088664 1675.00574289
 1675.2285754  1688.38572715 1701.87661101 1708.76201909 1713.62273459
 1717.47798712 1725.14285901 1743.36425885 1753.14162299 1767.78900261
 1790.28435344 1799.94101803 1807.70412289 1807.73405611 1808.02515505
 1814.87012994 1823.79173056 1826.35698781 1826.67385332 1826.71068652
 1831.5699687  1886.39876761 1886.56563367 1898.7263224  1918.56388298
 1935.92661931 1937.75527927 1937.93741193 1939.19460732 1957.08007506
 1962.91952031 1973.85391354 1974.41227816 1978.88812841 1978.98092807
 2016.89558902 2018.9754814  2051.4228624  2069.3181301  2077.20006786
 2078.83659519 2095.07483564 2150.95929735 2154.4722178  2162.62585456
 2164.13701569 2175.94347239 2176.50040368 2176.52793691 2177.53269989
 2184.59144067 2189.97998758 2244.07432252 2257.81690546 2260.9673939
 2261.08646013 2261.5669917  2286.7899992  2287.40376361 2287.60062956
 2296.07546515 2311.34067583 2325.63162342 2325.78792284 2342.2417625
 2367.73450234 2400.64601497 2421.78523744 2423.13039918 2434.16582537
 2434.39939118 2448.77800512 2468.62343233 2469.63162864 2475.36387428
 2476.98273501 2529.974574   2530.02340715 2530.86177075 2531.13830306
 2533.14302905 2544.0794556  2548.73600519 2551.54939487 2554.83181617
 2586.06960161 2597.49629303 2602.15334262 2622.85430003 2654.21408502
 2663.88321623 2692.72911044 2719.65767835 2738.81284143 2741.35816543
 2746.92361168 2768.09040072 2773.45404772 2773.60688049 2786.87773182
 2792.12111259 2800.83648063 2802.01290965 2802.2966086  2802.63407403
 2811.3863086  2812.72700369 2817.13038754 2819.50064551 2823.46266431
 2827.6737822  2839.23893979 2845.34145074 2851.98935969 2870.48345853
 2870.60622475 2881.46915158 2883.65721022 2883.69654341 2884.24307474
 2884.45784062 2904.08760196 2908.61728535 2910.44214532 2918.23528341
 2925.25979098 2925.62035632 2930.93513683 2931.16853597 2939.21857312
 2957.23684037 2969.86269406 2970.64572453 2976.30920376 2976.59333605
 2990.75208412 3007.58058907 3021.69067065 3040.88133361 3050.61966456
 3054.9081155  3055.8974452  3056.89237489 3065.31297734 3078.83626108
 3079.69605792 3080.17755616 3107.73518842 3109.64618142 3111.81627346
 3119.61464486 3120.0747765  3120.11494302 3149.64583472 3168.27693306
 3198.31058958 3203.61540346 3203.70210314 3235.75411892 3240.10476963
 3240.28343564 3240.48426824 3255.45218001 3265.97367476 3275.67660584
 3275.83037194 3285.3208038  3307.96722075 3317.72328497 3340.35700196
 3357.37653954 3367.3499363  3368.18166658 3368.25649964 3382.2922815
 3382.63548024 3382.70081334 3432.21483174 3435.79675194 3442.95255903
 3444.36345386 3446.18608051 3455.89581156 3457.13780701 3461.6219239
 3464.78287897 3471.23225532 3471.52608757 3476.33990325 3476.6006023
 3481.59301732 3512.55680376 3512.74163642 3516.57125571 3521.26693848
 3529.86000697 3532.61286354 3540.55350109 3540.82970007 3540.87706657
 3544.30995398 3544.47048672 3556.57160901 3557.86567093 3589.27752239
 3606.58185893 3607.55808868 3607.64788835 3607.87695418 3608.03248694
 3617.75315129 3618.6151148  3620.4322748  3627.86071422 3628.32771251
 3628.55387835 3630.56220432 3631.76156658 3639.35810539 3639.75143728
 3639.92653664 3652.63599003 3689.63645433 3689.88752008 3690.03451954
 3690.81261668 3690.83954992 3711.88827272 3717.49885215 3723.55109662
 3723.57862985 3724.16209438 3729.39734184 3729.66700752 3743.79622237
 3744.01775489 3744.44102    3748.99603663 3758.55133492 3758.91853358
 3766.074574   3767.44343564 3767.4827355  3769.77149377 3769.81716027
 3794.6861024  3804.81956524 3806.53442561 3807.23228972 3820.43004132
 3825.7711884  3836.22068341 3849.55976782 3866.41900599 3866.47817244
 3866.60903863 3866.81823786 3867.07783691 3870.35949154 3872.25925124
 3878.3492289  3882.41744732 3889.75075376 3897.34372591 3904.75799872
 3904.86093167 3905.40879633 3905.53216254 3905.6634954  3905.85382803
 3924.78579193 3925.94188769 3941.69489659 3949.68706728 3954.45781645
 3965.04597761 3965.17981046 3971.20495503 3971.25508818 3971.54345378
 3971.76721963 3973.05544824 3980.69865354 3981.23138492 3981.28041807
 3983.98420816 3985.27520342 3985.80296816 3995.68616524 3998.91652006
 4001.07354548 4001.34957781 4002.4426738  4013.83216536 4016.99625376
 4017.89321713 4023.93546164 4023.9641282  4025.79818814 4027.50764854
 4029.09360939 4030.94610259 4031.01683567 4044.26102043 4048.60823782
 4048.66650427 4048.81977038 4054.89724809 4056.11807694 4061.67302324
 4061.74638964 4061.76708956 4061.9919554  4062.28818765 4063.78131551
 4069.40342822 4078.25396243 4079.22709219 4090.97058246 4103.98896805
 4104.13526751 4104.38756659 4105.24523011 4105.35426304 4105.40872951
 4109.64974729 4110.15121211 4116.0177906  4116.5709219  4116.75525456
 4116.96678712 4122.58186653 4144.39968651 4150.67469683 4151.29059457
 4155.70761171 4156.06357707 4180.50402077 4183.58717612 4195.75656483
 4225.20525683 4228.48204481 4236.39938244 4245.60011536 4246.36317923
 4252.14592469 4258.32090204 4262.94615175 4266.70563796 4268.55519784
 4268.75636377 4274.12274409 4281.24831796 4291.83247914 4292.37491048
 4294.79773493 4300.53711388 4300.80171291 4300.85744604 4300.95797901
 4301.08501187 4303.18280418 4303.21530406 4303.38270345 4303.58310271
 4307.15155629 4308.31198537 4315.60802528 4325.29472309 4330.29707141
 4330.3525712  4330.40730434 4333.28362712 4333.39502671 4333.70762557
 4338.46760811 4349.45483448 4353.18208748 4353.65618574 4370.97568889
 4407.61248786 4416.33035588 4424.33929318 4433.61225917 4453.6999855
 4457.653371   4462.01798833 4463.08718441 4473.91861135 4476.89083378
 4480.05748884 4487.43166179 4487.54606137 4487.91176003 4488.02209296
 4489.54128739 4490.6277834  4490.81634938 4491.10591498 4491.94037859
 4492.04591153 4510.49894386 4513.71976538 4517.37238532 4532.90536168
 4553.64488562 4569.28392827 4599.35358466 4614.82899457 4626.3986188
 4641.6883294  4641.90299527 4655.50727872 4671.78361902 4671.87295203
 4672.28325052 4719.27631151 4767.26690218 4767.57803437 4767.82140014
 4771.97458491 4781.2925174  4781.5015833  4781.64698277 4781.73491578
 4783.95654097 4784.01917407 4801.1082114  4820.54190679 4823.31172997
 4834.73828806 4834.79605452 4843.52732249 4845.38491568 4848.54677075
 4859.14246523 4866.83087036 4869.61429349 4881.3633504  4883.84194131
 4896.95662655 4897.01792632 4920.90127206 4925.55762165 4933.6608586
 4933.74192497 4933.84689125 4935.76641755 4940.57639991 4943.83285463
 4962.98828438 4977.62779735 4977.76623018 4983.53424236 4984.64767161
 5001.99094134 5020.52004005 5024.59599177 5026.83238357 5035.01745355
 5038.84977283 5040.17126798 5053.43575267 5055.43897865 5061.01679153
 5085.54710157 5091.73484554 5097.20302548 5103.52006898 5114.40309574
 5121.82790184 5122.46469951 5154.91594716 5177.60619728 5178.63396017
 5193.68433831 5199.10241844 5202.73080513 5203.88796756 5217.51108426
 5247.49867428 5248.63070346 5254.08248347 5259.60296322 5259.89916214
 5260.23916089 5264.91677707 5276.37233506 5292.27971005 5294.16020315
 5298.85651926 5305.28362903 5312.11770396 5315.72775739 5318.78654617
 5321.78230185 5321.93673462 5331.58016592 5331.72439872 5334.53862174
 5336.04384955 5341.07996441 5348.57327026 5348.70893643 5373.28964628
 5389.93218525 5390.08968467 5423.97069375 5458.23286809 5490.14058441
 5534.23958934 5566.23050535 5628.11614505 5640.10776774 5657.2971047
 5663.23861624 5674.29510903 5675.40287163 5685.75216701 5687.71555981
 5694.95846658 5695.17676578 5711.17694043 5731.91763103 5731.92626434
 5745.26711541 5745.35448176 5752.2147566  5759.14009786 5759.20596429
 5759.39649692 5805.03642954 5836.13371549 5852.1933566  5908.77504909
 5937.30354446 5937.53757693 5977.54616354 5997.4530572  5998.82208551
 6020.83170479 6037.78557595 6042.15349326 6043.08858983 6043.16528955
 6051.20726006 6056.22110833 6057.79033591 6088.89472184 6093.95686994
 6112.83303405 6134.17212245 6134.35898843 6134.50842122 6137.76294262
 6139.02757131 6153.32441888 6165.11304231 6165.53914075 6171.7143181
 6176.44396742 6176.51073385 6178.45332672 6179.33865681 6180.06765413
 6181.07085045 6187.16336144 6193.51670481 6231.3488994  6240.78939811
 6255.43301107 6257.74696925 6257.83806891 6258.52403307 6260.17199369
 6267.04740181 6271.75985119 6274.38694156 6283.00260996 6284.66090388
 6290.97764738 6301.52980868 6304.45606461 6304.55353092 6310.61614202
 6312.93063353 6325.6815201  6330.62990195 6335.95931574 6336.31791443
 6336.76204613 6336.78947936 6390.80368127 6394.76006676 6424.56432412
 6424.62569056 6436.96601197 6438.07040792 6438.91370483 6438.9862379
 6441.09449683 6441.42536228 6448.12507105 6452.88472026 6453.19611912
 6454.77971331 6454.99594585 6455.11951206 6455.1903118  6458.22736733
 6458.34786689 6461.54782182 6471.09245348 6471.34181923 6471.60045162
 6472.15088293 6472.64554779 6472.92748009 6478.15106093 6479.35515651
 6486.33949756 6497.54252314 6501.41760893 6501.48054203 6501.71587451
 6503.4813347  6503.56136774 6510.16691018 6511.93267037 6512.62326784
 6528.05287792 6545.81264612 6557.92893501 6560.33615952 6565.56167369
 6581.76544759 6582.69787751 6583.21774227 6587.198661   6606.30102428
 6616.64978632 6617.59781618 6618.18924734 6647.26220739 6647.37017366
 6653.34081843 6665.16940838 6678.01986125 6685.52206707 6685.63859998
 6685.87826577 6693.50470446 6698.02715454 6706.04425847 6731.49333181
 6736.24888103 6749.17940028 6749.20776684 6756.05494173 6756.18837457
 6765.79913933 6765.8531058  6770.95085377 6771.06618668 6775.72040294
 6783.65464051 6783.74704017 6786.43696364 6786.54499658 6786.77222908
 6795.53719693 6795.66072981 6796.32246072 6796.36896055 6796.55932652
 6796.71089263 6805.62082662 6805.70932629 6807.79711863 6819.25154329
 6829.36443954 6832.32129536 6833.76959005 6843.8634197  6848.35383656
 6848.9987342  6863.53638088 6872.2742155  6875.21513805 6879.42458928
 6881.36078218 6881.41828197 6881.62478121 6881.94601336 6882.04544633
 6882.33954525 6887.27352716 6902.57127105 6908.4202496  6908.78611493
 6914.43159422 6931.30896566 6936.24364756 6940.49076532 6953.33071823
 6957.46250308 6986.35023047 7007.93491797 7018.93611096 7023.23056188
 7042.50615785 7046.66594259 7047.9913044  7048.05120418 7052.34438844
 7059.68452818 7062.8419166  7064.97467545 7067.18680067 7123.45372765
 7140.55623159 7140.72133098 7141.62309434 7143.35595466 7144.5069171
 7148.66293519 7159.70162804 7159.89152735 7182.76274347 7183.86307276
 7211.05417304 7213.67223011 7221.56713449 7226.16448429 7226.60311602
 7248.68336837 7252.04595604 7255.76860905 7255.83134216 7264.98970857
 7274.15637495 7290.05744997 7297.0372577  7304.8734623  7310.39834204
 7315.16655788 7317.01415111 7317.85314803 7317.88968123 7319.51087528
 7320.59453798 7327.04464765 7327.79097825 7329.28757276 7329.52290523
 7330.99519983 7356.50067296 7358.64096511 7382.85320965 7398.50991889
 7402.32443824 7406.98388781 7411.33763851 7416.92778468 7417.28175005
 7422.22403192 7425.06202151 7425.38232034 7427.03621427 7427.05338088
 7427.12374729 7427.21414695 7427.89481112 7430.61586781 7441.38649498
 7450.93372663 7478.71409141 7480.43575177 7494.16596808 7506.03175789
 7516.2656537  7518.14934679 7518.18088    7518.9009107  7538.62940501
 7538.69217145 7539.32133581 7557.31766981 7570.8256536  7586.14273076
 7591.68734376 7597.00759091 7604.84236218]"
609,715710_2024-07-16_F-835,MOs,True,"[  23.80936523   25.37149284   25.47395913 ... 7609.78794404 7610.21930912
 7611.48770447]"
610,715710_2024-07-16_F-838,MOs,True,"[  20.58807705   21.08784188   21.25150795 ... 7610.2181758  7610.26490896
 7611.47913784]"
611,715710_2024-07-16_F-839,MOs,True,"[  20.67861005   33.1606976    39.10804246 ... 7609.32677906 7612.17396862
 7612.62063365]"
612,715710_2024-07-16_F-846,MOs,True,"[  23.95909802   25.19576015   25.54715886 ... 7591.83754321 7604.14773139
 7604.15706469]"
613,715710_2024-07-16_F-848,MOs,True,"[ 160.79189619  314.56379891  484.57877538  579.67585995  598.82525639
  605.91529706  605.91839704  632.68589888  642.45176306  669.18513168
  677.914733    727.89941635  831.90613491  846.76091377  878.18603185
  895.65233446  962.87028794  968.01323575  968.01593574  990.86801859
  990.87145191  994.09820675  994.10600672  994.11127337  995.18260277
 1002.41484291 1041.41096656 1043.67059161 1052.51005919 1054.32848586
 1060.81252874 1066.57344095 1071.51282283 1075.44180842 1079.07406177
 1095.35113541 1099.63828635 1102.39150959 1114.47866526 1115.74899393
 1116.70992374 1128.4921472  1129.63500967 1140.02950489 1140.64116931
 1146.37601494 1147.88337608 1147.88857606 1162.12599051 1163.17242001
 1163.21058654 1177.41440111 1180.5270897  1180.54038965 1180.5439563
 1206.0105629  1207.79822301 1207.81142297 1207.81648961 1208.80758598
 1211.0924776  1211.8751414  1215.7268606  1217.43998765 1217.45525426
 1217.45795425 1217.46168757 1237.5687805  1237.57201382 1244.46352188
 1244.49702176 1244.50118841 1254.14895302 1264.3177824  1266.23727536
 1269.98619494 1271.30802343 1272.92268417 1301.02254778 1301.055781
 1302.41597601 1302.91304085 1305.95942968 1309.21205108 1309.2634509
 1351.83872809 1351.85992801 1351.86496132 1351.87122797 1355.59224765
 1355.59514764 1365.61557756 1365.61827755 1386.65403374 1387.89949583
 1403.23447293 1432.4164659  1434.74962401 1434.79112386 1439.44367347
 1439.44647346 1443.04226027 1456.62591045 1458.79666916 1463.69895118
 1467.98836878 1471.85615459 1472.29565298 1479.71732576 1492.53587875
 1492.53857874 1499.76418558 1505.63796403 1525.62769072 1559.19563428
 1559.19940093 1559.28576728 1559.32840046 1561.70499175 1572.15728675
 1573.268116   1583.81567732 1583.81911064 1591.02455088 1596.18626529
 1600.80244836 1607.28479125 1614.73663059 1614.73963058 1614.74476389
 1616.77222312 1616.7776231  1617.01245557 1626.60102041 1640.98316766
 1643.70535768 1652.05592705 1652.06919367 1652.07189366 1652.24869301
 1653.17452295 1665.96427605 1665.97284268 1675.51274103 1677.49290043
 1677.52353365 1682.20731648 1683.55041155 1688.21239445 1696.28909816
 1704.42993498 1706.79439297 1712.36490587 1716.47192415 1717.50098704
 1720.59544236 1720.6740754  1721.12280709 1721.12560708 1722.22890303
 1727.74938279 1727.75328277 1734.73205718 1738.44787688 1741.23613332
 1759.72686551 1764.82501348 1764.83884676 1766.06157561 1769.99556118
 1781.951284   1783.03598002 1783.04038001 1783.84524372 1785.15867224
 1787.14669828 1790.91865112 1800.96051429 1802.51917524 1806.7835596
 1806.81779281 1806.82012613 1806.82342612 1807.01979207 1807.45455714
 1815.26569516 1820.19551041 1822.9537003  1841.88153088 1841.89413083
 1894.02510631 1895.61860047 1909.71641543 1910.36231306 1923.79916378
 1944.85495323 1948.33150715 1965.78070982 1993.17274269 1995.16750204
 2012.02357356 2019.24924706 2029.7641085  2042.11682986 2047.14757808
 2048.65243922 2054.30135184 2054.30415183 2061.14892673 2077.29506751
 2086.64366656 2091.48608213 2091.48958212 2093.71610729 2137.604713
 2146.49088041 2148.01824147 2165.57351042 2173.87094666 2176.08410521
 2187.60696295 2195.35273454 2195.35850119 2201.83047745 2201.8357441
 2216.13805831 2232.34259888 2234.35102485 2234.36799145 2271.48212201
 2285.91010243 2301.27411275 2312.39560529 2313.76446694 2318.2117173
 2323.39423162 2324.98445912 2324.99599241 2324.9991924  2329.109344
 2345.31771789 2400.70051477 2409.5644156  2409.58364886 2414.23629846
 2442.0657964  2442.89139337 2442.89526002 2495.62786663 2555.55694684
 2556.53987657 2590.3514859  2590.35465256 2592.27584551 2593.83997311
 2632.87142996 2692.5217112  2695.79819918 2705.56049671 2719.80054449
 2722.60960085 2722.61293417 2722.61720083 2722.93046634 2732.87922986
 2745.33708417 2765.28127769 2765.43781045 2778.99862738 2779.01362733
 2795.44263374 2796.76732888 2796.7708622  2796.77422886 2801.76597722
 2802.00094302 2802.00570967 2826.62035273 2838.82490797 2873.47421423
 2873.60778041 2873.61221373 2873.71751334 2893.78390641 2893.78637307
 2911.62660764 2912.11660585 2912.54343761 2929.06927701 2944.03545545
 2953.61988697 2956.18447756 2975.23624102 2983.54497722 2983.54837721
 2985.84220213 2985.85750207 2985.86066873 2994.34407095 2994.4291373
 2994.43257062 2999.93225045 3012.26857188 3012.38213813 3012.70677027
 3012.88663628 3018.92194748 3031.87326664 3037.84147809 3037.84447808
 3038.07187724 3048.92477078 3053.59458698 3062.88425291 3097.96945757
 3105.34629719 3105.41233028 3126.99675112 3127.0010511  3127.00685108
 3127.00915107 3131.75200034 3131.754767   3135.72108579 3135.72475244
 3136.0003181  3141.73313041 3152.25719181 3152.27215842 3152.27565841
 3159.8573306  3171.94235295 3173.7354797  3173.7630796  3181.60135086
 3181.60468418 3187.59679554 3187.59979552 3194.95840187 3199.3214192
 3207.1561238  3219.8539439  3220.86924018 3220.8726735  3220.91294002
 3220.98717308 3231.2235022  3246.3121802  3248.04987383 3253.28598796
 3253.43492074 3253.43965406 3260.9005267  3265.83837526 3271.63328734
 3271.63708732 3271.7717535  3271.83505326 3271.83825325 3271.84408656
 3277.84336456 3283.4309774  3288.53185869 3300.62051436 3300.62341435
 3303.8909357  3309.82141395 3309.93341354 3309.93664686 3309.94128018
 3309.94348017 3320.01477657 3329.1854096  3329.20290954 3329.20537619
 3330.57957115 3330.65110422 3330.66450418 3342.10262889 3344.33625404
 3344.45668693 3345.60154939 3345.82704857 3364.36134726 3364.55494655
 3364.58051312 3364.58617977 3364.59214641 3364.5970464  3373.08721526
 3381.29721848 3384.38594049 3387.07496396 3392.74957648 3392.75637646
 3392.75990978 3394.03330511 3394.03713843 3394.11547147 3394.12440477
 3396.96329436 3397.00502754 3397.45829255 3399.23168604 3405.01026485
 3408.24631965 3415.11112781 3418.04925036 3438.61750826 3443.8515224
 3457.50930565 3458.86886733 3459.22549935 3462.26815486 3462.75555307
 3490.67821733 3496.27023016 3496.27786346 3496.6048956  3496.62026221
 3498.55265512 3507.4659891  3512.1930051  3529.13817628 3529.4505418
 3537.668445   3551.43566118 3581.3306182  3585.40270327 3592.55364371
 3592.87237587 3592.87587586 3592.88090918 3601.23777853 3609.13611623
 3609.3618154  3610.55037771 3619.47484498 3619.51291151 3621.12803892
 3621.13270556 3627.57041529 3632.89229577 3632.89772908 3632.90099574
 3636.62228209 3639.08927304 3641.14389884 3642.10736197 3658.80573407
 3666.26284005 3679.57735789 3679.85155688 3679.8559902  3679.85969019
 3680.26345537 3681.11445225 3685.48746955 3693.53394004 3701.5506773
 3705.34243006 3705.37249662 3705.38292991 3705.50236281 3707.10762359
 3707.1136569  3735.44268634 3739.77257046 3744.49635313 3751.93725918
 3790.11995248 3790.39818479 3796.88642766 3796.94726077 3805.44292962
 3816.21975676 3816.28855651 3819.3165454  3829.46254153 3829.71507393
 3831.24100167 3833.43992694 3842.37746083 3842.61675995 3849.38683512
 3859.56113114 3860.30266175 3868.47636511 3869.16449592 3873.15371462
 3884.78403864 3906.46769245 3907.70268792 3914.30929702 3915.17239386
 3915.1794605  3930.23690527 3931.53733384 3949.5631344  3951.04746229
 3951.25629485 3970.59482393 3973.7848789  3973.78757889 3984.83453837
 3992.31601094 3998.03795662 3998.14495622 3998.19178939 4001.87307589
 4007.50528856 4007.51745519 4023.76442893 4023.76919558 4025.95608756
 4028.9553099  4053.79808545 4053.88681846 4066.17834005 4082.13938151
 4086.59526517 4087.79912742 4096.05626381 4096.06463044 4096.55389532
 4096.55952863 4097.01946027 4107.14522314 4112.36820398 4112.64316964
 4114.73739529 4116.55822195 4117.5899515  4121.36827098 4124.44799301
 4124.45095967 4140.57923385 4145.21371686 4145.31418316 4158.4824682
 4159.19346559 4160.48339419 4160.49519415 4160.49842747 4160.50049413
 4160.84145954 4160.84475953 4160.97622572 4161.8249226  4165.74600822
 4165.75510819 4167.31763579 4180.61132037 4188.51789138 4200.07428233
 4200.08624895 4206.90912393 4226.13782007 4226.22461975 4226.26418628
 4237.35804559 4237.36097891 4242.96879168 4262.89031862 4262.96258502
 4262.97425164 4262.9766183  4262.97885163 4262.98711826 4263.5850494
 4263.60218267 4263.8674817  4267.89080028 4303.12970438 4303.13777101
 4305.21636339 4305.22906334 4309.34701491 4311.54467351 4312.5751364
 4312.90026854 4312.9027352  4330.49983733 4371.42458724 4407.43375518
 4416.41662223 4426.85731728 4428.17841243 4430.14533855 4431.49120028
 4434.3505898  4444.67548526 4466.30620593 4473.1869807  4473.19281401
 4473.86617821 4474.29874329 4475.33567282 4478.92449299 4478.92805964
 4478.9303263  4479.08212575 4479.08522573 4480.35645441 4480.36702103
 4480.37218768 4486.37396567 4555.27201299 4572.07441803 4572.26525067
 4590.73401627 4603.5586359  4605.85566081 4617.06651969 4617.11875284
 4617.12248616 4626.5000851  4654.16208365 4654.16765029 4670.78928934
 4679.0780256  4699.84461611 4704.4360326  4710.19221149 4710.90697554
 4722.02216811 4728.78854329 4732.69026232 4746.26904585 4749.66183341
 4759.81879616 4767.83086677 4774.02577739 4780.13842164 4788.75202338
 4788.75799002 4789.84945269 4796.17782948 4797.82825676 4801.82930875
 4801.85724198 4820.96603857 4820.96977189 4836.6735143  4840.63416644
 4846.68734424 4852.53025614 4859.62699678 4879.5188905  4894.86303422
 4894.86686754 4911.91727168 4935.06838677 4952.52985607 4952.53322272
 4952.59325583 4957.18320567 4957.24917209 4962.63508567 4966.28537229
 4969.55512696 4969.68652648 4978.70652673 4997.89295637 5015.26015934
 5027.85881313 5034.73832124 5034.7674878  5034.77125445 5044.528452
 5047.75310684 5049.17223497 5053.91768423 5058.87796604 5068.49376411
 5071.59081942 5089.25235464 5091.54507957 5094.09077023 5103.00767086
 5130.45697019 5142.78182499 5147.37284149 5147.38164146 5196.02572972
 5196.21229571 5217.65201708 5244.57225168 5296.87435987 5329.11837495
 5341.09479769 5358.53233374 5360.17676104 5368.4851639  5368.89999572
 5377.95909583 5377.97879575 5382.14018049 5383.57864188 5407.56388725
 5418.39181421 5431.86463146 5434.92525357 5444.40768546 5467.00593592
 5482.40354611 5512.01257086 5531.82719819 5546.10257917 5552.76215474
 5559.17119791 5561.08995754 5578.27376118 5578.27672784 5589.6768527
 5646.26484516 5648.41550394 5652.59118863 5652.60135526 5675.5222712
 5687.73405974 5703.62693479 5746.59107722 5747.17174176 5748.18900469
 5775.27777201 5805.31542852 5806.1396255  5820.3253068  5853.17428633
 5853.25331938 5863.12568317 5902.08300696 5902.16937331 5902.33573937
 5923.11619649 5953.63428457 5962.15921997 5963.35678224 5963.42088201
 5964.08341291 5985.01200282 5985.38643478 5994.86336669 5995.93166278
 5995.93436277 5997.42995728 5997.45882384 6003.22786935 6003.23976931
 6013.82639715 6019.96280798 6022.45619883 6028.35051055 6054.41341496
 6055.51814425 6097.39479067 6097.40819062 6127.41994722 6127.42254721
 6127.90824543 6149.54416608 6231.48143224 6263.70841405 6264.72101034
 6268.57159622 6302.22867278 6310.7387749  6313.94442981 6337.615343
 6337.61887632 6337.66450949 6359.38972981 6361.26198961 6381.73111454
 6413.17409923 6423.60622763 6475.09237215 6518.1961474  6562.64935103
 6565.45144076 6579.46745602 6579.472256   6582.11911296 6588.00809137
 6589.53721909 6603.54313439 6604.24356516 6605.26999473 6606.23585785
 6607.43818677 6611.90240373 6611.94300359 6612.11450296 6612.2380025
 6652.27575567 6652.27875566 6660.13936016 6661.63832133 6662.43578507
 6695.1674317  6713.52033106 6724.07642568 6724.08175899 6726.31918412
 6740.41036577 6770.16089    6770.16688997 6793.17863891 6808.47001617
 6813.82372987 6815.39705743 6850.58859503 6864.53177723 6869.02486075
 6881.86381367 6885.04700199 6921.50253496 6984.46603738 6984.60703686
 7007.88161817 7009.70004483 7020.01904032 7022.43669812 7022.44243143
 7022.44479809 7024.60979015 7024.80335611 7038.16354044 7044.87898248
 7044.99124874 7062.55281766 7065.22914118 7067.18070069 7112.4857012
 7119.15881006 7140.16556636 7147.17000733 7160.92362356 7168.35119632
 7176.35636696 7178.29549318 7193.26300496 7193.31287144 7193.5682705
 7199.79531433 7199.80091431 7210.07854329 7253.75338311 7297.75822173
 7298.32721964 7326.99374784 7353.3454512  7353.34838452 7358.98659717
 7362.87354959 7368.62682849 7377.81349479 7378.2042267  7416.16382081
 7419.5859416  7420.80237047 7420.80677045 7429.75597097 7437.22284358
 7449.58396491 7452.38305465 7452.38562131 7462.13068557 7464.29401097
 7473.56884362 7480.58835121 7484.26093774 7490.71398074 7490.74071397
 7493.93493559 7514.78755912 7525.6171194  7525.63045268 7557.66376854
 7558.02550054 7566.15817072 7570.1804893  7582.87674274 7604.75066251
 7606.08939094]"
614,715710_2024-07-16_F-849,MOs,True,"[  21.05430867   22.27257087   28.37761515 ... 7612.23013508 7612.23916838
 7612.61643367]"
615,715710_2024-07-16_F-854,MOs,True,"[  22.26877088   22.58966971   24.5729291  ... 7612.58576711 7612.58850044
 7612.59090043]"
616,715710_2024-07-16_F-857,MOs,True,"[  21.55297351   23.39353342   24.02819776 ... 7612.54433393 7612.5971004
 7612.62656696]"
617,715710_2024-07-16_F-883,OLF,True,"[  20.9372091    24.11366412   25.94099075 ... 7612.45510093 7612.55800055
 7612.59436708]"
618,715710_2024-07-16_F-895,PIR,True,"[  20.65147681   22.8356688    23.68706568 ... 7604.92246188 7610.62064099
 7610.63187428]"
619,715710_2024-07-16_F-897,PIR,True,"[  22.21497108   34.74452513   39.87527298   42.1684979    53.21065741
   53.99195454   54.43601958   69.91296282   69.92909609   74.42161295
   75.60717527   75.84877438   81.51878692   81.84391906   81.85975234
   85.45410582   88.5127946    88.98709286   89.40762465   89.89222288
   94.45480614  117.24028925  126.40028899  128.81008015  133.90659479
  142.76502897  144.53702247  147.35884545  158.84053668  165.43687915
  168.65470069  170.83392603  173.84898164  181.10522169  187.70376416
  192.49301326  199.0634225   202.67180926  204.53686909  204.57273563
  209.43118447  211.0775451   219.31148157  226.66925459  229.84804293
  237.7896138   238.19611231  241.81123239  249.50960416  255.70171478
  256.33404579  260.71142974  261.63915967  264.34118309  265.37427931
  266.38647559  270.84112592  275.5001755   277.50323482  279.39716121
  281.73868596  283.61867906  283.66471223  288.83789325  290.16808838
  293.80224171  295.22930315  297.35726201  297.72596066  300.99998198
  305.46119896  305.47403224  308.51105444  308.64092063  314.01963423
  319.69671341  320.00671228  325.12962682  326.41385545  328.1996489
  328.26184867  333.15669738  338.85357649  344.44778931  348.32880841
  349.35280465  352.80955864  352.90662495  354.75378484  357.40530845
  360.95726209  361.34349401  361.6542262   362.27585726  363.82865156
  366.8175406   371.51149005  373.90778126  374.81771126  375.44167564
  380.60275671  382.02768482  389.54752391  390.42418736  395.74623451
  396.99622992  399.1755886   399.82155289  400.15758499  413.39543645
  414.14876702  415.09526355  415.21629643  417.35092194  420.3889108
  424.3516296   426.08072326  426.95375339  428.31418173  430.86373905
  431.36343722  436.35471891  437.1935825   437.9121132   440.59580336
  444.44045592  444.53162226  448.24170865  448.49854104  449.37047118
  451.26799755  454.61421861  459.90513254  461.2056611   465.07068026
  465.44384556  466.80354057  468.05016934  470.1856615   470.25502792
  471.45985683  476.46280515  480.80552256  481.37095382  481.95525167
  499.54785382  506.11076308  506.72209417  507.21705903  507.27509215
  511.04784498  511.23537762  525.79872421  527.25518554  529.15784523
  529.32281129  535.50165529  538.21321202  538.37394476  540.80216919
  541.77829894  546.4058153   549.62643683  550.87566558  551.50429661
  552.60165925  553.94025434  557.5485411   559.19763506  562.31825695
  562.96892123  571.73898906  572.2838204   573.15871719  579.44806079
  584.63154178  584.65187504  585.01594037  589.92925568  591.51678319
  591.79381551  594.11800699  598.04122593  598.73309006  601.1487812
  601.78921219  603.23664021  605.94366362  606.35476211  609.05325221
  612.51570618  613.73793503  618.05261921  630.25907444  637.28004869
  643.72925837  650.13270156  663.35431973  663.84745126  664.31131622
  664.45121571  665.41231219  667.58550422  670.94435856  672.89985139
  696.0296999   702.30947687  702.7726085   703.89730438  709.94324887
  716.36165867  718.00905262  722.82896828  723.25970003  727.91024965
  730.98320504  734.19545993  752.50275945  753.8160213   755.71534767
  755.72234765  764.42768239  772.97928436  773.6953484   785.61477135
  790.16455466  790.56065321  796.22643243  798.37682455  804.1710033
  805.57646481  805.88449701  810.91731189  815.01259687  820.16824463
  822.52766931  826.93338648  830.56357317  832.06850098  832.30043347
  835.47782181  841.12966775  842.60776233  848.71660659  848.86767271
  851.40686339  852.75669178  854.25055297  856.72837721  866.17660923
  869.06409864  871.22975736  873.8455811   875.40000873  882.37074984
  883.14461366  885.62773789  886.13753602  892.4874794   892.92461113
  898.81095621  909.52115026  909.57221674  911.23531064  916.71715721
  919.45578049  921.00894147  924.42816226  926.20082242  927.8251498
  930.29087409  937.48338105  938.4137443   939.36890746  943.77919129
  947.20301207  952.98202421  956.24111225  957.68570696  962.03059102
  963.7097182   966.03734299  966.44240817  974.33947921  977.37180142
  984.44320882  996.20429902  997.81902644 1000.57801632 1006.57842764
 1006.94945962 1017.42715452 1020.12024465 1026.93581965 1044.02505698
 1044.58138827 1048.29297466 1051.44562976 1058.99533541 1060.30416394
 1097.2702617  1098.36209103 1129.36037735 1165.92150993 1168.64493327
 1177.809633   1187.10946556 1208.54252028 1210.18158094 1229.16084467
 1247.66867679 1280.83172183 1282.66111512 1329.83320879 1332.12853371
 1341.95099768 1350.11790106 1351.20416375 1394.59517128 1397.81025949
 1407.06472555 1424.02436335 1461.41205956 1488.55226003 1570.21226055
 1591.02281756 1648.12967479 1650.28670021 1657.88267235 1674.64821086
 1676.77776972 1681.24005336 1688.00696187 1688.81959223 1707.48469044
 1720.64230885 1730.22944036 1748.47224012 1756.50321067 1768.29613408
 1860.87079457 1874.50704456 1890.2382202  1908.73948568 1921.07207378
 1926.06355548 1932.85996389 1948.23754082 1955.39698123 1963.24461912
 1984.33660843 1987.57586322 2005.37179795 2037.02178188 2041.4153991
 2052.35352565 2069.27849691 2111.2719429  2127.29561747 2155.65174681
 2162.26352256 2181.14185333 2203.84857005 2230.04157399 2247.17401116
 2250.00610077 2255.63894678 2265.50621059 2303.26043879 2349.63543538
 2358.54023606 2371.82358734 2423.21769886 2429.49800916 2430.70207141
 2446.84847886 2472.13041947 2476.25903766 2517.29645383 2526.71225263
 2531.03007013 2537.33038036 2588.88385795 2593.31894169 2596.38123046
 2612.35997185 2656.37384377 2660.49632865 2703.58777061 2717.8343517
 2717.9263847  2718.74068171 2735.82848571 2823.19819862 2830.20087293
 2848.37203963 2853.541454   2894.53577032 2943.41119107 2991.55284785
 3028.71894488 3036.26178388 3095.56233307 3106.66225903 3128.26464647
 3131.24593553 3163.23268489 3170.06135985 3178.71169479 3181.34878512
 3181.53378444 3198.25382312 3218.20608328 3218.2083166  3218.21294992
 3267.63850199 3301.81710997 3321.00393961 3327.36934959 3329.68567443
 3354.62128298 3368.22629975 3381.3646849  3400.77494705 3418.33431598
 3497.85359102 3505.53159619 3520.9889395  3523.77326263 3530.06380622
 3539.41913858 3553.45258711 3556.83894136 3585.27037042 3587.55856203
 3588.42272553 3588.43225883 3591.02748264 3591.0299493  3591.17364877
 3591.1762821  3592.22404492 3592.37224438 3593.64740637 3598.88002051
 3612.50107055 3622.8671992  3673.72097937 3700.52038108 3708.22088617
 3713.52463339 3715.27756029 3721.50017081 3763.46175025 3799.44705161
 3858.71736757 3864.16684758 3864.3716135  3888.42412529 3928.37187878
 3929.77244031 3990.50085093 4015.51509252 4022.85216561 4022.85443227
 4040.84116631 4042.90202541 4055.39291294 4060.51369416 4068.12136626
 4070.5820239  4076.58480188 4093.99983802 4167.74706755 4171.91255227
 4190.7829164  4190.95331578 4192.06707836 4235.51781901 4242.20309449
 4287.67046107 4289.16752225 4292.0604783  4293.39274009 4293.85383839
 4309.01014948 4314.65119545 4348.49870465 4376.72550113 4394.40013631
 4397.57005802 4408.59431759 4422.72153245 4424.20892699 4444.21882027
 4494.3085699  4521.77143585 4524.15269378 4524.81495802 4530.96113548
 4533.84812489 4535.67615152 4537.72801066 4538.98250606 4543.89205472
 4552.60985609 4554.07801737 4554.2232835  4554.44784935 4554.45861597
 4554.98954736 4558.52300107 4559.13803214 4561.87425544 4562.66008589
 4567.65100092 4577.45349831 4594.42163608 4668.76256344 4678.07812927
 4678.0875959  4682.01381484 4690.9494154  4707.38898844 4721.06017164
 4722.75309876 4739.88990258 4743.62082223 4772.02028474 4775.45210549
 4783.18807712 4790.58514999 4813.39749966 4816.98705316 4830.62090316
 4836.56648136 4837.57857764 4840.58076663 4846.63697776 4862.76481861
 4864.04948056 4881.93864829 4890.6072165  4892.88564148 4898.2326552
 4908.10771898 4921.16697109 4923.18803034 4925.41955549 4929.97313879
 4942.80865839 4994.7938344  5004.97599706 5006.90069    5036.61018104
 5046.16561266 5050.87726205 5054.33474937 5061.1781576  5118.30018145
 5120.72383922 5124.34549261 5126.1378527  5127.62221392 5129.47610713
 5129.48354043 5129.4919404  5129.61130663 5129.61403995 5129.61683994
 5130.25810426 5130.4736368  5130.79760228 5131.68883234 5131.69156567
 5131.70503228 5133.15926028 5133.58069207 5134.49965537 5137.76061008
 5142.00682784 5149.03570206 5150.70459594 5163.37854946 5183.36647615
 5187.61716056 5198.31142134 5228.7990762  5235.62401783 5256.44730813
 5270.3976903  5279.38459068 5287.89149281 5296.28289537 5300.09614805
 5323.73649468 5332.78372817 5362.24588679 5373.15804677 5377.41183117
 5430.09983794 5451.71609199 5460.21766081 5471.93135119 5486.62263064
 5486.63693059 5500.44267996 5512.60503535 5517.30345145 5519.77420906
 5520.22454074 5548.55557017 5559.21426442 5571.13972068 5583.08717686
 5587.87492597 5588.0392587  5592.2572099  5602.35997285 5616.24185527
 5618.64491312 5642.79449122 5642.88382423 5649.19583441 5657.20580504
 5661.48848933 5668.60339657 5709.28414738 5717.90561576 5721.87040122
 5726.95344924 5728.97650849 5757.33760447 5757.66626994 5758.35710074
 5762.62975173 5763.9931134  5803.68853449 5827.88077909 5834.32202214
 5841.57859553 5866.45203764 5874.19820923 5878.00569526 5897.23472474
 5898.95665176 5905.76946011 5908.17798461 5915.90948959 5920.8492048
 5924.15855933 5925.94098613 5931.56573217 5942.48442546 5945.98034597
 5977.60459666 5978.79399229 6005.6404605  6017.7924826  6044.27091883
 6075.10333909 6081.44884915 6085.43693452 6111.31527295 6144.56361768
 6178.88435847 6182.96347685 6190.74798163 6233.41122517 6234.2564554
 6278.41192679 6282.52077839 6320.45660593 6344.7599168  6365.75177315
 6399.08508423 6417.49938336 6419.40377638 6422.0434667  6447.12210806
 6449.21906703 6456.77920597 6456.8717723  6456.87450563 6457.86216867
 6459.53219588 6459.63242884 6461.15995658 6461.32128932 6461.37758911
 6461.40372235 6461.80945419 6463.49091469 6466.26833784 6466.86526898
 6466.86803564 6467.00086849 6467.72636583 6468.15806424 6468.16613088
 6469.54095917 6473.4229116  6473.65287742 6473.77631031 6474.12664235
 6474.12920901 6474.13257567 6475.06960556 6475.86953596 6480.72971814
 6509.80317818 6530.58860195 6535.26665146 6557.59863622 6578.17806075
 6599.831648   6626.98668175 6641.60089482 6653.99654936 6675.81146935
 6677.05983144 6682.39034522 6686.20693123 6695.15756507 6724.72872328
 6725.29112122 6785.6199333  6830.42436898 6853.2058521  6858.70223194
 6859.01853078 6859.51369563 6859.63602852 6859.80842789 6861.49428837
 6863.01871611 6863.13178236 6863.17108222 6863.42671462 6863.46928113
 6863.53704754 6863.83411312 6863.90381287 6863.91321283 6864.00884581
 6864.38254444 6945.08348181 6976.64656605 6984.25290482 6987.97039119
 6995.64346305 7005.98632512 7011.35760542 7011.39550528 7035.54928336
 7036.71627908 7082.51644445 7084.62253672 7086.18426433 7086.84779523
 7090.63348135 7109.91964395 7127.34621337 7144.05138544 7175.30573748
 7182.59517741 7201.60157438 7220.34483897 7236.72434557 7252.86215305
 7276.49796636 7290.46194849 7294.68033301 7304.70119626 7304.70339626
 7374.04390862 7374.74620604 7378.8586243  7381.90281313 7393.42350421
 7394.02163535 7407.51268587 7411.61100418 7426.71751544 7446.7780752
 7457.66863526 7457.71180177 7457.79526813 7458.57183195 7462.09228571
 7473.04314554 7474.84163895 7478.44995905 7484.61360311 7492.7866398
 7505.33749377 7531.24709875 7533.38252425 7538.50917212]"
620,715710_2024-07-16_F-899,PIR,True,"[ 117.22252264  122.50456994  162.11559134 ... 7594.47796686 7599.27384927
 7600.39517849]"
621,715710_2024-07-16_F-900,PIR,True,"[ 116.01642707  150.44676746  213.41796985 ... 7612.29743484 7612.52103402
 7612.59956706]"
622,715710_2024-07-16_F-901,PIR,True,"[  22.29997077   29.49711104   32.40033373 ... 7591.17057899 7598.50698541
 7604.81599561]"
623,715710_2024-07-16_F-902,PIR,True,"[  25.9090242    36.27278619   36.43881892 ... 7601.35837496 7603.31096779
 7610.94217314]"
624,715710_2024-07-16_F-905,PIR,True,"[  23.97586462   94.5488058   113.99580115 ... 7609.64627789 7610.15337603
 7612.67336679]"
625,715710_2024-07-16_F-910,PIR,True,"[  20.61651028   20.62121026   20.6276769  ... 7612.20490184 7612.21113515
 7612.3178681 ]"
626,715710_2024-07-16_F-922,ORBl,True,"[  23.11393445   28.87497999   31.5269036  ... 7607.81041796 7608.06125037
 7610.19587588]"
627,715710_2024-07-16_F-927,ORBl,True,"[  21.33944096   21.46407383   21.74860612 ... 7612.16026867 7612.31200145
 7612.54000061]"
628,715710_2024-07-16_F-928,ORBl,True,"[  34.00136119   55.00155084   97.27779579 ... 7579.62735465 7583.42867404
 7600.13424611]"
629,715710_2024-07-16_F-930,ORBl,True,"[  20.82330952   24.83702813   25.75945808 ... 7605.58692611 7612.22710176
 7612.57920047]"
630,715710_2024-07-16_F-938,ORBl,True,"[  21.34017429   21.48847374   25.06632729 ... 7611.60793737 7611.76190347
 7612.53080065]"
631,715710_2024-07-16_F-941,ORBl,True,"[  20.31787804   20.32094469   20.37864448 ... 7611.85010314 7612.07583565
 7612.45613425]"
632,715710_2024-07-16_F-943,ORBl,True,"[  20.68601002   20.77237637   20.79840961 ... 7611.92956952 7612.49086746
 7612.62373364]"
633,715710_2024-07-16_F-947,ORBl,True,"[  23.08500122   31.20937143   33.5172963  ... 7601.09130927 7603.39110083
 7610.86977341]"
634,715710_2024-07-16_F-962,ORBl,True,"[ 538.38074474  622.28830368  998.65002339 1033.73386139 1162.87975442
 1173.08581699 1202.88034105 1208.31622111 1292.55171218 1654.23398573
 1708.55685317 1774.14317931 1831.758868   1832.63033147 1859.87133157
 1912.63510473 1931.9466339  1964.33901511 1976.72040303 1984.63730733
 1987.74152928 2021.83340425 2038.1064779  2055.92547922 2074.82137658
 2089.37858986 2098.07425797 2098.13939107 2111.12247678 2121.96340369
 2121.98290362 2122.39283545 2146.2561146  2153.78575365 2163.9436164
 2171.12305674 2173.00751649 2181.03585371 2201.05541363 2201.60161162
 2229.04941096 2236.19881807 2260.65099506 2270.30699298 2284.56250737
 2305.59483023 2328.17024744 2344.62125377 2367.81913536 2377.92943162
 2378.07813107 2409.44904935 2426.9504185  2432.54506465 2434.06955906
 2436.39621719 2441.98646336 2487.2933972  2531.62643461 2534.14959202
 2537.91147822 2547.58527608 2551.75742744 2552.20992579 2576.41890367
 2576.99553489 2578.96656099 2601.53211157 2625.407224   2627.13835099
 2643.85488968 2648.8761046  2657.71987217 2666.95577163 2686.62809948
 2687.49119631 2714.48786397 2716.28685737 2719.84464433 2722.45900141
 2752.79369015 2804.73643299 2826.91065167 2871.02278989 2892.89617634
 2909.64594824 2910.38561219 2914.03999879 2914.65512987 2944.44938727
 2958.24147002 2959.50163206 2975.76847241 2976.49586974 2991.52764794
 2991.53281459 3009.00035053 3013.45483419 3020.82550716 3022.56420078
 3028.69977828 3051.2725955  3053.64868678 3069.71612786 3078.48606236
 3083.01847907 3087.20599705 3091.1368493  3097.77769161 3122.0126694
 3125.65608937 3148.00424074 3154.29868432 3156.97437451 3158.84466765
 3189.93208697 3212.46657099 3221.12943922 3242.98129242 3268.09563364
 3268.50886546 3292.48907752 3340.05983639 3344.41418708 3348.20470651
 3378.55916186 3385.90680158 3427.98628059 3432.98196226 3436.94058108
 3467.72803484 3468.13010003 3486.13060068 3487.24682992 3520.80250685
 3526.71425184 3527.51628223 3527.69268158 3530.11770602 3532.59469694
 3537.61461186 3556.37807638 3557.06067388 3562.74895302 3563.14278491
 3587.84716097 3590.66935062 3603.17300476 3645.56498263 3651.09906233
 3660.2869953  3671.66105359 3680.84875323 3681.69068347 3686.31973316
 3696.00653097 3697.15032677 3763.86764876 3795.15376735 3808.65048452
 3845.80644825 3866.26160657 3866.87300432 3894.31660368 3901.78720961
 3916.0332907  3920.18117549 3925.55325578 3940.90336616 3968.62496449
 3975.85797129 3977.83493071 3982.01121539 3992.40371061 3993.65777268
 3995.09363408 4017.84521731 4019.52584448 4026.34471947 4034.83928832
 4040.83813298 4058.41190187 4062.96275184 4063.97374813 4068.78723048
 4073.90171172 4074.26721038 4074.62307575 4099.25661874 4161.91488894
 4167.98943333 4175.90507097 4187.48229517 4187.93346019 4191.7840794
 4201.30181116 4205.37102957 4206.64552489 4207.59405475 4214.84672815
 4227.6028147  4245.95474739 4252.96075503 4255.89011096 4265.01264417
 4267.24300265 4280.89298593 4288.74805712 4292.86600868 4295.31379971
 4308.96548297 4319.95554267 4346.49464534 4347.97540657 4359.86346297
 4377.90483014 4388.00652643 4388.38112505 4389.38242138 4405.48016234
 4409.94304598 4411.05990855 4416.75598766 4417.04838658 4419.47654435
 4435.64761837 4452.86758855 4464.58331225 4469.87939283 4472.05418485
 4484.61690545 4486.98189677 4493.97740445 4495.73966465 4502.88333846
 4530.54863699 4540.08383536 4540.32723447 4551.85125887 4558.70233374
 4568.17063235 4578.02356288 4583.96000778 4587.64396093 4592.50304311
 4608.26005199 4609.18488193 4614.38536286 4616.26958928 4648.22880541
 4652.25442398 4660.5752268  4677.26009894 4686.91176354 4689.12398876
 4733.59029235 4735.6396515  4737.01261313 4749.45900082 4762.61728589
 4774.42567592 4784.51733891 4785.32153596 4794.06047058 4796.50426162
 4803.31433664 4804.43999918 4805.28312942 4807.63438746 4811.61677286
 4812.84380169 4812.9316347  4814.50042895 4823.2561635  4829.89847248
 4832.95799459 4838.21670864 4848.024406   4849.04076894 4849.25276816
 4861.18469107 4862.96678453 4874.07127714 4874.38537599 4882.42101319
 4884.0438739  4887.1444292  4887.31572857 4907.94018626 4914.76842789
 4915.58162491 4917.1102193  4923.41452951 4933.66122527 4940.18110135
 4940.4404004  4961.6107561  4971.66171923 4974.41604247 4988.10305894
 4988.36405798 4988.89748936 4994.20493656 5009.31974779 5025.61468803
 5036.63388095 5036.79798035 5044.35325264 5059.22286478 5060.96775838
 5067.25073533 5069.29066119 5073.51444569 5079.78938935 5081.83368185
 5089.61002    5097.89292295 5098.04278907 5105.89136029 5110.25494428
 5117.34521828 5131.44279991 5146.25341226 5150.82786215 5151.5227596
 5158.16406858 5162.65981876 5180.89261856 5184.2535729  5190.20428441
 5190.72664916 5199.17461818 5207.14262229 5208.3286846  5212.81716814
 5218.26054818 5220.39557368 5222.49563265 5224.89812384 5225.82105378
 5227.08361582 5231.71979882 5233.34465953 5273.26074647 5274.7076745
 5280.66381932 5282.20088035 5292.59510889 5302.09580738 5316.48482128
 5320.33654049 5321.82823502 5323.86679421 5325.60762116 5329.24914113
 5332.6034955  5341.53342942 5350.51979646 5354.16978307 5354.26854938
 5354.78634748 5390.2825173  5393.01650727 5397.39152456 5401.93987454
 5413.96179712 5417.16885203 5422.54846563 5423.27752962 5437.27264496
 5437.61561037 5458.95003213 5465.10677622 5470.14022442 5473.26644629
 5477.63196361 5486.33223171 5515.17829258 5518.41331405 5527.52091398
 5542.6501585  5551.94339108 5554.4299153  5577.01819912 5582.85394438
 5595.4562315  5614.88339359 5617.72988315 5646.38881137 5648.11087172
 5650.27539712 5673.70674452 5684.69050424 5692.47534235 5699.06711818
 5705.86589324 5712.82033441 5713.08350011 5717.10768535 5722.39833261
 5744.45658505 5748.65646965 5760.09356103 5765.76857355 5767.28040134
 5802.23657314 5809.25901406 5813.99653001 5815.68462382 5845.14508245
 5847.96863876 5850.40749648 5853.78721742 5857.02587221 5865.31207515
 5866.46497092 5867.68179979 5871.26348666 5879.18222428 5903.20633618
 5908.45458359 5914.5869611  5920.78023839 5922.47689883 5923.1949962
 5927.36278092 5934.01015654 5936.58201377 5944.91061656 5957.11697179
 5961.50032239 5978.62665958 5993.69510431 5993.83143715 6015.28142515
 6018.03501505 6020.08364087 6024.8014569  6063.68624762 6064.99387616
 6065.24297525 6084.65880404 6085.32730159 6122.82016409 6127.60564654
 6142.91852371 6143.25908913 6147.79690582 6163.83981365 6165.84550629
 6165.89333945 6166.81996939 6166.93933561 6168.30009729 6170.45325606
 6174.57587427 6180.84715127 6187.08759506 6187.92789197 6208.71128242
 6215.17992536 6225.64855363 6229.61040577 6231.05216715 6232.39979554
 6246.35611102 6259.59596247 6270.40725615 6272.36341564 6287.72699263
 6289.32885342 6319.76040848 6320.20347353 6327.08451496 6328.61390935
 6335.78601638 6347.53760661 6350.05106406 6354.83381319 6360.27562656
 6360.57022548 6368.73269555 6372.81371391 6377.81189558 6385.06946897
 6393.1303394  6395.96972899 6400.20691345 6405.8923926  6408.60658265
 6414.20252879 6426.25891791 6439.93083443 6444.38498476 6449.38106644
 6453.30628538 6457.13137135 6462.48768504 6462.91341681 6481.06558357
 6490.81614781 6495.74029642 6511.99080349 6524.12312566 6525.01318906
 6525.73628641 6526.20401803 6539.97446753 6547.00407508 6551.63119144
 6557.95516825 6560.46975903 6575.54353708 6580.34905279 6592.85624025
 6596.26272776 6597.49535657 6603.67856723 6609.38234631 6614.6305604
 6614.81739304 6618.75154528 6632.20506261 6644.4772176  6651.41942547
 6661.31365586 6666.40233719 6714.43182771 6714.52936069 6717.93044822
 6729.60273874 6730.95176713 6769.70635833 6772.16811597 6772.33824868
 6787.48925978 6810.607175   6812.6158343  6822.59583103 6828.41540968
 6842.2615589  6862.85501671 6864.4311776  6877.42442995 6884.26400486
 6884.27663815 6898.76591834 6902.11837272 6905.91092547 6913.10903241
 6921.84240038 6927.17231417 6938.50207261 6944.37391775 6949.97006389
 6961.0835898  6963.69684688 6963.79997984 6967.13356761 6970.62092149
 6978.22929358 6984.06837217 6995.56776333 7001.17210944 7004.83636267
 7024.24065817 7047.48973957 7049.79916444 7055.50651017 7060.03596023
 7092.26590869 7094.3896009  7095.88319543 7143.07655568 7156.66170586
 7157.89893465 7165.44150699 7172.32184842 7175.53926996 7222.34023165
 7222.9541294  7230.63596789 7238.59400538 7266.09787117 7269.59949166
 7271.55155117 7295.29483076 7309.74314444 7310.52310825 7315.94858835
 7328.74057477 7332.41592795 7334.3673208  7345.1910811  7350.88916021
 7369.9602236  7387.90369112 7397.10115739 7406.47102303 7412.54980073
 7426.68598222 7429.24243952 7437.22054359 7461.7565536  7471.76078358
 7480.95774985 7483.87770581 7484.19307132 7503.46650064 7509.37994561
 7516.77625182 7531.08646601 7536.0507478  7542.07265905 7542.53879067
 7546.51097611 7548.05160379 7549.30049921 7565.5531396  7571.58705081
 7574.37570725 7578.29022622 7578.79062439 7578.8229576 ]"
635,715710_2024-07-16_F-964,ORBl,True,"[ 421.80727226  431.12330476  500.43565056 ... 7612.51270071 7612.59393375
 7612.61680033]"
636,715710_2024-07-16_F-965,ORBl,True,"[  31.02790543   32.85163207   33.24436396 ... 7612.29513485 7612.36543459
 7612.4253677 ]"
637,715710_2024-07-16_F-967,ORBl,True,"[ 317.92708657  509.13271867  524.22186333 ... 7544.55514994 7602.32337142
 7605.22092746]"
638,715710_2024-07-16_F-975,AId,True,"[  61.99582519   67.09137317   77.34893555  170.29006136  300.69108312
  333.1511974   433.54546255  434.34395962  588.36266143  754.61358505
  951.07049788 1045.78491719 1156.8959097  1592.93127722 1832.62339817
 1929.88207481 1950.36906634 2109.98958094 2121.29970613 2173.00904982
 2305.90376243 2387.05823147 2473.62624732 2527.21755078 2543.970256
 2553.30782176 2559.94569741 2560.79849429 2562.82268686 2596.52212994
 2608.1565206  2610.05451364 2670.67339133 2681.25751918 2685.74663605
 2708.9191844  2712.00237309 2786.08790138 2791.42088182 2801.97627645
 2805.0335319  2807.4702563  2822.61703408 2828.43551274 2848.1511071
 2849.1147369  2883.51051076 2886.45989994 2888.58389215 2891.71264734
 2939.27173959 2945.64448288 2965.66654279 2967.36520322 2991.43188163
 2991.68881402 3003.24320498 3005.46936348 3015.00049519 3032.22873201
 3032.95416268 3034.37069082 3053.92261911 3074.9760419  3091.25581553
 3128.83721103 3161.76042362 3163.75004966 3177.71956509 3185.93273497
 3203.62733674 3203.81210273 3205.05416485 3215.98992474 3216.45072305
 3230.34483876 3256.0271779  3258.1916033  3268.03173388 3320.31564213
 3356.45254293 3410.22257907 3413.55633351 3439.1887395  3461.24949193
 3465.2212107  3481.54025085 3482.27664815 3482.4264476  3506.9296244
 3511.82870643 3515.56572606 3526.16298719 3526.47858604 3528.30777933
 3558.30793597 3562.68195326 3589.88225351 3596.87566119 3597.85519093
 3599.26198577 3626.95535088 3645.60714914 3680.84828656 3689.3363221
 3709.4049485  3719.35267868 3727.15235008 3733.70679271 3742.27952793
 3755.30511349 3758.07530333 3774.35157698 3782.12984845 3787.26252963
 3839.98360294 3846.92631081 3859.78309699 3860.95052605 3915.07716087
 3925.9855542  3969.1311293  3975.80897147 3979.32062526 3995.49533261
 4000.20088202 4002.47407368 4019.88250984 4023.93102832 4078.39932856
 4152.12939149 4159.3822649  4169.92669289 4198.73098725 4201.57807681
 4203.09677124 4203.68473575 4204.74089854 4208.83201687 4239.31213842
 4247.80677394 4270.76858972 4289.02472277 4293.55477282 4295.37429948
 4295.67046507 4299.82334983 4325.78472129 4367.74696739 4399.80654982
 4411.0733085  4422.03006831 4431.39843396 4432.88969515 4455.2080133
 4479.61219047 4486.72119773 4486.74329765 4487.54506137 4487.62292776
 4527.04618317 4537.60511112 4539.32877146 4553.8505182  4557.84457022
 4568.55826426 4574.2729433  4586.63673129 4612.56913619 4613.42943303
 4616.43898866 4620.32100776 4620.64660656 4623.02019786 4632.98316132
 4637.62537763 4639.0062059  4649.32976804 4649.4213677  4659.17156528
 4659.37869785 4661.17812458 4662.92758483 4664.79534465 4667.07190297
 4672.57471612 4676.4711685  4685.47883546 4687.73496052 4690.80628259
 4704.07153394 4708.99034924 4715.4263923  4722.7891653  4725.46705547
 4729.50017402 4736.01628345 4744.34911956 4747.75627373 4755.4267456
 4757.89193656 4771.09148815 4773.70817855 4792.6278425  4795.41469895
 4807.6423541  4815.10116008 4820.51530689 4834.08462379 4867.11933597
 4878.98239246 4886.65599766 4887.31902856 4889.55095371 4896.00153005
 4898.45895437 4906.47832496 4920.19354132 4921.1173046  4922.94369791
 4926.13195288 4940.13693485 4957.8568032  4972.57688255 4987.09102932
 4993.75587154 5006.12779283 5006.81679031 5021.43733669 5023.52116238
 5024.92785722 5038.00530926 5046.94800979 5049.58410012 5049.7809994
 5051.17869428 5053.97541735 5057.06173937 5058.81436627 5063.24928334
 5074.71600795 5086.78123037 5099.33775099 5109.22848138 5126.75805043
 5140.56026647 5160.31322736 5163.59164867 5185.59033466 5190.62131621
 5226.05795292 5226.24741889 5244.44415215 5248.17293848 5251.73529208
 5253.16418684 5268.42029755 5275.31110562 5285.83476702 5285.95186659
 5286.24556551 5286.4398648  5292.39750962 5298.93641897 5299.16915145
 5299.56824999 5300.10258136 5303.39140263 5309.99501175 5314.46372869
 5315.10292635 5325.2956223  5326.29505197 5332.15536381 5339.71230276
 5348.96053551 5350.78396216 5356.91383968 5367.29200161 5388.68842314
 5389.27325433 5393.15114011 5403.94643385 5403.97933373 5404.15669975
 5409.87754543 5425.81205366 5427.47624756 5439.74073591 5447.1613087
 5450.60872939 5456.65744054 5465.43367502 5491.21664713 5498.56278685
 5501.3683099  5502.77450474 5502.91440423 5505.43929497 5515.68979071
 5550.76122875 5557.45493753 5559.91142853 5560.05812799 5575.72530386
 5580.16418758 5584.33493895 5596.69249363 5612.8534677  5615.17462585
 5625.75292039 5627.73594645 5635.27661879 5637.82344279 5639.3289706
 5639.76573566 5642.29752638 5656.74314007 5657.31290464 5657.59333695
 5658.43690052 5676.99483246 5678.69245957 5686.28629839 5686.81912976
 5687.78215957 5700.08801443 5709.07478148 5726.19031871 5740.55809935
 5741.06256416 5746.05574585 5748.90530207 5749.15270116 5776.73116668
 5786.7511966  5797.53632371 5804.19293264 5804.41299849 5805.36816166
 5808.67151621 5809.27388067 5816.41662114 5818.89434539 5821.726535
 5824.2082259  5824.38342525 5842.04409382 5857.70283639 5861.68015514
 5870.45015631 5875.2318721  5879.38075689 5879.50648976 5880.97655104
 5881.11971718 5883.02381019 5884.65137089 5891.53161233 5891.90801094
 5894.1024029  5904.14723272 5911.28417322 5912.86190076 5923.99112661
 5936.48134747 5944.94431644 5948.31143742 5952.7251879  5955.00957952
 5960.57155912 5961.0501907  5963.31054908 5988.37625715 6001.70724159
 6006.00242584 6010.79837492 6015.17819219 6021.36936948 6025.17632219
 6041.03549736 6052.02789038 6085.50203428 6093.39190535 6096.84855934
 6097.54805677 6100.67074532 6103.45900176 6119.07491115 6125.27995506
 6130.53013581 6143.22105593 6146.86394257 6148.44433678 6155.74041002
 6173.10507967 6174.64774068 6174.76200693 6177.05163186 6177.57916326
 6196.10976197 6226.06921876 6229.84743824 6230.86913449 6237.42724377
 6237.74760926 6237.91650864 6242.4458587  6260.66175856 6276.33730107
 6276.91419895 6278.33809373 6278.39939351 6287.78475909 6291.12324684
 6297.0524251  6319.02557785 6354.88064635 6368.97982797 6369.04116108
 6377.11893146 6379.25442363 6380.13328707 6389.94051777 6457.70500258
 6462.64615112 6464.91874279 6484.45367115 6486.96399527 6514.65932704
 6530.79156787 6532.93789333 6535.58381696 6547.45410676 6547.46120674
 6554.53518079 6563.94684628 6582.473145   6590.85654759 6604.15936547
 6609.05121419 6627.73711233 6634.72485337 6649.98646406 6654.14491548
 6660.95312384 6666.87623545 6667.96203147 6672.24131578 6682.14944611
 6687.47975989 6700.28334627 6709.44777933 6713.23216545 6714.1905286
 6716.61025306 6722.8609968  6725.44228733 6725.87278575 6731.28309925
 6738.5115394  6744.68715009 6757.46723655 6760.05569372 6765.65570652
 6769.8505578  6769.85519112 6772.97494634 6783.41247473 6783.59254074
 6786.9570284  6787.87762502 6789.46705253 6792.15580933 6800.43927895
 6809.02851412 6812.15903597 6812.80783359 6813.21546543 6813.30799842
 6816.08402158 6818.148414   6822.81676355 6823.09209587 6825.00475553
 6831.97912995 6832.85286008 6839.07440393 6840.04316704 6840.31233272
 6844.14328534 6844.20061846 6851.99775653 6853.53085091 6855.25521125
 6862.38391844 6863.48634773 6863.71684688 6863.75081343 6863.90174621
 6865.5766734  6867.22440069 6868.39116308 6869.07779389 6870.0666236
 6871.15241962 6871.1746862  6877.73939546 6880.06792025 6880.95345034
 6881.90611351 6882.0827462  6892.35090854 6896.92819175 6901.3510422
 6908.13045067 6908.13535065 6923.75146004 6925.97545189 6926.81901546
 6930.2271363  6939.61126855 6944.54341712 6957.59023594 6960.37829238
 6969.51812553 6980.99085012 6981.45194843 6982.7973435  6995.59152991
 6996.95082492 7002.73977036 7004.21139829 7007.77558522 7009.08411376
 7009.09248039 7023.53629409 7028.69260851 7038.82193803 7042.53539108
 7053.66648359 7066.62650272 7073.53131073 7078.27292668 7082.48151124
 7089.79655108 7096.999158   7108.1510171  7115.27072432 7116.31782048
 7134.45445397 7134.76051951 7143.44298767 7147.10610757 7162.0130529
 7171.43608501 7171.60348439 7182.76977677 7213.93129582 7249.41023237
 7289.41745232 7298.77488466 7302.6285372  7343.50892061 7347.4822727
 7364.5412768  7368.69802823 7370.25455585 7372.04774927 7378.12719364
 7380.76555063 7392.7904732  7403.34990114 7406.90882142 7407.73095174
 7414.19159471 7418.931044   7424.13459158 7429.06070685 7438.49147226
 7439.40380225 7443.34305447 7449.78919749 7450.9502599  7454.37391401
 7454.47804696 7457.80523476 7458.30746625 7458.96276385 7490.75934724
 7493.44727071 7493.64117    7503.70849975 7503.90329903 7511.45927132
 7522.05196581 7522.11319892 7528.98487371 7552.15768873 7556.1819073
 7556.88547139 7562.87774941 7563.55594693 7564.52244338 7568.17546332
 7571.62225068 7593.30127117 7593.86790243 7593.97423537 7595.37103025
 7596.20746051 7603.9011323  7609.42891202]"
639,715710_2024-07-16_F-979,AId,True,"[1021.74457202 1475.91313972 1830.05844091 ... 7577.08896396 7585.79089871
 7592.62257366]"
640,715710_2024-07-16_F-982,AId,True,"[  20.78540966   30.43914092   39.61214061 ... 7612.46843421 7612.49900076
 7612.66346683]"
641,715710_2024-07-16_F-983,AId,True,"[ 146.42541554  166.10087672  167.21020598 ... 7610.1251428  7611.63750392
 7612.13496877]"
642,715710_2024-07-16_F-995,AId,True,"[ 230.92190566  381.78145239  532.73286545 ... 7612.08190229 7612.08750227
 7612.27990157]"
643,715710_2024-07-16_F-998,AId,True,"[  20.48127744   20.60134366   20.8825093  ... 7608.86724742 7611.38343819
 7612.66486682]"
644,715710_2024-07-16_F-999,AId,True,"[  89.81985648  202.99760807  230.95033889 ... 7611.50410441 7611.5613042
 7611.7261036 ]"
645,715710_2024-07-16_F-1000,AId,True,"[ 281.76001921 1016.80282348 1064.33528249 1146.80048005 1149.70933605
 1150.20760089 1174.69297776 1194.42710538 1194.53380499 1194.55590491
 1196.81622996 1715.52476095 1737.60911329 1810.01934773 2145.61298363
 2169.79462827 2290.33145288 2366.34624076 2475.92240557 2510.94281046
 2535.09668855 2535.71455295 2630.34730589 2635.44042054 2635.44295387
 2718.28975003 2741.12276629 2745.64511637 2763.66851694 2843.86185617
 2933.33722802 2934.0063589  2937.18404725 2939.30540613 2940.40183544
 2967.22183708 2973.75997977 2998.79742128 3042.28512846 3080.48525503
 3081.75551704 3082.06401591 3089.0652569  3089.07655685 3128.39641265
 3219.64991132 3234.21012458 3251.34786173 3252.21755854 3252.45515767
 3318.75608118 3329.82927391 3330.0048066  3337.64774523 3348.2004732
 3350.57559782 3351.0627627  3357.05407406 3358.09473691 3358.30450281
 3375.98000465 3377.45429924 3377.67259844 3383.57034348 3413.14420169
 3413.33800097 3413.69623299 3428.47047881 3445.06478462 3465.67614236
 3485.4437032  3535.67618564 3568.27253276 3580.36762174 3587.72189476
 3589.12692294 3599.69491752 3609.53598143 3665.01984461 3665.02311127
 3665.02694458 3665.62770905 3675.67913885 3677.43283242 3677.66376491
 3677.76769786 3679.83799027 3692.3271778  3692.4163108  3711.5481073
 3727.04751713 3736.53071568 3757.32510609 3770.80795664 3771.43282101
 3808.36328557 3810.86297641 3855.80527825 3856.12061043 3856.93924076
 3863.93781509 3894.08753785 3906.50605897 3923.02536506 3945.40808297
 3949.46833474 3974.48907631 3974.60834254 3985.38660302 3995.11310068
 3996.40872926 3996.99156045 4017.08742009 4020.4280745  4026.34095282
 4058.48143494 4061.63435671 4126.52115208 4132.37559727 4132.58812983
 4156.02224388 4157.72403764 4157.92500357 4160.34059471 4163.9351482
 4164.21888049 4182.56794653 4197.617758   4209.05568272 4210.32777806
 4217.95181676 4219.0324128  4224.02216116 4224.28766019 4224.41385973
 4235.50835237 4242.5622265  4271.82645251 4276.56546847 4281.91868217
 4282.81551221 4282.92431181 4283.30281042 4283.9824746  4285.7992346
 4288.24579229 4288.93765642 4289.02235611 4291.6254799  4295.20743343
 4296.79352761 4304.73659848 4321.06817192 4322.69103264 4323.06703126
 4358.00880311 4365.09001047 4365.46194244 4374.16917718 4380.81251948
 4390.89651583 4391.06938186 4391.17861479 4391.60557989 4391.71221284
 4408.61171753 4411.52014019 4411.82150575 4413.5357328  4417.22195261
 4424.55945904 4424.93529099 4430.4856373  4430.72573642 4431.46396705
 4452.38465699 4472.42301683 4486.47543196 4500.24901478 4500.25191477
 4501.1711114  4510.79187612 4536.2376828  4563.00608463 4571.08155501
 4577.64673093 4592.50677643 4593.79870503 4594.65990187 4641.57562981
 4664.99361059 4667.79550032 4669.47472749 4675.25660629 4683.99490757
 4710.17631155 4713.73099852 4714.56022881 4732.59179601 4750.49069703
 4755.98257689 4761.83788875 4769.58116035 4771.25018757 4772.4491165
 4779.2407916  4784.77857129 4784.78507126 4787.30416202 4813.33596655
 4813.50989925 4816.12662299 4840.43253384 4854.41731589 4861.07809146
 4861.08085812 4897.65839064 4900.31544756 4902.63713905 4988.42782441
 4996.22566248 5075.75137082 5079.61898997 5085.83413385 5112.02460446
 5130.22150439 5145.42514863 5145.47151513 5158.77569967 5162.22622035
 5166.27023885 5194.74726775 5201.24721057 5204.70856455 5205.71206087
 5222.78579825 5223.34839619 5227.26808181 5228.07731218 5231.50839959
 5248.98953548 5251.03902797 5258.57690032 5262.30515331 5306.08452609
 5312.12000395 5313.94126394 5338.25867476 5365.39697523 5390.56541626
 5411.38043992 5436.49574781 5485.6973007  5485.96209973 5492.25807664
 5493.18277325 5497.54999057 5500.50984638 5503.93553381 5503.93850047
 5510.69427569 5516.27722188 5538.89483894 5541.45592954 5550.06509797
 5552.08599056 5555.95627636 5558.22936803 5558.50470035 5559.18873118
 5570.1880575  5575.58830436 5575.71587056 5577.10123215 5586.230532
 5586.69549696 5595.77423033 5601.29377676 5605.56072778 5625.87001996
 5643.1472566  5645.52108122 5652.37632275 5654.32141561 5664.02564669
 5664.06324655 5665.77514028 5676.42123456 5680.32062026 5680.56715269
 5686.57789732 5715.55485771 5765.35744173 5766.97606913 5770.25872375
 5771.80928473 5772.02035063 5772.37441599 5776.7092001  5795.4039982
 5803.38653559 5804.13183286 5810.17191071 5823.47952857 5824.89649004
 5836.48598087 5851.75072489 5857.46453726 5875.42193807 5880.9030513
 5881.02915084 5882.81861095 5882.90534396 5887.86079245 5894.24113572
 5937.66937645 5947.77470606 5954.64571419 5963.05428335 5967.49056708
 5969.83962513 5979.71262226 5981.27924985 5982.26637956 5985.60870064
 5985.79606661 5987.21266142 5992.84777409 5995.18853217 5999.3984834
 6019.00287816 6045.28248178 6049.3678668  6055.86620964 6059.6390958
 6060.83265809 6094.27176879 6098.17982112 6106.19512506 6111.32097293
 6132.10313004 6138.59723956 6164.83870999 6176.40883422 6187.80809241
 6188.06985812 6193.42457181 6224.59272417 6224.71542372 6232.43282875
 6246.81584267 6276.25463471 6276.32786777 6293.47420489 6294.10953589
 6317.85051549 6324.07122601 6325.62538697 6326.17988494 6328.87164174
 6337.51061005 6338.6703058  6358.65716583 6360.85232445 6368.92802816
 6369.35299327 6375.87383602 6376.65339983 6393.23433902 6407.28902081
 6414.25119528 6416.31985436 6418.86877834 6429.43640625 6436.73427949
 6444.26761853 6473.60957758 6474.21314204 6480.06435391 6533.20949234
 6536.57641332 6542.08819311 6553.16038583 6567.21416763 6607.40272024
 6615.14759183 6634.05935581 6644.55988397 6646.31101088 6662.84065025
 6687.92442493 6689.67111852 6727.69557907 6758.2442337  6759.66479516
 6770.5336553  6771.48941846 6772.45488158 6795.76192944 6796.75599246
 6807.14045438 6818.51357933 6844.46991747 6850.81159421 6857.52986958
 6861.48895506 6863.20261544 6863.89067958 6868.69822862 6869.93449075
 6878.68935864 6882.6721107  6890.66861471 6916.78651892 6922.0197664
 6932.06162957 6932.3429952  6939.02290404 6939.58846863 6947.66123902
 6947.79050522 6965.88290553 6975.31087095 6988.6673553  6997.59038924
 7007.6466857  7025.74611932 7059.70262812 7079.87138748 7080.93208359
 7085.96626513 7086.73849563 7087.88065811 7100.96944344 7117.96874776
 7122.49826448 7137.52087606 7143.90195265 7172.00231626 7175.15040472
 7176.88596502 7177.79356169 7185.87093207 7191.42841169 7195.48309682
 7195.89672863 7205.63735958 7208.2749499  7210.08104328 7214.17176161
 7220.4090054  7224.8546891  7243.01762249 7245.85657874 7254.55558017
 7260.04806003 7282.4417779  7285.88983192 7286.04806467 7287.33215996
 7300.39357873 7303.28220147 7307.9805509  7308.04581733 7320.79887056
 7327.46831277 7330.18330281 7337.53297585 7338.33107293 7340.58973131
 7341.98389286 7343.62412018 7350.11332972 7352.44155451 7353.67801664
 7354.84391237 7358.27086647 7362.22731862 7362.93861601 7364.6339098
 7365.84827201 7368.01393073 7368.26856313 7381.70531386 7384.08840512
 7385.8200321  7388.79752118 7389.78591755 7396.34762682 7397.34252317
 7400.09384642 7404.4052306  7407.64391873 7408.41384924 7417.83508135
 7427.17681376 7436.63587907 7438.14567353 7445.25918077 7445.67811257
 7446.18184406 7452.39102129 7468.25202978 7473.24471147 7482.99537571
 7483.40640754 7485.21606757 7493.91430233 7497.12815721 7498.7585179
 7517.28734995 7522.03553253 7529.59097149 7530.88766674 7535.44808334
 7537.47460925 7541.08696266 7541.62076071 7545.81591199 7564.2175445
 7581.39374817 7584.56470321 7588.55578857 7591.68027712 7592.9490058
 7598.01345389 7600.80181033 7607.22205345 7610.51857469]"
646,715710_2024-07-16_F-1007,MOs,True,"[ 654.14532017  661.64095935  672.40225322  752.68785877  844.83705416
  845.93935011  858.40527106  858.84453612  874.4450789   880.92442181
  891.44331656  903.23137333  977.65440039  991.85681497  998.19702505
 1024.10566336 1025.4048586  1046.11758264 1051.03543127 1062.01339101
 1083.16541343 1102.87674114 1104.86243386 1106.73519366 1120.17107772
 1136.41285148 1147.8772761  1200.48874982 1207.98815565 1233.10066355
 1253.77428773 1254.83288385 1258.19720484 1287.33949797 1337.72594651
 1358.76330269 1393.5610084  1425.59992424 1438.14097824 1451.92976101
 1455.36508174 1460.73569538 1465.43871146 1473.95508023 1507.21312492
 1521.1802737  1523.41386551 1532.86846417 1563.16861971 1567.66283656
 1580.00722462 1596.97372907 1629.3394437  1658.13937141 1669.28789719
 1675.19630885 1710.99154424 1722.77036771 1755.65008046 1779.53335954
 1792.30314604 1796.62419686 1829.6608757  1857.26434113 1883.96000989
 1896.20693164 1927.10905164 1952.48405858 1966.21174157 1975.7098734
 1979.8556582  1980.75908822 1993.41897512 2000.27271665 2022.76726749
 2076.93456883 2093.1945092  2117.15345467 2119.2993468  2121.70163799
 2124.30989509 2129.78297501 2130.76603808 2132.67403108 2166.86853901
 2198.33379027 2249.25897018 2254.670517   2267.78333557 2279.44615947
 2282.74894735 2287.18719774 2317.53325312 2330.90233742 2332.70489748
 2333.79676014 2356.47177698 2359.83859796 2361.4461254  2383.23591216
 2384.92460596 2387.4768966  2399.46388597 2433.39086155 2446.8469122
 2470.05952707 2470.42559239 2477.93539818 2494.71583664 2501.22137945
 2503.83710319 2504.96206573 2522.90996657 2559.93016414 2563.11768578
 2566.55287318 2613.44020123 2620.13111002 2626.52345324 2627.28718378
 2631.11123642 2635.33092094 2652.58292434 2658.96280094 2662.764887
 2678.18539711 2682.22341563 2684.85303932 2688.57825899 2700.62331482
 2713.81776643 2716.9983881  2726.67405261 2727.55344939 2790.57261827
 2810.18814633 2814.15839844 2825.04045853 2828.99734401 2837.75954521
 2848.0154076  2864.63054666 2865.33347742 2883.14834542 2884.78243943
 2888.38349289 2903.349638   2904.96799873 2909.47138221 2915.98339166
 2919.20564651 2919.89177733 2926.82001859 2928.84567783 2930.99303662
 2933.50649407 2935.23022108 2937.11331417 2940.8320672  2958.07470396
 2978.5783621  2986.57639943 2990.36491887 2992.03561275 2995.13206806
 3000.09698318 3007.98455425 3009.56691512 3011.83740679 3017.00325451
 3021.22877235 3026.8581517  3029.47177545 3035.11155477 3039.94207039
 3040.92803344 3041.02973306 3048.08527385 3048.79713791 3051.32876196
 3052.64882378 3061.3073587  3070.64362446 3076.08393784 3079.19305977
 3080.15698957 3080.8032872  3085.74953572 3085.99550149 3087.47166274
 3087.80456152 3087.82192812 3088.8364244  3098.93722069 3101.34381186
 3107.28705673 3110.76521065 3120.85157365 3124.67755962 3124.90179213
 3128.42037923 3131.05433624 3131.81123346 3132.56113071 3143.96895554
 3149.68986789 3150.27323242 3154.80054915 3159.40723225 3161.91875638
 3164.29634766 3165.43381015 3173.41588088 3179.31362591 3179.85105728
 3180.1818894  3184.64370637 3194.54530339 3197.4590927  3199.70941778
 3202.47354098 3203.73693634 3204.62663308 3207.63782204 3216.12225759
 3217.34781976 3217.54251904 3228.67557821 3237.3770463  3241.96512948
 3247.67984185 3251.0746294  3251.50549449 3252.2290585  3256.13377751
 3256.84334158 3258.455069   3258.68416816 3259.49619852 3265.02817823
 3265.54987631 3274.95904181 3276.58223585 3281.83448326 3284.47494024
 3286.63616565 3289.98722002 3292.34357805 3293.4747739  3301.445078
 3307.87425442 3308.25788635 3312.43800435 3315.30426051 3322.8509995
 3323.02216554 3324.24789437 3330.07983965 3330.80480366 3336.03965113
 3336.11585085 3336.63421562 3344.57321983 3347.27484326 3355.04631476
 3359.706731   3370.53799127 3372.53921727 3374.68224274 3376.6669688
 3378.19662985 3382.43828096 3386.74126518 3386.91836453 3395.83929848
 3397.82675786 3398.08759024 3399.0352201  3402.29244148 3410.87647667
 3414.39676376 3415.36166022 3422.5281006  3424.53459325 3428.3087794
 3431.61300062 3436.53698256 3439.82870382 3442.72159321 3453.35898753
 3459.58756469 3466.51520595 3472.27428483 3472.74428311 3478.84899405
 3479.50712497 3479.57055807 3481.31351834 3483.11934506 3485.04447133
 3489.23925594 3494.70390257 3496.45546281 3496.79116158 3503.90130217
 3521.66937034 3528.5619784  3533.51782689 3536.73391509 3537.19094675
 3537.93917734 3540.72116714 3542.97082555 3542.98609216 3546.18191378
 3546.81561145 3547.65310838 3548.9645369  3566.64120541 3566.80133816
 3568.8968638  3589.26202245 3594.92633501 3600.67891391 3602.36354107
 3606.56722565 3623.08826506 3624.65239266 3629.64410768 3638.00537702
 3640.22103556 3647.24224314 3650.61323078 3660.45232803 3660.77976016
 3665.16147742 3667.12863688 3670.36239168 3670.47102462 3671.52945407
 3674.20937758 3676.37826962 3685.03503787 3685.41610314 3694.11517124
 3697.68685814 3698.17188969 3702.81070601 3706.95129083 3707.14615678
 3717.92208393 3718.15524974 3721.40433782 3726.26971998 3727.54961529
 3731.70673337 3732.50699711 3733.87715875 3736.72938162 3737.79274439
 3746.91001095 3751.15336205 3751.22476179 3751.76235982 3755.91661125
 3759.24029906 3775.03287448 3777.13320011 3777.22839976 3779.00279325
 3782.24268137 3789.32992204 3789.48935479 3811.62137362 3814.70199566
 3816.45048925 3826.88775097 3828.61677796 3833.94932507 3840.6319339
 3856.88304096 3861.58735704 3875.96727097 3877.61139828 3886.14476698
 3894.38410343 3897.40339236 3897.85572403 3899.1731192  3913.26793417
 3916.44338919 3925.30815668 3937.28167944 3952.99312182 3959.44893147
 3978.03749663 3978.2464292  3982.301581   3989.15625586 3990.87748288
 3995.40423294 3999.82261674 4004.1047677  4004.6858989  4029.63260741
 4037.98481011 4051.4404941  4054.64161569 4060.19809531 4062.3113209
 4065.14164385 4101.15944509 4113.29193393 4115.12966052 4117.48971853
 4118.66548089 4121.11967189 4122.01186862 4122.21693453 4141.67772983
 4147.51180843 4148.52600471 4183.47734319 4189.82681991 4193.16947432
 4193.94903812 4196.05526373 4201.50767707 4209.14341573 4211.58857343
 4216.04365709 4216.63418826 4216.78408771 4219.49174445 4220.24517502
 4221.29217118 4223.28856386 4236.55244854 4237.46537853 4250.52283064
 4252.32625736 4263.10301784 4265.92567415 4275.66423844 4286.81389755
 4289.35568822 4295.56936544 4295.85133107 4306.74325779 4309.27081519
 4309.76224672 4314.52182926 4324.65522543 4325.21615671 4328.46494479
 4328.78154363 4329.1707422  4340.17363519 4342.8153255  4356.52557522
 4358.31690198 4364.01424775 4384.26020683 4393.61773918 4395.99673046
 4401.48484366 4404.99766411 4405.45399577 4411.42160722 4412.62230282
 4412.96973488 4425.19535671 4431.57586664 4446.97167684 4467.17883607
 4479.2389585  4481.91364869 4486.47066532 4490.9289823  4491.13008156
 4495.2736997  4495.63826503 4502.3080739  4507.60455447 4512.05430482
 4518.01781628 4518.7866468  4519.20727859 4526.28601929 4526.83468395
 4527.00704998 4532.75232891 4543.43468974 4549.03153588 4551.6708262
 4553.31258684 4562.73448562 4571.64215295 4588.53959098 4595.23356643
 4596.20036289 4604.20593353 4607.49152148 4614.11843051 4620.80633931
 4626.15695302 4627.35254864 4631.68493275 4633.66529215 4659.06029902
 4660.63429325 4670.55065688 4678.89022629 4683.11617746 4699.0016192
 4700.76377941 4707.79218696 4709.56761378 4710.90594221 4711.91220519
 4720.54480686 4730.74653611 4741.56949642 4753.61205225 4759.0162991
 4772.65201576 4776.79250057 4786.97179658 4788.12255902 4790.04015199
 4790.95964862 4792.77654195 4799.94664899 4806.53285817 4815.8860572
 4858.81109978 4872.66678229 4874.47150901 4880.98001847 4881.78328219
 4889.44058744 4896.70529413 4897.97035616 4910.46584367 4914.12373025
 4921.87763515 4927.20314895 4931.93446493 4939.58710353 4945.85541388
 4948.368038   4949.41760081 4959.78816278 4990.86838213 5005.25049605
 5007.71045369 5016.02015655 5021.88566837 5034.06519037 5042.0379278
 5043.87935438 5054.62808163 5054.88701401 5065.21347614 5079.88718899
 5089.0731553  5091.35314694 5095.60139803 5107.18108889 5110.17884456
 5115.91685685 5143.83372114 5144.10835346 5161.09039118 5164.62364489
 5183.21247672 5203.47390241 5206.07129288 5221.52760286 5240.62103284
 5244.84191736 5251.39336    5261.21202399 5263.26014981 5264.07118017
 5269.40936059 5282.88484451 5284.96563688 5297.30555829 5309.11544831
 5311.20960729 5315.9342233  5317.37441802 5348.64543667 5351.25589376
 5356.15344246 5359.61499644 5364.06421345 5367.2041686  5395.31096552
 5402.60170545 5406.90972298 5413.1218002  5428.96704209 5432.61262872
 5434.00572361 5435.54235131 5439.98513502 5443.69798807 5530.57590278
 5530.59880269 5539.01257184 5541.70739529 5546.87974299 5562.79365129
 5566.44257124 5600.70647891 5607.98075223 5614.47062843 5625.0945228
 5626.72898348 5630.44306985 5634.67715433 5644.75895068 5655.60931089
 5657.61090355 5658.14876824 5658.62256651 5659.19486441 5679.77225561
 5680.93241802 5684.34163885 5691.67851194 5692.02157735 5697.88868917
 5706.65349036 5706.75495665 5711.10877402 5715.88998982 5718.54794673
 5738.87423885 5757.34580444 5760.4485264  5768.48786358 5774.282409
 5777.21153159 5780.90558471 5792.74394129 5800.81604502 5805.37182831
 5821.52516907 5830.23183714 5831.29429991 5835.5514843  5837.92420893
 5839.04417149 5840.41953311 5842.64189163 5860.50119279 5865.77670678
 5896.15239538 5905.83359321 5909.33328037 5914.12112948 5946.84164281
 5959.78286202 5978.5845264  5980.53231925 5981.14925032 5981.70408162
 5984.57697109 5987.70789294 5994.43393494 6001.6159086  6003.60696796
 6036.08171553 6040.45183283 6046.9973755  6050.04753098 6066.22363832
 6072.37611575 6089.16382085 6095.94976263 6112.9813335  6121.54240211
 6137.07251182 6137.61374316 6147.13987489 6158.94969825 6169.59712587
 6180.88325114 6182.49424523 6194.23463551 6215.93288927 6220.19017365
 6238.4091735  6240.88349776 6250.58229552 6264.34347839 6268.92262826
 6276.60000011 6286.97029541 6309.65237889 6324.17805895 6333.20522584
 6333.90215662 6337.25574432 6339.01353787 6355.5475439  6356.62377329
 6357.80413563 6359.57349581 6365.48000748 6367.12353478 6367.33060069
 6386.04083207 6391.55561185 6397.54378988 6403.37003518 6404.9572627
 6425.00218918 6429.25010694 6438.28120715 6481.86521397 6488.75052205
 6497.48849001 6501.96107361 6502.46827175 6502.58357132 6530.85180098
 6549.99483078 6551.62365814 6560.76239129 6565.56304035 6576.18196807
 6621.26580273 6642.90905669 6696.25982769 6706.79358906 6715.03899215
 6731.97606337 6734.59832042 6745.13778177 6745.6291133  6797.04075808
 6799.48674911 6801.37917551 6804.74679649 6820.4863721  6832.37486183
 6840.4808321  6853.72958351 6862.27018552 6862.80468356 6881.9182468
 6883.07044257 6890.56371509 6906.80388887 6912.52070123 6915.22552465
 6923.65972705 6949.31799961 6955.11007837 6955.61247653 6961.34812216
 6972.32984855 6974.67740661 6975.34817082 6979.09569041 6979.83968768
 6981.10234971 6983.07337582 6984.70783649 6987.12926094 6988.38282301
 6991.81244377 6999.84674764 7009.54707873 7012.07166947 7021.62676776
 7026.70538247 7028.34527645 7038.60883881 7039.00590402 7039.79676779
 7040.74103099 7048.73116835 7049.05146718 7049.24563313 7051.87732348
 7057.45203637 7067.33450013 7074.23870814 7076.15266779 7089.11768691
 7103.27146833 7104.46366396 7110.9609068  7119.76884116 7123.39299454
 7128.14481044 7148.44310267 7170.05979005 7175.32907073 7186.1160645
 7192.87547305 7203.27556824 7208.87748103 7210.80940727 7249.36483254
 7256.86783836 7269.48452542 7271.71931722 7273.0349124  7279.3973224
 7280.80315058 7301.85847336 7302.76790335 7311.45787148 7315.22252434
 7323.31902798 7324.05909194 7337.01894441 7338.65937172 7346.7001089
 7346.98437453 7355.93457503 7365.51807322 7387.1477939  7394.99259846
 7408.46628238 7409.86251059 7412.4582344  7420.95843656 7421.88969981
 7436.66147897 7442.06035917 7445.53684642 7458.05520051 7458.08960039
 7468.40546255 7470.59742118 7470.77722052 7472.44674773 7475.81400205
 7477.57809558 7480.36285203 7481.42338148 7501.37500831 7503.09126868
 7505.16089442 7511.0555728  7511.36547167 7513.91999563 7526.27445032
 7531.04746615 7535.65461592 7536.66864553 7539.90913365 7546.60254244
 7553.98011538 7572.42991438 7577.32002978 7594.55223325 7596.52859267
 7600.82394358 7612.32860139]"
647,715710_2024-07-16_F-1010,MOs,True,"[  21.28014118   26.39548908   30.23090835 ... 7606.98882097 7607.89901763
 7608.40248245]"
648,715710_2024-07-16_F-1012,MOs,True,"[  26.39355576   27.01162016   27.09955317 ... 7609.32884572 7609.40444545
 7609.98967663]"
649,715710_2024-07-16_F-1013,MOs,True,"[ 202.02851162  294.66957187  316.07529336 ... 7533.15745841 7559.08602999
 7575.39113686]"
650,715710_2024-07-16_F-1014,MOs,True,"[  20.33157799   20.49014407   20.53801056 ... 7607.37551955 7611.86866974
 7611.98306932]"
651,715710_2024-07-16_F-1016,MOs,True,"[  23.95839802   54.27438684   55.91891414   60.87182931   66.07191024
   86.860034    109.79791654  113.73193545  117.21255601  118.76108367
  134.50702592  140.25580484  141.88166554  148.37580839  149.55203741
  157.87850687  158.71893713  163.20165402  173.53501612  175.35290945
  208.66195396  232.87973181  242.58826287  255.5239821   267.20567259
  290.27262133  293.50094282  301.83551225  308.10008928  322.21187086
  328.29214856  332.24763405  335.62978831  335.68638811  337.99044632
  342.83469522  347.83297689  358.17837228  359.83093289  384.57234215
  397.700894    402.40741008  403.20964047  410.35684759  410.66284647
  412.07954127  418.60898399  420.15497832  421.39287378  432.35146693
  434.09152721  442.12839774  444.15785696  468.79836659  474.53877887
  478.4679978   482.47051645  493.78937494  494.78133797  496.5531648
  507.18022583  509.01331911  523.98793085  530.22670797  538.01621274
  540.035772    550.73596609  552.99379114  559.23910157  569.7837629
  576.7013042   581.36735375  589.37452438  594.26173979  614.14376688
  626.30015563  628.8975461   634.88462415  642.40689656  647.65077733
  686.1213029   707.69075713  733.52689571  750.27593429  805.19629954
  810.0414151   810.78207905  812.55147256  863.24848663  870.39372709
  904.53710188  907.78818995  917.63362051  922.94656769  924.34759589
  947.58447733  950.43733354  957.78843991  972.07012087  975.31747563
  977.70556687 1022.5499024  1056.78901017 1114.43983207 1171.05615776
 1210.67741245 1261.24499367 1289.73242252 1364.54371482 1385.05547293
 1501.12738058 1507.84698927 1542.17183005 1551.1368305  1590.94888449
 1618.9511818  1624.80806032 1649.20063753 1816.60692357 1846.69961321
 1928.74941229 1938.91184169 1950.42486613 1976.4206708  1988.4803599
 1994.24567209 2005.80649636 2016.26909132 2100.43711597 2110.82717787
 2126.151355   2193.18034251 2216.30882435 2293.98577281 2307.82288873
 2364.02361595 2376.36880401 2381.16398642 2383.8503099  2410.76037788
 2435.52348706 2462.4237884  2463.61795069 2484.61190703 2485.56293688
 2526.0568217  2538.67454209 2573.00421619 2592.87940997 2629.80240789
 2694.33380455 2725.8517223  2750.12016663 2791.40464855 2815.28036099
 2815.37636064 2817.39705322 2829.77967448 2842.73899362 2849.43673572
 2863.03605251 2898.74648821 2932.31473177 2959.35783259 2969.79996096
 2969.94276044 3035.00008851 3035.39218707 3074.78307594 3113.3211346
 3123.90019581 3124.79815918 3129.75560767 3139.68750457 3155.10694802
 3206.9387246  3206.96252451 3217.06682079 3251.16289574 3263.57671688
 3346.65141221 3449.58610137 3464.6207129  3469.01599678 3492.59811029
 3526.83128474 3555.46451307 3559.1645995  3579.14492622 3590.32738521
 3616.34888978 3639.26333907 3656.10301065 3663.45205036 3667.32376949
 3673.48294691 3676.65560194 3700.02664956 3728.77947744 3729.31100883
 3785.52910265 3834.47348981 3867.19963646 3884.7225722  3917.76421768
 3939.01467308 3949.06543622 3956.05681058 3967.83743404 3968.63729778
 4020.45284108 4052.95302189 4054.67961555 4097.62339139 4118.98294639
 4119.51831109 4125.7877881  4127.58954816 4163.91344828 4176.76000116
 4192.78444239 4196.30222949 4206.23732639 4229.30894178 4266.14084003
 4270.29029148 4278.31406205 4284.64987215 4297.99075656 4319.38114477
 4321.96756862 4325.0556573  4338.85027337 4350.01133244 4363.97771455
 4384.23990691 4400.37184774 4418.09634941 4418.5338478  4423.56132937
 4470.60379017 4538.00950963 4539.4918042  4545.43778239 4576.96426677
 4640.97356535 4645.36608257 4658.16040232 4661.93358848 4662.37388687
 4700.94034542 4758.96113264 4764.74121144 4770.75052273 4785.90520049
 4792.88704155 4802.69280559 4805.44676215 4821.07530484 4836.69794754
 4845.78954753 4848.29073836 4855.14524655 4876.53663477 4881.12988459
 4886.12876626 4886.45613172 4938.40350787 4975.09720664 4984.26620634
 4999.9555488  5011.42950672 5012.52970269 5019.13847845 5037.82350992
 5038.803573   5039.2118715  5039.41553742 5039.5751035  5039.75960282
 5041.01936487 5041.35549697 5058.59923373 5077.54869757 5079.31055777
 5081.86978172 5109.63171324 5110.51274334 5122.96789766 5139.64033651
 5162.96168432 5166.23137233 5177.0897325  5202.87093795 5223.44256251
 5225.38955537 5226.76135034 5228.17697848 5238.74340639 5244.70388453
 5245.07474984 5250.04869826 5259.19803138 5262.89635115 5280.5593197
 5282.93651098 5286.44209813 5297.75992329 5306.86295657 5309.69744617
 5319.8973421  5320.44260677 5320.71797242 5322.72536506 5322.95573088
 5328.83480932 5347.89630608 5348.58687021 5350.58149623 5352.30745657
 5352.66788858 5352.71375508 5357.51883746 5365.83977361 5367.77649984
 5368.61739675 5369.82622565 5370.25429075 5383.11541025 5386.50549782
 5386.84669656 5399.179118   5406.1500591  5425.30852217 5427.66144688
 5453.83905087 5458.26220132 5459.92179523 5460.84852517 5469.57549316
 5483.64960821 5488.43995731 5531.8248982  5552.70398829 5585.7503671
 5595.28673212 5604.51409828 5607.66822005 5621.72710182 5630.87160162
 5645.67078067 5651.62105885 5656.72364014 5657.75946967 5664.12657965
 5689.00602174 5693.77140427 5694.48170166 5736.15288217 5736.64084705
 5743.83925398 5744.08795307 5756.58074058 5765.33394182 5821.26890334
 5821.54700232 5827.28081463 5829.12410787 5848.65723623 5862.18238663
 5881.84671451 5905.28349522 5918.91844522 5933.36085892 5936.75561313
 6001.53404223 6005.74169347 6010.6954753  6012.10297014 6016.7560864
 6016.85261938 6052.28425611 6066.09140547 6067.54073349 6068.18989777
 6069.37136011 6071.37425276 6075.46380443 6082.29137939 6082.4169456
 6082.99164349 6084.64983741 6086.30409801 6087.3233276  6092.53924181
 6092.66310802 6103.54223479 6105.47266104 6110.76667496 6111.78530456
 6115.85828962 6122.1985997  6122.61906482 6126.60628353 6128.8776752
 6140.78013155 6141.03719728 6142.35019246 6144.89288314 6150.89296113
 6156.50270722 6157.51353685 6159.09509772 6163.14064955 6170.28552334
 6187.87915882 6190.32808317 6195.24796513 6206.13212521 6220.13780718
 6223.64229433 6224.6119241  6231.56496527 6247.43984038 6281.63328165
 6289.8363849  6296.24132807 6298.55015294 6298.67551915 6303.93336653
 6305.23196177 6312.5577349  6317.83394888 6320.98317067 6328.89690831
 6340.33983301 6340.54783225 6340.75826481 6347.63813958 6347.98843829
 6348.23560405 6349.10603419 6351.4848588  6354.5664475  6356.93507215
 6357.16257131 6357.54080326 6362.17608626 6362.77408407 6363.73191389
 6366.44783726 6369.28692685 6369.61482565 6369.95399107 6370.03489077
 6385.93529912 6390.54934887 6391.19881315 6391.42314566 6392.26437591
 6395.11799878 6395.32033137 6395.40076441 6402.64560451 6409.89681125
 6416.4809871  6419.62754223 6425.25662158 6425.53588722 6438.95767133
 6441.17766319 6441.38846242 6444.5846507  6447.00074184 6452.04085669
 6455.87274263 6457.95693499 6459.25693022 6463.22091568 6464.03277937
 6465.36524115 6484.62187053 6485.85219935 6486.22456465 6486.24813123
 6492.49540832 6492.94464001 6499.31604997 6501.73227444 6507.62505283
 6507.85385199 6513.00223311 6523.76082699 6530.67980161 6533.27605876
 6533.97758952 6536.35338081 6540.14490024 6540.53576547 6540.54819876
 6543.83898669 6550.14539689 6556.20667466 6561.56585501 6572.33544884
 6572.89028014 6580.34861946 6580.67768492 6581.46134871 6590.06038384
 6597.95042157 6599.14738385 6607.78211885 6640.46409899 6641.18739633
 6641.53419506 6643.11742259 6652.5128548  6654.20178194 6657.36127035
 6658.55603264 6658.67939885 6658.95929782 6663.12504921 6663.273882
 6663.42281479 6665.37744095 6666.21433788 6666.26587103 6666.41597048
 6666.93470191 6667.5726329  6667.95356484 6669.83002462 6673.22821216
 6681.32248247 6681.95971347 6687.11072791 6690.32948277 6693.40973814
 6694.73879994 6696.12812817 6703.14553577 6705.01336226 6705.173395
 6705.81189266 6705.97389207 6706.78422243 6709.02848086 6712.61150106
 6721.83276724 6722.23223244 6725.63948661 6727.15721438 6730.89363401
 6736.36311395 6737.79737535 6739.97103405 6740.56036522 6749.21316682
 6755.708543   6761.27692258 6763.66751381 6777.67829576 6786.54882989
 6792.92450651 6803.75433346 6804.89006263 6809.58444541 6822.13879937
 6840.36869918 6841.78272733 6842.41535834 6849.45133254 6850.42162898
 6851.08645987 6854.81707952 6857.16200426 6858.0403677  6858.14673398
 6862.54698451 6862.65998409 6862.85271672 6862.89411657 6862.96338298
 6863.29958175 6863.5319809  6864.16321191 6876.5733664  6895.38499741
 6908.86128132 6915.53979016 6915.65235641 6920.48707202 6920.60570491
 6920.79690421 6921.98876651 6922.62179752 6944.46875073 6951.82022377
 6983.01934268 6983.2691751  6984.56077036 6986.98976145 6987.18306075
 6987.46302639 6987.95235792 6987.9577579  6988.57445564 6992.06674283
 7007.9624512  7070.0508235  7071.34458542 7078.15859376 7081.26628237
 7082.40007821 7089.10958694 7089.29525292 7089.45191901 7094.63556667
 7095.71566271 7099.93978055 7100.46041197 7100.72391101 7101.06090977
 7101.36547532 7117.72674865 7129.59507179 7131.05016645 7133.07159237
 7157.04807111 7160.86325712 7161.86328678 7162.07308601 7162.34581834
 7162.64371725 7180.8817837  7180.9898833  7181.29914883 7182.42351138
 7187.42875969 7187.57709248 7187.68395875 7193.0157392  7193.32333807
 7193.4607709  7193.92433587 7203.05840237 7211.63830423 7217.40988307
 7218.08024728 7219.30017613 7219.62207495 7220.62407128 7221.65206751
 7223.38772781 7225.61208632 7235.10071819 7235.21258444 7235.82834885
 7244.50071705 7245.15581464 7245.43781361 7252.33698831 7254.59094671
 7261.4361216  7265.03810839 7265.41654034 7266.42046999 7272.2626819
 7287.79775826 7288.03662405 7290.22564935 7293.61877024 7293.7856363
 7294.37566747 7294.82283249 7295.77912898 7296.92709144 7306.41118999
 7308.06508393 7309.79394425 7311.05860628 7313.17336519 7313.58409702
 7319.60600827 7326.25315056 7326.93334806 7348.14990358 7359.89376051
 7369.10716006 7391.94130965 7424.36199075 7457.33256983 7457.47563597
 7457.51923581 7457.5665023  7458.95603054 7468.48952891 7478.24805979
 7481.47661462 7488.74762128 7492.62607373 7494.63143304 7496.8129917
 7504.49349687 7517.12705054 7528.65840825 7549.15619974 7550.15776273
 7551.22392549 7560.27509229 7573.80254268 7585.72833228 7605.89795831]"
652,715710_2024-07-16_F-1018,MOs,True,"[  20.48827741   20.64404351   21.09144187 ... 7599.15548303 7601.18697558
 7610.16877598]"
653,715710_2024-07-16_F-1021,MOs,True,"[  20.6565768    20.86134271   20.94477574 ... 7612.34180134 7612.37513455
 7612.62396697]"
654,715710_2024-07-16_F-1025,MOs,True,"[ 198.52292448  565.60764488  670.04779519  693.42177613  733.63199533
  866.19994247  893.45970917  947.42591125 1016.57519098 1038.69140987
 1057.49240759 1106.97432611 1122.04523751 1135.12925619 1222.35480296
 1309.20301778 1402.07514385 1449.1697378  1511.23331018 1748.41787365
 1937.11454828 1969.74339528 1989.47988957 1995.19150196 2038.21904415
 2062.48522183 2088.78519204 2090.68791839 2101.81631091 2107.01769184
 2133.64426085 2155.88281263 2174.140379   2189.36878982 2215.95882564
 2238.86084164 2249.78473491 2261.06522688 2261.25585951 2275.47894068
 2313.69166721 2408.45588633 2414.43073108 2512.11437283 2518.86364808
 2529.22151009 2529.28164321 2529.33340968 2576.93953509 2598.88782126
 2605.10986511 2653.9201861  2704.33546787 2713.83863302 2715.52229351
 2813.11626892 2932.85319646 2945.47465017 2949.79050101 2950.3205324
 2951.2653956  2990.47748513 2991.15148266 2991.16434928 3024.93999207
 3032.76716337 3040.92763344 3046.59837931 3093.34674119 3096.8345284
 3112.49153765 3113.55663374 3115.97399154 3118.3394162  3119.86221062
 3122.0658692  3125.83168872 3130.52890483 3176.10250436 3176.11843763
 3176.52403614 3176.59843587 3176.63216908 3216.71592208 3238.32764282
 3238.44390906 3259.6272647  3264.85387887 3267.63056868 3292.38747789
 3308.93958385 3326.77875176 3397.84452446 3402.63367357 3422.91323252
 3423.11319846 3425.47375647 3435.79331862 3488.24679292 3493.73077281
 3503.68313631 3530.60380424 3547.20341003 3620.50317454 3702.50834046
 3702.55887361 3702.61890672 3715.96059112 3738.00284362 3748.35873897
 3758.24090273 3771.09315559 3777.11926683 3777.14776672 3779.70189069
 3787.39452914 3787.48476214 3787.51179538 3799.03488645 3799.27791889
 3805.42259636 3819.69701067 3820.31674173 3849.32250202 3849.33276865
 3849.35406857 3849.36550187 3887.56782843 3912.14733828 3919.48301138
 3922.01760208 3922.09706846 3922.11200174 3922.17416818 3922.20536806
 3924.39272671 3937.64624477 3941.70056323 3951.64576009 3956.71820816
 3957.0245737  3964.80141184 3968.09986641 3985.99523412 3986.20453335
 4037.22564623 4042.00906202 4073.29314729 4080.40168789 4109.36944831
 4122.04946848 4130.86030283 4146.60324509 4153.17485433 4157.59077147
 4157.66713785 4157.67747115 4177.80823065 4188.55985789 4190.15935202
 4223.35799693 4244.40468641 4244.43318631 4261.12069177 4270.63232356
 4270.74048983 4270.77742303 4270.79135631 4270.81628955 4270.82422285
 4270.83065616 4270.8855893  4270.89182261 4279.02372612 4283.37911014
 4296.82929415 4299.54668418 4308.67165072 4310.34984456 4315.18792682
 4315.19566012 4315.56035879 4320.34134125 4332.45039684 4338.90917316
 4339.15047227 4354.857048   4359.02826604 4363.53331618 4385.46776907
 4394.98316751 4413.14236758 4426.48148532 4437.06831316 4439.52820414
 4482.37878032 4491.92857863 4520.27507467 4529.55460731 4537.41381182
 4544.44961935 4547.14134281 4549.31516817 4556.05814344 4604.39406617
 4620.09517525 4628.83587653 4646.95797674 4656.45000859 4659.1661653
 4660.1286951  4665.82400755 4686.56829813 4688.23315869 4696.84829377
 4708.27191854 4719.2789115  4746.40657868 4759.34416457 4768.00569947
 4804.38916603 4820.45427378 4838.13514227 4854.97968049 4860.17286145
 4871.94198495 4879.22655824 4887.3350285  4894.09657037 4925.84882058
 4953.72615168 4953.7481516  4953.79465143 4953.80485139 4953.82165133
 4953.86671783 4953.89305107 4984.10627359 4984.14057347 4984.17304002
 5017.64041728 5023.90432764 5024.13422679 5024.65732488 5027.43771468
 5027.52748102 5029.16087503 5031.50399977 5038.93493918 5044.91555058
 5050.67449613 5056.46714155 5063.95158077 5114.38952912 5141.18429752
 5141.25693059 5141.27193053 5141.34636359 5145.62791456 5165.73860747
 5177.01373278 5223.33332958 5244.01752038 5290.8936818  5338.40734088
 5347.30637491 5347.33700813 5347.43147445 5347.43777443 5347.44747439
 5347.48897424 5348.1454385  5354.64528133 5364.63211137 5364.9328436
 5366.93143627 5377.82366299 5396.84219324 5410.2876106  5438.42270741
 5466.19573889 5471.29998684 5477.1256988  5499.24018437 5505.22209576
 5513.44036562 5524.62002462 5524.64729119 5524.69202436 5524.71462427
 5533.333126   5537.8414428  5538.32804101 5549.25483427 5555.94127642
 5556.60190733 5560.92432481 5561.84162145 5579.37725714 5583.06261029
 5583.41550899 5589.21038774 5601.36704316 5601.49207603 5621.18133715
 5622.14423362 5622.72776482 5633.81419082 5633.97279024 5636.11184906
 5643.44015552 5653.5622184  5656.02034272 5656.03077601 5656.0438093
 5657.79403621 5676.58893395 5677.41236426 5677.42486422 5677.43489751
 5677.44866413 5677.45703077 5677.48079735 5687.44396081 5696.22476194
 5696.25556182 5724.58349127 5745.40718156 5767.0389689  5767.09936867
 5781.25678342 5789.24982077 5796.75619324 5798.32862081 5801.10971061
 5804.66083092 5805.06106278 5808.1654514  5809.73521231 5809.7570789
 5812.44843569 5813.1084666  5820.00654131 5822.88456408 5824.33352544
 5841.69686176 5869.72245898 5894.53450131 5896.41252776 5896.5916271
 5903.02420351 5908.07565165 5920.71003865 5937.98440863 5944.35641859
 5945.53961425 5945.6711471  5945.68788038 5945.70331365 5945.71148029
 5945.79377999 5945.80997993 5952.41415571 5973.55961149 5974.43200829
 5980.12505408 5984.60660431 5985.24366864 5996.13389537 6006.85948937
 6010.09097751 6035.29868507 6036.15511526 6036.17028187 6038.75283907
 6045.31241501 6051.31355967 6057.81636915 6057.84553571 6058.69713259
 6077.53186351 6097.30682432 6098.81598545 6112.46350207 6124.32289191
 6131.9236307  6132.02616366 6132.05979687 6137.92064204 6155.31591158
 6171.7880845  6186.07923209 6210.63314204 6216.24035481 6221.59783516
 6221.63663501 6223.80779372 6226.79294944 6237.25001109 6237.62727637
 6254.02274957 6258.00100165 6258.00953495 6258.03183487 6258.06040143
 6258.12526786 6259.16713071 6274.22287549 6275.23340512 6275.25710503
 6275.27427163 6275.29467156 6276.32206779 6277.39529719 6277.46829692
 6277.52079673 6277.55492994 6277.86039548 6282.36674562 6282.41124546
 6282.43071206 6282.46164528 6282.49984514 6292.02191021 6323.073663
 6340.01636753 6342.46915853 6345.98117899 6358.46223321 6365.13087542
 6365.16414197 6365.1929752  6365.20357516 6365.22040843 6365.25797496
 6365.28094154 6365.29970814 6365.30864144 6379.59398905 6379.62318894
 6383.51444134 6399.2292837  6402.37843882 6405.43932759 6406.23962466
 6409.25331361 6410.13167705 6415.9363891  6427.62404623 6427.65277946
 6427.75844574 6427.79244562 6427.81554553 6427.82351217 6427.85241206
 6429.2242737  6434.41105468 6434.42058797 6438.37184015 6438.42050664
 6438.44137323 6440.00513416 6457.74750242 6464.4151113  6470.11062375
 6477.6215962  6478.76815866 6481.5670484  6484.50740428 6487.93295839
 6492.68147431 6494.13736897 6496.18716145 6496.83389241 6501.56550839
 6501.62977482 6501.6454081  6501.65870805 6501.6800413  6501.70534121
 6501.76007434 6501.84827402 6504.22783196 6516.10742172 6516.12078834
 6516.12868831 6532.12082966 6533.97292287 6540.83053105 6541.82516074
 6541.84796066 6543.3723884  6549.64969871 6554.6684803  6557.36213709
 6565.56884033 6585.66493329 6593.8897698  6593.90323641 6593.94453626
 6610.73944133 6610.74490798 6616.47768696 6618.07061445 6627.77931217
 6633.20915893 6634.39102126 6636.26684771 6638.81067172 6645.22661485
 6648.23003717 6648.28833696 6648.3033369  6676.9437652  6677.27523065
 6685.00026899 6687.7879921  6692.27617563 6693.42663808 6708.14828409
 6708.59814911 6711.12507317 6711.29980587 6712.47383489 6717.14678442
 6723.89089302 6730.56396855 6748.74973519 6760.4446923  6771.17728627
 6771.49158512 6771.83385053 6784.32683804 6785.23993469 6794.09466889
 6801.9526734  6809.62037861 6809.80991125 6810.12191011 6810.19334318
 6814.42792765 6824.44895756 6825.1205551  6838.73800516 6845.87104567
 6846.48277676 6851.15045964 6851.20859276 6851.38652544 6853.07638591
 6864.18551183 6866.42590362 6866.87580197 6867.17373421 6869.3658595
 6870.11585675 6875.18103817 6877.77479533 6896.73839245 6909.93524405
 6913.75336338 6916.61211956 6921.14250295 6974.61320684 6983.54524075
 6987.84819164 6988.80338814 7004.69052987 7010.91294038 7021.37373535
 7021.38410198 7021.39096862 7021.4145352  7021.43220181 7041.93535994
 7041.94465991 7041.96242651 7042.07389277 7042.08059274 7042.09172604
 7042.10655932 7042.13585921 7042.21519225 7054.88244579 7057.0435712
 7057.48496958 7058.15446713 7064.88897576 7064.91954232 7064.92914228
 7064.93644226 7064.94384223 7065.04530852 7066.13833785 7067.65606561
 7068.92276097 7074.76733953 7074.99537203 7075.29510427 7076.79389877
 7077.6930288  7081.89408006 7098.84755122 7099.90151402 7102.69137046
 7103.30103489 7111.10457294 7111.2239725  7111.24210577 7111.25907237
 7111.27600564 7112.61250074 7116.88185175 7117.84768154 7121.52056807
 7122.25463204 7134.20778821 7163.93614585 7163.99654562 7164.03347882
 7168.38762952 7174.98727198 7175.9100686  7195.0237985  7203.8588661
 7203.91903254 7206.82605522 7223.44022762 7235.4048504  7238.70527163
 7238.82653786 7238.92790415 7258.02750077 7258.7386315  7271.58335106
 7273.65947677 7287.48092608 7308.01278412 7313.46353079 7313.88412925
 7314.20892806 7323.97155892 7324.0692919  7324.07839187 7324.08702517
 7324.14199163 7324.15672491 7324.17432485 7324.18192482 7338.80803785
 7338.86360431 7352.23855526 7359.97089356 7372.27038179 7397.56912234
 7398.43995248 7398.51325221 7398.52175218 7398.53225214 7398.54015211
 7398.55695205 7402.72647009 7421.73123373 7452.9403526  7480.66345093
 7483.99287205 7486.66592892 7499.50594849 7527.76144487 7550.85466018
 7568.73969458 7568.92366057 7568.94962715 7598.77715109]"
655,715710_2024-07-16_F-1026,MOs,True,"[ 903.87567097  996.64036409 1101.87597814 ... 7601.66200717 7604.61722967
 7607.39388615]"
656,715710_2024-07-16_F-1027,MOs,True,"[  43.61855925   58.52960456  101.01431542 ... 7606.44358964 7608.67708145
 7611.81816993]"
657,715710_2024-07-16_F-1030,MOs,True,"[  22.27253754   23.06323464   23.87159834 ... 7610.3994418  7610.9169399
 7611.75870348]"
658,715710_2024-07-16_F-1031,MOs,True,"[  20.56127715   21.49710705   21.91700551 ... 7609.94494346 7610.04750975
 7610.3364087 ]"
659,715710_2024-07-16_F-1032,MOs,True,"[  23.81516521   40.02467243   42.75689574 ... 7602.06127238 7610.21110915
 7610.26460896]"
660,715710_2024-07-16_F-1035,MOs,True,"[  27.47008514   36.43848558   36.50895199 ... 7610.74760719 7610.85197347
 7610.92187321]"
661,715710_2024-07-16_F-1036,MOs,True,"[  48.38930842   49.38660476   53.75862206 ... 7604.163498   7606.74735519
 7611.54593759]"
662,715710_2024-07-16_F-1038,MOs,True,"[  23.85129841   28.37891514   28.39078176 ... 7607.92295088 7609.33051238
 7610.32150875]"
663,715710_2024-07-16_F-1039,MOs,True,"[ 549.32577126  677.48216792  691.73588231 ... 7605.28136057 7610.69124073
 7610.90570661]"
664,715710_2024-07-16_F-1041,MOs,True,"[  52.67502604   67.10497312   99.98278587 ... 7612.29856817 7612.36140127
 7612.58336712]"
665,715710_2024-07-16_F-1042,MOs,True,"[  20.39381109   29.45681119   31.143405   ... 7608.81048096 7608.81898093
 7610.02310984]"
666,715710_2024-07-16_F-1059,OLF,True,"[ 124.91112778  566.85550697  575.13547661  585.85830395  647.2680454
  647.2935453   647.3029786   651.12793124  654.90118407  655.01815031
  683.69924512  863.48241911  909.42165063  939.76563934  939.76993933
  939.77470598  939.79287258  939.82633912  944.14272329 1067.7032368
 1088.737693   1105.73963064 1109.59788316 1109.85041557 1124.20316293
 1140.22930415 1160.84672854 1167.33537141 1167.46857092 1197.60106041
 1197.66476018 1197.73455992 1197.79129305 1197.81569296 1206.08416263
 1206.11869584 1208.01718888 1215.32302875 1215.43156169 1217.21185516
 1217.34505467 1217.45602093 1228.9331455  1246.95804606 1247.04957906
 1250.15086769 1276.06557265 1281.19608716 1304.48940174 1312.63183854
 1312.6444385  1321.39027309 1325.63645751 1325.72449053 1325.89828989
 1326.13502235 1349.62070289 1368.89313221 1401.12944731 1401.15731388
 1410.39861332 1410.41824658 1410.45011313 1410.62837914 1412.15700687
 1418.96264858 1440.71480214 1455.4211482  1455.55068106 1455.56868099
 1455.59844755 1455.63814741 1455.64498071 1478.19943133 1478.26969774
 1478.33516417 1478.35753075 1478.36193073 1478.36806405 1478.37706401
 1478.38776397 1478.39236396 1478.81059576 1484.03930991 1484.0606765
 1509.07308477 1509.10395132 1509.21785091 1515.28409532 1515.44709473
 1543.83935727 1582.67301485 1612.94673715 1625.26319198 1625.54129096
 1625.57969082 1625.65882386 1626.64578691 1632.30056617 1644.24725569
 1656.95654241 1657.16440832 1659.32213374 1677.78066604 1685.25127198
 1699.23482069 1709.64474918 1733.25869591 1734.91182318 1735.13222238
 1757.20494143 1757.37827412 1762.00032384 1762.85275405 1793.78310728
 1834.50459127 1834.70549053 1837.98864516 1838.54887643 1838.88727519
 1839.27747376 1839.69593889 1840.21577032 1841.29649969 1841.63789844
 1842.484862   1844.81562012 1846.37174774 1846.71721314 1847.07907848
 1848.66533933 1849.47576969 1849.62116916 1851.87942755 1852.16425983
 1858.22290428 1858.41337025 1859.74406537 1860.62102882 1861.94252397
 1864.17611578 1864.33914852 1865.06621252 1865.36467809 1865.8874095
 1866.99700544 1867.1962047  1867.79706917 1868.68536591 1870.62079215
 1871.12385697 1871.51762219 1871.86162093 1872.91621706 1875.65854034
 1875.66447365 1876.26687144 1876.76793627 1876.86606924 1877.13526825
 1879.59839255 1880.03522429 1880.17375711 1880.49975591 1880.58388894
 1881.04175393 1887.0566652  1888.7667256  1889.06385784 1890.59748555
 1896.43179748 1896.47303067 1896.79469615 1903.69130419 1903.74207067
 1904.02026965 1906.23449487 1906.97762548 1914.88396315 1918.38561697
 1918.59191621 1919.48541294 1919.67311225 1920.10291067 1920.2781767
 1921.08374041 1923.11033298 1923.95732987 1926.61488679 1932.11843327
 1932.12543325 1932.19836631 1932.43093213 1932.61946477 1932.63466471
 1932.76923089 1933.65092765 1940.37020301 1945.45698435 1946.29584794
 1946.35054774 1950.0434342  1950.26463339 1951.85719422 1952.80395741
 1961.42425913 1961.55329199 1966.07224208 1971.4656223  1985.14783879
 1987.7350293  1989.57138923 2024.03459617 2024.05266278 2024.3633283
 2039.93630452 2040.07357069 2041.87653074 2053.46282158 2058.77876875
 2062.48762182 2062.96728672 2062.97812002 2065.12281215 2091.46924886
 2093.10557619 2129.82324153 2147.85490874 2152.9717233  2156.21077809
 2166.91310551 2168.91666483 2176.52633692 2185.23337165 2185.51907061
 2185.74053646 2185.76423637 2192.90887684 2192.97510993 2193.97797292
 2195.81173286 2196.09223183 2196.28553112 2199.55591913 2199.61455224
 2204.33116828 2250.16360019 2284.73810672 2312.89773678 2349.8767345
 2358.60933581 2362.50005487 2395.86276585 2395.92096563 2442.04709647
 2479.77825809 2605.99169521 2631.68096766 2649.28110311 2650.0204004
 2817.76421854 2843.02342591 2845.01025195 2855.65764624 2872.51721774
 2872.67331717 3006.22556071 3034.73965613 3054.07875187 3054.08728518
 3054.10801843 3084.43270722 3088.49319233 3119.4026123  3131.02326968
 3200.51661482 3255.39978021 3259.72476434 3262.11222225 3283.07307871
 3283.08857866 3283.09467864 3283.10211194 3283.10924525 3283.11541189
 3289.38998888 3301.10491258 3357.09204059 3388.00292722 3436.42238298
 3513.87576559 3619.90197675 3727.34444937 3774.83484187 3805.04426441
 3841.6579968  3863.31295071 3915.25712688 3930.4196046  3961.52795718
 3976.17743679 3976.23840323 3976.25213652 3976.25836983 3976.27133645
 4022.12570161 4070.30959156 4121.47530392 4200.79261302 4213.20083418
 4254.41114971 4279.62375725 4299.688217   4304.3671665  4309.54108086
 4316.91418715 4317.29415243 4323.15016428 4350.03506569 4354.63398215
 4354.765315   4434.51952251 4558.2971019  4573.05861442 4649.15360202
 4666.54800489 4719.49487738 4746.71504422 4764.60141195 4764.63394517
 4768.03479936 4776.04153666 4821.41643692 4821.42677021 4823.57746233
 4854.38888266 4871.4645867  4971.99445135 5000.05774843 5006.7909904
 5012.81753496 5026.0140199  5057.32157175 5062.92088455 5088.35339127
 5102.06580765 5123.00456419 5207.5028543  5207.51092094 5207.5206209
 5207.5493208  5207.56125409 5207.61158723 5207.62885384 5218.4815807
 5218.52001389 5228.50767727 5228.580877   5295.26716576 5295.2755324
 5295.28533236 5297.06322584 5334.0023237  5341.14963082 5495.06149969
 5495.26983226 5499.92974851 5500.04424809 5507.67122011 5507.69798668
 5514.792294   5554.45011522 5690.33878352 5722.34493281 5727.48218063
 5766.30150493 5781.73404834 5803.99210004 5832.54349533 5900.34634666
 5919.40294344 5958.25336763 6087.10112842 6149.38306667 6159.50216289
 6164.73764369 6164.77894354 6164.79667681 6164.80441011 6170.6321554
 6175.89143612 6179.22525722 6199.37424999 6203.15386947 6215.64092367
 6215.66489025 6223.21796255 6232.42922877 6232.58166154 6251.25449306
 6282.30424585 6286.51519708 6288.55362293 6344.98278265 6346.6508432
 6361.36042258 6424.74192347 6433.39792506 6436.31221437 6442.41502532
 6443.48802139 6443.54058786 6461.40465568 6462.7250175  6468.65496242
 6472.10974975 6492.2750758  6496.97489189 6497.11879136 6511.42613889
 6532.69059424 6532.70399419 6546.26831111 6564.03514595 6572.60614785
 6591.08061343 6600.44234576 6639.92623429 6641.78896079 6646.17521137
 6648.91056801 6648.98646773 6671.34511907 6702.13893946 6702.44190502
 6717.73214894 6754.47754751 6774.11510883 6788.24542367 6800.67354476
 6839.03877072 6841.67006107 6852.28925546 6861.05845663 6868.88056128
 6876.00673515 6878.24486027 6878.42285962 6888.57292239 6894.406101
 6896.859992   6909.0855805  6932.06522955 6952.41728825 6989.4314525
 7006.29655731 7036.15614781 7053.95521586 7056.96397149 7063.23178184
 7063.3247815  7067.86749817 7073.66224359 7076.59583283 7092.37727495
 7099.75858121 7100.70297775 7100.95974348 7112.89849969 7114.49716049
 7114.96535878 7126.173551   7142.97708938 7163.58398047 7168.11799718
 7169.73799123 7177.84092818 7190.21474947 7190.39658214 7193.6519702
 7193.96056907 7195.65466285 7203.90523259 7205.75089249 7209.79527766
 7216.93381815 7232.31882839 7247.29790679 7247.5483392  7260.28949247
 7261.56362114 7267.05173434 7275.22240438 7275.83953545 7280.34641892
 7293.51420396 7300.84094375 7307.48558605 7310.44257521 7315.62865619
 7318.25164657 7318.99464384 7319.11087675 7319.13027668 7319.14080997
 7331.85119669 7347.98807084 7356.43453987 7384.54470344 7386.55809606
 7387.44982612 7388.48122234 7403.56610035 7415.81278877 7422.07549913
 7442.80025646 7447.43617279 7488.44305573 7495.08723137 7497.21242357
 7502.45630434 7515.16205774 7537.60620876 7539.10850325 7558.74873122
 7568.90906063 7573.11954519 7588.71245467 7611.83710319 7611.88266969
 7611.888303   7611.90833626 7612.20043519]"
667,715710_2024-07-16_F-1060,OLF,True,"[  24.6461955    26.00152386   28.49011473 ... 7606.82828823 7607.18208693
 7609.48244516]"
668,715710_2024-07-16_F-1063,PIR,True,"[  35.62945522   60.80636288   64.6102156   208.19502234  245.55815198
  337.36858194  340.40203748  354.96908405  473.83198146  588.95475926
  731.37823693  772.89935132  774.90331063  781.06185471  795.09066993
  795.11210319  827.74201685  830.29790748  856.63341089  877.14963565
  895.45473518  896.68456401  912.02940773  929.11571173  937.75558005
  938.40271101  947.62544385  952.46205945  992.34687984 1027.68071692
 1030.80097214 1033.05539721 1039.76653926 1051.72352874 1052.86982454
 1055.65408099 1064.05451685 1081.79415179 1086.99256606 1093.6910415
 1098.44925738 1143.70869139 1154.82848394 1158.67690316 1164.18141631
 1164.48751519 1164.51644841 1172.82148462 1198.0404588  1210.24121405
 1229.48874346 1237.43704765 1239.04767507 1239.17850793 1245.16411931
 1255.17514926 1280.8489551  1326.59335401 1334.21809271 1337.71684654
 1345.79741691 1350.72963215 1397.93212571 1406.71306017 1409.99478147
 1425.65825736 1454.8208504  1461.33532651 1501.66611193 1558.26973768
 1574.6960441  1576.29427157 1580.95792114 1604.37706858 1612.35633932
 1623.56079823 1625.85645647 1634.32995873 1638.96974171 1646.2365484
 1658.67536944 1675.17257561 1682.07508363 1687.90839557 1690.09272089
 1690.72075192 1701.88441098 1702.45970887 1720.1286774  1729.32031036
 1729.65274247 1750.74333179 1765.21594538 1768.64686613 1768.78056564
 1768.91273182 1783.33881225 1790.68418531 1794.40070501 1802.68924128
 1807.31575765 1816.52355721 1821.28663974 1823.90476347 1837.92071207
 1867.389704   1868.43080018 1873.98974646 1884.45180809 1887.37226404
 1898.2194576  1898.88302183 1899.50971953 1904.15510249 1922.67420124
 1926.95985219 1946.46788065 1958.2593374  1969.22793051 1975.59647382
 1981.99685035 2004.5498343  2019.37574659 2043.56629121 2043.62145767
 2064.31268179 2068.85853179 2072.30851913 2080.73978821 2088.50315974
 2091.00638389 2103.36240524 2103.67633743 2108.59305273 2122.4792018
 2139.79440496 2144.62785391 2149.76980171 2155.95924568 2168.80429857
 2184.54034086 2197.94455837 2198.70752224 2225.59572363 2244.29002173
 2249.33273657 2250.48876567 2254.27021846 2254.63885045 2267.17480447
 2286.51563354 2294.83323637 2313.56953432 2317.78965218 2327.84768196
 2345.33888447 2368.90639804 2398.5945225  2402.98930638 2406.41592714
 2424.20459524 2428.60847909 2432.21973251 2439.4746059  2449.93576754
 2460.22646313 2466.46070693 2470.77589111 2474.0234792  2478.1028309
 2486.82359892 2494.71056999 2519.08931392 2528.3460133  2534.59332373
 2548.95990437 2549.28456985 2554.13501872 2555.50554703 2556.00751186
 2560.52732861 2564.04731571 2574.18894518 2574.52651061 2577.61659927
 2605.58279671 2610.94121039 2613.57643406 2627.49574968 2641.04879997
 2670.88402389 2671.47242173 2688.51849255 2714.753763   2721.46983837
 2721.73267074 2727.74208203 2731.83036704 2737.96717786 2740.04557024
 2740.78633419 2740.80050081 2753.51568751 2758.40013626 2761.22599256
 2764.03111561 2766.65660598 2772.98378277 2788.51125916 2793.29584161
 2794.84396927 2817.01595462 2841.04153318 2845.65148294 2854.30888452
 2855.81217901 2878.01193092 2879.93925719 2886.27010064 2886.80343201
 2902.44084133 2917.6358856  2923.68483009 2941.94436312 2949.02547048
 2953.38872115 2961.83065686 2964.37234753 2969.63319491 2980.81638723
 2992.74821013 3018.05428399 3019.02704709 3023.5328639  3025.40642369
 3047.78370829 3061.94232303 3067.47396941 3071.1863558  3071.22325566
 3089.83362074 3093.21987499 3106.63125914 3121.7831369  3134.08852511
 3149.54013511 3161.03902627 3167.94733427 3174.18864471 3174.21674461
 3174.45737706 3176.85556826 3178.20013    3181.70101716 3197.376693
 3199.41671885 3207.85612124 3208.2395865  3212.39953791 3214.43049712
 3228.81157772 3229.7152744  3238.50157551 3239.10163998 3244.99071838
 3251.74106029 3263.79764941 3271.61968739 3273.7062464  3274.43144374
 3274.69680943 3275.3144405  3275.87917176 3279.44315869 3280.14765611
 3281.73688362 3282.6600469  3290.48128488 3293.22467482 3301.62561067
 3315.46139327 3316.63708895 3316.79862169 3321.0248062  3323.80026268
 3327.39778282 3336.39224984 3352.78795637 3354.19848453 3357.63590526
 3362.15842201 3373.4839138  3379.43555864 3384.64307288 3385.10833784
 3390.58331776 3398.38768914 3404.21583443 3404.89333195 3406.35635991
 3413.72429956 3415.08196125 3428.47281214 3436.82484817 3438.76200773
 3445.75614875 3455.45574651 3457.56173879 3466.38787308 3473.08724851
 3477.51529894 3484.771339   3495.57249938 3505.23456395 3511.03294268
 3511.14197562 3521.48160436 3536.93344769 3538.36577578 3539.37137209
 3542.48166068 3546.15518054 3546.54271245 3553.83415238 3555.52864616
 3558.47483536 3558.86986724 3560.53002782 3568.15459986 3582.74071303
 3604.85149861 3609.41958186 3612.41363754 3618.63481473 3623.21949791
 3625.18365737 3626.15422048 3633.87455883 3640.93506627 3640.97796612
 3652.97878877 3665.76934186 3684.41407348 3688.9188903  3694.59823613
 3695.15520076 3696.38662957 3699.451485   3699.76731718 3703.57346988
 3711.63647365 3716.89775435 3745.1602507  3756.70144171 3757.45377228
 3771.43985432 3772.20298486 3773.4449803  3789.37485521 3789.64762088
 3792.36284425 3808.14908636 3823.06346499 3823.09106489 3841.06366565
 3841.32386469 3841.76259642 3843.8301555  3844.17435424 3869.78306032
 3871.34292126 3880.84718641 3898.89518689 3899.38345176 3924.96859126
 3934.35735683 3936.19755008 3952.06172523 3955.84801135 3956.034344
 3956.1422436  3958.4408685  3959.88132989 3966.12774031 3967.90656712
 3973.99167814 3979.15885919 3988.45669176 4016.42035587 4026.99591708
 4028.3274122  4051.23732818 4056.32457619 4065.95924085 4081.19168499
 4089.71988705 4090.01151931 4100.33638144 4110.62561037 4122.07150173
 4151.72865963 4152.95342181 4163.05661809 4164.08424765 4164.31978012
 4171.00255561 4173.0138149  4175.5785055  4178.17576264 4194.31437012
 4203.32640373 4212.88283535 4216.80768762 4218.06188302 4219.97470934
 4226.36735256 4232.53369662 4247.2903425  4248.0532397  4252.34822395
 4252.84778878 4262.86708537 4262.88011866 4265.52590895 4266.96170369
 4270.420591   4279.8461231  4280.3085214  4283.81324188 4284.33860662
 4299.28881846 4314.54039586 4315.86635766 4316.03375705 4336.31401601
 4341.93312873 4348.07160622 4350.87306261 4353.98705119 4365.14397694
 4367.29286906 4387.6150612  4395.4476658  4395.95166396 4397.36712543
 4400.14571524 4403.68173561 4416.84168734 4417.36388543 4420.96590555
 4422.37860037 4427.19061605 4427.43044851 4431.00520207 4442.86222525
 4446.57281164 4448.1008727  4448.25793879 4448.29617198 4449.61406715
 4449.9464326  4451.51329352 4455.76107794 4462.14318787 4463.34841678
 4463.36051674 4463.99141442 4464.11314731 4471.27192106 4473.84887827
 4481.9926484  4483.40694322 4489.27305504 4489.60885381 4492.51530981
 4506.33622579 4515.04619385 4516.66988789 4518.08561604 4544.17258703
 4548.18450565 4554.93461423 4555.76214453 4559.12659885 4565.58477517
 4576.15586973 4576.94826683 4577.10276626 4594.3781029  4616.77072078
 4633.99359095 4641.15976467 4647.93280649 4657.04960639 4661.69918934
 4667.70950063 4670.45745722 4672.65748248 4672.68521572 4673.92804449
 4675.0351071  4691.69754599 4693.18797386 4700.7741127  4704.79239796
 4706.72562421 4714.63172855 4717.73191718 4722.68269902 4734.39182274
 4736.12824971 4747.25727556 4749.70483325 4755.17987984 4758.40013469
 4761.36155717 4767.82026681 4768.01043278 4769.16832854 4780.17545483
 4790.91991543 4794.8010012  4799.9613156  4811.93370503 4812.95803461
 4813.35536648 4813.42856621 4813.53826581 4820.96850523 4823.49939595
 4823.81802811 4834.19179007 4838.40257462 4842.71195882 4842.79202519
 4844.95601725 4846.71687746 4848.47057103 4851.22206094 4851.79532551
 4852.80628846 4859.43826414 4860.94645861 4864.01101404 4874.58654192
 4890.24841781 4893.91810436 4898.55422069 4923.17103041 4930.42407047
 4936.89868006 4941.11116461 4970.27472432 4974.87200746 4978.62899368
 4981.46524995 4988.84118956 4989.3394544  4992.06897773 4992.27104365
 5007.66128721 5010.15807805 5019.51347707 5054.06945034 5062.44275297
 5062.90125128 5063.02375084 5063.11148385 5068.30989812 5069.2227281
 5070.17175795 5072.40751642 5072.48494947 5076.0948029  5082.71771194
 5088.23022506 5089.26745459 5100.43584696 5112.72810188 5115.03492675
 5116.10818948 5117.49095108 5117.83738314 5131.52479961 5136.56908111
 5140.29743411 5157.26573854 5169.10716178 5180.31112069 5183.38367609
 5188.78395628 5193.52680556 5204.15569991 5206.14469261 5210.6287095
 5211.03600801 5217.68715028 5217.80844984 5223.22366331 5229.80423918
 5237.90820946 5243.21978998 5249.5470001  5249.8219991  5249.82789907
 5252.40118964 5269.55469339 5278.56309369 5287.74902667 5293.77113791
 5294.22520292 5294.74020103 5302.38203967 5303.43263581 5308.16348513
 5312.82000139 5313.9712305  5317.19191869 5317.90608273 5324.06946013
 5333.41772585 5335.52855144 5337.8475096  5340.56299964 5354.94214691
 5355.38061197 5359.96849514 5361.37548998 5365.14374283 5379.11135827
 5381.25871706 5386.63336401 5386.73889696 5400.1976476  5406.31629183
 5422.96056412 5423.27456297 5427.35781466 5431.01290125 5438.02757553
 5442.1523604  5443.41145578 5452.6319553  5455.98687633 5456.02840951
 5462.44631931 5466.32507175 5468.66352984 5468.93592884 5469.67522613
 5473.10141356 5484.6423379  5511.69763868 5518.23888136 5518.84027915
 5525.6449542  5530.52673629 5533.51985865 5544.55438485 5545.18418254
 5547.73733984 5554.90491355 5570.30539041 5574.15430962 5585.60963428
 5586.87026299 5586.97899592 5591.08071421 5591.61934557 5598.45475384
 5603.2556029  5603.81643417 5604.23119932 5613.86716398 5616.72492016
 5619.48247672 5620.3236403  5624.94249003 5631.28263344 5636.58021401
 5637.01154576 5637.48494403 5643.62355485 5648.34193754 5651.12602733
 5654.29634904 5658.46806707 5666.02140604 5666.81996978 5668.72589612
 5673.7306111  5674.17910945 5680.64788573 5681.31968327 5689.77165227
 5693.6350381  5700.30258031 5709.22238093 5709.41594689 5712.56943533
 5719.1481112  5722.92953066 5730.2634371  5738.87963884 5742.75562462
 5743.10545667 5748.81256907 5764.28274567 5766.40090457 5770.29195697
 5780.554286   5780.89651807 5804.52773141 5809.04371485 5809.87227847
 5826.4802509  5830.37666994 5832.31349617 5843.30075588 5843.90028701
 5845.10584926 5845.70781371 5852.22842313 5865.18700894 5890.85978146
 5901.95400743 5904.13739943 5909.21904746 5915.94065614 5919.44430996
 5920.60843902 5929.91430489 5940.29700015 5953.78515068 5957.13070508
 5958.66439945 5962.72318457 5975.1207391  5978.37632716 5985.25893525
 6002.54353853 6003.88063362 6015.97865592 6017.63248319 6045.20034875
 6050.25226356 6053.67901766 6061.77118798 6076.97893221 6091.29514637
 6095.25793184 6097.55015676 6105.02912933 6123.60119455 6125.75628665
 6128.70640917 6130.96653421 6132.4506621  6141.3036963  6143.60255453
 6154.2190156  6172.34381579 6174.95377289 6181.06751713 6188.12059127
 6210.97657411 6212.78300082 6214.01006298 6214.59492751 6218.68957916
 6220.74503828 6224.58685753 6243.4274551  6244.34508507 6248.92116828
 6249.04860115 6249.9534645  6251.57672521 6252.77462082 6255.32857812
 6262.44765201 6280.83195125 6297.18159129 6305.98139235 6314.01179623
 6315.38065788 6316.36428761 6317.06425171 6317.44268365 6330.52396901
 6331.84723082 6337.48621014 6341.53206197 6342.97529001 6343.97455301
 6348.04783807 6370.51458901 6381.49414875 6382.03631342 6392.61067464
 6395.05126569 6413.27169887 6416.74815279 6417.63824952 6434.08372254
 6447.35267388 6468.31053035 6475.2587382  6478.41412663 6483.18257581
 6488.05972459 6490.4830157  6495.91179579 6507.61088622 6509.08601414
 6509.29004673 6514.304195   6520.0146074  6525.79878618 6556.14637488
 6557.80350214 6562.34481882 6575.70503649 6578.78915851 6600.55587868
 6600.96311052 6603.32653519 6605.16649511 6606.64825634 6611.18000638
 6612.05516984 6613.41763151 6630.04460387 6630.05677049 6638.85987154
 6639.10237065 6640.88613077 6643.47022129 6643.58582087 6659.20646358
 6671.03182021 6671.17595302 6673.33437844 6679.21485687 6679.40155619
 6688.68792213 6705.72659297 6705.80642601 6722.78249709 6750.63822826
 6752.65192088 6754.16484866 6756.0639417  6767.89533164 6778.09682756
 6783.59827405 6791.66977778 6800.96941034 6807.47458648 6821.84543378
 6827.65247915 6846.8425421  6853.66728374 6861.68848766 6885.5988333
 6887.17752751 6891.62844452 6893.22023868 6897.92392143 6910.49387533
 6916.46628676 6920.00330712 6933.50222428 6937.53800948 6950.19769639
 6963.67414696 6996.16399447 6996.47056002 6998.9473176  7000.29957931
 7002.81593675 7004.02869896 7030.1582698  7032.27036206 7034.57855359
 7047.31744021 7049.56816528 7051.95075655 7055.95677519 7056.21107426
 7057.82566833 7067.21863389 7068.48506257 7072.62494739 7083.56407394
 7083.90473936 7097.93845456 7103.50953412 7105.79812573 7114.43886071
 7117.74974857 7122.44936466 7122.59863078 7124.3651243  7129.09964027
 7129.65267158 7136.07644802 7136.31538048 7141.32899542 7141.88246006
 7142.4161581  7143.55632059 7168.69499506 7171.57678449 7203.19306854
 7203.32963471 7205.84812547 7209.96391037 7223.17039527 7223.27692822
 7223.38582782 7229.48290546 7238.5505722  7239.52056864 7244.07045196
 7245.52961327 7246.6588758  7252.51325433 7255.11597812 7260.92449015
 7270.03575673 7279.47192212 7280.48285175 7281.73421383 7288.1029238
 7293.79073628 7308.38281609 7317.17205053 7317.95841431 7330.4856017
 7334.11055507 7337.13417732 7338.79890455 7347.94783766 7365.92863838
 7366.19377074 7368.70166155 7369.67575797 7372.25314852 7374.99167181
 7375.01840505 7385.68073261 7394.52166685 7397.36022311 7398.65501836
 7414.77239258 7420.08600643 7423.96925885 7431.71129713 7433.24825816
 7439.49610191 7442.17749208 7444.48545028 7444.49815023 7461.51702115
 7461.58738756 7472.56821395 7477.0646308  7491.07157943 7493.1053053
 7496.96529114 7500.31204554 7507.26692003 7517.05878412 7521.53426771
 7524.62788969 7529.01314028 7538.58297185 7545.91591162 7549.29243257
 7552.67638683 7591.19847888 7591.25937866 7593.8567358  7595.68966241
 7600.49847811 7611.7522035 ]"
669,715710_2024-07-16_F-1069,ORBl,True,"[  52.43939357  116.22479297  261.74329262  343.73655858  462.16935757
  551.48546334  688.01942928  883.64104518  883.78314466  959.07830185
 1220.74697552 1220.92257488 1235.6957207  1414.14243292 1474.99554308
 1477.51030052 1478.79709581 1478.83742899 1549.11277126 1612.60477174
 1646.16051534 1656.92754252 1666.22720842 1676.43560431 1677.96889869
 1682.04895039 1708.49292007 1726.84011945 1793.49794166 1793.51297493
 1814.66763068 1829.30977698 1830.05997423 1830.21280701 1831.13030364
 1831.13390363 1831.23523659 1831.3316029  1852.87065724 1856.97097554
 1875.65440702 1876.61233684 1883.96760986 1901.85751092 1916.61209014
 1919.6673456  1919.81977838 1941.17420006 1978.59359616 2023.14279945
 2054.80325    2080.59192209 2083.50054475 2106.95339207 2181.049687
 2282.37108207 2287.67342929 2288.17866077 2306.50346023 2336.197018
 2354.11411896 2366.71433941 2372.80128376 2408.89555138 2409.00121766
 2416.26119104 2437.60917941 2446.46818025 2452.09275963 2496.13963142
 2614.90499585 2699.79461786 2700.81508078 2708.43041952 2774.47127732
 2794.85953588 2806.88385845 2807.46675631 2811.2683757  2811.83657362
 2821.93180326 2871.87208677 2871.92578658 2886.41723343 2894.3158378
 2924.87632572 2962.36662156 2972.48705111 2972.51165102 2984.61120664
 2996.55019619 3019.20037979 3030.63907117 3037.81231153 3043.18022518
 3043.28669145 3057.53590586 3058.80036789 3071.73082047 3085.29060407
 3095.29753404 3095.82889876 3095.86913194 3105.21163101 3137.66851198
 3137.7003452  3193.10720866 3193.6868732  3209.35821573 3209.47008198
 3230.13947285 3238.2603764  3243.85355588 3260.24196245 3264.0724484
 3364.38848049 3384.77063908 3391.35838158 3393.06604199 3393.08650858
 3432.66479676 3434.91908849 3435.00765484 3435.07685458 3441.90442954
 3465.94214139 3492.27967813 3492.3337446  3519.51467824 3545.98298117
 3604.63293274 3617.16678678 3642.39306093 3644.67735255 3698.62315471
 3698.66838787 3698.71702103 3710.73817694 3711.21540852 3725.89152137
 3734.24169074 3777.7526645  3863.05025168 3899.7921836  3904.35703352
 3917.12812002 3919.78061029 3926.56501874 3957.55153843 3994.78220189
 4001.50731056 4033.71932576 4045.2585501  4045.81484806 4058.97053315
 4068.01899997 4083.72350904 4130.54623732 4136.09051698 4136.37421594
 4145.87551443 4159.08029934 4230.57277047 4240.34826796 4258.88433331
 4272.15568464 4294.29333678 4294.57456908 4301.90957552 4305.57772873
 4307.7024876  4319.76914335 4319.79494326 4348.81687015 4376.216203
 4376.24516956 4376.45740212 4376.94630032 4376.95666695 4405.48176234
 4442.95475824 4450.55086372 4465.55327536 4477.25003246 4477.66369761
 4483.55264268 4512.93090161 4559.40669783 4568.85412984 4577.60389776
 4577.75456387 4590.84024921 4591.13664812 4617.63168429 4677.72793056
 4684.78353801 4687.11982944 4687.44472825 4697.79965694 4708.68378369
 4724.47265912 4742.36686016 4763.64564879 4772.64164913 4819.88677586
 4856.03900994 4856.04750991 4892.44177644 4898.014256   4916.72258739
 4917.44248475 4935.45708535 4944.5945185  4952.1579241  4965.1458098
 4968.48279756 4989.15732174 5020.07087503 5022.70409871 5039.72700294
 5059.54979691 5059.96752871 5063.80851462 5082.01631451 5082.04211442
 5103.61330198 5103.95973404 5103.9788673  5124.74852446 5139.01143882
 5143.67462172 5147.48327442 5155.01711345 5163.13448368 5166.94943636
 5166.97776959 5167.65053379 5176.54106785 5183.78484128 5183.88857424
 5183.95294067 5200.93597838 5200.94221169 5237.2225453  5237.27541178
 5237.38837803 5241.4943963  5259.07426516 5260.87869188 5260.92195839
 5261.53905612 5295.22349925 5297.35729143 5304.36899905 5331.57569927
 5355.0157133  5360.67522588 5377.54116403 5377.60036381 5392.37014297
 5407.33972141 5407.39025456 5412.73610162 5415.47202492 5434.63942129
 5439.46893691 5441.24876371 5457.57887049 5467.7840664  5471.59535242
 5471.65191888 5472.36158294 5476.02396951 5490.252184   5501.73970853
 5505.48902812 5518.62074662 5522.49526575 5525.61098765 5552.91365419
 5574.33110898 5574.34094227 5596.14842896 5598.97051861 5601.54470917
 5627.51108061 5629.20967438 5629.49414    5629.55080646 5634.06112325
 5639.36903712 5642.48692568 5648.08880514 5648.43893719 5651.124994
 5653.05828691 5661.24709022 5661.26339016 5664.50841159 5672.75214802
 5719.99487476 5721.48260264 5721.56986898 5721.96856752 5733.76489093
 5764.22371255 5778.06299513 5812.56390194 5819.64474263 5820.02167458
 5829.32034048 5829.32540713 5840.84636488 5856.00920927 5856.04080915
 5867.25796801 5871.45028597 5877.47369722 5893.79860401 5895.02473285
 5895.71046367 5897.57365683 5898.31472078 5918.45164693 5921.47813583
 5923.5960614  5928.7574758  5934.48815478 5934.55102122 5940.1829339
 5940.29000017 5958.81779889 5959.34629695 5961.49755573 5961.55565552
 5973.84881043 5974.2286757  5982.0364804  5982.17334657 5982.18054654
 5982.18354653 5990.88061463 5991.01421414 5995.21199875 6000.63167887
 6007.16868823 6027.66887972 6055.50974428 6074.10164276 6074.26597549
 6087.10009509 6087.31306097 6087.51826022 6087.56116006 6099.77881526
 6109.4725797  6111.46360574 6111.81763777 6125.31358827 6145.26764843
 6151.04806056 6151.1292936  6161.29125633 6161.30572294 6179.69745549
 6183.22230923 6188.93258829 6190.88974778 6190.93664761 6191.23274652
 6191.58647856 6191.7202114  6193.81390372 6194.70796711 6208.3435171
 6220.89330441 6226.13561852 6252.59732147 6252.60102145 6283.27227564
 6287.8443922  6292.43950868 6302.92467023 6303.57880116 6328.62844263
 6328.77667542 6340.92196421 6341.28969619 6347.00077525 6364.01017953
 6369.17736058 6391.09758019 6405.4728608  6407.34848726 6407.49142007
 6407.75905242 6407.76308574 6407.86225204 6431.68176469 6431.95353036
 6444.08425253 6455.37547779 6456.48570705 6456.54940682 6478.01826141
 6487.04536164 6487.41982694 6487.64625944 6499.81621481 6507.55055311
 6537.55950972 6550.5792953  6559.12539729 6560.64262506 6566.80860245
 6601.56594164 6608.59141588 6639.67780187 6639.79426811 6646.50871015
 6646.53291006 6646.5602433  6646.65747627 6661.8637205  6676.57386656
 6679.18002366 6682.3957452  6690.53381536 6713.55549759 6722.02273321
 6739.26366998 6742.7485572  6745.34604767 6745.56651353 6745.67104648
 6774.26900826 6777.29499717 6786.6757961  6801.3535756  6815.30219111
 6815.56409015 6823.53096093 6824.59505703 6824.77525637 6839.41503601
 6860.94889037 6861.64052117 6873.53467755 6877.9361614  6878.27846015
 6878.2833268  6897.28862376 6904.03843234 6904.25713154 6904.41473096
 6904.62899684 6904.81959614 6904.82899611 6906.86762196 6907.09025448
 6908.57444904 6913.52519755 6913.6201972  6934.59002029 6935.59891659
 6942.27985876 6943.87585291 6943.88241955 6943.88515287 6944.10021875
 6945.69901289 6958.87726456 6970.07512349 6970.25585616 6970.46518872
 6970.54812175 6973.94197597 6993.31697158 7005.01159536 7009.17094677
 7009.31051293 7009.84111098 7030.95646688 7066.62993604 7077.52686275
 7077.95099453 7078.92932427 7083.60934044 7095.54466333 7101.15907608
 7108.15668375 7108.34058307 7129.66720486 7130.10636991 7131.73646394
 7131.87299677 7131.91079663 7132.56702756 7136.08548132 7138.47683922
 7148.85983447 7149.49949879 7149.62709832 7155.17177799 7179.48078884
 7179.51218872 7200.03764678 7218.06334734 7218.16631363 7218.38761281
 7223.22906173 7229.71010462 7276.07100126 7276.10923446 7330.1756695
 7345.94094502 7373.81977611 7422.23269856 7437.78517485 7447.55950567
 7448.03880391 7495.60196281 7496.04832784 7500.27981232 7503.06046879
 7516.44971969 7528.66764154 7528.69044146 7538.28170629 7543.55655361
 7548.84046756 7553.89631569 7571.30401851 7575.33770372 7590.97107972
 7601.08414263 7601.12504248]"
670,715710_2024-07-16_F-1070,ORBl,True,"[  21.33390764   39.32474166   48.6132076    54.95125102   61.51682694
   61.52402692   67.00874013   93.06564457  103.04490797  145.80621782
  174.06214752  193.66754229  212.287474    229.61644378  240.00200569
  250.19690163  250.23076818  261.27972766  285.32393947  311.35027736
  318.47191791  320.82340928  323.35000002  326.57675485  326.77108747
  339.00190928  339.12430883  342.10636456  348.39240817  359.49690078
  362.2285241   363.06205437  367.57817114  370.73659289  373.91038126
  378.9693627   379.17966193  382.72971558  395.44513561  401.87244537
  410.65727982  415.70219465  431.11700479  434.55875883  439.39467443
  452.8626917   452.89979157  452.99639121  453.33555663  456.56267813
  462.2789905   466.20290944  484.35087622  484.4470092   496.78959727
  505.45946547  505.54636515  506.20936272  506.43429523  508.3054217
  518.27231848  524.45219582  527.93488304  537.85121334  540.2902044
  549.16243853  549.19553841  549.61543687  556.25041253  558.36100479
  563.45661944  602.95680791  607.60485753  608.49425426  611.68984254
  614.31279959  618.16901878  620.89490879  622.02133799  629.89837577
  642.38789663  646.36974869  659.69159983  661.27922734  673.74944828
  678.62653039  693.80434139  695.86173385  713.04850415  715.5602616
  722.46146963  732.90043134  751.79789537  751.9723614   790.14688806
  796.6528642   814.96959703  840.53296994  846.94104644  852.48842609
  853.05495735  864.15604997  871.08319123  877.43913459  878.68173003
  879.90195889  882.00518451  886.35326856  889.36422419  897.98999255
  905.25156592  905.52036494  916.57145774  919.88711225  926.26248887
  926.45612149  926.94025305  927.10398578  935.44818851  935.5156216
  938.07947886  969.51366358  970.95875828 1056.41007822 1063.03478726
 1096.65286397 1140.89286839 1178.53303034 1210.44944662 1212.71153833
 1225.90982326 1228.52061368 1234.93792348 1235.54562125 1235.72148727
 1236.02005284 1244.61495466 1254.35751893 1260.82236188 1287.91662918
 1288.0198288  1307.1524253  1325.49595803 1345.79135026 1352.71522487
 1353.58512168 1361.31306001 1375.80207353 1379.0477283  1396.65926371
 1411.5123759  1435.15058921 1444.58145462 1453.21422296 1461.69789185
 1467.57773695 1472.40521925 1475.01187635 1485.16727244 1498.66822293
 1510.55321268 1511.36864302 1526.62505373 1534.00462667 1560.11516424
 1578.12593152 1579.25589404 1580.10075761 1600.12788416 1615.34192837
 1617.26348799 1620.07847766 1620.11701086 1624.03046317 1625.01882621
 1643.55459157 1643.58575812 1649.14347107 1658.35283729 1675.4211747
 1757.92773877 1773.5820147  1787.28563111 1788.48766003 1794.92790308
 1808.38665372 1816.02309238 1829.51217624 1835.74062007 1856.20881167
 1858.6080362  1868.98189816 1870.37212639 1879.0943944  1886.12436862
 1903.05340653 1903.68150423 1913.88093349 1914.53569776 1993.1604094
 2004.50583446 2004.53523435 2026.76975281 2028.1097479  2053.31708878
 2072.51881836 2119.6883787  2173.85088006 2174.03361273 2186.90933217
 2222.01987007 2222.1035031  2246.40251398 2246.73204611 2254.49585097
 2291.4698487  2291.83994735 2303.10690602 2309.00485106 2319.44887942
 2336.71224945 2344.85375292 2346.74641265 2350.03870057 2359.49929921
 2362.89482009 2370.05449383 2408.02535457 2412.46760495 2412.58210453
 2412.58840451 2414.74896325 2433.21942884 2452.37969191 2496.13873142
 2537.20211416 2539.86123774 2543.53479093 2688.18222711 2735.4214872
 2758.96156753 2761.70159082 2821.78660379 2863.53328402 2882.36321496
 2883.51554407 2898.16089036 2904.84026586 2951.18896255 2951.55256122
 2961.8353235  3007.8274215  3019.15831328 3048.57573872 3053.15365527
 3086.8734316  3108.68915159 3110.56421138 3114.67542964 3120.93517335
 3125.11239136 3176.59166923 3194.68170289 3208.33211949 3222.38763461
 3270.54712465 3323.30429784 3332.81242963 3338.94994046 3356.06394436
 3382.25498164 3389.29615581 3394.61110299 3406.52459263 3417.02772078
 3497.40439267 3499.14518628 3510.83124342 3511.85273968 3519.21401268
 3520.5718077  3522.66583335 3540.81890011 3544.98961815 3557.70450485
 3568.3980323  3591.78647986 3620.70694046 3633.77805919 3661.04545919
 3670.14415915 3675.98250441 3702.34624105 3708.89175038 3712.10710525
 3749.6773008  3786.48703247 3798.19058955 3850.40609805 3861.64659016
 3871.92441913 3872.77828267 3884.32997364 3891.00364916 3894.94710136
 3902.95530533 3915.21959368 3917.07098689 3947.95027364 3965.06251089
 3973.74587904 4002.05537522 4019.8548766  4031.05383553 4043.23729085
 4055.68781186 4105.5831622  4110.42014446 4111.53794036 4111.67653985
 4117.48121857 4126.41705246 4130.26350502 4142.31692748 4142.90055867
 4202.66703948 4205.02083085 4246.6725781  4272.77624903 4287.29142913
 4295.6702984  4326.57991837 4344.8239848  4357.74790407 4363.6276825
 4373.56334606 4384.51153924 4393.0588079  4400.63454678 4405.67476163
 4407.4094886  4410.39334432 4411.32177425 4412.209271   4415.51299222
 4425.02155734 4425.16512348 4425.29882299 4429.26020846 4430.92416903
 4433.65305902 4439.38570466 4445.79614782 4445.82428105 4459.78439652
 4460.51912716 4479.58369057 4494.36596969 4498.75898691 4511.92757195
 4516.1061233  4516.29088928 4517.13775285 4519.22804518 4525.5393887
 4527.59161451 4531.77349917 4538.30334189 4538.72654034 4561.95325515
 4575.5473053  4586.59916477 4598.62848732 4602.33697371 4608.51071774
 4609.32288143 4626.16001968 4629.28394155 4636.61891465 4636.78154739
 4636.83071388 4646.86717707 4652.56655617 4655.27164625 4655.47167885
 4658.15650233 4658.90389959 4661.33992399 4663.02825113 4664.16331364
 4664.50811237 4671.60378635 4678.40762806 4682.11628113 4687.10709616
 4693.56417248 4693.65073883 4693.76237175 4712.600036   4712.63763586
 4712.67053574 4717.58408438 4721.76643571 4721.90840186 4739.78953628
 4741.10523146 4742.20892741 4755.53394521 4792.91187479 4801.126378
 4806.55759141 4808.21668533 4811.12254134 4813.96173092 4823.67799529
 4826.00468676 4829.13570861 4831.04103495 4831.64603274 4831.7636323
 4836.67491429 4836.73981405 4836.86718025 4845.80551414 4848.2428052
 4849.74476636 4865.78860752 4892.26124377 4895.3155659  4899.69784983
 4901.68314254 4901.69130918 4918.82317968 4921.12043793 4921.47073664
 4922.53056609 4922.66709892 4928.32201151 4956.33770877 4974.63110834
 4979.66958987 4979.80135605 5002.48593952 5007.46508793 5035.09535326
 5038.78373973 5045.64274791 5052.74602186 5056.16770931 5061.75432216
 5064.81747759 5086.25269898 5086.36429857 5098.37488785 5101.55617619
 5111.82830518 5136.42181499 5144.03988705 5168.30629805 5198.20735506
 5205.90439349 5206.58262434 5208.54831713 5211.08897448 5224.95059031
 5233.91209078 5237.940776   5243.82792108 5244.63495145 5258.8730659
 5271.32138691 5280.75428565 5289.42678718 5302.34387314 5320.03887491
 5320.06330816 5325.02808995 5353.32818616 5353.54205204 5362.61098545
 5384.86747049 5390.97474809 5393.13710683 5407.68188682 5410.96104146
 5411.03724118 5411.06134109 5424.88895705 5429.38750722 5440.67756581
 5441.26849698 5453.45335229 5465.68080744 5470.10052457 5474.12180982
 5475.64083758 5475.81420361 5475.86400343 5475.99000297 5478.65482653
 5479.01302522 5486.89109632 5504.72443092 5514.88782698 5519.55054321
 5521.2989368  5523.40539574 5526.36671822 5528.3611109  5532.33242967
 5547.82703951 5569.70409261 5578.01099548 5581.02868441 5599.46935012
 5608.94451537 5610.21324405 5620.18550747 5624.35112553 5624.69972425
 5639.46380344 5641.06203091 5643.67982131 5660.98925783 5675.37780506
 5677.67149665 5678.36332744 5696.09542908 5710.09051108 5716.84178632
 5736.69798017 5776.93319928 5786.4160645  5790.74944861 5811.40163953
 5823.06519676 5833.06209343 5861.04452413 5861.79292139 5897.96842205
 5901.79914134 5936.72251326 5940.30550012 5945.0914159  5949.40033343
 5949.42899999 5990.87534799 6013.43209859 6013.94623004 6015.18515883
 6037.40941066 6037.56374343 6040.12130071 6054.0590496  6054.63658081
 6058.69789925 6059.05683127 6069.26199384 6075.66917034 6078.11399471
 6078.21942766 6080.32995325 6081.22051665 6086.16499852 6087.66862634
 6088.97652154 6093.62830448 6094.59570093 6115.08439246 6121.74893468
 6125.15155554 6128.7410757  6143.6113545  6161.3072896  6162.96788351
 6165.9709725  6166.47790397 6171.19698667 6176.42540082 6182.9580102
 6183.1113763  6189.42895313 6191.38784595 6199.98471442 6206.48319059
 6210.01627763 6210.12791056 6225.95138586 6238.6191394  6245.91321265
 6250.03976418 6265.93303923 6269.53649268 6270.05725743 6272.51971507
 6272.74241425 6273.77871045 6275.3741046  6275.64573694 6276.13716847
 6276.31180116 6276.99483199 6281.63211498 6282.14397977 6285.59423379
 6290.10951723 6295.93266254 6298.39335351 6305.25316169 6313.29749885
 6328.38144353 6336.27414792 6339.62980228 6341.02409717 6345.4428143
 6345.81524626 6345.886746   6345.97281235 6348.01637152 6348.57403615
 6356.88753899 6359.37332987 6374.24260867 6381.87198069 6383.59400771
 6386.32363103 6387.51509333 6390.34558295 6391.81874421 6397.87095535
 6408.28115051 6410.25414327 6410.29480979 6427.56731311 6440.36943282
 6444.69875028 6445.47191411 6457.97403493 6462.03825335 6474.67484034
 6476.37890076 6491.13287998 6518.65401239 6529.15320721 6535.53098382
 6535.53951713 6543.82385341 6545.8528793  6548.11287101 6552.10642303
 6553.18115243 6559.57679564 6571.97101685 6576.40926724 6578.18519406
 6583.81380675 6591.42531217 6608.07135112 6618.10008101 6622.1201996
 6627.96214484 6629.50470585 6635.27795134 6639.68463518 6654.93434592
 6656.53600671 6663.28941528 6665.36964098 6665.3912409  6670.76268787
 6672.06654975 6677.32103048 6677.35443036 6678.17226069 6679.28585661
 6685.60390011 6688.92262127 6700.24251309 6700.4747789  6703.05333611
 6703.79650005 6707.33715373 6707.86618513 6709.82074462 6716.55715325
 6721.1162032  6723.02312954 6723.29129522 6724.4777242  6725.9955853
 6727.45367996 6727.72691229 6728.08407764 6728.34561002 6732.49536147
 6741.00233027 6742.30499216 6743.21478882 6746.69994271 6750.08279697
 6752.22398911 6752.37885521 6753.17071897 6754.9621124  6759.85092781
 6765.10300855 6767.9511981  6773.00427957 6778.59285907 6782.54411125
 6783.85523977 6788.43305632 6788.49262277 6799.04048408 6806.44205694
 6806.81102225 6808.17621724 6819.77820803 6823.70242697 6826.64081619
 6827.15204765 6827.17898089 6827.26758056 6828.16387727 6832.70716061
 6832.80256026 6837.98070794 6839.57513542 6842.23882565 6843.0085895
 6844.59261702 6845.64561316 6848.03870438 6848.33730329 6848.81186821
 6849.90096422 6852.10558947 6854.8969459  6858.97066429 6859.5144623
 6862.40975168 6862.42405163 6862.81915018 6863.15878226 6863.44761454
 6863.97427927 6864.34227792 6873.12411238 6876.87699862 6881.68404766
 6891.40187868 6894.48466738 6895.17119819 6901.676541   6910.64207479
 6915.86485563 6918.78754492 6921.96063328 6922.51923123 6923.1462956
 6926.79824887 6933.01622607 6933.9703559  6936.37158043 6942.98868949
 6944.27345145 6945.12274833 6946.60914288 6962.29525202 6962.81991676
 6964.83880936 6965.02604201 6970.53112182 6980.75541765 6981.08821643
 6982.97834283 6983.01134271 6983.1502422  6983.27387508 6984.16880513
 6987.00802805 6988.9951541  6989.39751929 6995.21536462 6995.31656425
 7004.96582886 7006.79912214 7008.108584   7009.57991194 7010.09637671
 7012.56873431 7012.8622999  7013.97726248 7015.09685837 7023.4422611
 7025.63601972 7040.54083173 7041.9116267  7044.12858523 7045.24524781
 7052.51528781 7052.65078731 7071.24231913 7075.53777004 7080.46878529
 7087.66359224 7087.6819255  7089.3019529  7090.46951528 7120.08647333
 7130.61816804 7130.67813448 7135.00321862 7138.59900544 7143.05305577
 7152.8591198  7160.49232514 7167.34123336 7180.68305109 7188.97568735
 7190.76448079 7197.32875671 7207.96431771 7211.07790629 7214.61195999
 7220.78753735 7220.95573673 7222.85846308 7223.5001274  7241.69819399
 7243.53855391 7245.21974774 7260.21209276 7268.03526407 7271.59188436
 7277.77782834 7283.0040425  7283.10497547 7284.66346975 7284.7226362
 7285.38333378 7285.9866649  7288.23322333 7292.43874124 7294.63576651
 7311.17237253 7323.26256152 7335.92554842 7348.56986871 7355.60647624
 7355.6083429  7361.81065348 7368.11149704 7383.25757483 7392.05664256
 7393.34497117 7396.59145926 7397.87995454 7398.14365357 7400.77337726
 7402.10997236 7403.90616577 7410.02337667 7412.07860246 7418.90637742
 7420.80257047 7421.1020027  7422.82216306 7422.88026285 7422.9934291
 7434.75008598 7450.30749559 7450.69326085 7454.12921491 7458.01700065
 7458.14073353 7458.19243334 7458.19729999 7458.56883196 7458.67639823
 7458.72973137 7459.14966317 7463.06178215 7463.64911333 7464.47554363
 7477.93536094 7482.5362774  7502.65097029 7505.72722568 7506.06245778
 7506.184824   7512.49976751 7520.86347017 7522.93036259 7524.6175564
 7528.10397695 7530.69986743 7537.04317749 7537.48090922 7543.27778796
 7543.68945312 7544.9393152  7548.5568686  7555.07357804 7558.18109997
 7558.62453168 7559.1195632  7559.80109403 7560.6917241  7566.01923789
 7568.25199637 7571.12281918 7571.14348577 7571.17265233 7575.50233645
 7575.51150308 7587.84429118 7589.01062024 7589.59055145 7593.48073718
 7595.90839494 7596.02986116 7599.14788306 7599.19074957 7599.37081558
 7610.30644214 7612.46713421]"
671,715710_2024-07-16_F-1074,ORBl,True,"[ 170.32482789  278.7905301   280.80558938 ... 7604.19236456 7605.18279426
 7608.39304916]"
672,715710_2024-07-16_F-1077,ORBl,True,"[ 517.55675444 1009.53178348 1065.07617977 1065.24334583 1069.06343182
 1069.4302638  1077.08476907 1091.21665057 1095.91523334 1116.31669185
 1116.62389072 1127.02581924 1135.62972102 1143.18925996 1144.58755484
 1163.39315253 1179.90039199 1191.29308355 1203.62377166 1209.69518272
 1211.28184357 1249.7381692  1277.99303224 1285.5583045  1289.4388236
 1318.91821549 1386.40503465 1432.31246629 1456.04197926 1507.62579008
 1576.1418388  1641.617932   1725.33852496 1752.16489324 1780.60475561
 1798.45165682 1816.01349241 1826.14115527 1847.45034379 1867.85633562
 1911.63024175 1938.02237829 1942.12879656 1944.16145577 1951.79152779
 1968.6121661  1973.13768284 1975.07924238 1978.51166313 1980.5644556
 2015.47019425 2039.35104    2068.29190053 2073.8170136  2078.22493077
 2079.13992741 2112.06997331 2127.01301851 2137.86381205 2145.90601588
 2147.59630969 2150.73553151 2158.13557103 2163.66511742 2169.16169726
 2176.95156869 2180.58565536 2184.92620611 2192.16427957 2193.55277448
 2195.78753295 2228.96184461 2242.09989643 2254.49515097 2262.78228725
 2268.50013294 2274.59891058 2278.10809771 2281.47711868 2291.60404821
 2295.49943392 2303.51197121 2305.04233226 2309.13841724 2312.1490062
 2336.77324922 2346.90397873 2351.07089679 2358.32463685 2358.55353601
 2366.2181079  2375.59070686 2385.01623896 2398.03342455 2427.28485061
 2430.78883776 2431.29833589 2435.92621892 2481.7403509  2482.71014734
 2535.0011889  2535.82351921 2545.02765213 2563.35475158 2602.46194149
 2613.87716629 2620.19704311 2658.220837   2661.0287267  2661.04855996
 2678.12333067 2682.71521383 2683.27391178 2702.13914259 2712.28220539
 2719.13884692 2736.52431649 2743.73029006 2745.83874899 2753.6907202
 2768.53019911 2772.23181887 2777.41249987 2782.37494833 2782.57561426
 2793.03357591 2793.09584235 2795.72866603 2823.09113234 2835.6172864
 2845.93994855 2866.45880663 2872.75388354 2909.06388371 2913.60773371
 2914.78002941 2934.87555571 2952.26042529 2956.26307727 2956.27724389
 2958.81913457 2962.57982077 2971.48382145 2975.697906   2986.67206575
 2994.8034026  2995.63686621 2997.12439408 3016.8257885  3039.1478733
 3052.98638921 3058.26460319 3062.74028677 3066.41920662 3079.59419163
 3080.57068805 3090.90348349 3094.65733639 3099.81865079 3104.41523393
 3112.0054061  3134.42509054 3154.68431624 3157.94227096 3179.40212559
 3183.88127583 3185.10523801 3195.82593202 3198.42965581 3199.13098657
 3207.85112125 3217.81378472 3226.90721803 3231.88996643 3232.56613061
 3233.70122645 3247.61054211 3250.22496585 3250.94456321 3254.29901758
 3254.97648176 3264.57791321 3266.07180773 3292.46111095 3292.67774349
 3300.52748137 3324.61909301 3324.74109257 3326.93945117 3331.78660006
 3341.32313175 3345.41651674 3347.15654369 3353.37592088 3368.46349888
 3368.65516485 3380.67722076 3386.72646524 3387.24812999 3391.04814939
 3403.73976951 3419.75997742 3450.96586298 3472.00341916 3472.7996829
 3475.77097201 3484.23210764 3491.73964677 3502.5396405  3508.2017864
 3510.48587802 3511.57174071 3516.58512232 3530.05780624 3537.26631314
 3540.70393387 3544.59705292 3545.31668362 3561.50165759 3564.96197823
 3568.36569909 3586.3385665  3587.95446058 3588.16659313 3591.39524796
 3622.01753565 3629.65247432 3638.99647338 3641.27999834 3652.06182547
 3653.06565512 3678.31969583 3682.67674652 3691.29594824 3692.08661201
 3692.58261019 3696.81042802 3711.38427457 3728.92081026 3743.05889174
 3746.5065791  3755.01351456 3756.88900769 3761.27205828 3772.69674971
 3788.40552543 3789.86788674 3799.89201664 3810.10024587 3814.73276221
 3821.40000443 3828.53094494 3830.77727004 3855.95327771 3875.22124037
 3890.77954998 3894.8999682  3915.92545776 3925.32715661 3927.10148344
 3937.13654664 3939.01603974 3944.5008863  3959.84003004 3960.5227942
 3960.67589364 3963.66318269 3974.33334355 3979.54082445 4003.30033732
 4048.81593706 4083.46354332 4092.87947546 4097.65159129 4099.29228527
 4103.89103507 4139.57883752 4149.34096839 4151.23106146 4164.06238106
 4172.80824899 4174.20821052 4184.3379067  4187.47072855 4190.82011627
 4198.0266565  4217.22638609 4223.24496402 4227.06761666 4239.16343897
 4243.56665615 4271.18768819 4317.52391825 4320.07187557 4331.25166791
 4331.40073403 4335.26388652 4359.75136338 4405.18746342 4405.19446339
 4405.76186131 4418.88467985 4421.56663668 4433.03626128 4445.99101377
 4469.52279414 4479.50952418 4491.64391301 4495.54296538 4504.2885333
 4519.17304538 4534.17489036 4537.38094527 4543.65002228 4550.79519607
 4567.356402   4582.7364456  4591.82347894 4595.04200047 4609.96911239
 4613.05153442 4652.32652371 4665.23867636 4674.9154742  4679.00119255
 4685.26636958 4688.77435671 4701.3476106  4705.04766369 4707.67322073
 4719.3692445  4724.61222528 4730.81743585 4733.09666083 4741.73726247
 4753.21282038 4764.70084492 4767.5325012  4769.47679407 4773.18371381
 4777.44223152 4783.66790869 4796.88972687 4804.65226507 4809.87627924
 4811.79283888 4817.7771836  4822.07413451 4845.47554868 4864.01051404
 4879.36225774 4881.87418186 4886.21123262 4893.10284068 4903.46040269
 4904.75963126 4909.68731319 4927.33208181 4931.75646559 4937.12667922
 4941.20446427 4943.9853874  4966.71583737 4970.40252385 4973.99984399
 4977.4249981  4978.15522875 4980.2423211  4984.40023918 4987.67376051
 4989.10032195 5004.51483208 5004.86496413 5008.03238585 5014.77666111
 5016.26182233 5018.20718186 5030.86400211 5032.84306152 5046.00911324
 5070.75798914 5077.34753164 5083.50040907 5091.3902468  5099.97551532
 5110.09044489 5120.16240795 5136.1350827  5147.14454233 5156.06230962
 5177.77552999 5197.76599001 5199.39701736 5200.1849478  5206.46299145
 5219.1901781  5223.6990949  5224.52785853 5228.71050985 5242.53125917
 5273.71057815 5281.5325828  5299.60674985 5308.46715068 5312.49170259
 5316.57852094 5316.62225411 5322.58916556 5323.3592294  5328.25417812
 5332.30136327 5336.38838162 5346.33821179 5346.6003775  5376.48966788
 5379.45455701 5386.55629763 5419.80500903 5425.19482259 5435.0531531
 5435.12135285 5436.41314812 5447.65927354 5453.73085127 5453.79428437
 5471.09192093 5472.12291715 5473.29461285 5475.56000455 5492.54544225
 5509.55144655 5532.52819562 5535.88784996 5540.17573424 5540.2962338
 5546.49097774 5548.68820302 5569.44066024 5598.49345369 5613.51066529
 5616.63142051 5617.47218409 5621.07913753 5630.91556812 5641.92436108
 5653.37988573 5659.03019835 5665.81024015 5677.18639843 5684.14367291
 5697.85708928 5705.61469417 5710.50420957 5713.45119876 5738.85917224
 5738.89677211 5743.67992123 5792.01364397 5800.44424638 5806.1923253
 5831.97019743 5834.29602223 5852.96102045 5882.1576467  5883.30074251
 5899.31635044 5905.31566177 5914.94322646 5998.50002002 6000.55327916
 6003.46490182 6021.68726832 6025.41025467 6026.72104986 6030.91266782
 6044.52488456 6049.47813306 6059.01016477 6065.48560769 6067.63276648
 6076.70436655 6087.34066087 6145.85834626 6153.31828557 6177.78442917
 6230.82863464 6246.36957764 6276.30016787 6276.57223354 6276.66229988
 6277.66959618 6279.14395744 6286.23319811 6292.62507467 6302.08933996
 6309.27774693 6333.2086925  6351.68729139 6366.21960476 6370.54998888
 6404.07119928 6411.55890515 6431.27149952 6448.29750375 6454.75168008
 6469.57645904 6482.49734499 6491.25334621 6515.70085655 6525.20115504
 6566.45503708 6580.62505178 6580.83018436 6585.81586607 6616.33078749
 6619.2389435  6619.86997451 6628.86407486 6638.38550661 6651.01999361
 6654.85594621 6661.81225403 6694.75856653 6705.37819425 6784.9487691
 6809.32277971 6817.12588442 6829.14487368 6829.98303727 6839.29713644
 6842.93132311 6856.58993969 6862.63295086 6862.82475016 6862.8593167
 6868.29059678 6907.56625274 6916.13632131 6922.78966357 6932.09966276
 6935.71901615 6948.53760248 6953.36171812 6956.94000499 6970.45195544
 6982.0797128  6982.94920961 6983.63257377 6983.92527269 6983.94587262
 6987.36969339 6987.43765981 6987.95522458 6988.55722237 6994.38940098
 6996.60899284 7009.93481064 7011.3438388  7019.63914171 7020.81237074
 7027.42534649 7074.55810697 7074.76190622 7076.49929985 7080.21868621
 7127.45537964 7133.3813579  7162.23515208 7213.69509669 7217.10265086
 7262.3174517  7282.61847725 7305.49322669 7326.52174957 7330.00617013
 7335.62434952 7402.16727215 7424.77888922 7430.83710033 7449.78079752
 7456.15777414 7479.06029014 7508.58714852 7543.36538764 7551.12902584
 7576.05473442]"
673,715710_2024-07-16_F-1081,ORBl,True,"[ 341.52836668  356.14161309  440.44090392  444.62595524  493.6636754
  663.15035382  767.79933669  826.74515384  877.69216699  931.15670425
 1004.85763395 1027.8233164  1057.59280722 1178.49126383 1216.08152597
 1219.47728018 1339.79900557 1372.98978385 1471.40112293 1475.80520678
 1530.51987278 1580.42898974 1615.37486158 1626.41065444 1681.15572033
 1735.09332252 1832.28176609 1838.94297499 1846.12788197 1848.7379724
 1851.70752818 1865.65854368 1866.14804188 1866.37414105 1870.43915948
 1907.86798888 1907.91032205 1922.74286766 1926.76445291 1930.32213986
 1931.09147037 1935.65752029 1938.48274327 1956.16107843 1979.81232502
 1993.1709427  1994.9150363  2002.72680765 2011.1473101  2013.34193539
 2021.17094001 2022.8467672  2023.58273117 2024.31302849 2028.1168812
 2028.53674633 2036.01328558 2036.1074519  2046.2039482  2077.29990083
 2091.4036491  2097.30019414 2154.28425182 2171.98442024 2175.57917373
 2178.29113045 2179.78162498 2183.41351166 2197.3372606  2200.15231694
 2213.66370072 2227.22268433 2245.2816181  2262.32312226 2263.80521683
 2273.89534649 2275.08530879 2279.10366072 2280.32142292 2288.87065824
 2291.5420151  2292.58694461 2294.9778025  2299.31635326 2299.36725307
 2318.26115045 2321.65530467 2323.07453279 2349.32653652 2367.47683662
 2371.5433217  2376.03950521 2376.1621381  2382.00211668 2383.92584296
 2383.97834277 2386.08110172 2401.34091242 2411.89794037 2416.73298931
 2447.628176   2451.26306267 2453.17798898 2454.06671905 2457.34430703
 2472.53588465 2474.18651193 2487.77912875 2489.60188873 2491.14828306
 2492.21454582 2492.28064557 2508.85471812 2531.22270275 2531.35636893
 2532.10253286 2538.83417484 2541.63233124 2550.14556669 2559.03170077
 2569.23509668 2573.10411582 2582.91171319 2584.22357504 2587.72569553
 2592.75254376 2602.91630649 2604.51636729 2605.03583205 2626.36602049
 2628.59944563 2629.72617483 2633.67016037 2640.68206798 2669.41102929
 2706.47889334 2711.43524183 2712.55657106 2730.98990345 2736.02761831
 2738.87360787 2744.88428583 2745.64784969 2747.52837613 2762.85915324
 2804.90043239 2806.49932652 2821.93283659 2822.64910063 2823.31443152
 2828.33744643 2830.37840562 2841.09069966 2856.66134256 2856.82204197
 2863.10211894 2864.56004692 2871.03385651 2873.71161336 2881.24681906
 2883.29311155 2891.02824985 2898.60225541 2911.91590658 2913.91246593
 2923.35769795 2927.75461516 2929.67324146 2940.64690121 2973.36238123
 2998.37675616 3000.35168225 3002.44817456 3028.68611167 3040.32986896
 3046.15578093 3071.73868711 3079.07642686 3086.88819821 3088.19149343
 3089.20955637 3114.59362994 3125.664456   3125.68502259 3125.80048884
 3125.92668837 3125.96272158 3137.55577906 3137.73721173 3139.93843699
 3164.0036154  3170.96865652 3186.12760092 3192.94944257 3205.27046405
 3216.59235586 3227.98418075 3228.10864696 3232.17729871 3238.29884292
 3239.01070698 3239.38167228 3242.7403933  3247.094844   3248.21453989
 3249.20470293 3249.47343527 3267.04213751 3285.54503632 3292.40301116
 3337.21754681 3342.73075992 3346.03338114 3347.16181034 3356.08741094
 3356.64047558 3391.15644899 3430.23833899 3430.2999721  3444.01768846
 3457.24030663 3469.34026226 3475.01310812 3480.30485538 3481.16318556
 3489.82882045 3493.56790674 3513.97086524 3520.65647406 3521.16340553
 3531.17360215 3532.12239867 3535.61911918 3546.68241194 3558.08170347
 3563.16571816 3568.32539923 3580.41808822 3587.55379538 3587.71629478
 3595.09350106 3596.81922807 3597.07722712 3605.77786188 3617.97875047
 3618.06371682 3622.70776646 3623.19913132 3624.45562671 3635.10982097
 3645.30145026 3651.11109562 3663.45408369 3669.89642673 3674.68367584
 3677.23346648 3687.40932917 3688.33345911 3689.62622104 3690.80201672
 3700.69301378 3709.21268254 3721.56463724 3723.65776289 3724.67535916
 3730.87593642 3752.10482523 3758.37663556 3765.47560953 3768.63273128
 3776.12387048 3791.31611476 3795.6674988  3825.68325539 3828.68791103
 3834.42129001 3835.89718459 3848.8847703  3851.39639442 3862.88331896
 3862.95811868 3863.63701619 3866.81550454 3872.1244184  3879.00535983
 3884.776972   3890.88681626 3899.99581618 3915.950091   3921.98393554
 3927.74001443 3928.01131344 3931.08416883 3932.71016287 3939.94223635
 3943.75045571 3945.0732842  3946.30161302 3966.59997191 3970.00285943
 3981.52008386 3986.54869875 3988.23065925 3990.9267827  3994.23327057
 3995.28753337 3996.40669593 3999.25595215 4005.76422828 4013.30360063
 4013.69929918 4019.9026431  4020.77843988 4044.17582074 4058.9850331
 4062.738586   4064.40471322 4093.85813853 4111.09520865 4119.07051274
 4125.43892271 4132.08589834 4145.74211492 4150.36416464 4151.37366093
 4164.81407831 4184.05407441 4185.6494019  4192.41574375 4196.65252821
 4201.96544206 4232.08076494 4245.99178059 4259.2038988  4259.46196452
 4274.66600876 4280.7100866  4290.20835176 4293.35017357 4293.62073925
 4293.73697216 4296.26266289 4304.19806712 4311.39117408 4315.14719364
 4330.10957209 4338.83640676 4338.97940623 4343.98765453 4347.41927528
 4357.67643766 4365.6357418  4375.66020504 4377.97302989 4385.40856929
 4405.44056249 4434.29888999 4435.51478553 4442.85399194 4442.95339158
 4449.48930094 4466.6970045  4470.75268963 4472.09261805 4486.45216538
 4486.56323164 4496.48659525 4511.74717261 4519.01877928 4519.04367919
 4519.1484788  4528.87817645 4530.50660382 4535.39698588 4538.70900707
 4541.87426213 4542.48362656 4548.69057046 4551.50852679 4583.32947676
 4587.4894615  4589.14068878 4619.72417661 4620.00220893 4634.62118865
 4643.12489079 4652.20749082 4657.3206054  4662.15588767 4675.3720392
 4677.04139974 4688.64599051 4717.21478574 4717.88428328 4722.64709915
 4724.19549347 4729.7135399  4739.13673867 4739.35047122 4744.21738671
 4771.0059218  4773.51951258 4791.08918148 4794.2444699  4799.73894975
 4804.59386528 4807.94465299 4809.78161292 4814.23362993 4834.94975395
 4840.21866796 4842.53565946 4844.11515367 4853.48685264 4856.08810976
 4858.53940077 4869.18426173 4870.47132368 4879.76272294 4882.22218058
 4889.40065426 4889.56745364 4895.94169693 4899.15435182 4901.23677751
 4908.12925224 4912.03377125 4917.84068329 4931.18683434 4940.99869836
 4944.33611945 4945.00635033 4954.82318099 4963.06945075 4969.16206174
 4977.34516506 4977.4331314  4983.52330907 4988.19632526 5003.95973412
 5009.73291294 5023.75766151 5025.65868787 5032.48792949 5037.43361135
 5037.71984364 5038.13667544 5043.32335642 5044.62088499 5062.2255871
 5063.8787477  5067.08096929 5067.09366924 5076.09730289 5080.42682034
 5089.2378547  5091.60764601 5098.44842092 5099.80434928 5104.77599771
 5122.16743393 5130.58423639 5131.31306705 5144.98618358 5151.55152616
 5158.58263371 5175.59000467 5178.27502816 5178.5631271  5196.43386156
 5199.56461675 5206.38805839 5211.25360721 5216.26792215 5216.98568619
 5222.65369873 5251.19166074 5255.7641773  5256.83594004 5259.66209634
 5266.90676977 5267.6167005  5279.81175578 5281.4320165  5285.42716852
 5288.24712484 5294.89820045 5310.5067432  5326.12428593 5329.65843963
 5341.35819672 5366.20860559 5367.85993286 5370.31805718 5383.19980994
 5390.64698263 5391.67024554 5396.59359415 5398.23975478 5400.25454739
 5402.53267237 5404.11719989 5405.66816087 5406.17682567 5409.59994645
 5410.29264391 5410.73447562 5419.24577774 5421.11890421 5427.05981575
 5429.23570777 5438.90983896 5441.82169495 5448.7323696  5450.31333047
 5464.93567684 5468.21149816 5473.62477831 5489.32082075 5490.44124997
 5495.20539916 5496.14302906 5498.01258887 5498.57458681 5508.68904971
 5509.41491372 5509.88904531 5522.04493407 5526.51238435 5544.39235211
 5544.41721868 5551.66289211 5552.86885435 5561.25859025 5569.60749297
 5570.34532359 5570.41555667 5572.96958064 5578.49282705 5578.65739311
 5582.8395111  5585.23506899 5594.42690194 5597.66062342 5599.68041601
 5601.02181109 5612.76490135 5621.66230206 5623.43742888 5634.24505591
 5640.47196641 5648.72990279 5651.14146061 5652.03595733 5652.99018716
 5662.32645292 5665.72300713 5667.77963292 5669.79282554 5678.13982826
 5682.92474405 5683.86500727 5689.33868719 5689.95041828 5691.16221384
 5716.43942113 5767.101502   5769.12076126 5778.36909401 5785.88816643
 5786.31333154 5816.55582063 5816.84438624 5818.48218023 5836.59498047
 5837.70967638 5841.80606136 5844.58735116 5849.2116342  5852.47708889
 5855.54904429 5856.02714254 5861.26342333 5861.77182147 5863.96234677
 5865.97553938 5873.52121171 5876.88283272 5901.1812436  5920.05024107
 5926.26661827 5930.66523547 5936.83091286 5943.07868995 5943.33692233
 5946.76320977 5953.77055073 5959.4414966  5961.3146564  5966.80556959
 5967.79396597 5968.54029657 5968.8029956  5972.1748499  5973.27944585
 5974.03414308 5976.7487998  5980.85055142 5983.97280663 5987.66312643
 5989.36778685 5993.76877071 5998.66461942 6010.09967748 6010.66237542
 6035.98188256 6053.64641778 6054.2400156  6085.84596635 6087.22106131
 6097.8215891  6118.96087824 6122.26046614 6124.33272521 6133.60552453
 6133.75059067 6143.39185531 6147.48560696 6155.87514286 6157.27457106
 6158.77256557 6164.11824596 6169.69192552 6169.86545822 6170.41305621
 6177.15583148 6185.50796751 6189.02462128 6195.84146295 6196.13269522
 6199.75881525 6201.16687675 6201.84200761 6207.31058755 6218.34744708
 6223.10792962 6224.6479573  6227.44341372 6227.86421218 6239.31107019
 6241.26706302 6241.3468294  6251.21575987 6255.14727878 6259.25253039
 6261.65145493 6265.85380618 6295.51849739 6298.29525387 6301.68534144
 6304.26693197 6304.62989731 6308.75531551 6337.72160928 6343.46222156
 6345.94324579 6359.67379544 6366.26990458 6366.33243768 6367.29816748
 6367.68793271 6367.81823223 6374.2729419  6374.79567331 6380.63735189
 6381.06545032 6386.11399847 6386.43719728 6387.57432645 6401.78087435
 6403.6655341  6405.21536175 6406.22652471 6408.46664983 6410.19404349
 6410.20224346 6416.59462002 6423.4346616  6427.91241184 6430.39263608
 6432.94862671 6437.5863097  6439.46056949 6441.50619532 6446.0393787
 6447.85973869 6451.70385792 6456.82523914 6462.88598358 6471.04172033
 6480.71838485 6490.91648078 6496.92032543 6501.67654132 6507.49918663
 6518.65731237 6522.43966517 6524.04165929 6528.99794112 6535.57511699
 6535.76948295 6539.45933608 6542.8550903  6545.19204839 6547.22894092
 6550.44966244 6553.34135184 6557.24133753 6559.57532898 6560.03362729
 6568.83782834 6570.60222187 6578.00922804 6582.8186104  6585.97833214
 6587.8534586  6594.01086935 6595.56696364 6629.371373   6632.05222984
 6637.50184318 6663.59171417 6666.29437092 6673.92960959 6674.97340576
 6678.23669379 6686.10349827 6689.1307205  6692.0679764  6692.72300733
 6692.96843976 6693.44527135 6694.37686793 6699.88734772 6700.58021185
 6717.9154816  6725.52632036 6736.53451332 6739.20987017 6757.88613501
 6769.32949305 6769.43569266 6791.03694677 6809.21254678 6817.34631695
 6829.83967113 6838.65440547 6839.16363693 6859.40759602 6864.19467847
 6885.14773495 6902.28880542 6912.11826938 6932.81906012 6937.54637612
 6938.20870702 6939.66906833 6952.1587892  6975.49360362 6996.37172705
 7005.91819204 7008.79848147 7026.50261654 7031.84333029 7041.89636009
 7066.71606906 7080.98848339 7082.98590939 7085.11756824 7089.07208707
 7097.66275557 7118.44541268 7135.32625077 7140.37263226 7147.76300516
 7149.65399822 7162.67768379 7165.46264025 7170.30568915 7173.06561236
 7186.17836427 7194.88023236 7197.38782316 7204.65599651 7216.92175152
 7231.84093014 7248.1760369  7263.74541313 7272.83931312 7273.25007828
 7279.40868902 7281.01911645 7288.47865576 7310.89604021 7325.18695447
 7329.40613899 7332.90615949 7347.48723935 7351.47939137 7352.14428894
 7360.86805694 7364.06454522 7372.75878    7377.66359534 7394.59186659
 7397.13515727 7402.82850305 7415.85962193 7417.55551571 7428.56007535
 7431.06629949 7440.31119892 7440.31643224 7450.73676069 7450.89522677
 7453.25558478 7454.82397903 7458.4026659  7460.54689137 7471.88884978
 7479.4361221  7487.57055893 7504.3838306  7513.49326386 7528.5515753
 7529.05620679 7530.05436979 7533.66205656 7545.25771403 7556.64370561
 7567.92646423 7575.079838   7591.51751105 7597.24339005 7597.57692216
 7597.72858827]"
674,715710_2024-07-16_F-1085,ORBl,True,"[  27.14795299   28.19521581   49.21533872 ... 7606.26749028 7606.99412095
 7611.97393602]"
675,715710_2024-07-16_F-1086,ORBl,True,"[  75.06441059  448.77850668  496.74716409  496.94989668  499.36668782
  666.26894238  877.10123583  883.73001152  916.67895735  950.79716555
  965.36607879  967.69110359  975.90264015 1012.55983904 1040.51320319
 1049.90693541 1069.99736172 1075.70924078 1081.40298656 1089.86015555
 1089.94885522 1094.77127087 1096.62009742 1103.16187343 1103.17724004
 1116.90875635 1123.55923196 1125.32389215 1126.18385566 1135.98651971
 1137.42828109 1143.30249288 1145.5150181  1146.15278243 1147.08241235
 1155.13641615 1178.0433988  1208.48278717 1212.2201068  1217.8100863
 1218.0545854  1218.29208453 1221.35940661 1222.22143678 1243.41355906
 1246.79484666 1247.74937649 1251.99069427 1256.9108429  1261.99235759
 1262.58422209 1286.34410162 1291.47491613 1292.12798041 1292.4757458
 1292.61914527 1306.97725928 1336.49248437 1339.83273878 1339.86743866
 1340.09623782 1342.10369712 1346.05701596 1348.79600591 1352.10279378
 1359.85853201 1368.11563506 1369.13919797 1369.64729611 1443.38475901
 1447.51941052 1485.74570366 1487.78962949 1488.8870588  1489.04879154
 1489.6314894  1490.64811901 1496.01019934 1506.96049252 1517.88891911
 1525.32262518 1560.99972767 1569.43229674 1585.03167286 1601.62824533
 1620.43604302 1634.72302396 1640.95456777 1641.6539652  1651.47159586
 1654.69325072 1667.28023789 1671.03709078 1677.20346816 1678.11969813
 1718.35031726 1722.61636828 1725.94142275 1738.05747831 1748.57783973
 1755.88667959 1761.10006047 1774.81181019 1775.26290853 1797.22796131
 1818.28485075 1820.85090801 1906.93935895 1926.02008897 1946.21281492
 1975.85390621 1980.92485428 1982.52841506 1982.90074703 1990.37335296
 1999.80115172 2002.43647538 2008.70261907 2011.65244159 2014.07739936
 2015.20202857 2015.81185966 2019.39781318 2028.01158159 2059.88969801
 2060.22139679 2061.3012595  2077.5338333  2095.25593497 2101.10051354
 2101.61314499 2102.94494011 2106.15806166 2106.72649291 2119.98494428
 2121.65433816 2141.68296471 2143.74289048 2146.1191151  2148.86063838
 2150.11590044 2164.9800126  2178.60849595 2247.37997707 2260.34986283
 2264.26998179 2264.74344672 2298.81085511 2317.39995361 2319.18768038
 2324.22822856 2355.81504605 2362.68775418 2377.96723148 2379.60539214
 2380.92892062 2398.87878812 2428.41947978 2435.50352047 2549.4886691
 2561.28915915 2575.91290552 2579.40845937 2584.24747496 2589.1251904
 2592.19044583 2599.11425377 2628.64757879 2643.66305705 2680.16882317
 2692.15357922 2696.93042836 2705.26866445 2717.57918597 2718.73954838
 2718.86761458 2753.66458696 2754.21048496 2756.61334281 2782.57911425
 2799.10915363 2805.23563116 2807.70745543 2828.48811255 2838.5895755
 2843.90048936 2846.44454669 2854.51108378 2868.41409946 2901.99280964
 2939.84040417 2944.48342048 2948.88327101 2949.93656714 2959.47686549
 2961.01189319 2961.81219026 2969.15526333 2969.89056063 2972.63921722
 2973.90607924 2974.46954384 2977.35796658 2985.23740435 2999.10678681
 3000.72178089 3002.46140784 3013.91686583 3015.41656033 3017.0063545
 3018.51158231 3025.13572469 3025.76368905 3036.40218337 3040.40440202
 3042.865693   3055.72397917 3069.2957294  3069.85882733 3070.90575683
 3070.91985678 3071.08612283 3071.77952029 3072.20618539 3072.33621825
 3077.53183253 3082.08351583 3084.42514058 3084.765406   3085.05157162
 3085.28667075 3091.48858134 3110.53957814 3112.01520606 3136.38518335
 3137.34174651 3140.94153331 3144.82281907 3156.05927786 3186.05770118
 3190.02861995 3196.74449532 3202.01744265 3207.84545461 3224.05256184
 3225.09592468 3225.33302381 3226.90468471 3235.46012    3239.01117364
 3240.95173319 3241.02616625 3245.72748234 3257.95260418 3260.07312973
 3277.92129761 3292.64887693 3298.78148777 3323.22953144 3332.19179857
 3338.31140946 3353.94135214 3354.07345166 3361.18135892 3361.50969105
 3362.9157859  3363.2236181  3363.97674867 3368.48336548 3369.17879626
 3372.12971877 3387.00869754 3387.72676157 3391.77771338 3395.05670135
 3395.63743256 3398.65608815 3410.63277756 3414.92576182 3416.95832103
 3419.99870988 3420.10894281 3436.71991522 3443.7530561  3443.97028863
 3455.75224542 3468.87243064 3478.32299598 3481.43515123 3486.76856501
 3487.80532787 3488.67792467 3489.01925675 3489.22052268 3489.28248912
 3489.61255458 3489.66208773 3490.89881652 3491.75401339 3492.14314529
 3492.63454349 3498.1682232  3498.92352043 3505.53586284 3507.73122146
 3514.94242835 3535.51448623 3537.07024719 3543.19522473 3567.78460122
 3568.36359909 3578.68029459 3586.77139825 3595.65719899 3599.24921915
 3606.1718271  3608.4249855  3608.561985   3614.04533156 3614.3870303
 3626.10068735 3737.96001044 3758.3129358  3767.63203495 3785.98090099
 3802.50347373 3805.78632836 3806.20292683 3825.66405546 3854.3557169
 3896.18843015 3931.37196778 3933.87295861 3937.21647968 3967.86686727
 3973.63797944 3977.6736313  4012.96046856 4018.46551503 4041.74539632
 4061.69112317 4086.17396672 4129.53620769 4216.72582126 4222.40460043
 4238.04564307 4244.45655289 4245.86908104 4245.93171415 4246.86631072
 4279.69312366 4280.24222165 4285.58066874 4285.92243415 4286.13250005
 4286.59983166 4289.13895569 4291.07818191 4291.91501217 4299.84821641
 4301.99010855 4302.01137514 4303.05403799 4305.92129414 4325.35315621
 4326.44588553 4330.30683804 4334.29642341 4336.68574798 4336.8524807
 4341.22686466 4341.65896307 4343.47492308 4360.77172631 4361.87015561
 4368.96082961 4371.91515211 4377.18019947 4379.69849023 4396.83402739
 4396.86156062 4397.99852312 4398.94988629 4399.20275203 4400.11434869
 4401.03344532 4404.21383365 4410.19564505 4413.58559928 4415.08766044
 4422.06343486 4422.65326603 4429.63460709 4431.4857003  4431.96189856
 4432.23483089 4433.01236137 4433.60279254 4434.43615615 4437.46521171
 4438.32257523 4440.11463532 4450.39793094 4456.42600884 4456.78720751
 4457.03407327 4458.92009969 4459.02469931 4462.89175179 4463.18721737
 4469.44349443 4470.32375787 4474.7488083  4478.64172736 4485.61033514
 4486.50666518 4489.60768714 4499.38128463 4504.50856583 4504.70936509
 4505.60022849 4505.96942714 4508.34315177 4515.85332422 4517.17148605
 4519.13454552 4519.66601024 4523.86216152 4567.5036348  4567.87026679
 4573.21584718 4573.54694597 4573.57677919 4573.61937903 4573.80527835
 4575.35180601 4584.71557167 4589.25705502 4589.95558579 4609.96414574
 4612.31447046 4631.35620062 4634.48468915 4646.83144387 4650.98776196
 4652.01995817 4664.55967885 4673.33248001 4677.84003014 4679.51445734
 4682.91824485 4683.73174187 4686.35429892 4688.52135764 4698.79408663
 4727.2412823  4729.34777458 4731.40613369 4732.31986368 4751.17219454
 4756.2545759  4758.32760163 4767.14446929 4800.28291442 4800.61744653
 4800.73171278 4803.41986959 4805.07249686 4808.83884971 4816.38468871
 4830.63090312 4851.18446108 4854.15501685 4858.95779924 4861.0492249
 4861.71635579 4874.02137733 5058.63993358 5116.72415389 5144.18518651
 5167.95046602 5170.684456   5174.31404268 5177.15379894 5203.65190176
 5213.23216662 5216.18785578 5219.22581131 5228.96090894 5236.33664855
 5236.4692814  5240.02286837 5240.51433323 5241.48409634 5246.68714393
 5246.76287698 5248.35577114 5253.57551866 5260.15756119 5263.28084974
 5269.30176099 5276.41923489 5288.42999084 5295.7744639  5296.38792832
 5338.03907556 5411.65490558 5451.46069293 5462.31128647 5463.57848182
 5495.70419734 5496.24079537 5501.96420771 5502.73813821 5508.70331633
 5516.26432193 5518.51981366 5520.58457275 5529.34477396 5529.67577275
 5536.29034849 5544.6397512  5545.71234727 5548.52607028 5549.95016506
 5550.56019615 5555.01891314 5562.2998531  5564.65064448 5565.91480651
 5568.28493115 5577.78562964 5578.12942838 5578.14112834 5582.08651387
 5587.11599542 5596.63516051 5600.39434672 5614.56739474 5621.34173657
 5622.70099825 5623.8504607  5626.18598547 5631.23243363 5643.46892208
 5644.19288609 5655.68124396 5656.7795066  5656.94413933 5668.60996321
 5675.65540404 5679.08649146 5716.26712177 5719.22101093 5736.76627992
 5782.03194724 5783.80377408 5784.52780476 5785.49030123 5789.37628697
 5805.22442885 5811.35990635 5818.98674505 5824.93555656 5833.64352463
 5854.07618302 5890.24558371 5891.81034464 5900.98834431 5939.337137
 5941.1922302  5943.09805654 5947.36617422 5948.46140354 5962.786051
 5971.10398716 5993.23723932 5998.86258536 6000.05031434 6004.76929703
 6005.28146182 6005.9968592  6008.59114968 6031.68133167 6112.1281033
 6119.58570928 6120.08120746 6120.94640429 6142.52612515 6221.45620234
 6228.2386108  6251.61499174 6255.07897903 6265.11527556 6359.40452976
 6360.26722659 6408.16085095 6427.20451444 6453.06145294 6467.43973354
 6529.65760536 6536.60011324 6541.35756245 6581.81044743 6594.16800211
 6603.47893463 6609.98034412 6621.80246743 6643.94931954 6647.56347295
 6652.75525391 6661.52308842 6668.34719673 6669.56625892 6671.0172536
 6672.27854898 6678.5605926  6706.61165639 6722.5795645  6740.48876548
 6741.20356286 6741.33012907 6755.99814194 6759.78196139 6762.26158563
 6765.17684161 6775.88970232 6787.60565935 6801.89680694 6806.14825801
 6840.00403385 6865.83600578 6887.2620272  6916.98491819 6920.32243929
 6927.84394504 6945.78537924 6949.10500039 6955.08601179 6963.42041456
 6981.96367989 6982.96267622 7004.66892995 7024.76278959 7028.40227624
 7035.64171636 7043.95915252 7052.33668846 7055.20237795 7057.56623595
 7066.48573657 7076.84706524 7077.91569465 7081.60764778 7082.32081183
 7086.1648644  7094.43753406 7097.21152389 7099.03615053 7103.84979954
 7104.47426392 7112.60420077 7146.43254337 7154.32808108 7159.25919633
 7160.9132236  7161.20242254 7186.58742944 7199.85578078 7205.92749184
 7238.70847162 7240.59889802 7246.77220872 7264.01311215 7271.1153861
 7276.597966   7277.23056368 7279.35335589 7281.21848239 7288.94388739
 7310.54964148 7321.11996938 7323.68685997 7337.00661112 7339.61293489
 7342.56712406 7345.30698068 7349.17209984 7352.56315407 7354.47921371
 7370.68242095 7375.97730153 7379.4380555  7385.09910141 7386.35893012
 7390.47538169 7393.7261031  7396.1345276  7397.41945622 7403.64533339
 7410.00931005 7410.11417633 7417.95664757 7419.13877657 7420.9672032
 7426.55384938 7434.06015518 7448.9698005  7456.63383906 7457.35156976
 7460.11669295 7461.05475618 7467.28713332 7467.86006455 7479.09392335
 7486.44652972 7499.60804812 7504.97206178 7509.55414498 7529.9170703
 7535.813582   7535.93738155 7541.31959514 7541.89152638 7560.32539211
 7572.77111313 7574.01227525 7581.68838043 7598.81595095 7610.25510899]"
676,715710_2024-07-16_F-1095,AId,True,"[  30.9902389   234.18102704  234.23209352 ... 7612.23273507 7612.434801
 7612.49266745]"
677,715710_2024-07-16_F-1097,AId,True,"[ 128.69301391  259.33020147  647.47271131 ... 7603.94856546 7608.48724881
 7611.80206999]"
678,715710_2024-07-16_F-1099,MOs,True,"[  22.03467174   22.88236863   24.12253075 ... 7606.89358799 7607.42591937
 7609.43124535]"
679,715710_2024-07-16_F-1103,MOs,True,"[  67.10470645  204.56540232  254.10062065  262.77628883  267.45843833
  445.5546185   488.60242729  512.05100796  700.69541612  700.74158262
  732.47129958  802.44097631  802.92890785  819.56381351  852.12792742
  925.74319077  932.93626439  974.19561307 1067.61863712 1109.22895118
 1111.68560884 1126.92718627 1133.92879393 1192.56394555 1192.65341189
 1212.99400396 1213.34193602 1266.07957594 1271.43028965 1297.15676196
 1331.46383614 1348.04640866 1348.35710752 1352.47569242 1355.91071315
 1356.22834532 1361.83192477 1362.65665508 1362.66688837 1362.76335469
 1362.80842119 1362.88862089 1363.16455322 1371.77052165 1372.59111864
 1374.68147764 1381.95601763 1383.60064493 1387.5085306  1390.93081805
 1396.08503248 1397.74032641 1397.852726   1397.99295882 1408.92465206
 1410.10088108 1425.88552319 1452.61505849 1461.12416062 1479.9626582
 1556.48551089 1569.06869807 1590.991551   1598.24262441 1610.68701211
 1717.0840219  1717.20202147 1744.33482196 1754.4754181  1754.99464953
 1762.94018706 1763.17075288 1763.88528359 1765.46831112 1765.6279772
 1790.94135103 1820.17957714 1820.28194343 1820.85834131 1981.73468464
 2086.59826673 2279.67735862 2291.38331569 2296.24049787 2371.23148951
 2485.83516921 2806.21349424 2985.40413707 3041.63056419 3054.9268821
 3240.77973382 3271.86771981 3276.96206779 3315.03469483 3334.00052527
 3371.78465337 3398.83202084 3450.19236581 3462.28352147 3482.88717924
 3506.44945949 3676.12860387 3798.00379023 3858.53916822 3891.61798024
 3921.16557188 3921.27420481 3966.48230568 4048.96390318 4113.32830046
 4187.86722709 4203.36870358 4203.48693648 4203.62423597 4203.74690219
 4203.85263514 4204.21760046 4218.29134885 4309.7934466  4309.86221302
 4327.56071478 4355.06231392 4355.81081117 4370.51269059 4370.69745657
 4370.71682317 4370.80232286 4371.15052158 4371.37025411 4372.2982507
 4372.4523168  4373.25251387 4373.39528001 4381.25738451 4382.06208156
 4387.20069605 4469.39246128 4470.3320245  4474.33464316 4474.35194309
 4480.39375427 4490.38101764 4519.17541204 4607.25942233 4614.45116262
 4617.53145132 4617.74318388 4634.19992353 4636.99504661 4661.51369002
 4693.82863817 4694.66790176 4706.26559256 4706.48082511 4734.24292329
 4747.10334279 4747.29657542 4747.58527436 4748.01593944 4748.0919725
 4748.14867229 4755.68717798 4758.22073535 4758.49186769 4758.91226615
 4791.62277952 4793.08134084 4822.45069979 4845.2250496  4847.60304088
 4876.54953472 4987.39342821 4997.11819254 4998.87831942 5004.28549959
 5008.9352492  5012.41520311 5017.01205291 5020.93363853 5135.30591908
 5174.52410858 5174.57397506 5180.83361877 5180.94418504 5181.01285145
 5215.35855882 5266.21347231 5339.31403756 5403.81103435 5433.54149198
 5526.46568452 5538.48364044 5548.90936887 5568.79639594 5600.62121256
 5612.80023456 5613.43163224 5677.49496396 5690.56494936 5691.88481119
 5692.08101047 5692.55730872 5692.73134141 5744.7138841  5777.77662952
 5788.80902239 5897.66352317 5903.50923506 5927.21884811 5927.28068122
 5961.23719002 6017.19341813 6051.47189242 6085.54703412 6091.31007965
 6092.71154117 6100.65501204 6106.1298253  6106.36945775 6106.92685571
 6107.23122126 6107.47195371 6108.1554512  6108.38828368 6108.62148283
 6108.68888258 6108.7634823  6109.57367933 6109.72281212 6109.83564504
 6111.32920623 6113.61073119 6119.17691078 6125.05742255 6125.28378838
 6153.72231742 6154.15361584 6156.5192405  6158.1735011  6158.41623354
 6159.29536365 6159.33469684 6159.38629665 6159.60902916 6159.83242835
 6160.06119417 6160.21692694 6175.14353886 6175.41583786 6175.44287109
 6175.59267055 6175.70883679 6175.81663639 6176.05610218 6176.51366717
 6176.83029934 6178.89862509 6185.07150245 6185.23890184 6186.19916498
 6219.62117574 6219.72164204 6220.0500075  6225.71682005 6225.73705331
 6226.4936172  6226.69044981 6226.81521602 6244.87654978 6245.33078145
 6261.60682176 6263.59681446 6296.00572894 6296.10096192 6296.44519399
 6306.96058876 6315.18889192 6317.45925026 6317.68648276 6317.81488229
 6317.93711517 6321.54156862 6321.82313425 6322.23506608 6322.35586563
 6322.48729848 6322.70176436 6323.04316311 6323.44539497 6323.92342655
 6324.83675653 6335.46505089 6342.87042373 6350.08116395 6350.4507626
 6350.89219431 6351.11122684 6352.4587219  6352.83712051 6354.77021342
 6356.2859412  6362.53341828 6362.59851804 6365.0562757  6365.61434032
 6365.69900667 6365.80797294 6418.36441353 6418.51981296 6444.03308605
 6453.62368421 6469.94745768 6480.87878426 6497.92572174 6497.99048817
 6498.2004874  6498.31648697 6498.49715298 6499.27041681 6515.83748938
 6518.12488099 6518.38858003 6518.55141276 6518.63494579 6518.88911152
 6518.95524461 6519.03441099 6521.79973418 6522.484665   6523.46336141
 6523.79569353 6523.8956265  6529.70550519 6538.44263981 6538.51683954
 6538.57007268 6538.74967202 6539.35890312 6563.64568071 6563.9774795
 6564.07294581 6564.79504317 6565.42347419 6565.56784033 6566.39653729
 6568.60879585 6568.71716211 6571.23875287 6571.26215278 6575.10157203
 6575.38990431 6575.49113727 6575.52317049 6575.59110357 6576.5736333
 6576.78356586 6577.49056327 6577.61522948 6577.71356245 6577.77896221
 6578.03422794 6578.17092744 6578.31466025 6578.34806013 6578.48092631
 6578.71399212 6579.18652372 6579.46115604 6579.85005462 6580.19938667
 6587.36119374 6587.9359583  6588.0618245  6588.12079095 6588.22309058
 6588.24995715 6588.38818997 6589.58321892 6589.61815213 6589.80755143
 6595.34253113 6595.41003089 6595.55639702 6596.00239538 6597.64798935
 6599.27335005 6606.15699147 6606.26189109 6612.60573449 6618.75227861
 6619.37577633 6619.46874265 6620.26867305 6620.66710492 6620.89480409
 6623.42019483 6624.79375646 6652.14632281 6659.55772896 6665.2013416
 6673.49161119 6686.91102864 6687.29289391 6689.51315243 6699.88758105
 6703.2012689  6703.31060183 6703.79586672 6705.57282687 6705.80092603
 6712.80123369 6725.5701202  6729.90497097 6734.52975401 6735.83661588
 6736.75511251 6741.8392272  6751.34959232 6751.64679123 6751.83789053
 6752.6739208  6754.60164706 6754.65601353 6754.72891326 6754.87031274
 6760.00122726 6760.09992689 6764.24344503 6764.54844391 6775.81696925
 6776.3119341  6780.04848707 6781.89798028 6788.58935574 6788.94365445
 6794.03476911 6800.12981342 6803.6626338  6803.81976655 6803.8881663
 6804.00073256 6804.19546518 6815.40839072 6818.34791327 6818.92317783
 6831.76993072 6832.145496   6835.2817845  6838.20250712 6838.55940582
 6839.32216968 6844.54738385 6848.91293451 6849.25526659 6856.50224001
 6856.98027159 6857.06517128 6857.62913588 6862.33005197 6862.8408501
 6863.31664835 6863.50808098 6863.96921263 6864.03271239 6864.25624491
 6870.04932366 6874.59037367 6880.46748545 6880.77221767 6880.89461722
 6881.35584886 6881.77771398 6883.05664262 6888.0247244  6895.02113208
 6895.63499649 6895.86639564 6897.39455671 6906.7953889  6906.83862207
 6906.90015518 6907.02612138 6907.12562102 6910.09197681 6941.65709438
 6946.33364389 6946.35521048 6946.45411012 6946.53440982 6948.7493017
 6950.39669566 6955.11727835 6955.47634369 6955.6843096  6955.89640882
 6955.9199754  6956.07017485 6956.61623951 6963.81627978 6971.31391894
 6983.14764221 6983.7778399  6984.27037143 6986.91999504 6987.31352693
 6987.54609275 6991.41524522 7019.33574283 7022.45346473 7030.10390334
 7036.73921233 7041.57319461 7041.62572775 7051.21582591 7051.80679041
 7052.40465488 7052.59312086 7057.72246871 7062.57918423 7062.65905061
 7062.75271693 7064.67694321 7066.03117157 7068.88599444 7069.64299166
 7069.78652447 7078.28875995 7078.32499315 7078.34362642 7078.37575963
 7078.39665956 7078.54499235 7078.88982442 7079.6111551  7079.6669549
 7081.87901345 7085.85039889 7085.93786523 7092.25584206 7092.44794136
 7095.65876292 7096.18812764 7096.53882636 7097.01889126 7097.77365516
 7097.93102125 7098.61785206 7101.56744125 7105.92072528 7105.97139176
 7106.21515753 7106.34782371 7106.47745657 7116.88808506 7125.96335178
 7144.24538473 7144.26445132 7146.17194433 7150.83312723 7155.50041012
 7161.12508949 7161.30725549 7161.41472176 7161.64968756 7167.90326463
 7176.8462985  7176.89366499 7176.98949797 7177.66889548 7177.7741951
 7185.27710091 7185.40733377 7186.80306198 7199.26281629 7201.38717516
 7202.68113708 7203.14046873 7203.18340191 7210.97284001 7213.12219879
 7213.25909829 7214.22066143 7216.61908597 7217.34744996 7231.51046469
 7231.56559782 7231.62169761 7231.69046403 7231.84549679 7246.86324171
 7248.73636818 7255.26291091 7255.63020956 7255.81517555 7255.87854199
 7266.03753806 7266.0621713  7266.12753773 7266.21343742 7267.02776776
 7267.13466737 7267.38529978 7269.66735808 7270.21505607 7282.42164464
 7287.13792734 7305.3737938  7305.41196032 7316.30062039 7316.8332851
 7327.71687852 7327.91394447 7332.8957262  7332.9320594  7333.15252525
 7333.21699168 7334.5584201  7343.98891884 7344.22045133 7354.49874697
 7356.33357357 7366.69860222 7370.04798994 7376.05326792 7380.68015095
 7388.15792352 7388.67038831 7394.72999942 7394.87369889 7396.84752499
 7397.12985729 7400.12751296 7400.68554425 7402.5155042  7421.46590137
 7422.55616404 7429.48337196 7430.11480298 7434.72051942 7444.18375139
 7447.84510462 7452.13648889 7453.04818554 7453.28325135 7454.27311438
 7454.85914557 7454.98194512 7457.50893585 7457.55570234 7457.84340129
 7457.88263448 7458.14500018 7458.16853343 7458.55766534 7467.80156477
 7468.88279414 7472.4275478  7475.68743585 7475.76470223 7475.99680138
 7477.36529636 7484.23870449 7484.63870302 7485.22606753 7485.28066733
 7500.67087755 7508.66424824 7508.93494725 7509.22381285 7509.32274582
 7509.40174553 7509.54771167 7509.64097799 7511.24873876 7511.38673825
 7524.92168862 7531.5605976  7531.87666311 7533.88165576 7535.10075129
 7535.41518347 7559.65666123 7559.85109385 7559.93126022 7578.40719246
 7583.12114184 7583.16130836 7584.49430347 7584.81436896 7590.7570805
 7596.4102931  7596.5844258  7607.91935089]"
680,715710_2024-07-16_F-1111,MOs,True,"[  68.62103422   71.55195681  121.71383951  156.63027812  193.44277644
  196.32059922  198.29352532  207.58659124  221.79127248  222.05620484
  222.06093816  255.23881648  409.40391775  470.08096189  581.55738639
  693.58917552  716.18699264  767.73423693  803.5344723   852.53049261
  875.99893987  890.30012076  929.04127867  949.99750182  953.39098937
  959.49456699 1064.10168335 1091.34251678 1116.69092381 1190.19355424
 1190.20222088 1205.99066298 1246.09058258 1262.79238799 1263.41631904
 1314.50713166 1328.06988192 1332.85796436 1333.46192882 1353.79035426
 1365.52481123 1369.08546483 1403.12230667 1426.12375565 1456.39387797
 1460.42876317 1496.81959638 1496.82382969 1498.64868967 1502.89260744
 1520.05857781 1532.85533088 1552.61452508 1554.41828514 1677.78113271
 1701.32284637 1722.48626875 1727.88608228 1744.64345416 1746.52024728
 1747.35261089 1791.22794998 1867.68000293 1891.73631471 1900.31568324
 1907.02535863 1915.36576138 1938.59134287 2003.27443898 2164.19431548
 2164.20184879 2184.5573408  2203.65743742 2369.73142835 2442.89602669
 2474.63654361 2474.65611021 2523.46686453 2529.73037489 2559.3049331
 2560.11213014 2583.82984315 2595.72606619 2619.89504422 2635.68611964
 2664.66408003 2710.69471122 2751.99315976 2799.99471705 2800.61054812
 2809.51774879 2815.21596122 2815.22269453 2833.19946194 2872.20541888
 2901.9676764  2901.9761097  2936.54191627 2939.44743894 2940.08523661
 2946.20858081 2953.92078586 2981.62405093 2995.93819843 3017.05268766
 3017.10168748 3063.1978851  3142.30169499 3142.30646164 3155.68827923
 3157.68117192 3221.00710634 3221.01923963 3229.82530733 3242.50809415
 3246.86941149 3288.11896021 3306.93392454 3306.95359113 3323.08989862
 3326.77505177 3326.78248508 3336.70004871 3426.16292061 3455.23298066
 3456.14504398 3461.84262309 3476.82236815 3478.09836347 3487.36399615
 3508.08592016 3559.44083182 3559.96572989 3559.98622982 3560.00619641
 3560.80789347 3574.85824194 3612.3431378  3637.00371403 3659.92946328
 3660.08629604 3665.83604162 3672.51611712 3704.28470061 3725.27119031
 3726.22358682 3726.27835328 3727.11148356 3750.9045963  3764.53521298
 3782.01004889 3783.31361077 3832.30323111 3842.90695889 3842.9850586
 3842.9933919  3850.44303125 3869.70702726 3869.8889266  3869.89982656
 3925.87472127 3964.49321297 3964.82554509 3964.82914508 3977.76863095
 3983.44604347 4021.06557216 4028.60457785 4066.11037363 4096.55582864
 4101.55364365 4101.55914363 4102.26134105 4102.27467433 4112.64126965
 4123.70472907 4130.40363784 4145.53271569 4184.52013937 4204.19403388
 4218.01251654 4218.26688227 4218.27788223 4219.66107716 4219.66967713
 4219.6764771  4219.68714373 4219.70721032 4221.27103792 4221.27887123
 4228.10551286 4237.426812   4254.17738391 4262.68481937 4318.88724659
 4323.6729957  4326.98865021 4333.09369448 4345.74494809 4352.83552208
 4429.10814236 4437.15811283 4437.17177945 4440.45183409 4464.69814516
 4478.57922759 4478.58889422 4483.94837457 4485.39080261 4485.40646922
 4497.46029168 4497.79422379 4509.04508252 4516.63912134 4520.2219082
 4539.4168378  4544.3711863  4559.28659827 4559.55723061 4571.92251859
 4578.97299273 4588.91945626 4598.40265481 4598.59588743 4598.60635406
 4605.94906047 4614.78449473 4614.83056123 4614.83719454 4617.04501977
 4617.04855309 4617.20321919 4617.22355245 4617.23295242 4622.58726611
 4633.92869119 4651.64365955 4651.65369285 4653.56548584 4657.53480461
 4657.58350443 4660.74259285 4660.8384925  4666.44987192 4667.50023473
 4672.36618355 4694.46310251 4697.98268961 4708.71151692 4718.07821591
 4724.21682673 4735.75101776 4750.66902971 4762.5419195  4764.28617977
 4766.38030543 4775.77140432 4776.32863561 4786.79479722 4790.57058338
 4798.94881932 4802.67170566 4802.77257196 4802.78050526 4813.64236543
 4820.59687326 4820.62760648 4862.82935171 4883.86674122 4898.54485405
 4911.73797234 4940.44710038 4941.71152908 4941.71616239 4942.13222753
 4943.04305753 4965.40040886 4966.53020472 4970.06852508 4970.28842427
 4975.56063827 4979.44669068 4985.42503543 4985.48590187 4985.73406763
 4996.41976177 5006.53205802 5006.58409116 5018.4337477  5019.27317796
 5020.38097389 5020.38697387 5034.96028709 5036.94594647 5042.88135804
 5059.98449532 5089.12965509 5100.0438484  5104.17806657 5117.22155207
 5128.46891082 5145.6522478  5147.8798063  5160.14536131 5172.81624818
 5173.52204559 5174.83350745 5174.83964076 5174.87837395 5176.98229957
 5176.99733284 5186.93699639 5187.3345616  5187.49752767 5187.51799426
 5187.5246609  5193.82860445 5198.05528895 5198.06075559 5205.16226288
 5205.19119611 5205.26266252 5205.27486247 5205.27939579 5205.28536243
 5206.81549015 5227.27311513 5227.2904484  5241.68836226 5266.299772
 5266.32640523 5282.6398454  5341.75329528 5342.64425867 5407.87681944
 5462.02945417 5479.21935779 5483.21280981 5499.80888228 5504.87056372
 5519.24264434 5544.94891673 5544.96111669 5554.58831471 5560.79799194
 5568.48313042 5590.56058279 5612.28406978 5620.02534139 5620.64537245
 5635.31601865 5656.74537339 5669.43852684 5684.81137046 5685.03876963
 5687.87979254 5690.78404856 5696.68816024 5704.17239946 5709.74097903
 5709.82511206 5710.24814384 5714.91892671 5728.54014342 5766.89613609
 5769.56979295 5795.60149748 5810.091011   5810.11247759 5817.20995156
 5817.2177182  5830.09070432 5839.60776942 5840.01736792 5840.02483456
 5840.03076787 5843.66005456 5852.3111895  5852.33462274 5855.85594316
 5865.42507474 5865.42847472 5866.05653909 5887.49736045 5890.33845003
 5902.80290432 5907.16755498 5911.96887071 5911.99257062 5912.73246791
 5915.80635663 5919.19171088 5922.20503317 5939.99580125 5940.01580118
 5941.25779662 5941.46229587 5941.4719625  5941.47736248 5942.2720929
 5951.79369132 5953.59971803 5954.6339809  5969.18326087 5988.53352324
 5992.26860954 5999.67558238 6000.03721439 6003.32646899 6003.48316842
 6003.4881684  6006.89982255 6006.98662223 6012.11633675 6012.12427006
 6016.35488788 6025.72632017 6043.20752273 6043.21668936 6053.49641833
 6062.13131999 6095.36359811 6095.90079614 6100.27798009 6100.30174667
 6102.85747063 6110.93137435 6111.61617184 6116.53115382 6116.55722039
 6123.41446191 6136.80197948 6148.33793717 6164.01477967 6164.02801296
 6166.5420704  6183.53634141 6188.00789168 6200.11904726 6200.1261139
 6200.13294721 6200.14318051 6200.15774712 6200.17828038 6200.84467794
 6202.33300581 6214.31986185 6217.96241516 6227.13771484 6227.9487452
 6246.52434374 6246.56357693 6257.02553856 6260.30962652 6262.10015328
 6262.13415316 6262.92868358 6265.0587091  6268.48926319 6273.78221044
 6274.58017418 6274.6008741  6282.94134352 6296.01222891 6297.98235502
 6301.71584133 6301.72297464 6308.92948154 6312.45590194 6314.43046136
 6319.85877479 6319.8824747  6323.24266238 6323.28022891 6330.10260389
 6330.34766966 6332.13299644 6332.14286307 6333.11832616 6333.46735821
 6333.49269146 6333.51765803 6333.52355801 6343.04432309 6343.05882304
 6344.58251745 6351.1232268  6351.16242665 6351.82995754 6352.14308972
 6356.20997481 6356.22387476 6356.54347358 6356.60970667 6359.1485307
 6360.67752509 6362.88248367 6365.19904184 6387.85865874 6389.91088454
 6391.05648034 6397.9572217  6431.22119971 6459.95129434 6478.65249242
 6478.66189239 6478.7307588  6489.52671921 6500.23511327 6500.68351162
 6500.70577821 6500.70924486 6504.04186597 6504.11679903 6504.3621648
 6504.38439805 6511.56990503 6514.35852814 6515.0229257  6523.49302797
 6523.51199457 6527.64644607 6527.65857936 6527.66647933 6530.44973579
 6530.49913561 6530.53000216 6530.75433467 6530.75866799 6531.30829931
 6533.54715777 6539.08513746 6539.09777074 6539.14093725 6541.209063
 6544.24555186 6554.47694767 6567.6486327  6572.22274926 6577.09473139
 6582.14161288 6586.69206286 6592.0075767  6593.16607245 6595.18756504
 6599.02801762 6613.39736492 6613.40519822 6623.82176002 6627.52224645
 6632.72269404 6635.97328212 6635.98164876 6635.99134872 6641.38349561
 6651.41415883 6653.45945133 6663.22354885 6669.31032653 6669.32279315
 6669.97979074 6671.09518665 6671.96858345 6672.44098171 6673.80144339
 6676.98443172 6677.42783009 6685.81196601 6687.42656009 6688.40168984
 6688.45368965 6688.63758898 6707.98725135 6710.67987481 6715.02952552
 6742.60389106 6748.98553432 6753.344385   6753.35828495 6753.4190514
 6772.91997988 6792.33534201 6796.60395968 6806.17572458 6818.69844532
 6818.72847854 6829.31763971 6831.31616571 6834.65208681 6850.70262795
 6866.78990228 6867.65369911 6867.66376574 6881.14904962 6881.19584945
 6894.10413544 6897.768422   6903.91696612 6913.61266389 6913.62836384
 6922.71573051 6922.72199715 6923.10089576 6925.28632108 6925.29992103
 6926.93818169 6928.17294383 6934.65388673 6942.87962323 6947.90963811
 6949.69989821 6949.7045982  6950.86229395 6953.5032176  6958.83663137
 6958.8728979  6963.17674879 6963.19458206 6963.19764871 6963.3191816
 6978.26606011 6978.27689341 6978.29702667 6978.41129292 6983.62970711
 6997.82885504 7010.20257632 7037.45604304 7042.77555686 7055.1069783
 7056.12030792 7069.32539283 7073.99520903 7074.22040821 7075.28960429
 7076.43880007 7076.57606623 7076.85419855 7076.89486507 7077.17213072
 7079.02469059 7079.0395572  7091.95337651 7098.86715115 7102.76133687
 7106.32779045 7106.34322373 7109.37691261 7109.42021245 7113.29179825
 7117.39778319 7119.18880995 7119.24190976 7133.13669213 7140.64596459
 7141.51189475 7142.98138936 7154.47528054 7154.9039123  7161.37442191
 7161.38472187 7168.64459524 7181.52958132 7194.23863471 7196.71582563
 7204.76842943 7204.78212938 7206.56072286 7208.34481631 7210.53790827
 7219.69484135 7224.61015666 7225.46662019 7225.50795337 7234.1346884
 7239.77840103 7242.90808955 7258.07760059 7258.08230057 7262.69961697
 7265.13224138 7287.86125802 7289.91805048 7289.92571712 7299.00801714
 7299.07988355 7301.89683988 7317.94738102 7325.07115489 7325.08855483
 7328.31007635 7328.31770965 7329.13257333 7329.3758391  7329.66153806
 7329.67010469 7330.40863532 7333.96742226 7333.97942222 7338.06267391
 7342.76025668 7346.65380907 7346.66470903 7348.0900038  7348.09480379
 7348.0995371  7348.10473708 7360.95408996 7360.96168993 7361.58268765
 7362.8620163  7377.87072792 7378.48282567 7378.51359223 7383.83393938
 7383.85407264 7383.94927229 7384.00233876 7391.52921116 7391.64281074
 7391.64801072 7392.9100061  7392.93417267 7399.16651648 7401.56027437
 7427.10441402 7427.14568054 7429.71583778 7432.92522601 7448.26523642
 7459.27202938 7469.87945715 7474.28417433 7476.31146689 7476.32603351
 7478.57812525 7478.58299189 7478.6074918  7487.15439379 7487.17309372
 7487.1800937  7490.74821395 7493.29827126 7499.15344979 7507.10212064
 7514.51669344 7517.20475025 7518.68684482 7520.32520547 7527.1163139
 7536.46184629 7540.80569703 7540.9147633  7540.97392975 7546.76547517
 7550.81989364 7550.83542691 7557.26253667 7558.46026562 7561.53342101
 7562.66921685 7570.25448903 7582.18021196 7586.97846103 7587.01066091
 7596.32199343 7596.45359294 7596.99472429 7601.67110714 7601.84963982
 7601.87670639 7603.03673547 7607.03215415]"
681,715710_2024-07-16_F-1123,MOs,True,"[ 331.70153605  340.77590277  668.7728332   852.31739339 1100.61321611
 1114.48183191 1239.01690852 1326.24715527 1427.37548439 1450.296767
 1450.73399873 1679.98972461 1728.99707821 1760.90552785 1806.0109291
 1865.28727837 1903.51603817 1918.87008186 1986.76476619 2057.28250757
 2080.87615438 2148.64227252 2198.80335522 2239.16787385 2248.71333884
 2278.64592907 2306.74135936 2356.53611008 2416.80905569 2416.92118862
 2457.86547179 2477.23960073 2500.24198304 2503.08193929 2525.65015653
 2536.16078464 2553.87391968 2567.2480373  2590.99078356 2617.27092051
 2622.88053327 2682.21138234 2707.7905552  2740.0657035  2743.9185227
 2748.33657317 2754.41685087 2769.15179683 2782.98947941 2786.06886812
 2797.88662478 2828.56307894 2865.23071113 2868.21506685 2954.10361853
 2957.60330569 2975.84747212 2990.86645037 2999.74855113 3001.75924375
 3009.17628322 3015.07109493 3023.88166262 3038.16281024 3058.68093499
 3060.91732679 3064.77071266 3081.44151819 3097.01646107 3097.14262727
 3097.41212628 3109.33624922 3121.01580638 3122.21563532 3149.83873401
 3154.97211519 3164.36074742 3199.43851877 3232.7891298  3245.02251826
 3245.7570489  3250.3380321  3266.65730559 3268.57386522 3277.37373295
 3324.95422512 3373.39381413 3379.82229056 3394.56130317 3410.88764329
 3423.22993136 3424.18379453 3424.39249377 3427.36094955 3433.82262585
 3433.90175889 3442.23452833 3443.01902545 3443.17722487 3492.25334489
 3536.05441759 3558.08597012 3565.44990978 3644.32092052 3646.04594753
 3664.32321383 3669.83952694 3676.43996939 3722.13886846 3724.9543248
 3728.06924671 3744.29725387 3753.83911887 3782.74554619 3802.32364106
 3862.36565419 3878.92519346 3886.65553177 3888.49925834 3890.65758376
 3905.99526085 3909.29988206 3915.8512247  3918.48858169 3927.59204831
 3928.25414588 3946.80494451 3976.95516727 3981.42238422 3983.9288417
 3986.73329808 3987.36919574 3995.76556495 4002.22740792 4050.69983015
 4054.51701615 4068.80326376 4122.70929939 4150.87406277 4162.45278697
 4162.53228668 4165.17697698 4166.89663734 4167.39260218 4168.61013105
 4208.91931655 4223.12083114 4224.82269156 4228.54291125 4233.04062809
 4286.47173213 4287.57119477 4311.06960859 4317.82368382 4326.57298506
 4336.15384993 4342.50189331 4352.44515685 4356.67364134 4365.89354086
 4371.54535346 4391.31938094 4393.84480502 4396.85996062 4407.44372181
 4416.2544895  4427.89578014 4458.02000299 4492.49660988 4500.21111492
 4519.99100905 4530.05180548 4530.91556898 4531.19416796 4531.3096342
 4531.36890065 4534.34275641 4540.58436686 4546.20414625 4549.98339905
 4551.98459171 4563.82614828 4565.68670813 4566.86507047 4567.85790016
 4570.10489192 4577.49646482 4579.08485899 4582.081548   4583.2184105
 4593.2054072  4600.40748079 4606.2387594  4608.09138594 4608.60548406
 4609.63691361 4617.81571695 4625.47605552 4639.07823897 4640.40980075
 4653.53385262 4663.69844867 4688.24165866 4694.17480357 4704.01330082
 4718.87054633 4732.4767631  4735.27848616 4738.10577579 4741.77722899
 4754.95781399 4769.93042574 4778.70529356 4792.33634357 4804.4784657
 4808.18138546 4831.37436706 4845.49988193 4845.73784772 4857.18033909
 4876.97303317 4877.88636315 4894.21066995 4896.79052715 4900.5866799
 4902.13290756 4905.78439417 4908.45245105 4933.48685924 4959.71696304
 4964.93031059 4968.90762934 4972.96664778 5004.5636319  5016.25442236
 5020.67550615 5023.47819587 5023.57696217 5025.5596549  5038.29950818
 5040.20413453 5049.11710184 5054.60994836 5058.21310181 5060.66632615
 5064.23547973 5073.14424705 5085.08573659 5085.65396784 5106.41592503
 5108.87031603 5109.95604538 5125.64232119 5127.76138008 5133.34389294
 5135.39351876 5137.27467852 5139.27173787 5153.01848745 5162.09895415
 5164.39527906 5175.79827057 5183.79510791 5224.17649315 5225.28635575
 5225.46902174 5242.02519436 5262.4169529  5273.66544498 5283.29730966
 5286.77533024 5291.09824772 5306.68315723 5320.86567188 5321.57913593
 5323.82559436 5327.20294864 5337.34037813 5343.29048964 5343.44925572
 5345.67544756 5348.93480227 5349.15873478 5353.65071831 5355.89201009
 5359.42616379 5369.87292548 5371.82165167 5378.64409331 5380.97605143
 5381.22008387 5382.06254744 5384.35990568 5389.78628578 5393.54950532
 5402.15540709 5403.23340313 5403.84596755 5413.97133042 5416.53748768
 5420.02340822 5421.4217031  5423.30872951 5424.6572579  5435.52938469
 5435.808217   5435.89235003 5435.94354984 5452.87588774 5459.90129531
 5465.55627457 5484.83450387 5487.63729359 5489.38412051 5489.74515252
 5494.12903645 5494.36843557 5511.39643978 5513.45656556 5540.76803207
 5549.04856836 5567.3543679  5579.24772428 5582.41894598 5585.68023402
 5587.83152613 5595.06896625 5622.66046506 5628.24821124 5630.65283575
 5635.64695077 5635.90761648 5642.9267574  5669.94379165 5674.00577676
 5681.14905056 5682.06128055 5689.06352153 5689.47448669 5697.0700255
 5712.7571013  5715.45089143 5720.92403802 5724.48639162 5730.62033579
 5730.68646888 5736.26328176 5747.14547519 5748.46667034 5749.62946608
 5781.6892485  5809.29811391 5816.21018856 5833.44489202 5836.97314575
 5837.9314089  5857.74960289 5861.40465615 5868.75509586 5871.69735173
 5886.15219872 5891.01624755 5910.90170795 5915.18882556 5924.28145888
 5926.60165037 5935.12808577 5960.78395835 5976.78969965 5983.20880944
 5985.90499955 5993.53997155 5993.94233674 5998.7696857  6000.74704512
 6012.08340354 6030.09727081 6035.87824961 6045.54568082 6098.031655
 6105.5195942  6112.30973597 6122.9160304  6162.00808703 6193.03887323
 6199.08738438 6210.79154146 6216.00555567 6223.05449648 6230.72760167
 6234.73552031 6237.66050958 6249.86773148 6271.1202202  6297.20892452
 6309.42447972 6310.26420998 6317.23161776 6325.28692155 6327.40224712
 6327.79651235 6342.9863233  6353.40181844 6356.10900851 6366.73166955
 6370.24695666 6379.3790565  6384.64803718 6387.65305949 6400.12191376
 6407.34165395 6428.77587534 6443.66922072 6466.3078377  6472.30224904
 6481.27304948 6499.89644784 6550.54909541 6556.40247394 6578.66962561
 6586.80219579 6603.61113414 6606.38619063 6623.53572774 6624.94392257
 6632.45952834 6639.09340401 6639.29060329 6645.43961407 6661.23985613
 6667.57529956 6672.63998098 6673.21927886 6674.82743963 6675.95400216
 6676.85433219 6678.32719346 6693.36103832 6695.37503094 6701.16857636
 6702.50367146 6703.66306721 6735.77578277 6749.88296436 6751.25509267
 6753.78241673 6759.5088624  6775.46370388 6776.85456545 6778.61429233
 6785.29803448 6785.84923246 6793.48693778 6793.69907034 6795.49423042
 6826.12425142 6843.28632181 6849.40419938 6869.5576588  6870.33365595
 6884.38407109 6892.61300758 6906.29459073 6941.55342809 6943.3692881
 6948.60230224 6951.2383259  6953.79344987 6979.85582095 7003.48533429
 7014.32326121 7017.71281545 7020.46110537 7034.64948666 7045.14988149
 7049.10003367 7055.31551087 7097.42545644 7161.09088961 7180.73601757
 7202.70043701 7208.52374899 7217.71758194 7237.49270941 7266.97446796
 7290.31911568 7292.42360796 7295.04269835 7303.31296802 7314.27406116
 7323.4404942  7325.93675172 7335.17041785 7340.11926637 7343.5563871
 7379.70445453 7393.66666999 7396.65435903 7405.57899297 7408.72938141
 7410.89990679 7420.80463713 7434.69431952 7443.13102191 7448.34133614
 7453.81011608 7456.07087446 7464.22667788 7483.54470703 7487.00476101
 7495.33899711 7502.04180586 7521.50610114 7571.72855029 7598.27178628
 7601.84903982]"
682,715710_2024-07-16_F-1124,MOs,True,"[  35.07295726   50.22856834  136.03288699 ... 7607.38821951 7611.46723788
 7612.06346903]"
683,715710_2024-07-16_F-1126,MOs,True,"[  40.23767165   42.594863     43.39072675 ... 7601.82230659 7603.0556354
 7612.66523349]"
684,715710_2024-07-16_F-1132,MOs,True,"[  67.52467158  272.52335309  307.69812409  343.37185992  683.19051365
  970.55809308 1159.66143289 1191.34148337 1207.04669244 1212.41980606
 1225.7170573  1267.3704712  1285.58323774 1298.30909107 1305.83239681
 1308.60945329 1309.57534975 1312.51630563 1316.10325914 1324.71842755
 1327.11735208 1334.57279141 1336.17348554 1339.38017378 1347.58604368
 1347.58904367 1354.94285003 1366.09327581 1375.76867366 1385.07013954
 1385.12683934 1385.14283928 1385.14603927 1405.31179864 1418.34188419
 1424.44249515 1424.45389511 1425.96288957 1425.97748952 1439.03947495
 1441.92473103 1447.28141139 1447.28444471 1451.46619604 1459.97189818
 1460.35023013 1467.99423542 1477.40113426 1488.61579313 1494.59383787
 1494.64983767 1526.65758695 1550.66176558 1551.15409711 1551.3921629
 1554.70898407 1560.70419542 1563.24865275 1572.09065366 1577.3401344
 1599.53135302 1599.53428634 1599.53708633 1605.34623169 1619.51001308
 1626.87201942 1629.00974491 1629.08447797 1636.17798529 1641.72203162
 1643.21905946 1683.8185439  1708.33828731 1708.34238729 1708.3491206
 1708.3667872  1708.39642043 1708.41202037 1713.10250317 1713.13803637
 1716.12742541 1722.02970376 1723.39683208 1723.41429868 1723.46256517
 1733.51182832 1738.09604484 1747.76364272 1747.81984251 1762.07189024
 1762.08292354 1762.08872351 1762.0934235  1763.77541733 1765.17247887
 1767.77883598 1781.03278737 1784.07950953 1787.35776418 1798.38949038
 1807.49079034 1809.20861737 1809.26845049 1821.72127148 1823.02913335
 1878.60186288 1887.74359602 1890.75261831 1902.21704293 1928.53441308
 1935.66398694 1956.33544446 1956.65027664 1956.6613766  1956.66504325
 1957.22977451 1960.73829498 1993.33540876 2004.86319982 2043.2698923
 2059.51006607 2067.86583543 2074.08331262 2097.34676064 2097.35099396
 2132.80849725 2135.63825354 2135.64722017 2135.65232016 2135.65498681
 2135.65785347 2137.3769805  2142.48636176 2158.234604   2164.16881557
 2165.56921044 2177.84666541 2220.18581013 2258.20307071 2276.94883529
 2302.18394274 2302.59244124 2307.4402568  2322.93746663 2337.24361416
 2345.56375032 2347.56127632 2388.53509272 2397.51392646 2412.36313867
 2436.10165161 2441.15299975 2450.4547323  2495.68629975 2510.05664705
 2510.070047   2515.0415621  2515.60246004 2515.61052668 2516.59692306
 2521.10170654 2523.42926467 2523.43673131 2523.44516461 2523.45089792
 2523.45733123 2523.46836453 2532.20406582 2532.21013247 2584.63150688
 2626.13685466 2637.13911431 2649.76290135 2664.95094565 2747.31601024
 2747.69910884 2747.7088088  2765.87297552 2766.7682389  2767.48043629
 2769.43929577 2777.52819944 2777.53586608 2780.23242286 2783.02427929
 2788.76792489 2796.69769581 2796.72179572 2804.07586875 2818.41211617
 2839.94757052 2856.91177497 2872.70168373 2916.49502312 2922.35593496
 2924.04332877 2924.04949542 2924.06386203 2924.07006201 2924.072662
 2924.07762865 2924.73952622 2944.7484195  2955.35641393 3020.778074
 3050.67923101 3050.68546432 3109.16958316 3109.17221649 3109.37624907
 3109.38218238 3109.38854903 3109.39698233 3109.54624845 3109.5499151
 3119.82077743 3122.07386917 3124.42229389 3133.84362601 3145.7432157
 3169.57489496 3179.29462598 3186.03490126 3192.94980924 3192.96157586
 3198.9491539  3220.88270679 3220.90110673 3261.68819048 3262.60582044
 3355.05884804 3384.94377178 3384.95200508 3384.9565384  3384.95897172
 3384.97193834 3384.97853831 3393.99087193 3393.99823857 3405.7246289
 3420.44177492 3437.26054657 3439.03130675 3453.18952149 3453.22525469
 3504.42496692 3517.43961919 3517.44321917 3522.74953305 3587.60079521
 3656.68127519 3657.43777242 3657.45837234 3659.99929636 3668.64463132
 3668.65396462 3683.75867589 3686.1551671  3699.87048346 3711.53970734
 3713.56219992 3716.45922263 3726.10802057 3758.45046863 3768.63583127
 3792.65687651 3818.37808218 3818.38724881 3818.40468208 3819.47297816
 3822.8971656  3824.35962691 3824.37342686 3832.2500313  3846.30964641
 3849.57656776 3849.60833431 3849.84836676 3889.80415356 3889.8123202
 3890.45511784 3908.69955093 3932.04233199 3958.5063016  3980.2817884
 3984.10397439 3992.44904378 3992.45771042 3993.40244028 3993.41044026
 3998.52222151 4003.35647045 4024.48995961 4024.49799291 4024.50825954
 4024.51145953 4024.51415952 4024.53665943 4025.0540242  4025.06612416
 4025.37868968 4031.25793478 4031.5898669  4037.25334613 4066.12707357
 4091.39038092 4102.2376078  4115.17419369 4115.2349268  4123.84312857
 4140.09066898 4159.16869901 4159.32413178 4159.32993175 4180.25065503
 4180.25598834 4180.26185499 4189.61605401 4189.63345395 4221.26130462
 4250.32563136 4253.27442055 4264.58087908 4265.35810957 4266.30843942
 4274.93867443 4274.94504107 4302.73023917 4310.38544443 4317.78601729
 4318.40928167 4318.42231496 4330.59080366 4340.63456683 4376.4078023
 4412.36537043 4422.53256647 4431.00830205 4442.18452773 4457.47523832
 4463.105851   4481.05365185 4484.17490707 4493.67857221 4497.67712422
 4510.22951151 4548.36267166 4560.14449512 4560.76612617 4561.54122333
 4574.97497406 4575.96723709 4598.58552081 4657.25433897 4658.19796885
 4686.53529825 4708.6354172  4714.21739673 4723.32682999 4723.3411966
 4750.58339669 4763.5059493  4789.81431948 4789.83031943 4790.93468204
 4800.50531361 4804.98713051 4805.01733039 4819.75110969 4821.06967152
 4821.07703816 4821.96580157 4868.42149786 4900.62711308 4952.05225782
 4955.68624449 4958.89833271 4981.24948407 4981.52864971 4997.52049107
 5034.96052042 5068.07516564 5077.68296374 5085.49663508 5096.74402717
 5096.972693   5100.07684828 5100.11714813 5105.6614278  5106.00942652
 5106.11475947 5117.25798527 5127.18858218 5135.02678677 5165.33750894
 5170.8387221  5171.96078465 5173.22971333 5173.23314665 5195.00206681
 5195.11673306 5242.46499274 5297.32135823 5333.30302627 5368.48486391
 5407.95201916 5431.91859793 5512.10860384 5530.14003771 5555.58627772
 5595.48159807 5606.00479281 5638.02857537 5711.74207169 5745.31268191
 5750.36269672 5763.8030141  5795.2056656  5795.21566556 5849.76379884
 5853.79115074 5855.74324358 5855.7631435  5902.25830632 5914.70492734
 5916.06422235 5916.08035563 5961.85115443 5961.85472109 5998.0073885
 5998.0159218  6133.47839166 6139.04950457 6143.56175468 6234.89558639
 6235.45308434 6275.88673606 6296.24879471 6306.60469007 6306.61462336
 6306.61879001 6311.19460657 6311.20263987 6319.22591044 6323.95625976
 6324.57292417 6356.86803906 6358.77799872 6363.36001525 6422.00363351
 6431.16646657 6435.32491799 6466.65923641 6466.67326969 6479.11072408
 6510.18521011 6532.50876157 6534.73148676 6554.43068118 6570.64475505
 6585.67873324 6595.64286337 6626.16811808 6649.46386598 6649.46956596
 6649.75203159 6651.61999141 6654.66844689 6664.09294566 6671.28771928
 6671.30695254 6676.7351993  6714.27289496 6723.96399275 6737.42394339
 6746.58197647 6799.34774962 6806.88818863 6832.56239448 6832.58512773
 6846.50487668 6847.62767256 6862.98938289 6863.75591341 6863.91641282
 6869.16706023 6899.85131436 6943.59938725 6943.60935388 6955.75957599
 6970.19022307 6970.19535638 6970.2003897  6996.82049207 7001.27210907
 7001.28104238 7042.1390592  7049.65876495 7055.66054294 7063.00121602
 7063.01331598 7082.15077912 7105.70139275 7151.00529327 7162.45785127
 7171.06555303 7171.07088635 7171.07618633 7193.11187218 7201.04707641
 7238.87090436 7242.01132618 7262.03991939 7270.15732295 7273.70564327
 7273.71757656 7286.02773141 7286.0311314  7306.49052303 7330.34010223
 7367.91266444 7385.16060118 7395.18313109 7420.09807305 7429.70243783
 7457.45293605 7458.17400008 7458.9409306  7504.30939754 7515.92198829
 7531.80243005 7541.2230955  7543.04855547 7554.92244526 7559.14429644
 7606.63225561]"
