,unit_id,structure,is_qc_pass,spike_times
0,743199_2024-12-05_A-3,ND,True,"[  20.72099098   20.99979006   21.20855603 ... 7022.61343963 7022.86670545
 7023.3527705 ]"
1,743199_2024-12-05_A-5,PAG,True,"[  22.65268455   23.13831627   33.43444865 ... 7021.90804198 7022.0208416
 7022.88520539]"
2,743199_2024-12-05_A-7,PAG,True,"[  20.22402597   20.31882566   20.36312551 ... 7023.50167    7023.53473656
 7023.55296983]"
3,743199_2024-12-05_A-14,PAG,True,"[  22.69861773   31.91188705   35.01944337 ... 7016.30149398 7019.85961547
 7023.21297097]"
4,743199_2024-12-05_A-15,PAG,True,"[  20.28919242   20.74089092   20.90079039 ... 7023.2924707  7023.34877051
 7023.53906988]"
5,743199_2024-12-05_A-19,PAG,True,"[  26.31737235   26.66353786   31.07588983 ... 7008.25382078 7013.34030384
 7022.51173997]"
6,743199_2024-12-05_A-24,PAG,True,"[  21.17638947   22.68598444   23.04114992 ... 7015.86312878 7019.14475118
 7022.41257363]"
7,743199_2024-12-05_A-25,PAG,True,"[  20.21355934   20.27105915   20.2761258  ... 7023.50826998 7023.52520326
 7023.56633646]"
8,743199_2024-12-05_A-28,PAG,True,"[  20.39062542   20.41965865   20.60819136 ... 7023.29530403 7023.39743702
 7023.54053654]"
9,743199_2024-12-05_A-29,PAG,True,"[  21.01465667   21.09138975   21.0967564  ... 7023.03807155 7023.12977124
 7023.45527016]"
10,743199_2024-12-05_A-32,PAG,True,"[  20.72525764   21.215556     21.24295591 ... 7022.33367389 7022.91000531
 7023.41613696]"
11,743199_2024-12-05_A-33,PAG,True,"[  20.28809243   20.32049232   20.32452564 ... 7023.54376986 7023.55426983
 7023.5644698 ]"
12,743199_2024-12-05_A-34,PAG,True,"[  21.38728877   22.45291855   22.74418425 ... 7022.32397393 7023.08943804
 7023.11030464]"
13,743199_2024-12-05_A-37,PAG,True,"[  20.57019149   20.57669147   20.67709113 ... 7023.13140457 7023.20790432
 7023.21553762]"
14,743199_2024-12-05_A-38,PAG,True,"[  20.56055819   20.68735776   20.93735693 ... 7023.08330473 7023.18053774
 7023.20947098]"
15,743199_2024-12-05_A-40,PAG,True,"[  20.67992445   20.98445677   21.00489004 ... 7023.08520473 7023.13287123
 7023.41483696]"
16,743199_2024-12-05_A-41,PAG,True,"[  20.39075875   20.68319111   21.07898979 ... 7022.303374   7022.9336719
 7023.0828714 ]"
17,743199_2024-12-05_A-43,PAG,True,"[  20.42649197   20.63695793   21.08968976 ... 7022.3813404  7022.81220563
 7023.19160437]"
18,743199_2024-12-05_A-44,PAG,True,"[  20.35402554   20.59259141   20.74655757 ... 7022.64433953 7022.79043904
 7022.86660545]"
19,743199_2024-12-05_A-45,MB,True,"[  21.0756898    22.17385281   24.62307799 ... 7020.76207913 7021.42691025
 7021.56560979]"
20,743199_2024-12-05_A-46,MB,True,"[  20.29625907   20.39849206   20.66972449 ... 7023.42703692 7023.4930367
 7023.53380323]"
21,743199_2024-12-05_A-50,NPC,True,"[  20.2363926    20.2551592    20.28229245 ... 7023.37400376 7023.40753698
 7023.45467016]"
22,743199_2024-12-05_A-58,NPC,True,"[  21.36878883   24.17857947   24.85181056 ... 7023.51636996 7023.52950325
 7023.53170324]"
23,743199_2024-12-05_A-60,NPC,True,"[  20.33352561   20.35295888   20.37122548 ... 7022.94450519 7023.09873801
 7023.48643672]"
24,743199_2024-12-05_A-61,NPC,True,"[  20.2469259    20.33415894   20.42689196 ... 7023.05963814 7023.2927707
 7023.49967001]"
25,743199_2024-12-05_A-63,MB,True,"[  20.24429257   20.27245915   20.29019242 ... 7023.48883671 7023.51503663
 7023.5432032 ]"
26,743199_2024-12-05_A-64,MB,True,"[  20.23885926   20.29532574   20.32732563 ... 7023.51293663 7023.53423656
 7023.56483646]"
27,743199_2024-12-05_A-65,MB,True,"[  20.23379261   20.28462577   20.33749226 ... 7023.49603669 7023.53363657
 7023.56546979]"
28,743199_2024-12-05_A-67,MB,True,"[  20.2264593    20.25215921   20.27792579 ... 7023.4728701  7023.48630339
 7023.55310317]"
29,743199_2024-12-05_A-68,MB,True,"[  20.26112585   20.29449241   20.33565893 ... 7023.17463776 7023.38200374
 7023.47817008]"
30,743199_2024-12-05_A-70,OP,True,"[  20.38005879   27.74663425   36.96317023 ... 7000.25778075 7008.90075196
 7021.60554299]"
31,743199_2024-12-05_A-71,OP,True,"[  20.22149265   20.23735926   20.24979255 ... 7023.53183657 7023.54823652
 7023.5631698 ]"
32,743199_2024-12-05_A-74,OP,True,"[  20.76792416   20.97175682   26.1525729  ... 6996.94259179 6998.84628545
 7019.28228406]"
33,743199_2024-12-05_A-80,SUB,True,"[  20.93972359   21.37465547   21.43742193 ... 7011.75320913 7018.95698514
 7022.84050554]"
34,743199_2024-12-05_A-81,SUB,True,"[  20.45535854   21.00602337   21.42312198 ... 7022.93937188 7023.01350496
 7023.47767008]"
35,743199_2024-12-05_A-82,SUB,True,"[  20.69452441   21.0060567    21.32815563 ... 7021.71724261 7021.87320876
 7022.90300533]"
36,743199_2024-12-05_A-87,SUB,True,"[  20.22229265   20.25079255   20.28025912 ... 7023.50823665 7023.53526989
 7023.55850315]"
37,743199_2024-12-05_A-89,SUB,True,"[  20.42092532   23.61518135   24.31564568 ... 7013.51520326 7019.93548188
 7020.73217923]"
38,743199_2024-12-05_A-92,HPF,True,"[  20.25479254   20.25899252   20.31209235 ... 7023.44120354 7023.49120337
 7023.53180324]"
39,743199_2024-12-05_A-95,HPF,True,"[  20.22629263   20.27749246   20.30452571 ... 7023.52713659 7023.55720315
 7023.56760312]"
40,743199_2024-12-05_A-96,HPF,True,"[  20.32259231   20.61259135   20.75569087 ... 7022.49680668 7022.94050521
 7023.12293793]"
41,743199_2024-12-05_A-98,HPF,True,"[  20.34762556   20.56735816   20.92105699 ... 7023.4935367  7023.55370316
 7023.56786978]"
42,743199_2024-12-05_A-102,RSPv,True,"[  21.65038789   22.15381955   26.1015064  ... 7022.94193854 7022.99910501
 7023.49297003]"
43,743199_2024-12-05_A-103,RSPd,True,"[  21.18502277   22.00162005   22.85905053 ... 7021.44704351 7021.52364326
 7023.13933788]"
44,743199_2024-12-05_A-108,RSPd,True,"[  20.2664925    26.41667202   31.70165442 ... 7017.92055526 7018.18448771
 7019.53794987]"
45,743199_2024-12-05_A-109,RSPd,True,"[  20.27272581   20.33369227   20.36745883 ... 7023.49937001 7023.51946995
 7023.56423646]"
46,743199_2024-12-05_A-110,RSPd,True,"[  20.24635923   20.26385917   20.32839229 ... 7023.45377016 7023.4622368
 7023.46820345]"
47,743199_2024-12-05_A-111,RSPd,True,"[  43.09398314   46.44267199   49.77659422 ... 7009.58174969 7011.09891131
 7020.62191293]"
48,743199_2024-12-05_A-124,PAG,True,"[  35.89860711   36.29173913   44.15434628 ... 7019.28295072 7020.3109473
 7023.37187044]"
49,743199_2024-12-05_A-130,PAG,True,"[  21.89225375   22.16918616   22.41448535 ... 7022.35310716 7022.49857335
 7022.66847278]"
50,743199_2024-12-05_A-131,PAG,True,"[  21.4071887    21.41192202   21.56398818 ... 7022.59147304 7022.90840531
 7022.91353863]"
51,743199_2024-12-05_A-133,MB,True,"[  29.37456217   39.67419453   39.78192751 ... 7007.3266572  7012.36764042
 7022.50200667]"
52,743199_2024-12-05_A-134,MB,True,"[  20.5459249    20.77665747   20.92435697 ... 7023.14113787 7023.27857075
 7023.48077007]"
53,743199_2024-12-05_A-136,MB,True,"[  22.70251772   24.62541132   24.78967744 ... 7014.69159934 7018.59611967
 7022.75537249]"
54,743199_2024-12-05_A-137,MB,True,"[  21.13192295   22.44985189   23.41221536 ... 7020.86307879 7021.09271136
 7021.43277689]"
55,743199_2024-12-05_A-138,OP,True,"[  20.31479234   20.52885829   20.5972914  ... 7023.20953764 7023.48817005
 7023.49817002]"
56,743199_2024-12-05_A-140,SUB,True,"[  20.23805926   21.56912149   21.77162082 ... 6961.17577757 6984.99879823
 7019.8288489 ]"
57,743199_2024-12-05_A-141,SUB,True,"[  20.2355926    20.38345878   23.82391398 ... 7021.08044473 7021.41381029
 7022.14100787]"
58,743199_2024-12-05_A-142,SUB,True,"[  20.22929262   20.23759259   20.28109245 ... 7023.54126987 7023.55150317
 7023.56180314]"
59,743199_2024-12-05_A-143,SUB,True,"[  20.24265924   20.26302584   20.29389241 ... 7023.51756995 7023.53910321
 7023.56066981]"
60,743199_2024-12-05_A-145,SUB,True,"[  20.23759259   20.26939249   20.28392577 ... 7023.51846995 7023.53600322
 7023.56070314]"
61,743199_2024-12-05_A-148,SUB,True,"[  20.24609257   20.30109238   20.47909179 ... 7022.8615388  7023.32433726
 7023.43620356]"
62,743199_2024-12-05_A-149,HPF,True,"[  20.28512577   20.44119192   20.58205811 ... 7022.74723918 7023.0116383
 7023.43833688]"
63,743199_2024-12-05_A-151,HPF,True,"[  20.25649253   20.28955909   20.40195871 ... 7023.24683752 7023.33960388
 7023.46247014]"
64,743199_2024-12-05_A-152,HPF,True,"[  21.00532337   21.33865559   21.5274883  ... 7010.20311429 7012.16067444
 7013.85250214]"
65,743199_2024-12-05_A-153,HPF,True,"[  21.06975649   21.6565212    23.46848183 ... 7019.61261629 7019.84614885
 7021.62520959]"
66,743199_2024-12-05_A-160,RSPd,True,"[  20.22959262   20.30272571   20.38299211 ... 7023.20017101 7023.46533679
 7023.55563649]"
67,743199_2024-12-05_B-3,MB,True,"[  20.29599698   20.38016332   20.51622945 ... 7021.81769804 7023.29319225
 7023.4770582 ]"
68,743199_2024-12-05_B-5,MB,True,"[  20.56872924   20.58872916   20.59052916 ... 7023.41289178 7023.43719169
 7023.55462456]"
69,743199_2024-12-05_B-6,MB,True,"[  20.88279468   24.0876821    24.54264699 ... 7022.253563   7022.34729596
 7022.57936172]"
70,743199_2024-12-05_B-11,VTA,True,"[  20.40626321   20.57412922   20.76239515 ... 7022.24459636 7022.44879556
 7022.83922736]"
71,743199_2024-12-05_B-12,VTA,True,"[  20.42949646   20.56509592   20.80466165 ... 7020.32490389 7022.2771629
 7023.441625  ]"
72,743199_2024-12-05_B-15,VTA,True,"[  21.054894     22.04039014   23.13821916 ... 7022.70929454 7022.93839364
 7023.37565859]"
73,743199_2024-12-05_B-18,VTA,True,"[  20.46559631   20.5714959    20.61082908 ... 7022.78396091 7023.03062661
 7023.53189131]"
74,743199_2024-12-05_B-21,VTA,True,"[  20.37266334   20.53632937   20.63386232 ... 7018.89647616 7019.5489736
 7021.18290053]"
75,743199_2024-12-05_B-22,VTA,True,"[  30.20922476   53.28780089  118.06268013 ... 7016.29381971 7019.09287539
 7022.10833023]"
76,743199_2024-12-05_B-23,VTA,True,"[  22.60915457   25.84204189   25.96977472 ... 7016.38565268 7018.72917682
 7018.92377606]"
77,743199_2024-12-05_B-25,VTA,True,"[  21.92362393   22.21242279   23.24835206 ... 7021.18713385 7021.44973282
 7022.75849435]"
78,743199_2024-12-05_B-26,VTA,True,"[  20.37699666   20.61892905   20.93822779 ... 7022.88519385 7023.03445993
 7023.35592534]"
79,743199_2024-12-05_B-27,VTA,True,"[  20.27556373   20.28283036   20.30309695 ... 7023.38965854 7023.43062504
 7023.44385833]"
80,743199_2024-12-05_B-31,RN,True,"[  20.25773046   20.26859709   20.3078636  ... 7023.41549177 7023.46119159
 7023.53242465]"
81,743199_2024-12-05_B-40,RN,True,"[  20.42346315   20.74022857   21.61072515 ... 7023.3742586  7023.44465832
 7023.50702474]"
82,743199_2024-12-05_B-56,RN,True,"[  20.2315639    20.27859705   20.52312942 ... 7023.27762564 7023.40092516
 7023.44745831]"
83,743199_2024-12-05_B-59,RN,True,"[  20.91566121   21.61215848   23.36371828 ... 7018.76931    7018.79060991
 7019.05317555]"
84,743199_2024-12-05_B-60,RN,True,"[  20.47439628   20.49229621   20.95222774 ... 7019.7273729  7022.67022803
 7022.80536083]"
85,743199_2024-12-05_B-65,RN,True,"[  20.23833054   20.27366373   20.28039704 ... 7023.08485973 7023.11912627
 7023.28755894]"
86,743199_2024-12-05_B-67,RN,True,"[  20.22639725   20.24393052   20.25933046 ... 7023.52079136 7023.53185798
 7023.54052461]"
87,743199_2024-12-05_B-68,RN,True,"[  20.22336393   20.24159719   20.26186378 ... 7023.51142473 7023.53322464
 7023.54979124]"
88,743199_2024-12-05_B-87,RN,True,"[  20.24099719   20.27786372   20.44942971 ... 7023.33869207 7023.34519205
 7023.54169128]"
89,743199_2024-12-05_B-88,RN,True,"[  35.89793578   36.606133     37.66932883   43.52500586   56.58962127
   61.3253027    69.93860224   71.25506374   75.59341339   87.76503231
   88.22846383   92.43288067   93.07821147   93.25807743   96.41216506
   98.54572335   99.14895432   99.54938608  103.8884024   112.3348026
  113.80896348  117.10488388  125.44111785  126.19681488  128.89840429
  142.37285143  145.73460491  147.9461629   153.49107448  153.54174095
  154.70400306  181.30816536  192.15878946  193.09675245  195.25207733
  198.72433037  206.18543444  208.61759156  211.78387914  225.99879005
  237.21481272  239.22973814  242.51385859  245.39864728  246.57264267
  249.61256408  251.31175742  252.35421999  261.24478512  268.22915772
  268.56638973  273.66640306  278.63575023  285.53388984  289.54047412
  292.69382842  302.69722251  309.84549447  310.58225824  311.32695532
  313.66021283  335.04936226  337.37795313  346.71091652  350.96106651
  353.47082333  359.94633126  360.18236367  389.98381343  400.4191725
  403.28572792  407.95587626  424.14977941  426.94880176  428.19129689
  429.23192614  431.10398546  434.41183915  438.38102358  438.93558807
  445.68206161  451.53213866  452.7699338   455.36632362  464.98721921
  467.55287581  470.96672909  474.1581499   478.72359866  482.62481669
  485.1281402   493.39144112  499.18711838  500.57027962  505.56712669
  511.46347022  523.53045622  525.06621686  527.26250825  531.62102448
  532.2959885   536.27730622  537.78310031  551.74847886  561.71107311
  566.7868532   566.80841978  621.37453906  622.33946861  623.95969559
  627.04241683  627.1951829   633.94858974  634.47618767  637.55154227
  638.41020557  651.50908752  656.6967005   664.59293619  665.03390113
  681.10610475  682.60706553  685.94628576  696.4053114   710.21369057
  714.67473973  717.04829709  723.46623858  725.17076523  725.53263047
  729.16034958  729.49804825  731.94620531  738.4256799   741.56886757
  755.21694736  761.69205529  763.69988075  780.04684996  783.7321355
  786.01325989  786.43869155  789.60331247  808.98723643  853.53219502
  860.75200003  863.40402296  897.04712432  946.74322937  952.47257356
  953.47223631  959.87524453  968.29121151  970.15297087  972.42189531
  981.00426164  990.70302359  992.18078446  993.38061309  994.91260708
  996.79503303  999.59328872 1006.54869477 1017.79571732 1074.11026307
 1079.27510948 1091.69262743 1092.62055713 1110.04922209 1114.97153611
 1116.04193191 1143.97185568 1161.64871967 1166.5192339  1173.59210616
 1186.78052109 1200.48840065 1209.85299724 1224.74753882 1224.89367158
 1233.90616956 1235.23549767 1249.69574095 1270.51445928 1274.65187638
 1284.80010324 1293.39086954 1303.71226239 1305.64388814 1309.24380735
 1316.61717843 1321.49059265 1326.12204114 1347.76395625 1352.49710435
 1378.81040112 1387.53706689 1391.672084   1408.44928486 1415.25845815
 1422.11593125 1442.05751969 1465.35132831 1509.38358891 1511.81147939
 1511.90884567 1518.5287197  1524.74996197 1593.58905859 1616.14077012
 1628.17085627 1634.91809646 1657.9950726  1718.81033404 1762.78746152
 1768.21727356 1771.59599364 1791.75618122 1794.32450448 1794.36313766
 1800.39918065 1858.39408648 1861.79937312 1930.80936907 1932.82019452
 1942.55975631 1948.7411654  1956.11746979 1985.81298664 2059.38029805
 2066.27440434 2066.50653676 2069.31199242 2088.12565195 2098.23677895
 2104.90351947 2105.8298825  2116.88363914 2124.31530999 2177.52126794
 2182.79578058 2195.55629719 2217.45164463 2218.34890778 2218.8699724
 2220.90793107 2222.44805836 2245.47953468 2248.79728834 2253.15963789
 2280.18046523 2281.28972754 2283.16918683 2287.42273682 2295.54550495
 2306.74556102 2316.34369003 2320.43787397 2320.78027263 2325.8258195
 2331.07219892 2348.59509685 2349.19179451 2352.45674837 2358.98408943
 2367.5730224  2372.55453619 2375.48232471 2380.44590524 2437.90807982
 2443.15275925 2453.3706525  2488.73094712 2496.57794967 2505.6129809
 2527.71276087 2537.04555759 2542.39176995 2549.7550744  2554.42305609
 2566.92420705 2572.62405136 2574.71394316 2574.82124274 2579.19455892
 2617.37330915 2626.79143887 2629.56976131 2634.2696762  2639.22502343
 2641.67451382 2677.23444099 2682.0241222  2684.3195132  2692.75498011
 2718.89714423 2725.66621767 2747.09483361 2761.03017895 2805.60600408
 2811.99807901 2823.83486591 2827.72688397 2827.85261681 2829.61214325
 2848.94273408 2850.67672728 2856.95046934 2857.19173506 2862.64081368
 2863.36374418 2863.45887714 2863.61120987 2869.45578695 2873.17447236
 2875.00613184 2881.04247483 2883.37503234 2883.50159851 2883.71976432
 2889.80200713 2890.11733923 2894.62795487 2895.90864984 2896.01678275
 2908.09376871 2929.49801808 2932.59433927 2938.46684956 2946.94041632
 2962.88505377 2970.67225656 2976.88676552 2980.88884982 2983.16387422
 2991.5985078  2992.3646048  2995.4226928  2998.99774544 3004.59515682
 3004.93228883 3006.8171481  3024.15414676 3024.5442119  3025.71450731
 3035.94376718 3037.05462949 3041.04344717 3058.33681267 3066.09918222
 3067.55837649 3068.88007131 3095.83856556 3110.97490618 3111.82040286
 3112.43100047 3124.47371989 3159.50191582 3162.35103798 3168.50351384
 3195.56697434 3196.84576933 3215.95956101 3218.08385268 3224.03689599
 3229.74917359 3244.11011725 3251.02622345 3255.71217174 3263.60884076
 3271.89900824 3275.70325998 3275.82002619 3280.59317413 3281.71783639
 3283.99522746 3285.8352869  3286.20668545 3293.11302502 3296.09734665
 3312.22188339 3324.72346769 3325.63449745 3326.25482835 3346.14065034
 3349.92336883 3352.30732615 3352.9491903  3354.63085037 3358.51060181
 3359.95966279 3369.33999266 3381.54314479 3387.19638928 3387.34038872
 3390.01571156 3398.86087686 3399.57607405 3404.81878682 3409.96029999
 3411.10142884 3411.15139531 3417.65083648 3418.7863987  3418.98966457
 3425.52483893 3433.17254226 3442.79590451 3444.01429973 3444.29799862
 3449.97684301 3452.53859963 3454.0999935  3455.54368784 3455.87201988
 3456.79754959 3457.96234502 3460.54910154 3461.39443155 3462.69389312
 3463.72445575 3465.70161466 3476.5246722  3482.33811606 3483.34684544
 3486.70329894 3487.17033044 3489.57402101 3502.43097057 3506.6317541
 3507.42411765 3514.40375694 3515.80901809 3524.87928251 3529.92876271
 3538.40972944 3552.75660649 3563.06553272 3572.8934275  3573.99305652
 3585.89610982 3594.58267575 3605.37113343 3611.87224126 3611.96690755
 3612.14477352 3612.94603705 3622.95959776 3623.2979631  3625.26475539
 3630.48910156 3632.2210281  3636.07744631 3649.58582665 3651.65695186
 3658.19035956 3667.51205633 3670.35644517 3674.91776061 3680.71300454
 3686.59454814 3688.39874106 3688.65780671 3692.26079258 3697.31757274
 3697.88840383 3698.50123476 3701.05369142 3712.16048118 3724.64756553
 3732.12736952 3732.5665678  3740.80993546 3746.93347811 3752.07322461
 3752.49435629 3756.13474201 3757.23720435 3759.54496197 3763.80834524
 3765.04494039 3766.7257338  3772.18937903 3777.14945957 3777.45735837
 3785.75672581 3791.81916869 3800.16093597 3805.50021503 3806.27857864
 3807.14700857 3815.3967762  3823.16807905 3823.28144527 3824.54137366
 3824.87640568 3824.90353891 3825.23947093 3826.21780042 3827.46166221
 3839.38681543 3842.48013663 3844.39369579 3844.4072624  3845.94052305
 3858.68570639 3861.10386357 3862.12405957 3864.44425047 3870.32072741
 3873.1367497  3875.0582755  3876.61646938 3882.70791216 3883.41097606
 3900.59894197 3902.21660229 3903.90149568 3906.75018451 3908.58051066
 3917.75147469 3930.42865829 3941.86118011 3947.8881898  3952.0687734
 3966.86494869 3967.87641139 3970.03123627 3972.3596938  3980.17906313
 3990.13005743 3994.30577438 3995.07617136 4004.6152006  4031.71862762
 4041.08779086 4052.57551246 4069.38011321 4074.37559361 4074.64169257
 4081.95999719 4112.73597647 4113.09854171 4120.08921429 4135.06948886
 4135.93491879 4136.75258225 4136.96678141 4163.95070889 4166.07070058
 4178.03202032 4181.47570681 4185.88008954 4188.48554598 4193.20759413
 4202.38419146 4209.84322887 4210.52819285 4211.23322341 4215.52937323
 4217.16123349 4228.06852404 4229.65828447 4232.73103908 4234.21439993
 4235.50719486 4296.8631875  4297.8922168  4305.10215518 4313.10652379
 4321.59155717 4327.74643302 4331.86981685 4332.45818121 4339.57388663
 4339.78395247 4341.60417866 4347.36675606 4351.62883934 4354.62719424
 4355.12105897 4364.66105488 4377.93293615 4388.51436131 4389.51212406
 4395.66823325 4399.37181872 4403.18300377 4422.48706137 4426.05364738
 4427.22734278 4428.41977143 4430.31156401 4432.85172071 4443.50531226
 4446.2817347  4451.15691557 4459.95154774 4463.00886908 4473.12582939
 4475.41998706 4483.87635389 4503.26014452 4510.56184921 4528.99667689
 4537.89720864 4548.10860192 4560.39675371 4562.78704434 4563.9256732
 4563.9532731  4567.28486003 4572.25354054 4576.98142199 4587.28871489
 4600.06116478 4647.8712439  4655.57584701 4665.09170968 4674.91473782
 4681.88201048 4683.39243789 4695.15299176 4708.63990552 4708.80380488
 4714.29128335 4738.6072213  4747.4687532  4750.13687607 4750.38350843
 4753.25066385 4753.57446258 4763.02545884 4765.41721613 4780.17349157
 4782.49104915 4791.11728198 4791.99761186 4799.02998427 4801.06587628
 4804.28653031 4821.10359768 4822.61565841 4826.10044474 4845.9606335
 4852.03690967 4861.6053388  4904.54937034 4926.93431586 4926.99224896
 4929.59280543 4937.92770607 4945.39511011 4954.23734209 4957.93802757
 4968.66921881 4969.89084735 5002.55655254 5017.78169281 5025.08576416
 5029.4775136  5059.35362974 5065.49243899 5077.52785844 5091.36093751
 5102.16089515 5109.66883236 5110.11816393 5122.02005057 5123.86601
 5125.8035024  5134.89073342 5137.95965471 5143.85843157 5149.37084328
 5157.95590961 5158.13847556 5160.33516694 5165.03441517 5168.86933346
 5181.14368531 5188.81902187 5193.1034384  5214.44598801 5216.70347915
 5218.27050634 5229.9294606  5245.03650134 5253.59880108 5253.83883348
 5264.02466019 5271.51506414 5277.17677526 5285.1542773  5289.93135856
 5293.74994358 5340.61135975 5356.38519787 5364.50809934 5377.6465478
 5387.03074432 5398.60376559 5464.46570723 5469.9101192  5480.63137715
 5568.31749984 5618.15390434 5622.26312155 5627.66093371 5634.1904081
 5637.78312734 5646.82935852 5686.70136877 5694.71023736 5698.32632317
 5699.08602019 5702.49477349 5751.27828212 5755.80536436 5756.81492706
 5785.12191602 5785.78654675 5824.61622776 5825.98008908 5829.058477
 5843.7068862  5904.57568076 5957.69763904 5993.14806664 6040.86744612
 6047.79958559 6106.63068814 6107.52241797 6147.69269373 6178.76387184
 6214.01223357 6216.57919017 6219.4434456  6272.77583638 6274.10146452
 6301.48419043 6306.47527085 6327.90582012 6339.43007491 6351.00446284
 6354.39118289 6354.83768114 6356.25364225 6368.09076248 6375.78399897
 6383.79233422 6384.15799945 6387.30452044 6387.36498687 6397.67494643
 6399.04617438 6401.00433337 6406.62414466 6406.7578108  6408.3887044
 6408.69950318 6409.02546857 6420.53509009 6428.53242538 6428.67779148
 6429.13708968 6432.71124232 6437.6105231  6443.75799899 6457.89821018
 6461.48022947 6467.58917217 6468.33370258 6468.77910083 6469.55876444
 6472.07355458 6476.44993741 6477.97983141 6478.90692777 6478.98132748
 6484.96080402 6494.12206809 6500.95607461 6501.95830401 6501.99630386
 6502.21476967 6502.26280282 6502.91306693 6503.76026361 6508.85474363
 6544.51210375 6594.68184028 6658.43925683 6715.32306702 6828.21412417
 6892.9750368  6893.27620228 6894.24859847 6906.3141178  6908.35877645
 6918.77046894 6932.49711509 6935.12317146 6939.60098723 6940.77708261
 6941.527713   6941.93184475 6945.15336544 6945.77002969 6949.56228148
 6949.94524665 6955.8615901  6957.1365851  6960.27417279 6968.24277487
 6971.5998617  6972.10842637 6976.20274364 6978.34516857 6978.68000059
 6983.68811428 6984.24007878 6998.35992339 7008.04128541]"
90,743199_2024-12-05_B-93,RN,True,"[  20.27843038   20.32923018   20.37696333 ... 7023.32189214 7023.38789188
 7023.5352913 ]"
91,743199_2024-12-05_B-105,MRN,True,"[  20.23469722   20.36803003   20.69279542 ... 7022.8141608  7022.86996058
 7023.24092579]"
92,743199_2024-12-05_B-108,MRN,True,"[  20.22826391   20.25103049   20.27076374 ... 7023.50345809 7023.53942462
 7023.55349123]"
93,743199_2024-12-05_B-109,MRN,True,"[  20.2576638    20.27946371   20.28283036 ... 7023.40459181 7023.40892513
 7023.49049148]"
94,743199_2024-12-05_B-110,MRN,True,"[  20.22369726   20.24736384   20.25629713 ... 7023.46502491 7023.49782478
 7023.52569134]"
95,743199_2024-12-05_B-111,MRN,True,"[  20.22566392   20.24319719   20.2745304  ... 7023.44305833 7023.49909144
 7023.5353913 ]"
96,743199_2024-12-05_B-113,MRN,True,"[  20.25856379   20.29006367   20.31366358 ... 7023.50842474 7023.53099132
 7023.54449126]"
97,743199_2024-12-05_B-116,MRN,True,"[  20.23209723   20.24993049   20.26796376 ... 7023.51949136 7023.53372464
 7023.54785792]"
98,743199_2024-12-05_B-117,MRN,True,"[  20.21939728   20.29016367   20.30549694 ... 7023.47802486 7023.51102473
 7023.53399131]"
99,743199_2024-12-05_B-124,MRN,True,"[  20.24026386   20.28513035   20.29643031 ... 7022.85406064 7022.93269366
 7023.02305998]"
100,743199_2024-12-05_B-127,MRN,True,"[  20.39056327   20.83569486   20.98476094 ... 7018.00151301 7018.44107795
 7018.54417755]"
101,743199_2024-12-05_B-128,MRN,True,"[  20.2228306    20.23183056   20.23753054 ... 7023.54195794 7023.54952458
 7023.55362456]"
102,743199_2024-12-05_B-129,MRN,True,"[  20.27106374   20.29666364   20.34773011 ... 7023.48142485 7023.50855807
 7023.53652463]"
103,743199_2024-12-05_B-132,MRN,True,"[  20.22409726   20.38829662   20.41982983 ... 7023.52212469 7023.53179131
 7023.55369123]"
104,743199_2024-12-05_B-134,PAG,True,"[  24.51871375   24.52814704   24.62021335 ... 6973.85605285 7018.6073773
 7023.20589259]"
105,743199_2024-12-05_B-136,MB,True,"[  20.33243017   20.48669623   20.67456216 ... 7023.42012509 7023.50592475
 7023.54605792]"
106,743199_2024-12-05_B-137,SCdw,True,"[  20.52589608   20.57352922   20.76016182 ... 7014.52312665 7019.32044117
 7022.15823004]"
107,743199_2024-12-05_B-141,SCdg,True,"[  20.43102978   20.65166225   20.82556157 ... 7016.00205419 7016.84491755
 7020.15097124]"
108,743199_2024-12-05_B-142,SCdg,True,"[  20.2315639    20.25906379   20.33479683 ... 7020.09547146 7022.41932901
 7023.30149222]"
109,743199_2024-12-05_B-149,SCiw,True,"[  22.71845414   29.34319482   39.62545449 ... 7020.32793722 7021.35556652
 7023.46925823]"
110,743199_2024-12-05_B-154,SCiw,True,"[  20.59722913   20.74376189   23.86874963 ... 7019.19364167 7019.7547728
 7022.83882737]"
111,743199_2024-12-05_B-155,SCiw,True,"[  20.23123057   20.24473051   20.25526381 ... 7023.45232496 7023.48305817
 7023.54395793]"
112,743199_2024-12-05_B-156,SCiw,True,"[  20.24116386   20.59869579   20.65212892 ... 7022.84879399 7023.3748586
 7023.41452511]"
113,743199_2024-12-05_B-158,SCig,True,"[  33.60581143   33.65957789   34.03030977 ... 7017.72578076 7018.7425101
 7020.64896929]"
114,743199_2024-12-05_B-159,SCig,True,"[  20.21963061   20.2322639    20.24096386 ... 7023.48712482 7023.50515809
 7023.54939125]"
115,743199_2024-12-05_B-160,SCig,True,"[  28.76603042   29.09416247   30.5477901  ... 7015.74718852 7019.28027466
 7022.98186014]"
116,743199_2024-12-05_B-161,SCig,True,"[  20.2405972    20.27119708   20.27836371 ... 7023.51839137 7023.53322464
 7023.5516579 ]"
117,743199_2024-12-05_B-163,SCig,True,"[  20.29729697   20.37419667   20.61839571 ... 7023.50005811 7023.51965803
 7023.5522579 ]"
118,743199_2024-12-05_B-164,SCig,True,"[  20.23713054   20.26893042   20.28546369 ... 7023.44559165 7023.47425821
 7023.53059132]"
119,743199_2024-12-05_B-176,MB,True,"[  20.24406385   20.30809693   20.3328635  ... 7023.41565844 7023.46172492
 7023.53809129]"
120,743199_2024-12-05_B-177,VTA,True,"[  20.27793038   20.8251949    21.07459392 ... 7022.22522977 7022.25719631
 7022.30212947]"
121,743199_2024-12-05_B-179,VTA,True,"[  21.57009198   24.8950456    25.48060997 ... 7013.16396532 7015.80578829
 7017.64004776]"
122,743199_2024-12-05_B-181,VTA,True,"[  20.25743046   20.30483028   20.50279617 ... 7023.29365892 7023.31579216
 7023.50392476]"
123,743199_2024-12-05_B-184,VTA,True,"[  21.58922524   36.17770134   38.29882636 ... 7006.62725763 7007.80928632
 7019.68567307]"
124,743199_2024-12-05_B-185,VTA,True,"[  20.2399972    20.27739705   20.30606361 ... 7023.45382495 7023.49069148
 7023.54465793]"
125,743199_2024-12-05_B-188,RN,True,"[  20.2217306    20.4262298    20.75292852 ... 7021.91026434 7021.96079748
 7022.06003042]"
126,743199_2024-12-05_B-202,RN,True,"[  20.22839724   20.24369718   20.2647971  ... 7023.49965811 7023.52262468
 7023.53995795]"
127,743199_2024-12-05_B-205,RN,True,"[  20.65579557   21.65999163   22.10805654 ... 7011.74887087 7011.87787036
 7020.64390264]"
128,743199_2024-12-05_B-209,MRN,True,"[  20.2222306    20.28756368   20.35026343 ... 7023.29079226 7023.34962536
 7023.4920248 ]"
129,743199_2024-12-05_B-212,SCdg,True,"[  20.58082919   20.7078287    20.95146107 ... 7022.92406036 7022.9480936
 7023.47109155]"
130,743199_2024-12-05_B-213,SCdg,True,"[  20.22573059   20.25246382   20.44006308 ... 7022.5750284  7022.64949478
 7022.81872744]"
131,743199_2024-12-05_B-215,SCdw,True,"[  21.16102692   24.84684579   33.03748033 ... 7018.57941074 7020.14120461
 7021.78739816]"
132,743199_2024-12-05_B-217,SCdg,True,"[  22.85955359   22.97595313   23.1716857  ... 7018.95900925 7019.4224741
 7022.06163041]"
133,743199_2024-12-05_B-219,SCiw,True,"[  21.61299181   22.4413219    22.52385491 ... 7022.51326198 7022.52652859
 7023.0339266 ]"
134,743199_2024-12-05_B-220,SCiw,True,"[  20.2312639    20.2556638    20.25979712 ... 7023.51645804 7023.53815796
 7023.55462456]"
135,743199_2024-12-05_B-221,SCiw,True,"[  20.32793019   23.76488337   24.29234797 ... 7019.25274143 7020.34090383
 7022.39852909]"
136,743199_2024-12-05_B-224,SCig,True,"[  20.2390972    20.27616372   20.36436338 ... 7022.59366166 7022.90462711
 7022.95139359]"
137,743199_2024-12-05_B-225,SCig,True,"[  20.23229723   20.24139719   20.24446385 ... 7023.51282472 7023.53712463
 7023.55092457]"
138,743199_2024-12-05_B-231,SCiw,True,"[  20.49219621   20.58339585   20.60802909 ... 7022.46166218 7023.07509311
 7023.2130259 ]"
139,743199_2024-12-05_C-0,MRN,True,"[  20.24928067   20.28838026   20.31677997 ... 7023.02064823 7023.36687797
 7023.40871087]"
140,743199_2024-12-05_C-2,MRN,True,"[  21.03877248   21.21037069   21.23587043 ... 7022.8562166  7023.16174676
 7023.39424435]"
141,743199_2024-12-05_C-4,RN,True,"[  20.39321251   20.63940995   20.7567754  ... 7022.61471911 7022.87321642
 7023.20451299]"
142,743199_2024-12-05_C-5,RN,True,"[  20.21824766   20.26001389   20.46284512 ... 7023.37221125 7023.39364436
 7023.44417717]"
143,743199_2024-12-05_C-12,RN,True,"[  20.23201418   20.24514738   20.26541383 ... 7023.46904357 7023.47714349
 7023.54837608]"
144,743199_2024-12-05_C-13,RN,True,"[  20.2241476    20.33397979   21.06907216 ... 7020.83247093 7021.13450113
 7021.75009474]"
145,743199_2024-12-05_C-14,RN,True,"[  20.22481425   20.23238084   20.24238074 ... 7023.46641027 7023.4726102
 7023.50997648]"
146,743199_2024-12-05_C-20,RN,True,"[  20.24088075   20.28504696   20.34777965 ... 7023.50714318 7023.52567632
 7023.56080929]"
147,743199_2024-12-05_C-21,RN,True,"[  34.36873415   34.71616388   34.73749699 ... 7016.43238326 7016.60438147
 7017.26494129]"
148,743199_2024-12-05_C-22,RN,True,"[  20.23954744   20.33427979   20.35001296 ... 7023.4763435  7023.49830994
 7023.53970951]"
149,743199_2024-12-05_C-23,RN,True,"[  45.77434913   62.27861121   70.89275515   95.5878989    96.44432335
   97.88037511   99.51695813  102.02296546  106.57108493  108.0167366
  110.51344402  118.02206611  120.22990986  123.84880564  129.725678
  138.86221652  146.15090756  153.86429418  159.76609961  171.80484135
  187.46427886  194.49387258  196.9525804   199.14669097  204.79379903
  211.03960089  221.90202151  222.89291123  237.76282359  244.57245293
  252.53513697  252.76500125  252.79070098  260.61368647  267.9003442
  275.64726381  282.06909717  292.02296055  315.62918226  315.64904872
  323.62993257  333.90945924  339.89003051  343.20956273  348.66773943
  350.1674572   351.14464706  360.5364496   362.63846113  365.68219621
  380.72164015  394.08213484  407.74359308  409.06091275  411.26132325
  418.78781181  439.59402925  440.33282158  441.24487878  448.46537052
  448.84526658  471.54303105  476.31108158  477.32293774  477.96163112
  478.55795826  481.45586152  481.75909171  494.63699141  502.16874659
  509.75653452  514.40605294  521.09965015  521.54677885  527.22718657
  539.00576435  547.70814071  567.63330062  571.97432224  572.37238478
  576.14847893  588.24305342  598.59844597  599.89086589  600.07443065
  611.78897576  626.19429295  630.13485206  634.23560951  647.80410204
  650.10554483  650.77387123  651.33623206  654.71323035  655.33035728
  658.01252945  675.67177953  720.03081923  720.46258142  728.93612683
  735.66992362  738.37159558  741.66026146  756.68213891  775.05551492
  781.56818068  789.02043668  791.3700123   792.71306503  798.01627667
  803.43005382  805.03467051  805.56009839  809.87075366  812.8736225
  815.33643027  818.14363448  821.11513698  822.53842221  823.63951078
  825.02006312  827.33450577  828.68245845  830.86020252  836.00304916
  846.55667298  851.41878919  852.00064982  860.80519179  900.45844699
  913.97934002  930.00644038  932.77914494  936.2395757   950.72185875
  953.4639303   964.82507907  974.55621143  977.55098035  982.97279076
  988.95739532  994.06924228  997.01491171 1008.76775643 1050.88708603
 1077.00921497 1079.34865736 1081.73959922 1085.62562556 1096.69737734
 1102.62381584 1110.2120371  1112.11498402 1122.42587703 1127.92358665
 1128.75534468 1138.45797733 1152.81889498 1161.20497463 1191.97832197
 1202.6336114  1254.73227079 1254.76847041 1255.39359726 1261.30786922
 1287.6607291  1303.26556717 1315.95990211 1348.82946103 1349.76511799
 1374.98965624 1389.22617518 1401.97754287 1415.23437197 1460.41710312
 1473.57909988 1473.75863135 1480.40499571 1509.71399158 1510.32358526
 1516.25392372 1532.44808901 1542.26688712 1583.62655794 1679.81025987
 1734.55079185 1748.00008562 1752.65610397 1760.12449314 1766.05799824
 1766.63785889 1785.39516425 1785.836993   1788.30076743 1793.15478373
 1800.93040304 1812.884579   1852.10317204 1853.73378845 1859.2577978
 1861.52927423 1861.86440408 1861.97773624 1869.42159233 1954.2621453
 1999.7612065  2017.13675953 2060.25814541 2076.74650765 2149.51815251
 2218.15987357 2222.35942999 2224.39460888 2234.87196682 2255.43195348
 2271.8122835  2280.89448926 2289.63779853 2296.64585915 2313.75864824
 2329.11442223 2363.58819784 2393.72958507 2420.70823845 2427.62366669
 2429.19291708 2444.83918805 2449.92993523 2455.38381197 2460.62812421
 2492.22932963 2511.79765991 2525.98951264 2531.77941923 2534.68778905
 2540.41796292 2574.06428045 2581.43203733 2581.75180068 2582.60999178
 2583.95084453 2639.33636981 2640.00309622 2671.46363643 2673.58464776
 2690.59477125 2701.29542688 2703.42323813 2711.76141828 2727.44655552
 2738.79677107 2776.38834766 2813.08353355 2821.67944435 2854.43210449
 2854.58296959 2861.21206747 2874.66696118 2875.12635642 2904.77691541
 2921.47990875 2952.91821586 2974.74928933 2977.96652261 2996.6597953
 3003.12832818 3011.93000351 3013.86165013 3045.39415626 3045.77421899
 3065.73467853 3099.6728597  3100.6460496  3101.37894199 3105.53943215
 3106.3348239  3111.90556609 3123.4529796  3137.42250131 3145.7274818
 3160.773859   3177.6188842  3209.81105016 3232.84047785 3256.26900141
 3267.21938778 3279.36432842 3300.49464249 3310.84883505 3320.6638332
 3323.59143616 3327.26123141 3361.77567326 3363.25649123 3364.59137738
 3419.73240519 3426.70106622 3451.77230606 3488.83962142 3499.40584511
 3504.28269451 3508.46751775 3513.00977062 3529.89109544 3535.95923248
 3562.36335849 3562.70898823 3580.29973903 3587.18303427 3588.82285059
 3603.97036008 3646.00005728 3649.22552381 3651.07130466 3654.80219928
 3671.97952103 3682.21428149 3694.98094902 3716.25746157 3730.45068096
 3730.49114721 3731.61116892 3732.71529079 3737.20197757 3738.26899983
 3756.58164314 3767.0317347  3786.19203588 3789.4020359  3796.35473043
 3805.9975637  3814.56414147 3814.7255398  3816.02232634 3819.56565624
 3821.26927189 3822.08939672 3831.33336746 3833.07834935 3839.67951419
 3843.31134317 3844.24550014 3844.72956179 3848.19925912 3848.33302439
 3859.93417068 3864.38592448 3867.65075727 3869.46937174 3877.62615376
 3878.85727432 3879.43416833 3888.29634304 3896.26402703 3900.46445011
 3918.54886245 3928.65192428 3930.34027343 3951.0916581  3975.55037096
 4012.43525489 4017.55950171 4019.26391736 4027.05610317 4035.76957942
 4036.79700209 4058.14124727 4073.93815002 4093.87984309 4099.61211694
 4110.36383871 4116.55624112 4126.18860783 4156.9757217  4157.46144999
 4187.60240389 4199.49148052 4210.92059526 4216.90599982 4218.19748642
 4220.21279884 4226.16740371 4226.50766685 4230.48395892 4230.6627904
 4230.75692276 4241.64737642 4253.22375629 4254.35564455 4258.39040268
 4277.31947292 4282.18828907 4290.08110717 4326.12779979 4344.43264318
 4355.90355748 4356.80721477 4363.34398027 4363.41731284 4392.49784442
 4410.58249009 4416.14153241 4422.8113632  4430.27078579 4438.10950445
 4439.59938899 4450.97853758 4473.66000222 4510.58598572 4514.35971322
 4517.20291705 4535.9584891  4557.0250705  4578.10411843 4584.17802207
 4610.46898259 4615.98799199 4626.65798127 4647.47926521 4651.66642176
 4667.61765624 4674.90664727 4685.27167305 4689.27456485 4692.65112981
 4702.89059023 4735.26145432 4749.00681169 4750.87632562 4767.55245258
 4768.42594352 4799.69115242 4800.49071079 4800.52424378 4800.58897644
 4806.45228226 4813.68887384 4834.54142412 4858.55787491 4870.30735299
 4872.14626724 4882.63932502 4908.08779429 4930.62086047 4945.82010275
 4953.74218721 4955.33890397 4958.23760723 4961.91750238 4967.00794956
 5001.3914261  5003.03694236 5012.18314745 5012.62447621 5014.04922809
 5015.30301508 5017.27892791 5029.08357208 5061.47223599 5065.09049845
 5075.42859117 5078.5195591  5084.67926185 5091.70852224 5097.03533363
 5104.0510275  5112.47167345 5112.75437052 5119.62899918 5131.43041006
 5131.48980944 5137.44564764 5137.94970907 5140.02968749 5147.69157465
 5155.17296369 5158.3489974  5159.23908816 5160.25474429 5164.57496612
 5178.71068611 5178.9042841  5184.41722689 5211.60877807 5233.41318514
 5246.1925192  5258.6087237  5265.17492223 5276.82413468 5289.20813951
 5325.78759327 5327.84093863 5336.51594861 5341.49833024 5342.03289136
 5344.45743287 5347.89919715 5356.92537016 5358.42708791 5370.09176687
 5371.89248152 5386.74582739 5393.13976104 5394.61071244 5461.22998782
 5462.33317637 5606.95744231 5634.45895694 5652.13857348 5660.44242065
 5673.03565664 5678.23333604 5680.47677942 5693.81387436 5728.44788164
 5736.29910017 5757.04935152 5778.268898   5794.68792762 5821.04628744
 5826.25050011 5839.74976003 5841.21167819 5844.64557589 5891.70708755
 5893.69923354 5954.11320664 5961.15206694 5992.89913751 5994.41082182
 6000.98975355 6027.43437914 6031.73413453 6042.36045759 6071.65848691
 6171.10122169 6189.93379293 6196.448192   6197.46748143 6215.49406104
 6231.05269959 6250.02466939 6261.8413801  6279.81256029 6317.31337115
 6327.22940159 6335.15495268 6342.73397404 6352.8695022  6353.03146718
 6373.04002623 6376.17042708 6381.70486965 6387.45450998 6387.9545048
 6389.06929323 6441.09808667 6455.76320116 6455.80576739 6460.02365695
 6477.6903403  6521.29325451 6523.92799384 6892.91659828 6920.01121713
 6952.10578409 6952.20391641 7001.00937663 7002.54046074 7011.14807143]"
150,743199_2024-12-05_C-24,RN,True,"[  20.30391343   20.36191283   20.410079   ... 7023.36807796 7023.36964461
 7023.54757609]"
151,743199_2024-12-05_C-28,RN,True,"[  28.63879361   53.81793234   59.76693727   73.05089943   73.47059507
   74.730482     80.68948683   85.69490156   89.2914309    90.56368437
   98.65456708  113.86504258  122.69735093  127.39806882  129.62254573
  132.92064484  134.39422955  135.32928652  135.49041818  135.94138016
  136.06544554  141.73242007  142.21868169  149.095177    154.70095217
  158.88454209  162.30143997  163.91218992  170.0912258   178.89776775
  181.0552787   192.15789682  193.94071165  194.55620527  203.3871803
  207.41883846  209.21155319  219.92990864  222.26838437  224.52082767
  239.5797714   242.10607852  246.41990043  248.60554441  250.13372856
  257.20058856  264.78740983  266.07432981  285.19736471  288.11850106
  289.62501877  306.60267593  306.89640621  309.06781701  334.19905623
  347.99127978  355.1526388   361.20337602  395.5676861   409.38487605
  418.62361352  419.11787505  430.17246034  448.45020401  483.83347019
  483.95860222  491.208027    492.55961297  496.74233623  496.92790098
  511.00665488  513.27736466  520.43505705  522.47360256  525.11314184
  564.19546963  578.69645249  583.4234701   583.89986516  588.24292009
  604.06845587  615.63190255  625.02727172  629.16932874  633.43301783
  648.36086293  650.4264415   652.64885177  656.03048335  664.81955881
  667.91272671  670.49266661  684.91371697  800.1103216   801.26177632
  805.17856901  811.09834092  815.38602976  815.76072587  815.80719206
  824.10710593  826.4552149   835.95224968  837.82633024  838.35439142
  850.73579628  863.25056642  875.98876757  880.10552485  907.21997682
  911.13823617  928.14075974  962.24703916  970.25708937  973.65412079
  993.0231198  1001.18630176 1004.31776927 1009.31971736 1036.3478369
 1055.54417104 1060.09532381 1065.26273686 1071.33107389 1091.86812745
 1114.2821282  1118.24948703 1142.90416453 1145.64236945 1145.73776846
 1146.62079263 1175.16442977 1215.53721084 1220.12876319 1232.24873743
 1238.66703749 1271.08723441 1289.19127988 1290.72309732 1297.95018899
 1306.31386887 1311.69414638 1318.96700424 1319.97059383 1328.85800161
 1329.19439812 1331.9846025  1332.1673006  1382.52307807 1422.44523048
 1427.11284871 1440.91463883 1448.40069448 1469.24274487 1491.26931631
 1503.24955866 1503.33675776 1512.40719697 1515.78082863 1521.68343404
 1522.07499665 1605.17470101 1697.07531405 1735.45568246 1798.13546538
 1806.58764434 1884.7441     1899.92097585 1987.20477013 2059.15795682
 2104.42332045 2193.65236121 2231.85746477 2286.33719945 2313.88374694
 2317.84753914 2319.9013845  2324.96309864 2338.47712507 2359.59020599
 2361.97078129 2376.99105876 2379.89329531 2386.22059632 2409.32965652
 2414.85333254 2420.60560618 2424.00883754 2429.79471083 2461.18938506
 2464.00192254 2465.18887689 2472.78873136 2484.28177877 2492.25112941
 2496.69045001 2503.33461439 2503.66531096 2510.65953839 2522.20551858
 2530.90679495 2535.07821833 2541.17188843 2542.19371117 2542.22591083
 2545.06114808 2567.66201355 2580.24731629 2602.18948861 2603.01568003
 2633.08873464 2655.25633795 2658.9548329  2669.9699186  2679.44882024
 2689.96924441 2693.4652748  2701.61539022 2703.01814234 2705.92467884
 2715.25124873 2715.65047792 2736.78049199 2739.02306872 2812.50903951
 2872.9473457  2889.3044093  2891.42385397 2892.21807906 2894.74441951
 2904.54235118 2906.646996   2908.51244331 2916.19589692 2921.8709047
 2922.01980315 2943.23864964 2944.80783335 2945.25492871 2972.40254701
 2974.30382728 2975.90821063 2976.30947314 2987.55975639 2994.69518235
 3012.07103538 3013.24698985 3021.92986641 3022.70942499 3023.0104552
 3023.05378808 3024.49270649 3064.35722616 3067.94392227 3071.98371368
 3072.57280757 3080.76155593 3095.69353432 3104.51740942 3106.03456035
 3106.37835678 3109.45659151 3144.24276387 3159.40103991 3163.22626689
 3221.84832525 3234.22259684 3277.79437805 3281.74560371 3282.08796683
 3289.84095304 3308.57649196 3323.56206979 3327.64539409 3328.55208468
 3334.16859307 3334.57925547 3349.75386468 3351.06401775 3351.15615012
 3352.55570227 3353.13612958 3361.04488085 3362.89702829 3422.02138144
 3433.94145775 3444.1839848  3448.32090854 3451.83183877 3452.15053547
 3458.49863626 3465.1224342  3469.43542277 3482.88364989 3506.89056745
 3510.41096425 3510.61802877 3511.35658777 3552.32372933 3603.59053068
 3618.11784661 3645.0700336  3654.44510298 3654.58736817 3655.09992952
 3660.60450573 3699.3933699  3704.96094546 3711.55071041 3711.69207561
 3714.29598193 3729.8526205  3733.30191804 3751.89742508 3756.51297718
 3759.97060797 3764.13009814 3770.61896414 3771.54012125 3785.2750454
 3796.25716477 3797.32088707 3802.30453535 3805.15390579 3821.76283344
 3822.22819528 3823.26431786 3824.19337488 3832.51285522 3842.38035283
 3846.21344639 3849.14814927 3857.96272447 3858.95378085 3862.77394121
 3866.75746654 3868.10455256 3868.99837662 3871.54785017 3871.76528124
 3874.14932317 3874.21772246 3874.69645083 3878.56607734 3881.8366434
 3883.1956293  3897.11261822 3898.13970756 3898.27227286 3903.82444858
 3918.93779175 3924.406635   3936.73504041 3971.01051807 4026.71330673
 4036.72936946 4053.85285844 4056.73559519 4072.92649385 4079.74828973
 4086.75625034 4086.85451599 4112.49294995 4126.54627079 4130.42546387
 4134.56832088 4155.53180335 4163.35718881 4164.1641471  4165.41376747
 4170.24285069 4171.87893372 4186.95831058 4188.08073226 4188.25789709
 4188.89452382 4199.59771275 4209.50910991 4210.73949714 4225.39344508
 4283.09917962 4294.37289597 4352.83215602 4371.22406517 4392.43901169
 4401.46951799 4415.99433393 4429.89525635 4432.87919206 4450.28241147
 4457.84116637 4474.91695584 4484.17552644 4485.17801603 4486.06657348
 4506.12243203 4507.51945087 4507.64294959 4540.25121122 4566.38534004
 4566.9222678  4580.13063074 4588.31891244 4653.20080584 4667.77628793
 4695.86036318 4704.89926938 4729.09475165 4734.44766277 4742.22578206
 4750.80329305 4751.10545658 4764.48261777 4766.90589262 4768.39971046
 4781.29154335 4788.35550338 4789.99681968 4799.9212167  4800.83617387
 4804.23663859 4805.0195638  4808.36836238 4819.0759846  4830.65206448
 4831.91191807 4834.46659157 4836.58000297 4849.54833507 4858.63657409
 4861.30677972 4871.86903678 4872.12123417 4872.28576579 4873.72151756
 4874.01334787 4875.91309482 4877.84390812 4933.26789967 4935.88507251
 4936.71063061 4947.65481704 4951.31354574 4954.86327558 4955.63013429
 4981.13643628 4994.35276581 5004.51306038 5010.82222824 5012.63444277
 5021.11292146 5034.24165189 5037.16858818 5040.88804959 5047.78401136
 5085.33122175 5115.03598018 5117.55462071 5124.60001427 5139.98142132
 5140.03492077 5145.33506577 5155.58632606 5157.28107514 5164.45280073
 5178.97318339 5191.14049046 5229.25262832 5240.2438476  5251.60032975
 5258.44505873 5276.20070782 5296.56886313 5298.27561208 5305.24540643
 5310.47578549 5322.8094575  5329.37478938 5338.0553993  5341.61676235
 5342.03255803 5343.95813805 5348.36285901 5348.95151957 5357.38076543
 5375.69080877 5377.78058708 5399.97385679 5434.62339724 5459.9179681
 5473.51596033 5630.24320068 5644.21875566 5691.76946224 5760.2984178
 5762.19393147 5783.46801071 5790.82916766 5793.89170255 5820.38712761
 5828.87960616 5858.21690173 5865.39582724 5873.83700631 5878.14142831
 5883.22674221 5900.05323428 5911.59008123 5913.41556228 5953.83667618
 5955.24752821 5956.39808293 5965.76645239 5967.27753671 5974.63399371
 6018.99076676 6060.8304326  6061.67145721 6088.41857966 6107.81867835
 6116.69315293 6117.17404794 6121.66230137 6126.37621912 6127.66163911
 6128.95405904 6132.42142306 6144.17956771 6150.65310054 6164.79742043
 6194.64594404 6198.4686377  6205.68036287 6214.15184163 6243.73286801
 6263.04513428 6271.10355066 6293.04098969 6339.27697657 6351.37395105
 6351.87757916 6352.27134174 6352.37297401 6356.77599499 6357.05722541
 6366.69749204 6368.12891052 6370.69671721 6370.84861563 6374.01771608
 6379.45889295 6381.49177186 6392.37675891 6399.34638659 6408.50235824
 6412.02275505 6428.64091594 6429.16107721 6432.46910955 6433.6813303
 6436.62653307 6441.63264779 6447.15569048 6453.2576605  6462.8424277
 6465.61053231 6470.5457811  6492.43768727 6493.05171423 6500.20330669
 6501.3557614  6519.84276956 6523.68932965 6524.39988894 6525.95613946
 6540.95121719 6574.86699859 6659.4368877  6702.12454474 6754.02797282
 6801.58624599 6808.96400277 6811.20027956 6828.88126276 6869.13451173
 6878.7000458  6886.14520188 6889.06040496 6892.4140035  6894.05641979
 6923.20521732 6926.02245475 6926.77588027 6928.57392827 6936.38201392
 6938.22996141 6941.41522836 6944.37186434 6945.00362445 6947.96382707
 6955.03292038 6959.11541135 6962.62270829 6962.68174101 6963.98812746
 6969.00200876 6971.43501685 6981.56147844 6981.67581058 6986.59359289
 6992.59409729 6993.14435825 7004.69587171 7009.08969278 7010.23298092]"
152,743199_2024-12-05_C-31,RN,True,"[  71.03698699   71.14538587   90.12722223   90.28115397   90.43781901
   93.83601708   93.8504836    93.94261597   93.95251587   99.17379502
  105.78642641  105.87509215  105.93215823  108.22850107  130.9425987
  137.15623422  137.19270051  137.29756609  137.43533133  137.59189637
  138.19825674  158.23908212  158.32994784  202.24262551  210.78110357
  210.89343574  211.2347322   217.357302    264.41068041  272.98295812
  273.68118421  278.43816818  295.00446294  296.99704227  297.01547541
  326.69020082  326.83163268  342.88293279  383.25211389  405.94817838
  405.97987805  406.12700986  417.58685761  423.61536172  439.13096738
  444.20048145  444.20261476  445.93159682  445.93589677  446.78438797
  447.45591433  450.79204638  451.21917528  451.22390857  451.26524147
  451.27670802  451.6668373   452.11753263  454.64237309  469.90158142
  470.15927875  470.18704512  470.22094477  491.73475486  491.8592869
  495.41605     495.59071485  508.37268222  516.02976943  516.68692927
  516.83422775  518.19948025  522.96839743  528.96196857  529.05376761
  529.07190076  529.23579906  529.35973111  529.5369626   529.562729
  535.2384701   537.29634875  553.29438274  558.43562939  651.13183418
  651.149234    651.23166648  651.35803183  656.35298     656.37984639
  656.49897848  656.51137836  663.50840575  669.25387946  706.88042236
  770.261698    794.71014431  794.868076    836.99223889  865.14508009
  865.17107982  868.99497347  870.98658614  871.13098464  915.03256242
  939.84807159  940.04313623  940.07000262  940.19143469  941.45408825
  942.38684524  943.47530061  945.36788097  945.37438091  946.18633915
  948.81704518  948.86567801  950.00519952  950.0391325   955.77450632
  964.40345011  971.04454787  989.02866125  992.33909357 1014.26843268
 1028.12638888 1152.1972681  1152.22033452 1152.7368625  1188.95512001
 1194.25413169 1194.5191956  1194.88625846 1194.89219173 1194.93799126
 1195.05659003 1195.39491985 1195.86248166 1198.52265406 1204.05309667
 1220.29569479 1231.18684845 1282.42365011 1290.88239567 1351.69553129
 1411.17424743 1430.50978013 1430.60411248 1430.70911139 1430.79747714
 1458.49062311 1465.48821717 1465.5204835  1465.5554498  1465.60814926
 1502.65396484 1526.12972124 1526.25061999 1526.31705263 1526.36605212
 1526.40015177 1526.50438402 1526.51728388 1526.57025    1526.68224884
 1526.80298092 1526.85124709 1526.87761348 1527.52724007 1527.70227159
 1529.17505631 1533.7559421  1616.47211712 1689.21109566 1689.24512864
 1689.43046005 1689.47755956 1689.50575927 1689.64222452 1689.64539115
 1689.83722249 1690.05268692 1690.1544192  1690.29185111 1690.43991624
 1690.86041188 1691.3721399  1691.64627039 1695.73356131 1730.82413052
 1780.24435103 1796.49228243 1807.64630002 1809.50078078 1818.48398756
 1992.73804604 1992.80124539 1992.86024478 2061.20280227 2061.34830076
 2061.88026191 2061.90839495 2067.5703362  2083.08764185 2097.95308759
 2098.03912003 2164.88935968 2165.8800494  2177.4411961  2177.48859561
 2184.28145845 2199.02373881 2205.34027326 2205.4529721  2205.49350501
 2224.59924009 2224.77977155 2268.13785497 2268.16675467 2268.21635415
 2273.89409523 2273.93876144 2290.9129853  2291.86007547 2291.89850841
 2291.94497459 2310.40761634 2310.44094933 2312.35916276 2316.72348414
 2316.81464986 2323.10728456 2326.04322076 2329.27192059 2342.86361289
 2342.98471163 2362.05054713 2367.60875612 2367.71732166 2367.74468804
 2368.02378514 2381.98874023 2382.00227343 2382.05857284 2382.06957273
 2415.31736106 2429.39601497 2430.65640189 2430.68666824 2430.75216756
 2430.7838339  2430.80793365 2430.85389984 2443.64886707 2461.44984902
 2461.45551563 2461.49431523 2461.50111516 2461.51988163 2461.56251452
 2461.58284764 2461.60278077 2462.10094227 2462.13990853 2471.04164949
 2477.29665125 2477.37091715 2477.4075501  2477.45934956 2477.53201547
 2497.55980765 2497.59220732 2497.6033072  2497.68913964 2497.70710612
 2509.92157938 2540.57379464 2542.8292379  2542.96930312 2543.12806814
 2548.33158081 2550.68712303 2560.037926   2565.62923465 2565.8809987
 2566.05189693 2574.81413934 2580.46071408 2580.5133802  2580.60064596
 2583.4624496  2588.87596009 2588.98242565 2589.19765675 2591.37860079
 2591.93602834 2606.89703976 2612.29008379 2636.97396099 2645.61240469
 2655.4373694  2655.49123551 2655.56000146 2667.8213409  2679.84504946
 2680.23024547 2692.65294989 2704.67752512 2705.53281624 2706.05444416
 2706.08654383 2706.11144357 2706.17704289 2706.21094254 2706.25060879
 2706.26584197 2706.31630811 2706.33564124 2706.41010714 2706.41517375
 2715.74177697 2716.15787266 2716.36367052 2716.37367042 2716.52220221
 2717.04473012 2717.35166027 2719.70776915 2724.41392032 2736.78225864
 2748.18500699 2748.20987339 2748.2675728  2748.3341721  2748.36423846
 2762.18216174 2762.30606046 2762.36815981 2799.05237915 2838.78913348
 2838.94286522 2838.94526519 2852.83385441 2917.67428158 3006.26869559
 3025.91895835 3063.44826892 3069.21730906 3098.52730492 3109.7429552
 3109.98381937 3110.0097191  3110.16238418 3110.17901734 3110.21841693
 3110.27151638 3110.30918266 3110.47938089 3110.52978037 3110.70147859
 3111.16690709 3112.5663259  3114.12150977 3115.21543175 3118.12206825
 3118.1429347  3144.67869268 3224.14523475 3281.97513466 3347.07212584
 3347.47328834 3350.44912413 3356.08806561 3358.70663844 3358.92066955
 3364.04491638 3366.46212463 3366.95601951 3367.12138446 3367.27841616
 3367.32618233 3367.44354778 3367.79077751 3367.91217625 3368.37707143
 3370.61644819 3370.63668131 3392.44575501 3392.52448752 3396.05995084
 3399.64454697 3403.5679396  3431.09622061 3431.35631791 3437.08572512
 3444.12138545 3444.36334961 3458.65493464 3458.80133312 3458.93449841
 3471.18853792 3471.23897073 3472.61648977 3479.23098779 3479.23465442
 3479.25242091 3479.34271997 3479.35688649 3491.22582999 3491.23666322
 3491.33429554 3491.37029516 3503.64286781 3510.03993477 3518.27148268
 3518.42834772 3518.74267779 3518.95537559 3520.64885801 3525.70593887
 3531.64764388 3531.73324299 3531.84040855 3549.52352506 3549.66672357
 3549.98552026 3550.67454645 3563.29231551 3563.30544871 3563.43434737
 3581.53322623 3581.53835951 3581.61445872 3581.65932493 3588.84318371
 3589.00488204 3595.30618332 3595.70451252 3600.74242691 3600.88032547
 3601.14178943 3601.65591743 3601.81721575 3601.82994895 3613.4151954
 3613.43849516 3613.60932672 3613.83669103 3619.05400356 3619.12390283
 3619.15470251 3625.6196021  3627.5206157  3627.79897948 3632.16056755
 3638.55380121 3641.36397205 3641.45370446 3644.0708773  3648.1665348
 3648.68992937 3658.9470896  3678.79765028 3686.12234094 3705.8055367
 3705.87363599 3705.89846906 3705.94190195 3726.59315432 3753.08831272
 3753.11821241 3753.13854553 3753.21311143 3753.30304383 3753.33257685
 3753.35107666 3753.73097272 3753.77017231 3754.39086587 3754.47376501
 3789.53700117 3792.57113635 3795.79453624 3808.05334237 3808.05634233
 3822.77995622 3827.97070236 3828.04116829 3828.05576814 3828.08183454
 3828.14506721 3828.21706647 3833.55674439 3833.60307724 3833.61521045
 3877.6900531  3883.56952542 3883.63462475 3932.60034998 3933.80867077
 3934.10746767 3934.27259929 3946.38424028 3963.19579916 3963.84722574
 3984.09571562 4009.72054972 4028.9768499  4029.03174933 4029.04734917
 4086.54971915 4100.0174794  4127.56992683 4134.075026   4147.87581612
 4157.45768336 4163.87148347 4173.8589465  4189.79224784 4200.32720518
 4208.23638978 4210.64373147 4229.4231366  4248.9056011  4251.01464588
 4251.18494411 4251.28737638 4251.3401425  4251.72037189 4251.84130397
 4251.86793703 4251.88107022 4252.32869891 4252.44899766 4252.57752966
 4252.86666    4253.41895427 4253.99228165 4254.09891388 4254.99693789
 4294.61462679 4296.40727485 4305.52191361 4321.97487621 4328.45384232
 4328.60590741 4338.29034025 4338.70853591 4362.62675438 4365.8983871
 4422.63256505 4499.84816381 4500.30659238 4500.53139005 4508.21131036
 4508.53444034 4508.80597085 4509.76342759 4509.94309239 4510.24785589
 4510.40925422 4514.01625012 4515.52100117 4516.49035778 4524.14087839
 4524.22911081 4524.47244162 4524.51104122 4570.15070096 4577.23462746
 4580.41219448 4590.25399236 4590.27069218 4590.60378873 4590.67718797
 4607.23024953 4607.23251618 4607.2748824  4607.33414845 4613.24645377
 4613.27468681 4623.36051549 4635.37885744 4635.49158961 4640.95949953
 4640.9823993  4641.03316544 4641.0561652  4659.56710645 4659.62170588
 4659.64647229 4659.73060475 4667.71925519 4687.95501187 4687.96924506
 4689.07563358 4693.50918757 4693.62008642 4700.11198573 4700.26591746
 4704.99016844 4705.39559757 4705.58699558 4705.71439426 4705.89815902
 4706.23475552 4706.65021788 4706.84284921 4707.16654586 4707.30111113
 4707.45774283 4708.00307051 4709.60155392 4747.42926139 4759.42993687
 4759.4592699  4768.40061045 4790.92317674 4795.92475817 4808.0322992
 4816.80377485 4818.01032899 4818.42515802 4825.35691943 4830.27920168
 4867.34571706 4870.33815267 4870.46255138 4876.09382628 4879.86705379
 4882.50062646 4883.2650852  4883.29438489 4916.34334195 4979.43465394
 4997.32826826 5004.99315539 5005.0083219  5005.11615412 5008.02069064
 5020.53532745 5020.90185698 5023.81592674 5026.8521619  5031.32021554
 5049.31012886 5049.32042876 5050.00595497 5050.90597897 5115.31217731
 5148.69233093 5152.8972873  5152.97638648 5153.13325152 5181.63582242
 5196.1452052  5196.24273752 5196.25350407 5226.66158854 5249.37228621
 5266.6807066  5337.5414713  5345.53322171 5355.47201857 5372.68843992
 5378.50457957 5378.78690997 5394.01831859 5399.10643246 5399.44919557
 5399.83419157 5400.76571524 5400.86461421 5401.38220884 5402.14053431
 5403.74285101 5454.59868996 5575.60716763 5581.82956973 5588.61483265
 5597.57797298 5597.88506979 5611.54082809 5631.06532549 5643.19319964
 5643.93419195 5662.67323083 5708.80408548 5717.60956077 5747.86028021
 5764.07994523 5781.21876739 5783.66320869 5843.56512044 5955.40799321
 5964.35753367 6086.75683024 6086.83026281 6168.92367762 6187.78534856
 6196.26309392 6215.92512323 6272.28693838 6273.49645916 6274.92917763
 6318.965854   6376.84832004 6377.61994537 6377.74114411 6378.63693481
 6382.05986596 6386.07195766 6391.3043367  6393.35211545 6401.23130036
 6402.92638277 6404.99746128 6405.1303599  6405.77128658 6409.61331338
 6409.63847979 6409.74737866 6411.70539167 6411.74609125 6458.79503637
 6461.12857882 6462.12986843 6462.24496724 6463.02212584 6463.13795797
 6463.23975691 6463.95978278 6464.08371482 6464.44017779 6469.12589584
 6469.69998988 6470.7034128  6472.58485994 6474.21570969 6474.33350846
 6474.98620169 6475.16043322 6478.72119627 6478.77482905 6478.84856161
 6478.96466041 6479.21799111 6482.18822696 6483.74024419 6484.00707475
 6484.0343078  6484.41023723 6484.43033703 6484.52810268 6485.45595972
 6485.62862459 6485.73482349 6487.57603772 6487.6100707  6487.71093632
 6487.85500149 6489.25285365 6493.31044488 6494.07177031 6494.91119494
 6495.05546011 6497.62330013 6502.00955461 6505.7559824  6507.05900222
 6507.64256283 6520.30806473 6522.56297467 6523.86402783 6531.75837925
 6544.5871128  6558.17167183 6585.21812451 6649.38362535 6800.63572252
 6889.17277046 6891.3466479  6892.3141712  6893.24729485 6894.51038174
 6934.93756224 6936.20058247 6937.03514047 6937.755833   6937.89733153
 6938.76852249 6940.58060368 6948.40202252 6951.52289014 6966.22167095
 6983.56499098 6998.90403181]"
153,743199_2024-12-05_C-41,RN,True,"[  21.85399735   22.39409174   22.72392166 ... 7022.64778543 7022.70788481
 7023.38874441]"
154,743199_2024-12-05_C-46,RN,True,"[  25.47415978   27.80430227   28.59742737 ... 6981.82180907 6983.0559296
 7018.66529342]"
155,743199_2024-12-05_C-49,RN,True,"[  21.16027121   26.45608293   33.02461477 ... 7019.35631958 7020.27554338
 7021.7924943 ]"
156,743199_2024-12-05_C-52,MRN,True,"[  20.43274543   20.6543098    23.18138358 ... 7018.96459032 7019.09582229
 7019.25338732]"
157,743199_2024-12-05_C-55,MRN,True,"[  21.51106757   21.88943032   22.42165813 ... 7022.41255454 7022.54298652
 7023.06614776]"
158,743199_2024-12-05_C-56,MRN,True,"[  20.23984743   20.25801391   20.31737996 ... 7010.66254313 7010.70937598
 7011.54323399]"
159,743199_2024-12-05_C-58,MRN,True,"[  20.22294761   20.24548071   20.27074711 ... 7023.07964762 7023.10234738
 7023.12461382]"
160,743199_2024-12-05_C-59,MRN,True,"[  20.39877912   20.62924339   20.77007526 ... 7023.03048146 7023.06628109
 7023.48714339]"
161,743199_2024-12-05_C-60,MRN,True,"[  20.7927417    24.1590401    25.14576319 ... 7021.32183252 7022.30932228
 7022.53021998]"
162,743199_2024-12-05_C-66,MRN,True,"[  21.03210588   24.16090674   25.00396466 ... 7021.65469573 7021.74059484
 7021.82136067]"
163,743199_2024-12-05_C-68,MRN,True,"[  20.22038097   20.28051368   20.33051316 ... 7023.3289117  7023.49764328
 7023.53167626]"
164,743199_2024-12-05_C-69,MRN,True,"[  20.66947631   21.10370513   21.97362944 ... 7022.58765272 7023.03824804
 7023.38771109]"
165,743199_2024-12-05_C-71,MRN,True,"[  20.40104576   20.4039124    20.40897901 ... 6826.84508389 6971.39008398
 6986.16176403]"
166,743199_2024-12-05_C-73,MRN,True,"[  20.22348094   20.25968056   20.34437968 ... 7023.25831243 7023.30817858
 7023.32784504]"
167,743199_2024-12-05_C-74,MRN,True,"[  20.62267679   20.72184243   21.18313764 ... 7023.4701769  7023.49001002
 7023.51380978]"
168,743199_2024-12-05_C-75,MRN,True,"[  20.30584675   20.4866782    20.51187794 ... 7023.15061355 7023.40464424
 7023.43984388]"
169,743199_2024-12-05_C-82,MRN,True,"[  20.22024764   20.249014     20.34091305 ... 7023.35714474 7023.41047752
 7023.47521018]"
170,743199_2024-12-05_C-83,MRN,True,"[  20.23134752   20.24721402   20.2587139  ... 7023.52367634 7023.53407623
 7023.55900931]"
171,743199_2024-12-05_C-87,MRN,True,"[  20.47254502   20.83020797   21.05887227 ... 7022.75458432 7022.86881647
 7023.46717693]"
172,743199_2024-12-05_C-89,MRN,True,"[  20.29618018   20.31891328   20.38337928 ... 7023.53067627 7023.55007607
 7023.56270927]"
173,743199_2024-12-05_C-92,MB,True,"[  20.3101467    20.86180765   20.98123974 ... 7002.56232718 7010.06638265
 7013.03478518]"
174,743199_2024-12-05_C-94,SCiw,True,"[  20.24114742   20.2559806    20.26074722 ... 7023.36197802 7023.42317738
 7023.4886767 ]"
175,743199_2024-12-05_C-96,SCiw,True,"[  20.40964567   20.95160671   21.52940072 ... 7021.86662687 7022.01882529
 7022.08999122]"
176,743199_2024-12-05_C-103,SCdg,True,"[  20.22208095   20.27118044   20.27901369 ... 7023.40724422 7023.46857691
 7023.4858434 ]"
177,743199_2024-12-05_C-106,SCdg,True,"[  20.2302142    20.38687924   20.4480786  ... 7023.4088442  7023.44341051
 7023.54214282]"
178,743199_2024-12-05_C-107,SCdg,True,"[  20.217081     20.2331475    20.24788068 ... 7023.48227677 7023.49157667
 7023.52207636]"
179,743199_2024-12-05_C-108,SCdg,True,"[  20.32981317   20.60381032   21.17633771 ... 6996.54762293 6998.27343836
 7022.45538743]"
180,743199_2024-12-05_C-110,SCiw,True,"[  27.54560496   28.19019827   44.61046121   65.26684687   78.96267142
   94.39267797   96.11886006  100.3101499   102.9799222   115.25856145
  119.69538208  139.29804533  151.15322231  172.68039893  184.28184521
  184.50010962  207.73290187  211.98559107  218.3270586   220.64113459
  254.01085499  261.13758104  265.34777068  266.72088977  271.71770458
  273.11229011  277.52911095  291.10817004  296.43518143  298.0702978
  300.39827364  317.45133002  318.51718563  349.9200931   354.52824528
  361.5328726   363.86698171  442.94639446  451.56947165  458.02907128
  461.90399774  474.84719677  492.40901453  500.76122786  503.4018338
  506.06063954  512.07001052  537.85757626  544.54994015  573.59827206
  584.86332183  594.07022629  633.42431792  634.40264111  646.15471916
  663.3298076   668.93318279  686.37826844  695.58890619  704.72577805
  720.09928519  721.93606613  744.02553691  744.07763637  754.30019696
  756.70437202  767.89902252  789.69359636  792.10253803  792.46246763
  805.17193575  837.93702909  841.57582466  843.31847325  870.77248836
  872.0313753   875.10797671  887.75184551  893.52891889  898.61689943
  920.97873405  943.22303656  944.87971937  946.72190026  952.70017156
  955.46614285  970.51775333  973.36272381  974.94497406  979.44359405
  989.80845316  993.29681696 1024.71782425 1029.32037649 1046.48836501
 1049.85056345 1055.00177667 1063.43322251 1066.10209482 1110.3788687
 1114.51442579 1128.54394687 1147.98604513 1149.31299803 1151.79507227
 1157.34898131 1172.75025483 1186.59027788 1201.4992565  1207.49706093
 1212.48707582 1214.8824843  1251.25414021 1252.61965938 1282.46231637
 1293.36810321 1309.39123694 1317.21548908 1318.54904191 1320.79825191
 1323.71768828 1330.43951853 1331.80950431 1337.86824144 1346.55478464
 1347.93947027 1352.77085347 1356.52731449 1362.10598993 1362.68878389
 1364.17310182 1373.11527569 1394.96688228 1400.11482886 1411.37427869
 1411.38604524 1416.5391251  1418.25510729 1430.36134833 1455.13952455
 1460.78936592 1465.61704916 1470.12446906 1472.25331363 1477.24489517
 1489.52740105 1491.69854519 1499.56523023 1502.89616233 1505.93326415
 1506.56972421 1529.50728619 1534.25333694 1534.87656381 1535.00049586
 1535.03936212 1543.17524436 1546.96460504 1552.07845198 1553.12730776
 1553.56623654 1555.19148634 1564.62408846 1569.21257418 1574.65345106
 1584.86714507 1591.12348015 1600.53091587 1604.63700659 1612.00623012
 1615.08236487 1618.94092483 1627.92946489 1632.09548833 1638.19592503
 1639.80974161 1641.93351958 1652.53037628 1665.09784587 1675.35690609
 1719.4192822  1724.21296579 1733.66653436 1739.97826886 1750.69755763
 1752.51330545 1753.66759348 1759.90009547 1764.78327813 1767.15438686
 1768.97686795 1773.99041593 1780.20811807 1780.34278334 1791.17830424
 1810.49980375 1812.74144715 1813.56390528 1818.62445277 1833.70179632
 1834.82155137 1835.06934879 1842.24727431 1845.81347064 1846.76666075
 1849.9903273  1860.53691786 1861.81150463 1861.92197015 1867.22444846
 1868.10120603 1869.53315784 1877.30984381 1881.7693642  1891.10590065
 1895.71181952 1898.0785283  1914.94985323 1915.17535089 1915.81184429
 1917.253096   1918.36005118 1921.42931933 1921.97038038 1926.15173699
 1933.91848973 1939.56189784 1941.9206067  1943.68872168 1947.83251202
 1948.15317536 1948.33087351 1949.9481234  1954.70520737 1966.81351506
 1973.45867943 1983.53657486 2000.8113956  2004.78648769 2008.26231829
 2014.79991711 2026.64642752 2027.01522369 2039.84362391 2042.32239819
 2045.13610232 2048.12157135 2054.07997618 2062.66075381 2066.95817588
 2085.98314513 2086.52180621 2090.79526187 2092.70294207 2099.90443401
 2105.6746408  2108.14241519 2108.86674101 2116.02760004 2116.57166106
 2131.64397132 2131.8774689  2132.93475793 2139.97045159 2145.82312419
 2147.27477579 2147.32504194 2154.80596431 2160.67680339 2162.17818781
 2169.31911371 2175.03548773 2177.38722999 2187.59389075 2193.79975968
 2201.65214487 2203.71449013 2208.40044151 2208.70200505 2209.41879761
 2218.55253616 2231.84139827 2234.95423264 2235.80912376 2238.28336476
 2245.14949351 2245.86575274 2246.22874898 2250.66583627 2252.30765256
 2274.53228861 2280.59335905 2285.28874366 2294.5264478  2295.53783731
 2311.41610588 2331.31646605 2336.3127142  2339.40268214 2349.16441418
 2356.1072088  2362.91943811 2372.07760975 2375.72417191 2377.15349041
 2382.47356854 2420.17004404 2420.20684365 2423.36467755 2428.35852573
 2445.98150953 2446.71623524 2461.98321015 2478.07780981 2479.53219472
 2486.97108419 2513.70510678 2514.54326475 2514.91482756 2526.82790395
 2527.30979894 2534.94295307 2538.63551475 2542.65753969 2543.87446039
 2544.97238233 2545.49681022 2584.6474373  2586.42265221 2606.15038084
 2630.82682478 2634.32635513 2642.88036637 2649.45436482 2655.97123053
 2662.9094252  2662.98779105 2670.27054881 2671.280705   2672.53862528
 2704.71709137 2713.71773131 2735.88306797 2736.11756554 2741.03958113
 2745.27787049 2747.54291365 2755.42873182 2757.54447653 2757.75697433
 2770.69670672 2778.0288973  2782.46651792 2788.59238769 2800.56963007
 2802.06104793 2810.32076222 2815.31731037 2817.00469286 2823.07219657
 2823.608591   2826.58586011 2842.8218583  2850.43751261 2857.13060982
 2868.68285661 2871.08066507 2881.69202162 2887.47999489 2891.19208971
 2901.1283866  2920.1484559  2922.84392793 2927.23721568 2936.80718304
 2946.54954861 2949.50775125 2969.01178219 2975.19028475 2982.38241012
 2990.53959214 2990.58895829 2995.70270523 2999.53959875 3001.96170695
 3002.93996347 3004.48674741 3011.19757778 3012.07050205 3033.52347944
 3034.72336699 3035.16516241 3038.90972355 3052.87681195 3054.89492434
 3067.46029396 3078.66364437 3106.60695441 3108.00103994 3121.03943798
 3123.54694529 3137.70706503 3145.67314903 3149.89693853 3155.55977977
 3158.79564619 3158.97084438 3159.36474029 3169.77889889 3192.53026281
 3196.80148515 3200.19614993 3201.17823974 3208.10103457 3217.42560448
 3217.56296972 3218.59592566 3226.74124114 3227.60869881 3228.16665968
 3228.79881979 3229.52657891 3232.63091336 3234.80752411 3235.59118264
 3241.81698471 3251.26288669 3270.16815718 3274.75400959 3279.57645955
 3283.40851979 3287.36091211 3289.43252395 3303.22128086 3304.94946293
 3305.89785309 3312.17235465 3320.07123935 3343.87249237 3350.39982464
 3353.86645533 3357.08308862 3363.98375035 3364.05518294 3371.90743479
 3374.52190766 3377.73660764 3388.05176727 3392.37792238 3397.56113526
 3398.16882895 3403.2683427  3403.34140861 3406.62514121 3410.16473781
 3414.1969293  3415.4818493  3420.91912621 3427.30089333 3430.89885599
 3434.07875633 3434.21022163 3446.3745954  3454.55114389 3455.54356693
 3459.70432375 3463.6089499  3464.59260636 3472.6841224  3479.53791794
 3489.52438098 3491.77792427 3497.11200225 3505.05898645 3509.2432097
 3535.14614091 3535.19660706 3546.55912248 3549.83608848 3554.3124087
 3560.5694771  3564.17063973 3572.76148392 3580.96533213 3583.51593899
 3584.08786639 3586.60674025 3600.93882487 3604.22285746 3605.22631371
 3619.5734315  3638.23340454 3648.9793597  3651.23593628 3656.42454911
 3656.90217748 3672.09741981 3674.75935885 3686.90266618 3691.84731487
 3700.3284602  3714.79754339 3753.43360914 3770.96872718 3773.6745991
 3779.22507484 3779.51823847 3781.03872269 3784.57288602 3787.5873214
 3788.63247722 3788.95204057 3799.05900236 3828.57839605 3828.70096144
 3829.41848733 3830.03261429 3836.97554225 3851.22199442 3865.13018343
 3871.0077891  3872.77327078 3873.748694   3876.54756495 3879.52776736
 3881.59027929 3883.88048886 3887.15845485 3889.6201293  3898.85383349
 3905.11660183 3913.67254638 3945.2579853  3953.19290296 3956.40943625
 3958.38184912 3999.35785725 4006.449117   4011.29276674 4016.14521639
 4017.4319697  4023.71507117 4031.55985643 4031.74562117 4040.22516652
 4066.23322997 4076.05432806 4076.46062385 4081.01294327 4086.79998322
 4088.23886829 4100.07257883 4107.45653554 4107.70289965 4108.29012689
 4151.04928319 4170.44548192 4173.62201563 4187.53793789 4215.80764455
 4218.32638508 4221.81148225 4235.70570474 4245.43120382 4253.83478328
 4271.26760239 4271.62446535 4300.56479838 4310.63776052 4312.8659374
 4375.19712394 4378.05572761 4382.18721807 4405.58227531 4409.72433233
 4423.13082655 4433.53221861 4483.06940458 4492.68607146 4497.516788
 4499.33226916 4531.73719957 4556.0261142  4559.84287459 4573.06203742
 4573.11683685 4589.57459941 4590.23052593 4618.85646222 4631.42689845
 4631.8818604  4632.25155656 4645.54185198 4654.70619022 4668.17498379
 4700.32051689 4710.94237334 4730.23483982 4742.10938326 4747.53459363
 4749.25240914 4753.62309712 4759.22003904 4786.91998494 4803.79827647
 4808.86345724 4817.41696848 4851.29895023 4928.34085079 4959.39476189
 4980.78170663 4983.61384391 5004.50392714 5035.80956895 5066.44098443
 5068.06360093 5113.80002634 5115.7151398  5127.75891482 5159.93621426
 5172.1939204  5175.12205668 5175.86408231 5187.91512393 5192.44817689
 5246.56294869 5257.0637064  5297.93194898 5311.97990321 5319.69142319
 5319.76992238 5347.79423158 5352.2348855  5352.89151202 5353.92150133
 5371.70011685 5381.0170535  5457.5090931  5461.09545588 5473.83885698
 5571.28091252 5573.03219435 5582.52942913 5598.49696344 5612.32911991
 5612.87614756 5637.87315484 5669.18189663 5687.95300185 5704.31716537
 5713.01390846 5735.17514517 5752.68716345 5755.39403536 5765.96865897
 5771.40760253 5777.59860495 5812.74477358 5848.25290513 5852.23493047
 5861.3806689  5869.84681439 5987.02249849 6002.41083881 6003.02263246
 6111.63790539 6128.20683346 6148.37822414 6178.68364301 6188.964103
 6189.97442585 6199.48589381 6205.81976142 6209.26905896 6215.080232
 6220.41654329 6235.36952146 6241.96498635 6276.9238236  6301.54413478
 6312.76791832 6322.90107984 6337.86355791 6342.07358089 6362.5510684
 6404.27030216 6408.40949254 6412.63971531 6458.20360917 6462.09316881
 6473.91714612 6476.91748165 6508.58445305 6716.21333188 6813.20729207
 6907.83917677 6922.13396177]"
181,743199_2024-12-05_C-111,SCiw,True,"[  20.22198095   20.22801422   20.25674726 ... 7023.49677662 7023.52644298
 7023.5467761 ]"
182,743199_2024-12-05_C-113,SCiw,True,"[  22.19499381   22.49725734   22.86368687 ... 6633.34659176 6933.15988069
 6960.30906563]"
183,743199_2024-12-05_C-117,SCiw,True,"[  20.22314761   20.24271407   20.26068055 ... 7023.45864368 7023.47797682
 7023.52690964]"
184,743199_2024-12-05_C-118,SCiw,True,"[  20.72744237   21.43566836   21.83849751 ... 7008.55816497 7014.82229997
 7022.17775697]"
185,743199_2024-12-05_C-123,SCiw,True,"[  20.47681164   20.60044369   20.6642097  ... 7023.39857764 7023.45121043
 7023.56290927]"
186,743199_2024-12-05_C-148,SCsg,True,"[ 125.77268568  144.82848794  264.13721658  293.13664899  331.96071279
  420.77402454  420.79825762  421.0084221   425.39900988  428.24091372
  470.38077645  471.14943514  471.37696611  472.10155859  473.29144624
  478.67532371  478.89545476  505.54231159  536.01169541  554.20880659
  580.38856826  588.00412257  603.53186144  695.58130627  699.60816449
  711.04717912  737.69803591  764.73768866  764.78558816  821.30743498
  913.47904521  913.94324039  921.07159976  940.73756236 1045.30301064
 1045.50997516 1045.54634145 1063.66372012 1104.22013261 1170.34467979
 1271.25476601 1295.65714612 1302.70813962 1309.92433141 1321.09574882
 1321.17441467 1388.00092123 1397.05852724 1401.25378371 1470.80236202
 1475.13001712 1482.56190666 1489.44653522 1492.39283798 1529.33758795
 1529.36018772 1533.79770834 1567.18316191 1689.12929651 1702.60995662
 1710.09731226 1710.3764427  1717.61133429 1722.14688723 1737.53859418
 1747.90605326 1753.81069199 1765.41800488 1772.51023129 1773.20865737
 1781.16817478 1807.95799679 1813.40694025 1814.79612583 1816.71633924
 1863.15862399 1873.34975157 1883.95877482 1884.05407383 1884.60276813
 1884.72406687 1885.60175777 1885.74102299 1885.86672168 1886.48394861
 1898.64475576 1910.64919786 1917.32652857 1928.80960941 1950.70734885
 1953.56071924 1967.04771263 1982.44518618 2025.80000297 2026.36323046
 2026.67649387 2042.56889563 2042.79932657 2058.89235958 2059.36282136
 2062.15119243 2091.02195951 2139.2818254  2166.04528102 2170.38770262
 2207.26945325 2208.0830448  2208.26444292 2209.20613315 2209.37366474
 2211.76617325 2221.2956077  2224.62050653 2262.79974369 2270.16386728
 2274.44548951 2281.0636875  2302.25996756 2302.40003277 2311.06970947
 2316.30645513 2320.24018098 2336.02451719 2343.54830579 2345.57545142
 2363.33856709 2365.19971445 2383.47569147 2384.73981169 2384.8926101
 2389.74402643 2396.34985788 2401.15940797 2404.19340982 2404.25567584
 2407.98157051 2411.63629926 2411.96602917 2415.9714876  2450.42703007
 2451.95438089 2479.01533342 2498.54376411 2508.56729343 2509.10928781
 2515.95938339 2539.38784028 2539.62060453 2541.053523   2562.44160106
 2565.24003869 2565.67026756 2584.08947642 2587.87800378 2595.5532908
 2604.24500061 2609.93420824 2614.77699132 2618.823916   2629.26004104
 2635.56500894 2635.57437551 2636.38683375 2637.63738744 2637.75428623
 2651.5727095  2652.6753314  2665.28263391 2675.11713186 2678.84035989
 2684.56023387 2694.39913177 2697.46086667 2703.60196961 2705.77738037
 2718.94321042 2742.07707037 2779.56968132 2811.67864813 2816.57863062
 2821.17408293 2825.00414319 2830.39338727 2835.27703659 2835.49220102
 2835.92656318 2835.98012929 2836.07192834 2836.62762257 2840.99841055
 2850.2901808  2854.28373936 2860.23054432 2871.90768982 2877.52593152
 2885.75084617 2887.35269621 2889.23271004 2890.62886222 2899.96683199
 2902.3298408  2906.39739859 2906.4188317  2911.94880765 2912.56670124
 2912.93879738 2915.55610356 2919.19866576 2924.22431361 2928.5165024
 2931.79360173 2939.95768368 2940.48251157 2945.22839566 2951.37653186
 2958.59932358 2971.75215376 2981.84514903 2993.55926081 2993.58632719
 2994.23795376 2994.28691992 3007.73698035 3008.8693686  3017.55841177
 3025.70346059 3037.74526897 3050.34783819 3055.56631738 3055.6638497
 3056.19194422 3062.66137709 3062.68321019 3069.5600055  3069.993901
 3075.10774793 3075.4768441  3076.81189692 3078.4458133  3082.81816793
 3088.77730609 3089.8365951  3092.06963859 3095.77290016 3102.60966255
 3105.20596895 3109.22009396 3109.36455913 3110.36754872 3110.54944683
 3119.01362567 3126.17291805 3140.45806981 3151.1500922  3152.62411024
 3153.19803761 3153.36296923 3154.42569154 3157.54155921 3158.16241943
 3159.05624349 3180.43795495 3184.8887421  3187.32158352 3194.76327297
 3201.37817099 3206.14592152 3215.17649448 3215.42665855 3215.4444917
 3222.47748539 3222.94584719 3239.24731137 3252.710805   3253.13286728
 3274.80274242 3275.77616565 3292.05846336 3292.99368699 3299.15972301
 3311.81239172 3313.19627736 3319.25661447 3321.69555583 3330.10333525
 3331.65061919 3347.58982046 3379.64552117 3402.53831695 3403.21654324
 3403.24080966 3403.3458419  3423.38690061 3426.44653552 3427.0142963
 3477.53040544 3479.84868139 3486.02615062 3488.3113269  3491.35969527
 3497.78286195 3501.7966203  3510.37379797 3516.22633724 3519.7895336
 3531.73044302 3533.78012175 3552.45036135 3559.14202525 3559.61118705
 3564.19550614 3582.2459855  3582.87357899 3593.66926697 3595.86614417
 3596.0974751  3596.90876669 3597.6561256  3598.4430841  3602.71117314
 3602.75667267 3613.39692893 3614.89074676 3617.93614849 3618.25127855
 3621.80880831 3622.68979916 3622.78749815 3622.79063145 3623.88162013
 3624.65201214 3625.45110384 3625.4581371  3625.82286665 3631.33950941
 3633.16872376 3633.24342298 3640.07601875 3640.41054861 3643.58048239
 3645.02686738 3647.0071135  3648.9531933  3649.82638424 3658.17703092
 3661.51496295 3665.70945276 3671.68252411 3680.20633566 3696.23966929
 3699.12597267 3699.30530415 3708.41094299 3711.56114364 3715.34417105
 3737.9761362  3745.6116903  3756.47987753 3759.56484552 3773.19803738
 3782.18941075 3783.29129931 3794.50451629 3804.09398345 3812.18466616
 3820.08775082 3835.78062131 3838.19959621 3855.44008398 3855.60971555
 3869.27794039 3878.26568046 3884.4614495  3887.10802204 3894.87057482
 3897.0533855  3911.93496442 3911.96479744 3944.15249677 3948.85164801
 3956.68113343 3957.14572861 3963.23019881 3969.26783615 3969.66413204
 3985.31040302 3985.58600016 3986.55279013 3988.88963254 3999.7128869
 4005.69195819 4010.82570492 4017.62406771 4024.020868   4029.22648065
 4032.45861378 4033.17903963 4033.47430324 4040.19770014 4050.0433313
 4050.52615963 4062.71833311 4064.56831392 4068.96470163 4077.26204886
 4079.06359684 4079.63779088 4084.94090251 4085.12313396 4085.14273375
 4103.69990786 4104.77359672 4106.3495137  4109.92204329 4110.67943543
 4123.36837043 4123.84249884 4123.89289832 4128.78324758 4128.80441402
 4131.57221863 4132.69910694 4140.6505911  4141.49048238 4141.71558005
 4141.83647879 4147.72531769 4153.42912517 4160.62118387 4169.39192619
 4169.4073927  4169.63992362 4171.28650653 4174.02567811 4174.06864433
 4177.17694541 4177.76460598 4181.08033824 4194.7843627  4195.10832601
 4207.13343456 4217.14699732 4221.56431815 4228.95514145 4237.03719092
 4240.17112507 4240.53428797 4240.75131905 4252.51249701 4254.33361144
 4266.23655459 4266.68391662 4267.20501121 4267.37427612 4267.61377364
 4268.95889301 4269.29968948 4271.1512036  4271.84789637 4280.07031105
 4280.99176815 4298.25322237 4298.51791962 4299.48237628 4300.87682848
 4301.58855442 4302.59221068 4305.85161019 4307.28929527 4307.50075974
 4313.54146372 4318.88757492 4326.17576596 4331.13878112 4333.19565978
 4333.74522074 4340.80778079 4346.82885164 4359.65931851 4360.87867252
 4360.90493891 4364.38173617 4373.33420994 4373.74323903 4379.37364727
 4383.7011357  4383.90103362 4388.23542198 4390.0032703  4404.64601836
 4411.21908349 4424.80800914 4443.21088485 4449.81618297 4450.23861192
 4452.73341937 4457.17397329 4461.30959704 4465.11679087 4466.18021317
 4468.12735963 4468.99655061 4469.30638073 4469.91110779 4470.02347329
 4470.96973014 4474.87852291 4492.3704414  4499.2482367  4499.63529935
 4499.64443259 4499.64926587 4504.42411632 4505.514905   4507.9343799
 4510.59705227 4512.27523485 4515.53363438 4526.41022151 4526.75365128
 4527.28591243 4535.50116051 4539.46445272 4541.4092992  4547.48793613
 4549.10821932 4549.91731092 4560.7965647  4561.11562805 4565.3895837
 4569.47840794 4570.57419657 4570.59112973 4575.90197462 4581.77041372
 4583.23633184 4589.30536887 4589.58099934 4589.99279507 4590.67922128
 4591.24968203 4591.45304658 4592.72016677 4597.59251621 4607.61851217
 4621.45126863 4645.37158708 4652.83734295 4660.33676513 4660.63352872
 4662.13787977 4662.16964611 4670.52689272 4679.3853008  4692.20390112
 4704.12161079 4706.58228525 4707.73990657 4710.41681213 4713.36218157
 4717.22437482 4719.60258348 4721.48519728 4734.67516041 4755.62070973
 4762.8252683  4764.37208558 4773.73528842 4777.68064748 4780.11808886
 4780.45375204 4782.05183546 4784.10328084 4785.50813293 4785.99146125
 4793.18358661 4793.3748513  4793.78124708 4794.39154075 4801.83583017
 4802.09072752 4802.09579414 4805.31232742 4805.57659135 4806.2267846
 4817.36106906 4838.53778265 4841.67528343 4844.12409135 4852.2109741
 4892.47235632 4899.14222045 4915.00712249 4918.44235351 4919.55627528
 4919.57600841 4920.62826416 4920.73139642 4932.22761046 4936.78682982
 4937.59212146 4942.51670369 4950.35898898 4951.21141347 4965.81029532
 4967.41171203 4977.06447853 4980.34681114 4991.70842658 4999.29288121
 5005.99534499 5007.30339809 5012.4607779  5039.29783276 5040.11082432
 5040.17969027 5040.72365129 5052.50876234 5056.37465556 5058.02953838
 5058.78469721 5073.93310669 5087.63183121 5116.82942823 5116.89179425
 5119.50123384 5127.05875542 5128.28810933 5154.77520115 5160.32947685
 5165.6530216  5165.69905446 5168.23459482 5175.54011901 5175.55778549
 5175.56965204 5183.31630498 5183.46950339 5188.9880128  5196.3056702
 5200.6031256  5202.0077777  5202.77363641 5203.23589828 5208.04224841
 5211.29851462 5213.80115532 5216.45142782 5216.50249395 5220.1629893
 5220.49868582 5221.18491203 5221.37011011 5222.06380291 5224.02454923
 5248.24296459 5261.32909547 5278.86234686 5283.08140308 5307.24221904
 5310.20098834 5317.85784222 5324.38674114 5338.24906396 5339.5042176
 5345.42585615 5355.35738643 5358.04202524 5382.03527627 5385.4857738
 5390.0110935  5395.36840458 5399.76789226 5412.90325596 5414.36287415
 5423.96014122 5424.18157226 5429.29348588 5431.72179402 5432.84428237
 5434.26803426 5436.40041214 5439.45974706 5442.55858157 5442.94071094
 5443.44850567 5443.68710319 5445.41275195 5445.47071802 5445.83858087
 5448.03005812 5448.80451676 5449.7538069  5451.83161868 5454.36809236
 5454.84122078 5456.55923629 5457.70105777 5464.84325033 5465.03131504
 5469.27330436 5470.69082298 5470.84565471 5471.07428567 5476.4647964
 5477.25202156 5477.40225334 5480.37795579 5483.15216034 5485.29730475
 5489.53422745 5493.23685569 5498.40356875 5500.31071562 5500.82197698
 5502.29539503 5504.07634322 5504.46177255 5504.76776937 5504.97160059
 5508.35909877 5509.45575406 5509.72745124 5511.79199649 5512.47722271
 5515.92112031 5519.56188253 5522.65571709 5523.11334567 5525.26882331
 5529.57247865 5536.2334762  5539.19401214 5541.42232235 5541.97921657
 5544.40445808 5546.18957288 5547.10799669 5548.11795287 5548.37155024
 5553.1043678  5553.92842591 5553.96315889 5554.77711711 5557.10832625
 5558.545978   5560.34345935 5561.71794508 5563.35902806 5563.45019378
 5563.99372147 5564.1002537  5566.03750026 5566.70286002 5568.6553731
 5569.18070098 5569.24496698 5569.29386647 5570.94134938 5574.76680968
 5577.50008132 5579.06636506 5579.17136398 5580.18598678 5580.2510861
 5580.70784803 5584.02651359 5584.0743131  5584.0902796  5584.36704339
 5587.21894713 5587.29901297 5587.52317731 5587.63884278 5587.83637406
 5587.94710625 5588.03347202 5588.32516899 5588.58569962 5588.82549713
 5589.13676057 5593.59388098 5593.99817679 5595.35426272 5595.89702375
 5596.12785469 5596.77101468 5608.86758916 5609.77217977 5610.58840464
 5611.28986402 5611.37902977 5614.97172582 5616.62697531 5641.66174886
 5683.79651164 5684.82463431 5685.37852856 5685.5196271  5686.55968297
 5687.13847696 5690.00041393 5690.67897356 5699.50594863 5708.22719147
 5709.91964057 5719.22014406 5722.33954503 5725.06641673 5725.55994494
 5734.08535648 5752.57756459 5755.075572   5762.66945987 5773.50534743
 5778.12836612 5789.38154935 5831.94510768 5845.83803018 5863.88010963
 5875.12249297 5878.20212768 5905.24444707 5906.21950362 5919.88162852
 5927.06405399 5927.11968675 5930.44138561 5931.42794204 5936.23182553
 5944.8981356  5945.92209164 5946.15578922 5946.33578735 5946.92101461
 5969.33561535 5972.53554881 5982.2572146  5982.68877679 5983.06093959
 5983.49573508 5995.35854532 5995.60137613 6066.13187759 6077.63769153
 6079.1762089  6087.3833904  6106.85105506 6109.52952727 6127.5632068
 6131.45356643 6147.54729943 6151.97342017 6154.73665816 6162.52541068
 6169.95173361 6177.39272307 6183.22206258 6185.25570814 6185.49310568
 6193.8364191  6202.01336759 6218.10403395 6235.52248654 6273.31296106
 6304.64586927 6336.67663689 6337.79819192 6351.45925016 6351.49684977
 6356.45779829 6380.67481367 6430.90809241 6432.136213   6443.78005884
 6443.79065873 6446.35876542 6452.01517339 6461.58547408 6467.39571379
 6475.68406112 6475.79002668 6494.31736776 6500.33543865 6509.39921126
 6509.86300645 6511.53108914 6533.33456289 6536.19466655 6562.91022266
 6567.93493719 6572.5596892  6576.4942817  6585.31085688 6595.76638172
 6596.00534591 6599.05928089 6599.80883978 6600.77792972 6602.62857718
 6610.15009913 6613.12416827 6613.57826356 6620.8409882  6634.78577683
 6635.91213181 6649.73372172 6650.9561757  6651.05677466 6651.0660079
 6651.18600665 6661.27343531 6673.72067281 6674.3610995  6684.10619838
 6688.8553491  6689.86320531 6699.94850066 6730.22405316 6730.35045185
 6732.59812853 6733.4295199  6742.6426243  6749.3788544  6751.96586089
 6752.39212313 6761.46962893 6763.6927392  6769.01168401 6779.03744664
 6779.44160911 6790.58059353 6790.84685743 6790.99882252 6791.39438508
 6800.8235539  6806.28883053 6817.77601133 6818.84293359 6820.02755463
 6835.79155772 6848.44722639 6878.10658529 6890.37529132 6898.20974335
 6903.4442557  6903.66045346 6904.02991629 6909.91618855 6917.13131368
 6918.12697001 6918.14093653 6918.57273205 6922.00036315 6922.01302969
 6922.10916202 6931.47959812 6943.4961401  6958.52001753 6970.5984922
 6973.51002865 6985.44000486 6987.91364586 6991.0962795  7013.53288001
 7014.11434065 7018.65229356 7019.66574971]"
187,743199_2024-12-05_C-151,RN,True,"[  20.28988025   22.19372716   23.41278117 ... 7017.46203924 7021.7001286
 7022.91211602]"
188,743199_2024-12-05_C-153,RN,True,"[  20.33481311   20.39991244   20.42414552 ... 7023.53047627 7023.54160949
 7023.56084262]"
189,743199_2024-12-05_C-155,RN,True,"[  20.23081419   20.24744735   20.31941327 ... 7020.43710837 7020.51450757
 7021.1283012 ]"
190,743199_2024-12-05_C-158,RN,True,"[  20.69460938   21.07650542   21.20423743 ... 7021.96835915 7022.04979163
 7022.12639084]"
191,743199_2024-12-05_C-159,RN,True,"[  20.26384718   20.35597956   20.48681154 ... 7023.03581474 7023.27601224
 7023.56270927]"
192,743199_2024-12-05_C-160,RN,True,"[  20.33547977   20.3616795    20.49217815 ... 7023.07328101 7023.21427955
 7023.47801015]"
193,743199_2024-12-05_C-167,MRN,True,"[  20.21888098   20.36907942   20.4071457  ... 7023.00991501 7023.03271477
 7023.48637673]"
194,743199_2024-12-05_C-169,MRN,True,"[  36.37271336   38.22629413   58.53391673 ... 7023.32061178 7023.32407841
 7023.41434414]"
195,743199_2024-12-05_C-170,MB,True,"[  25.85955578   29.88274737   32.39678795 ... 7004.88200311 7009.89241779
 7016.66541417]"
196,743199_2024-12-05_C-175,SCiw,True,"[  20.23158085   20.27211376   20.3040801  ... 7023.47357686 7023.54244281
 7023.56327593]"
197,743199_2024-12-05_C-177,SCiw,True,"[  20.24798068   20.35211293   20.42801215 ... 7021.82232733 7023.11284727
 7023.36217802]"
198,743199_2024-12-05_C-182,SCiw,True,"[  20.28864693   20.45287856   21.19403753 ... 6948.26082399 6953.56533561
 6999.3482272 ]"
199,743199_2024-12-05_C-192,SCsg,True,"[  59.64350522  901.52303594  912.24819131  958.13914845 1008.8981884
 1291.21625887 1325.02190808 1339.97441959 1340.0048526  1528.78812699
 1592.47993274 1689.14286303 1689.3192612  1695.07806811 1704.61386916
 1721.80485744 1722.03235508 1723.00521165 1747.64232267 1754.69858278
 1754.72084921 1765.33867237 1779.71445653 1782.94982296 1825.32678322
 1825.97037655 1827.54286023 1887.22454093 1928.77800974 1945.78673324
 2029.34396619 2029.36563264 2029.87646067 2138.91466254 2154.56073352
 2156.50744666 2219.87688909 2229.51275577 2239.34235377 2243.50074395
 2249.64571352 2262.59601247 2288.67640851 2306.040095   2320.24558092
 2326.12071996 2335.99591749 2362.72807343 2365.06904914 2368.22981634
 2373.52849469 2373.84272476 2378.34457805 2378.35671126 2382.50683486
 2382.51416811 2389.56449496 2393.79481773 2393.80585094 2393.83761728
 2394.96043896 2397.85394227 2398.06697339 2398.14047263 2398.15980576
 2399.13982893 2401.49777113 2402.82102406 2404.4714736  2405.9206919
 2415.16589596 2415.68415725 2415.97425424 2420.18007727 2420.61190612
 2426.57604423 2427.37030266 2428.14262797 2428.16182778 2428.58799002
 2429.13428435 2429.42274802 2429.53978014 2433.90623483 2441.02682761
 2444.25196081 2444.2784272  2454.10919186 2478.36284019 2498.30939987
 2508.43589479 2508.59742645 2508.64142599 2516.08468209 2516.08824872
 2521.70362378 2523.21857473 2523.23144126 2530.77916294 2534.81908769
 2539.38557364 2544.67328544 2550.54539117 2560.82545116 2561.76834138
 2581.01147503 2581.11264065 2581.23250607 2587.59394006 2587.6026733
 2587.62503974 2588.05383529 2592.42065664 2592.46528951 2594.19547156
 2627.53765891 2632.05077874 2633.72119474 2637.15815908 2646.66879372
 2650.46562099 2668.31866907 2675.27806352 2676.24598681 2677.42300793
 2678.03933487 2678.2099331  2678.62169549 2678.62902875 2679.03355788
 2679.89184898 2679.94044847 2680.08541364 2694.70162863 2701.03112962
 2742.04103741 2774.75043132 2775.16729366 2778.58759151 2779.28101764
 2783.95533581 2786.7475735  2786.75207345 2794.12226364 2795.40095037
 2800.41926497 2801.84731681 2817.81128449 2840.55258185 2840.57044833
 2848.72976366 2882.20454964 2900.59862543 2906.44613142 2906.73586175
 2911.95904088 2920.1840222  2921.22641138 2921.28144415 2921.32351038
 2964.88162505 2964.88535835 2972.42968006 2983.23586793 2988.92520889
 2989.26697201 2989.51576943 2993.14489844 3027.08647957 3027.18581187
 3027.31794384 3071.90828113 3071.92591428 3072.18827823 3104.9282385
 3104.98077128 3108.04183952 3108.35406961 3110.53578031 3111.23787302
 3111.77806742 3119.78965095 3125.65395676 3134.28656719 3139.28794862
 3139.41721395 3139.82890967 3156.55013616 3156.6810348  3168.74217632
 3187.74301248 3197.15851478 3197.50127789 3197.50464452 3209.56775268
 3209.69471803 3225.87265016 3226.06701481 3226.62450902 3226.95140563
 3227.09937076 3233.86623388 3236.14767687 3236.58517233 3240.42476582
 3250.12236519 3252.14934416 3276.13382861 3278.03507555 3282.3534974
 3289.93395208 3291.53636878 3293.5551145  3299.17565618 3311.80765843
 3318.52518873 3318.72628664 3322.11268483 3330.20566752 3330.89699368
 3339.53563737 3342.09867744 3342.12361052 3342.38124118 3343.16116642
 3361.57167538 3367.17618389 3370.97814444 3373.6509167  3375.14050125
 3379.73535357 3383.7894115  3385.23572982 3400.49850478 3400.53393775
 3401.52509413 3410.29413647 3425.52801172 3440.41525724 3440.4351237
 3444.83951133 3454.82804102 3458.72073396 3467.75324023 3483.14631383
 3493.30307511 3493.38660757 3493.52000619 3493.70123764 3495.01532401
 3510.47263028 3515.41584565 3516.40846868 3519.5994689  3526.37466526
 3538.87620221 3549.28202756 3552.66075917 3558.31406717 3558.77639571
 3564.38600417 3566.92674447 3571.38586486 3575.15809239 3581.48102678
 3582.23035233 3588.80538411 3592.60614467 3595.56598062 3597.73989139
 3614.33878582 3614.35991893 3614.56725012 3622.13067163 3625.83346654
 3627.24145193 3627.86051218 3628.11197623 3630.62708347 3640.41818187
 3641.1890072  3656.34364995 3658.33796259 3659.34661879 3659.74218135
 3659.85044689 3667.52343394 3672.74314644 3673.86673478 3676.53964038
 3677.2446664  3677.36716513 3679.02654791 3679.04024776 3679.6178751
 3679.94550504 3684.29065995 3685.90324322 3689.52990558 3692.64903988
 3692.66210641 3692.77737188 3692.95913667 3696.50303322 3696.5082665
 3697.36879091 3699.961964   3699.98233045 3703.82312393 3704.69991483
 3708.13494586 3708.85743836 3709.41846587 3709.5541978  3710.11115868
 3714.39608089 3724.31327798 3724.48420954 3725.76896287 3725.81386241
 3728.36570259 3729.61165633 3747.34160569 3750.28617513 3756.5179438
 3758.09992738 3771.7024529  3771.87778442 3779.38267321 3783.52189692
 3789.42680231 3790.76492176 3808.64916952 3808.6760359  3808.77683486
 3808.86130065 3828.68509494 3836.15198413 3837.05160813 3854.27226276
 3857.70969376 3857.82275926 3862.07064851 3862.07728177 3882.67956799
 3913.29468364 3913.56554749 3917.8377365  3934.13860068 3954.08656035
 3955.37968027 3957.90972068 3960.06389833 3960.07109825 3972.36627067
 3980.24298894 3982.39383328 4001.93456385 4003.94370967 4006.12595369
 4031.7877874  4043.3812671  4047.04366243 4047.24459368 4050.27969552
 4050.50325986 4050.71759097 4057.28515616 4058.0235485  4061.68817714
 4064.05175261 4078.4442366  4090.05798275 4095.36119439 4095.53139262
 4098.09616601 4103.90050578 4105.32482433 4109.92057664 4110.30907261
 4112.00468835 4115.1770221  4116.23097783 4119.16928067 4119.38304512
 4119.56547656 4120.1075376  4120.76393079 4134.59715391 4152.57346738
 4168.91109785 4182.52292327 4182.56748947 4182.67992164 4182.81178694
 4182.869453   4188.58046041 4197.08493883 4217.54195988 4221.36352023
 4229.37903705 4229.97583086 4236.96385835 4238.97300417 4243.69625516
 4243.95645246 4247.14055275 4251.79947107 4263.03245451 4265.00466738
 4265.34333053 4265.40002994 4265.55762831 4267.71640591 4271.69429796
 4271.83939646 4276.37898268 4279.48011717 4279.62061571 4279.8790797
 4290.41713701 4298.27828877 4299.40561041 4299.63264139 4300.01447076
 4300.16056924 4300.42023321 4300.51519889 4308.29451817 4309.21657527
 4311.64268343 4317.68398741 4317.79198629 4321.21035081 4321.26968353
 4325.07057742 4331.17521408 4337.17158519 4340.6686489  4340.7782811
 4340.96517916 4345.80786224 4347.22874749 4350.60707911 4354.71713646
 4355.13913208 4356.17948795 4357.66433921 4358.3175991  4361.67233095
 4365.86378746 4366.53184719 4368.00079862 4384.99862223 4386.07724437
 4400.52036117 4405.08871377 4411.70097848 4412.23893957 4414.54664896
 4422.68593116 4425.32160381 4425.36137007 4428.00574263 4428.06790865
 4443.47438211 4444.71820254 4446.45311787 4447.47257396 4448.52412971
 4448.67436149 4448.77569377 4451.88676149 4453.51241129 4455.87908673
 4458.00073138 4481.775818   4483.32066864 4484.10032722 4488.29798366
 4494.05755723 4494.37215396 4499.13077125 4505.37193982 4508.90283652
 4537.84780283 4541.03063647 4545.69368808 4546.5466459  4551.80609132
 4551.9492565  4556.03934739 4565.76104651 4570.64832913 4575.72600978
 4576.14600542 4577.39502579 4587.7536183  4589.12967069 4604.49994453
 4608.695301   4626.8024131  4660.41763096 4665.25228079 4673.10056602
 4677.52752008 4705.23286592 4705.69686111 4711.37483552 4715.16956281
 4721.48359729 4726.30474726 4734.47792912 4742.68807726 4744.86268803
 4747.13553111 4747.34346228 4747.53342698 4751.39708689 4754.21522431
 4764.44461816 4768.04721411 4773.61408968 4778.44007294 4778.98253397
 4796.77408269 4801.91056272 4803.13221671 4815.10042586 4816.8696075
 4817.66619923 4819.64587869 4823.72616968 4836.15384072 4854.30788568
 4871.6487724  4872.92825913 4879.50139092 4886.02202326 4886.14762195
 4886.37238629 4897.29453962 4904.1261354  4904.64413002 4904.87956091
 4913.71623588 4915.90194653 4934.02219184 4935.88353919 4937.60822129
 4950.12652473 4950.48425435 4950.5953532  4961.18364333 4961.83596989
 4962.88062572 4966.56742079 4966.64115336 4970.97290841 4993.71440576
 4995.92261618 4998.65515449 4998.67182099 4999.06448358 5005.7827472
 5011.19819101 5016.7306336  5018.27678422 5019.27067391 5024.54305253
 5024.71461742 5027.70531972 5027.85241819 5028.03074967 5028.26641389
 5033.41306049 5033.52509266 5036.90809089 5037.0449228  5038.15057799
 5041.05218122 5050.03218804 5050.05525446 5050.17755319 5050.19875297
 5050.32461833 5050.55784925 5054.42794242 5055.78819497 5055.88736061
 5056.15029122 5072.06382609 5072.09962572 5075.63628902 5075.80572059
 5091.76625497 5096.42373998 5116.0130367  5119.56276654 5124.9531106
 5125.39510602 5126.41766207 5127.18562077 5142.08206619 5142.38352973
 5153.87251051 5155.06539814 5158.29036467 5160.67270662 5164.79686382
 5164.96686206 5185.61698111 5186.00081046 5192.5603424  5200.92822223
 5201.14821995 5202.46560628 5222.8133618  5225.92019623 5226.2447262
 5263.24027564 5270.94136239 5287.11712787 5287.13969431 5288.8303101
 5289.1477068  5289.74660059 5293.89709085 5295.59303992 5300.11612632
 5300.3040577  5300.77238618 5307.90324551 5309.60119456 5312.17343454
 5312.93026002 5312.98195948 5313.26515654 5314.31361233 5317.6251113
 5317.75757659 5318.3510371  5318.38583674 5323.16992043 5324.08341095
 5324.22134285 5324.23504271 5324.25207587 5324.29220878 5324.36237472
 5324.528373   5324.71070444 5325.63129489 5330.50701096 5334.60146847
 5334.63550145 5334.64740133 5334.77909996 5334.79959975 5338.07733241
 5338.79689161 5343.23251225 5347.27370365 5347.28737017 5347.32823641
 5347.44740184 5349.13815096 5352.08228708 5352.64224794 5353.31090767
 5353.46033945 5353.61293786 5353.73403661 5353.77110289 5353.90920146
 5354.25599786 5354.2810976  5360.72416407 5370.7444601  5370.75869328
 5370.90375844 5371.05699019 5371.1520892  5371.83494878 5373.20066794
 5375.1260813  5375.25584662 5375.43787806 5375.57844327 5375.64404259
 5377.42009082 5377.50268997 5385.29730908 5385.70287154 5393.11109467
 5393.89035325 5395.20223964 5395.3499381  5405.95609471 5412.48882693
 5414.36320748 5415.61192785 5426.64838    5427.54727067 5428.99495565
 5432.22568879 5445.5879168  5445.82161437 5448.74145074 5449.65707458
 5452.22798123 5456.40130459 5457.9196555  5458.0515208  5458.66438111
 5459.26897484 5459.38970692 5459.89760165 5460.27993101 5460.73702627
 5460.82855865 5462.16394479 5464.22919003 5465.17141359 5465.92587243
 5468.66884396 5473.62062591 5474.88157949 5474.94977879 5475.15171002
 5476.71289382 5480.2968233  5480.47005484 5481.64117602 5485.89433188
 5486.97748731 5487.10958594 5487.20485162 5497.03374963 5504.86216839
 5512.71718688 5517.97949895 5522.80798218 5522.83258192 5523.70277289
 5523.73790586 5525.32652271 5529.20174916 5529.92047504 5529.99207429
 5536.90870252 5537.82865964 5537.85092608 5537.85749268 5538.3143546
 5538.68285078 5540.7335295  5541.46042196 5541.77015208 5549.75076926
 5549.75683587 5550.73502572 5550.94012359 5550.95259013 5551.42581855
 5554.70535119 5556.08510354 5556.09373678 5556.76519648 5558.67577665
 5559.95233007 5570.88214999 5581.67893796 5581.95483509 5582.04470083
 5588.19577033 5596.27815313 5603.33504657 5618.60635477 5625.8917125
 5643.7652937  5655.5934043  5668.71016819 5669.4128609  5674.09254567
 5674.44460869 5689.58558491 5689.68795051 5696.13031699 5701.78622497
 5703.21197684 5706.74474018 5709.3738129  5718.27978715 5724.84875232
 5731.62491534 5734.5235186  5746.16613112 5754.29858006 5754.30724664
 5758.45037031 5772.9170202  5787.28497111 5788.57449106 5847.60114522
 5857.56087521 5866.36705049 5883.82873597 5901.98871419 5927.0983203
 5952.81472012 5969.49674701 5969.7261113  5980.10513693 6011.65660953
 6014.73951087 6014.87214283 6033.72978048 6046.52038109 6049.58481596
 6080.46726217 6154.21816354 6182.65403514 6195.8954644  6200.02995484
 6226.4545473  6243.13427422 6250.44719834 6251.05959198 6272.44920336
 6272.57913535 6273.82448909 6289.76502368 6317.34350417 6317.35083743
 6317.36773725 6322.44595123 6322.50088399 6333.04637456 6333.07947422
 6337.81829171 6337.82205834 6346.48856841 6349.99583202 6394.94629891
 6421.29142553 6423.18113926 6424.11352958 6424.17396229 6475.33136478
 6481.35936889 6482.25145964 6487.95486712 6489.79298138 6490.22591022
 6508.03452543 6508.21262358 6509.69560819 6509.89763943 6527.69892137
 6532.62890355 6532.6590699  6542.13950486 6563.95931178 6566.84411518
 6567.20897806 6576.87864438 6588.20856015 6588.64118899 6594.20193129
 6594.27306389 6594.28343045 6594.32649666 6595.09232205 6595.34005281
 6599.17981297 6624.48751703 6625.91273557 6641.28607605 6647.39207935
 6647.84420799 6648.5441674  6650.83751027 6660.65544172 6660.6700749
 6660.6961413  6660.99283822 6661.18590288 6683.22874082 6688.95218143
 6697.377594   6698.31035099 6712.52910344 6717.94214727 6726.40412613
 6730.40841791 6740.72821083 6751.29190121 6751.48593253 6751.77102957
 6752.00979376 6759.986011   6761.33409701 6768.62488802 6770.79893213
 6770.80053211 6789.57240399 6813.503289   6833.55574758 6898.08931127
 6909.93915498 6931.47133154 6961.55151941 6981.96337427 7016.59538157]"
200,743199_2024-12-05_C-194,SCsg,True,"[1582.31150492 1586.33509651 1690.88411163 ... 7017.71116999 7020.71267218
 7020.92810327]"
201,743199_2024-12-05_C-197,SCsg,True,"[ 229.03764746  484.77472709  624.8240405   694.81008094  694.84144728
  695.83460364  707.61514807  922.08815587  928.69922061  929.00998405
 1150.29265453 1586.1463318  1586.73749233 1633.412008   1702.58175691
 1710.55264087 1711.37379901 1736.51767144 1782.93485645 1929.0389737
 1978.35069534 2221.64163744 2287.85371705 2288.55714308 2288.70384156
 2288.99163857 2293.10286258 2331.42366493 2366.91436332 2367.8061874
 2394.04108184 2444.38735941 2444.83058814 2449.81453642 2512.91054836
 2535.38268184 2538.63584808 2564.8402095  2589.0356251  2595.58762378
 2598.62835889 2611.49619203 2615.07838819 2640.2207273  2687.08904096
 2701.10562885 2732.53813602 2763.01538643 2779.41018297 2786.59684173
 2822.63273446 2833.68965306 2841.31277396 2843.78934826 2861.1740012
 2884.7356567  2924.2220803  2934.42600775 2941.02007266 2947.44300601
 2954.02977099 2973.85393195 2989.51310279 2992.23874118 3016.12465998
 3020.49391465 3021.62380292 3032.29922548 3042.20962264 3111.97586536
 3197.36084601 3210.42777709 3240.55703111 3241.50852124 3248.80694551
 3250.98022296 3253.802527   3284.89720434 3285.30790008 3323.49517049
 3329.51630801 3329.57407408 3341.97441207 3343.36323099 3360.98968142
 3366.15826112 3407.08753641 3426.42093579 3459.30539456 3461.78823546
 3480.32600977 3487.99616351 3622.53126748 3643.89834576 3653.91740846
 3681.32225742 3709.95686028 3725.37533362 3748.11706431 3754.32856652
 3792.19330694 3813.02209081 3830.47807634 3837.79840038 3878.75674203
 3882.86153277 3917.35160821 3923.68217585 3958.4664149  3969.01060549
 3988.49303666 3998.14426985 4004.87839997 4008.47336266 4018.07886299
 4043.90942829 4050.31816179 4051.82947944 4062.52590178 4064.61331345
 4068.91100219 4072.24506759 4088.23436834 4088.31266753 4088.82579554
 4097.44223946 4097.59087125 4099.5874172  4113.81716954 4124.37645997
 4129.01407851 4130.3649645  4134.06302612 4148.37007766 4155.26403946
 4155.39843806 4168.06383997 4182.93598565 4197.97712957 4218.38005119
 4231.09775255 4235.52333996 4238.61260791 4251.23334361 4260.93757625
 4267.30427685 4280.11731056 4296.40500821 4298.24288914 4298.98781474
 4300.61506453 4300.71683014 4309.25367488 4320.74525564 4320.80935497
 4321.17541784 4327.01992386 4335.10194    4361.07533715 4365.96411975
 4368.04223152 4378.27015872 4387.48952972 4391.18999132 4401.49475106
 4406.73179672 4443.44128246 4458.00739798 4474.77772396 4491.08265476
 4528.22303604 4529.82665273 4539.68931705 4549.91831091 4570.48213086
 4589.25076943 4589.51933331 4589.56016622 4589.73783105 4591.22848225
 4599.25246565 4660.74726087 4688.10001037 4715.94208813 4738.17085747
 4761.41571626 4774.74381129 4783.84328354 4790.05741905 4802.29442541
 4802.54632279 4802.69555458 4803.36114767 4804.93066472 4813.35867726
 4823.58470448 4880.65794558 4887.7006725  4893.67291053 4901.70319387
 4920.67356369 4934.4785871  4935.68297461 4938.8343419  4939.4191025
 4958.77263501 4960.70064834 4962.34016466 4965.27330089 4969.08032805
 4976.98911265 5006.39714082 5006.56423909 5023.82719329 5026.2295017
 5028.89580736 5041.33844492 5046.16286152 5050.08385417 5054.16144519
 5055.90672708 5063.03451978 5063.61094713 5072.55532099 5096.28637474
 5112.83556968 5116.07276942 5117.74288542 5119.32490234 5122.71946711
 5125.38877275 5126.41306212 5126.72465889 5139.73265724 5174.49349654
 5202.34107424 5215.52687074 5219.05956742 5220.34732072 5221.82840536
 5228.13817321 5232.71042577 5261.00956545 5261.30466239 5261.35552853
 5273.56883513 5286.32843606 5290.574492   5310.41208615 5313.31122273
 5317.43307996 5329.98748302 5339.34928587 5352.71521385 5362.35718046
 5370.75366    5376.11240439 5385.73573787 5399.83429157 5412.02233177
 5414.66780432 5414.80090293 5415.13336615 5415.35346387 5420.76424105
 5429.21602002 5431.04093442 5431.13533344 5443.19327498 5444.81685813
 5445.65274946 5446.47950755 5448.1830232  5452.98890667 5454.87865373
 5454.93061985 5455.01148568 5455.02368555 5456.22233978 5456.70440145
 5457.07709758 5470.11572895 5470.75065569 5470.75472232 5470.97692001
 5475.13061024 5479.99109314 5482.08633807 5484.32111488 5485.95976454
 5493.80108317 5497.39561254 5498.29083658 5498.58643352 5500.9614422
 5501.013075   5501.13214043 5503.88814517 5505.29283059 5506.90994715
 5509.54718645 5509.60045256 5511.40986712 5511.87662894 5512.36572387
 5515.53922427 5515.65078978 5516.25381685 5516.94984296 5517.04407532
 5518.68539162 5519.89877903 5523.44264226 5524.88156066 5525.2085906
 5528.4854566  5528.78865345 5529.55724547 5529.59631174 5529.9687412
 5537.49216314 5539.23771169 5539.25554484 5539.34667722 5539.39971001
 5539.81880566 5541.18829145 5541.50885479 5544.85502007 5544.90681953
 5546.82956624 5548.68504699 5548.93157777 5549.21580815 5550.95049015
 5551.43145182 5551.93344662 5553.90782613 5553.95595896 5554.85354965
 5557.08922645 5557.5753214  5558.13518226 5558.48081201 5558.55361125
 5560.22982719 5561.30658269 5561.55418012 5561.92214297 5562.43077102
 5565.08954343 5565.42533995 5567.05715635 5568.63673996 5569.75539502
 5572.30296858 5572.78329693 5573.04436089 5574.41391334 5575.96153062
 5577.28601687 5577.45524845 5578.00510941 5580.02798842 5580.10872092
 5580.13102068 5581.27217551 5581.91423551 5585.02366991 5587.31837944
 5590.13621686 5590.29178192 5602.3585567  5602.39522299 5602.44548913
 5603.67250973 5603.99643971 5611.57876103 5613.19167762 5613.33254283
 5616.44021058 5616.55960934 5617.01657127 5618.19662569 5619.79690908
 5623.34667225 5629.10827913 5633.67849837 5656.89129083 5657.96251305
 5659.11083447 5661.00468148 5668.48927048 5670.9004788  5671.93526806
 5688.3296646  5690.00771386 5690.2448114  5690.26591118 5690.27127779
 5690.79727233 5693.04244903 5696.418314   5702.01838923 5702.36428564
 5703.87870326 5712.72971141 5712.73804466 5713.46870374 5716.21660856
 5716.39774002 5717.4814621  5725.2233151  5725.31898078 5728.12511832
 5734.92554776 5762.84699136 5773.55784688 5783.74874113 5789.99630964
 5797.48463193 5844.21884699 5845.245803   5859.96568359 5865.40832711
 5866.03932056 5875.48958917 5883.05614398 5889.39117825 5901.95324789
 5910.58942494 5929.36793008 5931.10911202 5936.32592455 5950.04061557
 5951.03883855 6003.58709327 6016.86778879 6026.16492565 6048.57679309
 6052.7585497  6066.96996889 6072.11168221 6078.45708303 6080.99585668
 6084.89168293 6086.06723739 6088.40591313 6105.45460288 6106.08486301
 6116.4843551  6123.89531153 6124.7557026  6137.37800496 6138.0127317
 6138.19899644 6150.28330438 6150.41800298 6168.97587707 6168.98201034
 6191.39784441 6193.91978491 6212.31469403 6229.92647794 6238.63608756
 6242.2363502  6250.05636906 6250.17623448 6266.15810198 6272.57593538
 6285.9180636  6288.12457404 6295.91575986 6309.14592257 6309.7305165
 6317.40930349 6317.4276033  6322.5030173  6330.66736591 6335.15365269
 6337.83802484 6338.87534741 6338.89791384 6339.34474254 6399.90284748
 6415.48961907 6416.05261323 6416.28297751 6423.20953896 6424.13479603
 6425.81464526 6430.43623064 6441.46038291 6442.126876   6446.86282685
 6453.26552708 6465.40196781 6474.52893977 6475.3318981  6484.59746863
 6484.74206712 6492.0200916  6497.35370292 6501.12693044 6507.6189964
 6509.80674037 6516.96883272 6520.54629559 6529.66743428 6530.65559069
 6540.42872261 6543.64772254 6545.9038658  6562.0010321  6563.02362149
 6563.84671295 6567.26774411 6568.29196682 6576.74001249 6579.77038104
 6579.8096473  6579.83491371 6583.96327087 6583.98960393 6588.96811893
 6594.5673275  6598.20528975 6600.58663171 6601.64218742 6602.66787678
 6603.55233426 6603.86249771 6608.73724713 6609.69547052 6612.43067547
 6613.47056468 6620.27459408 6620.83565492 6624.44821743 6624.47571715
 6624.6765484  6625.17574322 6625.21547614 6632.66026555 6636.79758929
 6641.53414014 6642.83909326 6644.01191443 6648.31796974 6651.20743976
 6654.63347088 6656.02065648 6660.76107396 6661.29223511 6665.28479368
 6665.60039041 6666.23558382 6672.53225181 6673.14381213 6673.50407506
 6673.61680723 6683.09454221 6697.37639401 6698.18218565 6699.32540712
 6700.19893139 6700.24716422 6700.3104969  6702.80497101 6703.91862613
 6708.32131377 6715.77863639 6715.79416956 6717.76224914 6719.9349266
 6721.88027308 6726.19259499 6730.26475274 6730.48448379 6736.06125926
 6742.54032536 6743.68198018 6744.40323936 6751.67403058 6758.41526063
 6759.97131115 6761.29673073 6761.40212964 6770.66156689 6771.44989204
 6779.71173964 6781.861884   6782.59317641 6782.72697502 6790.11083173
 6791.31015262 6792.00891204 6792.61797238 6799.94112973 6800.3161925
 6801.66281186 6803.01346451 6803.18866269 6803.21202912 6803.27359515
 6803.5162593  6803.78265653 6806.33843001 6806.68665973 6809.01040228
 6812.75853006 6817.28844972 6817.44538142 6820.88134577 6821.83346922
 6823.39288637 6825.48676465 6827.90757286 6828.35203491 6828.96856185
 6830.57911181 6835.66199239 6835.76005804 6877.57292416 6877.58805734
 6878.23608395 6878.61831332 6878.63104652 6879.14134122 6882.58463883
 6887.81788452 6894.16498533 6903.640787   6904.13328189 6917.38441105
 6917.43464386 6918.53349913 6925.55119297 6926.4254839  6934.11540411
 6951.7260547  6968.71904503 6969.29167242 6970.53289288 6970.83162311
 6982.23727142 6982.68890007 6983.56122435 6984.08298561 6988.31920831
 6990.1102564  6990.18995557 6990.97288078 7011.95312974 7013.54281324
 7014.22380618]"
202,743199_2024-12-05_C-198,SCsg,True,"[1745.60774378 1786.82514941 1858.72706997 ... 7007.37101062 7007.43087666
 7007.76407321]"
203,743199_2024-12-05_D-1,ACB,True,"[  20.34647411   20.56913959   20.72650542 ... 7022.95174559 7023.0370118
 7023.25757729]"
204,743199_2024-12-05_D-6,CP,True,"[  20.55493967   20.56023964   20.84990477 ... 7018.9328336  7018.93696691
 7019.05489962]"
205,743199_2024-12-05_D-10,CP,True,"[  20.62670595   21.08713684   21.7537333  ... 7023.36804337 7023.37364334
 7023.41424313]"
206,743199_2024-12-05_D-14,CP,True,"[  20.2472413    20.34227413   20.43147366 ... 7023.21327753 7023.35637677
 7023.50327599]"
207,743199_2024-12-05_D-17,CP,True,"[  22.39212991   22.51392926   24.67358446 ... 7018.5882021  7020.57809153
 7021.48602004]"
208,743199_2024-12-05_D-20,CP,True,"[  20.35154075   20.43270698   20.46704014 ... 7023.33311023 7023.42260975
 7023.48857607]"
209,743199_2024-12-05_D-21,CP,True,"[  25.02151594   27.78083462   27.91706723 ... 7009.94264802 7010.01478097
 7018.51966913]"
210,743199_2024-12-05_D-24,CP,True,"[  25.27864791   25.28984785   25.3940473    25.51331333   30.78478533
   30.94311782   31.30978254   31.32684912   31.39781541   31.58038111
   31.63664747   31.64751408   31.66551399   31.67034729   31.75538018
   31.94761249   31.96904571   31.9950789    32.09904502   32.2657108
   40.59056658   42.95958733   44.99450985   45.20540873   45.66710628
  120.04244456  124.39062147  126.06497924  129.69535996  134.44696805
  142.55365832  148.54815982  165.6829688   174.21215683  175.1784517
  183.10830958  183.12664282  183.49030755  184.9315999   211.45895899
  211.51632535  211.6327914   213.7987799   214.06044517  226.44111275
  226.61091184  226.90227696  241.30133381  246.11037494  301.31378172
  382.01638639  420.73591406  490.49077688  496.78417679  502.93094414
  532.32158802  534.12234513  537.23309527  537.24906185  538.57785479
  538.94548617  540.96437545  554.85006836  614.38298548  898.14407825
  939.81219026  942.89270723  979.17281452 1034.71625283 1095.34329747
 1097.01938856 1107.25026755 1140.46862444 1151.58069875 1194.41233792
 1194.42000454 1197.72008701 1202.28276278 1205.37817967 1262.94310724
 1290.65096007 1399.54014835 1412.0886817  1412.10178163 1419.92057343
 1431.20261351 1458.49160189 1506.62071292 1532.15977726 1532.20687701
 1532.26034339 1532.33000969 1532.39067604 1532.44257576 1532.53794192
 1536.93708522 1620.53774117 1631.91728072 1636.85748781 1637.261019
 1637.6011172  1637.71014995 1637.76288301 1637.78114957 1638.9867765
 1639.45430735 1640.09657061 1640.8008002  1641.26816439 1643.19408749
 1643.25312051 1643.26295379 1644.58884675 1649.80771903 1651.0739123
 1651.80764174 1661.07002587 1664.06147665 1665.53153551 1676.12794589
 1680.90398719 1683.24637475 1693.72625242 1696.39623823 1702.24804048
 1703.28173499 1705.63742248 1706.41755167 1712.82088433 1712.83645091
 1713.59021357 1719.41888261 1721.18047326 1729.89342698 1732.65291232
 1735.1223992  1735.15859901 1735.23959858 1742.95582426 1745.01567999
 1745.04601316 1745.16281254 1745.32637834 1745.4840775  1749.23712423
 1749.26385742 1749.57332244 1758.77587356 1763.00231778 1763.71264734
 1764.03017899 1764.05167887 1764.09114533 1764.26314442 1764.37607715
 1764.72914194 1764.7360419  1796.11420857 1796.47110667 1796.70707209
 1796.79697161 1797.10930328 1799.95258818 1800.01412119 1800.30381965
 1813.18188458 1814.85284237 1815.26060687 1816.2836681  1817.24846298
 1817.93535933 1878.63400359 1879.88386362 1879.90609683 1879.94379663
 1904.9387972  1910.03100349 1910.05243671 1910.08620319 1910.35560176
 1912.36015778 1924.03062913 1924.09982876 1934.36310758 1953.27927377
 1953.33477347 1953.55047233 2001.52215085 2002.00124831 2002.15768081
 2003.9110715  2003.92690475 2003.9605379  2004.01667094 2004.15400354
 2004.39280227 2004.54056815 2004.57536797 2004.81223338 2005.74196177
 2006.25525905 2006.35515852 2006.57999065 2006.96122196 2007.52318564
 2010.69693545 2021.79164319 2021.84777622 2021.85457619 2022.45780632
 2022.46860626 2022.71763827 2022.82903768 2022.86757081 2022.89260401
 2023.0439032  2023.0878363  2023.5344006  2023.64240003 2023.88156542
 2023.91509858 2025.05269253 2025.84135501 2027.24611422 2027.26331413
 2027.50731283 2030.17249867 2034.02267822 2035.42773743 2037.58252598
 2040.04044626 2048.72866678 2049.51142929 2049.8484275  2050.01745993
 2061.3324665  2063.06942394 2064.0484854  2065.8001761  2082.46988756
 2084.48687684 2092.66460007 2098.48690248 2106.45472682 2124.23033241
 2125.1283943  2125.13852758 2129.55413746 2135.32197349 2143.02149926
 2156.18152936 2156.2124292  2168.29599835 2179.02600802 2179.30433987
 2179.40597267 2186.73500041 2187.19009799 2191.36914246 2191.8264067
 2199.32183355 2207.33139101 2207.37062413 2238.27819329 2268.5245993
 2275.46112913 2275.60489503 2293.76749856 2311.58437059 2311.67680343
 2383.549155   2388.62519471 2417.11141007 2417.69044032 2479.13074731
 2499.17844082 2499.32160673 2500.04900287 2500.07550273 2606.84850226
 2617.68194471 2629.66698105 2642.95957711 2643.05334328 2657.20243479
 2686.9663767  2687.22807531 2695.95136231 2732.97533232 2742.2227832
 2742.69414736 2742.90244626 2743.36804378 2756.97943815 2757.51286865
 2761.69304645 2767.83821381 2768.34341112 2775.16634155 2775.76360504
 2776.00887041 2781.62880722 2781.71070679 2781.7522399  2786.90004589
 2787.18397771 2787.2128109  2787.21674421 2787.26467729 2787.44617632
 2788.24677207 2792.35755023 2792.57414908 2792.6466487  2792.71014836
 2792.7540148  2792.92151391 2792.96144703 2792.98061359 2793.07211311
 2793.13747943 2793.62724349 2794.10640761 2794.37613951 2794.50537216
 2794.79953726 2795.92019798 2796.90109277 2796.90932606 2796.95259249
 2797.15722474 2798.12515293 2805.59377993 2805.82711202 2806.07344405
 2806.25400976 2806.72767391 2806.74314049 2816.98181944 2817.07858559
 2817.16561846 2817.50828331 2817.63541597 2817.67078245 2817.67494909
 2825.06120986 2825.32567512 2831.53394214 2831.56520865 2843.50004525
 2843.54467835 2843.58951144 2843.63207788 2843.67421099 2843.72147741
 2844.04847567 2844.23827466 2844.79240505 2845.73456672 2845.87769929
 2845.93453232 2846.05446502 2851.52143598 2851.64620198 2851.90380061
 2851.93283379 2852.23299887 2864.93589806 2877.35886541 2877.54386442
 2958.16496953 2958.44436804 2958.91463221 2958.96496528 2959.00153175
 2959.01056504 2959.35422988 2962.46814667 2965.66029638 2983.51973485
 2992.97161798 3002.61540009 3003.1102308  3041.21829505 3041.42286063
 3042.33258913 3042.44148855 3103.73756297 3110.47662717 3110.54162683
 3125.81577903 3132.53084336 3141.17659744 3141.36392978 3156.63304867
 3165.40670207 3165.41536869 3214.72990675 3225.64884876 3238.27371503
 3238.39141441 3238.4494141  3244.33508283 3244.86271337 3244.89177988
 3244.92521303 3244.97077946 3245.03277913 3257.74374495 3257.9903103
 3297.31123478 3297.7455658  3316.29616727 3316.44436648 3316.84726434
 3316.8614976  3317.00029686 3331.00035583 3387.56058874 3393.67822291
 3393.76728911 3394.1395538  3394.19805349 3440.37094157 3480.24042979
 3480.76209369 3492.94302899 3582.24075467 3582.90255116 3583.46201485
 3596.96184315 3707.66218848 3708.76398263 3749.10060171 3808.51228614
 3809.36714826 3810.7715408  3837.04136794 3837.04676791 3837.09670098
 3885.4270776  3885.97284136 3935.46164516 3954.54014383 3955.29927313
 3980.87400395 3981.4180344  3983.24555802 3987.43973574 3987.88413338
 3987.88916669 3987.91673321 3987.95719966 3988.14119868 4003.40688427
 4003.47148392 4004.75811042 4008.67628961 4008.70972277 4008.7465559
 4009.31481955 4015.36192076 4015.37892067 4015.43488704 4015.80665174
 4021.19562311 4021.63962075 4021.74918684 4021.88915276 4021.91805261
 4021.96815234 4022.41918328 4023.25957882 4023.32007849 4023.40597804
 4023.75120954 4024.40770605 4024.92733662 4040.25238856 4040.63435319
 4040.73895264 4040.80785227 4042.43504363 4043.75663661 4059.87501766
 4060.58194724 4061.86157378 4062.81610204 4063.92309616 4063.9338961
 4063.94209606 4066.98081325 4066.99751316 4067.01214642 4067.02287969
 4067.22464529 4083.48442559 4083.71215771 4084.40445404 4091.75504833
 4091.81281469 4092.00078035 4092.04054681 4092.34874517 4092.40794486
 4092.445078   4092.56451069 4092.69124335 4092.89624227 4092.92414212
 4103.39648649 4106.10253879 4111.65777594 4112.57190442 4118.73877167
 4120.46349584 4147.64191814 4153.39725424 4159.65048769 4159.76272043
 4169.44260235 4170.23973145 4177.73119165 4178.63775351 4178.65415342
 4178.68445326 4178.70881979 4184.19162401 4207.3621676  4226.24373397
 4280.45711268 4287.19207691 4287.47007543 4288.18150498 4300.53163938
 4303.50855691 4317.72648139 4318.39664449 4319.25070662 4324.60601151
 4325.80810513 4326.29780252 4334.24206033 4334.47649242 4334.70692453
 4342.28888425 4360.23332227 4385.12145674 4395.01027088 4405.81501349
 4412.99397536 4427.61866435 4435.94475345 4455.01201884 4455.0773185
 4455.2593842  4455.3850502  4465.0287323  4467.41045299 4476.96260225
 4487.79651137 4508.59796755 4512.46291369 4525.28731223 4532.9061051
 4546.84843104 4549.58368318 4592.02235776 4597.09313083 4597.54966174
 4597.6012948  4598.04315912 4599.02108725 4599.17488644 4599.24361941
 4608.91140139 4609.23859965 4615.27303426 4624.34441941 4624.47321873
 4624.47898537 4624.51148519 4624.75931721 4624.90521643 4625.15761509
 4637.96621373 4661.05012445 4661.05849107 4661.50618869 4661.60355484
 4701.78350809 4705.8342199  4711.36669052 4761.57155718 4764.23247638
 4764.66457409 4766.22656579 4789.23511024 4789.26831007 4793.37095494
 4794.84284712 4798.00436366 4798.08606323 4798.09109654 4798.11539641
 4798.64829358 4798.65939352 4798.92959208 4799.01722495 4799.04555813
 4799.08255794 4799.10315783 4799.20189064 4799.20589062 4799.25545702
 4802.35767387 4803.21300266 4804.82182745 4817.12042879 4829.5569294
 4835.03433364 4842.09926278 4842.47676078 4842.6610598  4854.09349907
 4865.76977039 4889.72224316 4898.59946267 4898.94249419 4901.91264508
 4960.76296582 5038.59131909 5047.39470566 5054.30356897 5064.400282
 5081.44309148 5084.31804287 5195.35895307 5200.8744571  5207.26392317
 5207.60012138 5208.54794968 5208.71734878 5209.08671348 5209.66327709
 5210.04600839 5215.46071296 5220.44428649 5221.04908328 5221.45994776
 5221.5842471  5221.78114606 5222.65627474 5222.86477363 5235.51107313
 5236.21616938 5236.80403293 5236.84896602 5236.92739894 5236.93156558
 5237.18029759 5237.27593042 5239.38231923 5239.57655153 5240.19518158
 5240.74497866 5240.7569786  5242.34083685 5247.45400969 5269.52849244
 5269.6484918  5272.82220828 5282.19509183 5282.72272236 5282.74988888
 5282.77738873 5282.81995517 5321.12355172 5321.3151507  5328.2499472
 5367.99020278 5390.92641429 5397.34831351 5397.35791346 5403.89287875
 5410.19797859 5410.20274523 5410.8487418  5411.83516989 5419.85659395
 5420.537757   5423.30377564 5423.38614187 5424.43616963 5424.67563502
 5426.92265642 5428.15671653 5428.18968302 5428.32884895 5428.38551532
 5428.99957872 5429.45834295 5432.58549301 5433.69662044 5433.71955365
 5438.72632706 5442.82487196 5444.01926561 5444.12489838 5447.10224924
 5447.21718196 5448.03384429 5448.07057743 5448.21547666 5453.15628375
 5455.78443645 5456.06320164 5456.11890134 5456.74736467 5457.39982787
 5471.53541946 5472.17891604 5472.25398231 5475.81373006 5477.84958592
 5479.34461131 5483.16699101 5487.25063598 5489.21409222 5492.77290665
 5492.82470637 5492.95153903 5494.22913225 5494.33539835 5495.30299321
 5496.13085548 5496.16618863 5496.46662036 5496.53388667 5498.94004056
 5499.03304007 5506.08413595 5506.26456832 5506.59579989 5509.06538678
 5510.21771399 5510.35034662 5510.48934588 5514.20802613 5514.21409276
 5514.2883257  5515.32748685 5518.43807033 5521.79671915 5525.16440127
 5534.32928592 5540.10325525 5542.91510698 5543.09060605 5543.11057261
 5545.46752676 5554.25274676 5567.44134337 5567.4548433  5567.46540991
 5567.49920973 5567.51577631 5567.56627604 5570.9692913  5572.99321388
 5575.28930169 5575.52246712 5575.70669947 5575.74063262 5576.55982827
 5578.50771793 5580.34360817 5580.4767408  5580.6150734  5580.66267315
 5582.48363014 5588.36043226 5595.35959508 5595.98645842 5596.01302494
 5603.69648413 5625.61950102 5625.94459929 5626.11639838 5628.48141915
 5629.35548117 5629.52124696 5640.15592381 5657.6103311  5659.46878789
 5665.20139078 5674.1709098  5674.9613056  5675.26043735 5675.27180395
 5675.29420383 5675.98033352 5676.05296647 5676.16926585 5676.24816543
 5676.97312825 5676.9880615  5676.99506146 5677.56069179 5681.92720193
 5682.32076651 5682.69773117 5683.17812862 5698.64197982 5698.8076456
 5699.41847569 5699.42307567 5726.89586308 5727.06589551 5727.39512709
 5730.28774506 5733.83532622 5733.85352612 5735.11491942 5740.57325709
 5740.61102356 5741.11548755 5745.99709495 5746.37929292 5749.69920862
 5750.1111731  5750.15003956 5782.97503187 5788.52166908 5788.66593498
 5788.70216812 5788.724168   5807.33293583 5873.28381885 5888.27377257
 5948.0301885  6000.34211063 6077.6138002  6077.91059862 6079.92115461
 6080.33305242 6080.39885207 6080.44315183 6162.65741514 6168.59681693
 6168.71274965 6273.2907275  6276.02687963 6420.12031426 6451.87014562
 6527.2566452  6530.3755953  6538.55698517 6566.3468709  6566.81493508
 6571.63460948 6571.68080923 6571.84297504 6572.49223826 6577.44421195
 6577.92627606 6578.17007476 6583.01541569 6586.2526985  6591.84413547
 6594.0903902  6594.09905682 6594.59362086 6595.51618263 6598.29706786
 6598.94063111 6601.62985015 6601.81974915 6631.41452528 6633.89461211
 6644.66858822 6645.19188544 6645.81708212 6669.40252351 6669.43982331
 6669.75942161 6678.38757578 6688.10735749 6689.02468595 6698.53433543
 6717.50120136 6722.05794382 6723.72160165 6724.65963    6727.14218348
 6736.0125697  6752.54124857 6759.84880976 6772.85344068 6776.36082205
 6776.56308764 6787.83489444 6800.89229175 6801.79268697 6818.52553142
 6826.82468734 6850.99699228 6851.01619218 6854.22174182 6857.3191587
 6857.66362353 6858.50985237 6858.53955221 6869.00976327 6872.78730987
 6873.41737319 6880.63573485 6882.82938986 6883.5185862  6884.55804735
 7002.46238775]"
211,743199_2024-12-05_D-26,CP,True,"[  25.11634877   25.29544782   30.94231783 ... 7022.47138147 7022.59571414
 7023.33947686]"
212,743199_2024-12-05_D-28,CP,True,"[  20.45507353   21.30590235   21.77999983 ... 6994.36473076 7004.48461034
 7020.03032777]"
213,743199_2024-12-05_D-32,CP,True,"[  21.93553234   22.13046463   24.20918693 ... 7021.7621519  7021.7746185
 7023.51724258]"
214,743199_2024-12-05_D-35,CP,True,"[  23.75332268   24.11432076   24.61885142 ... 7014.56342347 7016.2969476
 7017.35440865]"
215,743199_2024-12-05_D-37,CP,True,"[  25.52981324   27.86610083   29.08076105 ... 6984.89518106 6985.0265137
 6997.92507852]"
216,743199_2024-12-05_D-42,CP,True,"[  24.72225087   30.74521887   33.07890648 ... 6879.65017342 6902.7654173
 7018.63276853]"
217,743199_2024-12-05_D-49,CP,True,"[1431.04781433 1532.58770832 1535.27752737 1555.67755234 1563.60351024
 1573.69262332 1603.85116313 1631.97888039 1637.79518283 1666.68449605
 1669.73237986 1681.68701636 1696.39163826 1702.85900391 1706.68478358
 1720.32324448 1720.39067745 1720.91090802 1749.27109072 1780.27869268
 1836.43036109 1836.77845924 1901.39461603 1902.30791118 1933.85941025
 1956.938621   1992.86449684 1992.91696323 1994.97185231 2012.61829191
 2014.05245096 2054.67723518 2066.42913943 2096.5818126  2098.19277071
 2112.1762631  2136.58430012 2138.0624256  2139.77794982 2143.24699806
 2152.89494682 2158.44395068 2159.41197887 2179.25124016 2186.09310382
 2206.01849798 2236.20970428 2269.50432743 2269.87625879 2274.09050307
 2275.86679364 2310.62350902 2379.18027821 2387.58540023 2388.75836067
 2388.87506005 2390.43465176 2396.14712142 2400.0602673  2401.41422678
 2407.09399661 2426.34039438 2430.85530373 2431.07193591 2431.17810202
 2432.07976389 2432.94309264 2462.18277067 2472.94281351 2478.52611719
 2478.93518168 2480.32480763 2486.0984103  2499.70700468 2548.43107921
 2549.84367171 2549.94877115 2550.06327054 2561.41007694 2561.59210931
 2565.60875464 2590.79965417 2590.82525403 2607.0726344  2609.21818967
 2649.33360992 2676.11676766 2680.30564541 2680.33687858 2700.54907122
 2701.50516614 2706.57710587 2736.67851265 2736.71964576 2749.90864237
 2762.37740948 2769.81123666 2775.02857561 2792.71328168 2811.05961756
 2815.00572994 2820.16840251 2825.30007526 2833.13050033 2834.36232712
 2839.26033444 2847.09392616 2878.33666021 2929.16125692 2932.19600747
 2934.51282849 2941.74025677 2943.18778242 2965.14139914 2965.88826184
 2966.28875971 2966.33299281 2977.84769831 3010.602191   3010.67409062
 3010.8165232  3021.60553256 3026.33544077 3026.39677377 3029.62218997
 3031.45851355 3037.75994675 3049.18921938 3064.9621356  3075.2650142
 3117.02179241 3118.56118423 3120.67260635 3132.07031248 3143.51978499
 3144.38648039 3145.65677364 3146.32843674 3159.59319962 3162.95764841
 3162.97461499 3162.97671498 3163.00684815 3163.03538133 3163.08941438
 3163.17314727 3163.22021369 3163.27844671 3163.33661307 3163.34807967
 3163.37914618 3163.87931019 3180.99205262 3183.57550557 3183.70837153
 3184.25466863 3205.92958683 3224.39972206 3225.00971882 3230.96255386
 3232.48997908 3255.19365849 3256.41888532 3288.21254977 3296.65617159
 3329.63676308 3344.69881641 3347.68710053 3347.73263363 3367.69059428
 3370.80784439 3371.54774046 3375.20992101 3376.77377937 3381.66595338
 3395.544913   3399.84152351 3401.36551541 3401.65788053 3428.74753664
 3480.44929535 3493.37022672 3493.506626   3545.62124918 3549.65976107
 3581.81352361 3596.13988085 3619.78155527 3619.92238786 3621.19394777
 3627.22451574 3641.03924236 3641.54623967 3644.55115704 3648.0847716
 3659.19294593 3660.15834081 3678.41734382 3749.33266715 3792.12883983
 3829.52914117 3829.84867281 3830.48870274 3832.32019301 3864.80715379
 3884.26751709 3885.70227613 3885.80777557 3912.8309987  3934.49995027
 3934.95678118 3947.63238052 3955.99690276 3982.65719448 3985.61051213
 3986.25977534 3987.64493465 3996.91978539 4001.70875995 4009.87848322
 4010.55647962 4047.00168604 4068.35297263 4069.96026409 4071.232224
 4079.20048168 4085.06611719 4085.58968107 4113.72769828 4140.0872916
 4140.25442405 4175.79046863 4193.39590845 4206.39650606 4208.02623074
 4214.43163005 4228.23519006 4237.52024074 4239.16866532 4245.8879963
 4252.8723592  4260.82818361 4288.19573824 4300.8798042  4326.06050378
 4341.99461915 4349.59507878 4353.25352601 4362.2483449  4363.54143803
 4366.66108813 4373.45808536 4374.74161188 4374.80484487 4375.15520968
 4378.97465606 4381.47340945 4385.37775538 4390.91109266 4390.93839251
 4412.94450896 4419.69727309 4426.01007289 4429.51952092 4436.05258622
 4456.35837836 4469.11387727 4474.6626478  4476.21597288 4479.10929085
 4480.71514898 4490.01449959 4506.01048129 4511.21392032 4515.67509662
 4538.34520954 4541.45189304 4549.04888602 4550.15691347 4553.18959736
 4564.97633475 4570.73943748 4583.5429028  4583.87456771 4590.33223341
 4593.13261853 4601.7860059  4607.94293987 4623.59165675 4623.62735656
 4623.70172283 4637.52171609 4641.31852925 4641.95895919 4642.96785383
 4705.66788745 4709.27996827 4715.83660011 4754.05213046 4759.74506688
 4761.12899287 4765.5717026  4765.95033392 4766.11986636 4771.74933645
 4774.66758762 4777.40957306 4785.98169419 4793.74845294 4793.76795283
 4795.66244277 4796.01954087 4797.28326749 4797.80919803 4801.30084615
 4803.16446959 4818.52545466 4854.11169898 4871.90397114 4872.94329895
 4883.64774209 4889.14801288 4900.11848794 4920.98574377 4921.37724169
 4923.30936476 4935.77479855 4938.65901656 4940.2525081  4976.6317482
 4984.58953926 5005.77316008 5049.68686016 5049.70819338 5055.80136101
 5057.17052041 5081.88352247 5094.61618817 5104.24300371 5115.52251046
 5116.5880048  5153.2999098  5156.02056202 5164.98674773 5170.79971685
 5181.68982567 5183.09791819 5188.33172373 5188.43372318 5188.57705576
 5190.13994746 5196.34981447 5221.20118247 5223.35490436 5226.59778714
 5231.71192664 5239.00278791 5240.22584808 5249.04680123 5255.67649935
 5255.97613109 5258.75724965 5260.44724068 5260.73323916 5272.85810809
 5274.11310142 5282.28329136 5299.66636569 5316.70647518 5320.15205688
 5330.55073498 5333.32955355 5337.1424333  5348.02510883 5360.98287334
 5361.33187148 5384.98384585 5385.39194368 5389.70932075 5390.0712855
 5403.75497948 5412.70583194 5412.76066498 5413.60666048 5415.27738494
 5419.79466095 5420.54082365 5422.84054477 5425.56426364 5425.89519521
 5427.43588703 5427.94015102 5428.0881169  5428.59021423 5428.84211289
 5429.0470118  5429.11231146 5430.704203   5431.19506706 5431.55559848
 5431.97299626 5432.15729528 5433.51172142 5433.8181198  5435.9450085
 5436.38770615 5437.00976951 5438.046564   5438.06689723 5439.54458938
 5443.83523326 5446.04462152 5446.90398362 5446.98544986 5447.84697861
 5450.44379815 5452.88751851 5453.38178255 5453.88407988 5455.44460492
 5468.93046663 5470.39982549 5473.92807341 5474.65133624 5481.19353482
 5481.45910008 5482.99222527 5483.80222097 5483.87535391 5485.84997676
 5490.23918677 5494.88409544 5495.52932534 5496.07632244 5497.39051546
 5498.17191131 5499.3156719  5500.47386575 5502.66238745 5502.68022069
 5504.9880751  5508.03585891 5508.29102422 5517.44917558 5517.93133968
 5518.81003502 5522.26628333 5526.32626176 5529.90514275 5530.09404175
 5531.43396796 5568.3971383  5570.99789115 5571.27668967 5574.26790711
 5574.33497342 5577.51262321 5580.15874249 5582.96526092 5586.25744343
 5590.30178861 5590.50768752 5594.02923548 5595.34179518 5598.35051253
 5598.79627683 5610.85351278 5617.32011177 5619.19256849 5635.57374815
 5643.37530671 5646.68075582 5655.29001009 5655.40330949 5684.87368628
 5717.05521535 5724.72137463 5758.8474267  5764.63646261 5770.8585629
 5771.73739156 5805.62354491 5987.56424517 5988.17834191 6006.39171183
 6019.28054337 6050.78630936 6077.80729917 6088.55560874 6094.30141156
 6168.62438345 6169.18954711 6182.94910736 6199.85028426 6219.95987744
 6258.09447488 6277.36543919 6299.6294876  6371.59810533 6494.23365394
 6495.82101217 6513.95004921 6533.02198124 6533.12654735 6548.25006702
 6566.64236933 6567.52073133 6572.81646987 6572.98173566 6573.87023094
 6574.04459668 6574.14162949 6574.19949585 6578.58237257 6588.41152037
 6593.2254948  6608.83434522 6608.91714478 6631.14432672 6632.77705138
 6633.70964643 6633.84294572 6634.19317719 6647.6908055  6649.18213091
 6712.76925982 6812.92482784 6822.74224236 6842.94280172 6852.47128445
 6865.25434988 6878.05511522 6881.23383167 6916.57927726]"
218,743199_2024-12-05_D-50,CP,True,"[  22.95836024   22.97312682   23.01032663 ... 7023.2258108  7023.28727714
 7023.54730909]"
219,743199_2024-12-05_D-51,CP,True,"[  20.33440751   20.55193968   20.69763891 ... 7023.28314383 7023.32824359
 7023.39900988]"
220,743199_2024-12-05_D-53,CP,True,"[  22.94152699   23.43019106   25.0992822  ... 7023.41180981 7023.49927601
 7023.54164245]"
221,743199_2024-12-05_D-54,CP,True,"[  20.6555058    20.71730547   21.14043656 ... 7022.84817947 7023.06087834
 7023.07911158]"
222,743199_2024-12-05_D-56,CP,True,"[  20.27820781   20.33974081   20.67663902 ... 7023.30184373 7023.31984363
 7023.33477688]"
223,743199_2024-12-05_D-57,CP,True,"[  20.34544078   21.06670362   21.09693679 ... 6828.57411138 6874.3249017
 7015.78015034]"
224,743199_2024-12-05_D-63,CP,True,"[  25.18428175   26.43900841   31.04538395 ... 7022.38208194 7022.45198157
 7023.17294441]"
225,743199_2024-12-05_D-65,CP,True,"[  20.28854108   20.40637379   20.61417269 ... 7021.05772231 7021.19388826
 7023.13974459]"
226,743199_2024-12-05_D-70,CP,True,"[ 122.7961966   330.22372816  368.74129023 ... 7023.16201114 7023.29414377
 7023.39830988]"
227,743199_2024-12-05_D-82,CP,True,"[  20.4549402    20.75607193   20.98043741 ... 7023.31584365 7023.39234325
 7023.51614259]"
228,743199_2024-12-05_D-85,CP,True,"[  31.15621669  486.26653265  540.860676   ... 7014.35832456 7016.13501513
 7018.63753517]"
229,743199_2024-12-05_D-91,CP,True,"[  81.98308005   96.19390457  116.80762841 ... 7008.35932309 7012.48313452
 7015.41505228]"
230,743199_2024-12-05_D-96,CP,True,"[  20.38157392   20.39457385   20.73620537 ... 7021.94691759 7022.81487965
 7023.39230991]"
231,743199_2024-12-05_D-102,CP,True,"[  21.46920148   21.52303453   22.53082917 ... 7023.36837671 7023.3891766
 7023.52554254]"
232,743199_2024-12-05_D-106,CP,True,"[  20.27397449   20.29397439   20.40250714 ... 7021.84058482 7023.13027797
 7023.14837787]"
233,743199_2024-12-05_D-132,CP,True,"[  20.2481413    20.46644014   21.04693706 ... 6950.92132818 6999.69206913
 7019.358798  ]"
234,743199_2024-12-05_D-138,CP,True,"[  24.84888353   25.46648025   25.5497798  ... 7020.07416087 7023.50567598
 7023.52967585]"
235,743199_2024-12-05_D-139,CP,True,"[  25.24098144   63.59461106   82.5772769  ... 7021.49605332 7022.4837814
 7022.70584689]"
236,743199_2024-12-05_D-142,CP,True,"[ 845.68259024  935.52874634  936.71160672 ... 6687.1641625  6687.17086246
 6874.00350341]"
237,743199_2024-12-05_D-144,CP,True,"[  30.72968562   52.49207003   73.94068944 ... 7023.52030923 7023.53317583
 7023.54384244]"
238,743199_2024-12-05_D-149,CP,True,"[  25.81877838   26.37830874   29.61535821 ... 7019.33613146 7019.59459675
 7019.95162819]"
239,743199_2024-12-05_D-151,CP,True,"[  62.82554848  106.04015227  131.85474849 ... 6969.73066161 6970.30612522
 6970.42612458]"
240,743199_2024-12-05_D-153,CP,True,"[  31.94547917   31.96881238   31.976879   ... 7018.78323439 7018.99613326
 7019.12189926]"
241,743199_2024-12-05_D-156,CP,True,"[  22.73249477   26.83430631   54.07589495 ... 7009.9403147  7015.66081765
 7021.0786222 ]"
242,743199_2024-12-05_D-160,CP,True,"[  78.30243294  178.39493462  197.25080113  225.19635269  243.84505364
  291.50490048  379.63259905  403.28054011  417.56979754  532.01508965
  532.39092099  555.74026363  556.01869549  556.07119521  556.09902839
  556.1175283   556.26582751  556.36689364  556.62762559  556.72215842
  558.37988295  609.57981099  611.12650278  707.30732523  708.40048609
  731.1050655   774.23926972  847.87394526  848.12877724  941.07208356
  941.17464968  941.1976829   943.6632698   964.24766046 1006.87546737
 1046.14942543 1066.53298383 1067.7816772  1068.32910762 1082.76283096
 1083.25842832 1085.94674738 1086.04668018 1089.18259686 1095.38096393
 1108.20846246 1108.40032811 1111.39097889 1133.47196161 1136.54944526
 1146.03319489 1175.99343575 1178.1544576  1178.41632288 1196.65545933
 1225.45027305 1242.76478109 1252.28069721 1332.04824018 1335.8920531
 1337.37127857 1365.87249385 1376.25193872 1381.84837566 1403.35559475
 1406.64847726 1432.69273893 1438.41180855 1441.84512365 1442.88865144
 1442.95391776 1446.78306408 1451.0728413  1463.28377644 1473.10139096
 1473.9283199  1478.09056446 1483.60523517 1501.0324426  1517.21582331
 1518.55708285 1534.50113149 1535.27596071 1543.68011607 1546.37210177
 1547.32439671 1548.02545966 1549.64588438 1553.6533631  1554.05149431
 1554.83099017 1557.29474375 1558.38140465 1558.42493775 1558.67163644
 1559.02993454 1561.92568582 1612.69571615 1616.09873141 1629.01929611
 1629.45236048 1645.58724144 1646.05490563 1658.79867127 1661.36579097
 1661.74572228 1666.79036216 1677.614438   1693.95785119 1703.4875339
 1703.77393238 1705.40459038 1707.50141258 1720.08147909 1762.6535863
 1768.35345602 1771.60563875 1795.59161135 1796.01404243 1796.03744231
 1796.48973991 1800.71981744 1824.31002547 1836.69092637 1842.46072906
 1843.20082513 1843.87805487 1843.99075427 1852.53400889 1874.01482812
 1874.21129375 1874.25872683 1875.88921817 1883.17411281 1890.18160892
 1893.89548919 1903.89913606 1914.43671342 1914.64224566 1914.96264396
 1915.51627435 1933.78171066 1934.88723813 1935.68470056 1939.32461456
 1950.08939071 1953.61557198 1958.53371253 1962.64112404 1962.90138933
 1968.5610926  1973.37983367 1994.33115572 2041.53503832 2052.76117869
 2067.61136648 2068.13603036 2070.53651761 2072.62803983 2085.48210489
 2087.04812991 2092.301502   2102.95604541 2103.16794428 2109.36717802
 2117.18090318 2117.83953302 2133.03641897 2133.12181851 2133.23895122
 2143.13723198 2143.51093    2150.38272683 2150.81019123 2163.21822532
 2165.13594847 2166.46597473 2172.74217473 2173.54457047 2173.66630316
 2173.95323496 2178.12077949 2179.02987467 2179.04240793 2179.06524114
 2179.61510489 2180.16640196 2185.63713957 2185.80343869 2185.87253832
 2186.11813702 2186.59713447 2187.82376129 2188.75322302 2190.01654964
 2196.13261716 2199.0366684  2200.0347631  2206.63129472 2206.97289291
 2207.02949261 2207.15972525 2239.99771749 2240.16724993 2241.01164544
 2252.79194954 2252.89758231 2268.46359963 2270.84328699 2273.27867405
 2275.01593149 2275.43652926 2286.78993562 2293.34896745 2293.77366519
 2303.75251219 2312.05423476 2355.7234028  2367.79010538 2368.11450365
 2379.52714303 2383.76352053 2385.21984613 2385.31294564 2387.64309992
 2389.29145784 2391.30938045 2391.39827998 2391.65004531 2391.88147741
 2396.77881807 2397.29054868 2410.21664669 2416.32224759 2416.48894671
 2417.00667729 2417.27230921 2431.98353107 2432.90119286 2472.45648276
 2472.61624858 2472.66454832 2473.01201314 2473.12321255 2479.2456467
 2497.92771413 2499.13464106 2499.44187276 2499.67983816 2500.48210057
 2515.05698982 2535.17611629 2535.18428291 2535.34631538 2563.96133006
 2564.0034965  2675.01044021 2707.86053238 2707.86566569 2716.29402092
 2718.11081127 2718.60440865 2744.41997153 2756.98783811 2757.66243452
 2768.45617719 2775.76420504 2779.82908345 2781.67134033 2786.83327958
 2787.3000771  2787.32864361 2787.46994286 2787.7704746  2788.196439
 2788.60193685 2799.84617712 2808.98256193 2811.75948051 2814.59769877
 2832.86763506 2834.38212702 2840.69759347 2840.73935992 2841.02842505
 2841.09519136 2924.11511706 3020.12690708 3111.58225463 3113.44861139
 3123.71945683 3137.83958183 3142.71908925 3144.86257786 3145.91180562
 3174.09822257 3185.74166073 3186.56585635 3205.90688695 3208.93103755
 3308.60047481 3308.72667414 3308.99047274 3308.99270606 3321.37867361
 3369.69451697 3378.16980529 3378.35090433 3378.41673731 3386.11969639
 3394.1819869  3394.56795152 3394.78091706 3394.81008357 3395.17764828
 3413.72261645 3481.25639106 3481.41549022 3481.66522223 3492.88209598
 3493.1862277  3509.34347521 3520.62531529 3545.33048406 3545.70121542
 3545.91971426 3577.70037879 3597.04134273 3621.2327809  3638.88772045
 3643.51322922 3646.94714431 3660.01627489 3660.32000661 3707.82032098
 3708.17251911 3713.04015992 3749.4666331  3809.79501266 3810.24467694
 3836.06960643 3836.18573915 3836.21247234 3836.9486351  3837.10726759
 3884.97904664 3885.11081261 3885.68604289 3886.4864053  3920.74462334
 3926.02696195 3927.40238797 3939.82882197 3955.80163713 3980.81760425
 3983.90358786 3983.95808757 3984.31975232 4004.79284357 4004.83804333
 4008.99318793 4024.41577267 4067.7507425  4067.81447549 4197.12852196
 4239.83559511 4255.57827816 4260.25471999 4280.8678105  4321.17182975
 4458.36593436 4481.55947783 4519.02301217 4519.58877584 4519.67804203
 4527.02653633 4537.96341157 4552.78406618 4578.48199635 4604.0953603
 4614.4385387  4614.4632719  4614.66847081 4614.68130407 4615.05326876
 4624.98021604 4625.25234792 4626.04401039 4636.82408646 4637.20825109
 4643.29298543 4676.48204248 4709.72766589 4710.04189755 4715.33236945
 4722.42439845 4761.68605657 4761.93395526 4776.69471019 4785.07359901
 4785.39283065 4785.42606381 4791.07096716 4793.08205648 4793.17158933
 4793.85378571 4794.01645151 4794.10945102 4794.20931716 4794.23835033
 4794.24635029 4794.37701626 4794.4449159  4795.32561123 4795.72624243
 4796.95180259 4798.06586334 4798.92742543 4803.12260314 4805.1645923
 4830.39075831 4830.62422373 4830.62905704 4842.49619401 4844.06351902
 4845.62467739 4887.96758581 4898.96812738 4899.11102662 4899.1150266
 4899.23079265 4916.65973341 4935.11736871 4936.18366304 4976.25315021
 4976.66114804 4976.80048063 4990.26300913 5039.16191606 5039.96801178
 5058.51237994 5058.56931298 5061.30136513 5064.38874873 5065.09431165
 5083.94111154 5084.00171122 5155.9675623  5172.64594038 5178.52570915
 5184.02387994 5200.7117913  5210.07997487 5210.35270676 5227.62891499
 5227.65684818 5227.76441427 5282.76485547 5299.39626713 5314.59258641
 5355.17360419 5369.16906319 5386.26580571 5401.34439228 5409.67621469
 5410.3217446  5412.50793299 5412.53626617 5412.57593263 5412.71569855
 5412.98493045 5413.46479457 5413.510461   5414.07462467 5414.20055733
 5416.24191315 5417.82280476 5418.11070323 5418.55730086 5418.57420077
 5418.87346584 5418.98929856 5419.40332969 5419.45002945 5419.55072891
 5420.3932911  5420.92112163 5421.61471795 5422.6209126  5422.74021197
 5422.99934393 5423.37717525 5423.39937514 5423.4696081  5423.59810741
 5425.58486353 5427.7169522  5428.35031551 5428.56411437 5429.24727741
 5429.30744375 5429.52257595 5429.7129416  5429.75204139 5429.81320773
 5429.9330071  5430.10757284 5430.30200514 5430.66423655 5431.85999686
 5432.03119595 5432.1858618  5434.60011564 5435.5235774  5435.68710987
 5435.74307624 5436.36743959 5436.55070528 5436.81053723 5436.83123712
 5436.94820317 5437.34033442 5437.91413137 5438.3166959  5438.32152921
 5438.59576109 5443.34040255 5443.34736918 5443.42020213 5443.52850155
 5444.80806142 5444.97782719 5445.18342609 5445.20355932 5446.68011814
 5448.00191112 5448.01427772 5448.12774379 5448.34670929 5449.50306982
 5449.56443616 5450.42536492 5450.44486481 5450.44876479 5450.84412936
 5451.9029904  5452.73235266 5470.48805835 5470.51289155 5474.83853524
 5476.09926188 5477.17358951 5478.91668025 5479.2458785  5479.74034254
 5482.1455631  5484.22115207 5486.82370492 5487.64776721 5488.04036512
 5488.68319504 5489.23049213 5489.88265534 5491.3324143  5491.5088467
 5491.52354662 5491.6029462  5491.71714559 5492.66304057 5492.74314014
 5492.74630679 5492.76167338 5493.02050533 5495.03792795 5495.0984943
 5495.14042741 5495.30265988 5495.90745667 5496.01888941 5496.26572143
 5496.71338572 5498.53804269 5498.5875091  5498.87120759 5500.27950011
 5500.85106374 5501.19662857 5501.70179256 5502.32888923 5502.33302254
 5503.23151776 5503.83694788 5504.12381302 5506.43086744 5506.54333351
 5508.27259099 5508.33405733 5508.5281563  5511.4386075  5511.45567408
 5511.9221716  5516.46448081 5518.12187201 5519.80646306 5519.86979605
 5519.9484623  5519.96586221 5521.86175214 5521.93311843 5524.21483964
 5524.7881366  5526.20972905 5526.32376177 5527.72562099 5530.73397168
 5530.89020419 5531.01967016 5531.87376563 5532.05919798 5532.25306361
 5532.84786045 5535.60537914 5536.26004233 5538.89982831 5540.05435551
 5540.17725486 5541.2358159  5541.81581282 5542.69987479 5542.98527327
 5543.38747114 5546.71075349 5546.85451939 5547.26771719 5549.36910603
 5550.41383382 5551.9108592  5551.92435913 5551.98819212 5552.73125484
 5553.31625173 5554.15991392 5557.1448314  5559.01482146 5560.07778249
 5560.13204886 5560.3701476  5561.22240974 5561.31934256 5562.53293611
 5563.16926606 5563.37916495 5578.08068686 5579.01871521 5579.14784786
 5579.98477675 5584.23855415 5584.95655034 5585.07268306 5585.16774922
 5595.71665985 5601.6632616  5617.88874208 5626.30436405 5659.67642012
 5791.55705295 5791.82525153 5791.88768453 5812.1646435  5867.69378188
 5895.21273571 5965.19493066 6088.7214412  6253.52549915 6277.11590718
 6280.4634894  6287.14428725 6550.36238913 6567.84279629 6569.41582126
 6572.35740564 6573.9592638  6577.03711412 6577.75527697 6578.03377549
 6578.04870874 6578.06270867 6578.09787515 6578.12350834 6578.16914144
 6578.17510807 6588.38842049 6593.81935831 6593.82932492 6598.55083318
 6598.68916577 6600.42502322 6600.64102207 6601.67088327 6601.74781619
 6601.84588234 6603.02714273 6610.067372   6625.88695464 6626.27528591
 6633.31274853 6633.39764808 6633.47758099 6633.56501386 6634.12064424
 6634.37900954 6642.67213215 6643.69686004 6645.81281547 6646.5347783
 6657.1910217  6666.14850746 6669.246091   6669.7301551  6682.36988796
 6692.44943442 6753.13737874 6819.54082603 6838.25102665 6838.40165918
 6847.0762131  6847.0830464  6857.68465675 6873.40847324 6884.9120788
 6887.02120093 6903.92474448]"
243,743199_2024-12-05_D-162,CP,True,"[  32.37397689   32.39521011   32.40431006 ... 7018.75860119 7021.48892002
 7021.76598522]"
244,743199_2024-12-05_D-163,CP,True,"[  21.06107031   21.97053215   23.48102413 ... 7012.09103661 7019.32979816
 7021.09422212]"
245,743199_2024-12-05_D-167,CP,True,"[  24.84021691   31.19168317   34.41583271 ... 7023.22064416 7023.22494413
 7023.54857575]"
246,743199_2024-12-05_D-170,CP,True,"[  24.84358356   24.89764994   24.95674962 ... 7022.80027972 7023.0237452
 7023.47994278]"
247,743199_2024-12-05_D-173,CP,True,"[  24.98961611   25.0306159    34.48496568 ... 6950.38389771 6997.04788318
 7013.03446493]"
248,743199_2024-12-05_D-180,CP,True,"[  24.93764972   25.04038251   25.09248223 ... 7015.3499193  7018.7185014
 7018.84930071]"
249,743199_2024-12-05_D-182,CP,True,"[ 127.98413571  142.73512403  250.4229187  ... 7018.89070049 7018.89883378
 7019.55899694]"
250,743199_2024-12-05_D-187,CP,True,"[  20.27117451   20.42627369   22.02183188   24.30601974   24.74398408
   27.81243445   30.38275413   35.89832484   37.36881703   38.29431211
   38.96614188   39.21864053   39.30357342   39.31097338   39.48247247
   50.34141479   59.70536505   64.12230826   66.46416248   75.64938036
   75.95997871   80.60198739   83.54110511   83.78990379   84.05116907
   84.19926828   84.44526697   84.59603284   85.05083042   85.0736303
   85.48399479   86.1282247    87.63058339   87.80644912   88.16008058
   91.29549725   91.47749629   92.32639178   96.80283467  103.03766822
  108.37583986  114.60887342  114.751106    122.21979966  122.22549963
  134.13976968  148.04612915  152.28853995  155.16529134  156.86268232
  156.98081503  158.83433851  158.93823796  159.15117016  181.87371614
  182.28571395  189.35294308  190.20410522  190.93210136  192.04376212
  201.57701148  201.85164336  205.41745775  210.63839668  227.68277282
  235.13273325  242.58892697  247.15443606  250.12588694  271.76370534
  277.64707409  278.73480165  284.01230695  309.61123764  319.53271828
  319.7913169   326.31071561  335.6561993   340.92107134  340.96940441
  341.09537041  341.17633665  341.47813505  348.60839717  351.37578247
  358.07058025  358.99230868  365.55707381  367.67412924  368.75282351
  370.0772498   396.27584398  397.11800617  397.40110467  402.78104276
  404.59836644  409.78673888  409.952538    424.41282786  424.42666112
  428.62930547  434.87057231  434.89113887  442.05646748  443.07842872
  449.26626252  454.14370328  455.13829799  455.33936359  456.90462194
  479.72860071  480.22383141  482.60608543  513.88345263  529.43047005
  529.5142696   534.46154332  535.41080495  541.05244165  541.83050418
  566.05780883  566.31667412  566.5087731   608.48628347  617.4915023
  631.21222942  638.26982527  640.41608053  643.52379736  644.29142662
  644.9595564   645.08962238  647.64477547  647.88967417  648.22603905
  649.82763054  654.36240646  656.83442666  658.77524968  671.09335092
  678.23337966  678.27864609  678.58184448  686.78566757  687.01603301
  697.2667119   727.13418659  728.47971277  734.43791446  743.81089801
  756.60483005  758.67748571  782.83502406  783.9814513   788.02899647
  796.93748248  809.86181384  811.71563732  816.9780427   817.10180871
  828.02071738  830.11970623  866.63884559  867.14024293  867.61840705
  869.87006176  869.88639501  892.55094129  917.50474208  926.80225936
  939.90495643  943.59263684  943.96033489  947.61374882  948.85050891
  950.89199807  966.1602503   966.36031591  967.58617606  968.33980539
  971.54985501  975.22390216  982.66746262  982.97632765  983.02316073
  983.3191925   993.70507066 1011.97970693 1013.81246386 1014.0817291
 1020.95025928 1021.66585548 1022.25458569 1023.72537787 1028.49438588
 1028.68191821 1029.0608162  1032.86066268 1033.97612343 1034.17242238
 1034.44728759 1034.49008736 1034.54498707 1034.54962038 1034.57335359
 1034.62238666 1043.21674101 1043.80157124 1046.45365715 1047.74021698
 1051.77762887 1052.27035959 1052.74129042 1054.65288026 1056.08013935
 1056.22097194 1056.51217039 1056.53813692 1056.95490137 1061.15677905
 1069.04630381 1071.89468868 1079.06238394 1080.08951182 1083.95029131
 1091.63691715 1100.62460275 1101.02163397 1115.03489287 1134.9735203
 1135.41155131 1136.06168119 1137.11200894 1150.63607044 1165.85905625
 1170.44033191 1170.66633071 1175.2178732  1181.091942   1181.18044153
 1188.9801001  1191.56628637 1198.61191561 1198.62508221 1198.91874731
 1199.06224655 1199.13644616 1200.21597376 1202.47719508 1202.5115949
 1203.54228942 1204.47285114 1204.64068359 1209.11389316 1209.2449258
 1220.34576683 1220.37620001 1220.38686662 1220.39039993 1220.7037316
 1220.88009733 1221.4118945  1221.58546025 1226.07616973 1226.44190112
 1253.9948881  1257.27580401 1257.70276841 1257.85520093 1258.60229696
 1258.88116215 1263.94546858 1264.91659676 1273.70255009 1274.27441372
 1275.96433808 1277.13029855 1283.90066259 1288.90856932 1289.36830021
 1289.93149722 1289.94576381 1290.10689629 1293.7949767  1294.18984127
 1303.59459131 1304.07945541 1305.86577925 1349.49158086 1352.64586411
 1352.71933038 1353.47479304 1354.68911992 1357.26853955 1369.12327658
 1372.84439015 1374.47631482 1374.74838004 1376.75923602 1385.10662502
 1385.73572168 1386.1584861  1386.33951847 1390.09053188 1393.86574516
 1394.06637743 1394.31527611 1394.54997486 1394.67324087 1394.85270659
 1395.11077188 1395.92656755 1396.18573284 1396.45463141 1399.72071406
 1400.2847444  1400.93620761 1401.26147254 1407.25660737 1410.35062427
 1415.2069318  1416.58229117 1423.48528783 1424.18855076 1424.37834976
 1424.42058287 1424.52798229 1424.6969814  1425.72337595 1439.57536904
 1440.45339771 1440.51946402 1441.79439058 1442.62478617 1452.59456655
 1454.37495709 1454.38472371 1454.79688818 1455.20935266 1456.57351208
 1456.67134489 1457.25847511 1457.61853986 1459.09133204 1459.24009792
 1459.46913003 1459.49162991 1459.68669555 1460.50289121 1464.33030421
 1464.90503449 1465.04376709 1465.27996584 1465.38139863 1477.39576815
 1478.06706458 1478.22993038 1478.34036313 1480.97174915 1486.12312179
 1487.37801513 1487.38268177 1495.31980628 1495.65007119 1495.77460386
 1500.23231352 1504.77525605 1507.38844217 1516.2636617  1516.32726136
 1516.93619146 1518.88311445 1523.46949009 1525.12998127 1531.33298165
 1570.75437226 1634.56036668 1665.53260217 1683.53850653 1689.46777503
 1689.50067486 1697.10113449 1708.41877437 1713.50711401 1721.34240573
 1726.42997871 1727.90847085 1748.06759711 1756.18585399 1756.38078628
 1758.73357379 1799.04365968 1806.37422074 1809.49303751 1813.59378239
 1817.91785942 1818.78088817 1836.47722751 1836.4979274  1847.01737152
 1867.30846375 1891.42560231 1896.55474173 1900.36968814 1904.89316411
 1911.9617599  1936.59552905 1942.30449873 1944.50882035 1947.00904041
 1974.27706224 1983.99957726 1987.59735815 1993.59615962 1997.84693704
 2019.52268857 2021.76780998 2031.49942496 2032.53881944 2054.8682675
 2057.02262272 2057.64878606 2066.53013889 2067.61206648 2074.3668306
 2082.58312029 2100.23392653 2106.24522794 2147.03237796 2161.05420348
 2164.32495277 2171.91547912 2196.50554851 2202.08955218 2209.62644548
 2211.4933689  2216.09331113 2216.45390922 2231.33336352 2238.09616093
 2238.55592515 2242.36883823 2246.05065201 2255.22103663 2272.39097877
 2274.99783159 2277.48921835 2278.89937753 2283.0348889  2300.40816328
 2307.4024928  2327.52901923 2334.52958204 2336.73970364 2338.09309645
 2344.95186002 2346.27921963 2346.3422193  2354.44550959 2360.30277848
 2376.72679124 2403.85571381 2404.84647521 2418.28713716 2422.08998362
 2423.90804063 2452.69605439 2455.25617412 2462.12523764 2499.83593733
 2501.97812595 2510.70091296 2524.63903892 2542.03451319 2557.0752333
 2561.97134063 2568.34297345 2572.93064908 2580.76457414 2587.72727049
 2636.70667699 2638.66576659 2644.49166898 2657.63949914 2666.14955394
 2668.65064065 2676.36506634 2681.46167261 2684.60218926 2698.32211638
 2705.45157851 2710.71081724 2722.87685262 2749.14437977 2777.39589637
 2822.12572545 2829.3516204  2830.56841394 2837.8493086  2847.80588905
 2849.73641213 2856.10234498 2856.69774182 2857.87073559 2861.48318307
 2871.69456216 2874.03078308 2875.51364187 2876.33947082 2883.7928979
 2895.8360006  2909.83175959 2928.94812472 2940.56009637 2942.35938682
 2956.54851145 2956.65654421 2968.05851698 2978.39432874 2999.02888581
 3010.77545675 3047.54569477 3063.3359109  3075.78057813 3085.50332649
 3110.39486094 3133.09870701 3133.22413968 3135.16409604 3144.18224814
 3147.73486261 3148.91545633 3177.77843636 3222.62966479 3227.27654011
 3231.12388634 3231.30745203 3231.84878249 3242.23459399 3242.84729074
 3249.66408786 3255.30812455 3267.68382548 3269.73718124 3271.15897369
 3271.84547004 3283.23674287 3283.50807476 3305.57739087 3316.11506823
 3335.35426604 3352.50487494 3362.51792176 3372.14950393 3376.92654523
 3379.2729661  3384.54823808 3391.46350134 3393.89598842 3395.16471502
 3421.30350951 3434.21240761 3475.87588631 3487.58315746 3490.94140629
 3496.83347499 3497.63913738 3501.43378389 3572.69073873 3575.42812419
 3585.59800351 3612.64812649 3626.38515353 3643.84196081 3653.30761053
 3675.48672605 3690.94494395 3691.25477563 3735.05474298 3735.66657307
 3747.91774133 3752.03731945 3757.1608589  3781.16076475 3786.75310172
 3797.25594593 3801.31892435 3817.28303955 3819.10276322 3837.16193396
 3854.04061098 3871.24261961 3924.3607708  3930.03250734 3934.28545141
 3964.46572444 3979.42974496 4011.78187311 4017.84344092 4032.32849731
 4047.30865108 4052.22452496 4053.30045258 4079.30108114 4118.79087139
 4123.21484789 4137.23710674 4193.79517299 4240.37285893 4287.58657481
 4293.24591142 4301.15306942 4306.93557204 4311.2340492  4331.49550825
 4352.76202862 4361.13135084 4383.86476342 4384.20876159 4385.88458602
 4400.31077606 4414.73036614 4455.17471798 4458.42596738 4482.50380615
 4495.52630365 4531.32778015 4539.09710555 4540.26299936 4544.54390995
 4557.55167419 4557.55460751 4590.76963108 4592.01969111 4619.65674431
 4620.47227331 4706.89004763 4710.898593   4713.63644513 4736.91885479
 4795.0301128  4801.94087609 4808.98570534 4840.05490697 4841.08386818
 4843.98635276 4881.155822   4886.83145852 4906.20482228 4940.83313835
 4960.80183228 5000.18732308 5058.50268    5059.52304124 5101.28825274
 5105.04313279 5108.83211266 5136.18250072 5156.18196116 5226.90998548
 5321.27298426 5336.23970476 5349.09873646 5355.67146821 5364.40532182
 5367.23104015 5372.27921333 5378.51321355 5403.07094978 5405.35577098
 5408.09752308 5412.4426     5419.80496089 5424.94140028 5426.49535869
 5427.54651977 5437.99039763 5447.24948179 5476.01882897 5476.63629236
 5481.67596559 5483.9276203  5485.34017946 5496.27925469 5498.66797534
 5509.77561634 5516.63691323 5520.10346148 5524.40297198 5525.13826807
 5525.61363221 5537.54073553 5540.20225472 5540.34158732 5540.55585285
 5542.38850978 5546.31618891 5546.33572214 5546.34192211 5549.31010635
 5553.86421549 5558.21835903 5559.37711954 5574.41317301 5575.3377681
 5593.49887163 5600.28760224 5641.9151478  5670.96536016 5700.50076994
 5721.1181271  5733.36719537 5744.06793853 5752.03092957 5756.62183852
 5766.49365275 5778.32705656 5781.66800548 5799.6189768  5830.41987986
 5890.4206945  5890.44862768 5890.49266078 5890.59579357 5907.92886817
 5917.2787185  5930.82254656 5932.58693719 5948.52691919 5953.07839501
 5987.76164412 6011.16121983 6018.26851542 6019.13887746 6035.26402514
 6088.55150877 6093.65478166 6096.91679767 6107.13454339 6132.73330742
 6132.96897284 6156.88714579 6158.29547165 6159.40036578 6160.97169076
 6172.18129789 6178.33913185 6181.12528372 6186.19802344 6197.73169551
 6208.40027217 6223.50882526 6224.17438839 6232.32437843 6245.40107564
 6245.40344229 6245.40584228 6253.53089912 6277.11947383 6292.86302354
 6302.36937305 6311.73485663 6317.86755739 6328.79443269 6340.78966897
 6355.4568244  6377.5407071  6378.84033353 6388.65624806 6390.07977383
 6398.48392919 6430.10036125 6443.828855   6445.54404589 6457.79628081
 6458.92930813 6463.7107494  6492.24243118 6501.17418374 6521.7532411
 6522.1291391  6526.18895087 6536.01883199 6539.36211423 6543.76225753
 6552.44554474 6554.905765   6566.45250367 6567.68216381 6567.87666277
 6573.69119855 6583.27864763 6583.55214618 6594.8240863  6601.44268448
 6603.74337226 6617.61426525 6639.81364734 6648.15226971 6651.11195399
 6668.44052861 6676.21298733 6677.10534926 6687.1704958  6687.64425995
 6687.73112615 6687.88742532 6692.46263435 6692.74566618 6694.19745847
 6707.9096523  6708.28851696 6711.72729869 6719.57229036 6722.24997613
 6723.46443635 6742.44526886 6752.58598167 6755.55399923 6764.4020189
 6772.50194255 6773.27050513 6779.21950687 6780.6565659  6781.95759232
 6795.01088965 6803.64257714 6807.86165473 6832.7058561  6836.37970325
 6841.16661116 6842.21567225 6842.63693668 6846.2552508  6856.08083194
 6856.76142833 6856.97569385 6862.89166243 6863.62882518 6864.07408948
 6872.03864718 6873.94630371 6891.42687753 6897.88130991 6898.47330677
 6904.78930655 6906.48386422 6910.21251108 6911.55917059 6911.7770361
 6935.39527732 6937.76159808 6944.38949621 6954.47844262 6960.0934128
 6961.29930639 6961.87387001 6962.00213599 6965.87604875 6966.87174346
 6971.41331934 6976.47129247 6980.49080446 6999.36813752 7004.57187655
 7007.33452854 7008.98698643 7014.77445569 7018.27057045 7019.99982793
 7020.55632498 7021.45012023 7021.51828653]"
251,743199_2024-12-05_D-202,CP,True,"[  20.88393792   21.82026628   22.34703015 ... 7018.62896855 7021.63731923
 7022.81007967]"
252,743199_2024-12-05_D-215,CP,True,"[  21.94119897   30.89738473   30.91255132 ... 6909.86341293 6911.5773705
 6955.64280311]"
253,743199_2024-12-05_D-218,CP,True,"[  24.54145183   30.89718473   30.91245132 ... 6918.02530291 6957.78595839
 7018.669535  ]"
254,743199_2024-12-05_D-225,CP,True,"[  28.95416172   39.57797196   39.60923846 ... 6857.67489014 6865.92604631
 6874.0048034 ]"
255,743199_2024-12-05_D-226,CP,True,"[ 120.06964442  120.15577729  143.99948398  161.40179154  161.42842474
  179.08369762  203.17683632  211.62509144  211.65532462  257.91301225
  257.92321219  257.94347875  257.98131188  258.03167828  258.04331155
  258.05817814  258.13681106  258.22177727  266.61489936  296.42384102
  296.7804058   296.87220531  296.94577159  336.09209699  345.67014611
  383.02758102  388.84958343  392.84549554  395.10268355  525.65735676
  608.27408459  608.31558437  608.3416509   608.92184782  609.70874364
  611.42483452  664.06985489  664.29118705  696.76531456  696.79824772
  696.8265809   696.85554742  696.87531398  697.69520962  697.71977616
  697.76784257  839.25279106  839.34582389  839.37239042  839.38812367
  839.47185656  841.4165129   859.1999851   860.52864471  920.20356108
  920.2492275   920.31579381  920.35672693  920.41202663 1000.42140166
 1003.22435343 1007.83526228 1010.9676123  1014.18172857 1014.19602849
 1014.29509463 1016.0202188  1028.60678528 1035.43454901 1037.38350533
 1049.89117222 1054.01551698 1054.02168362 1054.06021675 1054.1066165
 1059.75228651 1073.77274537 1079.22331642 1079.2519496  1080.77860816
 1083.96199125 1083.97275786 1084.02545758 1084.07275733 1086.15634626
 1086.22717922 1086.24781244 1086.29397887 1086.68211014 1095.42029706
 1099.67460779 1099.7738406  1099.80097379 1099.83020697 1102.67722518
 1103.71518633 1107.32306717 1109.83908714 1109.89285352 1109.89985348
 1109.90332013 1110.76361556 1111.18377999 1111.20071324 1111.46787849
 1119.55190221 1122.57451949 1124.40027646 1124.41264306 1124.41900969
 1124.42517633 1124.47070942 1130.82407567 1139.37349693 1143.17981004
 1174.80957537 1227.60056163 1246.02563043 1246.34059543 1262.08397847
 1344.73587279 1367.036321   1381.05151323 1430.53145041 1430.57875016
 1431.08914744 1431.15971374 1431.25454657 1431.32101288 1431.4041791
 1431.44241223 1431.48334535 1431.49087864 1431.50654523 1431.51014521
 1431.52624512 1431.57424487 1431.60077806 1432.79613838 1432.85663806
 1432.89153787 1433.49576799 1433.63083394 1433.71913347 1434.87132735
 1435.4580909  1435.4771908  1436.11352076 1465.50906462 1465.55383105
 1465.60349745 1465.65196386 1468.25858335 1474.29081797 1476.91397071
 1476.93087062 1477.02910343 1483.73490114 1490.84623004 1490.90219641
 1490.91462967 1497.52682789 1499.56081708 1534.27789934 1534.28666596
 1534.2931326  1534.29639925 1534.29979923 1534.30716586 1534.32283244
 1534.36236556 1534.40433201 1539.34710575 1544.01674762 1544.24087976
 1546.38183505 1547.03416492 1547.09256461 1552.80720092 1552.83266746
 1552.92786695 1552.99829991 1553.01126651 1553.10599934 1553.12709922
 1553.14316581 1553.14899911 1553.15839906 1553.16373236 1553.17046566
 1553.17536564 1553.18886556 1553.1946322  1553.58526346 1554.18479361
 1564.30253987 1570.14667549 1570.16114208 1570.18754194 1570.21317514
 1570.23160837 1570.2632082  1570.35447439 1574.66311817 1576.6086745
 1576.63314104 1576.65447426 1576.70140734 1576.70697398 1576.71337394
 1576.81484007 1576.83930661 1576.84867322 1581.7100474  1581.73184729
 1581.7990136  1581.82764678 1582.98300731 1592.31905772 1604.33656055
 1618.03598779 1622.14093265 1625.22598293 1639.96373798 1642.85202264
 1645.39874245 1645.42367565 1670.30647681 1670.42544285 1670.54967552
 1720.30081126 1779.05876583 1782.59764703 1798.85396068 1799.20522548
 1799.27552511 1950.76842044 1969.49538763 1969.54998734 1969.56298728
 2014.44441555 2014.59091477 2067.06296939 2200.240762   2200.32036158
 2312.06510137 2371.39158625 2379.63340914 2385.15541314 2386.98063678
 2387.44890096 2388.63026135 2388.64889458 2388.66802781 2388.69929431
 2388.99382608 2389.52852324 2389.60655616 2391.77401132 2395.52132475
 2395.55815788 2395.57479113 2395.60025766 2395.67352394 2395.69595715
 2395.70889042 2395.73615694 2395.75869015 2395.98448895 2396.01085548
 2396.02302208 2396.79405132 2396.91418401 2397.05381661 2397.11344962
 2397.17778261 2397.1868159  2397.22778235 2397.38321486 2397.39701478
 2397.419648   2398.82330721 2403.82794729 2403.84091389 2404.11224578
 2404.11817908 2404.70387597 2404.93974139 2404.98314115 2460.26528085
 2520.91189205 2548.28937997 2549.67150596 2549.80270526 2549.81010522
 2549.83367176 2549.83810507 2549.85163833 2571.05565904 2571.22755813
 2582.59406442 2582.62643091 2600.62193533 2600.72673477 2601.00073332
 2606.66800321 2676.4675658  2745.16040093 2869.38034112 2951.59850441
 3094.35951278 3094.49274541 3331.01198911 3331.0200224  3402.04997845
 3402.23717745 3412.99272032 3441.1997705  3446.81180735 3468.23739355
 3468.24686017 3468.66452461 3472.51910414 3472.52540411 3472.62473691
 3481.35519054 3532.5469853  3532.59398505 3532.61701826 3533.44754718
 3533.52371344 3533.53188006 3533.54671332 3533.58401312 3533.60744633
 3554.22087017 3554.55116842 3554.7171342  3554.87336671 3554.89499992
 3556.18419308 3569.64212159 3569.99651971 3570.01645294 3570.04435279
 3570.09065254 3596.37254628 3596.66337807 3596.738111   3596.74547763
 3596.75337759 3596.77841079 3598.66930075 3598.69203396 3598.71233385
 3598.72710044 3598.73883371 3598.74460035 3626.11682162 3626.16668802
 3626.18678792 3626.19175456 3626.19828785 3626.20772114 3632.822786
 3632.90958554 3632.94838533 3632.97751851 3639.35671796 3678.98537414
 3689.04692069 3689.1083537  3689.2770528  3710.08554228 3710.32984098
 3710.97330423 3875.93126137 3896.52821863 3905.94156863 3912.97356461
 3912.99839781 3913.04536423 3913.24942981 3962.17813659 3968.61600239
 3968.69746863 3983.70552225 3983.72932212 4178.64025349 4320.75656529
 4320.77066522 4326.79826653 4326.89136604 4331.80103996 4400.75027373
 4400.78460688 4457.43880595 4457.60360508 4499.7964143  4532.61860663
 4571.51076671 4733.98083707 4734.62216699 4771.73740318 4774.02359104
 4774.92501959 4787.79565122 4792.41716001 4794.15975075 4813.21924952
 4830.95015534 4835.76076312 4837.72811933 4843.58018825 4855.77809013
 4867.94999214 4869.13545251 4869.3821512  4915.52270612 4915.54683932
 4921.64544026 4921.7020733  4921.7517397  4922.73296782 4922.80990074
 4922.84390056 4932.70421486 4935.05893568 4954.07986798 4975.72678634
 4975.73891961 4975.76048616 4990.06154353 4990.07604345 5001.70418169
 5007.26838547 5014.9624446  5067.79286398 5067.83069712 5067.84956368
 5073.27116822 5073.27796818 5073.30146806 5073.35156779 5100.59365642
 5100.7427223  5113.81321954 5113.94605217 5113.99331858 5126.15915396
 5164.75594895 5165.29337943 5165.30594603 5165.31267933 5165.33487921
 5173.7589678  5182.72365351 5182.80991972 5185.76797068 5192.31873588
 5250.15569534 5250.17772856 5250.26102811 5250.2699614  5309.94854441
 5329.82890548 5329.85100536 5329.93037161 5329.95100483 5329.99133795
 5347.59311112 5385.32791069 5385.46520996 5412.61559908 5414.60365519
 5429.44434303 5430.84516892 5435.53961065 5435.7939093  5440.9019155
 5446.94821672 5447.68421281 5450.43413154 5484.42211767 5487.09313682
 5487.13260328 5487.15496982 5488.64769523 5488.6525952  5488.9989267
 5495.10602759 5495.38849276 5508.43725678 5511.41957427 5511.48664058
 5511.52157373 5519.91329582 5519.94106234 5519.95116229 5523.1191788
 5524.86173621 5524.94183578 5524.9945355  5528.45868377 5529.0229141
 5529.07284717 5536.27660891 5536.28497553 5536.31364204 5536.35114185
 5536.38020836 5536.40130825 5541.21688267 5546.76488653 5560.42528064
 5563.34239848 5570.94312477 5610.29591575 5611.19434431 5631.70490203
 5636.59690938 5641.54791641 5641.59041619 5741.10452094 5741.12188751
 5741.14178741 5741.14538739 5741.16092064 5741.23822023 5741.28375332
 5760.67061701 5775.671204   5805.28071339 5805.29068001 5808.68122866
 5815.32196006 5815.35415989 5815.38389306 5821.79035903 5822.28155642
 5822.50992188 5825.65393851 5830.27834728 5830.52077933 5830.52907928
 5830.53584591 5830.54131255 5830.57487904 5833.31069784 5833.52483004
 5839.50906492 5839.52666483 5845.28426758 5850.2500412  5863.55193721
 5864.98312961 5868.63971019 5871.61662771 5873.30451874 5876.58080134
 5876.79606686 5876.80946679 5876.82513338 5877.67846218 5877.836428
 5879.21158737 5879.87885049 5879.90125037 5879.99364988 5883.80732962
 5884.72029144 5889.00753533 5889.2144009  5890.42229449 5895.50723414
 5895.9493318  5905.18921605 5905.21904923 5912.83084213 5922.64419
 5924.48368023 5924.52198003 5929.93438461 5929.94171791 5929.96105114
 5949.84011222 5949.84667885 5949.89727858 5949.93494504 5949.95654493
 5982.91273655 5996.256699   6001.99003521 6013.54017386 6013.60210687
 6013.61194015 6016.01592738 6016.02929398 6031.39461236 6041.58692489
 6044.76757466 6048.01709074 6051.05007463 6051.12644089 6054.93658732
 6057.48327379 6060.12272644 6064.46747002 6067.52842043 6067.57625351
 6087.9734785  6088.02291157 6088.05261142 6088.05837805 6088.21571055
 6088.23481045 6088.34844318 6088.35567647 6090.62113111 6094.16071231
 6094.50451048 6094.5189104  6094.53351033 6094.5638435  6096.12896852
 6097.57966081 6097.60002737 6099.46095082 6099.53198378 6102.59466751
 6108.94233379 6115.43049933 6115.44669924 6132.57284161 6132.59024152
 6132.79237378 6132.98947273 6149.27925287 6149.28565284 6176.96597248
 6177.13287159 6181.87327974 6183.04317353 6183.06347342 6196.48986877
 6196.54190183 6198.62369077 6198.65112396 6198.66482389 6211.81252072
 6211.82978729 6218.14055377 6223.98782271 6225.28784914 6225.30364906
 6225.32434895 6225.33451556 6225.34331551 6228.13420069 6229.50799339
 6229.82052507 6229.86162485 6229.88015808 6242.8286893  6245.72400726
 6247.83272939 6256.24445138 6256.28411783 6262.60518426 6267.53359141
 6267.55075799 6267.64545749 6267.67312401 6268.36642032 6268.40328679
 6271.24080506 6271.30230473 6294.97434566 6295.68077524 6295.87030757
 6295.88297417 6295.92314062 6296.00507352 6298.60975968 6298.61389299
 6298.62319294 6298.63875953 6298.67132602 6298.71849244 6302.09384118
 6310.67496226 6312.49131928 6312.77408445 6312.795351   6312.80475095
 6312.82401752 6313.99951127 6325.53851665 6332.7894448  6332.92514408
 6333.04044347 6333.06890998 6333.11490974 6342.70842545 6342.81575821
 6343.40212176 6343.46352144 6358.9022061  6412.0566571  6412.12649006
 6412.25022273 6412.50712137 6418.18902452 6421.19427523 6425.68611803
 6439.48567807 6440.56810565 6440.6793384  6441.54006716 6445.06124845
 6445.11501484 6445.13314807 6448.63302948 6510.51593412 6539.5627465
 6539.61541289 6539.6440794  6539.68191253 6549.23762844 6549.27129493
 6550.42385547 6578.04740875 6578.09990847 6579.8136327  6683.07985086
 6744.08926013 6774.14213383 6868.43593298 6903.21668157 6910.4355099
 6910.45807644 6910.49034294 6910.50897617 6910.51467614 6910.57740914
 6910.59987569 6914.10869039 6921.67168355 6942.78807138 6943.98969834
 6985.17777956 6985.21897934 6985.36287858 6985.38901177 6985.4150783
 6996.49751943 6996.51121936 7005.35443906 7005.48097172 7005.76953685
 7014.07889271]"
256,743199_2024-12-05_D-230,CP,True,"[  22.45289625   24.68781772   25.40158059 ... 7018.21603741 7018.53143573
 7019.32686484]"
257,743199_2024-12-05_D-236,CP,True,"[  24.84308356   24.99961606   25.39524729 ... 6995.88385603 6997.91117859
 7010.15151358]"
258,743199_2024-12-05_D-242,CP,True,"[  25.52394661   31.35871562   34.24826693 ... 6874.16540255 6899.46093486
 6961.39653921]"
259,743199_2024-12-05_D-243,CP,True,"[  34.1050677    78.34629937  228.81893345 ... 6989.01232586 7000.36216557
 7005.99493565]"
260,743199_2024-12-05_D-247,CP,True,"[  33.06017325   33.12873955   34.25430024 ... 5929.925018   5931.05434533
 6048.00055749]"
261,743199_2024-12-05_D-249,CP,True,"[  51.1929436    52.84070151   53.10200012 ... 7022.16324977 7022.91247913
 7023.21051088]"
262,743199_2024-12-05_D-250,CP,True,"[  35.33782781   37.30135072   38.02591354 ... 7013.60192858 7015.24378653
 7015.31541948]"
263,743199_2024-12-05_D-251,CP,True,"[ 217.72162573  232.57768015  253.82180064 ... 7011.0621754  7011.138975
 7013.95266005]"
264,743199_2024-12-05_D-253,CP,True,"[ 176.75657665  215.34907166  422.37073871  534.28677759  535.18373949
  808.94931868  835.999475    849.09257212  877.5815208   912.9752328
  937.58333543  937.99283325 1080.93444067 1087.4551727  1136.43061256
 1144.78773484 1196.49599351 1202.26896285 1236.30744872 1250.02930917
 1253.80078913 1255.35251422 1290.32599513 1304.50238649 1346.33086432
 1359.57606063 1368.26358115 1378.33066101 1383.59213306 1425.81690878
 1475.6795106  1534.03613396 1536.32785512 1550.24678119 1568.06468655
 1592.07285903 1593.98974884 1594.3880134  1602.46740381 1602.67993602
 1603.53936479 1608.18227346 1613.69874416 1620.36617541 1620.80257309
 1631.76711485 1636.11715841 1638.14154766 1647.36596533 1659.89856543
 1696.34993848 1701.30171218 1701.55761082 1708.79763903 1714.01611131
 1717.70795837 1718.06325648 1770.25404593 1780.47879162 1787.99905167
 1804.46856419 1818.25699096 1818.67065542 1826.81167885 1828.42110363
 1836.08389627 1837.51368867 1856.33228871 1870.87471147 1881.34388919
 1881.61112111 1919.30492089 1930.87659276 1936.02789873 1940.04134408
 1968.11902828 1977.05428082 1978.80700484 1979.32256877 1979.74093321
 1991.6922364  1999.5298281  2002.28688012 2012.58335877 2021.48681148
 2022.75600473 2026.70878374 2029.38756951 2038.16072291 2040.33247804
 2045.21818542 2045.82694886 2060.36663829 2062.48912702 2063.39445554
 2067.08466928 2067.57293335 2068.12949706 2068.86792647 2072.58987337
 2077.07474955 2085.21487298 2091.60457237 2091.98023704 2093.72406111
 2105.09443405 2110.05060772 2117.22306963 2120.95471647 2127.51884827
 2130.52869895 2133.82074813 2149.13043348 2150.85672431 2158.86134846
 2170.13765523 2174.31249972 2184.17681399 2185.54834004 2188.56909066
 2191.88547305 2192.05360549 2192.10190523 2192.66813556 2200.26469521
 2208.60711756 2214.83875113 2215.84061247 2224.63043245 2230.78506643
 2242.29127198 2245.40118879 2245.56158794 2247.181846   2247.95244191
 2251.73582181 2270.20509038 2274.31126857 2301.40395799 2315.81404812
 2318.23473526 2327.59798553 2335.4851103  2343.97826519 2357.53839316
 2366.70631113 2368.70846717 2372.83777857 2373.43907537 2388.46662888
 2394.73966223 2394.77239539 2398.89080685 2403.22015052 2403.45504927
 2403.66074818 2405.48027185 2406.29353419 2421.77805195 2424.32697174
 2432.60866108 2443.45113683 2447.67661438 2452.91618655 2454.83060972
 2458.61525628 2473.05114627 2477.43572298 2478.99054806 2503.91671566
 2506.91106642 2511.04694445 2514.81062446 2521.20749048 2528.94914936
 2530.34840859 2553.73331772 2558.01859495 2560.68198081 2566.7018155
 2570.57042828 2571.00455931 2582.10953366 2582.9550625  2587.00770764
 2589.72019323 2619.43486873 2620.33513062 2627.70799146 2639.25163014
 2641.74131692 2642.58111246 2649.81137405 2651.38549903 2657.63136585
 2670.39423139 2673.21351642 2686.69197816 2691.29862036 2694.49827003
 2719.08980607 2720.92956297 2737.03627741 2737.12561027 2740.14896088
 2742.33081596 2748.44605014 2749.77390976 2754.25465262 2755.93854368
 2781.69754019 2781.84157276 2786.39591523 2811.06408421 2812.58470946
 2819.43647307 2821.82836036 2832.36940437 2832.80290207 2836.95658001
 2838.56600479 2840.99559189 2841.10202466 2843.66891102 2853.13466074
 2864.51010032 2876.18413831 2876.64296921 2877.498698   2879.27818855
 2887.83377643 2888.20127448 2900.15437766 2906.12041264 2911.66058321
 2912.20934696 2926.03724018 2933.73896594 2948.42518793 2950.33541112
 2956.23604644 2958.64836696 2960.87595513 2962.53374632 2965.17769895
 3016.32486061 3018.81921402 3019.21707858 3039.84453568 3041.93889122
 3050.07931465 3054.25892578 3054.97632197 3063.66444249 3069.07521375
 3076.0132769  3093.29471844 3104.06672789 3104.89369016 3114.98646989
 3117.02559239 3117.40022373 3119.0511483  3119.66691169 3124.189521
 3133.11240694 3135.91979203 3137.82514858 3139.86750439 3141.90189359
 3145.87343916 3149.94055089 3152.44007095 3159.13480205 3159.69226576
 3164.08584242 3164.30034128 3173.72392456 3180.50308855 3191.44616376
 3195.42127598 3199.32378858 3225.53254937 3230.99728701 3232.61514509
 3234.89813296 3240.59196938 3244.03451776 3250.48758349 3253.47723427
 3276.37177933 3283.07841038 3294.86741443 3297.59139996 3302.18910887
 3304.09599874 3304.82026156 3316.72496499 3320.37934558 3321.13957488
 3322.5105676  3329.13966572 3332.51711444 3335.17676698 3338.27861718
 3338.75984795 3350.51168553 3362.6849542  3364.56467755 3372.96826625
 3379.69819717 3387.53795553 3389.46764528 3394.88488317 3399.64409123
 3399.74785734 3401.57114766 3412.14572482 3422.92613423 3426.84344675
 3447.78760217 3452.48564388 3481.82075473 3487.543491   3494.18378907
 3503.41230671 3503.52807277 3519.54685435 3527.48491218 3532.37861952
 3559.28974325 3562.17716124 3564.75971419 3564.82974715 3565.862175
 3579.35250335 3609.72697534 3619.3423576  3620.15208664 3639.46541738
 3650.70452435 3661.27256822 3677.36354942 3678.58760958 3691.93567202
 3708.04698644 3709.08408093 3713.25819209 3782.50749093 3789.80238552
 3791.65584234 3796.22265142 3810.06831121 3816.54187682 3817.07510732
 3827.41608573 3847.33824658 3849.75850039 3875.53829679 3878.92551213
 3883.72331998 3889.56018898 3894.826461   3906.52269888 3907.43612736
 3908.87231973 3916.50617918 3933.29509001 3942.86963915 3954.09807951
 3954.21704554 3991.27671536 3991.60644695 3993.24160493 3996.03495676
 4009.35431934 4011.34867542 4015.45705359 4015.66771914 4015.86871807
 4063.90186294 4071.45025618 4076.06833165 4077.81365571 4078.64041799
 4081.99153352 4084.66058601 4086.5522093  4090.69282064 4091.25365099
 4102.35962533 4120.18279733 4132.35236602 4132.38556585 4144.45133509
 4146.05295992 4147.13982081 4153.12582235 4168.80030576 4170.35099752
 4179.32374986 4181.78100348 4208.13353017 4226.95836351 4227.43446098
 4229.74778203 4238.45000247 4253.28885699 4253.88542048 4253.89392044
 4255.13784717 4258.19496426 4258.41516309 4265.27982663 4266.89181807
 4269.78250271 4270.79583066 4274.45194458 4286.53711372 4288.91166777
 4289.38076528 4306.02594353 4310.23452118 4313.70873606 4317.03298507
 4321.50939463 4325.36927412 4330.28134803 4335.68635266 4341.92001955
 4344.15864099 4351.18013703 4352.66129582 4368.43071206 4383.11016743
 4384.05766239 4386.04768516 4395.98809902 4400.91587285 4405.85797993
 4407.16710631 4413.25807396 4415.44566234 4416.12869204 4417.59631758
 4418.11774814 4428.74322504 4445.08557157 4445.61086878 4448.26312136
 4465.05006552 4467.52415238 4478.53766055 4490.48199711 4508.44583502
 4512.89814471 4513.90263937 4514.41483665 4518.36241568 4527.36780118
 4527.37730113 4532.36254132 4533.50793524 4533.78276711 4539.18603841
 4553.23073048 4566.44262697 4586.09792256 4595.47767274 4608.105239
 4610.06179528 4614.98070248 4620.15587499 4647.5279296  4663.42511183
 4679.17996148 4691.69722833 4693.8493169  4710.22656324 4711.34722395
 4711.49348984 4711.91758759 4712.07628675 4714.32010816 4719.1511825
 4720.70304093 4748.4587935  4753.15090191 4755.62818875 4760.55836256
 4781.78234983 4782.74851136 4785.22836486 4785.43019712 4788.71087969
 4803.65160033 4804.69536146 4808.42920829 4837.73495263 4870.04328102
 4884.10303967 4884.1931392  4894.31638542 4895.31754677 4922.6615682
 4929.78489703 4979.24186767 4987.01909302 5012.42199143 5028.45770625
 5049.85085928 5049.88782575 5053.11030864 5055.12366461 5071.56254396
 5072.64630487 5089.85448013 5094.6247548  5095.09958561 5104.15820416
 5107.04455549 5108.07428336 5132.16512206 5132.1704887  5134.13337827
 5149.63106262 5170.19258674 5174.56703017 5177.0400837  5182.05812372
 5182.19678965 5185.02614128 5189.11901954 5202.34524929 5208.84164812
 5215.37064677 5230.98923048 5244.43049242 5264.40371966 5273.2759392
 5276.52295529 5278.78134329 5281.59522835 5288.57145796 5316.49200965
 5323.203774   5330.8732666  5332.76122324 5346.30078465 5346.85694837
 5348.02794215 5353.40901356 5354.82630604 5375.54949596 5399.57716834
 5406.47946501 5409.57648189 5415.70751599 5420.87255522 5423.52857445
 5429.38837666 5432.84132498 5434.72844829 5435.23104562 5437.88143155
 5442.56753999 5444.34053057 5444.67142881 5445.04806015 5447.01841635
 5447.23448187 5448.82314009 5449.89086776 5454.45027687 5470.77859014
 5471.57461925 5472.47754778 5478.00848507 5478.16155093 5480.29787291
 5482.57996079 5491.33764761 5494.58319703 5494.90699531 5496.38168748
 5498.3354771  5503.22371781 5503.25905095 5507.54619485 5512.15263705
 5512.43346889 5516.993078   5517.00134462 5517.25537661 5517.30750966
 5518.35213745 5523.87444145 5524.03220728 5525.36140022 5527.57655512
 5528.31381787 5531.71986645 5535.78984483 5538.23159852 5540.29112092
 5541.97507864 5542.86427392 5543.12070589 5543.41137101 5550.30490106
 5556.32980239 5558.73072297 5559.67468463 5566.58404793 5566.60781447
 5566.63028101 5566.68381406 5566.71718055 5573.81134287 5573.88940912
 5594.87339766 5599.54683951 5610.84304617 5611.00537864 5619.56349985
 5632.0307003  5640.88835325 5642.11788005 5656.71323586 5658.37246038
 5681.22343901 5682.8684636  5716.9445826  5723.13561638 5733.19479629
 5746.97395643 5747.67438604 5770.61199754 5777.33732848 5783.49589577
 5787.2240093  5791.99171731 5807.94209926 5829.87121611 5839.92709603
 5861.458515   5886.64651454 5900.94267194 5923.44911906 5950.44567567
 5963.06857528 5978.85835808 5996.66973014 6004.17535694 6028.50536104
 6042.12822202 6043.58591427 6049.27345073 6049.32568379 6054.42305671
 6069.05054568 6077.80636584 6079.73642226 6082.48357433 6082.51267418
 6084.89712818 6133.6725691  6142.03002471 6142.24079026 6169.13941405
 6209.69033199 6218.90371638 6223.09439413 6223.4447256  6239.79843873
 6273.07972862 6324.65418801 6344.10151805 6372.6327665  6390.75970355
 6411.58872625 6415.24730681 6423.22733109 6435.84493074 6440.81077103
 6441.98083148 6469.26505323 6483.85800905 6521.57714203 6534.73053883
 6553.80177087 6554.85573193 6566.7362355  6567.73493019 6572.08714041
 6572.57920446 6573.54729932 6576.59238314 6576.59861644 6577.58517787
 6577.77234354 6577.78377682 6578.06904197 6579.84696586 6583.4354468
 6585.10617126 6591.65996978 6593.77062523 6597.97316958 6601.61651689
 6633.06914983 6633.32808179 6633.49321424 6641.61553777 6641.70720395
 6647.96117073 6652.20708151 6660.1339394  6670.50138434 6677.03794962
 6699.98272774 6752.18365047 6767.29310355 6836.06683825 6858.48085253
 6863.28136036 6863.89729042 6869.65952648 6872.25114605 6881.90919475
 6885.12164435 6895.05469159 6896.22188539 6898.75807192 6919.1896634
 6925.25513118 6939.64592141 6974.28467075 6984.86044791 7005.72373709]"
265,743199_2024-12-05_D-258,CP,True,"[  24.93911638   31.12238354   32.75020823 ... 7023.41224314 7023.50884263
 7023.54154245]"
266,743199_2024-12-05_D-261,CP,True,"[  45.05100955  101.39264362  106.03835228 ... 7002.1268562  7018.93950023
 7022.38641525]"
267,743199_2024-12-05_D-262,CP,True,"[  31.07221714   31.71888037   77.71863604 ... 7002.91055204 7015.43911882
 7018.52276911]"
268,743199_2024-12-05_E-0,ORBl,True,"[  20.52696489   22.22765017   24.61899613 ... 7016.47960572 7017.20389945
 7017.25969897]"
269,743199_2024-12-05_E-2,ORBl,True,"[  20.27916703   25.0661256    25.20595772 ... 7023.08778186 7023.09621512
 7023.23484725]"
270,743199_2024-12-05_E-3,ORBl,True,"[  20.29316691   20.48986521   21.69368812 ... 7022.80325099 7022.99334934
 7023.52111144]"
271,743199_2024-12-05_E-4,ORBl,True,"[  21.33785787   23.51473903   23.58603841 ... 7022.80781761 7022.84865059
 7022.88811692]"
272,743199_2024-12-05_E-6,ORBl,True,"[  20.45469885   22.46298146   22.52524759 ... 7022.96028296 7023.11931492
 7023.13941474]"
273,743199_2024-12-05_E-8,ORBl,True,"[  20.59426431   20.97539434   21.25229194 ... 7023.25378042 7023.37067941
 7023.46607858]"
274,743199_2024-12-05_E-11,ORBl,True,"[  20.48269861   21.10502655   21.35285774 ... 7016.15320855 7020.56820367
 7022.3467216 ]"
275,743199_2024-12-05_E-13,ORBl,True,"[  24.3066655    25.23202416   25.33342328 ... 7019.62287852 7019.72941093
 7019.85680982]"
276,743199_2024-12-05_E-14,ORBvl,True,"[  23.6413046    23.90383566   25.76458622 ... 7019.89230952 7021.80605962
 7022.95748298]"
277,743199_2024-12-05_E-15,ORBl,True,"[  24.16316675   24.87742723   24.8850605  ... 7023.38181264 7023.50467825
 7023.55917777]"
278,743199_2024-12-05_E-16,ORBvl,True,"[  23.42630646   25.37618958   25.54342147 ... 7023.34307965 7023.35421288
 7023.37691269]"
279,743199_2024-12-05_E-17,ORBvl,True,"[  21.69725476   34.04328122   45.82874587 ... 6807.97094397 6822.9129813
 7000.83987444]"
280,743199_2024-12-05_E-18,ORBvl,True,"[  22.44284831   22.47298138   24.88522716 ... 7023.32297982 7023.3715794
 7023.41971232]"
281,743199_2024-12-05_E-22,ORBvl,True,"[  25.46788879   25.8241857    26.06161698 ... 7019.42774687 7020.34717225
 7023.40701243]"
282,743199_2024-12-05_E-23,ORBvl,True,"[  20.46566542   20.48886522   20.77949604 ... 7023.0635154  7023.41267904
 7023.41501236]"
283,743199_2024-12-05_E-24,ORBvl,True,"[  25.51438838   25.82058573   25.86411869 ... 7019.99190865 7022.99488266
 7023.38017932]"
284,743199_2024-12-05_E-25,ORBvl,True,"[  22.55661399   24.34229853   24.85552742 ... 7022.45608732 7022.57181966
 7023.52901137]"
285,743199_2024-12-05_E-26,ORBvl,True,"[  20.27133377   23.25207463   23.30574084 ... 7022.73035162 7022.73891821
 7022.7547514 ]"
286,743199_2024-12-05_E-27,ORBvl,True,"[  20.93956132   21.51452301   22.0467184  ... 7023.18181437 7023.28431349
 7023.29314674]"
287,743199_2024-12-05_E-28,ORBvl,True,"[  20.74622966   25.8091525    26.91124296 ... 7020.01087516 7020.95906695
 7022.92328328]"
288,743199_2024-12-05_E-33,ORBvl,True,"[  21.64915518   26.10124997   35.19130462 ... 6830.61731461 6861.07178432
 6877.13481194]"
289,743199_2024-12-05_E-37,ILA,True,"[  20.82259566   20.83002893   21.23939206 ... 7022.83081741 7022.83525071
 7022.83955067]"
290,743199_2024-12-05_E-40,ILA,True,"[  24.96422648   24.99885951   25.08332545 ... 7022.46488725 7022.72368501
 7022.87121706]"
291,743199_2024-12-05_E-41,ILA,True,"[  21.65532179   21.80112053   21.81062044 ... 7023.25048045 7023.42014564
 7023.42757891]"
292,743199_2024-12-05_E-43,ILA,True,"[  39.8137646    44.71278886   49.13758389 ... 7016.10227566 7021.25876435
 7021.51992876]"
293,743199_2024-12-05_E-44,ILA,True,"[  30.68311031   30.72577661   30.96050791 ... 6979.02636326 6987.7447878
 7001.35247   ]"
294,743199_2024-12-05_E-45,ILA,True,"[  20.24850063   20.41893249   20.48083196 ... 7023.46624525 7023.50734489
 7023.55757779]"
295,743199_2024-12-05_E-46,ILA,True,"[  20.62876401   20.89542837   21.16829267 ... 7022.41162104 7022.65691892
 7022.90811674]"
296,743199_2024-12-05_E-52,ILA,True,"[  20.2483673    20.47713199   23.66810437 ... 7022.74458483 7022.90685009
 7022.9631496 ]"
297,743199_2024-12-05_E-55,ILA,True,"[  20.38246614   21.26625849   21.42742376 ... 7020.74820211 7021.492629
 7023.53371133]"
298,743199_2024-12-05_E-56,ILA,True,"[  29.71325204   38.7441072    39.70499888 ... 7019.38181394 7019.57584559
 7020.37853864]"
299,743199_2024-12-05_E-60,ILA,True,"[  20.75079629   22.4509149    23.24727468 ... 7022.89361687 7022.96311627
 7023.06894869]"
300,743199_2024-12-05_E-61,ILA,True,"[  20.47423201   21.09192667   22.30304952 ... 7023.23158061 7023.38717926
 7023.46424526]"
301,743199_2024-12-05_E-62,ILA,True,"[  20.47083204   20.66699701   20.95756116 ... 7023.23441392 7023.36531279
 7023.50321159]"
302,743199_2024-12-05_E-63,ILA,True,"[  20.61656411   21.74748766   22.49881449 ... 7019.38404725 7019.52994599
 7019.59424543]"
303,743199_2024-12-05_E-64,ILA,True,"[  20.30150017   20.3827328    20.4250991  ... 7023.37384605 7023.38041266
 7023.50721156]"
304,743199_2024-12-05_E-65,ILA,True,"[  20.28230034   20.46956539   20.72259653 ... 7020.58080356 7022.84448396
 7023.54621122]"
305,743199_2024-12-05_E-67,ILA,True,"[  20.25476725   20.33246657   20.50516508 ... 7023.0209491  7023.42367895
 7023.49854497]"
306,743199_2024-12-05_E-69,ILA,True,"[  23.1016426    24.64239593   24.92529348 ... 7023.12368154 7023.13751476
 7023.35094624]"
307,743199_2024-12-05_E-73,ILA,True,"[  21.13322631   21.82485365   22.52218095 ... 7023.07761528 7023.24638048
 7023.26024703]"
308,743199_2024-12-05_E-84,ILA,True,"[  20.23770073   20.49466517   21.05252701 ... 7023.32897977 7023.35787952
 7023.45844531]"
309,743199_2024-12-05_E-89,PL,True,"[  30.73947649   34.31587886   37.91254773 ... 7021.35863016 7021.62776116
 7022.29768869]"
310,743199_2024-12-05_E-90,PL,True,"[  20.6566971    22.51938098   24.9689931  ... 7002.74209131 7008.6116405
 7010.17172699]"
311,743199_2024-12-05_E-92,PL,True,"[ 292.89917382  398.22619541  406.06522755 ... 5457.33800214 5474.43828745
 5509.73801522]"
312,743199_2024-12-05_E-93,PL,True,"[  20.30766679   20.76612949   20.95436119 ... 7022.99324934 7023.19018097
 7023.42994556]"
313,743199_2024-12-05_E-95,ILA,True,"[  20.3527664    21.68522153   21.99388552 ... 7017.89669346 7018.2886234
 7020.18210701]"
314,743199_2024-12-05_E-96,ILA,True,"[  20.66946366   21.20622568   22.49091456 ... 7014.02402698 7020.62846981
 7022.88238363]"
315,743199_2024-12-05_E-103,MOs,True,"[  21.40892392   22.97427704   23.33950721 ... 6897.46753593 7012.60777257
 7016.40987299]"
316,743199_2024-12-05_E-105,PL,True,"[  20.28776696   20.40826592   20.48706524 ... 7023.14418137 7023.27944686
 7023.47564516]"
317,743199_2024-12-05_E-117,PL,True,"[  22.7440457    23.25004132   23.33420726 ... 7017.89819344 7020.93980045
 7022.49365367]"
318,743199_2024-12-05_E-120,PL,True,"[  20.59963093   21.43589036   22.49448119 ... 7023.35087958 7023.37294605
 7023.50871155]"
319,743199_2024-12-05_E-123,PL,True,"[  20.65609711   24.35196511   25.2924903  ... 7020.28417279 7022.37218805
 7022.48682039]"
320,743199_2024-12-05_E-125,PL,True,"[  25.37735624   27.91886757   31.51946974 ... 7022.92028331 7022.93531651
 7023.12711485]"
321,743199_2024-12-05_E-128,PL,True,"[  20.69289679   22.14955084   22.7207459  ... 7021.839326   7021.93799181
 7022.89255021]"
322,743199_2024-12-05_E-131,PL,True,"[  20.24216736   20.40263263   20.92569477 ... 7023.23881388 7023.3603795
 7023.42871224]"
323,743199_2024-12-05_E-134,PL,True,"[  20.40533261   21.13739294   21.27762506 ... 7020.78963508 7022.03679095
 7022.05465747]"
324,743199_2024-12-05_E-135,PL,True,"[  20.36103299   20.86712861   20.94332795 ... 7020.33710567 7020.97010019
 7021.52749536]"
325,743199_2024-12-05_E-139,PL,True,"[  31.42920385   40.40212618   40.63492416 ... 7023.18654767 7023.34141299
 7023.4401788 ]"
326,743199_2024-12-05_E-146,PL,True,"[  35.33027008   38.98047182   43.27470131 ... 7017.1953662  7019.80601026
 7023.15334795]"
327,743199_2024-12-05_E-147,PL,True,"[  20.43323237   20.58199775   20.73872972 ... 7022.647819   7022.72591832
 7023.34044633]"
328,743199_2024-12-05_E-153,PL,True,"[  20.71492993   20.91576152   21.02616057 ... 7022.69318527 7023.47814514
 7023.52204476]"
329,743199_2024-12-05_E-154,PL,True,"[  48.18942543   54.62616972   66.2185027  ... 7007.56098293 7013.21620064
 7022.31068858]"
330,743199_2024-12-05_E-158,PL,True,"[  20.65653043   21.24945864   21.57578914 ... 7023.36394613 7023.53464465
 7023.54671122]"
331,743199_2024-12-05_E-163,PL,True,"[ 186.39022913  276.10545252  277.62313938 ... 7014.00622713 7017.85586048
 7019.57177896]"
332,743199_2024-12-05_E-166,PL,True,"[  20.42879907   20.73312977   20.76992945 ... 7023.36237948 7023.44184546
 7023.51631148]"
333,743199_2024-12-05_E-167,PL,True,"[  21.37039092   21.58788904   22.19945041 ... 7022.89418353 7022.90358345
 7023.39911249]"
334,743199_2024-12-05_E-168,PL,True,"[  20.56299791   21.11172649   21.2183589  ... 7023.01181585 7023.20044755
 7023.4488454 ]"
335,743199_2024-12-05_E-169,PL,True,"[  23.13517565   27.16914073   30.61717755 ... 7022.5241534  7022.7942844
 7022.99024937]"
336,743199_2024-12-05_E-171,PL,True,"[  21.65758844   23.51383903   23.70550404 ... 7015.66341279 7022.57395297
 7023.06414873]"
337,743199_2024-12-05_E-172,PL,True,"[  20.39739934   20.66523036   20.91402821 ... 7023.47611183 7023.53631131
 7023.55461115]"
338,743199_2024-12-05_E-177,PL,True,"[  47.12646797   47.60199719   81.69026877   97.60676433  103.1711495
  107.05008259  108.55503622  109.38989566  110.237155    110.2602548
  122.63288103  129.83868532  131.47710447  137.83761608  143.39393465
  147.70359734  148.30229216  148.85808735  150.60890553  152.78512002
  152.81905306  172.8928793   177.99130183  178.13400059  182.54116244
  208.29370619  237.65001874  237.66881857  241.66185068  351.35150117
  375.38619312  384.09171776  394.3266625   536.82206234  604.05014706
  604.18901253  607.13482036  609.92676286  614.65345528  614.92691958
  625.99539043  636.59256537  643.13087543  648.07259932  663.87736251
  664.48582391  679.48616073  748.03610068  775.70386117  775.77206058
  786.76249878  787.92848869  788.35788497  788.45481746  794.93516137
  806.09189813  828.84020121  828.85913438  872.16722616  936.94553208
  941.3104943   941.58819189  942.44475115  942.48125083  942.81728125
  942.8808807   943.01954617  943.17424483  949.85968696  950.38488241
  950.47781494  950.67574656  960.3640627   967.09173779  967.10177104
  967.11637091  969.0593541   977.82744486 1020.43337605 1022.12259476
 1027.05455207 1027.0779852  1027.07968519 1028.4262402  1028.73967082
 1029.09326776 1063.72220133 1149.93765502 1154.40444969 1174.97780493
 1191.02379937 1191.17866469 1196.27348726 1212.68547852 1217.45013728
 1222.03063096 1222.04419751 1222.51572676 1228.98060414 1229.30440133
 1258.4315492  1262.93354356 1262.97777651 1307.33145924 1312.83911156
 1312.84594484 1312.87207794 1345.82642601 1361.19419299 1361.48235716
 1362.71577981 1365.51412226 1366.8682772  1369.70501931 1378.71730797
 1382.24401077 1392.94668479 1410.22790187 1412.49601557 1437.72859715
 1449.22526429 1463.44260789 1467.84013649 1470.70297838 1473.75345197
 1473.80695151 1473.8846175  1474.00531646 1485.23181928 1485.92874658
 1492.39979056 1495.73722834 1496.08972529 1499.03113316 1499.10096589
 1499.28463097 1499.51312899 1499.77512672 1503.63382665 1503.65212649
 1510.18310329 1510.22633625 1572.23833279 1574.05211709 1629.55860327
 1648.80050338 1653.64166147 1654.34855535 1654.77425166 1657.11636472
 1669.22359325 1669.31212582 1669.38929182 1669.44689132 1670.4122163
 1670.7583133  1671.3402416  1687.71729983 1687.92379805 1689.17468722
 1689.29878614 1690.22341147 1690.52567552 1690.61100812 1690.70760728
 1690.99557146 1691.02983783 1691.1908031  1691.1944364  1691.84513077
 1692.22659413 1705.44237973 1706.01410812 1721.02504484 1721.82727123
 1722.31670033 1730.91972586 1730.92815912 1731.40155502 1731.89851739
 1732.5900114  1741.59920008 1750.002694   1750.53295608 1757.37043023
 1757.39872998 1766.17898731 1776.61959693 1776.70539619 1777.6557213
 1777.9524854  1778.28178254 1778.33264877 1778.38904828 1778.78834483
 1779.51287189 1780.33143147 1780.41836405 1780.64266211 1788.91629049
 1790.85447371 1790.99197252 1797.00028718 1799.3972331  1801.15365123
 1801.16711778 1809.09104918 1809.57351167 1809.97217489 1813.27424631
 1816.85141534 1816.86144859 1836.05214913 1839.70998414 1844.03638002
 1853.36459927 1853.8852281  1861.83812592 1869.29502804 1874.13528614
 1874.2019189  1874.22951866 1875.93113726 1876.44446615 1876.51326556
 1876.61709799 1876.6236646  1876.6890307  1877.10579376 1877.44865746
 1894.85194014 1895.59076708 1895.94473068 1896.20809507 1932.47144783
 1933.64440434 1933.65927088 1953.16610202 1954.8169544  1957.42343184
 1961.52736298 1962.15799085 1962.36125576 1962.5030212  1975.18857806
 1975.26681071 2004.64095644 2013.20118234 2024.64658327 2030.76433031
 2030.7846968  2031.78378815 2038.24253224 2041.7094689  2041.98226654
 2042.12616529 2042.33189684 2056.78043844 2057.32810037 2057.47509909
 2058.68075532 2062.74105351 2066.3578222  2066.47245454 2066.50578759
 2067.12938219 2079.34140981 2104.55939152 2105.64254881 2105.66458195
 2108.39412499 2127.69075795 2161.56266475 2187.04017754 2187.38604121
 2187.40284106 2187.53797323 2189.13542607 2189.16962577 2189.18409231
 2191.34457361 2192.04540088 2192.15639992 2198.48637846 2199.16043929
 2199.49100309 2199.86229988 2200.0255318  2200.20429692 2200.29409614
 2205.76228214 2213.59201436 2225.03531531 2226.45053639 2230.87566475
 2230.89353126 2230.95599739 2231.51789252 2232.49388408 2233.03487939
 2238.91502849 2247.80995149 2253.6738674  2281.85802343 2298.38971366
 2306.70364169 2313.83564662 2324.25968972 2332.62088401 2334.52086756
 2334.70439931 2336.24455264 2336.58961632 2336.6111828  2338.66729834
 2338.69733141 2338.70656467 2338.71653125 2338.83436356 2339.16056074
 2342.14963486 2352.11998189 2355.52661907 2367.95961144 2379.54634448
 2379.66951008 2385.72182435 2387.39500987 2389.49999165 2389.80655566
 2389.89768821 2389.90842145 2389.9748542  2390.0023873  2390.10391975
 2390.12075294 2390.13248617 2390.18078575 2390.19491897 2390.24561853
 2390.25578511 2390.36528416 2390.39301725 2390.42295033 2390.43415023
 2390.47518321 2390.49441637 2390.52144947 2390.53728267 2390.74471421
 2390.8258135  2390.89271293 2391.00564528 2391.13091086 2391.29894274
 2391.43004161 2391.56497377 2391.7196391  2392.09743583 2392.21583481
 2392.26970101 2392.41539974 2392.49229908 2392.74009693 2392.85012931
 2392.95656173 2393.05352755 2393.38209138 2393.48795713 2393.5175902
 2393.62892257 2394.55044793 2397.40888985 2397.77305337 2397.77482002
 2398.03448444 2398.25654918 2398.52474686 2398.54214671 2398.86104395
 2399.42927236 2400.32449795 2400.46983002 2400.93812597 2401.01789195
 2401.09162464 2405.01742399 2405.07482349 2405.92181616 2410.03374723
 2410.50087652 2430.26750542 2433.01744828 2444.37798327 2445.00117788
 2473.07430154 2473.25083334 2474.03509322 2474.51145576 2497.45589048
 2497.47782362 2497.61878907 2524.06202684 2529.10011656 2529.62944531
 2537.32444537 2541.04371317 2590.4797519  2614.98997307 2615.43110258
 2615.63933411 2625.8874454  2630.14194191 2646.09997044 2668.77224085
 2699.79883894 2707.44153945 2715.19123903 2716.74365892 2721.34818573
 2724.38069282 2725.68318154 2736.21882367 2736.39032219 2741.39787884
 2756.91637784 2759.52228862 2785.32229862 2785.85686066 2786.57505444
 2788.22270685 2788.87243455 2798.26408659 2799.6378747  2800.31100221
 2800.50373387 2800.51643376 2809.5652221  2810.12828389 2810.54171365
 2828.07092857 2881.11316942 2899.02428105 2899.7115751  2899.72584164
 2915.37127287 2927.98806366 2928.333294   2928.74459044 2932.64762332
 2939.58029665 2944.67398589 2944.72258547 2952.02285561 2954.12913737
 2954.20803669 2958.82709671 3015.44977323 3019.82010207 3019.84153521
 3022.09988233 3024.32162977 3051.34529584 3057.1681121  3057.56684198
 3061.06391171 3062.04820319 3062.13766908 3071.2582568  3076.73387607
 3077.57283547 3080.59350933 3080.87977351 3090.17022643 3092.05511011
 3100.67023553 3111.31224341 3111.91000491 3116.12416843 3116.21990093
 3126.84714227 3136.81408933 3148.6927865  3161.72604035 3166.37880007
 3170.88732771 3170.98532687 3176.29998086 3176.53567882 3188.22384431
 3194.97978583 3197.12476726 3197.14283377 3200.14567444 3200.1739742
 3208.83766587 3223.6131713  3233.21882149 3233.45278613 3254.06024108
 3268.90637923 3282.93202449 3283.09838971 3290.46419262 3295.92897865
 3296.85033734 3308.79886724 3308.99133224 3309.00116549 3309.07929815
 3309.21619696 3309.35119579 3309.48019468 3310.09598935 3327.53453839
 3340.6458249  3346.83740463 3353.67911208 3365.37697748 3395.53058313
 3395.69731502 3397.79466353 3399.13251862 3402.47758966 3402.49735616
 3402.77258711 3407.78994368 3408.06617462 3408.76576856 3417.42709359
 3419.14114542 3426.63361389 3432.22723214 3432.23869871 3432.27893169
 3432.37366421 3432.3861641  3432.72382784 3432.79282724 3432.81299374
 3433.28065635 3440.23462949 3443.35843578 3445.38978487 3456.4418892
 3459.9801919  3478.06450202 3484.19921559 3485.68200275 3485.72953567
 3485.85326794 3486.0734327  3486.21439814 3486.34399702 3487.24625588
 3487.55598653 3487.65061904 3487.95918304 3493.35576966 3494.39242735
 3497.69829873 3501.55646534 3501.92882878 3501.95192858 3502.50055717
 3503.40288269 3504.95886922 3519.37311111 3522.35605196 3522.37338514
 3528.74626331 3534.750178   3535.55873767 3541.49068632 3542.41921162
 3543.50100225 3558.34014047 3560.54258807 3560.55122133 3560.84588544
 3562.2486733  3565.98910759 3566.92976611 3570.75359968 3571.62519213
 3572.02088871 3574.01927141 3579.3844583  3585.17454151 3585.40180621
 3585.45210578 3589.98036658 3589.9898665  3590.69036043 3590.70602696
 3595.32012036 3605.84219594 3607.95561098 3608.86810308 3612.60250409
 3612.67253682 3613.55462918 3615.38877997 3615.70214392 3622.04242237
 3625.165962   3629.03432852 3629.402492   3638.25938199 3639.27887317
 3641.48158743 3651.54860029 3657.95231153 3659.97056072 3672.67895071
 3674.64193372 3676.67421613 3677.21527811 3682.55549855 3687.08082605
 3692.50541242 3709.99172772 3710.70085492 3710.71928809 3712.93386892
 3719.39637965 3719.6756439  3721.26996343 3722.76105052 3723.18881348
 3725.45046057 3728.87463093 3740.01213452 3753.50531772 3753.70858263
 3753.86684793 3754.05297965 3754.83693953 3761.17328468 3761.27255049
 3761.49338191 3776.14755506 3796.44921265 3806.43669287 3821.33423057
 3830.58738381 3830.60761697 3831.22291164 3832.84733091 3833.26329398
 3834.76828095 3846.47474628 3856.34486084 3901.04604056 3904.18608005
 3904.78624152 3906.33362813 3932.28620347 3933.48229312 3933.67182481
 3949.58888703 3958.57720922 3979.04839868 3979.81062542 3990.79929696
 3995.34465762 4005.04790696 4005.98513218 4009.89009838 4034.12295527
 4043.26924277 4046.6074472  4078.79763522 4112.90047335 4156.39109688
 4209.84630082 4229.84139441 4232.13637454 4242.73001617 4254.20098354
 4270.60384155 4273.92084618 4274.61167353 4302.86259565 4303.33892486
 4311.38392188 4325.92336269 4339.16391474 4339.7961426  4340.94363267
 4359.88376872 4362.34058079 4373.14202062 4373.15568717 4373.17452034
 4384.25629108 4388.7855852  4392.78595057 4408.8870112  4446.58185157
 4461.50115575 4462.06298422 4482.37930836 4493.31101373 4504.16228647
 4523.36738689 4529.56796655 4529.74063172 4530.49265854 4530.96295447
 4530.97185439 4540.65433725 4540.79363604 4545.48086213 4547.46684494
 4549.66189261 4549.98388982 4550.14122179 4551.11681335 4551.72454142
 4571.6269358  4573.64535167 4574.22338    4577.48838507 4580.25269447
 4593.98617559 4608.83124709 4609.03164535 4626.33592889 4626.3466288
 4626.80235819 4631.35765209 4631.96294685 4632.69724049 4633.83859728
 4635.73594752 4635.74381412 4635.87944628 4636.02914499 4637.36543342
 4637.93129519 4638.51829011 4638.55605644 4639.10605168 4639.61071398
 4641.50786423 4643.01525118 4643.18264973 4643.22544936 4643.61331267
 4647.96744164 4651.63170992 4654.68591682 4659.52367494 4664.05273574
 4669.0016929  4677.01295688 4682.21297854 4711.31089332 4719.70115403
 4729.09813935 4742.7014216  4746.50125537 4754.08118976 4754.75518392
 4769.72458768 4770.97711017 4773.29139013 4779.23723866 4792.13352703
 4793.74887971 4802.2147731  4802.44573776 4804.59725247 4805.80477535
 4806.17680547 4806.32160421 4807.0857976  4835.66465021 4855.86697533
 4858.07338957 4858.27348784 4860.02860598 4871.8596369  4876.73606135
 4886.60064263 4886.61144253 4887.57603418 4891.99939589 4893.81524684
 4905.64071114 4905.65414436 4925.08334284 4925.21680835 4927.45265567
 4966.16505389 4985.20885571 4990.56777599 5015.70845836 5019.84265591
 5045.22230288 5045.49930048 5045.85293076 5050.99018629 5057.33696468
 5057.35153122 5058.96681724 5070.08122103 5073.11922806 5091.36620344
 5125.1343778  5205.95897816 5230.13893552 5237.65760377 5244.36277906
 5263.89630997 5263.94430955 5274.50235149 5289.23442397 5296.75429221
 5296.76989207 5301.59598363 5302.62044143 5302.65700778 5302.85213942
 5320.17555613 5320.19722261 5323.44702781 5331.79945551 5351.7859825
 5358.20326029 5371.64727724 5405.0801545  5410.14587732 5411.19796821
 5412.17985971 5412.76745463 5412.96298627 5413.01181918 5420.27635629
 5432.69958209 5440.68831294 5440.97677711 5449.82400052 5452.96354001
 5455.24572026 5456.29374452 5459.1336866  5467.79434496 5467.91231061
 5468.05867601 5469.27856545 5488.81312969 5491.64697182 5494.88734377
 5497.54775408 5514.52717376 5516.99985236 5532.31875309 5533.28831136
 5539.23279324 5542.74879613 5563.72791453 5570.97988509 5570.99628495
 5572.57810459 5575.98320845 5576.09747413 5577.80882598 5588.26286882
 5593.46135715 5598.78901103 5598.81794412 5651.36198928 5721.09805229
 5748.68891345 5750.435365   5768.40547611 5827.46729819 5859.19339022
 5876.94176992 5888.2383388  5905.26705806 5927.55249849 6027.21536911
 6037.73164474 6053.27537686 6056.8819123  6069.34743773 6069.39037069
 6077.77023149 6092.81813456 6096.72310076 6098.07732237 6105.11146148
 6110.85577842 6122.97544018 6133.68218083 6139.17976657 6140.98685093
 6142.53283755 6142.92456749 6143.93889204 6146.98986563 6148.15618887
 6152.04848851 6153.65490794 6153.81133992 6157.113078   6222.54264496
 6257.45787606 6263.64272252 6328.61689341 6330.56104325 6384.22221208
 6438.58204152 6479.15015702 6481.24310557 6493.06613656 6493.32406766
 6494.98928658 6502.40902235 6505.23216458 6523.72100453 6530.22198159
 6536.38449491 6541.21315311 6541.65584928 6541.95381337 6544.53542436
 6545.54984891 6547.95276144 6555.95922547 6557.09251566 6567.26172763
 6567.66222416 6568.76051466 6579.87698509 6580.79867712 6584.9751743
 6587.07022283 6591.97091374 6598.68548895 6609.88859197 6612.33660411
 6616.01240563 6619.82520596 6620.00680438 6620.68183187 6621.06896186
 6628.82139475 6631.55400443 6637.25018845 6640.32899514 6647.44956683
 6666.0364726  6670.07390432 6673.72073942 6682.35526468 6682.35693133
 6686.59056135 6687.33442158 6689.86376635 6697.93836312 6699.03568695
 6702.71965506 6706.90201886 6707.39121462 6709.14976607 6709.22196544
 6712.58936963 6713.18693112 6722.90291368 6734.93567619 6766.70243454
 6771.19162901 6780.92591142 6782.51279768 6793.90583239 6797.26946994
 6797.97289719 6797.98033046 6798.92155564 6854.63060674 6876.59448328
 6876.83224789 6877.01861294 6885.29490797 6893.05667411 6932.30886767
 6948.20453007 6972.17592256]"
339,743199_2024-12-05_E-181,PL,True,"[  20.99352752   21.00649407   21.94131931 ... 7022.97374951 7023.17794774
 7023.41921232]"
340,743199_2024-12-05_E-183,PL,True,"[  23.14070893   23.30554084   23.36770697 ... 7019.95127567 7022.9712162
 7023.48481175]"
341,743199_2024-12-05_E-184,PL,True,"[  20.99022755   21.19995906   21.29449158 ... 7021.89689216 7022.70045187
 7023.31941318]"
342,743199_2024-12-05_E-185,PL,True,"[  20.48133195   20.59379764   21.4921232  ... 7002.46322705 7008.38474246
 7015.95237696]"
343,743199_2024-12-05_E-186,PL,True,"[  20.32043334   20.34006651   20.52879821 ... 7022.07622395 7023.2206807
 7023.51537815]"
344,743199_2024-12-05_E-188,PL,True,"[  21.23112546   21.26335852   21.36219099 ... 7023.16674784 7023.27238026
 7023.4989783 ]"
345,743199_2024-12-05_E-189,PL,True,"[  32.798492     79.7498189    93.54229951 ... 6918.11309055 6918.38492153
 7001.7223668 ]"
346,743199_2024-12-05_E-190,PL,True,"[  22.2047837    25.30265688   25.30692351 ... 7010.67468931 7012.41804088
 7013.88632817]"
347,743199_2024-12-05_E-191,PL,True,"[  20.31286674   21.79775389   22.64304657 ... 7021.9191253  7022.11089031
 7022.25708905]"
348,743199_2024-12-05_E-192,PL,True,"[  40.27536061   41.04508728   41.269852   ... 6998.49749472 6998.51426124
 6998.63532686]"
349,743199_2024-12-05_E-193,PL,True,"[ 420.37630367  528.70183264 1191.95752462 ... 7022.03765761 7022.9088834
 7023.07891527]"
350,743199_2024-12-05_E-195,PL,True,"[  27.26073993   29.97458311   58.31217114 ... 7021.60116139 7021.74339349
 7022.09019049]"
351,743199_2024-12-05_E-196,PL,True,"[  27.43177179   27.75456899   30.27208053 ... 7013.40193237 7013.52569796
 7019.77027724]"
352,743199_2024-12-05_E-200,ACAd,True,"[  20.41226588   20.62096408   20.79312925 ... 7023.11601494 7023.42814558
 7023.55567781]"
353,743199_2024-12-05_E-201,PL,True,"[  20.77222943   20.78609598   22.44734827 ... 7020.52307072 7020.85996781
 7022.8675171 ]"
354,743199_2024-12-05_E-203,PL,True,"[  25.59038773   25.87395194   25.91281827 ... 7017.26489893 7017.46213055
 7019.40924703]"
355,743199_2024-12-05_E-204,PL,True,"[  20.95836116   22.78474535   23.06730957 ... 7023.20331419 7023.27594689
 7023.36604611]"
356,743199_2024-12-05_E-208,ACAd,True,"[  37.51678449   38.26104471   38.80214003 ... 7019.86527642 7020.45630463
 7021.64066105]"
357,743199_2024-12-05_E-209,ACAd,True,"[  28.86595937   33.92041562   38.86930611 ... 7016.34274024 7017.48263038
 7023.16534785]"
358,743199_2024-12-05_E-210,ACAd,True,"[  21.40865726   22.46198147   24.0640676  ... 7022.33075508 7023.47984513
 7023.5605111 ]"
359,743199_2024-12-05_E-213,ACAd,True,"[  40.21519446   64.00385521   69.42744159 ... 6976.92718144 6977.23881207
 6980.11645383]"
360,743199_2024-12-05_E-215,ACAd,True,"[  40.54645826   40.70189025   40.79322279 ... 7021.06903266 7021.27059759
 7023.16508119]"
361,743199_2024-12-05_E-217,ACAd,True,"[  20.39849934   20.55889795   20.78432933 ... 7009.17626894 7019.65014495
 7022.99221602]"
362,743199_2024-12-05_E-218,ACAd,True,"[  20.4681654    20.61606412   20.82392899 ... 7012.82960399 7014.62098848
 7020.03090832]"
363,743199_2024-12-05_E-219,ACAd,True,"[  20.80746246   20.93786133   21.18565919 ... 7009.23453511 7009.96039549
 7012.82113739]"
364,743199_2024-12-05_E-226,ACAd,True,"[  20.23700073   20.24510066   20.2791337  ... 7023.53434466 7023.54807787
 7023.55571114]"
365,743199_2024-12-05_E-228,ACAd,True,"[  20.76939612   22.2701498    22.50764774 ... 7021.13993205 7022.994216
 7023.33497972]"
366,743199_2024-12-05_E-229,ACAd,True,"[  23.77533677   33.98941502   50.06840917 ... 7002.27246204 7011.78424637
 7019.06938331]"
367,743199_2024-12-05_E-231,ACAd,True,"[  21.21779224   21.38725744   21.86835328 ... 7022.492887   7022.54601988
 7022.7361849 ]"
368,743199_2024-12-05_E-232,ACAd,True,"[  24.47866402   24.89572707   25.03579253 ... 7022.6016194  7022.9400498
 7023.13044815]"
369,743199_2024-12-05_E-233,ACAd,True,"[  20.30216684   20.78089602   21.13205965 ... 7020.7872351  7021.92842522
 7022.56918634]"
370,743199_2024-12-05_E-234,ACAd,True,"[  20.25476725   20.31890002   20.34836644 ... 7022.58191957 7022.70345185
 7022.95428301]"
371,743199_2024-12-05_E-235,ACAd,True,"[  20.37639953   21.26932513   21.34765779 ... 7022.95574966 7023.147748
 7023.41314571]"
372,743199_2024-12-05_E-237,ACAd,True,"[  27.56313732   30.5449115    30.6956102  ... 6766.60673537 6771.81255697
 6778.45813278]"
373,743199_2024-12-05_E-240,ACAd,True,"[  20.30010019   20.97322769   21.31282475 ... 7023.08271523 7023.2755469
 7023.47467851]"
374,743199_2024-12-05_E-241,ACAd,True,"[  20.36826626   20.40993257   20.60876418 ... 6890.05030014 6897.44233615
 6899.2611204 ]"
375,743199_2024-12-05_E-245,ACAd,True,"[  21.17492595   21.36725762   23.5600053  ... 6991.84035234 6992.50521325
 7002.31309502]"
376,743199_2024-12-05_E-247,ACAd,True,"[  20.3835328    20.67543027   20.67953024 ... 7023.48321177 7023.52701139
 7023.54287792]"
377,743199_2024-12-05_E-248,ACAd,True,"[  32.37459567   36.69709158  104.0565085  ... 7021.51436214 7021.81459288
 7022.04305757]"
378,743199_2024-12-05_E-250,ACAd,True,"[  20.31660004   20.47483201   20.76702948 ... 7016.35204016 7018.58748748
 7022.11159031]"
379,743199_2024-12-05_E-251,ACAd,True,"[  20.27853371   21.10265991   21.46112347 ... 7021.92155862 7022.37945465
 7022.88038365]"
380,743199_2024-12-05_E-254,ACAd,True,"[  25.97958436   25.98748429   25.99205092 ... 7018.53318795 7023.10041508
 7023.25968037]"
381,743199_2024-12-05_E-255,ACAd,True,"[  20.24973396   20.30870011   20.33153325 ... 7023.03961561 7023.06501539
 7023.3210465 ]"
382,743199_2024-12-05_E-256,ACAd,True,"[  20.2370674    20.6330973    20.8339289  ... 7022.46548724 7022.48432041
 7022.49658697]"
383,743199_2024-12-05_E-257,ACAd,True,"[  20.41719917   20.61666411   20.76416284 ... 5796.43786679 6623.50077414
 6981.67700699]"
384,743199_2024-12-05_E-259,ACAd,True,"[  25.02105932   25.0999253    25.81041915 ... 7023.21651407 7023.45814532
 7023.5489112 ]"
385,743199_2024-12-05_E-263,ACAd,True,"[  20.33666654   20.97769432   21.27669173 ... 7022.18835631 7022.24328917
 7022.34838826]"
386,743199_2024-12-05_E-265,ACAd,True,"[  20.23813406   20.2908336    20.59926426 ... 7023.07664862 7023.52061144
 7023.533078  ]"
387,743199_2024-12-05_E-266,ACAd,True,"[  20.28016703   20.36219965   20.41253255 ... 7023.29661338 7023.35944617
 7023.51917812]"
388,743199_2024-12-05_E-268,ACAd,True,"[  36.71905806   36.96082263   39.35280193 ... 7019.93654247 7020.03800826
 7021.74136018]"
389,743199_2024-12-05_E-270,ACAd,True,"[  31.08444017   38.56790872   44.68112247 ... 7020.06687467 7020.85266787
 7021.00439989]"
390,743199_2024-12-05_E-271,ACAd,True,"[  21.61722212   28.85339281   39.70926551 ... 7006.60535787 7009.54399909
 7009.76356386]"
391,743199_2024-12-05_E-272,MOs,True,"[  20.27776705   20.40486595   20.62779735 ... 7021.10333237 7021.86649243
 7021.93649182]"
392,743199_2024-12-05_E-274,MOs,True,"[  20.31993335   20.39193273   20.46319878 ... 7022.24512248 7023.24908046
 7023.25218043]"
393,743199_2024-12-05_E-275,MOs,True,"[  36.29536173   50.29220723   77.4480055  ... 7021.09713242 7021.20859812
 7021.38212995]"
394,743199_2024-12-05_E-277,MOs,True,"[  25.53565487   28.0882661    30.5033452  ... 7023.18488101 7023.38594594
 7023.53454465]"
395,743199_2024-12-05_E-278,MOs,True,"[  21.86418665   21.93961933   22.12305107 ... 7022.11799025 7022.47572049
 7022.91218338]"
396,743199_2024-12-05_E-280,MOs,True,"[  20.25130061   20.38036616   20.40403262 ... 7022.94341644 7023.21344743
 7023.52891137]"
397,743199_2024-12-05_E-281,MOs,True,"[  21.20799233   21.36035768   22.56224727 ... 7023.32701312 7023.38007933
 7023.4027458 ]"
398,743199_2024-12-05_E-283,MOs,True,"[  20.49016521   20.53186485   20.70769666 ... 7023.40724576 7023.42981223
 7023.45987863]"
399,743199_2024-12-05_E-284,MOs,True,"[  21.0801601    22.57918046   22.79344527 ... 7023.13851475 7023.41174572
 7023.52644472]"
400,743199_2024-12-05_E-286,MOs,True,"[  20.68276354   21.06562689   21.80702048 ... 7008.66974    7008.91427121
 7009.13953593]"
401,743199_2024-12-05_E-288,MOs,True,"[  20.53549815   20.78916262   21.00989404 ... 7022.224156   7022.70611849
 7023.23568058]"
402,743199_2024-12-05_E-290,MOs,True,"[  51.551263    129.19402423  165.01534749  226.99644429  272.95394647
  312.12260741  314.36032138  316.24340508  316.38893715  322.56588368
  329.81975422  336.90509289  343.14553887  369.11458074  494.85472563
  513.14683395  544.44859633  553.99751367  554.23827825  572.16748972
  584.87014642  601.41150324  612.57243996  622.4218547   798.11386719
  829.75085999  832.82340006  840.99342934  851.98603419  861.6074509
  864.89535577  884.5154526   899.5369559   902.45386399  934.48885335
  984.63828591  994.70223212  994.89169715  998.82076314  999.03349463
  999.39282485 1015.29475387 1024.28764269 1025.27410082 1030.66088752
 1058.62984541 1072.93102162 1078.49124015 1078.73690469 1080.66472134
 1086.58170345 1123.09902068 1137.91229245 1138.1612903  1151.47630837
 1153.08266113 1153.88918748 1154.87137898 1155.05107743 1170.67500885
 1170.90544019 1175.24216931 1177.86297996 1178.25347658 1178.82393831
 1192.57088598 1206.62326433 1212.44104731 1216.77634311 1218.60532728
 1225.81393155 1235.95917706 1236.14590878 1246.6673177  1247.60777623
 1248.3073035  1258.5665147  1271.23417171 1294.73173497 1295.11333167
 1301.00011404 1324.47327752 1325.80859929 1333.05140327 1339.60124657
 1343.18464888 1349.27132953 1442.62135479 1443.27228249 1465.90081995
 1496.50905499 1517.45577367 1630.11223181 1630.2295308  1630.30686346
 1721.66643929 1811.2725303  1847.95594609 1870.76951528 1888.4834286
 1899.71103142 1923.34482683 1931.0850265  1974.17615349 2030.20060186
 2039.83615178 2080.7787307  2186.36981667 2272.08184139 2444.77014655
 2540.1744207  2586.61278538 2598.91554555 2728.09122736 2751.78955556
 2971.40872113 3166.18540175 3383.31645553 3407.18508225 3559.22459948
 3560.42758906 3723.89670736 3739.79056977 3752.48695987 3791.72635354
 3797.58333617 3799.21522204 3811.13491886 3812.12244365 3829.26722857
 3860.793189   3863.52713201 3913.25930151 3936.2525358  3943.09634323
 3960.79149005 3960.9981216  4005.72946772 4036.35916925 4081.88747514
 4239.61307649 4303.42025749 4326.70485593 4418.39502889 4471.06313965
 4498.71616694 4506.45466662 4511.48382309 4515.91781804 4531.23528545
 4676.63392683 4708.35088561 4736.08624553 4762.65794885 4762.76088129
 4763.45474195 4764.42886685 4764.5689323  4764.65326491 4764.71896434
 4764.75946399 4765.30445927 4766.13048545 4766.24115116 4767.77990451
 4773.39292259 4773.40652247 4773.40982244 4773.41772237 4773.70738653
 4773.94378449 4774.21338215 4774.5116129  4774.6777448  4774.73184433
 4774.76387739 4774.79481045 4774.85827657 4774.96914228 4775.09864116
 4775.18307376 4775.31480595 4775.6022368  4775.63576984 4775.76046876
 4775.80710169 4776.02339982 4776.37763008 4776.42842964 4776.52619547
 4776.67339419 4776.70422726 4776.81169299 4776.92842532 4777.19928964
 4777.24442258 4777.33015517 4777.52958678 4777.59755286 4777.80535106
 4778.02561582 4778.11731503 4778.39321264 4778.61654404 4779.10797312
 4779.40397055 4779.61156876 4779.67453488 4779.98916549 4780.13609755
 4780.31366268 4780.42002843 4780.61299342 4780.72589244 4780.88755771
 4781.07465609 4781.17475523 4781.2584545  4781.33088721 4781.41305316
 4781.61751806 4782.2560792  4782.33814516 4782.56877649 4782.71064193
 4782.90627357 4782.93700664 4783.82393229 4784.19719573 4784.21932887
 4785.48745123 4785.6328833  4786.49360918 4787.7044987  4787.80673115
 4790.42154185 4790.56300729 4790.75273898 4790.8704713  4791.71499732
 4791.95379525 4792.06416096 4792.14599359 4792.26939252 4792.3334253
 4792.40925798 4792.61122289 4792.73295517 4793.08475213 4793.11501853
 4793.26005061 4793.38634952 4793.5653813  4793.70558009 4794.05204376
 4794.51200644 4795.17850067 4795.2557     4796.12899244 4800.13485777
 4802.16347354 4802.36153849 4802.48920405 4803.17239814 4803.78145954
 4803.80555933 4804.01019089 4804.27298861 4804.47795351 4804.63065218
 4804.70488488 4804.95438272 4805.09384817 4805.13881445 4805.31601292
 4805.9146744  4808.76201642 4816.4896162  4831.28785476 4834.8452573
 4835.20348754 4835.40028583 4835.59145084 4835.92268131 4836.150846
 4836.27334494 4841.39316729 4841.67759816 4841.965529   4842.05656155
 4842.11292773 4842.45089147 4842.48689116 4842.6282566  4842.67995615
 4842.75282219 4852.42267181 4859.70277546 4874.14178381 4879.6033032
 4896.10969365 4905.46384601 4905.73521032 4911.40902788 4911.56435987
 4920.27355114 4943.86454693 4950.92845245 4954.69368652 4954.84911851
 4961.5086942  4977.42468976 4977.74052036 4979.39700602 4979.58457106
 4980.21383228 4991.69486623 5007.90122594 5011.31496306 5013.78330836
 5017.18834555 5027.69582126 5028.25888305 5028.8658778  5048.55180739
 5049.06606961 5049.58703176 5049.70623073 5050.37382495 5050.56428997
 5050.65818916 5050.72145528 5050.74758839 5050.87922058 5050.99941954
 5052.31127485 5052.64313864 5059.69231096 5059.83897635 5060.19837324
 5060.38523829 5060.5457369  5060.88673395 5064.39010362 5074.52281591
 5074.84917975 5075.58187341 5086.67064409 5086.7887764  5091.9492984
 5092.2454625  5092.71975839 5093.09758846 5103.63639723 5126.34586732
 5159.68531205 5173.57452516 5181.40292406 5186.79534405 5186.93857614
 5187.09847476 5251.89201388 5286.22305004 5338.01380172 5338.23086651
 5340.79984427 5356.13874482 5376.15613821 5385.66765588 5385.83628775
 5392.39949761 5399.73013415 5400.51436069 5400.64939286 5400.78002506
 5401.09195569 5401.2301545  5401.88958212 5402.18561289 5404.38646051
 5415.46143131 5415.47503119 5415.47969782 5415.48426444 5415.49636434
 5415.56036378 5415.56339709 5415.56736372 5415.57223035 5415.59089685
 5415.59849679 5462.37719186 5464.24810899 5464.26410886 5464.27260878
 5464.27754207 5464.28344202 5464.37114126 5464.38447448 5464.41194091
 5464.46220714 5464.49917349 5465.43239874 5469.22536591 5469.76872787
 5470.8404186  5501.47192011 5533.1489459  5533.59660869 5577.28899714
 5577.91545839 5579.75607579 5586.54145039 5589.87665485 5591.50600741
 5607.32153717 5613.30475205 5636.94548074 5643.15566031 5676.91906805
 5762.93262349 5822.45830821 5862.67829339 5864.03131501 5869.00080533
 5889.18449728 5935.82849351 5982.83691993 5997.09779648 6031.65719732
 6048.67668333 6048.89821475 6049.34601087 6078.79142265 6088.79630271
 6105.96612075 6159.8250212  6163.69198772 6164.73404537 6194.18672375
 6194.82688488 6201.78592464 6230.01418028 6234.64637352 6256.72418241
 6257.96643832 6272.18301526 6272.47611272 6272.94407534 6273.24293941
 6273.55480338 6273.7372018  6273.83693427 6274.13013173 6274.21433101
 6274.54979477 6275.64391863 6275.90824968 6276.04858179 6283.91744701
 6284.13257848 6284.60620772 6290.28472523 6415.5804073  6416.26643469
 6419.01111093 6425.818752   6454.92976668 6455.3121967  6455.39252934
 6455.68779345 6455.77689268 6455.88832505 6456.0049907  6456.14075619
 6456.24348864 6456.74491763 6456.99421547 6457.15804739 6457.33497919
 6457.68690948 6457.8495414  6458.04253973 6458.55353531 6459.10833051
 6460.86338198 6461.02938054 6461.13791294 6461.25717857 6461.50344311
 6461.70917466 6461.93703935 6462.12800437 6462.3401692  6462.47513469
 6463.68759087 6464.86058071 6465.45017561 6466.26166858 6466.33603461
 6468.71154738 6468.83587963 6468.86314606 6469.02644465 6469.23824282
 6469.37060834 6469.4448077  6469.6519059  6469.7331052  6469.90170374
 6471.50812317 6471.7854541  6473.82443645 6474.09550077 6475.62258755
 6475.8215525  6475.95091804 6476.14528303 6476.34321465 6476.42281396
 6476.9038098  6477.0377753  6477.12787452 6477.21160713 6477.36000585
 6477.45717167 6477.54423759 6477.63480347 6477.74566917 6477.91376772
 6478.0237001  6478.07606631 6481.86776683 6482.02979876 6483.07955634
 6483.77231701 6483.8918493  6483.91848241 6484.47607758 6486.25969547
 6486.38826103 6486.48679351 6486.66665862 6486.86969019 6487.07892172
 6487.25682018 6488.97480531 6492.59644062 6492.76520583 6492.8680716
 6492.9296044  6493.0650699  6494.41415822 6499.09468437 6499.92107722
 6500.03034294 6500.19934148 6500.3352403  6500.49790556 6500.59873802
 6500.72150362 6500.83370265 6500.92230188 6501.02263435 6501.09770037
 6501.14359997 6501.2405658  6501.41186431 6501.57079627 6501.71129505
 6501.83496065 6501.93402646 6502.07309192 6504.12727414 6504.2633063
 6504.54163722 6504.67876937 6505.29019741 6505.49522897 6505.61739458
 6505.83955932 6506.0960571  6506.2080228  6506.50135359 6506.64721899
 6511.81850756 6512.20503755 6512.33393643 6512.49323506 6515.71307385
 6520.73843035 6521.37372485 6521.52372355 6521.75132158 6522.07008549
 6522.47601531 6522.92284477 6523.27724171 6523.48303992 6523.72870446
 6523.85510337 6523.95330252 6524.11380113 6524.46209812 6525.05532631
 6525.76675349 6526.0391178  6527.16520805 6530.46911278 6530.95357526
 6536.16419682 6543.42976726 6565.99247195 6566.3064359  6566.54676715
 6566.73483219 6566.99669659 6567.09136244 6567.21299472 6567.55182512
 6568.30271862 6586.69592607 6591.77191546 6592.62040812 6625.22249257
 6628.31306582 6633.83265137 6637.54691922 6642.67790814 6642.90287286
 6699.99881195 6732.70326218 6809.63376291 6824.65229958 6888.38091459
 6905.47633327 6905.85819663 6918.48265402 6925.40122746 6927.93393887]"
403,743199_2024-12-05_E-294,MOs,True,"[  20.5644979    21.34015785   21.59448898 ... 7022.84011733 7023.00674922
 7023.24491383]"
404,743199_2024-12-05_E-296,MOs,True,"[  20.35069975   20.39309938   20.45539884 ... 7022.39135455 7022.59468612
 7023.24688048]"
405,743199_2024-12-05_E-297,MOs,True,"[  22.3775822    25.17015803   25.30575686 ... 7023.03811562 7023.12234822
 7023.4018458 ]"
406,743199_2024-12-05_E-299,MOs,True,"[  20.28766696   20.39556603   22.61768013 ... 7023.43774549 7023.47704515
 7023.5373113 ]"
407,743199_2024-12-05_E-301,MOs,True,"[ 121.52322397  372.88501477  420.53303564  716.8730371   865.42538452
  943.44984245 1048.25363523 1050.85731269 1067.00097295 1084.06255859
 1109.35323967 1126.15902752 1195.95379003 1199.9537554  1241.07256613
 1246.57661849 1250.2828864  1255.93807078 1260.1258012  1291.47899646
 1347.89380812 1350.5798182  1364.7197958  1373.7301178  1378.64427527
 1386.3497419  1391.34066536 1393.40028087 1400.10265618 1403.63669226
 1405.20347869 1444.00497615 1444.47887205 1445.40179739 1459.00287966
 1461.851855   1476.5686276  1479.10547231 1484.33099374 1499.89889231
 1537.75273131 1551.03768297 1560.40880186 1563.72037319 1589.2075859
 1612.41178503 1629.81316774 1635.52761827 1637.30736953 1670.87564562
 1696.12182708 1696.55499    1713.70274156 1720.00048705 1720.52584917
 1722.97249465 1731.42032153 1732.05118273 1770.73751452 1771.21561038
 1798.73403884 1811.54079464 1812.02419046 1841.28050387 1845.77493164
 1864.75606733 1875.19637695 1888.11929842 1902.10151072 1903.3709664
 1905.05788513 1920.77184911 1927.41172496 1929.06824396 1936.32168117
 1936.78407717 1949.97299633 1971.81717391 1990.69721048 1992.68249329
 1997.46755187 2001.7351816  2006.83520411 2009.17641718 2014.27553971
 2030.0337033  2031.75215509 2036.77684493 2059.87457832 2061.28773276
 2067.01184987 2082.57044853 2083.94896993 2094.82764242 2127.32592778
 2159.22648497 2171.90750853 2172.47653694 2181.53915849 2185.05896135
 2186.23198453 2188.02296903 2211.3771002  2217.58557979 2234.10893676
 2249.54366982 2253.76669993 2266.12665961 2268.85073603 2275.25051396
 2284.025838   2297.22329042 2304.35499536 2347.8632854  2362.32426022
 2367.25925084 2367.51811526 2367.62531434 2376.0781745  2387.81263959
 2389.00782924 2389.0240291  2389.06472875 2390.86997979 2392.12090229
 2395.67620485 2396.85916128 2397.44302289 2409.16815473 2417.95964529
 2418.80847128 2445.64167233 2461.64526714 2464.45904278 2473.28546637
 2480.34063864 2492.01883755 2498.82437863 2500.37026525 2509.71278438
 2515.06300473 2518.93967118 2545.52090775 2548.75631308 2550.55313085
 2584.92683331 2590.07275543 2592.36926888 2600.65473049 2627.15506776
 2634.1016743  2637.32511306 2638.38923718 2644.06262141 2650.78096325
 2669.99693024 2676.90617044 2686.95371679 2691.6390429  2720.72472446
 2721.8761145  2743.84255768 2768.87590765 2777.02517044 2787.48184659
 2787.99634214 2789.7148606  2794.03718985 2794.66435108 2796.23233751
 2831.39896643 2840.88735096 2846.24547125 2847.236496   2847.50286036
 2881.14030252 2908.9794282  2918.745277   2920.20976432 2926.03588056
 2950.95016489 2953.43417672 2966.70689516 2994.14852429 2995.25374805
 3003.35874456 3013.52115659 3025.28385477 3026.91687397 3053.33914525
 3056.90671437 3061.28400981 3086.51339141 3104.56483516 3144.54878904
 3166.59423154 3182.23116285 3185.25457001 3197.24899952 3202.52352053
 3206.48985286 3226.08904987 3246.12994306 3251.97779244 3253.80990991
 3254.66333586 3263.29376115 3264.87741411 3277.44900528 3299.97471029
 3300.60447151 3306.9317834  3313.06503031 3332.69589371 3355.37253075
 3356.37915537 3378.37609829 3394.25056088 3448.94282078 3454.12167595
 3469.5034428  3472.30141858 3475.56569032 3494.00143074 3501.63619798
 3512.3741717  3519.85544027 3525.56845748 3529.62302238 3548.39399323
 3561.43058038 3563.23433143 3563.89855902 3583.07215971 3593.48833621
 3601.04403748 3612.61087068 3620.71190056 3622.04622234 3640.97992511
 3641.42855456 3650.32367756 3652.4984254  3654.33947613 3659.15906775
 3684.26528375 3695.83235029 3711.33288278 3739.61037133 3744.11243236
 3744.64249444 3749.77431669 3773.3657458  3777.2599121  3809.86956315
 3828.30663689 3830.06315501 3835.99263702 3850.8468751  3865.26125033
 3875.00566598 3878.16720528 3880.89571499 3890.82706236 3896.98374239
 3901.20060589 3903.35788722 3904.86547417 3915.81021276 3923.25588164
 3927.97907409 3928.0399069  3928.71230108 3934.60191676 3941.24922589
 3967.99132773 3970.0239768  3977.52381188 3979.39079572 3992.85404584
 3993.77097124 3997.40837309 4005.05890686 4029.94375812 4047.57270552
 4048.05110137 4056.87485833 4059.8474326  4071.14393481 4086.77553283
 4089.31444419 4117.71563167 4140.97713031 4146.94911195 4148.6486639
 4150.28558307 4153.26885724 4157.39648818 4157.96768324 4216.85877346
 4239.56171027 4242.62361709 4251.24024251 4268.21426224 4287.95915799
 4289.3094463  4290.8154666  4295.05749654 4311.32535572 4329.93322798
 4339.50134516 4344.01583941 4348.11883723 4348.9885297  4363.17327358
 4368.56499357 4368.89069075 4379.27523419 4412.92234293 4431.67034731
 4434.20209206 4435.38064853 4483.43259924 4487.2071999  4491.58706199
 4499.23102915 4551.72764139 4553.07726304 4566.03775085 4567.86320172
 4570.36651338 4586.10597714 4596.27152247 4604.69588288 4612.61534766
 4623.05589062 4623.76921778 4624.76644248 4638.69882188 4644.54957123
 4678.5940432  4696.23972378 4700.16752312 4761.30819386 4771.57557165
 4773.98898409 4783.21970419 4802.33703871 4826.57209559 4827.53148728
 4836.14104609 4837.17650379 4841.50223301 4842.79498849 4853.69459414
 4859.18317996 4859.80997453 4863.06541302 4866.98617908 4877.59862055
 4888.01049709 4890.11441221 4891.39716777 4891.68346529 4898.66990482
 4901.25314912 4915.65525779 4920.42571649 4931.39988816 4934.03303204
 4937.17667149 4942.47625895 4947.90667861 4965.71049116 4971.158044
 4973.94411989 4974.64724713 4975.7983705  4998.48664077 4998.80563801
 4999.42026602 5019.96645484 5025.67230544 5030.72186173 5038.10889779
 5050.74662173 5054.59268843 5064.23087167 5065.89395727 5099.20933555
 5115.49806122 5117.92100691 5127.46269098 5150.74198947 5155.03551897
 5173.08792937 5185.45948894 5196.63742552 5209.88564417 5243.57041925
 5248.90507307 5249.58646717 5254.57552399 5256.94043685 5258.35015798
 5266.51412064 5273.45332724 5276.46960113 5281.59399011 5282.98044477
 5290.32778117 5303.07193752 5319.54899489 5335.53238987 5365.49056387
 5392.00270104 5400.13603064 5410.52550737 5419.23303199 5422.67496887
 5439.31095819 5441.07467626 5442.08163421 5442.86769407 5484.75746479
 5489.90492023 5501.13095639 5506.46911018 5513.0521532  5518.82883653
 5525.96617474 5528.86248301 5543.33229108 5545.94793511 5547.18389108
 5554.61619341 5567.73967981 5580.06913975 5588.96206277 5596.73449548
 5635.58065922 5648.25828281 5702.72197802 5708.84472502 5711.61776769
 5726.73367017 5742.5490666  5744.73468102 5758.99775755 5763.76278297
 5766.55972542 5769.64246541 5777.31829896 5790.60545061 5801.34669096
 5815.74576632 5829.41351468 5835.92512498 5859.56995363 5864.56984368
 5883.8946764  5894.02142208 5916.02933157 5921.63338306 5949.92783813
 5964.79797608 5986.58535415 6006.26298381 6015.66310244 6025.1831867
 6030.02217814 6050.33056901 6059.6047554  6062.30166539 6070.58169371
 6071.73728371 6075.29648623 6076.64770787 6080.2409101  6095.07204838
 6131.198469   6148.03312327 6164.23091639 6232.41115953 6243.18466628
 6263.37329152 6295.0164176  6300.68880183 6330.76287484 6344.97511848
 6348.9122844  6354.58380197 6365.25530959 6375.13742405 6399.93740937
 6407.72560862 6411.70147421 6436.02083036 6444.92561994 6446.90213617
 6450.48443849 6456.06882348 6457.39257869 6481.9706326  6484.35221199
 6490.65592409 6499.22924987 6502.93085116 6530.49991252 6537.65535058
 6545.59524851 6551.30699907 6553.76594445 6554.28743994 6555.76456049
 6560.17442231 6561.41874487 6569.01167915 6575.61645531 6581.74793557
 6585.28880491 6590.45189355 6609.67362716 6612.86286622 6613.09543088
 6620.42770074 6624.28923398 6631.28307344 6634.93667515 6647.17110257
 6657.40388066 6665.40151143 6669.8458063  6674.94496216 6682.09526693
 6683.38308911 6683.58995399 6687.02692424 6689.73776744 6697.51476678
 6704.31940788 6711.61257808 6713.94145792 6732.59212981 6733.99278435
 6758.29474065 6759.73329487 6761.02631701 6761.04341686 6763.8152262
 6768.75421678 6770.32940314 6771.18706239 6779.07249413 6793.10867263
 6800.90360515 6817.37436258 6817.71285965 6822.41151897 6828.00093726
 6831.1807764  6832.82109553 6836.57809634 6850.61227486 6869.69427634
 6886.55179709 6900.50310965 6917.64466127 6918.54915344 6927.09074617
 6929.38822628 6949.64721758 6964.33369045 6972.35545434 6999.87274948
 6999.91804909 7010.65328949 7013.08460178 7022.40272112]"
408,743199_2024-12-05_E-309,MOs,True,"[  23.08794272   23.44150633   23.62667139 ... 7023.50411158 7023.50441158
 7023.54877786]"
409,743199_2024-12-05_E-313,MOs,True,"[  20.57296449   20.73616308   21.01139403 ... 7023.32874644 7023.36727944
 7023.48061179]"
410,743199_2024-12-05_E-314,MOs,True,"[  20.65766376   42.33334279   49.65597941 ... 6990.42673125 7006.94508826
 7022.47328717]"
411,743199_2024-12-05_E-315,MOs,True,"[  20.24263402   20.26583382   20.30503348 ... 7022.72048503 7022.80895094
 7022.9397498 ]"
412,743199_2024-12-05_E-317,MOs,True,"[  20.25426725   21.55528932   21.69282146 ... 7022.55238649 7022.71378509
 7023.28404682]"
413,743199_2024-12-05_E-318,MOs,True,"[  20.94792791   21.48658992   23.4753727  ... 7022.82941743 7023.05498214
 7023.23511391]"
414,743199_2024-12-05_E-320,MOs,True,"[  22.82391167   24.29886557   28.15913216 ... 7022.45635399 7022.63145247
 7023.09688178]"
415,743199_2024-12-05_E-324,MOs,True,"[  22.00881873   24.87282727   24.95289324 ... 7022.08362388 7022.3281551
 7022.64181905]"
416,743199_2024-12-05_E-325,MOs,True,"[  23.20490838   23.29870756   23.40310666 ... 7022.50788688 7022.76768463
 7023.3828793 ]"
417,743199_2024-12-05_E-326,MOs,True,"[  20.32953327   20.34179983   20.63639728 ... 7023.17724775 7023.44387877
 7023.48774506]"
418,743199_2024-12-05_E-327,MOs,True,"[  20.28180035   20.45006556   20.54153143 ... 7023.37621269 7023.46537859
 7023.51011153]"
419,743199_2024-12-05_E-329,MOs,True,"[  20.33393323   20.39663268   20.62383072 ... 7023.29428007 7023.49211169
 7023.52194476]"
420,743199_2024-12-05_E-330,MOs,True,"[  22.68161291   23.56660524   23.65640447 ... 7022.30442197 7022.36015482
 7022.93948314]"
421,743199_2024-12-05_E-332,MOs,True,"[  20.57233116   23.51190572   25.23319082 ... 7021.96769155 7022.23235593
 7023.21674741]"
422,743199_2024-12-05_E-333,MOs,True,"[  20.26076719   20.30430015   23.08587607 ... 7017.3030986  7018.81828548
 7022.32348847]"
423,743199_2024-12-05_E-336,MOs,True,"[  35.15247162   45.62564763   80.23491471 ... 6988.17068411 6993.7856355
 6997.49500339]"
424,743199_2024-12-05_E-337,MOs,True,"[  24.82956098   24.92786013   25.84851882 ... 7022.1040237  7023.19918089
 7023.44941206]"
425,743199_2024-12-05_E-343,ORBl,True,"[  23.79430327   24.07523417   24.90896029 ... 7021.98162476 7023.25041378
 7023.36084616]"
426,743199_2024-12-05_E-344,ORBl,True,"[  20.66323038   22.72151256   23.11520915 ... 7019.28214813 7022.45875397
 7022.85441721]"
427,743199_2024-12-05_E-345,ORBl,True,"[  21.42979041   21.44292363   21.58378907 ... 7022.77688455 7023.35027958
 7023.50784489]"
428,743199_2024-12-05_E-346,ORBl,True,"[  20.28133368   20.48796523   20.90626161 ... 7022.2969887  7022.47115386
 7023.54291125]"
429,743199_2024-12-05_E-349,ORBl,True,"[  25.30162356   26.15638283   26.16058279 ... 7016.61790453 7018.61128727
 7021.59792809]"
430,743199_2024-12-05_E-350,ORBl,True,"[  24.89289376   25.19489115   25.1965578  ... 7021.65016097 7022.46788722
 7022.82141749]"
431,743199_2024-12-05_E-353,ORBvl,True,"[  22.76687883   22.78897864   24.20576638 ... 7021.65512759 7022.57315298
 7023.53431132]"
432,743199_2024-12-05_E-354,ORBvl,True,"[  20.5336315    20.56683121   20.61269748 ... 7023.45161204 7023.46834523
 7023.52317809]"
433,743199_2024-12-05_E-355,ORBvl,True,"[  21.04376042   54.45957116   55.93199175 ... 7021.98025811 7022.22548932
 7022.87545036]"
434,743199_2024-12-05_E-356,ORBvl,True,"[  20.27536707   20.40063265   20.69793008 ... 7021.09403245 7022.46712056
 7022.50148693]"
435,743199_2024-12-05_E-360,ILA,True,"[  21.42632377   21.62932201   22.4632148  ... 7022.45832064 7022.57425297
 7022.9213833 ]"
436,743199_2024-12-05_E-362,ILA,True,"[  41.02678744   41.39831755   45.88391206   45.89004534   49.02565153
   55.75205997   57.443112     65.32081047   70.02806973   90.41492658
   94.2256936   106.96791663  120.40470032  129.56215438  134.85800854
  140.13089623  142.1475121   142.15434538  165.85080692  171.50159134
  209.23273139  232.4871301   273.70167333  428.95992937  483.42212459
  493.50037068  548.45486165  553.29908638  555.42843461  559.42246671
  596.84210946  597.47937061  598.27656371  607.05585438  607.06395431
  607.70264878  607.99824622  608.06861228  608.93313813  608.97213779
  619.07318369  619.38071436  620.64070345  635.24637702  642.10355099
  645.57838758  665.75644625  667.68062959  693.6602047   703.05889001
  711.29978534  716.4259743   733.30042823  762.22604451  863.64143329
  872.28269182  913.62136732  939.36531114  939.78474084  940.37216909
  940.71956608  941.87058945  943.99413773  996.08155352 1005.38970627
 1011.39332097 1045.52615884 1115.8114171  1121.33386929 1128.59623976
 1195.26489599 1195.91132373 1202.60573244 1207.16899294 1208.68184651
 1230.18392705 1239.07301677 1240.15674072 1241.92052546 1243.23538074
 1258.35498319 1323.98124845 1333.93762893 1343.86357634 1345.34929681
 1346.89935006 1347.35054615 1354.42851822 1361.04626093 1363.25017519
 1366.26744907 1367.23337404 1367.31284002 1370.44817955 1393.56324612
 1408.74468137 1413.16994307 1450.06222372 1453.91755701 1457.74809052
 1461.05006194 1463.36524189 1470.60724587 1479.29767065 1481.88131495
 1489.80521302 1503.26826315 1505.49431055 1517.05447714 1522.33869807
 1526.29493049 1528.98734052 1532.47454366 1532.59870925 1535.76858182
 1551.22751466 1551.86434249 1562.34318511 1565.62309005 1567.56733989
 1572.99712622 1573.00619281 1573.99541758 1574.02635064 1609.94153975
 1615.91878801 1616.77308061 1630.19273112 1646.60945568 1647.72517935
 1648.23097497 1662.03342216 1663.3569107  1667.13894463 1670.61818118
 1674.69371257 1682.99130741 1683.51426955 1689.28191962 1689.63168326
 1689.85694798 1690.0662795  1690.51437562 1690.74870693 1692.9505212
 1695.5881317  1710.41210338 1716.25018618 1720.37178383 1766.1497209
 1776.69009632 1779.8191359  1780.36899781 1780.38386435 1781.48418816
 1798.32810902 1799.53229859 1809.17794843 1809.41681303 1810.91140009
 1848.197244   1906.76777033 1935.69671991 1950.34119314 1953.6272647
 2012.29999014 2055.6142152  2061.82289479 2062.48642238 2152.7347745
 2163.4045488  2165.26649935 2166.89845189 2177.83179058 2181.69742379
 2184.36060073 2184.97579541 2192.8128609  2194.17328246 2195.03974162
 2195.40730511 2205.80418178 2207.30026883 2236.71544753 2260.80570567
 2270.4291557  2274.14405687 2277.45102825 2286.49734994 2289.84448763
 2293.99365171 2310.53320854 2316.8192208  2316.90675337 2323.16396587
 2329.53487739 2350.8325597  2362.01419624 2368.09147697 2373.43129741
 2382.31872048 2389.54889122 2397.60598815 2398.2700824  2400.40619724
 2410.18947922 2415.51646644 2431.17749754 2433.2002467  2468.40324197
 2484.6428014  2498.33121624 2498.36318263 2516.27966087 2535.04319845
 2565.15770443 2588.97889823 2598.26858448 2613.31328758 2613.52531908
 2660.27758105 2673.86416344 2706.43478149 2712.31643058 2715.27953826
 2715.81846693 2715.90099955 2716.22309676 2716.29322949 2716.5191942
 2717.73805032 2717.96561501 2720.79595718 2729.96911111 2732.10922591
 2748.73918196 2751.62465698 2774.91142207 2775.19828626 2775.21018615
 2776.40087585 2812.60579578 2835.8270281  3001.89709055 3043.21209958
 3110.71471525 3110.73151511 3246.38780749 3265.5167419  3291.46771727
 3340.39979369 3367.80562313 3367.93715532 3372.05391969 3375.24685871
 3377.08724278 3377.53480557 3382.01410013 3391.88001473 3408.2491397
 3411.71180973 3459.26933139 3460.39795495 3471.44629265 3475.91318731
 3483.61675396 3491.4377196  3510.49975459 3511.57024532 3512.39113822
 3514.8225505  3516.960232   3518.69388366 3543.68103403 3585.15070839
 3623.50837635 3628.54133278 3632.61179755 3633.11732651 3633.49855654
 3641.02789136 3649.16778757 3656.06229455 3658.9529362  3659.12823468
 3659.48209828 3667.35986342 3670.79803366 3671.32006248 3673.108247
 3678.93196325 3720.5614029  3723.10844751 3723.25291293 3724.28040404
 3725.48349362 3728.55040041 3750.04614767 3753.25291991 3763.97146046
 3796.12534879 3805.35513556 3835.29184309 3868.5766883  3903.56115213
 3926.257089   3947.27100709 3948.50466308 3950.11494914 3953.71415132
 3953.99331557 3957.45121897 3964.5559908  3979.04886535 3979.12256471
 3981.75574191 4003.62678593 4039.97533795 4053.80358491 4207.65708644
 4237.77192576 4251.92190327 4253.70445451 4255.71697042 4256.44733076
 4259.52310414 4270.26907779 4272.58052444 4273.68551488 4366.14268121
 4460.0981679  4508.53481528 4508.82054614 4509.24824244 4509.27710886
 4510.2002342  4514.42793094 4515.38238934 4518.51882886 4525.33590318
 4526.46296009 4546.1579896  4552.47193495 4577.90631478 4584.22609341
 4597.48821194 4599.85992474 4600.6156182  4604.51001782 4608.46888356
 4624.01001569 4631.50995077 4634.70422312 4640.494673   4652.87536583
 4653.26029583 4654.31175339 4664.47969871 4694.83430262 4695.60086265
 4697.13728268 4697.86850968 4705.28417883 4705.68024206 4706.08713854
 4706.77519925 4707.57782564 4710.3042687  4734.35822715 4735.60441636
 4741.97379456 4744.84656969 4749.36566391 4764.7618973  4774.51047958
 4775.19614031 4783.12340502 4783.90429826 4787.21026965 4795.92319423
 4804.16575621 4817.45427451 4817.48347426 4849.93172671 4850.48945522
 4862.58375052 4870.20185125 4883.32400432 4883.53763581 4886.58284278
 4886.68910853 4887.55546769 4888.00323049 4888.65932481 4888.68465792
 4889.10095432 4901.89821021 4903.78896051 4908.10315649 4908.97241564
 4909.83234153 4915.68505753 4917.1016786  4918.09613666 4919.33342595
 4932.94944142 4979.99720082 5007.42949669 5014.94533163 5022.0734366
 5029.47133923 5038.37476216 5044.39161007 5046.78458936 5047.50194981
 5050.1725267  5050.7460884  5050.79232133 5054.60215502 5056.6918036
 5057.55549612 5062.2825552  5063.59887714 5072.47556697 5072.9838959
 5078.25078364 5081.868119   5094.63344183 5095.5108009  5098.00447931
 5116.88031592 5178.55354872 5195.87593211 5250.04259656 5346.183031
 5399.84979978 5400.03829815 5401.23002117 5404.18026229 5405.41935157
 5411.5966981  5413.43174888 5416.69705395 5421.42034639 5423.73559302
 5424.27192171 5425.08271469 5435.89665441 5440.72167931 5440.72874592
 5440.98174373 5441.18634196 5441.4353398  5441.45287298 5441.45777294
 5441.60930496 5445.14020773 5452.79590813 5453.22507108 5453.31553696
 5454.69705834 5456.52174254 5472.12064085 5485.3689595  5493.78142001
 5507.34670259 5513.81944656 5514.96033668 5521.10098353 5522.10327485
 5530.14773855 5535.40642636 5558.19982905 5558.65172514 5558.72499117
 5562.86775531 5566.03719454 5569.90192776 5570.77868683 5574.56638738
 5580.09617284 5581.99188977 5582.00885629 5586.08438768 5586.23125307
 5589.46882505 5590.09441963 5592.41189957 5604.89989147 5610.85650657
 5612.50582563 5619.60096421 5621.76751212 5622.72407051 5631.29932961
 5655.9190165  5683.78174198 5687.81694038 5763.15772154 5824.01396142
 5831.04136725 5833.64274473 5842.03243878 5859.11279092 5859.47525445
 5864.80934161 5873.12476963 5873.16436929 5876.13531024 5877.31110006
 5920.92795583 5920.93665576 5921.49851756 5937.94700851 5937.97364161
 5947.23272813 5957.30470761 5966.33479611 5969.4200694  5983.0249183
 6019.22080498 6035.81489467 6054.12050287 6059.7822872  6062.42216435
 6062.46463064 6063.51762153 6077.09013738 6077.26156922 6077.42060118
 6100.36316925 6100.8852314  6109.21109266 6114.31878178 6118.27418087
 6138.85033609 6155.72915665 6162.72116279 6165.50363871 6166.81456069
 6168.14934914 6175.07095589 6177.66143346 6177.9999972  6222.45987901
 6223.6698352  6230.71890752 6235.45729983 6241.48158102 6242.97970138
 6258.50483366 6258.65093239 6272.29481429 6272.78334339 6273.34593852
 6276.86580805 6280.44861037 6287.47378289 6294.48448887 6303.46827777
 6312.96536223 6327.24687194 6331.14363821 6334.96087183 6339.61919817
 6344.0751596  6345.8932772  6349.38121367 6360.43478465 6410.1425877
 6410.91764766 6411.91667234 6445.37368273 6453.09458256 6453.66917759
 6463.6684577  6468.42048323 6468.56614864 6468.94611201 6470.91669496
 6471.71865468 6472.98577704 6478.50592926 6485.87646546 6492.47874164
 6497.64469692 6500.69243721 6501.74672808 6504.0782079  6508.96319895
 6510.86058252 6511.82524084 6525.77068679 6529.25738994 6531.40650467
 6536.14883029 6539.9358975  6548.14615977 6549.20011731 6551.96086008
 6557.22518118 6557.80447616 6558.21813925 6567.38329324 6571.42602491
 6576.66187959 6577.07464269 6578.92649332 6581.38990533 6582.97832491
 6585.22780544 6588.89480703 6591.34951912 6593.41770121 6598.67842234
 6598.69165556 6599.78291278 6603.24718279 6604.58147124 6609.41519607
 6610.30295505 6611.01881552 6614.69345038 6618.72064885 6619.9549715
 6620.27906869 6624.65516415 6629.01082644 6631.78316911 6634.49334565
 6639.77923323 6640.69449197 6643.46976795 6643.91533076 6645.10058716
 6647.88179642 6661.09794869 6662.16110615 6662.24593875 6662.70236813
 6667.45632698 6667.6816917  6673.72357273 6689.72920085 6700.30617595
 6701.17823507 6702.16392654 6704.98906875 6709.03546706 6711.41951309
 6725.13679435 6734.7882108  6744.26842874 6751.25976822 6763.91969196
 6770.07650533 6787.20249042 6794.3937615  6797.42183529 6799.05028786
 6799.21785308 6799.95288005 6800.96087132 6802.44775845 6815.59791129
 6821.00536448 6822.94178105 6827.42437558 6828.54873251 6829.15992722
 6834.35814889 6841.45542079 6843.43203701 6843.45090352 6843.45760346
 6848.47369337 6851.04290446 6851.41956787 6859.4104987  6875.47669296
 6877.26221083 6888.1332834  6890.93319249 6896.33997902 6901.21227018
 6926.5825839  6927.50154261 6929.19482796 6931.23294365 6932.3436007
 6935.04561064 6935.57087276 6938.42634804 6969.64081118 6969.99514144
 6970.71610187 6972.25435522 6994.77089364 6995.38048837 6995.92521698
 7000.71860882 7001.40920285 7002.15912969 7002.22536245 7007.25345226
 7013.30156657 7014.08695977 7017.76992789 7020.20100684]"
437,743199_2024-12-05_E-363,ILA,True,"[  40.88315535  127.12524214  129.87391835 ... 7021.8043263  7021.99082468
 7022.09495712]"
438,743199_2024-12-05_E-364,ILA,True,"[  31.27887182   33.81364988   33.8609828  ... 7018.91041802 7018.91928461
 7019.08411651]"
439,743199_2024-12-05_E-368,ILA,True,"[  20.41776584   32.29986298   39.42140133 ... 7021.5578951  7023.52817804
 7023.55167784]"
440,743199_2024-12-05_E-376,ILA,True,"[  21.19315912   21.89548638   21.91801952 ... 7019.5549791  7020.59257012
 7023.36727944]"
441,743199_2024-12-05_E-382,PL,True,"[  23.11064252   30.73284321   39.67283249 ... 6848.4506269  6883.49655687
 7020.34437227]"
442,743199_2024-12-05_E-387,ILA,True,"[  20.59359765   20.65323046   20.84339548 ... 7022.93141654 7023.26984695
 7023.52961136]"
443,743199_2024-12-05_E-388,ILA,True,"[  34.31591219   72.08951855  139.27770361 ... 7023.1824477  7023.39611252
 7023.40997907]"
444,743199_2024-12-05_E-389,PL,True,"[  22.59038036   22.81141178   25.52785493   27.7580023    28.52199568
   30.46541219   36.67019182   38.40854343   39.66103259   42.23751029
   43.62286496   43.64926474   52.22679049   55.00753308   56.90678331
   65.57334162   73.99226874   81.33243854   82.68362684   96.12011053
  111.03008147  114.39501901  115.86030632  117.01339634  126.65994617
  131.3356057   132.1750651   133.74471817  137.37888672  149.3368832
  153.82504435  158.94236672  163.45879429  165.68620835  184.8915421
  193.90209743  205.69642867  210.97971627  215.91967351  237.60171916
  246.72537351  253.7580793   258.29687335  290.83785833  294.71659142
  296.99563836  298.34552667  302.89068733  314.05515735  316.51716937
  318.74701674  324.47873379  326.77091395  337.28272295  380.03041958
  381.37740792  386.53909657  418.07142362  425.10559606  440.24929831
  444.44609531  510.05986067  524.62360127  526.74594957  532.1748359
  537.95035258  548.1751974   557.28845185  560.35362531  568.68961982
  575.85205782  577.87540697  578.09447174  581.1379454   590.44923146
  593.44373888  594.80002713  596.42757971  605.35226912  605.4239685
  605.82923166  627.80227479  672.86101808  681.82100719  682.24883682
  724.11144111  756.86289093  765.74008076  778.21680609  789.66574032
  794.61883077  803.47328746  804.65034394  834.97271479  841.15132797
  841.32522647  847.36264087  850.54118003  882.96879932  891.06356258
  900.95664361  911.96934828  919.80408046  920.36707559  944.47520024
  945.23142702  948.0106363   949.28645859  949.47515696  952.77969502
  957.89368408  958.0652826   972.03866164  982.28223963  992.40618533
  992.51528439  993.61357488  997.64590664 1057.16862473 1074.1425778
 1077.38904969 1085.53717916 1097.95567166 1111.03972507 1117.53706883
 1120.16901271 1151.41664222 1168.11086438 1176.23772736 1199.10452942
 1200.60251645 1207.55292295 1220.74567542 1220.84507456 1221.86286575
 1226.75899003 1235.0067853  1250.9956469  1254.19328589 1254.89861311
 1267.81803461 1279.71426497 1286.30777456 1288.01232647 1297.35224562
 1300.3007201  1305.99157084 1310.13866827 1311.19339248 1347.9539076
 1357.64539037 1364.32483255 1365.1354922  1410.05537003 1411.61898983
 1413.02977761 1432.73257373 1450.8804833  1454.47005223 1457.18636205
 1468.79122826 1471.89680138 1472.27253146 1494.467206   1502.9046663
 1507.79882393 1514.54599886 1531.34172014 1538.76292256 1546.61665458
 1563.60920748 1575.63217008 1607.46212788 1658.46311973 1672.24430044
 1692.53879143 1696.99558618 1733.20850605 1843.20518721 1847.66744859
 1907.58552992 1914.79860081 1977.67828984 2009.9863435  2021.55697668
 2049.84683179 2070.31062132 2071.19311368 2163.44088182 2208.31879334
 2221.5858785  2312.81262214 2365.58149869 2379.65557686 2402.86317597
 2404.3845628  2411.24937005 2414.31441018 2416.95272068 2482.93254953
 2491.03141276 2547.29872569 2549.39057425 2557.0366414  2557.04590798
 2609.52185374 2646.26376902 2678.43752385 2727.32563399 2738.70480215
 2745.1571463  2747.16492892 2753.93500365 2824.49245955 2838.47670516
 2854.11773644 2857.06677758 2877.92539702 2906.74378089 2928.15826219
 2937.2483835  2969.96043367 2970.19823161 2994.92815087 2997.07956558
 3076.52534454 3079.23205444 3081.84326517 3090.08329385 3116.82462903
 3123.08050821 3127.35287123 3128.36032917 3152.88411689 3179.70945135
 3188.08007889 3196.17104218 3214.84954716 3220.31849982 3227.95196708
 3268.59101529 3278.20993203 3293.96946228 3311.16611342 3347.86599573
 3355.29456476 3394.72085681 3395.21858583 3421.25452712 3425.50272368
 3459.91849244 3477.73400489 3512.35640518 3513.47629549 3562.91743418
 3567.68389292 3569.83360764 3572.30771956 3610.00169327 3615.23374798
 3642.30274699 3643.28037186 3645.51791916 3646.43124459 3655.35206737
 3655.40390025 3655.41060019 3683.93931991 3701.88679788 3704.53654161
 3721.41636216 3738.23394992 3749.91268215 3765.82821105 3802.08576386
 3803.59268415 3808.78743918 3809.50849961 3843.41573943 3843.67813716
 3846.6153784  3850.09044832 3869.33788171 3884.57854978 3892.0122521
 3900.69777691 3904.60287644 3909.66569928 3932.62623386 3979.28472997
 3979.4930615  3984.25095365 3998.84016069 4013.58086643 4039.96213806
 4080.13755696 4100.93677691 4108.6825432  4158.07398232 4162.58917656
 4178.84606917 4182.63666969 4216.89303983 4219.35485185 4225.02283612
 4249.4154583  4257.82848548 4272.17462796 4295.2898612  4342.36035374
 4418.6412601  4431.0331195  4456.07940269 4473.81321584 4475.79599868
 4495.84909176 4497.02284827 4497.02804822 4508.76921325 4508.94427841
 4509.66617216 4546.05762381 4546.95364938 4567.2034741  4592.02399257
 4593.65594511 4593.97904232 4595.68682753 4596.45888752 4663.04394447
 4673.29115577 4680.10176348 4696.80781887 4697.33484764 4724.94750861
 4735.32755209 4744.53457239 4767.26167566 4771.20257488 4777.74845155
 4779.04700698 4782.33934514 4795.43446512 4816.42721674 4839.69911529
 4840.7879392  4843.33525048 4859.78134145 4860.1303051  4866.11331997
 4866.91737968 4872.80329539 4908.20178897 4914.48580124 4917.26767716
 4945.78566364 4945.79313024 4947.16895166 4949.89686138 4957.82595941
 4957.82972604 4975.78750393 4997.66764786 4999.28783384 5007.94952553
 5008.66541933 5014.87696556 5018.43163479 5021.31937646 5026.99042737
 5034.53816203 5035.60135283 5050.19749315 5053.07866821 5054.49392262
 5059.5297457  5060.15440696 5062.4288206  5068.72319945 5069.08092969
 5074.1734856  5075.61713977 5075.62020641 5077.67472196 5124.92327963
 5124.97461252 5126.10170276 5126.24686817 5127.80125472 5140.54774438
 5144.1000803  5147.25091969 5169.318062   5188.42626326 5212.87568495
 5213.59531206 5219.66199288 5220.82431615 5222.49586835 5226.43666757
 5230.8038631  5234.00440206 5264.02310887 5280.79076373 5282.93714515
 5282.94094511 5290.79887709 5297.03348979 5311.08220151 5328.97921326
 5329.81290604 5337.21304198 5352.09774647 5352.85443992 5360.14201017
 5363.66801298 5365.35626503 5410.33174238 5412.38699125 5417.8034777
 5426.54356871 5433.00831275 5440.72571261 5440.99187697 5441.35397384
 5442.16386683 5442.93779346 5443.72485332 5446.57179534 5447.11359065
 5448.21654777 5449.55806949 5450.91829105 5452.69250902 5457.55640025
 5459.33261821 5460.60790717 5470.53422125 5474.41142102 5478.22355469
 5478.68975065 5486.60204883 5496.7906273  5498.54367879 5504.79619133
 5507.26710328 5508.08846283 5511.16126957 5521.34334809 5524.84425112
 5533.8571731  5533.93553909 5535.85125584 5538.10693632 5546.76436137
 5546.76959466 5548.51861286 5561.58459975 5564.39997538 5566.51709039
 5566.55072343 5571.94674339 5573.96499258 5574.39975549 5575.49431268
 5576.84760097 5581.58402663 5582.83314915 5583.52017654 5586.97731328
 5587.82040598 5588.17120294 5588.67769856 5589.15752774 5596.70312909
 5597.50368883 5599.99876723 5600.68502795 5613.49041711 5614.10174515
 5614.8318055  5628.94175002 5631.76095895 5641.59007387 5644.45814904
 5652.31574769 5689.79378993 5693.48209134 5696.47376544 5709.30822101
 5731.01749976 5743.72318977 5778.62462099 5780.03297546 5783.15568176
 5788.55653501 5797.54299056 5801.49945631 5805.08952523 5815.07260548
 5826.93840277 5827.11523457 5827.50036457 5827.57429726 5836.18062276
 5838.77596696 5904.31533297 5916.44822794 5921.58481681 5922.34681022
 5922.93190515 5923.27463552 5940.50325305 5949.90707164 5950.19833579
 5950.30090157 5950.65033188 5950.81156382 5951.6875229  5952.03231991
 5952.08995275 5952.44381635 5952.62818142 5952.81141317 5953.03394458
 5954.14340164 5954.49583192 5955.48532336 5957.51377247 5958.50526388
 5958.57152998 5958.65432926 5958.90529375 5960.14541635 5960.69627825
 5962.00183362 5963.95451671 5966.68665973 5966.7173928  5967.65055139
 5970.42349405 5971.27148671 5971.36218592 5983.52258066 5983.58618011
 5983.64161296 5983.67714599 5984.00497648 5984.20570808 5984.49037228
 5984.84330256 5985.78582773 5985.90419338 5988.73443554 5994.07055602
 5999.16257861 6002.63458189 6002.813347   6003.89020435 6004.89076236
 6010.48548059 6014.81567644 6015.03694119 6015.09877399 6015.19937312
 6018.28871305 6019.9262322  6030.90357051 6038.23994034 6041.49667882
 6041.72671016 6042.23703907 6042.69616843 6043.06046528 6043.07849846
 6045.84190787 6047.85852375 6053.32570975 6069.66660164 6070.83772483
 6071.01395664 6073.22617082 6073.59113433 6080.5804405  6086.25889134
 6086.26479129 6089.10616669 6092.54503693 6096.85466629 6102.66911596
 6111.17044237 6136.29435822 6146.98259903 6148.15458889 6152.72204935
 6153.68617434 6157.95070409 6161.95340277 6162.01410225 6163.59285525
 6165.78080297 6180.41310965 6190.52552211 6192.23350732 6192.2520405
 6192.45793872 6192.86910182 6193.68699474 6195.62567796 6197.64809379
 6203.64880851 6208.72926453 6212.04930246 6213.08742681 6213.12872645
 6213.48369004 6214.23485021 6214.33141604 6214.58054721 6215.44003977
 6219.40667211 6224.14913105 6227.61276774 6232.89865531 6234.39214239
 6241.21158335 6248.55691977 6254.40620247 6255.73715762 6256.07625468
 6256.58188364 6256.95078044 6257.36791017 6257.656641   6257.8990389
 6257.98660481 6258.00433799 6260.27238503 6260.45741676 6266.46709807
 6273.12440711 6275.20048914 6281.9398308  6291.79507882 6292.15894234
 6292.33314083 6293.78439493 6299.7807097  6299.90544195 6300.68133523
 6308.95953024 6309.0569294  6320.43953087 6335.29310229 6363.80812212
 6365.72620552 6381.47923582 6382.10693039 6383.57701766 6383.59375085
 6385.69286601 6388.39117599 6391.31718399 6393.40683257 6395.71587925
 6397.20129973 6402.57325322 6404.66900175 6405.17803068 6405.3026296
 6410.29665303 6411.21104512 6411.40404345 6413.07182901 6413.36049318
 6413.56929137 6413.57785796 6413.71739009 6413.80788931 6414.2091525
 6414.60248243 6414.81991388 6415.55940748 6415.61044037 6417.90775382
 6418.19578466 6427.84226782 6429.81295076 6431.28580468 6434.20327942
 6437.34005227 6438.63694105 6438.65214091 6441.91341268 6445.20281754
 6450.03874235 6452.09399122 6473.86296945 6491.86728027 6499.90157739
 6501.15359988 6501.48946364 6502.3529895  6504.25507303 6504.53150397
 6507.14821466 6517.10626179 6517.84278875 6519.91247083 6521.55408996
 6521.82348762 6523.09414329 6525.6845542  6528.94835928 6530.12954906
 6540.0744963  6551.93146033 6553.71127826 6554.32523961 6555.87515953
 6566.60106668 6568.48708369 6577.50017234 6577.51570553 6578.74809487
 6584.62654398 6585.24677194 6585.69926803 6586.32266263 6593.40113469
 6598.49939056 6600.60553899 6608.67353582 6635.43063754 6643.13850415
 6644.74925687 6646.63497388 6653.51498099 6655.17179999 6656.70005342
 6657.36588099 6666.02903933 6679.38525705 6702.81855421 6702.84912061
 6703.19781759 6703.40328248 6716.50350241 6735.76336903 6744.13469656
 6747.97402999 6750.48094163 6751.28483467 6751.55576566 6752.87225426
 6753.8304793  6756.54402248 6757.99747656 6758.38583987 6763.46199592
 6765.35661286 6774.17586985 6776.35468432 6778.58196504 6780.29668353
 6781.32794127 6791.51201978 6793.06093971 6794.62199286 6794.77435821
 6797.00107227 6799.94071349 6800.88080535 6800.90267183 6801.20726919
 6801.29760174 6801.32870147 6801.33673474 6801.48196681 6801.77516427
 6802.01662885 6802.35852589 6803.00128699 6803.72524739 6804.61663968
 6806.85602029 6807.9259777  6812.23570706 6812.40063896 6815.61541113
 6840.23946465 6849.46978475 6858.43747379 6868.42952063 6872.42451938
 6877.23974436 6877.46657573 6877.97180469 6878.37573453 6878.60966584
 6883.71835495 6891.31435586 6932.58156531 6941.63875357 6941.87105156
 6942.70354435 6942.74727731 6942.76711047 6943.23250644 6943.27567273
 6943.48677091 6944.74552668 6945.44658728 6945.70088507 6946.15458115
 6948.43009478 6953.06908796 6957.184319   6957.95384568 6964.59322154
 6964.78478654 6975.22126287 6990.46173094 6996.69054369 7011.10728556]"
445,743199_2024-12-05_E-390,PL,True,"[  20.37423288   20.74776298   21.1881925  ... 7022.77191792 7022.81731753
 7022.83008409]"
446,743199_2024-12-05_E-406,PL,True,"[  21.30479149   35.00400624   40.91372175 ... 7019.30808124 7019.8597098
 7022.70898513]"
447,743199_2024-12-05_E-407,PL,True,"[  20.41546585   20.71702991   21.41862384 ... 7016.75906997 7016.76740323
 7023.46531192]"
448,743199_2024-12-05_E-410,PL,True,"[  20.63469729   21.22972547   21.29449158 ... 7010.35092544 7010.3564254
 7022.29055542]"
449,743199_2024-12-05_E-412,PL,True,"[  53.57947878   72.75211281   94.11249458 ... 7015.29371599 7017.42489754
 7021.54289523]"
450,743199_2024-12-05_E-414,PL,True,"[  20.24986729   20.76266285   22.33014928 ... 6541.02512141 6624.85896238
 6949.03745619]"
451,743199_2024-12-05_E-415,PL,True,"[  22.14225091   34.74850845   35.37433637 ... 7019.34791423 7020.17117377
 7021.27649753]"
452,743199_2024-12-05_E-416,PL,True,"[  37.4615183    39.73529862   71.16035992 ... 7008.25247694 7015.29371599
 7020.28000616]"
453,743199_2024-12-05_E-417,PL,True,"[  33.3146542    36.04483056  186.76182591  314.19028951  329.61968929
  436.27006609  709.83583135  756.58099337  808.00398157  834.50178553
  845.31842524  906.14773201  910.62549325  912.87367379 1125.19593586
 1167.32960447 1228.05731213 1247.10878055 1264.43283058 1299.96875631
 1359.5444406  1437.07836944 1438.74215504 1455.26151204 1455.46061032
 1479.97146481 1502.47070339 1521.07737565 1550.28998945 1606.38007058
 1624.05401759 1633.43760303 1633.57343519 1634.68229225 1635.01615603
 1635.3854195  1635.49431856 1635.75054967 1636.88453986 1637.20150378
 1637.21833697 1637.56146733 1638.23012821 1639.79498133 1639.90604704
 1640.80693924 1647.226117   1652.67060321 1703.64546195 1709.99757363
 1724.38048246 1725.48623956 1725.8014035  1727.33372357 1744.72637301
 1747.9700116  1752.13427555 1752.14290881 1753.4189311  1760.04347375
 1761.36896228 1766.70378277 1766.71294935 1780.1617996  1780.17073286
 1781.44318851 1781.8340518  1781.84448504 1785.28142195 1790.84140716
 1791.63200031 1791.64000025 1810.71916842 1810.8262675  1811.44472881
 1814.32447055 1814.90916549 1815.02096452 1815.68102547 1816.08662196
 1816.09458856 1816.10152183 1816.45435211 1816.74018297 1817.10137984
 1817.74890757 1819.16402866 1821.50210842 1822.05357031 1822.19406909
 1823.78642198 1825.06404425 1828.46241483 1830.0493011  1830.56292998
 1834.2341982  1836.92270826 1837.38713758 1839.74925046 1840.62094292
 1840.98800641 1842.85235693 1848.9215044  1853.84702843 1864.60903527
 1883.05294228 1906.16154224 1906.64050476 1906.92196899 1906.97043524
 1907.11760063 1907.13933378 1907.50453062 1908.01135956 1916.33075422
 1919.67442527 1929.28177544 1929.29557532 1962.26035664 1972.81179863
 1994.35154551 1996.40062777 1996.42212759 1996.60992596 1996.62302585
 1996.74732477 1996.7559247  1996.94648971 1997.11005497 1997.50698486
 1997.69558323 1997.77304923 1997.78698244 1998.43984345 1998.72690764
 1998.89243954 1999.4007018  1999.50310092 1999.5123675  1999.83649803
 2000.23246127 2000.92248863 2001.18678634 2001.51895013 2001.86681379
 2009.83307816 2010.29777414 2014.50693771 2016.71141862 2017.73994305
 2018.19200581 2034.28056654 2042.59629456 2057.17470169 2057.68859724
 2066.64941968 2066.99245004 2085.10115995 2085.55982265 2086.1811506
 2086.20011711 2087.18360859 2087.83080299 2088.00066819 2088.50193052
 2088.72709523 2089.71835332 2090.11491655 2090.92760952 2091.49853791
 2092.5010959  2092.53646226 2094.16591482 2095.52390306 2096.08209823
 2098.00984821 2098.61014302 2099.3013037  2099.65000068 2099.98626444
 2131.8094223  2205.44978484 2218.48470534 2218.49193861 2227.18803
 2230.09727149 2245.72083625 2253.04413952 2255.32781975 2255.67228344
 2255.69694989 2255.75091609 2283.23307819 2311.12647007 2324.79118512
 2335.79428987 2335.83615618 2338.92432945 2339.71692259 2351.59991972
 2351.83811766 2357.70083358 2361.84716435 2361.87556411 2363.43038398
 2366.74468862 2371.77457842 2373.46079715 2377.11193222 2380.30347126
 2391.25107649 2426.91750108 2452.7079445  2494.78054697 2533.38377948
 2537.19441316 2553.97336791 2553.99273441 2591.739341   2606.97784242
 2606.98484236 2606.99047565 2606.99644226 2636.07939051 2649.20151026
 2649.94590381 2660.56651188 2660.57897844 2663.26122188 2663.26755516
 2663.27278845 2665.48056934 2666.65182587 2679.04245194 2686.46585435
 2707.56490504 2763.66568609 2763.83005133 2764.01791637 2764.27914744
 2764.86267572 2764.88664218 2764.8966421  2765.41303763 2765.47560375
 2765.63106907 2765.88700019 2766.38606254 2766.48472835 2766.67076007
 2766.75682599 2766.93972441 2766.96829083 2767.05405675 2767.72891758
 2768.68287599 2769.39426983 2769.53256863 2770.70955844 2772.65800824
 2772.67867473 2772.92137263 2772.98837205 2773.06330474 2773.36870209
 2773.44793474 2775.72878166 2775.85568056 2777.92856262 2779.11018573
 2779.33368379 2780.88100373 2783.23368337 2783.90797753 2790.97328304
 2791.12568172 2791.20204772 2794.08775608 2798.99868023 2802.58531585
 2807.11307666 2828.43282544 2838.78593582 2841.87790906 2843.43326226
 2844.31285464 2844.3222879  2845.1378475  2848.56495117 2850.08390469
 2851.08559602 2851.46975936 2893.50366217 2903.05971278 2939.86806082
 2940.02925943 2940.38998964 2955.11052888 2956.64051563 2995.12934913
 3002.08232228 3004.46376833 3028.77789119 3029.40448577 3031.71356578
 3071.84728504 3072.87404281 3074.08386567 3074.30063046 3074.31789698
 3105.92612337 3126.8943752  3184.3397446  3187.86888072 3187.87524733
 3187.88284726 3187.89068053 3190.3471926  3218.85857913 3220.9486277
 3232.4853945  3232.49876105 3232.50912763 3261.76467438 3266.39720095
 3280.36248006 3280.37091332 3288.27481157 3300.70520397 3303.58007908
 3310.76648354 3313.48369335 3320.95156204 3323.05391051 3323.07357701
 3324.32459951 3324.35713256 3326.10785074 3326.11335069 3329.1007915
 3329.25579016 3330.36264724 3389.16413824 3389.17693813 3391.91174779
 3392.20987854 3397.57966539 3413.11313093 3508.26354061 3547.25326977
 3555.6873301  3562.84950143 3562.8575347  3562.86196799 3582.79889541
 3589.60460317 3597.07530516 3666.27913945 3666.82920135 3682.44926614
 3697.15940547 3701.85883146 3708.27587591 3725.72005824 3733.94688703
 3751.45016885 3752.28742826 3757.97594569 3762.1648761  3793.04434213
 3803.86724844 3807.63341584 3809.44300017 3817.60106289 3817.61859607
 3834.85668019 3875.8853917  3902.61742696 3982.64080092 3984.89764805
 3986.0319049  3986.3090025  3986.50323415 3987.47402575 3988.15888649
 3991.00496185 3991.01176179 3991.02386169 3991.03109496 3992.57964822
 3993.16694314 3993.35844148 3996.37394871 3996.64967965 3996.9829101
 3997.12960883 3997.14547536 3997.15987524 4000.0789833  4000.93570922
 4001.26303972 4001.89876755 4002.69746064 4003.75368483 4005.73290103
 4006.22976339 4006.23762999 4007.18378847 4012.05964626 4012.26224451
 4012.73327376 4012.73957371 4012.7600402  4014.39125941 4015.13238633
 4021.08496814 4033.48826077 4033.70719221 4034.4477858  4078.02524191
 4078.91260089 4095.11532731 4095.2618927  4129.67456148 4137.21849618
 4139.84334013 4160.63029352 4160.64326007 4160.64949335 4176.63615497
 4176.64578822 4187.00436522 4209.98186632 4214.65015924 4229.10393412
 4229.11800067 4229.12683393 4229.13233388 4242.14978786 4242.15892112
 4243.47774303 4243.83873991 4244.64909956 4245.15236187 4250.54521519
 4258.40748046 4263.02514049 4264.57269376 4267.9064649  4272.96008783
 4279.00213552 4279.23813348 4279.24810006 4279.26846655 4279.2745665
 4280.73312054 4301.80730478 4301.86543761 4301.88430411 4375.74876472
 4376.19496086 4377.09791971 4390.14230679 4391.48412851 4424.77620699
 4424.78500691 4425.5683668  4429.54776569 4429.5574656  4429.56686552
 4429.57216548 4436.07987581 4437.59542936 4452.24043592 4469.05615702
 4469.06069032 4472.02553132 4479.87939667 4498.39780303 4534.61578952
 4538.21195839 4538.56638865 4553.21599518 4561.84105385 4564.49076424
 4574.5004776  4575.29170408 4575.30950393 4575.52586872 4577.30411999
 4577.31231992 4577.32511981 4577.33261975 4577.33948635 4577.34885294
 4590.30954075 4590.31884067 4590.68260419 4591.17546659 4591.53699679
 4591.60792951 4591.71189528 4592.14432487 4592.33518988 4592.50942171
 4594.06120827 4594.7932686  4594.92553412 4595.15469881 4595.32826397
 4595.79559326 4596.9226835  4597.47854536 4597.7201766  4598.0282406
 4598.27713845 4599.10973124 4599.41032864 4599.52489431 4600.00315684
 4600.32382073 4602.02820597 4602.75083305 4603.72929125 4603.86342342
 4604.92521423 4605.95520531 4606.28706911 4606.48680071 4607.67049047
 4610.50973256 4610.77666358 4611.14152709 4611.23739292 4611.47785751
 4611.68542238 4619.98391721 4625.32760429 4625.52070262 4628.32904497
 4632.52237534 4639.21768405 4649.1001985  4657.19739508 4703.47619448
 4733.528001   4733.53226763 4733.53843425 4734.14652898 4761.96528818
 4768.59869742 4787.15160349 4799.24209883 4803.91135841 4832.43487817
 4894.32574242 4894.33840898 4894.35087554 4921.79283799 5026.40599909
 5041.92486476 5054.09475941 5072.46173375 5072.55983291 5091.88879892
 5187.84586829 5196.07719703 5199.22100315 5199.22560311 5199.2309364
 5200.10686215 5200.28569394 5200.31832699 5200.32392694 5200.33262686
 5201.16728631 5202.77957235 5203.16923564 5204.15499378 5204.17642692
 5204.28395933 5204.52472391 5204.67008932 5205.00801973 5205.07835245
 5206.78477101 5206.93560304 5209.22734987 5209.30921583 5210.80473621
 5211.54216316 5211.87786026 5212.19405752 5212.44178871 5212.88851818
 5212.92108456 5213.67911133 5214.27257286 5214.77113521 5217.14354801
 5219.91915732 5229.86607121 5229.8749378  5229.88407106 5234.78712861
 5259.06545179 5322.617135   5346.42992887 5353.85983122 5380.51313383
 5380.52340041 5402.98823928 5407.31970179 5423.58662764 5459.21421924
 5481.64135843 5481.65842495 5485.63369054 5509.90591377 5522.29677317
 5535.15829517 5558.16226271 5558.28569498 5559.17745392 5570.84645291
 5571.5643467  5578.04709058 5587.04797933 5610.92093935 5617.33605048
 5617.34135044 5617.35271701 5617.35815029 5617.64911444 5622.27130776
 5622.50260576 5622.68360419 5622.96903506 5622.97653499 5623.17516661
 5623.19003314 5623.81262775 5623.8190277  5624.75621959 5625.08241676
 5625.91447623 5626.19140716 5626.95963385 5626.96706712 5627.13949896
 5627.83135963 5627.84075955 5627.86062605 5627.87282594 5630.77283417
 5630.79190067 5633.87430732 5633.98370638 5633.99757292 5635.59905906
 5645.2555088  5645.26667537 5651.9067179  5653.25597288 5660.82644068
 5664.39627645 5665.6268658  5676.52727144 5678.92665067 5686.30422014
 5725.41748156 5739.1340295  5742.59633286 5803.38457332 5803.39673988
 5803.40150651 5803.40697313 5803.42583963 5847.95182087 5856.81524414
 5989.74576012 5989.75049341 6077.70773203 6093.36349651 6093.37022978
 6093.37729639 6093.383363   6100.89823128 6101.18942876 6101.21142857
 6113.95738491 6118.01181648 6163.14845909 6167.84505177 6270.5679959
 6270.57639583 6270.58296244 6270.58912905 6270.5991623  6405.23559684
 6405.26192995 6420.94232755 6519.92470406 6541.17705343 6558.37503789
 6568.18608629 6575.30802464 6602.10859265 6602.73662055 6619.96783805
 6619.98763788 6660.67971897 6660.68865223 6660.69258553 6660.7039521
 6660.71405201 6674.40430017 6674.41786672 6682.33073156 6696.72950692
 6701.20990146 6712.91653346 6735.85020161 6753.79967956 6758.20034147
 6820.24340441 6823.53544258 6875.49665945 6876.7387487  6917.76576022
 6949.21335467 6989.49840595]"
454,743199_2024-12-05_E-420,PL,True,"[  25.3549231    25.36538967   36.34286132 ... 7021.86139247 7022.06759069
 7022.15802324]"
455,743199_2024-12-05_E-423,PL,True,"[  29.64298598   50.29800718   51.41143088 ... 7021.76059334 7021.94309176
 7022.1163236 ]"
456,743199_2024-12-05_E-424,PL,True,"[  44.72568875   44.73122204   53.5570123    54.82620132   56.07055721
   57.33077964   57.50594479   57.55551103   58.61016856   61.22581259
   62.29813664   63.22739526   69.53907396   70.72753034   70.89236224
   73.11267636   77.48647183   89.34136921   90.79945659   91.5455168
   94.3835589    94.97108714   95.26398461   95.64801462   96.06364435
   97.45376565   97.46156559   97.73842986   99.09245147  108.60510246
  110.97408195  111.17171357  141.07985468  141.30975269  141.68474944
  141.73154904  141.8363148   148.59648961  212.05067367  213.64419321
  230.83207776  232.00456761  238.23854698  253.07248524  259.33313104
  267.72202509  269.11807967  270.12060433  274.88032979  292.0965141
  338.56944515  338.57187846  531.69214008  533.80258848  534.70311402
  535.03331116  536.81529574  536.83652889  537.43825701  537.65698845
  537.75845424  538.99927683  539.711104    540.52379697  540.78919467
  541.12219179  541.34868983  541.38068955  541.68435359  542.47081345
  550.97233985  554.33461075  559.16443561  562.09651023  562.78963756
  572.28048874  573.42037887  582.1695698   590.68259611  610.11569456
  610.12022785  622.75435182  623.05001593  623.59081125  623.66287729
  629.88965672  635.25061032  684.31335228  699.20572337  740.19383523
  744.45209837  774.55987108  786.7335657   840.22146936  841.16496119
  846.34781632  849.98121821  869.84951289  923.18971782  924.87990319
  925.18806719  925.40639864  925.70552938  925.94922727  927.10758391
  927.59271304  928.5255383   937.06453105  937.29202908  952.58603003
  954.55784629  956.88765946  963.79353301  965.412219    970.7835725
 1015.16692164 1015.65665073 1017.76346583 1024.04741143 1024.31884242
 1026.08526046 1033.46849655 1033.53912927 1044.7142992  1067.0522725
 1067.74993313 1092.49968556 1108.57424641 1123.6129829  1131.15711759
 1156.7133297  1184.53495554 1200.20678654 1202.76573106 1209.22037519
 1212.20898265 1212.21708258 1212.22161587 1216.3889798  1310.29643357
 1311.46882342 1327.06922172 1357.15839459 1361.04616093 1361.0813273
 1361.85528726 1362.67274685 1366.8951103  1383.19540254 1394.96256734
 1396.65361937 1397.24711423 1405.55967561 1484.5050589  1521.5221718
 1545.25639969 1621.3993739  1662.10115491 1677.43692216 1679.15680727
 1679.15987391 1679.16390721 1679.16817384 1679.17347379 1691.17076994
 1691.17430324 1691.17736988 1692.60125756 1716.82568119 1716.82864784
 1716.83198114 1724.90087796 1730.22669852 1735.29912128 1738.04579751
 1741.22853662 1748.6589723  1758.29192225 1766.11282122 1766.6883829
 1767.65944116 1817.62897528 1837.05184048 1838.50709455 1846.76438974
 1846.772223   1864.37143733 1864.38073725 1884.42879704 1884.43189701
 1884.43459699 1884.43746363 1884.44239692 1902.66297253 1909.0931502
 1924.03175422 1942.28252957 1993.32562106 1993.33628763 2032.16428486
 2094.79487604 2204.57599241 2213.93114476 2224.59881908 2224.60215239
 2224.60658568 2265.49513174 2270.00609269 2286.37745098 2332.77324936
 2332.775816   2332.7801493  2332.78594925 2352.79790935 2352.80247598
 2352.80637595 2362.74748989 2363.19141938 2363.19651934 2363.20191929
 2366.7628218  2420.12055992 2420.12469322 2420.12939318 2441.42740881
 2599.73943842 2618.90153921 2634.48430432 2634.49030427 2656.8440441
 2656.85001072 2656.85444401 2656.85984396 2668.90023974 2695.95727219
 2695.96017217 2718.37127817 2718.39121133 2740.88134998 2740.89351654
 2743.81065796 2743.81375793 2743.8167579  2743.82135786 2757.92693576
 2757.9307024  2761.70120309 2761.70430306 2761.70763637 2803.27520988
 2811.96613465 2811.96910129 2826.06714592 2841.27361429 2841.27994757
 2876.62304162 2876.6262416  2876.62970823 2892.44553799 2894.86475038
 2914.03455111 2914.03735109 2924.26342923 2935.43739918 2935.44143247
 2940.15205836 2948.26018818 2965.98386809 2965.98746806 3005.69862431
 3051.06093164 3066.17373415 3066.17970076 3066.18413406 3066.190634
 3079.36551996 3124.47842944 3124.4840294  3126.20444784 3145.69034583
 3145.69897909 3147.03056756 3161.21117814 3161.21504477 3165.59637351
 3165.59930682 3175.30298949 3187.13122043 3201.03143344 3201.03506675
 3201.93899225 3239.93772999 3252.81075189 3252.81738517 3259.20799652
 3271.34552478 3304.55253733 3304.55820395 3304.56323724 3304.5680372
 3314.60048369 3314.60335033 3314.6065503  3314.61161692 3321.46832424
 3348.91758663 3348.9209866  3427.26184179 3437.33312127 3446.39947613
 3446.40320943 3446.40914271 3451.03993596 3451.05433583 3451.05973579
 3454.92480233 3462.04217405 3462.048374   3464.32608762 3464.33052091
 3470.62729974 3475.34825887 3522.23711965 3546.22454534 3546.22794531
 3564.83275093 3564.83565091 3567.52966092 3633.81688712 3653.04232069
 3653.99184581 3667.28513074 3672.4192863  3680.6326152  3732.76606391
 3738.5212141  3738.52411407 3748.7593588  3779.10566278 3779.10906275
 3795.84681787 3866.72270434 3866.72687097 3890.49259858 3892.93184414
 3942.28598358 3942.28891689 3942.29198353 3949.9344507  3949.93715068
 3954.81600845 3961.57971656 3987.28366073 3987.28669404 4000.98707544
 4011.57341714 4012.57367515 4012.57680845 4012.58154174 4022.13042575
 4057.98394873 4057.99821527 4086.5172684  4096.77707959 4159.57500266
 4159.5854359  4199.18612644 4199.18935974 4199.19335971 4200.5725811
 4200.57584774 4203.63452126 4208.61007819 4264.84339142 4265.45735277
 4265.46008608 4265.46321939 4265.46858601 4265.47395263 4284.06652502
 4310.82739337 4310.82992668 4310.84545988 4313.01430777 4313.01747441
 4313.02217437 4338.12182376 4338.12562373 4341.68155962 4343.20337978
 4348.59409978 4348.60116639 4351.7342726  4351.74007255 4351.74447251
 4352.57083202 4358.42808132 4363.81703467 4374.52630864 4378.83570467
 4378.8391713  4389.6982773  4389.70127728 4402.13473632 4402.13770296
 4402.14780287 4410.79959464 4410.80286128 4410.81032788 4458.92261141
 4458.92601138 4473.06848896 4473.07275559 4491.29756449 4503.97252144
 4511.62808851 4630.56409229 4630.56842559 4630.57292555 4635.23008524
 4635.23335187 4635.23748517 4635.24268513 4656.03487181 4659.83387226
 4659.83767222 4660.62396542 4678.88290736 4678.89500726 4681.09278823
 4681.09608821 4702.72143434 4704.67595076 4704.67885073 4704.68191737
 4704.68521734 4726.26409722 4726.26999717 4726.27773043 4726.67539366
 4726.67819363 4727.48558664 4727.48961994 4733.01630543 4735.02542138
 4735.0337213  4738.45065839 4744.58897192 4754.15585578 4754.16228905
 4754.16552236 4763.00204587 4763.00711249 4763.52857464 4770.0261184
 4770.02898504 4770.03191835 4770.54341392 4770.5491472  4771.00484326
 4771.00854323 4772.94242649 4772.94542646 4773.4722219  4773.48068849
 4780.36029561 4780.36409558 4784.08952999 4784.1003299  4794.85767012
 4794.86050342 4794.86587004 4799.5111965  4829.07827389 4829.08294052
 4829.08637382 4839.27668561 4839.27951892 4842.21399352 4851.35931435
 4851.36214766 4914.3449358  4930.91915899 4930.9223923  4930.9292589
 4954.8272187  4954.83041867 4974.81374569 4974.81737899 4982.9270088
 4984.1547315  4986.80530856 4993.10585402 4993.10955399 5002.71893747
 5002.72220411 5002.72557075 5007.73629404 5013.66537605 5013.66877602
 5054.89978578 5081.2405911  5081.2436244  5081.25892427 5084.85309316
 5084.85742645 5084.86485972 5085.34982219 5088.69719322 5095.26503636
 5095.26876966 5097.33025182 5097.33341846 5097.33788509 5098.13724483
 5098.14041147 5103.38153277 5103.38573273 5103.3896327  5105.88374444
 5108.08142542 5109.21981556 5109.22278221 5111.91219226 5125.1390111
 5129.46914028 5129.47287358 5142.93689037 5142.93975701 5162.28738953
 5162.29265615 5162.29708944 5177.59635701 5177.59932365 5186.92320961
 5186.92597625 5193.09498951 5193.09775616 5197.38535238 5202.318843
 5202.32237631 5202.32744293 5218.14240603 5218.14523934 5218.14813931
 5220.75365009 5223.61099203 5302.07217951 5304.16019477 5304.16289474
 5304.17592796 5317.38728027 5368.00660876 5368.01584201 5417.55731317
 5417.56007981 5424.72915108 5424.73178439 5424.73851767 5424.74361762
 5424.88464974 5452.23987961 5452.24267958 5452.72127544 5488.20600161
 5488.21606819 5500.90949164 5500.91292495 5505.49065199 5505.4934853
 5505.4967186  5517.32318289 5565.1256691  5579.94690747 5579.94957411
 5579.95314075 5606.85074125 5606.85360789 5606.85740786 5656.64704353
 5656.65431013 5666.94828769 5666.95212099 5707.8188339  5720.55595698
 5720.56489024 5721.99104456 5727.16049981 5727.16346645 5727.17166638
 5764.70360816 5764.70674146 5764.7098081  5766.21722839 5766.22179502
 5773.38246636 5773.38543301 5773.38953297 5773.39669957 5773.40179953
 5777.81949462 5800.97182754 5803.01150989 5803.01574318 5805.15722465
 5843.4193601  5870.09622918 5870.10802908 5870.55369189 5945.67857491
 5945.68340821 5961.31637288 5964.37931304 5964.38251301 5968.05861452
 5975.10172022 5995.82370751 5995.82650749 5995.82944079 6031.65973063
 6031.66253061 6031.66563058 6054.45853328 6054.46109993 6054.46396657
 6056.37918332 6056.38234996 6056.38711659 6058.81676222 6058.8197622
 6065.89916758 6083.28908372 6101.86355626 6101.86635624 6101.86945621
 6114.68387862 6114.68727859 6118.69094393 6125.60221744 6125.6065174
 6147.53152761 6163.19475869 6163.19752534 6185.4281329  6195.22408144
 6266.81769503 6287.87827939 6287.88164603 6287.8885793  6289.31790026
 6291.37711577 6299.36617995 6300.22460585 6300.22773916 6301.39152909
 6308.7833651  6312.88319628 6312.88636292 6318.15475064 6318.15765062
 6321.71955312 6321.7223531  6326.28758024 6326.29088022 6341.86834537
 6344.91408567 6349.9934417  6349.99734167 6358.17187091 6358.17647087
 6364.78301368 6371.11002558 6371.11335888 6373.13507472 6376.2022815
 6376.20528147 6412.98269645 6412.98712975 6416.75893043 6416.7618304
 6437.48981764 6445.41854901 6445.42434896 6474.11070064 6474.11360062
 6474.11770058 6480.56044481 6500.38863984 6536.94585672 6536.94852336
 6536.95535664 6536.95905661 6537.26562062 6585.74573429 6588.34911176
 6607.13328249 6607.13884911 6607.14274907 6623.77023847 6652.50462307
 6652.50738972 6652.51545631 6658.00350881 6663.0412652  6668.48758472
 6668.49065136 6713.66466032 6713.66762696 6714.20378899 6723.38537617
 6725.26125994 6727.76197162 6764.18638965 6773.92883865 6782.33243258
 6811.60977914 6839.85120134 6862.39350621 6862.39817284 6894.57282765
 6894.7558594  6900.89127296 6900.89480626 6905.17393589 6919.43277913
 6920.45163697 6925.36786108 6926.03572197 6953.16402047 6965.50398032
 6965.50711363 6965.51064693 6968.84095143 6974.5743018  6997.83400046
 7002.17966284 7005.1146041  7005.12047072 7007.98874589]"
457,743199_2024-12-05_E-432,PL,True,"[  31.09437341   50.71890354   55.69529379 ... 7021.0228664  7021.68399401
 7022.49392033]"
458,743199_2024-12-05_E-433,PL,True,"[  20.40023265   21.05032703   21.16182606 ... 7013.64776357 7016.36604004
 7019.14458266]"
459,743199_2024-12-05_E-434,PL,True,"[  22.16145074   24.08150079   26.9493093  ... 7021.64876098 7022.25555573
 7022.2659223 ]"
460,743199_2024-12-05_E-446,PL,True,"[  24.7924613    25.22189092   25.82731901 ... 7023.13204814 7023.20601417
 7023.29724671]"
461,743199_2024-12-05_E-447,PL,True,"[  20.6991634    21.52192294   22.74297904 ... 7021.56149507 7023.07624862
 7023.11101499]"
462,743199_2024-12-05_E-448,PL,True,"[  21.89105308   24.18293324   24.41279792 ... 7022.70095187 7023.32241316
 7023.41567902]"
463,743199_2024-12-05_E-449,PL,True,"[  20.63613061   20.88536179   43.55263224 ... 6998.38676234 7002.31229503
 7005.82426463]"
464,743199_2024-12-05_E-451,PL,True,"[  20.29683355   31.28423844   31.52880299 ... 6659.68742756 6743.14783844
 6874.41206884]"
465,743199_2024-12-05_E-453,PL,True,"[  44.43389128  431.91973708  612.26604261  629.22999576  940.5864339
  948.26883406  996.35128451 1210.14643384 1260.5377643  1311.47655669
 1763.19897977 1763.42787779 1829.38290686 1870.89571418 1874.18958567
 1878.06838543 1963.92404223 1982.49941477 1989.30565586 2028.1971192
 2038.5709294  2051.58645007 2075.0109473  2118.52220398 2136.43341561
 2148.12424774 2149.29173763 2159.62478152 2162.98205246 2166.06792575
 2209.56011593 2232.1290539  2256.29821135 2268.77400336 2275.11291515
 2292.57733064 2304.54746036 2311.11483684 2311.71369832 2361.02687145
 2382.5631517  2405.05975696 2412.57609189 2478.74105248 2491.72387343
 2513.5648177  2522.92916998 2533.79230927 2564.85250707 2569.80089757
 2570.50252483 2574.05656073 2600.01703601 2600.20160108 2600.83572893
 2606.7837441  2655.5197889  2661.92993341 2686.08412432 2740.93421619
 2788.19730707 2822.97363936 2823.7548326  2842.18377307 2899.40044446
 2899.56984299 2953.9686721  2964.58314688 2968.84717664 2972.39044596
 2993.63299542 2995.54861217 3001.06476442 3041.97711027 3073.78693491
 3076.1139481  3076.4066789  3080.52517658 3089.47553244 3093.79159508
 3107.18751245 3107.32311128 3107.52017624 3128.50909455 3142.69493842
 3154.54533584 3161.9706049  3174.94142595 3175.34248915 3175.75378559
 3176.78004337 3184.19151255 3184.30457824 3202.92231708 3208.25113761
 3214.70924838 3268.49361614 3272.61904709 3294.84952132 3319.07437829
 3319.16694416 3329.57485406 3332.92762504 3347.78669642 3367.7854233
 3412.06537333 3499.64854852 3507.59557973 3508.12617513 3544.26902894
 3547.77516525 3570.03813921 3619.59927686 3638.85371018 3658.02061093
 3659.62909701 3668.91964992 3697.25763795 3697.39357011 3706.6323568
 3719.60077788 3721.50099476 3722.20582199 3730.79231433 3740.78982779
 3760.1694267  3760.36089171 3779.01189693 3780.12745394 3784.76364714
 3788.24635033 3801.41516967 3811.79864645 3834.72338134 3839.3338081
 3852.89739069 3853.52898522 3884.2025197  3902.14383106 3915.44168262
 3915.52494856 3915.72214686 3915.91027856 3916.0558773  3916.20624267
 3916.81177076 3926.64125234 3933.35706087 3933.69925791 3944.87776114
 3945.56505519 3953.78801735 3954.5324109  3955.14053897 3966.39757486
 3967.38883295 3968.12252659 3968.35239127 3977.44507923 3986.73063218
 4007.31128736 4010.05476362 4016.58470709 4021.04726846 4022.26069129
 4023.48174739 4049.32455702 4049.78611969 4060.05786411 4060.70449184
 4061.93321454 4062.47137655 4062.64227507 4065.78784784 4068.35655894
 4077.77157744 4082.29887158 4084.03622321 4086.2741705  4090.07723758
 4090.80496462 4091.88842191 4092.03875394 4092.29498505 4093.30434298
 4095.72368871 4097.11424334 4097.7187381  4098.06773508 4098.35943256
 4099.20835854 4100.33171548 4105.64776947 4105.95446681 4108.08728168
 4122.9640529  4126.52825539 4127.3241485  4147.37994155 4151.73130389
 4154.221449   4156.52632905 4172.3043258  4174.17650959 4174.46710708
 4176.08335975 4178.07334253 4178.63313768 4183.74569343 4186.23203857
 4188.06555603 4195.10356178 4200.48311521 4221.68669833 4222.05962844
 4223.85561289 4226.84578701 4228.09690951 4228.8061367  4233.54859565
 4234.80725142 4235.19418141 4237.9284244  4241.29349527 4241.43232741
 4241.97818935 4242.88278152 4287.37442972 4298.95016285 4313.58920279
 4325.63883182 4328.16834326 4332.52880551 4366.30727978 4428.43434199
 4429.17970221 4429.33410087 4429.73526406 4430.16416035 4449.06793005
 4458.57928105 4468.97699104 4469.18095594 4469.88684983 4497.96060682
 4538.72322063 4541.13613308 4566.22898253 4573.14652265 4581.54544995
 4588.21139224 4599.32589603 4599.3411959  4607.31002692 4627.24692101
 4635.7034478  4639.6125473  4675.95889934 4676.28962981 4735.30675227
 4735.55148349 4741.85482892 4745.1388005  4745.96102671 4757.95505622
 4759.8212734  4763.2059441  4769.67262146 4790.75670561 4790.8397049
 4862.46375156 4862.81534852 4863.2257783  4870.19841794 4883.49320286
 4883.58580206 4883.69700109 4885.61881779 4885.96918143 4886.93717305
 4886.95697288 4893.57488226 4906.50250368 4915.2873943  4921.18830989
 4921.51674038 4921.58843976 4928.12914981 4928.40451409 4928.45294701
 4929.09827475 4932.45191239 4934.22493038 4938.57602604 4938.96942264
 4939.43035198 4943.06482052 4956.35330549 4956.57263693 4968.15730331
 4973.07232743 4973.82335427 4978.96300978 4981.31868938 4982.5147457
 4983.12680707 4990.69674154 4997.81944655 5002.82360323 5022.74173081
 5030.42403098 5038.16663062 5038.17206391 5038.68889277 5039.14882212
 5039.7481836  5043.41731851 5060.05364116 5065.58382662 5084.29759797
 5093.23362061 5109.68881151 5127.6649559  5134.06643382 5157.85586122
 5157.93276056 5158.22509136 5160.82746883 5164.77296801 5173.46275946
 5174.45511753 5177.69842279 5188.110166   5211.63829566 5221.84580731
 5234.54459738 5236.3524484  5236.63321263 5237.62643737 5237.65643711
 5241.6696357  5241.97919969 5248.93910611 5249.2056038  5251.48071744
 5254.73318929 5254.78752215 5254.95335405 5255.05335318 5255.17605212
 5255.19475196 5255.72658069 5255.86857946 5256.65170601 5256.79973807
 5265.77646036 5267.58847801 5270.30162119 5272.83649925 5272.88419883
 5273.08766374 5273.19939611 5273.45542722 5275.63054173 5276.33553563
 5276.87916425 5281.30002598 5283.90853674 5284.50943154 5290.23998193
 5292.62129465 5292.72492709 5293.01532457 5303.71186531 5306.1818106
 5309.67061373 5310.16104282 5319.94852476 5321.31714625 5327.39422698
 5334.92476179 5342.72832758 5342.76539392 5343.1109576  5365.92462678
 5366.08589205 5381.45929231 5383.85077161 5411.17950171 5413.8715784
 5415.36363215 5419.40453051 5421.66041098 5426.54430204 5426.59743491
 5427.69015879 5427.71685855 5427.77485805 5428.012456   5428.3617863
 5430.04930503 5431.04826305 5435.56995724 5436.72468058 5440.2308169
 5440.43674845 5440.9191776  5442.51723044 5445.38963891 5445.68760299
 5448.4362792  5450.03493203 5450.11369801 5451.86231621 5452.35414529
 5452.54817694 5453.16757158 5456.83857313 5456.95937209 5458.13759522
 5458.73215674 5458.84992239 5470.65975349 5471.69537786 5482.8313148
 5482.90638082 5486.00878729 5490.8679119  5491.10550984 5491.61913873
 5492.74779563 5494.79187793 5495.01204269 5495.45007223 5497.14825753
 5497.16309074 5497.18192391 5497.31252278 5498.01685002 5500.12676508
 5500.44802897 5504.23989615 5507.19407057 5507.42700189 5509.94344678
 5510.43484252 5510.48347543 5511.08897019 5515.72633005 5519.70419562
 5521.36598123 5523.05353329 5524.41108821 5527.59769395 5528.25575492
 5528.38032051 5529.75877525 5529.86744097 5531.52605995 5531.94535632
 5534.32550238 5534.56596697 5535.27766081 5535.49532559 5535.63589104
 5535.79072303 5538.61346527 5540.09125247 5541.07531062 5541.25490907
 5541.83897068 5542.456332   5542.763896   5543.42285697 5543.94068582
 5544.96417696 5546.03653434 5546.14540007 5546.27353229 5546.82382753
 5547.81078565 5547.8397854  5548.1328162  5548.25634846 5550.3200306
 5551.45078747 5551.99361611 5553.88729972 5558.67752492 5558.77009078
 5558.8446568  5559.0450884  5559.20958698 5561.06150428 5561.21406963
 5561.29306894 5561.64776587 5561.90609697 5562.28992698 5565.53306557
 5565.69759748 5565.95419526 5566.07506088 5566.80205459 5567.61381423
 5570.65398791 5570.77418687 5571.2102831  5573.38883091 5578.01242422
 5580.29467113 5580.5944352  5581.41022814 5581.67842581 5582.27802062
 5582.51045195 5583.10638012 5586.46091775 5586.80454811 5587.04511269
 5588.10340353 5588.86589693 5589.52482456 5590.74031404 5598.47924705
 5603.20340615 5610.85367326 5613.0826873  5619.1517681  5627.79112665
 5634.62333417 5636.19038728 5664.22947789 5664.92793851 5665.47123381
 5673.31833255 5673.76639534 5674.53665534 5680.12517363 5680.84540073
 5681.23606401 5681.47636193 5683.06104821 5690.25701926 5701.79761936
 5703.81576856 5720.48932422 5720.85852103 5728.24515709 5729.48221305
 5729.70237781 5737.98440611 5738.98566411 5739.07856331 5739.80339037
 5772.924337   5773.11323536 5773.92612832 5776.63753819 5781.56462887
 5782.58712002 5783.24498099 5793.82882271 5794.03962088 5794.73708151
 5819.2294695  5819.76856483 5831.66056189 5832.15122431 5838.55730219
 5839.695859   5840.18695475 5924.74938942 5929.73967955 5939.47582861
 5940.52888616 5940.55938589 5981.26286689 5999.1667119  5999.26081109
 6020.36559507 6057.15714325 6070.26619645 6070.3518957  6070.44196159
 6115.11857486 6148.13535572 6160.35098331 6160.6489474  6161.6147057
 6180.04047954 6210.0418865  6211.27770914 6255.23416197 6255.38236069
 6264.50781503 6306.75471599 6311.3473429  6311.40300909 6336.92132153
 6358.30363644 6369.48737296 6369.70563774 6369.84466987 6374.01590043
 6375.42258825 6411.23191161 6462.98789692 6463.4176932  6474.78862811
 6476.86374348 6514.73151568 6531.6031363  6535.32307077 6535.81313319
 6537.97474781 6538.59020915 6538.81860717 6539.55380081 6540.687291
 6541.28765247 6550.95256881 6552.54792166 6552.90851854 6552.96865135
 6553.02311755 6553.05345062 6559.94712428 6577.23017467 6577.88853564
 6607.83817639 6614.52085187 6628.94819365 6630.71597835 6662.89986642
 6675.46982428 6675.91492043 6676.53998168 6697.00090457 6719.12584638
 6719.66824168 6720.48916791 6721.35116045 6736.04829989 6755.38846581
 6759.45429728 6761.87587632 6770.81739892 6770.96629763 6773.25361117
 6787.60685359 6798.38656027 6799.43088457 6801.50366662 6818.64381825
 6829.30629262 6833.71562112 6860.22555831 6861.96684324 6862.23527425
 6862.41773933 6862.79503607 6864.7935521  6865.74154389 6866.53040373
 6870.56406882 6870.6085351  6902.19419501 6915.19768245 6915.65257851
 6969.57201177 6998.91082447]"
466,743199_2024-12-05_E-475,PL,True,"[  20.98246095   21.11842644   21.16302605 ... 6987.31525818 6989.62937148
 6993.49407136]"
467,743199_2024-12-05_E-477,PL,True,"[  24.93082677   25.06769225   25.15152486 ... 7014.00129384 7014.10822625
 7014.11762617]"
468,743199_2024-12-05_E-478,PL,True,"[  32.79842533   43.21853513   63.77862382 ... 7013.62816374 7016.75763665
 7019.1315161 ]"
469,743199_2024-12-05_E-479,PL,True,"[  20.31220008   20.93586135   22.11748446 ... 7022.58768618 7023.14548136
 7023.14724801]"
470,743199_2024-12-05_E-481,PL,True,"[  25.88738515   36.32119484   36.43119388 ... 6971.15756471 6991.29169043
 7009.66986467]"
471,743199_2024-12-05_E-483,PL,True,"[ 110.12668929  110.31892096  129.19892419  129.24685711  129.27029024
  129.30218996  129.34978955  129.77578586  129.78471912  129.96441756
  363.16553224  363.18293209  378.50849942  394.24249656  417.33999662
  420.25207141  434.26941674  435.29907449  437.21789122  439.03097552
  439.19830741  442.58617808  447.40196973  542.80221058  557.20248592
  601.46496944  607.17115338  628.18943811  666.49880649  812.06657974
 1090.83873327 1105.6337052  1163.58257024 1248.55156806 1349.12053083
 1355.57457496 1360.26480103 1361.18309308 1365.58252167 1365.71095389
 1366.36204825 1366.53488009 1366.62697929 1367.122775   1378.80784052
 1382.39220949 1382.52654166 1382.56004137 1383.17766936 1383.39466748
 1383.41876727 1511.81582249 1512.9273462  1553.32522984 1583.85626555
 1614.53676664 1614.6265992  1614.73976488 1628.7348104  1628.78530997
 1628.80607645 1629.55350332 1643.21591838 1647.48721474 1714.1567043
 1729.05254202 1774.96551125 1803.13600073 1879.51600623 1881.06275951
 1926.52446598 1938.01829982 1972.58333394 1979.97453663 2057.65386421
 2061.73646221 2217.55081343 2224.61031898 2251.1671891  2259.16318655
 2259.34328499 2374.28515669 2374.46285515 2374.54588776 2374.58692074
 2374.69385315 2390.11311967 2396.62966326 2396.70486261 2396.78946188
 2403.32303866 2404.99052422 2406.29207962 2406.34851247 2410.57244257
 2410.61500887 2410.69274153 2410.78787404 2410.80287391 2411.38623553
 2503.97890068 2504.60352861 2504.6199618  2504.62989505 2505.02935826
 2507.89333346 2516.2376279  2521.91631208 2522.68047213 2523.12493495
 2523.22733406 2523.39833258 2523.68969673 2523.78006261 2524.70175463
 2540.96898048 2541.11744587 2541.32701072 2543.37619298 2543.49742526
 2543.61855755 2543.73378988 2543.79335604 2543.87575532 2543.94245475
 2544.02838733 2544.06905365 2544.11201994 2546.52386573 2546.56083208
 2546.84842959 2546.94122879 2547.31852552 2547.97915314 2552.4002482
 2552.40994811 2552.52194715 2552.66531257 2558.09266559 2558.13999851
 2558.22323113 2578.34285696 2578.37245671 2578.39215654 2578.52838869
 2579.59021283 2586.7678507  2590.81738231 2594.27098575 2594.37948481
 2594.40708457 2594.52978351 2598.53871548 2603.3416739  2607.33140603
 2609.8956505  2610.75174309 2611.20017254 2614.34427866 2614.35941186
 2614.47341087 2615.07793897 2618.72637406 2626.28997525 2634.16800706
 2634.39657175 2634.59843667 2671.10922062 2672.90430508 2672.91323833
 2676.0090782  2676.03174467 2678.84248701 2681.15143369 2681.61836298
 2700.6693314  2704.05356877 2722.43744297 2738.75610171 2738.77406822
 2738.799668   2739.47886212 2739.48652872 2773.47363452 2788.68196954
 2809.98555179 2810.05265121 2810.17341683 2810.19844995 2872.12848053
 2872.3625785  2872.90097384 2873.40673613 2873.42006935 2873.71210016
 2880.14387781 2926.32731137 2928.30092762 2928.32852738 2928.74692376
 2945.19828135 2945.24021432 2945.62271101 2965.24677447 2972.38851265
 2984.99767017 2986.97735303 3026.76377529 3027.1666718  3027.24333781
 3027.25310439 3027.38613657 3027.73943351 3028.31166189 3028.48482706
 3028.85785717 3052.18232193 3064.90767844 3065.60270576 3074.72939342
 3074.74619327 3074.82862589 3077.09193964 3077.11140613 3087.60968192
 3087.62078183 3090.73372155 3092.60157205 3092.60997197 3092.74043751
 3094.49838896 3095.3599815  3096.22184071 3096.2303073  3142.93813632
 3143.19350077 3143.21660057 3143.23216711 3197.16026695 3207.22271318
 3207.24071303 3207.28494598 3246.38464085 3247.00106885 3252.70355282
 3279.75535198 3280.15874849 3296.07461072 3299.88637772 3299.95017717
 3299.98201023 3309.12069779 3310.11648917 3310.13372235 3310.27658778
 3310.46121952 3310.4786527  3310.57048524 3310.62858474 3320.02360341
 3320.03290333 3320.05800311 3320.06700303 3320.13486911 3320.49639932
 3320.91849566 3320.9333622  3320.96256195 3321.14676035 3323.50650659
 3323.67343848 3323.7561711  3323.76810433 3323.83990371 3324.08736823
 3360.56681912 3366.10547118 3394.74875657 3423.61160672 3439.58873508
 3474.08700312 3474.15170256 3496.54304207 3511.94260877 3512.90533376
 3513.24676414 3519.10558009 3519.16097961 3519.18481274 3519.38707766
 3519.69104169 3519.71070819 3525.67715654 3527.97097002 3532.88746079
 3533.57382152 3533.68145392 3533.74355338 3535.53013792 3542.4637779
 3548.83475608 3550.1837444  3550.48940843 3559.94179327 3560.57135449
 3560.6238207  3561.68831148 3561.88860975 3562.23217344 3562.29790621
 3567.12566442 3570.25133736 3570.68633359 3574.01277147 3574.02733801
 3590.66632731 3601.40770099 3601.41920089 3601.43326744 3601.46276718
 3601.57879951 3601.92542985 3601.97046279 3601.99496258 3602.01369575
 3610.91998532 3615.91800872 3619.17634718 3622.63291726 3622.85594866
 3629.78095539 3658.00447774 3719.11381543 3719.12698198 3728.9129306
 3728.97309675 3729.33369363 3757.48718325 3793.020809   3793.135808
 3840.06350178 3840.06990173 3841.29755777 3842.71054553 3877.7104759
 3877.74350894 3881.42371042 3881.70864129 3881.73210775 3891.98861897
 3893.30404091 3893.31604081 3895.77291954 3905.68686706 3915.45188253
 3947.13860824 3959.04293852 3959.20110382 3962.45127569 3962.47107552
 3964.25096011 3969.92041103 3970.84730301 3999.98788409 4043.03017817
 4043.25970952 4048.42623146 4048.45913118 4048.71209565 4048.73216215
 4063.69213265 4085.77590815 4129.08986654 4145.4682581  4145.85062146
 4145.98312031 4146.12575241 4146.20045176 4146.23815144 4172.43055804
 4183.68579394 4195.50319165 4196.65508168 4196.90401286 4197.2259434
 4236.47327033 4248.07446991 4248.08930311 4267.78333264 4313.26140563
 4326.49615773 4342.7658169  4343.38877817 4343.44877765 4352.66063125
 4358.05005126 4358.06185116 4358.10205081 4358.11691735 4359.89350197
 4359.92143506 4360.00603433 4360.81242735 4361.09699155 4362.18204883
 4368.27926271 4369.90481531 4374.49480891 4384.83538606 4384.84491931
 4385.55251319 4385.56991304 4385.58937954 4385.83164411 4388.85805124
 4388.96711697 4388.98411682 4454.09575319 4454.15398602 4454.18921905
 4454.50684963 4454.52298283 4454.54281599 4504.4400174  4632.38994315
 4680.62465895 4690.87043693 4690.94913625 4691.1628344  4691.26920014
 4691.43076541 4691.61269717 4691.73996273 4692.12619272 4692.63175502
 4707.86068986 4715.41352448 4722.37919751 4723.95685052 4723.99961682
 4724.0211833  4724.0399498  4765.43835811 4783.39756932 4802.18487336
 4802.341372   4802.37467171 4851.34931444 4869.48455746 4869.60062312
 4869.69348898 4869.71228882 4869.73468862 4883.87986618 4916.80584783
 4916.94387997 4917.5640746  4917.57924113 4934.29509643 4934.36576249
 4935.03489003 4935.28412121 4942.52972515 4973.93152    4995.40530078
 4995.41413404 4995.4764335  4995.48830006 4995.52826638 4995.65566528
 4995.83659705 4996.34275933 4998.76303838 4999.00583628 5016.09545501
 5025.40034113 5051.82871236 5051.90497837 5052.3633744  5052.37967426
 5052.39584078 5052.41054066 5052.48537334 5053.15030092 5192.55686084
 5273.94085635 5299.13670492 5303.46763409 5307.93122879 5307.99936153
 5350.68362538 5354.41022645 5373.79635864 5390.22018314 5393.28718992
 5399.61233517 5412.25549239 5421.17604851 5421.18214845 5432.82001438
 5436.21371834 5436.64658126 5436.89757908 5436.90947898 5436.93894539
 5438.62153083 5439.82472041 5439.96651918 5442.9415601  5443.37118971
 5453.81876594 5453.82926585 5454.30549506 5454.33222816 5454.63839218
 5454.66522528 5454.67769184 5454.68735842 5454.83122384 5454.84999035
 5458.10719549 5458.98432123 5458.99785444 5459.01162099 5459.01995425
 5459.02688752 5459.24381898 5459.54811635 5460.35014274 5460.62764033
 5460.65427344 5463.00545309 5463.00978638 5469.50899679 5470.98085071
 5471.72514427 5471.96560886 5483.71597381 5526.82840061 5526.83876719
 5533.50560948 5533.52457598 5564.17394401 5564.26364323 5564.42387518
 5564.521041   5564.5709739  5564.77390548 5570.01952674 5572.53137166
 5583.84207375 5583.96117272 5584.47640159 5585.14876244 5587.18844478
 5587.26417746 5587.32727692 5587.3412768  5591.21324328 5591.67900591
 5598.57367956 5671.27315025 5679.09371589 5719.65386479 5751.49565582
 5751.51165568 5751.59722161 5751.72042054 5751.81965302 5751.82915294
 5770.38015902 5888.28350508 5917.04725609 5939.42726236 5943.1196304
 5943.13359694 5945.50524308 5945.73567442 5946.14283756 5946.22283687
 5946.28846964 6034.95253546 6050.13943734 6051.20586144 6051.27989413
 6051.30242727 6053.2511104  6053.26557694 6053.28191013 6053.41940894
 6053.43660879 6053.451242   6053.53870791 6053.63370709 6053.65154027
 6054.12813614 6054.27783485 6057.32107517 6057.33997501 6062.45296408
 6068.61561073 6089.9757925  6089.99299235 6100.84439842 6100.85289834
 6101.41362682 6101.52765917 6102.19865336 6102.31265237 6114.6440123
 6141.00071748 6146.97573242 6147.0479318  6210.38645019 6210.39388346
 6253.74770817 6253.75637476 6253.76460803 6253.76774133 6253.77437461
 6253.7947411  6253.80327436 6253.81864089 6253.84007404 6253.85680723
 6253.91647338 6253.94723978 6254.02610576 6254.05843882 6254.10827172
 6254.1253049  6254.23267064 6254.49053507 6254.5342347  6254.54890124
 6301.9368577  6451.38929732 6470.09083544 6472.26028332 6472.27408321
 6472.49478129 6474.10323404 6474.54979684 6474.60686301 6474.66289586
 6475.41678933 6475.47312218 6475.48468875 6475.54068826 6476.16084956
 6476.19454927 6476.5026466  6477.85496823 6479.27602259 6479.30112238
 6481.8052007  6483.64761809 6489.92919704 6490.00032976 6490.17786156
 6490.26466081 6490.72649014 6491.85991366 6494.15756044 6519.5421407
 6529.48308799 6535.04327319 6536.10739731 6536.93482348 6537.79121607
 6539.36556911 6539.59366713 6545.48274949 6551.96836001 6552.28102397
 6554.27410672 6554.38147246 6565.71634101 6566.94279706 6567.28752741
 6567.46609253 6567.61029128 6567.62405783 6567.67625737 6567.71439038
 6567.73189023 6567.75575669 6567.93008851 6567.96478821 6568.2358192
 6568.55448311 6568.81578084 6570.77919718 6572.56514839 6572.65274763
 6579.4179224  6579.46708864 6580.58084567 6583.14662346 6583.31405534
 6583.32978854 6583.33965512 6583.45445413 6583.46998733 6583.55218661
 6583.82651757 6583.90198359 6583.92495005 6600.43430714 6642.21331216
 6642.65707498 6651.80809577 6662.08637346 6743.95186481 6751.90249599
 6760.08362517 6763.70116052 6763.70762713 6772.53271741 6784.78551134
 6794.30189563 6832.39449922 7001.62156767 7001.72233347]"
472,743199_2024-12-05_E-485,PL,True,"[  40.78925616   40.98648779   41.88717999 ... 6996.02704943 7022.38078798
 7023.10101507]"
473,743199_2024-12-05_E-486,PL,True,"[  23.14024227   26.0288506    26.5565127  ... 7021.35859682 7021.39582983
 7022.68265203]"
474,743199_2024-12-05_E-487,PL,True,"[  26.61244555   27.04657512   27.22050695 ... 7021.77205991 7021.97275817
 7022.3089886 ]"
475,743199_2024-12-05_E-491,PL,True,"[  22.64587988   27.78740204   28.25329801 ... 7015.81181151 7016.00324318
 7021.67496075]"
476,743199_2024-12-05_E-493,PL,True,"[  24.55153005   25.05945899   25.12719174 ... 7020.46073793 7021.2346979
 7023.31164658]"
477,743199_2024-12-05_E-494,PL,True,"[  37.5386843    46.30874171   46.33754147   46.61747238   47.83586183
   48.509056     74.2553998    84.89174106   97.64929729   98.2305256
   98.33022473   98.44849038  107.36727984  108.42123738  118.71138164
  119.13557797  122.83007932  124.65933015  157.3194141   157.67401104
  195.02828768  195.03472096  200.05297752  207.88244308  260.29225607
  269.81734029  273.00661268  295.94411413  317.59619337  326.610782
  342.39947866  363.18463207  363.22746503  378.47176641  388.84934324
  391.79218443  391.95451636  392.04044895  392.77177595  392.84220868
  394.92795729  408.98246896  439.10890818  471.91095757  487.93775217
  491.70901952  499.65445074  515.87061037  539.05384302  548.57399395
  554.27964456  555.57733333  577.06564732  593.75913615  607.3539518
  617.89729386  642.26501626  647.12100756  660.64265718  660.77308938
  661.27258506  661.73144776  662.42464176  663.24260134  663.25570123
  663.39753333  672.87711794  675.90959169  675.99135765  680.64231739
  680.9338482   683.19632862  687.75125585  687.91712108  694.38273178
  699.74645202  700.54884507  701.1236401   703.31405447  705.1663051
  706.48189371  708.42241025  712.5103082   712.5287747   712.54257459
  717.22083409  717.33529976  718.61032206  719.50428099  727.26811378
  730.10612255  738.80674723  739.35894245  744.42986523  745.45808966
  747.32917346  751.97086661  755.43386997  755.64010152  758.35277804
  759.03590546  760.62965833  760.64265822  762.4540092   776.25678972
  785.52187619  789.59780757  789.6748069   807.70698415  807.71905071
  809.19177129  841.19759424  857.39745401  860.7330918   874.93453554
  877.69327832  877.9417095   879.5134959   883.34116277  894.40263368
  898.28440008  901.07517592  910.47412789  910.8582579   923.12595171
  933.93162484  935.49844461  937.55616013  945.3918923   951.69553774
  967.75999868  991.04533044 1016.95700614 1021.23550244 1027.59214742
 1073.8760801  1084.18199089 1088.65668549 1088.81311747 1089.0019825
 1093.97293947 1106.48969779 1112.68647748 1114.13403162 1121.09707134
 1124.47814207 1124.51690841 1126.03192862 1137.72479407 1138.4957874
 1140.66883526 1149.2316278  1149.25656092 1149.30912713 1150.21561928
 1150.41821753 1151.26587686 1153.40142504 1154.35018349 1170.89454028
 1180.48209062 1185.42814781 1185.52444697 1185.57981316 1186.3455732
 1186.87010199 1187.87202665 1189.60157835 1191.67002711 1193.22494698
 1197.92710628 1221.85059919 1229.3506676  1256.27876783 1281.21528531
 1293.18834833 1293.3620135  1304.3247186  1310.96579445 1331.53868303
 1349.15969716 1349.22189662 1367.75380287 1372.41682917 1372.5291282
 1372.62489404 1372.83515888 1373.10225657 1373.15978941 1377.68848354
 1378.10377994 1378.84500686 1385.03908658 1388.22969229 1401.02481487
 1419.83488537 1425.51816951 1440.1368763  1451.81474188 1455.60450907
 1463.72823875 1473.15372383 1473.46482114 1473.55638701 1482.91130603
 1486.65524029 1488.29469276 1488.52069081 1489.41871637 1497.35641432
 1528.59191061 1533.57283416 1534.50699274 1536.93163841 1537.65753213
 1573.06005901 1603.97149143 1624.48241388 1626.31183138 1626.48602987
 1626.65889504 1650.30139038 1655.98497452 1686.28481223 1700.71982061
 1707.80062599 1709.14841432 1715.08199629 1716.20038661 1732.8975754
 1749.10323512 1773.97655315 1774.00255292 1792.55235901 1794.10467891
 1796.67738997 1796.88762149 1797.82258006 1797.84587986 1801.14075134
 1802.17607571 1804.28472412 1805.55707977 1805.67931205 1807.0789666
 1809.81110962 1809.97917483 1810.55760316 1811.42132901 1811.98962409
 1815.97018964 1816.97818091 1820.80228114 1821.242044   1823.42599176
 1824.9852116  1834.18596529 1847.34185141 1853.95626082 1868.44596872
 1868.89466484 1871.09064583 1875.47017458 1893.16368809 1896.40219339
 1900.99338698 1915.27159672 1921.02771356 1922.07437116 1928.61581454
 1934.17196644 1934.20719947 1934.28739878 1935.82818544 1937.36213883
 1945.96629768 1955.04681908 1965.0410659  1971.50850991 1972.12277126
 1975.65124072 1977.48795815 1986.37974785 1988.23529845 1988.54992906
 1990.80467621 1993.16028916 2003.35466758 2008.47132329 2022.17620465
 2030.4379998  2034.68749635 2040.62727827 2040.81824328 2050.40349364
 2066.87121776 2067.1163823  2069.42029569 2069.50792827 2069.69459332
 2070.01739052 2070.58411895 2080.78219734 2126.13083812 2130.4004345
 2132.82514684 2133.35474226 2166.78641953 2176.93943164 2177.44452727
 2193.87198507 2193.94528443 2195.17130715 2197.20522288 2209.97681232
 2219.58746246 2232.96298001 2238.01426962 2238.26600078 2271.73447773
 2272.82290164 2277.23793009 2277.91672421 2278.53628552 2289.8596875
 2295.94920145 2298.86020959 2314.61217323 2315.29540065 2315.99289462
 2331.53816005 2334.92309742 2345.74100377 2351.03095798 2351.66228585
 2358.20286257 2368.61490577 2410.12557977 2427.76782706 2428.21018989
 2438.45846785 2439.45595921 2440.64358227 2448.70384583 2454.36103019
 2457.29873809 2458.96589033 2468.08644471 2469.42039983 2477.71492803
 2486.14235508 2523.73726298 2536.36332035 2544.10008671 2546.77349691
 2551.99781835 2565.59896728 2577.68276268 2579.34598161 2581.50906289
 2584.34493834 2586.48855312 2594.09475394 2606.60591231 2612.9641906
 2613.28015454 2619.76313175 2621.48131688 2630.34470682 2640.66775079
 2645.82070619 2660.51897896 2660.57074517 2662.0385658  2670.9911883
 2686.49592076 2762.73656079 2819.08740634 2850.5949336  2855.03739514
 2863.55568807 2875.74178259 2903.50897556 2951.84292383 2953.15741245
 3013.88395345 3014.16238437 3047.01173335 3077.88599943 3082.30306119
 3082.55249237 3123.37670565 3150.08544111 3170.79862848 3171.4582561
 3174.2929649  3182.96532316 3188.16761146 3191.55028218 3198.001993
 3198.12085864 3234.32797855 3234.8036411  3237.75144892 3239.93786332
 3250.32450675 3254.00817486 3265.35757662 3266.74293129 3291.67801544
 3301.37133154 3334.96937403 3348.53878991 3364.14058819 3364.26258713
 3389.63700081 3389.90749847 3407.05965    3414.86251579 3415.19547957
 3418.13162082 3419.76277337 3429.71755386 3438.87737457 3439.13480568
 3443.15057092 3470.45576789 3470.77269848 3477.59220611 3481.50453891
 3484.01858382 3487.08635726 3498.18812783 3505.09670136 3505.93636076
 3507.61301291 3517.61915963 3520.15907097 3528.12406869 3546.00404725
 3558.26254114 3563.55159535 3585.91193513 3586.42243071 3587.05635856
 3587.61642038 3598.30692784 3598.49739285 3603.13335272 3607.84974523
 3611.07788395 3634.87004467 3650.97110529 3655.63419826 3658.88160348
 3663.28316538 3664.87441827 3671.94082377 3674.26107035 3717.82355993
 3721.16173103 3724.85736571 3724.97176472 3740.24863248 3742.38594731
 3754.8440728  3762.16940939 3775.00599827 3775.02019815 3775.17879678
 3793.74700271 3793.97916737 3820.63130333 3841.27945792 3843.32764019
 3843.84630237 3852.01253168 3883.54259208 3899.59118649 3906.36282787
 3908.5964752  3912.39434233 3943.99633544 3949.24682332 3959.18390397
 3974.56653748 3975.75282721 4010.19756238 4012.23261143 4057.89698281
 4091.20102786 4117.84133058 4142.18931982 4175.84859512 4191.43959349
 4191.48152646 4241.41852753 4263.21713883 4335.51034637 4343.63367605
 4370.441344   4435.80794483 4450.35628556 4461.80685311 4468.14189827
 4517.51207091 4521.94049924 4530.87145526 4544.83566772 4545.10053209
 4579.2482365  4589.23088342 4595.95292523 4633.16510311 4642.79298644
 4646.25818977 4654.5958176  4676.74572586 4682.52597583 4682.60834178
 4702.38517059 4703.95599032 4715.79758782 4724.29094763 4725.97189975
 4754.05418999 4755.79854156 4756.23673776 4757.28389537 4768.8324954
 4776.77452665 4780.66192633 4789.93157942 4830.96052426 4837.96063034
 4840.47317525 4846.40462391 4875.71690351 4888.76972385 4894.16817712
 4894.70767245 4897.24035053 4900.32142385 4908.60015219 4911.22812944
 4912.00525605 4955.23798181 4958.54205321 4965.29166145 4965.3320611
 4968.23263599 4969.26469373 4975.48300657 4982.74281039 4984.58629443
 4991.07293828 4991.15233759 4991.31106955 4994.15274495 5033.82823484
 5043.16885399 5062.24285555 5071.90957187 5073.33225955 5076.16266838
 5076.21530126 5089.36988739 5103.88789505 5111.5228623  5130.00530231
 5141.19210547 5141.38047051 5141.67060133 5141.8932994  5160.90466816
 5171.29964485 5171.53197617 5180.43276579 5232.24838392 5248.14791296
 5249.99706362 5255.77394695 5261.37329848 5261.4786309  5261.93539361
 5268.59566929 5277.6476576  5301.5417841  5309.93654476 5329.98530455
 5334.0232696  5336.45708186 5338.89856073 5339.11945881 5350.52849339
 5357.23533533 5357.97382894 5362.71098793 5405.869781   5418.25737377
 5419.08503327 5421.17134855 5424.44858685 5430.66319972 5449.97209924
 5454.89205665 5464.31427509 5486.91614611 5488.11210242 5524.05842459
 5526.60873585 5540.77454656 5559.13732094 5563.99427889 5600.21613201
 5604.145198   5606.48047779 5606.50114427 5607.17350512 5630.01130743
 5648.16938358 5692.68026495 5709.45785305 5712.39426096 5719.0941363
 5742.85429729 5762.64775929 5775.66691326 5775.75837913 5783.43794599
 5790.31158649 5795.29007672 5830.62003756 5836.21215582 5865.63510113
 5884.8727346  5898.28451851 5899.09131152 5951.37099231 6008.53676413
 6020.70702544 6134.125077   6223.55963616 6227.87979876 6231.64776614
 6260.65124841 6260.81531366 6270.51572969 6325.0874573  6362.24926895
 6438.22461128 6451.46909663 6472.05268512 6480.90917512 6492.26717681
 6545.38971696 6586.24702995 6593.20840303 6645.00305468 6743.0208062
 6759.12193349 6760.80495226 6769.92583997 6778.63446459 6782.35833235
 6783.977585   6792.07341492 6797.24813679 6882.95546155 6990.05216782]"
478,743199_2024-12-05_E-495,PL,True,"[  25.04432579   25.14555824   25.22819086 ... 7021.42522958 7023.19774757
 7023.45397869]"
479,743199_2024-12-05_E-496,ACAd,True,"[  55.18903151  147.60003157  468.67141894 ... 6978.84009821 7005.63866623
 7014.99035195]"
480,743199_2024-12-05_E-497,PL,True,"[  21.36629096   22.02555192   23.48317263 ... 7019.44991335 7023.46687857
 7023.50441158]"
481,743199_2024-12-05_E-500,ACAd,True,"[  31.39443748   42.5671741    54.55637032  140.60962542  253.96091088
  317.71225903  373.53787578  374.30776912  456.43769151  456.73028898
  457.4091831   479.41025932  480.23378552  619.03735066  634.51048339
  649.49845365  687.39219229  771.90889402  774.88333494  780.2065222
  786.16437063  826.82921862  827.36408065  843.05551149  843.38954193
  847.12104296  847.32540786  861.37828622  861.55941798  861.62505075
  879.25326482  879.38529701  888.14778782  891.22486119  892.16491972
  892.82841397  894.24213507  897.11054357  897.80297091  903.90721807
  904.35991415  904.87040973  911.48995243  932.98233306  933.22846426
  934.19865586 1042.28268692 1042.60281748 1049.2199602  1050.1252857
 1050.67698092 1050.93187871 1078.41530748 1078.86463692 1088.85678376
 1089.88197488 1090.14337262 1090.60186865 1091.03339825 1092.60705129
 1093.93457314 1094.11280493 1102.98809477 1104.35748291 1108.79954446
 1109.045509   1109.39567263 1115.28188835 1127.88147928 1135.96077601
 1146.9140812  1162.36541411 1163.36480546 1163.8140349  1164.05636614
 1165.3013887  1172.23406202 1172.50455968 1174.04111304 1174.41134317
 1175.08687066 1184.38362351 1237.56609648 1262.22291638 1263.00724292
 1265.04949191 1323.67098447 1323.69121762 1338.34742409 1338.56958883
 1341.65896209 1426.51319423 1429.50790164 1532.22171252 1532.69817506
 1533.2288038  1533.47823497 1555.61944331 1593.73451338 1599.34169817
 1609.61107594 1620.77351265 1620.88084506 1621.05767686 1621.79233717
 1630.36376297 1631.207189   1631.57798579 1632.27614642 1633.97426505
 1634.16959669 1636.61917549 1637.50916778 1638.73285719 1650.13735847
 1653.28049793 1653.55052892 1654.69558568 1654.97261661 1658.93548231
 1659.27204606 1660.34537011 1660.52906852 1660.75319991 1661.38659443
 1664.16747035 1668.83092999 1669.95838689 1670.13208539 1670.6159812
 1673.29679133 1681.8983502  1687.929498   1690.04577968 1698.51053974
 1699.17790063 1700.54625545 1703.92152623 1708.63115213 1710.19007197
 1712.04818922 1712.20258788 1712.50688525 1720.81244668 1720.95807876
 1721.18147682 1721.38467506 1721.4955741  1725.02884352 1726.59309665
 1735.7125177  1737.72443362 1738.47476046 1742.67369078 1743.04372091
 1743.89871351 1744.83130544 1745.13676946 1751.5284808  1751.86624454
 1754.94751787 1755.67591156 1756.11097446 1764.05587236 1764.93379809
 1768.21943631 1768.47053414 1769.65862386 1773.52885702 1773.67012246
 1774.83851235 1775.67697176 1776.19756725 1783.44567118 1785.56161953
 1786.43247866 1787.91583248 1790.60714252 1792.96005549 1794.97657136
 1796.7249229  1811.57266104 1811.92662464 1812.09952314 1814.14213879
 1827.09675999 1829.65643783 1829.98390166 1835.5552201  1848.6711399
 1848.81217201 1855.86824427 1866.98821467 1897.34431857 1898.0496458
 1901.89901248 1902.02174475 1902.2888091  1908.27572394 1909.66301193
 1911.72559408 1929.45857391 1941.62203529 1942.01896518 1942.26962968
 1945.96329771 1947.45728478 1947.70851593 1948.28891091 1949.33546852
 1949.90489692 1952.84797145 1955.45378222 1957.73582913 1958.10422595
 1958.34815717 1962.11782454 1964.49500396 1965.32609676 1966.63725208
 1967.53227767 1968.77423358 1969.25789606 1969.7806582  1971.48604344
 1971.63564215 1974.16795356 1974.3287855  1979.78600493 1980.76639644
 1981.06939382 1982.10058489 1982.2879166  1983.16747566 1983.39000706
 1985.58212142 1992.98485734 1993.82625006 2000.75439009 2009.3209826
 2010.04260968 2010.76537009 2011.08283401 2029.38364226 2039.97435059
 2040.05938318 2040.4304133  2044.30627975 2057.67249738 2057.84749587
 2062.01109316 2083.34164185 2083.88907045 2087.96470183 2088.2845324
 2088.5880631  2093.72168533 2098.67567578 2099.91419839 2099.95319806
 2100.07349701 2100.28402853 2100.54579293 2101.08305494 2101.59038388
 2104.75678981 2105.12055333 2105.2928185  2108.71825552 2116.02349228
 2116.40202234 2119.11429886 2120.60961925 2120.74518474 2121.23411384
 2122.6250018  2126.37983597 2127.61829191 2128.93784716 2130.35053493
 2132.29735141 2132.56524909 2136.91064481 2139.18109182 2141.34917305
 2142.00706736 2144.38071348 2146.66226039 2146.95335787 2147.07152352
 2147.3084548  2147.7397844  2147.91891618 2148.18744719 2155.27085254
 2157.81316387 2158.70262284 2165.0601678  2237.32930889 2247.33438894
 2253.09320576 2253.30350394 2255.49311832 2256.4040771  2257.18807031
 2257.71879905 2258.59165816 2258.70725716 2261.89542957 2262.89272093
 2263.20575156 2263.38738332 2266.05942685 2266.73358769 2266.98378552
 2268.0599762  2269.16499997 2269.38393141 2287.47917477 2288.36273379
 2288.83122973 2308.03329685 2311.4973002  2319.58916348 2320.44572274
 2320.55278848 2327.87922506 2328.54275265 2341.75197164 2342.33216661
 2344.27748311 2357.61143435 2372.07874245 2373.35889804 2387.82563947
 2402.97147503 2407.64306793 2515.96899689 2624.6595227  2628.77015378
 2629.3070158  2630.87906886 2687.31468034 2687.73157673 2708.6170626
 2755.96315276 2762.66942804 2764.58047817 2773.87153107 2779.3749501
 2784.92200208 2791.69094349 2791.88514181 2792.21967225 2798.33495264
 2800.49553394 2805.07216099 2807.12167658 2811.78760286 2816.23619769
 2818.57754408 2818.93604098 2820.03853144 2831.81689615 2838.90140149
 2839.19526561 2840.25332312 2841.69084401 2846.52690215 2851.74839028
 2857.34150853 2859.12512643 2862.1620668  2863.60318766 2867.23748954
 2868.36047981 2868.46141227 2869.74153453 2870.27722989 2870.49186136
 2877.92639701 2878.06816245 2878.45262579 2879.01678757 2881.11896937
 2882.19146009 2882.89788731 2885.3396995  2886.08195974 2886.33909085
 2886.45132321 2887.61364649 2888.21040799 2890.92508449 2891.47361307
 2894.4391874  2895.73987614 2896.27423818 2899.57344296 2906.1999856
 2906.97557888 2908.94822847 2916.47919662 2917.75415225 2919.57270317
 2919.96943307 2920.28139704 2922.01638202 2930.68734029 2931.76309765
 2942.29293983 2947.10129821 2950.16373837 2951.80255751 2959.30952586
 2961.64553898 2963.01529379 2964.18375034 2964.84941124 2969.12994086
 2986.28139239 2987.78227939 2988.12140979 2997.19406459 2999.14448104
 3007.4361426  3015.11757611 3019.75433597 3025.13415607 3029.4311522
 3029.84114865 3033.25688575 3034.64414041 3038.13157689 3039.37253281
 3039.72226312 3040.62475531 3048.78788464 3055.6123589  3063.87212074
 3077.12910598 3078.95819015 3097.15363264 3097.72666102 3098.86785114
 3106.1499881  3118.75231234 3119.0155434  3124.75526038 3147.79796092
 3148.94211768 3163.06389544 3184.77380751 3195.24961683 3196.43680655
 3199.41404744 3204.71980152 3209.66829201 3211.93333907 3213.65849081
 3217.10839428 3219.12507682 3219.88193693 3220.89332818 3223.01760979
 3223.4589393  3223.66450419 3227.2405399  3231.78403391 3232.10619778
 3237.06498819 3241.70288138 3243.35803372 3244.25109265 3244.64328926
 3250.57320459 3250.90176842 3253.24804811 3255.89182522 3259.41499472
 3267.7166562  3268.1013862  3270.93996163 3275.29532393 3276.00441779
 3276.1834829  3291.11638697 3307.5678779  3318.05018716 3352.63395446
 3353.21934939 3370.13106966 3393.13833717 3400.39354104 3428.03380177
 3483.41765569 3492.2995788  3543.97703147 3581.87730339 3582.33523276
 3582.94456082 3584.27978259 3638.89970978 3639.52837101 3649.0828883
 3650.84613971 3651.06620447 3659.47059838 3668.50065355 3673.36774475
 3673.51141017 3690.60286223 3690.90649293 3691.26215652 3760.47642404
 3805.49450102 3808.86203854 3810.54085734 3817.9158935  3872.37082212
 3954.30124624 3954.60597693 3955.3491705  4003.42315435 4003.5367867
 4008.49577711 4008.70237532 4010.24002868 4015.81821373 4021.14440095
 4022.45522294 4023.18981658 4025.09543342 4030.17008949 4038.21535318
 4042.21715188 4042.61608176 4043.0072117  4043.57630678 4045.22629249
 4051.83423529 4051.96143419 4055.24617243 4057.56718567 4060.23132927
 4065.8892803  4067.039937   4067.13143621 4068.44969146 4068.65602301
 4070.95083648 4078.39070541 4085.94254004 4092.37728434 4092.85464687
 4093.18191071 4096.13755179 4102.67709518 4103.67145324 4103.93581762
 4104.10878279 4110.42172814 4111.82738264 4112.40327766 4112.54117646
 4112.88294017 4116.83330597 4133.16229796 4134.39575395 4134.67628485
 4135.16314731 4135.40861185 4139.17671256 4140.58026708 4145.72172257
 4146.17991861 4146.84124622 4150.07678488 4154.70314483 4159.79320077
 4161.59348518 4167.17693685 4178.59367136 4182.55257042 4184.12469015
 4185.30804657 4185.55304445 4192.04908822 4192.64768303 4194.76159807
 4195.09896182 4195.68432342 4195.89532159 4196.12248629 4198.05910286
 4202.75509554 4202.98099359 4206.25436525 4207.76625216 4215.03062261
 4216.09524673 4216.42127724 4218.39286018 4222.20046055 4226.62868888
 4227.85221163 4228.34234072 4235.50297873 4237.13246463 4237.38939574
 4237.65372678 4282.04147588 4295.19406203 4295.93528894 4296.19738668
 4296.50191737 4299.2478936  4303.54775638 4307.53865517 4319.20742083
 4320.01544717 4326.50172435 4329.61333075 4333.06126757 4333.95495983
 4334.63758726 4337.78632667 4338.78971798 4354.55341486 4354.71758011
 4355.01487753 4355.52427312 4355.71593813 4357.00512697 4361.54798765
 4361.81521867 4377.61968186 4378.87420433 4380.79688769 4384.9925847
 4385.45111407 4385.61207934 4386.00497594 4386.22714068 4386.6991366
 4386.78006923 4391.96815765 4392.22722208 4395.51446029 4398.60866684
 4405.78563805 4408.05151843 4408.80744522 4410.03076796 4411.42348924
 4411.63222077 4413.0729083  4413.32927275 4417.89906652 4419.13852246
 4428.09034497 4432.4037743  4433.76369586 4435.3990817  4443.46707853
 4443.6789767  4443.83384202 4444.12077287 4444.71570105 4445.62595984
 4449.56595907 4450.43665153 4456.61959801 4460.0747681  4461.5963216
 4461.77822002 4479.10973666 4487.70869556 4532.74187241 4532.99680353
 4533.13643566 4533.41376659 4534.65505584 4565.22815786 4568.8747263
 4569.13192407 4570.65334423 4578.64747503 4623.86071699 4712.89591294
 4766.55078182 4766.84911257 4766.99971126 4768.97219419 4817.8297046
 4874.53338042 4874.79011153 4875.58887128 4876.26573209 4877.53222113
 4877.81458535 4954.5082548  5051.53201493 5053.28979971 5196.47209361
 5196.98205587 5197.96724734 5209.51681403 5211.87632694 5214.68423596
 5215.46569587 5221.70057523 5222.07880529 5222.69469996 5236.11205048
 5258.52515646 5260.85580296 5269.32329633 5282.25115108 5288.32279853
 5288.40553114 5291.9452005  5293.76108478 5294.22321412 5295.75120089
 5299.24917061 5300.04719704 5302.07194618 5303.55899997 5308.73935513
 5314.12697516 5322.85966623 5324.5303851  5324.75031653 5329.51454196
 5329.80457278 5330.36310128 5330.48546689 5341.22007396 5342.92592586
 5354.20302825 5357.95489577 5359.48378253 5362.44275692 5363.20641698
 5366.18302454 5366.6734203  5370.92918346 5372.07217357 5372.39670409
 5373.12899775 5373.3543958  5374.78451675 5375.09201409 5376.93956477
 5378.04452187 5380.12143722 5380.54736687 5382.59034918 5382.87668004
 5383.89027126 5385.11569399 5385.23509296 5388.56506413 5388.91529443
 5396.67932722 5397.26258884 5401.13548865 5401.8613157  5406.31074385
 5410.22717662 5415.02070179 5416.88901895 5425.35174569 5426.21887152
 5429.22761214 5431.70909066 5443.77131958 5479.41264439 5498.43451307
 5498.57777849 5506.28717842 5523.48649621 5524.53598712 5526.06410723
 5528.79488359 5535.59362474 5570.28955773 5570.46778952 5570.96901852
 5571.45634763 5573.35973116 5576.38220499 5637.1117793  5657.60356858
 5673.64519639 5687.39997732 5689.61029152 5702.44341377 5761.15437221
 5774.27875861 5780.00457571 5785.35122943 5789.73522481 5790.05088874
 5799.57983959 5806.5718124  5808.273931   5808.37406347 5815.59310098
 5823.33970059 5828.57362195 5833.52807906 5833.92387563 5837.29737976
 5864.31734587 5887.24714738 5899.63550681 5906.12041734 5910.13264928
 5935.82302689 5952.3194841  5953.03217793 5988.28837274 5989.19686487
 6077.17336999 6172.0011158  6191.53368005 6271.20892369 6275.01452408
 6279.45155234 6280.18814596 6312.38160062 6427.08070775 6460.63685061
 6535.28470443 6904.80833905 6918.12662377 6931.8232052  6944.43159606
 6947.35443743 6954.87123903 6981.24897736 6982.17486934 6982.37363429
 6991.49222202 6995.85955088 7003.73571604 7005.2382697  7006.34836009
 7006.39715967 7018.19452421 7022.86011716]"
482,743199_2024-12-05_E-501,ACAd,True,"[  24.77446146   24.80056123   25.15322484 ... 7007.04098743 7007.18188621
 7011.87371226]"
483,743199_2024-12-05_E-502,ACAd,True,"[  20.63699727   20.66199705   21.19109247 ... 7023.45494534 7023.494945
 7023.5253114 ]"
484,743199_2024-12-05_E-503,ACAd,True,"[  23.40690663   23.66970435   23.84906947 ... 7013.31773309 7023.36571278
 7023.55174451]"
485,743199_2024-12-05_E-504,ACAd,True,"[  26.64461193   26.76071093   33.21302174 ... 6995.14849037 6997.24967218
 7015.42764816]"
486,743199_2024-12-05_E-506,ACAd,True,"[  20.69249679   23.46020617   24.23523279 ... 7021.95729164 7022.15692325
 7023.08351523]"
487,743199_2024-12-05_E-507,ACAd,True,"[  24.10953388   85.33630388  102.19655793 ... 6995.86058421 6996.26811401
 7012.3043752 ]"
488,743199_2024-12-05_E-508,ACAd,True,"[  24.88502717   29.95431662   52.29942319  113.2598955   122.89727874
  143.67359889  150.07087685  178.17843354  181.40643893  183.04102478
  234.43404658  235.26900602  238.09261491  238.65017675  260.40822174
  264.47691985  269.74384092  269.90157289  278.80952911  361.27018198
  453.19765289  463.45259745  470.14623951  532.32900124  532.97512898
  534.20935163  554.26617801  558.92300436  587.82482085  589.23524197
  592.17444986  600.65480979  666.95486921  667.65272983  673.4556796
  692.73981267  740.3241341   750.67284452  756.04986464  756.10146419
  772.21099141  774.67007012  827.82314335  942.05798783  942.45975102
  943.76443972  945.01936219  945.58185732  960.97515741 1071.82986448
 1072.46399233 1118.01119805 1129.25473406 1130.2859918  1136.5743707
 1137.35759725 1144.17303826 1145.50669338 1164.23096463 1164.67532745
 1170.74364159 1171.14720476 1173.21502019 1176.43179235 1190.20530645
 1193.7269093  1195.91245705 1195.97042322 1196.65558395 1196.77384959
 1200.64008279 1205.03217811 1205.83083786 1208.55428095 1222.31992846
 1224.03458028 1224.14714598 1243.60464421 1243.97580767 1277.14432055
 1308.30631747 1318.16163216 1320.73687653 1348.76023395 1349.18033032
 1352.0897718  1354.67438276 1356.31233525 1357.59405748 1363.60327213
 1368.86629324 1370.93337535 1373.70365137 1384.8633881  1386.78643812
 1387.49176535 1392.39972286 1420.79484373 1422.82639281 1429.08067201
 1447.21424837 1447.36248042 1448.38063827 1448.93600013 1463.81580466
 1470.26958213 1472.0206003  1473.99448322 1487.41296706 1488.05062821
 1491.51943152 1506.51166841 1508.87334796 1514.98792837 1515.87192071
 1528.28634658 1628.88840907 1650.48678878 1691.70136535 1693.82548029
 1699.51063108 1715.61095838 1717.90567185 1718.17016956 1737.67260074
 1739.03412228 1762.63495132 1764.18343792 1769.00829615 1783.03980802
 1810.92469998 1843.33268611 1853.10800149 1888.61299415 1903.69156363
 1916.28878791 1918.85796567 1922.28896931 1934.67222878 1943.90934882
 1945.30347009 2006.17667648 2017.93254139 2020.31745407 2028.52104973
 2035.11015936 2035.41825669 2035.56338877 2043.15805636 2063.34418162
 2064.98800073 2098.17031349 2114.84056919 2142.36786423 2151.94834797
 2152.98627232 2158.24972676 2159.6769144  2164.73610394 2213.97901101
 2218.20854107 2228.85568224 2237.01024498 2252.58511016 2254.29906199
 2255.69661656 2262.80862166 2268.83936946 2295.81706926 2309.56068363
 2313.42208354 2355.3914869  2361.28493589 2371.91347722 2376.09820766
 2392.73033035 2403.39020474 2423.00500162 2435.94452294 2457.88906632
 2463.49388447 2487.77464095 2508.25133037 2529.30698143 2532.99041622
 2538.55780136 2576.95796895 2577.39553183 2611.53253633 2638.70930108
 2639.91369065 2655.44765619 2661.37447155 2677.65173065 2689.67695989
 2693.02929754 2704.63079711 2710.7969104  2711.43477155 2713.64125245
 2718.61614272 2729.9587112  2741.36874576 2831.38143325 2892.55147041
 2905.92182134 2918.00741672 2930.26244397 2953.36071069 2983.43668368
 3005.29692778 3007.42620935 3011.21397656 3062.09050283 3065.41814069
 3066.5603308  3068.97797654 3078.41172821 3112.8276303  3113.0699282
 3136.26446075 3161.42267631 3171.81661967 3174.29543155 3184.6630418
 3201.76999372 3220.67553006 3260.32235354 3263.46369301 3290.54552525
 3295.24251792 3317.19882786 3320.29746771 3340.04186346 3365.56494252
 3374.34146655 3375.05726035 3375.14525959 3381.22437364 3386.95069073
 3420.24513586 3426.35981626 3426.88417839 3443.24337011 3462.71533489
 3463.93689098 3463.95712414 3466.58126809 3470.29880258 3496.79743987
 3503.98601097 3510.78035216 3552.60165681 3578.33320073 3582.54229763
 3610.48995571 3611.2962154  3644.22136372 3644.63349348 3676.5661504
 3690.0788001  3690.21379893 3697.42786981 3697.66556776 3715.12704994
 3722.06525654 3732.62283182 3736.876095   3795.2845894  3813.275467
 3820.6456032  3842.80647804 3852.57879344 3862.58494016 3865.2145174
 3872.82015156 3874.57060308 3875.32249657 3894.90569372 3895.22619094
 3905.69050036 3905.99109776 3909.7095989  3923.39301379 3996.60688003
 4004.27558031 4020.70713807 4043.34787542 4058.02561503 4082.68493491
 4084.0491231  4086.78933271 4117.65779884 4140.39096872 4146.38221686
 4224.47794084 4252.99479398 4254.15205063 4279.22476693 4293.88540669
 4308.04025083 4310.70889439 4385.51718016 4390.78090126 4429.41213353
 4432.96716942 4441.72862691 4444.96349891 4462.15708341 4466.12374907
 4467.49020391 4470.78930869 4476.61582492 4489.69007841 4509.58473953
 4509.74907144 4510.57223098 4510.82869543 4512.48068113 4513.71183714
 4519.60238615 4519.97741623 4542.40942205 4561.97538602 4569.0085918
 4574.9816401  4578.54627591 4596.73018517 4617.4396059  4619.11759138
 4622.3616633  4653.94688988 4659.4477756  4695.31216515 4698.19930682
 4705.25797905 4707.48829308 4709.44700946 4715.43705761 4745.44609784
 4809.88207339 4825.4108723  4829.75123473 4836.08797988 4836.62780854
 4840.71923979 4850.40008932 4862.38825222 4864.58043324 4871.51503988
 4874.05921786 4877.39315566 4883.12877268 4886.35464476 4892.37855928
 4910.73493371 4936.29284581 4942.15709505 4942.62285768 4950.06319327
 4953.74156143 4953.74776138 4961.42906155 4962.39915316 4963.650009
 4967.39004329 4984.58772775 4986.07561487 4990.08824681 4991.12957112
 4995.78193085 5005.91707645 5010.0552073  5011.53009453 5026.23353392
 5043.94668059 5050.87332063 5051.04665246 5053.72699593 5059.17221546
 5068.87436481 5083.05600871 5116.98874831 5120.10005472 5139.43668733
 5158.33659039 5158.37165676 5219.58799352 5231.54592334 5267.61547778
 5270.80381684 5274.58501744 5283.87443703 5290.72617772 5305.62734873
 5334.81366275 5337.01754368 5370.32155539 5402.41724422 5406.9641382
 5410.23497655 5412.51392349 5430.86213133 5450.71675946 5455.02135553
 5455.10992143 5463.56624823 5475.4720785  5480.66900018 5505.7311499
 5560.70507403 5578.24932216 5581.78559155 5597.45145594 5611.4308016
 5672.59993877 5684.65966771 5696.92002825 5698.08945146 5711.13880516
 5719.26300151 5736.80158302 5740.6584163  5798.06915267 5823.94879531
 5831.43943047 5855.87411896 5861.35177154 5871.11998698 5875.60528149
 5951.71108936 5959.59498778 5985.9396264  5987.01215045 6004.30790073
 6024.0658297  6041.07014918 6041.35478004 6050.17353704 6072.55634329
 6080.24924336 6084.52113972 6087.08118422 6090.54085427 6091.15061566
 6101.31029438 6113.68785391 6144.42782115 6144.93555008 6157.03804532
 6159.0274281  6161.67183854 6168.88234279 6170.04893269 6176.77704112
 6214.0201854  6260.81841363 6274.10686527 6292.67473787 6329.49921911
 6339.78309676 6381.6472677  6395.6101135  6398.28492368 6438.77187321
 6439.95976293 6456.5987189  6456.85635    6458.82529962 6463.78115672
 6485.70376695 6521.71765521 6542.8282058  6554.23987368 6578.54272998
 6598.41415796 6626.19345083 6628.84229457 6634.06711601 6667.22416232
 6684.04068342 6714.7060513  6714.76451747 6726.49068263 6728.06333568
 6728.35686647 6734.90044316 6744.07179711 6747.65079946 6786.65299518
 6798.05056318 6809.62476299 6826.22595262 6865.39661355 6878.48890022
 6881.83207128 6891.51932075 6905.08623665 6920.9721658  6930.10158677
 6942.03331682 6957.39095055 6982.20766906 6987.39972412 6991.81361924
 7001.0371394  7001.930665   7023.37701269]"
489,743199_2024-12-05_E-509,ACAd,True,"[  39.75259847   40.08546225   45.25088421 ... 7022.51922011 7022.67721874
 7022.93121654]"
490,743199_2024-12-05_E-511,ACAd,True,"[  21.17512595   21.26799181   22.092618   ... 7020.5255707  7022.64765233
 7023.30271333]"
491,743199_2024-12-05_E-512,ACAd,True,"[  20.3641663    20.4714987    20.53829812 ... 7022.01125784 7022.17238978
 7022.99214935]"
492,743199_2024-12-05_E-513,ACAd,True,"[  20.29530023   20.40203264   20.52196493 ... 7022.24475582 7022.26558897
 7022.42972089]"
493,743199_2024-12-05_E-518,ACAd,True,"[  21.26275852   21.35649104   21.3649243  ... 7023.14968132 7023.19224762
 7023.30374665]"
494,743199_2024-12-05_E-520,ACAd,True,"[  24.17326666   24.46489747   24.88996046 ... 7012.66673873 7012.75287132
 7012.96950278]"
495,743199_2024-12-05_E-521,ACAd,True,"[  23.43760636   23.58707173   23.79436994 ... 7009.22813516 7016.17270838
 7021.04243289]"
496,743199_2024-12-05_E-524,ACAd,True,"[ 344.39912802  358.16297554  361.95547604 ... 7022.47505383 7022.97904946
 7023.48801172]"
497,743199_2024-12-05_E-527,ACAd,True,"[ 117.35919335  122.58824808  126.71057906 ... 7012.49767353 7016.4898723
 7018.70445313]"
498,743199_2024-12-05_E-528,ACAd,True,"[  20.43283237   21.06572689   21.2530586  ... 7021.51662879 7022.23665589
 7022.75615139]"
499,743199_2024-12-05_E-531,ACAd,True,"[  21.35582438   21.3805575    21.58112243 ... 7023.27438024 7023.2987467
 7023.40854575]"
500,743199_2024-12-05_E-534,ACAd,True,"[  21.23492543   21.29192493   21.35679104 ... 7013.65736349 7017.40456438
 7020.93266718]"
501,743199_2024-12-05_E-536,ACAd,True,"[  20.69909673   21.73165446   23.59633832 ... 7020.20717346 7022.2197227
 7022.23115594]"
502,743199_2024-12-05_E-538,ACAd,True,"[  25.09995864   25.13032504   25.23309082 ... 7018.84818522 7019.00171723
 7022.11159031]"
503,743199_2024-12-05_E-541,ACAd,True,"[  25.71885328   33.07402295  101.15050032 ... 6989.09127614 7005.4264014
 7005.43283468]"
504,743199_2024-12-05_E-543,ACAd,True,"[  24.13883362   27.47973804   27.6960695  ... 7009.51163271 7009.5818321
 7014.12639276]"
505,743199_2024-12-05_E-544,ACAd,True,"[  32.43249517   36.37699435   88.46461013 ... 6919.33807995 6943.05774129
 6973.20618031]"
506,743199_2024-12-05_E-545,ACAd,True,"[  24.76676152   25.25575729   25.62578742 ... 7014.65785483 7014.88585285
 7015.57948018]"
507,743199_2024-12-05_E-548,ACAd,True,"[  25.34995647   27.8999344    31.07744023 ... 7012.35130813 7012.61250587
 7012.99620254]"
508,743199_2024-12-05_E-551,ACAd,True,"[  20.61163082   21.42809042   21.78532066 ... 7022.24765579 7022.25615572
 7023.04994885]"
509,743199_2024-12-05_E-553,MOs,True,"[  30.76260962   44.69065572  109.93022432 ... 7021.95139169 7021.98425807
 7022.80711762]"
510,743199_2024-12-05_E-554,MOs,True,"[  34.29291239   41.02785409   49.36344861 ... 6984.602215   7008.54674106
 7019.45767995]"
511,743199_2024-12-05_E-559,MOs,True,"[  20.82809562   21.0073274    21.33835787 ... 7023.48521175 7023.53764463
 7023.54897786]"
512,743199_2024-12-05_E-560,MOs,True,"[  39.63579948   90.00736345  105.70542756 ... 7023.11898159 7023.5484112
 7023.55977777]"
513,743199_2024-12-05_E-561,MOs,True,"[  20.3794995    24.87906055   30.07994886 ... 7016.84516923 7018.21769068
 7020.48740437]"
514,743199_2024-12-05_E-563,MOs,True,"[  20.23653407   20.24096737   20.25733389 ... 7023.52687805 7023.53494465
 7023.5442779 ]"
515,743199_2024-12-05_E-566,MOs,True,"[ 171.0674951   184.24431437  185.31737175  207.97480895  214.22552151
  214.81454974  230.17888341  272.57698307  275.63918989  280.72581253
  286.47599608  292.78700812  374.16047039  418.4357538   439.26537349
  516.80476895  554.21831176  576.56851829  578.86243176  605.89609775
  609.01187078  618.81538592  642.64454631  644.11063362  657.70998257
  658.03034646  713.08480322  803.25568934  818.58385666  824.41637284
  832.77453382  846.45301541  849.68518744  860.65435915  860.979823
  884.66058468  919.50374973  960.3095965   970.4333422   975.6206973
 1013.45696978 1028.82697006 1031.42061428 1041.75922478 1053.92865277
 1066.0360813  1100.09811978 1100.72968098 1100.74214754 1109.95716777
 1114.84262548 1135.49424672 1156.09616838 1157.81702015 1168.30126273
 1172.73465768 1185.41628124 1195.97828981 1208.35098271 1226.60012474
 1242.32868859 1248.80249922 1249.59945899 1252.74589842 1252.91859692
 1254.78534743 1256.3322007  1265.77228565 1266.46171302 1271.94976551
 1278.89293874 1279.23220247 1282.31724244 1282.9301038  1283.20773473
 1286.81760348 1296.62995187 1297.12468093 1304.34371844 1304.36138495
 1308.20261836 1316.28048177 1325.78019954 1333.62613162 1334.82615457
 1335.98607786 1348.86526638 1352.93749779 1361.22675937 1381.26975254
 1385.30925091 1405.91650586 1438.9433533  1442.57588852 1466.44018194
 1474.92840847 1498.91913413 1509.50054253 1509.66264113 1511.46512553
 1520.53231371 1532.31104508 1533.8521984  1534.43489336 1535.74931532
 1536.0590793  1536.08804572 1538.15799447 1541.29843395 1549.30856461
 1549.32003118 1549.47629649 1550.87245107 1551.60534473 1551.6586776
 1552.19460629 1552.76483469 1556.38377003 1562.01545461 1562.27985233
 1570.50984775 1578.50394522 1584.62875887 1588.78165625 1592.25922615
 1595.6798632  1608.17578837 1611.74082418 1616.51104955 1620.05081891
 1620.38571601 1624.71987849 1626.1134331  1626.93452599 1630.28716363
 1633.70750069 1635.4895186  1635.90754831 1641.12826979 1643.11725257
 1645.45239902 1645.78069618 1646.24762547 1646.52728972 1648.07380967
 1648.71227081 1650.21422447 1650.24889084 1652.23347366 1652.59207055
 1654.71398552 1654.75588516 1655.35607996 1655.99290778 1656.69060174
 1656.98569919 1658.11325609 1659.16008037 1659.46671105 1661.67909189
 1663.80070686 1667.14431125 1675.20077485 1676.66926213 1681.41148775
 1682.82397552 1682.83220879 1683.02847375 1685.30348739 1685.82398289
 1693.62518203 1694.13504428 1694.80673846 1695.03850312 1697.87237859
 1698.37980753 1699.62469676 1701.03968451 1701.76341158 1701.89257713
 1701.97714306 1702.26574056 1705.02511668 1705.3808136  1706.73136857
 1707.63699407 1713.3711111  1715.97022193 1719.47202495 1721.51590726
 1721.8119047  1722.03516943 1722.24456762 1722.93789495 1724.26145016
 1724.60721384 1725.0464767  1725.3501074  1726.72599549 1727.34672345
 1728.1622164  1730.68876119 1731.70845236 1731.95618355 1735.97731541
 1737.57930154 1738.38452791 1738.95765628 1742.92062198 1747.21935143
 1749.98596082 1754.42958902 1754.78375262 1754.94635121 1760.13287298
 1762.40631997 1770.12868645 1777.05675982 1780.61646234 1796.39909238
 1801.15341789 1803.16930044 1810.0943405  1811.33109646 1816.09648854
 1816.26452042 1819.28222763 1820.33201854 1820.63694924 1822.91972948
 1823.3451258  1828.3577824  1829.45190627 1830.83592762 1836.56524469
 1837.3997708  1838.50976119 1839.15895557 1847.5509496  1849.27016805
 1850.01176163 1853.30543312 1853.77642904 1862.29235532 1863.62267714
 1863.96454085 1869.5846922  1871.12131223 1872.29236876 1872.91973
 1876.4739659  1884.12486633 1894.08921341 1895.98379701 1897.13255374
 1898.65070726 1898.77907282 1903.9216283  1904.42605727 1906.39934019
 1906.55517217 1911.02146684 1912.44672117 1917.23637971 1918.76159984
 1918.97366467 1922.9602635  1923.14096193 1928.15868516 1929.19334287
 1932.19681687 1932.38418192 1933.00187657 1933.75303674 1937.81843488
 1941.039007   1942.67739282 1942.71012587 1946.06069686 1946.14166283
 1951.80441381 1952.30284283 1953.36790028 1953.56969853 1954.28592566
 1965.16276484 1968.33877069 1968.54206893 1968.88123266 1969.39022825
 1969.52269377 1970.00745624 1974.65578267 1975.28331057 1976.30600172
 1978.61241509 1979.08934429 1979.79807149 1990.87234229 1996.51516011
 2000.48852572 2002.12661154 2003.79936373 2004.05742816 2008.15825933
 2018.11610646 2019.29062963 2024.53295092 2026.7759315  2027.72298997
 2031.93535351 2034.31579957 2043.9926158  2045.67796788 2046.99428982
 2048.37694452 2050.61795845 2057.34930018 2062.85895249 2063.89051023
 2066.78535183 2070.51108625 2071.66497626 2079.35937632 2079.45404217
 2081.59219033 2082.42588311 2082.4507829  2082.90021234 2083.99693618
 2084.17886794 2084.48859859 2084.51949832 2085.58392244 2091.86753471
 2092.76289363 2093.80755125 2104.20952788 2108.03582809 2108.19832668
 2113.08231774 2114.34930677 2123.67135941 2124.13478873 2125.49481029
 2125.61654257 2126.21527072 2131.99325404 2135.59852283 2137.04861028
 2138.15300072 2139.83055287 2142.82999357 2143.85285138 2144.34444712
 2144.55237866 2149.3567704  2149.9072323  2150.24349606 2150.25459596
 2155.7758815  2156.12294517 2156.13194509 2157.52143306 2158.94712072
 2166.93611823 2172.69973501 2175.71264226 2191.0219764  2194.84700996
 2195.15164065 2195.63580313 2207.52293357 2208.55619129 2208.59092432
 2210.95537052 2211.45049957 2211.46226613 2212.95418655 2213.09011871
 2213.09625199 2220.94608404 2231.34016073 2233.67204054 2236.78498026
 2246.51832934 2251.19152222 2256.62904182 2257.72959896 2260.01947914
 2264.94300319 2266.29832479 2266.46542334 2268.95106849 2274.04949102
 2278.54715209 2289.44819106 2302.22924709 2303.20013869 2305.25705421
 2307.39516904 2312.61922382 2315.58419815 2316.58478949 2324.70365255
 2326.49453704 2330.64696776 2332.44265222 2336.08985398 2336.84548078
 2337.95650449 2345.29804094 2351.14195702 2356.36244516 2363.30891837
 2364.21737717 2365.12196934 2366.29222587 2374.12629139 2374.36075603
 2377.05363272 2382.86318243 2383.81864083 2384.79226573 2384.97819746
 2389.61469066 2392.60516477 2396.63252991 2396.75046222 2399.55147131
 2401.47585465 2408.54192681 2411.22317027 2414.87703864 2416.73508923
 2419.73539659 2426.31413964 2432.50025276 2432.81308338 2438.35516874
 2446.53989789 2454.87805905 2458.56006051 2462.09952987 2466.56102458
 2477.61766221 2480.64173603 2495.65690605 2506.95410826 2514.87713968
 2516.2103948  2532.06052427 2570.91068797 2580.09917509 2587.7462089
 2604.55429674 2607.31057288 2618.22954503 2618.47797621 2631.97512604
 2633.57314554 2648.61701532 2649.53090741 2656.30284879 2662.28179703
 2669.06433832 2672.63510741 2673.58653251 2687.29994713 2687.43157933
 2688.7977675  2693.87685687 2694.35931936 2698.10528693 2702.2255846
 2704.55653109 2708.16593318 2708.23829922 2709.35692287 2714.60197746
 2722.2987775  2722.98867153 2727.65359782 2733.3273487  2734.39193949
 2734.68810359 2736.63792005 2736.84701824 2739.65929389 2743.63949277
 2745.99607237 2747.59849183 2749.71374019 2749.88917201 2751.03066212
 2753.04081139 2754.26543412 2758.04733472 2762.17149902 2773.55196717
 2775.50525027 2776.09594515 2781.42853232 2782.27852497 2793.68895953
 2799.85700614 2802.23548555 2807.29887505 2810.32564885 2815.2251731
 2827.26590221 2835.04550153 2840.59502016 2843.04359897 2843.43262893
 2844.48278651 2847.59772621 2849.52904283 2850.17367058 2852.11752042
 2857.74250506 2861.68537093 2864.07831688 2873.93199825 2874.98088917
 2875.17412083 2877.01260492 2878.95995473 2882.69458907 2905.99018741
 2906.20105225 2910.20725091 2910.71204654 2912.73132906 2919.31290542
 2919.44177097 2927.66079983 2933.73911388 2942.81926861 2943.16866558
 2944.545987   2945.57834473 2945.78364295 2945.99464112 2954.14860387
 2970.229598   2978.25649519 2982.03886245 2984.17227731 2985.75703026
 2986.67435565 2989.1800673  2990.57618854 2993.69499488 3000.55383551
 3037.1527187  3047.97379169 3058.55310011 3061.94357076 3071.64568678
 3074.84482575 3075.01699093 3079.07748911 3079.62405105 3080.3572447
 3084.21637796 3099.39691322 3099.84014272 3109.00309674 3122.12298317
 3124.31813083 3128.15153098 3128.48379477 3129.55091887 3140.51725727
 3142.53023985 3143.68612984 3144.4231568  3145.41108158 3150.34253889
 3150.52470398 3150.93506709 3152.57685288 3154.20410546 3162.03167104
 3162.87196376 3163.05356219 3164.29255147 3164.6895147  3164.87821306
 3170.09176793 3176.58704504 3185.10783795 3185.49500126 3188.91597165
 3189.14823631 3189.184136   3192.07017768 3192.17284346 3194.7138548
 3203.39277967 3203.98934117 3213.54372513 3214.88274688 3219.64947228
 3229.24968918 3232.03533173 3232.20489693 3234.94767319 3235.98363089
 3237.59848357 3239.71419859 3240.0061294  3240.8419555  3246.86333671
 3250.05947571 3251.22633227 3268.45531647 3269.97313666 3273.8115701
 3291.43785086 3293.654265   3293.85396328 3295.29688412 3305.68192756
 3331.1537404  3334.27188007 3348.47469046 3350.42934021 3350.71413774
 3351.2241     3354.98703409 3356.58632024 3376.32888268 3392.80197342
 3411.78104246 3432.29266491 3435.45527086 3437.35155445 3439.99773154
 3440.9033237  3441.37245298 3443.64103334 3444.89575581 3450.11677728
 3451.88329532 3457.92090973 3460.74801859 3461.21291456 3464.54505239
 3464.64958482 3465.57917677 3466.8002662  3468.87311492 3470.15713714
 3472.29721861 3472.40928431 3473.3072432  3479.65275494 3479.66125487
 3480.04211824 3480.85781118 3483.25152379 3490.88355773 3493.26410379
 3493.45023551 3497.62983266 3500.11044452 3500.27057647 3501.32880064
 3504.50597314 3511.59421178 3516.74206722 3517.28932915 3517.53902699
 3519.56100948 3537.23358984 3538.09618237 3551.13426951 3551.85636326
 3554.15637668 3559.66592899 3559.9110602  3571.69259155 3576.71911471
 3577.45650832 3578.52739905 3580.79784607 3586.92122639 3589.0302748
 3595.65448413 3609.55809711 3620.67436755 3623.17261259 3625.78039002
 3634.42378186 3639.31107289 3670.55076914 3674.58316756 3680.64648174
 3703.57251662 3719.79137623 3733.69835584 3748.82335825 3792.58601276
 3797.66753544 3829.22532893 3829.75029106 3849.97491598 3869.58971286
 3870.92906793 3872.34015572 3872.68575273 3877.96804033 3893.91780227
 3901.2802052  3905.74933318 3908.32114425 3909.81099802 3944.21350023
 3963.91729633 3976.90785055 3991.83535466 4008.2892789  4019.9950109
 4026.38075563 4026.414622   4026.76291899 4027.35514719 4042.28378463
 4066.33270979 4068.35445896 4072.30015813 4092.77828087 4094.79939671
 4115.79171499 4133.47546191 4173.02371957 4182.71753566 4200.83644548
 4237.15616442 4286.55373682 4321.9297306  4388.61095338 4399.54072544
 4412.99510897 4428.20097734 4432.09674362 4436.36134004 4441.64316098
 4446.65735091 4455.34690903 4458.42048242 4463.75836955 4463.86520196
 4464.09020001 4477.47071752 4480.65972325 4480.66515653 4500.8470485
 4508.34748357 4548.59820182 4577.25085379 4642.86021919 4654.27825368
 4669.58435452 4675.47617019 4689.69298045 4715.56032321 4716.62811396
 4716.72251314 4721.27307375 4726.50402847 4727.83565028 4731.8383823
 4738.95742067 4748.82530192 4759.64524159 4764.29846798 4767.70680514
 4774.31514794 4783.21963752 4798.05430911 4821.08887638 4824.22941586
 4825.67450336 4831.21972202 4847.89517767 4866.92337963 4890.36651003
 4890.96877148 4906.26380575 4916.32025203 4919.74962235 4920.23421815
 4925.82116979 4956.58410349 4991.00533887 5057.25829869 5079.87386959
 5139.49232018 5145.01613903 5176.71866461 5177.58345712 5183.07830956
 5195.94336486 5197.43555194 5200.18466148 5208.86861964 5222.51026822
 5226.13100354 5227.42459235 5245.01260677 5268.44713724 5279.49790825
 5279.62017386 5292.34026375 5297.4023866  5299.0581056  5345.82460077
 5368.35523907 5382.37728436 5382.38798427 5391.70457029 5401.75151665
 5430.22027022 5454.94938949 5456.94723886 5457.80429811 5480.59133419
 5481.01956382 5482.80548169 5486.68314812 5488.64719779 5490.34244978
 5490.47268199 5498.1952818  5509.94508009 5521.1737829  5532.06428862
 5534.05557139 5545.84980263 5568.46940682 5571.91517699 5574.68748633
 5605.06062341 5684.71930053 5694.52604897 5709.43125328 5809.65351906
 5843.79789016 5971.55631758 6050.19360353 6080.4568749  6158.97309524]"
516,743199_2024-12-05_E-568,MOs,True,"[  34.33907866   61.04521415   63.39049385 ... 7017.87709363 7018.40932235
 7021.71259376]"
517,743199_2024-12-05_E-570,MOs,True,"[  23.59303835   24.78992799   24.96965977 ... 7023.46221195 7023.50554491
 7023.52544473]"
518,743199_2024-12-05_E-571,MOs,True,"[  21.2540586    21.67002166   25.06772558 ... 6941.88885141 6943.5988366
 6990.40179813]"
519,743199_2024-12-05_E-573,MOs,True,"[  20.43166571   20.75766289   21.00052746 ... 7021.53719528 7022.28098884
 7022.77408457]"
520,743199_2024-12-05_E-577,MOs,True,"[  33.11712257   94.98875366  103.30334835 ... 7022.41372102 7022.59048616
 7022.75911803]"
521,743199_2024-12-05_E-581,MOs,True,"[  20.9724277    23.15340882   23.26337454 ... 7022.68225203 7022.86275047
 7023.47614516]"
522,743199_2024-12-05_E-582,MOs,True,"[  24.57559651   26.58777909   26.70967804 ... 7022.34212164 7022.38428795
 7023.43554551]"
523,743199_2024-12-05_E-584,MOs,True,"[  28.17266537   31.11327325   33.37412035 ... 7018.86555174 7021.52032876
 7021.72652697]"
524,743199_2024-12-05_E-586,MOs,True,"[  21.27419175   21.34815778   23.27510777 ... 7022.25008911 7022.59721944
 7023.51651148]"
525,743199_2024-12-05_E-587,MOs,True,"[  20.52109827   21.24735865   22.06218493 ... 7022.00822453 7022.23808921
 7022.4743205 ]"
526,743199_2024-12-05_E-588,MOs,True,"[  21.16089274   21.34329116   21.67208831 ... 7013.73102952 7013.7370628
 7019.91790929]"
527,743199_2024-12-05_E-596,ILA,True,"[  29.77671815   35.60893434   35.83673236 ... 7007.07058717 7009.58333209
 7019.12148286]"
528,743199_2024-12-05_E-598,ORBvl,True,"[  25.88745182   28.87219265   36.35459455 ... 7021.95119169 7022.05562412
 7022.17602308]"
529,743199_2024-12-05_E-600,ORBvl,True,"[  48.53172247   73.01131057   75.51938886   75.60088815  115.70320768
  115.7584072   127.33807363  154.13330835  157.8203431   166.5462009
  227.67580508  242.4058109   251.97846137  383.0778932   473.62740938
  484.86701208  492.64661141  558.62500694  560.813188    668.42018986
  748.90245984  772.78295313  780.31098796  836.93453114  841.36229281
  907.59431949 1030.93508515 1065.43708649 1067.08517222 1077.90781187
 1100.26801831 1144.13947188 1157.04342685 1175.93303    1185.78607804
 1203.27535998 1221.8957988  1222.96352289 1223.85368185 1267.89606727
 1332.75480583 1397.83380916 1465.67405524 1541.61183123 1554.73495097
 1569.00939407 1598.13080865 1638.67935765 1689.50605102 1717.36994315
 1848.62647362 1965.26346397 2033.5039066  2040.02858345 2078.43765097
 2080.20243569 2081.82355499 2106.56114086 2136.78211259 2267.18751709
 2281.87958991 2324.47732117 2364.81660532 2567.80971481 2567.83501459
 2635.1917982  2636.84861719 2641.44501073 2679.1944173  2709.35945618
 2716.21406351 2716.49512774 2732.48252268 2733.12551712 2785.78212797
 2789.64649452 2791.13921493 2799.35254384 2823.52560125 2837.23951587
 2837.64477903 2885.76756247 2916.84956008 2926.0386472  2939.1924
 2969.36237218 2980.72234051 2984.70020607 3011.04631135 3061.42677524
 3065.33627473 3086.30235991 3116.53026491 3123.48243807 3127.07177366
 3130.3788117  3139.02487019 3147.48376364 3171.02609318 3191.73054729
 3218.18365163 3219.5426732  3229.28785551 3295.84637936 3298.25855848
 3324.15436765 3324.27059998 3342.42957612 3342.94603832 3350.91473601
 3385.0563738  3404.58580475 3422.18031911 3438.49947785 3488.94034121
 3500.13347766 3521.83558979 3616.9102668  3651.51520058 3664.27515679
 3668.32928837 3670.02810699 3674.42820224 3693.0236746  3701.23253688
 3716.96020074 3751.65743372 3757.83831355 3760.16332676 3760.31709209
 3803.12932149 3815.41151518 3822.73161848 3829.1249298  3843.11640869
 3873.8364761  3880.49658511 3904.70947552 3907.02905544 3927.8926415
 3933.35269424 3982.57673481 3992.01665309 4000.9067428  4010.202629
 4060.65529227 4063.01913847 4112.85817372 4120.11817754 4140.96839705
 4141.06952951 4194.17146984 4237.35902933 4308.71007836 4318.01146451
 4345.56122603 4359.99146779 4366.54034443 4367.83876653 4397.32401129
 4422.86965683 4430.18182686 4440.56210368 4460.70132934 4473.61515089
 4527.80171517 4532.02804525 4545.803826   4550.65861731 4556.76583111
 4560.53073186 4562.36994927 4571.08447383 4592.88235181 4606.40390143
 4615.10455945 4616.7194788  4636.61087328 4653.12113037 4705.8682071
 4725.7537683  4761.17452835 4764.96286223 4778.98294087 4783.40490259
 4794.65160523 4795.47876474 4829.68066868 4861.19669586 4879.4032716
 4884.12709737 4911.32816191 4911.49522713 4930.02913336 4940.98203855
 4966.5841836  5018.94283036 5020.23151921 5039.57238512 5053.30833289
 5054.30362427 5056.06344237 5059.64007808 5059.66874449 5075.1140108
 5108.53098819 5116.12438913 5117.41967792 5127.07249436 5127.87562074
 5139.2670888  5145.88836482 5151.81484685 5160.33423977 5161.59826216
 5178.40575    5186.70304485 5191.90909978 5196.17586285 5196.42986065
 5238.28346502 5245.37360364 5255.75621377 5263.31888163 5274.13665466
 5289.68305342 5297.47081934 5320.34898796 5333.27680939 5336.16225108
 5354.71825712 5369.16316541 5375.96877317 5377.94558939 5393.59075396
 5400.0704312  5400.40952827 5411.20976811 5416.65588763 5425.76024216
 5426.75966684 5429.08828002 5430.05533831 5431.14992884 5435.46179151
 5435.98065369 5438.7672629  5449.34537133 5449.85626691 5451.68755106
 5452.03748136 5466.4962562  5470.75918597 5470.94725101 5471.55654573
 5476.61036865 5477.16076389 5477.78855845 5480.4012025  5499.20153976
 5505.54911815 5508.42189328 5509.10288738 5509.28108584 5509.43231787
 5510.08977884 5516.14499309 5518.11377605 5519.9754266  5521.19438272
 5522.71846952 5523.04313338 5528.0695232  5538.56196571 5541.70710515
 5544.99860999 5546.83556076 5551.15532337 5555.67351759 5559.32311933
 5559.45921815 5577.00246629 5590.12648602 5598.24678239 5598.86911034
 5620.14369285 5640.70811483 5643.75168849 5680.6257693  5687.26241185
 5690.54845007 5704.64436138 5714.27891132 5715.84533109 5717.67721523
 5718.38360912 5718.45210853 5725.27591612 5732.91834997 5732.96384957
 5734.69263461 5736.91448204 5744.84568005 5746.83226286 5751.25872454
 5777.0976342  5780.95386749 5783.66747733 5784.07997376 5795.01474577
 5796.62783181 5800.98422743 5803.86273585 5823.85579612 5830.74033652
 5832.20135721 5835.90282517 5836.01735751 5836.11602332 5844.33511884
 5847.56079092 5848.68351453 5849.29987587 5864.41061173 5864.41347837
 5864.97287353 5877.69346342 5882.78108604 5884.14144093 5887.13174838
 5892.39673614 5900.56929873 5911.12110739 5912.19256478 5915.58660207
 5917.31698709 5917.55498503 5917.96234817 5925.62798181 5930.66827152
 5930.94820243 5936.62641994 5938.38140475 5939.57122778 5946.41026858
 5949.91403825 5955.60192235 5965.63246885 5979.13845194 5982.80062024
 5985.61536254 5999.3985099  6008.65239646 6014.78267673 6029.18231875
 6035.05663456 6035.67416255 6050.87979759 6050.96246354 6071.01392331
 6083.07195226 6086.74482047 6086.90671907 6095.54864426 6101.62322501
 6115.8760683  6133.05628625 6148.32128744 6148.36705371 6168.96840871
 6177.20390409 6177.53586789 6183.91961263 6184.66743949 6185.0468362
 6190.78065323 6195.26228111 6198.5207529  6199.00918201 6203.12831302
 6211.4246412  6228.84555707 6232.81658936 6234.49947479 6239.37166595
 6244.46238855 6256.23238666 6259.07436206 6263.05466094 6268.37054826
 6271.92388417 6273.14707358 6273.22597289 6287.86411285 6314.33811702
 6317.55438917 6328.79472521 6348.11925793 6348.51388785 6348.79185211
 6379.28565481 6382.01776449 6390.68582279 6391.25791784 6401.03426655
 6405.33276267 6423.84523575 6428.81325942 6430.53161121 6437.83464799
 6457.35251237 6472.16185084 6478.27449793 6491.80361415 6493.36510063
 6498.4290568  6503.1538159  6514.3985519  6519.5547406  6531.82680103
 6536.49046066 6537.97761445 6538.25047876 6543.83716373 6551.77276171
 6553.14241652 6553.19941602 6554.64893681 6557.81780938 6570.94226244
 6572.29971735 6573.53973995 6574.40689911 6574.51439818 6576.86267785
 6578.08246729 6578.81766093 6582.82532624 6583.81718432 6585.25730519
 6591.41571854 6591.61515015 6593.15263684 6593.68523223 6596.64113998
 6600.5360396  6601.5787639  6603.7275453  6613.16589693 6616.67193325
 6622.86304633 6623.65933943 6628.01363507 6629.54598848 6634.8691424
 6644.09596253 6645.5123836  6646.61684071 6646.74340628 6647.06230352
 6649.04568635 6653.52341425 6668.74548249 6672.65761529 6675.47052427
 6689.04667342 6689.96033218 6697.75246473 6698.65859022 6705.26836633
 6714.43955361 6720.3058695  6721.11222918 6722.69431549 6723.35640976
 6727.38354156 6731.2724079  6735.10907469 6736.23779825 6739.87423344
 6747.59699992 6759.29666531 6759.3757313  6759.87946027 6759.88239358
 6765.23394725 6767.32262917 6771.71802446 6778.59616492 6780.02578588
 6780.43698232 6784.85031078 6785.82790232 6809.47813093 6817.43622871
 6835.45047277 6836.35319829 6859.16340084 6861.26708263 6885.65700483
 6889.38433923 6895.49361968 6897.72716702 6898.63222585 6900.62140863
 6901.92489735 6915.36651432 6937.48345621 6939.11000879 6939.55370495
 6941.55378764 6941.83871851 6951.59990068 6953.02812165 6953.07018795
 6953.10442099 6953.37421865 6953.45691794 6958.93710383 6974.30713745
 6979.65882446 6983.05132842 6983.77392217 6995.30985564 6996.64044413
 6999.91348246 7000.48321086 7002.40772754 7004.20267866 7007.72748149
 7009.42060016 7009.61006519 7012.33497494 7015.64777959 7017.23986581
 7021.15466526]"
530,743199_2024-12-05_E-601,ILA,True,"[ 113.08949697  113.15022978  119.55700765 ... 7018.28805674 7021.59886141
 7021.60876132]"
531,743199_2024-12-05_E-602,ILA,True,"[  21.91181957   26.89030981   36.87599003 ... 7019.66541148 7021.05649944
 7021.15036529]"
532,743199_2024-12-05_E-613,PL,True,"[  20.25276726   20.47783198   20.55456465 ... 7022.4702872  7022.74015153
 7022.85565053]"
533,743199_2024-12-05_E-614,ILA,True,"[  22.96271047   23.72350389   24.76429488 ... 7022.878117   7023.03948227
 7023.49524499]"
534,743199_2024-12-05_E-620,PL,True,"[  22.17095066   25.07095889   25.90655166 ... 6986.46579887 6997.36170455
 7011.69291383]"
535,743199_2024-12-05_E-633,PL,True,"[  24.45636421   27.91583426   39.8683308  ... 6875.01576361 6952.70212447
 6955.88299693]"
536,743199_2024-12-05_E-639,PL,True,"[  20.4677654    27.214807     27.89483444 ... 7022.41938764 7022.54885319
 7023.50377825]"
537,743199_2024-12-05_E-641,PL,True,"[  36.60689236   53.71741092   55.68766053 ... 7015.76057862 7018.63625372
 7020.59287012]"
538,743199_2024-12-05_E-647,PL,True,"[  51.88842675   53.26181486   57.943441   ... 6999.06552313 7001.87713213
 7022.65005231]"
539,743199_2024-12-05_E-650,PL,True,"[  23.43857302   25.08792541   26.48614664 ... 6998.33129616 7008.9424043
 7009.17836893]"
540,743199_2024-12-05_E-651,PL,True,"[  30.01124946   30.02471601   49.98720987 ... 7020.0709413  7020.31670584
 7021.76595996]"
541,743199_2024-12-05_E-652,PL,True,"[  21.60892219   22.23315012   22.25644992 ... 7005.01007168 7011.38901646
 7020.92430058]"
542,743199_2024-12-05_E-654,PL,True,"[  41.54378296   86.38372815  156.54628746  156.55632071  164.37265305
  265.07678132  503.38448512  528.23140337  533.43832497  537.22505886
  558.61247372  573.08394845  630.9701807   632.70569901  638.40248303
  639.3537748   639.99543591  644.04180088  644.60562934  670.77440281
  688.86367956  693.6837045   701.74326807  797.1030426   824.79540289
  921.59979825  926.82975298  935.53607762  937.7675583   938.65398396
  967.01607178  980.71008658 1009.20070662 1011.03552407 1011.05735721
 1020.57227485 1021.27440211 1021.35190143 1021.43140075 1021.56866622
 1021.73713143 1021.82389735 1021.87999686 1022.07302853 1022.90705464
 1023.04608677 1026.07806052 1127.90827905 1238.02909248 1265.2623234
 1273.69328375 1358.62518189 1383.8421636  1435.75798087 1437.83976285
 1437.938362   1439.27751707 1451.26281332 1451.42844522 1510.10310398
 1525.80636805 1532.50047677 1533.83809853 1576.7880934  1581.224655
 1583.84046569 1687.68056682 1688.22469544 1688.23909532 1688.86865653
 1691.08063739 1697.22531753 1699.48286465 1701.51598039 1702.0843088
 1702.13604169 1702.87836859 1703.99332561 1704.21139039 1706.81006789
 1711.76939163 1720.98124522 1721.85340434 1722.91899512 1723.84772041
 1724.26475013 1725.31887434 1725.43134003 1725.61873841 1725.82986992
 1725.95440217 1726.84722778 1735.67971799 1735.81168351 1736.21148005
 1739.91314801 1740.07287996 1746.45452472 1746.49175773 1747.07788599
 1747.19728496 1747.24431788 1749.52269816 1749.68939672 1749.92882798
 1750.07449338 1751.03685172 1751.05235158 1751.07615138 1752.96566836
 1753.45316414 1754.58078771 1756.30743943 1756.48290458 1756.59330362
 1756.97996694 1757.22566481 1757.43739631 1757.71056062 1757.79772653
 1758.36862159 1758.91988348 1759.09338198 1759.87674186 1760.81393375
 1760.84463349 1761.73845908 1761.97815701 1762.01972331 1762.21625495
 1762.45595287 1762.65128451 1763.09868064 1768.01450475 1768.19090323
 1770.90427974 1771.04801183 1776.32439949 1776.40669878 1776.46296496
 1776.53359768 1776.56439741 1776.62003026 1776.65039667 1776.67152982
 1776.71266279 1776.75986239 1776.83449507 1776.8622615  1777.09019286
 1777.11305933 1777.27062463 1777.33582407 1777.37569039 1777.40339015
 1777.42265665 1777.45388971 1777.49965598 1778.00501827 1778.02435144
 1778.2058832  1778.34288202 1778.5684134  1778.83224445 1779.11044204
 1779.1385418  1779.1840414  1779.39523957 1779.43877253 1779.84406902
 1780.03076741 1780.21156584 1780.29763176 1780.35163129 1780.66016196
 1780.87876006 1780.91782639 1780.94015953 1782.89710926 1792.51355935
 1797.77961377 1807.2172654  1807.3333644  1807.36843076 1807.59802877
 1809.69254398 1833.42320522 1836.7913094  1836.81070923 1842.41889402
 1863.56684429 1870.9470804  1871.9608383  1883.02910915 1911.86332622
 1917.89444068 1919.71445826 1920.18545418 1920.35678603 1920.82971527
 1926.71249768 1939.57851964 1978.78751357 1984.38876508 1984.88132749
 2005.38694998 2044.14578114 2058.62955577 2088.3150988  2088.32359873
 2103.28530255 2103.29733577 2131.32719314 2132.48114982 2132.50894958
 2208.86832192 2231.66719123 2290.30631697 2353.44633707 2353.45393701
 2376.26400622 2397.31739064 2424.17209152 2454.99342472 2460.31541198
 2462.41862711 2475.7275119  2481.34409662 2541.53480892 2552.34111538
 2552.64041279 2561.4529365  2563.82384931 2564.2098793  2564.25794555
 2564.47414368 2564.57970944 2567.50185081 2612.0172988  2615.95349806
 2653.66160498 2732.53708888 2736.32165612 2737.48941268 2744.51651851
 2746.56990074 2746.77036567 2751.3302262  2752.28908456 2752.29681783
 2753.20497664 2753.58737333 2754.2911339  2754.63873089 2757.52553924
 2766.05783204 2769.63666773 2795.26371256 2795.48517731 2795.5293436
 2795.69010887 2796.07543887 2808.52449777 2822.14144657 2822.15081315
 2851.15382876 2856.34545049 2909.26042577 2911.52220619 2926.21657899
 2926.26501191 2944.91908377 2945.37504649 2945.38417974 2945.66511064
 2945.73431004 2956.17115303 2959.35662546 2961.59573941 2969.10340775
 2973.02830711 2984.3932754  2990.1422923  2990.50132252 3000.26173804
 3012.12193537 3012.51743195 3013.23605906 3021.24345641 3073.17764019
 3094.27465756 3097.71396113 3099.66297759 3100.78040125 3103.57097709
 3108.04420504 3111.40287596 3111.41170922 3111.92547144 3117.67212169
 3127.11470662 3128.42509528 3128.56436074 3129.43408655 3131.18843803
 3131.88516533 3133.34638601 3133.70011628 3133.94004754 3137.73944799
 3138.28537659 3138.31174303 3139.13736922 3139.21150191 3139.32903423
 3140.46222442 3140.82618793 3141.83344588 3143.97469401 3144.29632456
 3144.7890203  3145.88154417 3147.64686222 3147.6573288  3147.6685287
 3147.68269525 3148.28165673 3155.89859079 3156.88564892 3161.86027252
 3165.43084161 3166.60126481 3170.54376402 3217.45409128 3234.99643943
 3272.10278489 3272.11121815 3272.11891809 3276.54507977 3279.96451684
 3279.9727501  3281.28193877 3282.94115774 3304.00180877 3304.01414199
 3304.29580622 3304.30397282 3304.77313542 3304.79316858 3304.81086843
 3309.43659505 3323.80937064 3324.54703092 3324.58446393 3324.72109608
 3324.81489527 3331.23483969 3343.10420362 3346.87463765 3348.04409419
 3353.50104695 3379.53798823 3379.87451865 3388.09328084 3392.78897353
 3403.82061137 3434.33661388 3484.21018216 3486.47946252 3498.42939241
 3560.80785244 3566.92889945 3585.22330776 3589.51843724 3656.79048825
 3657.31495038 3668.86378374 3669.16684778 3673.50117693 3714.36842317
 3714.52795512 3724.57686814 3726.77788242 3736.7344629  3742.64214509
 3742.80181038 3746.67397686 3778.31916959 3779.52572581 3816.96123509
 3818.76968611 3818.77848603 3820.13827426 3820.17537394 3820.36713895
 3820.44093831 3820.81040178 3821.12279907 3821.34479715 3824.79090065
 3825.713626   3826.15372219 3826.2214216  3826.54735211 3826.57405188
 3826.59341838 3826.69711748 3827.02018135 3827.32214541 3827.80737454
 3828.24707073 3830.45085166 3831.15307891 3831.26541127 3831.41354332
 3831.49100932 3831.64560798 3831.87260602 3832.53283364 3832.70426548
 3832.7261653  3832.73776519 3832.75093175 3833.28102716 3833.29409371
 3833.40022613 3833.42939254 3833.45819229 3834.7547144  3835.53807429
 3837.92875359 3838.08578557 3838.38498298 3839.35300793 3839.56673941
 3840.31839957 3840.49126474 3840.89779456 3840.95456073 3841.27599129
 3841.42895663 3843.34110674 3843.42637267 3843.61303772 3845.58128735
 3845.9951171  3846.47341296 3846.51741258 3847.60136986 3850.07708177
 3850.92744107 3851.08917301 3852.1836302  3853.41311956 3853.52828523
 3858.39320978 3858.57864151 3858.59697468 3859.11037024 3861.20291879
 3862.20737676 3867.18713366 3869.51901347 3869.53358001 3869.94400979
 3870.07187535 3870.4555387  3871.47456321 3872.16372391 3874.7831679
 3874.96336634 3875.23399733 3881.24924526 3882.85409804 3882.95249719
 3883.10699585 3883.43882631 3889.92877013 3890.97326109 3906.35086131
 3907.30251974 3907.73151603 3911.20838593 3914.11762741 3914.68758914
 3915.27941735 3915.97407801 3917.11560146 3917.12626803 3918.48292296
 3922.31395646 3922.65315353 3950.6775776  3960.41402666 3964.09876143
 4054.5325786  4098.54566428 4100.85127765 4109.94793224 4127.00061796
 4156.03713328 4182.76376859 4192.16412055 4235.42011278 4249.79812166
 4286.51577048 4286.70216887 4286.71606875 4286.79860137 4287.30623031
 4303.59078934 4304.5009148  4310.24563174 4315.81211688 4322.04209629
 4322.54492527 4325.56176582 4325.57293239 4332.28714094 4335.399114
 4339.89717506 4341.96745714 4361.19455737 4373.16045379 4379.14680197
 4527.79188192 4529.4423343  4530.33749322 4530.63089068 4530.64789053
 4531.12988636 4532.35477576 4534.17036004 4535.04411914 4535.11991849
 4535.74411308 4535.75044636 4535.89621177 4542.80715194 4544.46240428
 4546.02012413 4546.03469067 4550.59951782 4550.6102844  4554.48748417
 4554.99787975 4560.41713284 4564.5461971  4573.6762514  4578.70640786
 4579.84289802 4585.77897997 4586.99403612 4587.01100264 4679.6713672
 4723.8286183  4728.2067804  4729.21970497 4750.77245173 4784.61602544
 4851.62937868 4862.94291408 4902.93023461 4952.26330756 4971.75217219
 4989.56101804 5013.89914069 5019.04039619 5030.5676964  5034.36396354
 5039.25142123 5039.70031735 5039.71631721 5039.79101656 5040.55490995
 5057.01983409 5057.03210065 5127.29965906 5135.65882003 5141.87219958
 5152.6910726  5156.29820804 5157.44036482 5157.45856466 5157.91089408
 5159.10258376 5174.80558117 5247.68575029 5251.31465221 5251.77448157
 5251.78024818 5257.73389665 5265.35353069 5265.36273061 5265.51792927
 5271.60467658 5272.16867169 5282.62401452 5285.15505928 5290.21484881
 5291.13577418 5315.86349346 5315.87389337 5372.00360749 5389.81295333
 5389.8277532  5413.71224645 5413.83654537 5413.87951167 5413.89694485
 5417.03921765 5419.44329684 5422.52083687 5422.60733612 5422.93639994
 5432.77338145 5438.69603018 5457.86956421 5479.00968121 5479.72350837
 5482.84988131 5482.85861456 5483.61314137 5483.62057463 5484.88219705
 5489.34339176 5489.34825839 5489.9479532  5491.02681052 5491.19177576
 5491.20180901 5491.23037543 5492.00763537 5494.90097699 5494.95267654
 5495.02977587 5502.53144427 5503.60003502 5529.15744712 5531.91525658
 5531.92015654 5547.71251983 5573.6513953  5588.54809968 5588.56313289
 5588.74203134 5588.86206363 5592.49919881 5603.74986809 5612.90432218
 5665.31443517 5702.65331195 5708.12683124 5719.44763324 5719.47043304
 5741.41414309 5748.81781234 5767.40751809 5767.56755003 5767.92118031
 5772.91080378 5773.16873488 5776.59913852 5793.63169108 5801.59492215
 5803.42190633 5821.77111416 5821.77961409 5822.0285786  5823.02376999
 5837.83624177 5838.42753665 5839.67969247 5839.68795907 5839.70609225
 5848.59994859 5864.98624008 5889.69895949 5918.27161216 5918.29247864
 5927.29943401 5943.79805786 5943.80855777 5969.85106567 6018.43021182
 6045.55337703 6052.91161334 6052.9468797  6060.7563121  6061.09407584
 6061.1029091  6061.11150902 6068.47381196 6070.34499576 6104.16860298
 6104.17503625 6109.28762533 6114.96644284 6114.98857598 6135.8348622
 6142.4772047  6142.49870451 6142.50690444 6142.51990433 6142.53947083
 6142.57617051 6142.61020355 6142.66606973 6142.67470299 6142.68583622
 6142.72166925 6159.77022167 6159.92175369 6159.93165361 6160.31165032
 6160.35811658 6160.39614959 6160.59431454 6220.41893001 6245.3763473
 6245.38508056 6261.92007076 6263.06596084 6268.82314434 6315.28657547
 6333.69274948 6424.87062688 6426.36581393 6426.44771323 6426.53801244
 6426.54987901 6426.90014264 6427.20497334 6429.3084218  6432.42532815
 6432.92815713 6433.71068369 6435.31966976 6435.33923626 6435.35433613
 6436.44276004 6436.45485993 6440.34262628 6440.35165954 6444.65132232
 6476.56384607 6476.76367768 6493.939429   6503.21991533 6508.75913405
 6513.20436223 6533.87188333 6540.70559084 6544.35815922 6544.51562453
 6545.40585015 6545.60574842 6552.88188544 6560.18905552 6567.71529037
 6579.92811798 6580.58624562 6588.19247978 6617.13966254 6692.09684702
 6705.44299816 6712.90623355 6718.89434838 6719.23577876 6765.94347444
 6766.8300001  6766.84503331 6768.92344865 6771.98142218 6777.88617106
 6782.35936568 6801.50476661 6810.701587   6812.07644177 6840.96259172
 6841.16019001 6842.05191563 6842.06098221 6842.06978214 6870.61133507
 6880.12925268 6882.84012922 6899.2620204  6899.89111495 6915.35898106
 6954.01791308 7022.28025551]"
543,743199_2024-12-05_E-655,PL,True,"[  21.80165386   21.82268701   21.86961993 ... 6095.75747578 6663.31306285
 6852.85528877]"
544,743199_2024-12-05_E-656,PL,True,"[  39.95436339   60.93021515  104.02007548 ... 7014.20189211 7014.85431979
 7019.62284518]"
545,743199_2024-12-05_E-662,PL,True,"[  22.56791389   24.72379523   36.75555774   45.83601247   56.84755049
   63.52522602   83.18902247   83.63708526   92.52054169   95.680481
  130.97174218  131.18940696  137.30732067  137.56871841  141.72741574
  168.79994806  174.09680221  176.16885094  178.14766714  185.91756655
  203.68941271  223.85853812  259.50809619  268.65788366  276.83504621
  314.58665275  399.38671869  458.83550409  458.85567058  460.26392506
  461.20191694  464.4714553   464.99541743  468.91111687  468.91685015
  468.92288343  475.65679181  478.6611658   481.06127836  482.22000166
  501.39433568  503.38618511  507.38038387  515.33544834  515.34298161
  520.09924044  524.30423737  524.79626644  527.59337556  540.20683304
  563.77889566  583.5288247   585.2926761   649.58531956  652.70855919
  654.2097462   673.71237738  676.64611865  676.65691856  692.84244512
  694.30733244  694.33229889  724.34850572  740.30290095  748.16843286
  750.54157899  753.51565324  757.92828171  773.56931299  780.43952018
  785.98353886  786.00860531  786.69209939  790.8033638   791.93145404
  797.06070964  805.99166566  846.89824489  853.17859053  901.7172037
  916.48767584  917.13023694  917.77576469  924.37170759  927.48118068
  929.07740019  930.2079904   930.21629033  936.41240336  937.10413071
  951.10194287  970.65894025  972.33885904  989.86317401  995.21876098
 1004.91924368 1007.09935814 1008.2242484  1011.59375257 1017.08600503
 1020.49050889 1032.71080311 1033.17933239 1033.20893213 1038.16915586
 1038.17962244 1038.60841872 1050.24971795 1052.97946099 1053.05422701
 1058.13524969 1060.8532595  1069.0165555  1083.36719794 1103.29925874
 1103.42929095 1124.18214464 1124.9983709  1135.14268309 1139.13651519
 1146.128488   1147.69000781 1150.65224884 1205.14824377 1211.92811841
 1233.78722919 1266.83927642 1286.10257634 1305.1332116  1306.86192997
 1308.59328165 1315.94855131 1324.01418149 1332.00421233 1337.78762893
 1344.22037325 1382.15497821 1433.24683594 1439.17565129 1450.01722411
 1484.35472687 1511.6759237  1514.36440043 1536.37917653 1536.5130087
 1546.23065792 1547.28201548 1562.46548405 1573.00712613 1600.50788808
 1607.56682697 1630.83885886 1651.78944417 1655.38347972 1704.72081931
 1711.03699797 1723.83498719 1735.29095469 1736.28587941 1757.46282943
 1803.81039489 1823.53632414 1828.31718276 1832.25611533 1845.53573371
 1866.9349818  1923.6911905  1932.10591766 1995.15983851 2039.45462175
 2044.13668122 2067.93070859 2083.44384097 2085.557356   2094.26744727
 2111.75589589 2113.35051542 2116.44645529 2129.87443905 2186.10088567
 2192.08076724 2202.53454341 2275.44757892 2280.39160279 2293.05382652
 2301.32408826 2315.81389616 2344.84191156 2347.32512339 2353.42647058
 2395.8482367  2396.6141634  2401.38212213 2407.20060509 2408.32862866
 2419.94442811 2421.13725112 2423.92952695 2424.95931803 2429.10904878
 2430.46503704 2433.11918073 2435.94395628 2462.69052475 2483.57187733
 2488.53006775 2491.20044463 2491.99313777 2492.004971   2499.44687325
 2499.45297319 2505.29462263 2506.68984388 2512.41286101 2519.51159956
 2544.46091692 2563.10952216 2652.19651766 2696.17590363 2739.01913277
 2741.96004064 2745.71620813 2750.53346643 2818.2056473  2824.68889118
 2832.17359306 2842.47437056 2862.37733161 2868.10634868 2925.12768842
 2926.23097887 2934.62327289 2941.76014444 2950.27843737 2965.91616867
 3008.5527996  3012.92076179 3049.12794837 3053.52877694 3073.2027733
 3091.35844947 3096.09424181 3138.28080997 3155.35602882 3171.26895774
 3204.76600112 3209.75765791 3235.30017014 3289.73409894 3330.18501545
 3343.46656715 3346.52737398 3373.06441094 3388.60877638 3393.3736018
 3394.68199048 3416.43153554 3429.23242473 3441.70918339 3480.1885503
 3490.80985836 3494.03726376 3494.05623026 3496.61684143 3496.62917466
 3522.52335051 3554.46557401 3556.97775226 3565.61604415 3575.87338869
 3575.87862198 3584.21698314 3585.79773612 3599.44598464 3606.09589374
 3615.78837651 3618.12558961 3619.38191207 3622.94774787 3625.62142473
 3626.80211451 3642.56481139 3647.11277202 3648.93485625 3648.95512274
 3653.4956501  3660.04339342 3664.63252037 3680.6098154  3680.62804857
 3706.79188876 3711.01835217 3722.38485378 3740.25073246 3750.26304579
 3753.82154832 3755.64936583 3778.75939912 3779.62459163 3805.06643806
 3805.07377133 3811.74414692 3816.53973874 3821.53886214 3851.92353245
 3861.1983855  3861.84797987 3862.5231407  3869.62084592 3875.20169761
 3881.03531378 3890.70353009 3899.47948746 3903.11578931 3919.42958143
 3927.29324669 3950.86154268 3963.03103734 3963.03700395 4007.99538144
 4026.18515732 4071.50909831 4079.38056351 4097.57443935 4115.33378562
 4122.89962013 4123.48544839 4131.15588199 4131.47574589 4139.46771004
 4147.33047531 4147.33940857 4150.3781156  4154.21601571 4179.74102809
 4182.76110195 4185.4584786  4228.32924083 4234.94538356 4240.0001398
 4280.83281968 4283.84712692 4316.10721433 4318.93858982 4322.02389645
 4375.35600145 4399.06622954 4443.23118057 4453.6138907  4511.43105688
 4516.1573493  4522.09059794 4546.15118966 4553.42839334 4567.01427573
 4577.87634837 4584.79378849 4588.87325318 4606.4420011  4606.64076605
 4631.63884966 4638.15152661 4641.78606182 4650.48448652 4651.66554297
 4667.64977127 4682.76830706 4688.98948654 4689.56514823 4695.02990092
 4735.64944931 4760.64823291 4782.3407118  4794.89680311 4795.4838647
 4795.6183302  4796.76305362 4847.90381093 4853.59309502 4857.24009678
 4871.23347565 4882.82624197 4885.0136897  4885.85384909 4898.26957495
 4899.29906604 4899.30389933 4900.6552543  4900.67122083 4934.2331303
 4939.13378788 4942.31796032 4942.77402304 4959.84590859 4976.27689969
 5000.29492512 5007.74389397 5039.28152097 5091.3096706  5117.4063447
 5144.22097925 5163.58634495 5183.2506414  5191.14953969 5193.26715469
 5199.76923174 5234.74299566 5237.90540162 5241.13420701 5258.51592321
 5289.06629209 5310.48783999 5333.32727562 5333.821938   5338.66699606
 5348.74184219 5367.64461189 5367.6515785  5371.06801559 5391.59020461
 5409.64534832 5410.18414366 5410.89710415 5411.90879539 5411.91549534
 5416.16665854 5416.69808727 5432.46268414 5460.53740778 5467.81804476
 5494.91781018 5516.74612122 5525.79090959 5555.41651981 5564.07951149
 5567.28828371 5583.10991342 5584.49970139 5590.60298189 5596.79512829
 5609.98538078 5612.58742492 5646.86042825 5656.72584285 5668.11901089
 5696.84752887 5723.46869843 5729.25774832 5737.45344404 5744.96507902
 5768.44470911 5779.59077929 5803.42270633 5829.7032455  5847.98922054
 5852.83334528 5858.03786689 5869.57483369 5886.78615137 5897.65225731
 5898.7396479  5923.66669879 5936.24252326 5936.91545077 5936.92458403
 5940.94678254 5946.78443201 5947.79088996 5948.27791908 5948.90734697
 5951.03879518 5969.36156991 5981.84016189 5983.40664833 5983.41631491
 6047.11599684 6049.81837345 6051.73372353 6057.07291065 6076.99700485
 6085.12743447 6086.36242378 6086.55392212 6087.59104648 6090.96971723
 6095.4944114  6115.9142013  6166.09496692 6170.53996178 6194.17559051
 6199.73500906 6207.9279048  6213.8888532  6221.41628804 6250.87099974
 6283.90118049 6334.44550963 6346.77483623 6450.13147488 6450.31807326
 6488.77847367 6497.82972865 6529.55392071 6534.44391171 6534.80774189
 6538.42457725 6549.42981532 6553.9877092  6556.2983892  6557.4037463
 6562.78166641 6569.66627348 6569.68917328 6583.78211796 6585.18123918
 6598.84665422 6601.21820036 6604.39443953 6625.62055579 6632.43333015
 6647.4032339  6647.79133054 6670.14293706 6671.87188876 6709.06016684
 6710.0592582  6714.24825527 6732.68666233 6746.48864285 6752.38632513
 6792.39097884 6798.07046301 6835.11704232 6836.39319794 6853.8222804
 6869.24721355 6874.43416865 6904.66580695 6923.39924479 7004.67577457
 7004.68704114]"
546,743199_2024-12-05_E-666,PL,True,"[  25.68015362  100.33507405  100.34667395  158.74233512  158.82853437
  247.45326721  249.08558641  322.44868469  537.08256009  537.34319117
  537.65768844  537.72708784  537.88895311  537.96015249  539.8686693
  542.63177872  542.67497835  867.64199866  879.73432732  881.74304327
  945.10959475 1098.71556508 1098.88779693 1098.95709633 1099.03922895
 1099.07852861 1123.96701317 1152.04167014 1152.1588358  1152.18776888
 1152.25453497 1152.4087003  1152.43670006 1181.4932152  1198.94416414
 1199.75069049 1199.83725641 1201.51874185 1261.86915277 1345.48316232
 1345.50199549 1354.38148529 1357.73008964 1360.40949978 1366.39968126
 1367.17174124 1367.30614008 1368.1080998  1368.25416521 1369.73211908
 1378.20094577 1378.56784259 1378.82804034 1378.84157356 1379.01277208
 1379.16890406 1382.2325442  1406.18260355 1406.24486968 1415.7999203
 1416.3392823  1416.36001545 1430.33679447 1430.4449602  1430.57742572
 1440.28660834 1465.73405472 1465.93161968 1467.12394269 1714.05360519
 1803.258733   2062.22302466 2062.30302397 2062.35515685 2062.41655632
 2062.44335609 2062.46595589 2164.44873976 2170.51382059 2170.70635226
 2175.57121015 2175.74420865 2175.86304096 2176.14787182 2176.53860178
 2176.72400017 2176.9904312  2177.14906316 2179.67770794 2182.0073211
 2183.23161051 2183.57650752 2183.60014065 2183.61660717 2183.65824015
 2184.40260037 2190.49224765 2190.54634719 2190.98284341 2191.03614295
 2191.87056906 2192.03123433 2192.38309795 2192.53462998 2192.61062932
 2192.70092854 2192.72042837 2193.16069122 2193.21462409 2193.4402888
 2193.61038733 2193.84221866 2194.04698355 2194.15894925 2194.36018084
 2195.2004069  2195.2968394  2195.3082393  2195.49567101 2195.52877072
 2195.68413605 2195.79173511 2196.03453301 2196.10833237 2196.36603014
 2196.64749437 2197.15902328 2197.40915445 2197.68635205 2198.67974345
 2198.70860986 2198.82717551 2199.19570565 2200.07256472 2200.16523059
 2204.09982986 2204.37862745 2204.46916    2204.51295962 2204.77875732
 2204.92922268 2205.02828849 2205.31181937 2207.56983316 2208.19756106
 2208.70582333 2208.93995463 2209.12205306 2209.94251262 2210.21667691
 2210.60010693 2211.02563658 2211.20406837 2211.27130112 2211.29706756
 2211.34303383 2211.54086545 2212.08462741 2212.23292613 2212.65325582
 2213.71244665 2213.86711198 2214.11584316 2216.36912366 2217.43441443
 2217.61471287 2217.79431132 2217.89421045 2218.82546906 2218.87046867
 2219.65102858 2219.98269238 2222.04210788 2222.29423903 2222.66913579
 2222.81990115 2223.32733009 2223.61046097 2230.04890524 2230.11993796
 2230.20697054 2230.27893658 2232.61468303 2233.7962728  2234.00987095
 2234.4200674  2236.04938663 2236.25981814 2236.68944776 2238.34283345
 2243.22292453 2243.36482331 2243.41712285 2243.43478937 2243.51518867
 2243.66078741 2243.69252047 2243.83461924 2243.99985114 2245.67080335
 2249.44880397 2249.50860346 2249.65693551 2249.70093513 2255.67365009
 2255.69714989 2255.76154933 2255.78344914 2255.99311399 2257.77009861
 2258.00146327 2258.01636314 2262.59932347 2262.61822331 2262.64142311
 2262.74138891 2262.80518836 2263.45684938 2272.24477331 2272.40067196
 2272.55037067 2272.98666689 2273.2892976  2273.52149559 2273.59596162
 2273.70959397 2273.75799355 2273.77159343 2279.08484744 2280.34636985
 2280.44263568 2280.57343455 2280.5908344  2280.77656613 2285.17516138
 2293.25705809 2297.72558608 2297.76785238 2297.82021859 2298.03185009
 2304.37646184 2312.2173273  2322.89236822 2367.46318241 2376.55567036
 2386.88591428 2389.94122116 2389.96555428 2390.08208661 2390.15545264
 2393.34159173 2432.60091855 2435.90782326 2436.41071891 2436.63771694
 2436.76418251 2436.93801434 2437.10124626 2449.72190368 2449.8626358
 2455.61675265 2455.64498574 2468.12654437 2468.54497408 2472.06314362
 2472.34240787 2472.35637442 2472.51540637 2484.17500544 2484.49276936
 2502.93167641 2503.09100837 2503.11504149 2503.20937401 2503.54137114
 2503.62337043 2503.77016916 2508.17956432 2508.56809429 2521.27625095
 2521.31151731 2532.03425783 2532.14109024 2532.60555288 2533.41897917
 2534.82223369 2550.97319389 2553.90410185 2554.00873428 2554.02800078
 2554.14379977 2554.23889895 2554.48046353 2561.27130474 2599.66497239
 2599.74987166 2606.96820917 2607.02027539 2619.95976338 2619.9730966
 2619.99949637 2620.11216206 2620.2002613  2631.86406033 2632.10839155
 2640.43638613 2643.38429395 2661.50173712 2694.57728414 2717.02842313
 2727.42733311 2732.5270223  2761.25180698 2761.36737265 2761.39870571
 2766.33806295 2767.09712305 2767.17042241 2767.18495562 2767.35002086
 2774.10876235 2774.1187956  2774.20522819 2774.35162692 2775.2706523
 2775.33055178 2775.61234934 2775.6402491  2775.66601554 2777.39883387
 2778.92188736 2778.97238692 2780.31944193 2780.48964045 2780.5569732
 2780.72983837 2786.22172417 2786.33515652 2787.52207958 2787.73984436
 2789.33419722 2792.0482404  2795.06811426 2795.73647514 2795.82387438
 2798.77784881 2803.05141182 2804.40310012 2807.40717411 2807.44550711
 2818.78647561 2833.30618326 2843.68546008 2843.81465896 2853.00824604
 2913.11069244 2919.96146647 2919.97843299 2920.22889749 2934.03624464
 2950.56163492 2950.57740145 2950.66566735 2951.74782465 2972.35074631
 3055.44472702 3111.11267847 3165.27140966 3178.59612765 3185.46533485
 3185.60303366 3185.66463313 3190.5780906  3232.54869395 3273.67470462
 3382.29293105 3388.27487927 3390.10743008 3390.68312509 3390.7558578
 3390.95318942 3391.08105498 3391.4408852  3392.06544646 3401.07850177
 3405.65266218 3405.66916203 3407.2444484  3409.27183085 3410.40585437
 3411.0599487  3412.43610346 3412.53543593 3412.78200046 3412.94233241
 3413.45429464 3415.67267544 3416.2199707  3416.80086568 3417.26972828
 3417.2910281  3420.305602   3420.34973496 3420.69109867 3421.85965522
 3422.80564703 3423.87757108 3424.44759948 3425.43235763 3428.54109738
 3429.43508964 3430.97730963 3432.0244339  3440.72335859 3450.04637789
 3450.72310537 3458.30527307 3468.98661394 3475.30929254 3476.69471388
 3476.80107963 3476.82897939 3476.8393793  3476.93921177 3477.181643
 3477.91303667 3478.05323546 3478.72426298 3483.59915411 3484.16521588
 3485.45880468 3485.60333677 3488.01881586 3488.17084787 3488.35247964
 3497.24356934 3497.31846869 3497.46220078 3497.50220043 3501.76683018
 3503.28075041 3503.30998349 3516.36387049 3523.16674494 3525.5161246
 3525.6011572  3569.08314747 3569.21717965 3570.69550018 3595.07128918
 3613.22709868 3617.38616268 3666.25200635 3666.31430581 3670.13340608
 3671.07673125 3671.12979746 3671.42476157 3672.34522027 3672.41048637
 3672.44938603 3672.47155251 3672.52045209 3672.53738527 3672.60431803
 3678.49693369 3678.5564665  3685.53837273 3692.99537485 3697.28970434
 3697.36067039 3697.40793665 3697.42970313 3697.78143342 3723.34087884
 3732.24626841 3732.31656781 3737.62258854 3751.58903431 3758.68663954
 3763.59523038 3764.20329178 3764.38429022 3770.55953676 3770.65716925
 3770.97666648 3771.30386365 3773.59097719 3777.22617905 3814.12185967
 3814.14002618 3862.5192074  3864.78208781 3864.83628734 3864.90748672
 3864.97381948 3865.25575038 3868.62935451 3868.65855425 3868.76595332
 3873.42594632 3895.97585112 3896.09341677 3901.74923448 3980.43175338
 4003.7377183  4070.39884126 4095.13889377 4123.61661392 4123.93387784
 4128.28880681 4128.36587281 4139.7889406  4159.54570291 4237.54452773
 4241.5442931  4253.06629337 4258.84604333 4260.88852565 4260.90949214
 4264.53209411 4264.66909293 4278.95196929 4278.99260227 4301.8632043
 4301.87530419 4302.03936944 4302.0743358  4336.09057468 4336.89336773
 4342.03508989 4342.05188974 4372.50175949 4372.54369246 4405.97286976
 4418.15389765 4419.69901761 4436.18037494 4436.24450772 4436.25804093
 4436.44193934 4463.33187324 4469.07199022 4498.51203538 4498.72633352
 4520.75624282 4538.16419214 4538.18825859 4538.2832911  4538.93735211
 4564.37776522 4569.60052001 4569.66165282 4595.99435821 4596.07742415
 4596.09949063 4596.37112161 4600.28488773 4612.95837803 4617.78803622
 4618.93749294 4620.28261463 4620.65287809 4620.89757597 4621.08400769
 4622.53656178 4629.07277187 4630.23549514 4630.53795919 4630.66602474
 4631.14535393 4633.34470156 4634.3751593  4634.52582467 4634.81175552
 4636.56154038 4640.84186999 4645.09269986 4645.95605905 4646.09969114
 4646.17525716 4646.60115347 4647.29804744 4647.30851401 4649.29406349
 4650.22405544 4650.6019855  4651.79644183 4651.92054076 4651.96047375
 4653.04489769 4653.27236239 4655.26771178 4655.37791083 4656.02423857
 4656.4676014  4656.87476454 4657.27542774 4660.79979723 4660.8883298
 4661.18616055 4667.6840043  4667.71017074 4667.86810271 4667.93273548
 4669.2289576  4673.12342389 4674.85400891 4675.0312407  4675.1549063
 4676.40989544 4677.05748983 4677.22192174 4681.09528821 4681.53511774
 4685.31851832 4687.8859961  4699.00806649 4701.09161512 4701.49647828
 4701.67407674 4701.73480955 4701.92980786 4707.24942848 4707.51042622
 4714.71626384 4717.81983698 4726.00376614 4727.06095699 4734.30346096
 4740.52587376 4740.68923901 4746.87998543 4747.43441396 4752.90079997
 4762.16035315 4762.21185271 4762.43765075 4762.44585068 4763.15781119
 4770.14328405 4774.4347469  4776.30126408 4796.68255432 4796.94331873
 4797.29924898 4797.62124619 4803.48086214 4823.14409193 4833.83793269
 4836.67894143 4836.68654137 4842.61325673 4842.69488936 4842.83845478
 4842.95368711 4853.96022517 4856.45407025 4862.87291469 4863.05951307
 4863.23474489 4886.58287611 4887.70619972 4888.00559713 4888.88848949
 4893.10591965 4898.42257363 4899.45213138 4900.22192472 4900.39548988
 4902.07934197 4902.10540841 4902.2529738  4902.26600702 4902.384306
 4902.53980465 4902.56953773 4902.89386825 4903.00360064 4903.04903358
 4903.20209892 4903.29513145 4905.43307961 4905.73267701 4905.84787602
 4906.01077461 4906.17493985 4906.23323935 4906.30413873 4906.76786805
 4907.22706408 4908.80661707 4909.27174638 4911.14616349 4912.15415476
 4915.01143003 4915.40515995 4915.54475874 4915.66262439 4916.66028242
 4916.88868044 4917.171378   4917.517175   4917.68930685 4917.78583934
 4917.9142049  4917.94943793 4918.16260275 4919.14476091 4921.53077359
 4921.65077255 4923.4009574  4931.75065179 4931.79265143 4931.80848463
 4931.9650166  4931.99948297 4932.27871389 4932.90197516 4933.10320675
 4935.28212122 4935.30402103 4935.52491912 4940.64587479 4940.78094029
 4940.79290685 4966.99551337 4980.36749762 4980.41476388 4981.59988695
 4993.27385256 5056.74896977 5057.04093391 5057.06956699 5057.22699896
 5057.29489838 5058.48022145 5062.68418506 5062.96814927 5066.26738737
 5072.74696462 5072.95969611 5083.4002724  5089.62205188 5183.62163819
 5188.13456579 5200.61112445 5200.77352305 5201.03565411 5205.44408262
 5209.46508114 5215.34139694 5226.6325992  5226.9412632  5260.61057175
 5260.71393752 5260.86166957 5273.33036164 5322.28947117 5322.35877057
 5337.14834254 5337.22544188 5400.29469593 5402.13221336 5420.47468791
 5430.47926798 5431.02766323 5433.28224371 5433.53377487 5492.37093222
 5524.26218949 5527.48589492 5530.34190353 5532.54148449 5557.77596606
 5568.7491044  5575.7425772  5583.04524732 5588.9811626  5592.25876756
 5625.00935073 5658.01509835 5677.40036388 5719.09983625 5719.28156801
 5741.56874175 5795.88960487 5862.47042852 5862.70542649 5883.25768192
 5894.67801639 5894.723216   5918.73014152 5919.15683783 5919.18743756
 5930.80580366 5983.28611604 5983.30468254 5984.2844074  6012.60359559
 6024.19392859 6027.24526885 6028.26266004 6071.41838647 6074.94535594
 6097.31096234 6111.67217136 6112.01540172 6178.00249718 6178.29569464
 6220.81392659 6253.77024131 6254.81986556 6346.24880745 6346.48583873
 6430.41631221 6469.9796364  6479.52115381 6480.39637956 6506.99384933
 6511.79347445 6512.85346527 6528.00413412 6540.79695672 6573.28844213
 6578.82899417 6583.07299076 6583.27535568 6595.11155322 6595.33268464
 6601.01403546 6601.07023497 6611.99674039 6612.13217255 6613.35696195
 6613.89239065 6616.12390466 6616.51380129 6633.41185501 6688.99694052
 6689.27730476 6713.22596412 6713.45102884 6761.12884945 6770.06047214
 6773.80200642 6778.64576449 6818.03272354 6839.27907296 6891.54975382
 6930.47525021 6931.2926098  6983.71775599 6986.70726344 6989.44310643
 6994.22669835 6995.27425595 6998.0830983 ]"
547,743199_2024-12-05_E-670,PL,True,"[  22.14968418   31.61236893   46.41617412   49.0750511    56.4538539
   82.92175811   84.7870753    95.16421881   95.27358453   95.39425015
   95.92151225   96.02154472  108.97556592  109.63009359  109.69992631
  137.51218556  137.6697842   137.69501731  137.70931719  151.2707998
  159.81249252  172.1609523   178.16453366  207.08594998  253.215284
  253.30674987  253.35538279  253.37361596  255.55383042  255.57989686
  261.93967515  263.82159219  268.9533811   277.29520889  277.31057542
  290.62476017  295.91304773  322.21522005  326.54054927  326.59214883
  327.59330683  328.74919682  330.69594664  330.8157456   333.95425176
  336.38346407  337.23239005  337.26142314  339.53820343  356.51192317
  356.52745636  384.36234875  384.7296789   398.61672536  398.63209189
  398.93748925  400.06657948  406.75238827  408.32567465  424.75079913
  424.86473148  434.38601573  434.41854878  434.47878159  434.55404761
  477.1058126   562.83277052  630.29788652  630.473985    644.87586033
  645.0099925   645.27802351  646.87117639  668.61162153  668.88011921
  668.92791879  671.34183123  672.79538532  673.33714729  673.65607787
  673.69747751  673.82400975  676.93551614  684.49781735  686.7636644
  692.31784966  692.36878255  693.63643824  696.58354606  710.07982924
  748.21616578  754.09908153  754.13484788  772.23472454  820.18597612
  820.26450878  872.6629552   872.88948657  902.44403074  902.60549601
  910.52362747  914.05139693  914.38709402  919.46551673  919.52668287
  932.28327244  933.04913248  933.15603155  933.59866105  947.12604396
  956.42879676  956.46492978  973.63444783  978.11647569  991.58005915
  991.72882453 1000.17561808 1000.88347862 1017.33676952 1040.54763527
 1055.01411004 1055.06664292 1059.60397031 1059.86253474 1059.88580121
 1064.04033191 1066.83620771 1094.45673528 1100.49248304 1100.58591556
 1128.03561128 1128.13981038 1130.11539328 1130.12305988 1176.70428999
 1203.8311885  1215.97405006 1229.33643439 1244.0451404  1245.9083576
 1251.4235432  1255.23824351 1269.23485568 1269.83668381 1270.05434859
 1271.30190446 1280.54969107 1281.29725127 1281.99497856 1298.24267125
 1298.28473755 1298.4018032  1305.77057275 1312.32414935 1339.74114536
 1350.07392258 1350.53465193 1350.54485184 1351.01048114 1356.9647296
 1366.21951615 1372.69989339 1388.93545285 1388.98625241 1389.03618531
 1389.31398291 1421.75073546 1421.90090082 1422.38342998 1422.72549369
 1423.37362141 1423.52725341 1423.6792521  1423.82308418 1424.97780752
 1444.93973473 1455.54830956 1456.68039976 1457.23076166 1457.25932808
 1460.26963536 1460.2996351  1472.97179207 1473.02392495 1473.19842344
 1473.23158982 1473.33085563 1477.50061953 1477.53231926 1477.97761541
 1478.08758112 1487.28323485 1516.48584873 1517.67340512 1521.14247509
 1528.53201112 1533.33100292 1533.35626936 1533.51293467 1533.57010085
 1533.60306723 1534.00659707 1534.03803013 1534.0762298  1534.12256273
 1534.22169521 1534.26069487 1534.34029418 1568.50469844 1568.53809815
 1568.61536415 1572.54493013 1580.32412946 1580.60652702 1602.99103325
 1603.04559944 1603.67416067 1604.03395756 1604.81441747 1610.06020539
 1638.92955549 1639.53428359 1639.73818182 1655.50527867 1656.96749935
 1656.98023257 1665.15026185 1665.18262823 1666.17555297 1672.41883226
 1672.65629687 1672.7027298  1674.47181449 1699.75116233 1723.22222582
 1723.85955364 1758.99518283 1767.66657443 1784.03819938 1785.2524222
 1786.02768216 1788.04056474 1788.54192706 1788.55582694 1789.14445518
 1789.54048509 1796.66975671 1796.72475623 1796.75052267 1796.76282257
 1796.78335572 1796.89925472 1797.70744772 1803.94876036 1803.9829934
 1804.03709293 1804.05059282 1804.17079177 1804.5264887  1804.58918815
 1807.51946279 1808.70135256 1808.76225203 1808.83815137 1808.89075092
 1808.97298354 1809.02314977 1809.04108295 1809.09104918 1809.15898193
 1809.18651502 1809.25314778 1809.34801363 1809.43441288 1809.48291246
 1809.54964521 1809.70167723 1809.90304215 1809.98070815 1812.53588603
 1813.2250134  1828.81871175 1828.93777738 1837.61343562 1843.83228179
 1856.86870227 1861.57692818 1861.66726073 1861.72612689 1861.86155905
 1861.91169195 1864.28047145 1864.31837112 1864.45790324 1864.47473643
 1864.57550223 1864.59646871 1864.62100183 1865.46676118 1879.73983763
 1889.89228308 1900.90058778 1903.9718612  1921.12877935 1921.18171222
 1921.3190777  1926.31250114 1938.01843315 1942.64445977 1946.06543016
 1954.03846114 1954.05946096 1954.16699336 1964.21050642 1972.41353541
 1972.47790152 1975.51984186 1977.38205907 1977.41459212 1993.02045703
 1993.04125685 1993.11048959 1993.1707224  1993.25508833 1993.37262065
 2022.51986834 2046.09926423 2047.21742122 2048.90260663 2051.6402496
 2051.66298274 2057.58509814 2062.1755584  2062.56585503 2062.70612048
 2062.72822029 2098.55774347 2120.63638568 2153.0925714  2166.56242147
 2166.59082122 2166.81438595 2205.06662149 2205.25298655 2212.97175307
 2218.88213524 2237.52204055 2261.44543346 2261.50179964 2322.24307384
 2322.90740143 2330.19337169 2338.3560677  2354.91599102 2388.56613306
 2400.93995929 2415.03107064 2421.48288146 2436.08072176 2457.14280611
 2475.32894869 2483.06038176 2484.43946982 2484.77266694 2486.1173553
 2504.59859532 2505.02865826 2505.09599101 2525.98307687 2533.60677755
 2533.62361074 2534.16317273 2547.25292609 2548.21378444 2548.95124472
 2549.5625061  2566.4941262  2570.14796124 2571.03072026 2577.82929474
 2577.92342726 2577.98319341 2578.10192572 2607.01847541 2636.61488588
 2654.98212688 2660.49267918 2660.57277849 2661.42437112 2755.03182749
 2755.24959227 2757.52337259 2757.59430531 2758.5424971  2762.90265936
 2762.92769247 2763.01172508 2763.08015782 2766.44262871 2823.72149956
 2878.89215532 3002.61378434 3010.80828007 3010.96141208 3011.04914466
 3011.32260896 3011.39617499 3077.79520021 3094.32469046 3100.93519991
 3106.22285414 3120.09086742 3161.06861271 3165.51327423 3215.23761047
 3252.61228694 3276.90354334 3278.85635977 3278.94989229 3279.2032901
 3279.35842209 3291.60898271 3326.11415069 3326.12888389 3326.28228257
 3328.37943108 3328.64402879 3347.81239619 3347.83212936 3347.88742888
 3347.91476198 3347.92866185 3347.99366129 3348.13109344 3349.87791165
 3380.65091193 3392.91537244 3397.45779978 3405.62709573 3410.41008766
 3412.2929047  3417.00423058 3417.34859427 3424.30676737 3424.37000015
 3427.43607361 3436.66629371 3436.78679267 3467.42762743 3467.44422729
 3469.51957599 3469.60914188 3475.45899125 3477.40607439 3480.17835039
 3480.39354853 3481.05934277 3487.32698851 3487.35238829 3487.56515312
 3497.33086858 3497.47323402 3499.94934592 3500.99540353 3502.05939432
 3502.32242537 3502.3735916  3502.71462198 3502.84292087 3503.30855017
 3504.04284381 3504.06111032 3504.11064323 3504.16280944 3504.21300901
 3504.26090859 3504.74737105 3504.86230339 3504.945236   3505.12030115
 3506.38085691 3506.93948541 3516.63880145 3516.67146783 3519.12684658
 3519.16337959 3519.21324583 3519.23891227 3519.26694536 3519.3396114
 3519.45227709 3519.68850838 3519.7596411  3520.11850466 3521.5228925
 3521.94115555 3523.3330435  3538.06464931 3541.72431763 3541.7929837
 3544.81962417 3545.031789   3545.13555477 3547.81109828 3562.71683591
 3578.42376662 3583.25559146 3598.30906115 3601.46060054 3619.90120757
 3686.39446532 3717.80516009 3727.27211147 3727.40241034 3727.84547318
 3731.19277753 3731.25941029 3733.30122595 3737.82135349 3738.61501328
 3738.73147894 3738.85274456 3741.65202033 3741.92775127 3741.99268405
 3749.31192069 3754.67290762 3754.70024071 3754.74070703 3754.74984028
 3754.76264017 3754.77100677 3754.7787067  3754.83430622 3754.87067257
 3754.96620508 3755.00927137 3755.05743762 3755.10767052 3755.17116997
 3755.21716957 3755.23286943 3755.25346926 3756.0496957  3756.11582846
 3757.28861831 3757.34391783 3757.81801372 3757.9627458  3758.18581054
 3758.95863718 3759.14146893 3760.56568994 3760.60435627 3761.03481921
 3762.73697114 3765.44941433 3767.14173301 3767.82199379 3768.81935183
 3769.48914603 3772.35245458 3774.0860729  3775.29569576 3778.87856475
 3786.03876944 3794.89992606 3797.61900253 3798.84909188 3799.56365236
 3839.33760806 3848.78709293 3852.07189783 3870.07310867 3870.23080731
 3872.6574863  3898.95212536 3922.18139094 3935.04981288 3935.13517881
 3935.22921133 3941.53795672 3978.57773609 3981.66557603 3981.68184255
 3983.26002889 4010.17536257 4010.19006245 4010.23962868 4010.30996141
 4010.36632759 4010.51172633 4010.5345928  4010.58562569 4011.45745147
 4054.19848149 4055.63173575 4055.66786877 4055.85103386 4114.06422994
 4275.07036956 4295.40969349 4295.46212637 4315.5441192  4318.58045959
 4322.58579158 4343.57817653 4402.15400282 4404.38628349 4419.12198927
 4423.07912168 4423.09385489 4450.19705361 4470.49364458 4520.70980989
 4521.44997015 4521.8675332  4524.73917501 4524.9557398  4524.98733953
 4525.02363922 4525.2138709  4525.83869883 4525.96993103 4526.29032825
 4527.01578864 4527.78038202 4528.42897641 4528.50984237 4528.60197491
 4528.62570804 4528.7490403  4531.01052073 4533.1850019  4533.5820318
 4533.6433646  4539.31538217 4539.50568052 4539.54614684 4539.62037953
 4539.63274609 4539.70731211 4539.77104489 4540.3128402  4540.34770657
 4540.36083979 4541.50809652 4545.27643057 4558.1964854  4558.33658418
 4558.64128155 4565.57455486 4589.7220125  4589.74524563 4589.76824543
 4589.81877833 4589.91741081 4591.24876595 4602.97179781 4603.11549656
 4608.86488013 4625.41947016 4642.45562269 4642.57432166 4642.59578814
 4642.64552105 4642.68535403 4642.69858725 4642.76795332 4642.79661974
 4642.86518581 4642.90245215 4643.30721532 4643.63444582 4651.35121235
 4671.52923769 4671.68850297 4680.1989293  4700.90188343 4702.23293857
 4702.88866623 4704.07732261 4704.16685516 4716.34004979 4716.662347
 4718.57336379 4719.78048667 4719.89575234 4721.68960348 4731.565118
 4736.22024437 4742.33042481 4742.43962386 4742.72872136 4834.77145794
 4875.81136936 4877.41812211 4877.93561763 4882.37434588 4882.40727893
 4882.47877831 4884.40756161 4894.21411006 4894.33400902 4898.19590892
 4898.23510858 4898.70013789 4898.82903677 4908.8841164  4935.16345558
 4935.17955545 4936.25417948 4958.44855402 4958.5777529  4964.94869775
 4965.113063   4968.14737007 4975.52460621 4978.20424968 4978.34774843
 4978.63897925 4978.68667883 4978.77804471 4981.66971968 4982.00501678
 4994.21497775 4995.44843374 4998.05647783 5000.96801929 5019.57509156
 5019.60495797 5022.64413166 5033.54890393 5060.1570736  5061.88135867
 5063.41724538 5064.65303468 5064.71080085 5065.20672989 5065.31842892
 5065.35922857 5065.72082544 5065.81739127 5072.36370127 5081.30102391
 5114.55033609 5114.56883593 5140.29687989 5156.87886968 5158.21442479
 5196.13382988 5216.19902285 5216.36092145 5216.40405441 5216.45462064
 5217.21678071 5217.23284724 5217.45707863 5217.54651119 5217.68347667
 5217.85007523 5249.64809997 5249.74689912 5249.80753193 5249.86519809
 5249.96963052 5249.99666362 5250.04402988 5250.26482797 5251.41221804
 5251.54135025 5261.50636399 5261.88132741 5356.91743808 5405.86734769
 5447.71941874 5458.98442123 5464.79153762 5464.81167078 5470.95875091
 5476.64126838 5476.8350667  5487.18737709 5533.47680973 5551.99918273
 5552.93770794 5569.28306645 5574.43735516 5574.47262152 5575.81920987
 5602.05724941 5603.68000203 5603.72753495 5603.78930108 5603.80403429
 5603.91543332 5604.00506588 5604.07159864 5604.18863096 5604.88129163
 5605.06349005 5608.29602874 5608.37186141 5608.68459204 5608.70425854
 5609.02612242 5620.5804224  5641.18684402 5641.26681    5674.22392471
 5685.8734572  5687.49294318 5710.02518147 5717.88908007 5717.91087988
 5717.9425796  5718.59930725 5718.82933859 5719.3255343  5719.80423015
 5721.00431977 5727.7656279  5740.38068537 5769.6969316  5782.24915628
 5782.2656228  5824.7435551  5828.80358662 5839.42526134 5854.66076279
 5889.2133637  5908.41453082 5908.43309732 5908.45969709 5909.22219049
 6100.49386812 6128.6601243  6128.7762233  6146.97579909 6169.50187076
 6253.88537365 6253.9909394  6289.91646175 6312.45533331 6343.60743032
 6423.50693868 6423.53353845 6425.09702492 6425.42395542 6431.61806847
 6435.60603395 6435.96109754 6437.77134854 6437.92871384 6438.96547154
 6444.85785386 6465.58750775 6474.09493411 6474.10333404 6475.43898914
 6477.1766741  6477.25550675 6477.83723505 6488.39371034 6492.75857255
 6493.96042881 6497.15336784 6504.5172041  6504.70310249 6504.99299998
 6505.1792317  6506.68598532 6532.03833253 6532.05889902 6532.08966542
 6532.15949815 6532.16806474 6532.20366444 6532.24139744 6532.36466304
 6532.91585827 6532.97285778 6533.02832396 6533.28178844 6545.44844978
 6545.47834953 6590.25772857 6592.93313874 6602.27725786 6609.10043213
 6641.54358462 6643.25406982 6643.34223572 6643.36983548 6643.53396739
 6643.58356696 6643.60976674 6643.67256619 6643.7298657  6644.00116335
 6644.11306238 6644.15512868 6644.464526   6644.51779221 6645.0659208
 6647.22430211 6651.2231675  6681.4666057  6717.11036383 6738.59521118
 6743.01370626 6744.38509439 6744.49032682 6812.55583762 6814.7493853
 6831.91340339 6876.63364961 6893.61486928 6893.88500028 7011.95924485]"
548,743199_2024-12-05_E-671,PL,True,"[  22.90731095   36.27956186   55.27643075 ... 6986.51806508 6996.86464218
 7013.89569476]"
549,743199_2024-12-05_E-672,PL,True,"[  20.87766185   21.48318995   21.66972166 ... 7022.39818782 7022.44945405
 7022.9053501 ]"
550,743199_2024-12-05_E-673,PL,True,"[ 112.24463762  126.95861025  127.03197628 ... 6696.52960865 6756.08715976
 6792.08121485]"
551,743199_2024-12-05_E-677,ACAd,True,"[  37.71574943   43.91752908   98.32475811 ... 7021.40332977 7021.60342804
 7021.87469236]"
552,743199_2024-12-05_E-678,ACAd,True,"[  20.71456327   20.73876306   20.76362951 ... 7023.263947   7023.34457963
 7023.43647884]"
553,743199_2024-12-05_E-679,PL,True,"[  32.18266399   33.82134981   38.13527913 ... 7008.33740954 7014.02116034
 7014.09549303]"
554,743199_2024-12-05_E-682,ACAd,True,"[  23.41197325   23.46643944   35.3556032  ... 7010.96255348 7018.48428837
 7020.72346899]"
555,743199_2024-12-05_E-683,ACAd,True,"[ 158.58563648  159.45922892  159.6341274  ... 7001.06037253 7011.98394464
 7015.87734427]"
556,743199_2024-12-05_E-684,ACAd,True,"[  51.7634945    57.51417805  214.40061999 ... 6952.38446055 6997.71636814
 7015.17071705]"
557,743199_2024-12-05_E-685,ACAd,True,"[  24.9232935    25.21305766   26.17198269 ... 7010.02452827 7010.7719218
 7013.4292988 ]"
558,743199_2024-12-05_E-686,ACAd,True,"[  26.38404752   27.40627201   33.71165076 ... 7012.72280491 7013.60979723
 7017.64812894]"
559,743199_2024-12-05_E-688,ACAd,True,"[  34.52231041   39.71646545   39.73193198 ... 7023.06571538 7023.11681494
 7023.37804601]"
560,743199_2024-12-05_E-691,ACAd,True,"[  21.18489253   24.17359999   24.90876029 ... 7020.11220761 7022.3319884
 7022.35418821]"
561,743199_2024-12-05_E-701,ACAd,True,"[  25.71881995   51.83869385   87.4248858  ... 6973.3690789  6989.09464278
 7005.42643474]"
562,743199_2024-12-05_E-702,ACAd,True,"[  26.4130806    43.32763419   48.12519266   97.1905346   178.19166676
  216.64510056  237.18488943  262.17037315  268.08472195  276.96357843
  291.69678423  302.25639282  318.43748608  322.50611753  323.029213
  326.12235289  328.18373505  337.69751936  358.68657101  362.85746824
  362.86323485  376.35138476  377.49194156  391.20422286  398.7425576
  400.58104169  421.56919334  451.56603368  473.39417806  474.00357279
  474.40630263  486.59276381  505.2662355   516.37670599  534.85714602
  541.32399004  543.69140288  632.27280276  637.97575339  638.67518067
  655.68910006  687.47832488  697.82596864  714.38005868  724.56020389
  725.10839914  782.20617156  786.25520317  812.67667446  818.50719066
  824.51647197  873.53848095  882.09857352  888.8248153   889.4672764
  892.01452102  899.50458952  900.4579146   901.2779075   913.07190541
  923.96121115  950.47114833  953.30365715  957.18839019  964.28226211
  978.32434056  984.49258717  986.75800089  995.05539573 1007.75631912
 1044.14740411 1075.2162685  1175.14210351 1191.19449789 1192.35008789
 1200.82351454 1203.05142859 1204.82957986 1205.79893814 1209.99930178
 1214.21546528 1219.54128584 1222.14316332 1229.73093097 1240.19190709
 1242.34512178 1244.9073996  1246.61221818 1269.77488434 1269.83368383
 1274.14007989 1281.98451198 1294.71476845 1325.22433769 1330.69599032
 1348.15987248 1349.05869803 1349.8901575  1366.33568181 1372.36962958
 1395.06563312 1416.34121562 1422.50312894 1424.65344366 1467.17664224
 1506.4584022  1511.12409515 1527.52041988 1528.23148039 1529.77013374
 1536.22267788 1536.53674183 1545.9830934  1549.30269799 1556.77943327
 1561.94808853 1566.08445272 1570.60234695 1570.63631332 1574.86767669
 1575.47757142 1584.38732762 1587.07130439 1592.99378646 1628.59461162
 1630.89799168 1633.15417215 1634.18889652 1634.61109287 1638.98925497
 1640.12841178 1640.62597414 1642.54892416 1647.69457962 1650.76455304
 1665.20492804 1665.710357   1675.84980256 1718.25600215 1719.30392641
 1760.67020166 1764.29880359 1779.0535092  1798.36424204 1802.65743821
 1804.34032364 1805.53177999 1805.55327981 1814.77140001 1836.52754502
 1840.01391484 1851.32525026 1859.15174918 1875.10371109 1875.47707453
 1881.36165692 1909.28304856 1911.64202814 1937.45427136 1983.12130939
 1990.91300861 1996.52172672 2000.13366213 2003.77493061 2020.26135456
 2023.24149543 2036.00085165 2044.55657759 2050.76909048 2065.41163039
 2098.24404618 2107.02083688 2108.2542262  2110.19717605 2118.60930323
 2122.18997223 2125.26554561 2136.2110842  2136.28638354 2140.31234869
 2191.7959697  2304.89885732 2325.62287792 2393.28632554 2487.1650129
 2487.97297257 2554.53442972 2560.60171054 2596.96259579 2620.06002918
 2647.70128991 2656.32854856 2684.83183516 2685.10216616 2753.58837332
 2781.23673398 2784.92513539 2785.87472717 2789.50819572 2793.7572256
 2796.8117325  2806.25238411 2811.83210248 2819.53300248 2826.93993836
 2828.50562481 2842.41763772 2842.49123708 2843.63149388 2846.58720162
 2847.63319257 2851.22219484 2851.90645558 2852.06102091 2869.34947125
 2883.40998287 2885.359666   2899.78404114 2912.29439951 2923.03270655
 2941.4612137  2956.13398669 2960.53624858 2971.10282378 2984.04684506
 2993.25429869 3005.35259397 3020.32879766 3020.85025981 3031.48220111
 3054.19797115 3059.7710229  3076.06478186 3077.39627033 3077.69296777
 3085.50620013 3115.30484219 3121.37005635 3125.1028907  3126.12668184
 3136.23196103 3136.5014587  3141.09665226 3152.51048679 3164.23728528
 3168.74317961 3173.96683439 3192.62990617 3214.75874795 3234.75670817
 3242.06847821 3243.0366365  3278.52576263 3286.52602671 3295.81391298
 3303.54894602 3313.49945988 3316.77929816 3318.02615403 3321.23929289
 3345.65328155 3349.98211075 3387.44528645 3389.76016641 3390.13019654
 3392.85643961 3414.55465179 3415.70647515 3425.39012466 3440.95075663
 3448.23072694 3491.22688809 3515.41151207 3567.3350626  3604.70317247
 3608.35977415 3620.5179689  3640.6774944  3643.60513572 3695.66361842
 3738.3634488  3746.26288042 3765.9539433  3791.11355884 3791.34342352
 3798.84582524 3801.98786471 3807.34885164 3820.28630631 3833.94945471
 3850.45524516 3853.78401635 3855.63333367 3860.69912315 3868.96178496
 3870.60650406 3872.1957903  3873.24848119 3903.56178545 3918.5432891
 3921.33746491 3970.74207059 3980.64225155 3985.17821229 3986.52783394
 3989.32090976 3990.23446852 3990.98209538 3992.02138639 3995.65285495
 3998.61842928 4009.04613901 4040.24283563 4044.6445642  4045.5263899
 4056.31749648 4077.15031615 4077.50901304 4081.99800752 4090.16227018
 4098.60299711 4101.4317393  4102.33893144 4107.22538914 4111.10332224
 4111.83861588 4139.23544539 4144.08843671 4144.93366273 4146.56268196
 4178.34937347 4179.26509888 4179.77036117 4194.94386316 4204.24278266
 4215.47315212 4222.51612448 4236.92196645 4251.61713924 4275.00643678
 4281.77974481 4284.91195103 4285.21428175 4289.24151355 4290.09750614
 4317.63090114 4332.86853591 4347.13784572 4356.27026667 4358.7115122
 4360.43926391 4375.27146885 4384.76155337 4404.48721595 4417.61253567
 4422.78655755 4462.10151722 4502.44440134 4510.54543121 4511.75318742
 4512.4723812  4543.61431162 4548.24237156 4556.27483536 4603.93305615
 4609.96803725 4613.0928102  4619.85618498 4621.86753424 4622.95595815
 4644.05717549 4707.98338879 4729.63673469 4798.14344167 4800.22989028
 4803.35962985 4803.67809376 4824.93770973 4845.9208281  4867.04741189
 4870.53354837 4870.91347842 4877.47085499 4881.68958514 4889.07615453
 4889.96568016 4898.05361015 4898.44530676 4904.19495699 4905.40434652
 4905.40771316 4930.63879475 4937.32803685 4961.13543076 4992.35532718
 5006.59817056 5050.5377902  5052.69077156 5053.34966586 5059.82867644
 5081.09105906 5097.35331828 5099.21013555 5103.56699783 5105.54101408
 5116.1351557  5116.56385199 5150.07766189 5193.57135206 5197.47271829
 5206.07991045 5215.54072855 5218.64890165 5226.7599981  5239.89751771
 5251.7550484  5279.85527182 5290.50491297 5293.84325074 5305.97481239
 5310.69633819 5323.20246326 5351.23268729 5363.83227823 5383.63884011
 5422.04190768 5430.93179739 5451.67255119 5453.51036861 5460.08141173
 5493.11039249 5516.27125867 5534.33313565 5539.04862816 5543.4656566
 5546.60242944 5575.14848234 5575.59791178 5585.53949239 5599.51187144
 5607.77956654 5652.04888333 5654.92375845 5657.92343248 5663.26358625
 5666.20006084 5668.18021036 5679.09094925 5682.31305469 5682.97824893
 5693.80458855 5718.58687403 5718.74140602 5718.77740571 5737.0885472
 5741.06081282 5799.0622774  5814.704442   5898.07402033 5898.59084919
 5928.7986877  5939.68562679 5944.2635205  5949.57257454 5958.26663262
 5963.80658466 5969.80296609 5969.99279778 5985.677662   6008.96439376
 6009.27995769 6019.48460269 6024.73789055 6029.64308142 6029.65494799
 6047.80692419 6104.43766731 6171.34762145 6177.46080187 6205.08929604
 6224.66029329 6225.46761964 6247.94292509 6253.33377842 6268.03665115
 6270.31553142 6294.65858737 6297.98695856 6302.95928218 6308.76446526
 6334.61420817 6349.17291547 6360.78944825 6371.91901858 6390.40302524
 6402.15895681 6407.00904816 6417.47949086 6418.0909189  6449.53208007
 6453.64647778 6464.26815251 6464.50688377 6475.15955823 6488.60774182
 6488.69454106 6488.86913955 6533.6633518  6546.60787308 6555.28476464
 6573.59967277 6589.80056586 6605.74792781 6614.69771701 6631.69896984
 6640.73575828 6643.13013755 6643.36116889 6643.95559708 6644.06902943
 6644.14389545 6644.50882562 6659.97992503 6664.98641503 6669.34571062
 6672.90901311 6674.0462366  6680.85697765 6693.32490305 6701.39553319
 6718.27368709 6742.50294402 6743.73929998 6743.82753255 6748.23672772
 6758.45047264 6767.51836081 6796.06634702 6796.85594019 6812.50317141
 6849.52201763 6871.19982998 6877.49340883 6877.7899396  6881.96890342
 6906.59535692 6928.27830256 6935.92293638 6981.55267473 6990.25536606
 7008.38937576 7012.6320057  7013.90302803]"
563,743199_2024-12-05_E-707,MOs,True,"[  50.70023703  132.47629582  145.97411231  154.41487258  199.77267995
  387.4755218   420.52610237  429.7456559   538.9948102   539.50440579
  560.52312385  689.42150806  713.19053564  714.30129269  749.89371793
  820.01411094  868.52235771  928.25324066  934.28108848  942.99461305
  947.59627322  973.64284775  983.29499753  998.336234   1024.04141149
 1050.3640503  1055.72173725 1074.29504314 1097.15484526 1126.49899125
 1132.67963775 1192.75705103 1200.57105006 1204.34861736 1205.94313689
 1208.22955043 1218.01469906 1220.23611316 1233.10023514 1237.23416602
 1242.5243869  1258.72987995 1259.09787676 1281.91057929 1289.44718072
 1310.49289854 1311.89595306 1322.73409258 1326.20626252 1327.82064854
 1330.31116032 1367.4461722  1390.92806893 1392.0913922  1431.73954899
 1449.7405265  1467.28717461 1468.62166306 1514.76616362 1527.5755194
 1566.6800809  1567.25190929 1570.31681609 1574.95444261 1577.14859028
 1616.27868489 1626.5903623  1632.09884795 1635.17638798 1638.89028916
 1640.99510427 1662.06005526 1662.10582153 1668.24423506 1706.50257055
 1759.86974193 1777.04862655 1785.48635351 1794.76927316 1801.05188544
 1812.59861882 1834.21763168 1843.27438662 1873.64292374 1885.7576522
 1889.0427571  1893.35715308 1899.24703543 1912.93911691 1967.11111465
 1999.74906545 2005.81017965 2019.38892878 2022.73579981 2035.15672562
 2040.18858206 2047.51418532 2054.07609518 2085.7005881  2094.28808043
 2117.04148347 2118.36043872 2118.41120494 2147.11702312 2163.49284804
 2164.05480984 2164.34114069 2164.69910426 2165.26236605 2168.82953517
 2209.65531511 2257.15037064 2258.05116284 2266.68805475 2269.26449911
 2278.39992003 2284.80993121 2305.80908277 2309.0905877  2325.95030842
 2357.74426654 2358.84215703 2367.80751276 2368.98466923 2376.22943986
 2383.71304174 2392.23370132 2394.39208263 2395.02571048 2404.62912735
 2416.91592099 2420.55588948 2438.78896499 2521.07151939 2567.54611709
 2587.80114176 2588.19003839 2590.62241734 2605.0662923  2620.31779362
 2644.59798344 2657.52427155 2663.71551795 2669.37943559 2672.87727198
 2681.32036556 2682.06192581 2696.37906854 2698.11488685 2728.5414568
 2731.79769528 2736.58022055 2738.07070764 2738.16944012 2746.40000221
 2749.02947945 2756.20515067 2757.27804138 2774.2838275  2775.27188562
 2775.45021741 2779.33581711 2820.02599821 2820.18849681 2834.57273896
 2852.91954681 2858.17430132 2858.76696286 2871.56011878 2887.46218113
 2903.89960551 2905.57562433 2905.7409229  2917.37185556 2934.41360804
 2954.39186843 2956.73594814 2959.22659325 2959.70535577 2988.60150564
 2990.36649036 2990.93318545 2992.5329716  2993.10280001 2997.89672517
 3018.59047938 3026.44501138 3026.89220751 3027.81403287 3032.90878877
 3037.18175178 3075.18032285 3076.96060744 3087.44218337 3087.72164762
 3097.53139604 3113.96352046 3129.18848867 3129.57251868 3152.45738725
 3152.98488268 3153.14068133 3163.07699532 3164.93441258 3166.6029648
 3193.50639858 3244.03072789 3250.6683371  3268.75508054 3278.28136474
 3286.48762704 3297.76336277 3307.41871252 3308.41417057 3313.63022542
 3317.06322904 3317.50675853 3319.24767679 3330.49751274 3331.21387321
 3332.71299357 3348.54492319 3351.31779918 3367.29682753 3367.53382548
 3378.36566505 3382.92889222 3388.41681138 3392.51344258 3413.00219856
 3432.92022614 3445.67611572 3451.64446406 3453.71887943 3454.2923078
 3459.78789357 3472.61804917 3499.99897882 3507.40594804 3519.25711212
 3519.27524529 3519.2853452  3524.04260402 3529.99985246 3547.71013248
 3552.54375731 3561.34514779 3563.07766612 3567.66645974 3576.98427908
 3620.58116836 3620.7960665  3621.74079165 3640.66639449 3645.96364864
 3652.47722559 3657.85204573 3662.65990411 3673.34481162 3674.69526659
 3674.98633074 3687.13179227 3688.81091107 3691.12389105 3707.29405107
 3715.19951598 3716.26534008 3720.05087398 3725.73079148 3728.29886925
 3735.6370724  3743.81493494 3748.96575702 3751.96053109 3754.09581261
 3755.98172962 3756.63935726 3757.92154616 3765.70397879 3767.30499827
 3774.64963469 3777.71784146 3779.12162931 3797.34033827 3797.54733648
 3802.45946063 3815.23405005 3818.0615589  3818.19119111 3821.36823028
 3834.26031868 3835.9294709  3847.95060017 3852.57549347 3855.16927102
 3856.46752645 3862.68307265 3868.72528701 3873.29551411 3875.45706207
 3879.45322748 3886.32310134 3892.24511675 3906.82119057 3907.49785138
 3910.05519591 3910.81452267 3915.95094488 3920.06447593 3936.85489726
 3937.81092232 3946.2385827  3961.78544812 4022.52978896 4030.03879063
 4046.23915039 4048.91192726 4070.7872379  4085.70254212 4118.20542743
 4128.00350928 4129.8577599  4130.03295838 4145.3533591  4159.92263298
 4190.2450705  4192.74748217 4208.78407669 4218.09362943 4222.3174262
 4223.10001943 4223.28845113 4224.01041155 4235.50391206 4239.35157875
 4264.88725771 4268.19459574 4270.79153993 4272.65852377 4277.52834828
 4294.87466479 4307.27942408 4316.11774757 4319.73391627 4334.23429075
 4366.59784393 4376.73468952 4390.33360514 4394.63076794 4405.55777335
 4417.93976617 4422.17682949 4453.67642349 4464.68306154 4464.92062615
 4465.0079254  4468.86489201 4483.87396209 4503.64552427 4507.77412187
 4508.15895187 4533.16520207 4538.79851998 4548.71693412 4550.92324836
 4570.64077767 4578.08301325 4591.55249666 4599.23623014 4599.31812943
 4601.02644798 4604.05738841 4606.59856641 4612.46734894 4613.68450507
 4614.66826323 4641.15410062 4650.55288593 4654.55005133 4662.37205029
 4663.10347729 4674.97740784 4679.82233256 4701.17608105 4701.96477423
 4706.18923766 4707.50592626 4720.63067931 4723.95651719 4724.21221498
 4733.81616518 4733.84543159 4736.20124453 4744.3841737  4746.60885444
 4750.82775125 4757.00223114 4774.51017958 4774.66304493 4776.63202788
 4778.20054764 4785.77881537 4787.12223708 4791.66683107 4795.02643532
 4795.10350132 4795.29426634 4803.881992   4824.14611659 4829.62346917
 4830.12633149 4849.90056031 4860.81386584 4896.01656112 4896.60748934
 4899.01140186 4901.02935106 4904.67338618 4918.49073324 4933.1087067
 4953.29419864 4955.11328289 4958.60451934 4968.36040155 4975.84183679
 4982.54991206 4984.39046279 4987.75043371 4993.85748084 4997.51771583
 4997.59201518 5000.72278808 5009.76594314 5011.71972622 5019.30306058
 5039.97274832 5041.58310105 5046.52515827 5049.66449776 5056.13207511
 5056.20970777 5057.49752996 5074.33561753 5081.90018539 5082.31684845
 5083.92120122 5091.62226789 5096.73439031 5101.00215337 5106.5699385
 5111.11869913 5117.332612   5123.62452421 5131.83031984 5139.90781659
 5141.61190184 5154.88858691 5181.61102226 5201.59604926 5206.31397509
 5206.7635712  5209.74641204 5245.65750118 5256.89707056 5261.56409682
 5268.23210577 5299.20067103 5319.91702504 5344.23568119 5346.606494
 5353.02497178 5385.43612455 5390.24064963 5415.50746424 5416.17299181
 5416.75615343 5421.14168214 5445.59767044 5465.24206706 5473.6631275
 5481.08492992 5484.03267107 5487.51210761 5511.79026412 5517.24645022
 5518.49190611 5541.63070581 5545.52653876 5563.91114628 5569.94289407
 5598.03308424 5600.84165993 5613.94351318 5632.35292049 5650.90349325
 5686.2285208  5688.20613701 5711.8974986  5714.22504512 5727.05226741
 5757.74533506 5758.47632873 5768.25091078 5783.18731482 5802.47758117
 5802.90614413 5803.22317472 5813.7115506  5824.13829367 5826.69467154
 5832.90578444 5838.5564022  5851.18205957 5864.14818067 5870.09666251
 5870.69339068 5890.96588186 5896.61756627 5899.18091075 5912.13616527
 5925.22158533 5933.27561561 5945.34654446 5947.19372847 5975.86128031
 6007.16314269 6032.83488713 6044.27022147 6047.16776306 6050.9253972
 6061.19970826 6094.87838339 6095.03088207 6125.00232263 6131.5407327
 6131.60966544 6148.70568412 6160.07618569 6163.95721876 6180.93197182
 6209.67122304 6214.73601254 6215.38757356 6221.92941693 6272.91990888
 6282.76372367 6285.959296   6291.27215001 6296.73873603 6300.9817993
 6304.5356352  6319.72067042 6325.81361768 6328.32476261 6328.84062481
 6336.53905817 6372.0823505  6372.39201448 6391.38968337 6404.23743882
 6409.11689658 6437.79038171 6441.38121729 6448.60618808 6483.87514945
 6491.81951401 6491.88888008 6497.52369797 6531.72090195 6540.82585647
 6574.92929459 6579.32345655 6592.11304584 6623.25587626 6627.3711073
 6631.10850828 6642.20287891 6643.30253606 6665.53404362 6673.83393844
 6682.50346339 6739.26790536 6859.29906633 6860.05979308 6871.50332735
 6887.1627918  6915.69124485 6920.77270086 6922.7124174  6947.8389999
 6954.08727915 6959.20393485 6981.39817607 6982.83126366 6990.95322669
 6994.16749887]"
564,743199_2024-12-05_E-710,MOs,True,"[  20.27143377   20.30846678   20.46969872 ... 6870.14010582 6873.18161282
 6949.35422012]"
565,743199_2024-12-05_E-711,MOs,True,"[  23.5758385    24.94542664   25.53422155 ... 7022.38008798 7022.89128356
 7023.32251316]"
566,743199_2024-12-05_E-713,MOs,True,"[  20.25863388   20.33736653   20.37513287 ... 7022.76738463 7022.78958444
 7022.88571694]"
567,743199_2024-12-05_E-715,MOs,True,"[  22.95611053   23.21760827   23.22454154 ... 6975.50919371 6984.29805096
 7014.05852668]"
568,743199_2024-12-05_E-716,MOs,True,"[ 134.84150868  250.88400418  304.74193797 ... 6992.14664969 6992.19158264
 7001.22490444]"
569,743199_2024-12-05_E-724,ILA,True,"[  20.49196519   20.83582888   20.95162788 ... 7021.54519521 7022.26498898
 7022.99081603]"
570,743199_2024-12-05_E-725,PL,True,"[  27.42933847   36.62202557   36.62999216   41.83538044   42.88810466
   68.28005152   81.2714724   155.41749723  322.05428811  322.15285392
  323.8116729   323.81543953  323.82557278  332.90592751  413.13896632
  416.31497216  448.34602822  484.43118252  514.02739299  526.74584957
  529.40142658  530.02222121  547.89513316  549.60511836  559.67976448
  559.68776441  560.63452288  566.11760875  566.82500263  566.85133573
  566.91446852  566.94316827  567.09300031  568.33718954  568.68958649
  568.69638643  575.8277247   581.71787371  585.76027205  588.10891839
  589.45494007  589.77297065  595.71408589  596.42744638  597.20917295
  597.22733946  597.23977268  597.87963381  598.0729988   599.48685323
  602.93732336  603.18185458  607.6275161   619.7496445   623.30828036
  623.46734565  672.86095142  681.7229747   687.12076131  688.03658672
  692.74191265  693.61337178  694.79589487  700.53267855  702.73462615
  737.03462924  746.08801754  750.8209099   755.23140506  757.04555602
  783.49296042  783.51889353  791.99038686  797.97483506  810.16476287
  835.86357375  854.29838084  854.30431412  854.30791409  901.77313655
  920.81397172  920.90587093  921.04130309  928.5488381   929.2576653
  936.61596827  942.27865258  942.28405254  944.72999803  945.19969397
  946.85507964  954.01715097  954.67097865  955.11814144  957.19742344
  969.70234853  969.71118179  969.71608174  974.41570773 1014.33056221
 1022.2604269  1023.53004925 1028.89740278 1044.40460188 1044.41316848
 1045.08322934 1045.09459591 1072.95778805 1075.10026951 1075.42170006
 1075.7434306  1077.70051366 1077.88751204 1077.90661188 1101.25244312
 1102.22743468 1108.40364789 1114.31539671 1125.14556963 1137.71952745
 1138.89225063 1145.47632697 1148.18773684 1155.38337455 1168.11076438
 1168.11756432 1168.12286427 1176.80692243 1184.08929273 1190.0229747
 1190.46363755 1190.8927005  1200.63808281 1206.17966817 1209.68483783
 1210.3628653  1210.49826412 1210.52133059 1210.60906317 1211.69732041
 1213.94180098 1214.42379681 1216.00548312 1216.48371231 1217.64200229
 1219.37425396 1219.72405093 1220.42594485 1220.69690917 1221.00497317
 1221.3260704  1221.50686883 1221.51730207 1221.52306869 1221.5291353
 1221.53496859 1221.86276575 1222.10646364 1223.07768857 1223.19732086
 1224.50470955 1224.59214212 1224.8222068  1225.55173382 1226.3309604
 1226.53072534 1226.75882337 1226.80455631 1227.14672001 1227.15968656
 1227.49755031 1227.70601517 1228.19801091 1228.41470903 1229.35753421
 1229.49523301 1229.61863195 1230.07439467 1230.38852528 1232.44164084
 1232.57090639 1232.95616972 1233.13520151 1233.39869922 1233.57993099
 1233.71466316 1234.4331236  1234.47995653 1234.6496884  1234.91731941
 1235.0066853  1237.55159661 1237.92706003 1238.34082311 1241.80645978
 1244.17933924 1244.42467045 1244.44020365 1244.74763432 1244.76586749
 1244.9810323  1245.64079325 1245.66569304 1246.15998876 1246.45391955
 1247.01951465 1247.25161264 1247.38104486 1247.4298111  1248.82353237
 1249.84905682 1250.03035526 1250.28481972 1253.19752784 1253.51895839
 1253.52742498 1253.53265827 1253.9411214  1253.96128789 1254.19318589
 1254.32105145 1255.27300987 1258.54294823 1258.55004817 1258.56294806
 1265.0319254  1267.81793461 1274.64577551 1275.02100559 1275.03027218
 1275.0361388  1275.04427206 1279.2333358  1279.49710018 1279.82143071
 1287.91532731 1290.67803673 1290.68267002 1291.73796089 1291.75932737
 1291.92222596 1294.89900019 1323.23175493 1340.82710262 1340.83653588
 1351.6116426  1386.99810295 1387.80572929 1405.17074564 1407.59205802
 1408.47335039 1409.49164157 1409.8773049  1410.03310355 1410.04050349
 1410.05037007 1410.05500336 1410.62413177 1411.61888983 1422.57126169
 1422.57616164 1422.58636156 1446.97665043 1448.82706774 1449.13006512
 1453.57532664 1453.764625   1461.92915433 1464.65386407 1464.66686396
 1473.12079078 1485.52945003 1493.2468499  1493.63307989 1493.73351235
 1494.04204301 1494.37064017 1494.74427027 1495.12810028 1495.35609831
 1495.38593138 1501.10568187 1501.33504655 1502.26620516 1502.90459963
 1504.04358977 1507.78592404 1507.7946573  1507.80562387 1508.75774896
 1509.00471349 1509.19507851 1516.21935104 1521.27174064 1521.47760552
 1522.75796111 1524.2956478  1659.86044097 1659.86760758 1669.42239153
 1694.90133765 1708.8423503  1708.85015023 1710.65983457 1711.74819181
 1713.63900878 1733.20847271 1743.48595042 1747.89307893 1763.98193966
 1783.89716727 1799.45649925 1799.96689483 1803.75312872 1806.01947577
 1814.28473756 1824.95591185 1826.18233457 1827.22149224 1835.17852336
 1835.36918838 1840.57617664 1840.58904319 1840.80094136 1841.17297147
 1841.20920449 1841.62186759 1845.33063548 1847.53174976 1851.40404958
 1851.7205135  1855.15745042 1858.89381808 1864.38000392 1868.89826481
 1884.02723385 1887.4555375  1887.60786952 1962.487188   1974.45928437
 2009.97401028 2029.32074281 2032.85837885 2066.62265324 2066.80728498
 2066.81068495 2068.69820194 2070.31058799 2071.78440856 2150.5894264
 2150.78882467 2150.98378965 2152.08908008 2152.49507657 2152.71697465
 2152.86340672 2153.01770538 2153.20770373 2153.36473571 2153.91259763
 2154.07986285 2155.24061947 2156.42607588 2158.60265703 2161.54893153
 2162.26069204 2162.81435391 2167.95037612 2169.88742602 2220.6116536
 2221.02565001 2221.28161447 2221.5858785  2222.38537158 2265.53969802
 2267.92344405 2300.76129313 2311.89283011 2314.23327651 2336.70258201
 2337.20361101 2337.58677436 2337.63710726 2365.11210276 2365.5763654
 2404.50322844 2404.50756174 2419.75899638 2431.47859493 2437.02808023
 2522.36050823 2523.22046745 2547.73828855 2550.86756147 2557.04087469
 2593.85692267 2675.36875041 2687.75614318 2708.44076413 2709.8771517
 2718.08941394 2718.48204388 2719.89566497 2740.4822201  3013.74958795
 3018.21088266 3033.45308405 3078.7094923  3109.91452218 3125.20005653
 3126.28871377 3128.17856408 3153.41694561 3154.96586553 3175.88241781
 3192.7494718  3220.74276282 3260.16895486 3302.78911926 3311.16904672
 3325.62015496 3352.93878515 3368.75091494 3369.23437743 3369.7759394
 3369.93050473 3369.94127131 3370.05967028 3370.22906882 3371.02966189
 3374.01296939 3376.67544635 3376.97794373 3379.91871827 3395.66294865
 3421.25456046 3433.67891957 3490.37869543 3500.22031024 3536.23716513
 3544.78465781 3550.90733814 3551.31926791 3551.73876428 3552.00986193
 3553.27921761 3559.94372659 3560.14799148 3560.18679115 3571.05519707
 3588.19154873 3647.80986599 3648.18022945 3653.32425159 3684.55828122
 3685.1067098  3714.62235431 3740.82976078 3742.73087766 3745.87388378
 3863.17820169 3883.22209485 3900.56001144 3994.3415663  4005.273705
 4007.25622117 4007.6729509  4010.99238883 4013.08510405 4020.84440355
 4022.11235924 4054.47131247 4070.95380312 4098.50613129 4137.22242948
 4138.97694763 4145.03466185 4147.62603942 4157.33495538 4183.99722458
 4254.30044935 4255.80416967 4260.92705865 4263.35293765 4303.14345988
 4350.24201885 4509.645639   4528.17554527 4573.68995128 4594.51093771
 4595.31473076 4596.88851713 4664.58016451 4705.06231408 4705.75497475
 4706.35403623 4742.64852205 4763.92003792 4765.88452092 4767.53057333
 4770.93884383 4771.3503736  4774.13998279 4776.21893146 4779.04697364
 4786.42024315 4788.26159388 4790.87830456 4790.98637029 4792.15122688
 4793.95417794 4794.58477248 4795.57719722 4798.36587308 4801.01685013
 4804.5672194  4805.80100872 4809.02308083 4835.54728456 4837.71449913
 4845.2924002  4868.00367027 4888.94908896 4926.71226207 4941.48890083
 4947.4878489  4953.23673247 5014.04993939 5017.99560523 5032.95780905
 5034.62582794 5036.30141344 5051.43861574 5054.15835886 5055.03421795
 5066.90614851 5120.85158154 5123.49572532 5125.90697112 5127.653556
 5128.51451521 5135.80685209 5136.4519465  5142.44316131 5146.47059311
 5169.99002285 5190.29731373 5212.52945462 5212.87558495 5213.31391449
 5225.80807301 5226.63856582 5230.8037631  5276.29893594 5290.24498189
 5291.66193629 5347.86531644 5353.43793487 5364.0010101  5404.96895547
 5413.90671143 5415.2123668  5425.37877879 5472.02117504 5487.57080711
 5494.88134382 5494.95920982 5538.10690298 5563.97541239 5564.74577239
 5565.01990335 5573.92559293 5580.69473433 5588.31083507 5589.34025949
 5596.05293472 5600.76036064 5750.91576084 5768.39270956 5777.94229356
 5825.94321138 5886.15489017 5951.89262112 5986.62165383 5993.90362413
 6048.4991182  6103.61714108 6192.31683994 6256.21535348 6299.22921447
 6379.17282245 6508.83290007 6645.35558496 6701.33100042 6837.51168826]"
571,743199_2024-12-05_E-730,PL,True,"[  28.176732    230.69347896  238.66097665  255.52316402  500.73137476
  521.88162501  548.99625696  770.34977419  869.41301667  892.29168529
  971.92949592 1040.91253211 1104.32401654 1130.87685335 1151.45670854
 1313.92326884 1321.16527282 1349.3093292  1559.99417211 1583.86743212
 1614.37070141 1666.75594795 1690.92713871 1694.29927619 1697.45364889
 1697.64668055 1705.67281107 1707.73272657 1720.36198392 1723.02979416
 1732.36841332 1740.28077816 1746.152294   1754.17205791 1770.64291534
 1779.32867348 1807.82226017 1812.24138858 1830.40226471 1855.23738306
 1859.93134243 1916.78911692 1926.86552969 1927.04996143 2022.19070453
 2023.97312243 2052.70477372 2060.25370837 2061.34919889 2074.5713511
 2091.97113382 2129.47860914 2167.37641442 2175.06328121 2198.26141374
 2209.35798435 2214.5355062  2221.20358181 2232.89101397 2238.78936291
 2241.9175025  2246.02620027 2247.75368532 2270.73075309 2271.29718152
 2274.09342398 2277.44122833 2284.30786889 2285.7505564  2287.34217596
 2289.3816583  2297.02412548 2303.69370108 2311.35876806 2312.54852443
 2317.39181584 2329.08001466 2332.8605486  2349.37527231 2363.67191522
 2366.47062433 2367.06808583 2385.35032757 2386.08655453 2408.6708257
 2409.24625405 2427.45462977 2431.23096374 2440.6589488  2441.29804327
 2461.98316421 2501.69878709 2501.90791861 2504.51746269 2517.86348049
 2563.13852191 2565.62193375 2596.32706795 2597.35825903 2598.16425205
 2604.2808991  2604.31686546 2654.75819549 2668.2811451  2707.36390678
 2707.76840328 2708.24799913 2713.59025289 2721.79528186 2723.97676298
 2730.27724177 2733.78201143 2735.30149828 2738.26353931 2738.45227101
 2747.67142454 2753.93957028 2755.69302177 2759.64305424 2762.09043305
 2763.90211737 2769.84126596 2772.70357452 2777.85826323 2778.62125663
 2791.5046451  2798.3017196  2803.05307847 2821.50368542 2832.97565278
 2840.6785861  2859.17919262 2873.90463182 2885.88206148 2894.02799096
 3051.11223119 3114.7644802  3177.26253919 3208.92479845 3213.77475647
 3213.82578936 3227.40180517 3228.07863265 3236.05729692 3236.20552897
 3249.22211629 3265.3637099  3266.18213614 3267.29092655 3273.76720382
 3279.21459    3280.49811222 3283.27085489 3303.39354736 3311.59454304
 3312.04053918 3323.61753897 3334.13081463 3334.85690834 3335.02237358
 3335.48763621 3340.85575641 3361.52631082 3372.96444514 3375.5716559
 3376.30704954 3376.54591413 3376.90757767 3378.11473389 3378.42259789
 3378.59399641 3379.30772356 3380.03758391 3383.48598739 3384.93080822
 3409.50472883 3419.16021192 3421.47172524 3422.56331579 3423.09131122
 3423.5640738  3424.40443319 3432.28106501 3433.1947571  3436.96059117
 3441.17452136 3442.17817933 3442.5824425  3467.57645948 3468.16488772
 3474.26203494 3478.78096249 3482.88512696 3483.50732158 3484.81494359
 3498.09042867 3498.24639399 3501.34556716 3513.67862707 3516.5785353
 3524.83949713 3539.35457148 3542.57894357 3546.2493118  3546.34904427
 3546.50900955 3569.90440703 3572.90621438 3573.7390405  3574.54856683
 3579.74172187 3584.70231227 3585.78156959 3586.45169712 3586.81492731
 3590.2048313  3597.09297168 3602.78628906 3603.42005024 3605.22133465
 3607.76117933 3611.71667842 3633.16459276 3634.29614963 3637.26172396
 3653.10025353 3666.75540199 3668.32515507 3677.76780666 3678.90066352
 3682.66743092 3687.68415416 3703.90098045 3714.33332347 3725.80679082
 3729.61189122 3729.81468946 3747.07404006 3755.11047049 3764.14559228
 3771.3946962  3777.23384565 3778.89079798 3780.26148611 3787.0251609
 3812.7595048  3820.08294141 3841.1361925  3849.67948521 3855.57863414
 3895.08425884 3912.471075   3942.27811698 3949.35118909 3971.57543004
 3976.393555   3990.9371291  4001.26473971 4012.07174616 4031.54414426
 4074.26554112 4078.92646744 4097.52140648 4097.68243842 4118.10946159
 4125.79772838 4127.80687765 4138.67741688 4201.08567666 4222.52359109
 4246.05112076 4251.4065744  4272.90448831 4273.12675305 4275.27206781
 4328.76673808 4391.57582772 4393.57251043 4409.49923923 4416.21304778
 4417.04764056 4431.60261457 4437.8518938  4452.45060077 4462.10885049
 4463.29317358 4463.60230423 4464.12306639 4475.88663123 4504.90618003
 4515.01955915 4516.54804592 4521.91339947 4522.1262643  4523.17798853
 4546.85828354 4593.30674814 4599.54592746 4602.36580305 4602.57296793
 4605.89190586 4610.09906944 4612.09081887 4618.30013179 4618.99062581
 4623.14662317 4628.08868039 4628.34627816 4631.50578414 4633.81749746
 4639.14528468 4639.48184843 4639.59121415 4640.35917417 4640.80957027
 4641.31313258 4643.90304349 4648.74426825 4650.10908977 4650.91371614
 4652.19320506 4652.44556955 4653.23189607 4654.164088   4659.57327451
 4661.37595891 4672.70909414 4673.00859155 4676.16983085 4679.41516942
 4680.25982878 4695.20229943 4695.85412712 4696.09005841 4697.66734476
 4697.84500989 4698.24470643 4699.22866458 4699.82592607 4704.80431631
 4709.42784296 4710.39910122 4711.36249288 4715.53492342 4718.61329678
 4723.16032408 4728.88610785 4730.0902641  4730.40699469 4732.61460891
 4736.40004281 4737.93449619 4738.6696565  4744.35334063 4750.39245502
 4756.18493821 4756.94273165 4763.4253422  4764.5152661  4777.46652066
 4807.84299104 4813.41774279 4814.7334314  4816.51124934 4818.44219929
 4820.45548187 4823.6628541  4824.5253133  4830.81725884 4834.24836247
 4835.03145569 4836.36007752 4841.88666302 4845.44803219 4852.37410557
 4855.67761031 4880.96259143 4892.88565489 4892.99292063 4895.00653653
 4899.16933383 4904.57338705 4908.97538228 4927.10465868 4931.31398891
 4937.78926619 4940.37734378 4950.9918519  4954.62142048 4958.55355311
 4963.48564375 4963.50301027 4965.57342568 4966.00095531 4972.66669761
 4974.7085466  4975.46480672 4979.18890782 4999.47396556 5011.24139703
 5013.28671266 5015.92988978 5039.57078514 5053.88872786 5122.34230197
 5128.4351159  5128.67118052 5136.40101361 5148.62740777 5160.48797177
 5174.49915049 5179.66057247 5186.37108105 5193.79061683 5203.29673454
 5225.34204371 5235.25699121 5251.24001953 5284.55806445 5390.29624915
 5400.87799088 5450.66985987 5452.07611436 5471.55937904 5475.02594903
 5477.45846131 5478.51395217 5481.30222804 5488.64153117 5491.0993099
 5499.99103293 5500.43536241 5502.2817131  5504.4339278  5512.28485984
 5513.20361855 5516.0554272  5518.5321391  5519.00753498 5519.41219814
 5525.28098068 5526.69476844 5534.7625986  5541.09014383 5543.18589235
 5543.33699104 5543.40452379 5556.20164635 5558.75019096 5559.15128748
 5561.79793124 5564.14281094 5566.51142377 5569.96949384 5573.77526089
 5578.33318811 5580.12120596 5590.09631961 5612.44265951 5622.97536834
 5627.14363225 5662.17812898 5668.8035383  5712.98868915 5728.91448463
 5756.11764915 5795.76883925 5810.10744846 5864.84580796 5865.57446832
 5865.76739998 5876.32030864 5878.80718711 5881.55033003 5888.11913983
 5888.41807058 5889.86395806 5893.85569018 5895.75800704 5911.45347118
 5917.99358123 5918.71147502 5925.5867155  5928.38962457 5928.63538911
 5936.29775612 5938.39657128 5967.42631999 5977.8577297  5978.72228888
 5979.19435146 5979.62821437 5989.11883222 5990.26798893 5996.55050122
 6018.95710726 6023.90036447 6030.98513647 6032.18105946 6036.62458766
 6044.0433901  6044.10382291 6044.12792271 6044.48071965 6045.90977395
 6052.18531963 6054.92422925 6063.03049241 6075.06955487 6076.55874197
 6077.0334712  6078.94535465 6079.39758407 6083.86124543 6087.15768356
 6092.27050597 6092.37430507 6093.11813197 6102.41055153 6102.86651425
 6110.14411792 6112.38639851 6116.29839798 6122.98147346 6123.36663679
 6128.1750285  6131.88209641 6135.27040042 6136.66295503 6137.4599148
 6144.8601174  6148.47555277 6151.84262363 6152.50998452 6152.65014997
 6156.26688533 6156.55154953 6174.45949452 6174.60949322 6179.34385223
 6182.7675226  6184.19491024 6184.4773078  6190.34699032 6205.25639459
 6218.24108219 6220.15166566 6223.38500433 6233.58058274 6233.94401293
 6237.39981635 6238.3914411  6244.02315902 6260.70264797 6263.29652551
 6267.47788932 6278.65115927 6280.05951374 6280.51160983 6291.48261486
 6293.04063471 6293.8726275  6293.90866053 6294.31612367 6295.4172808
 6296.70790296 6300.22903915 6301.23103047 6301.4243288  6302.787617
 6303.13228068 6303.92007386 6304.53226856 6306.17112104 6307.50410951
 6313.64208971 6325.11932369 6326.49074515 6329.39345336 6334.90613897
 6342.47420679 6343.4710315  6351.38562965 6355.94259021 6356.15795501
 6356.40671952 6357.38734437 6370.46026454 6370.63336304 6383.39348592
 6384.50600962 6384.75150749 6386.5988915  6387.24505258 6398.67452031
 6398.99845084 6403.70721007 6403.82197575 6406.68775094 6407.92840687
 6408.86779874 6409.12499651 6410.08132157 6421.44685652 6425.17742422
 6426.79644354 6427.60870318 6428.04266609 6428.83655921 6430.01741566
 6431.90786596 6434.35707809 6437.65938284 6439.63549907 6439.78326446
 6446.20380888 6481.08907357 6487.01865557 6491.38781775 6495.5487484
 6497.70369641 6502.07602523 6504.60553667 6505.55282847 6515.07434605
 6517.50079171 6518.0029207  6522.08155206 6523.81983701 6524.9991268
 6526.40321465 6527.05077571 6527.47537203 6527.74040307 6528.47536338
 6530.74644372 6531.20100645 6535.7350672  6541.03518799 6550.36600722
 6551.28683258 6562.56803493 6568.75764801 6572.07285265 6581.17664051
 6598.46265754 6598.68635561 6602.79172007 6607.52247912 6610.06329046
 6612.32320423 6612.89179931 6616.67723321 6619.86170564 6629.70328712
 6631.58867079 6647.41566712 6653.88431113 6658.16294076 6666.35340319
 6669.30001102 6669.42644326 6669.60287507 6669.97827182 6671.38329299
 6671.86395549 6673.72640604 6673.97487055 6674.52546579 6674.539699
 6678.34326607 6681.25807417 6683.90375127 6688.17878093 6697.50296689
 6699.57594894 6703.76861265 6707.77041134 6719.11011318 6719.23084547
 6722.250386   6727.23520951 6729.98361906 6751.34180084 6764.27235558
 6768.69508396 6768.85864921 6768.93138191 6770.53033474 6779.38475809
 6780.38938273 6781.83203691 6783.89958568 6786.80746051 6787.22595688
 6788.31224748 6789.72383526 6789.97069979 6790.57692788 6795.05772242
 6798.53532565 6801.99656236 6802.35145929 6803.89897922 6806.61065575
 6807.11865135 6811.10218354 6812.99093385 6814.95925015 6820.30970383
 6846.73884172 6850.94783862 6851.03837117 6851.11263719 6851.54026682
 6855.14720227 6862.01227618 6863.18503269 6866.0951075  6867.72219342
 6869.28077992 6869.30221307 6872.26122079 6873.43501063 6882.19360148
 6883.67272201 6883.95228626 6884.62194713 6886.55179709 6887.32089043
 6888.96364288 6889.34880621 6894.14866466 6894.67549343 6895.13272281
 6899.52491812 6903.63321589 6905.17146924 6905.95736244 6906.35712565
 6906.77698868 6907.53604877 6908.47407399 6908.57047315 6908.8346042
 6911.62758002 6912.65027117 6913.0276679  6914.00812608 6920.43037049
 6921.07056495 6922.67878436 6924.34630326 6927.4145767  6927.70577418
 6929.77305628 6930.81608059 6932.28463454 6939.45827245 6941.08029174
 6941.2198572  6947.11327285 6950.6811753  6950.95960622 6952.06139668
 6955.13917004 6956.41199236 6957.81401355 6963.65632965 6966.75983611
 6973.51981093 6984.09108609 6984.41734993 6984.81901312 6985.81080454
 6991.54472157 6995.02475811 6998.55396089 7005.16920363 7005.60623318
 7009.87259625 7017.72526161 7017.91389331]"
572,743199_2024-12-05_E-731,PL,True,"[  36.67109181   84.03508181   84.34681245   85.71093397   86.45242755
   88.02108064   89.77179882   92.74737306   93.6858316    97.39443283
   99.02415206  100.88443596  102.05602582  103.06948371  103.07965029
  103.999009    104.28157322  104.66136993  105.21933177  105.56932874
  108.24597223  109.67769317  110.1093561   110.27798798  110.46878633
  111.93237366  113.41156085  113.86849023  114.36155263  114.6189504
  114.95148085  115.11547944  115.17421226  116.5755668   116.91213055
  117.16279505  117.74509001  117.95438819  118.26445218  118.43978399
  118.4614838   118.65628212  119.46014183  119.66974001  121.03179489
  121.56102364  121.7231889   121.82065473  121.99041992  122.45441591
  122.6591808   123.06904392  123.78883769  123.87213697  124.20463409
  124.39453245  124.53123126  125.93335246  126.68644594  127.00567651
  127.1453753   127.57133828  127.96870151  129.16259117  130.70624448
  131.37080539  132.72842697  133.14755668  133.56735304  133.649519
  135.45400338  136.35432892  137.75918342  138.14654674  138.28884551
  139.28103692  139.84683202  139.92523134  139.98599748  141.09705453
  141.35651895  141.53775072  141.6010835   141.85711462  142.57400841
  142.68930741  142.93443863  143.86293059  144.01922924  144.15112809
  144.65175709  144.88238843  145.77464737  146.71737255  147.00447006
  148.47085737  149.83317891  150.01734398  150.32987461  150.78820397
  151.85609473  152.67562097  153.71487864  154.91430159  155.03180057
  160.22268897  161.95810728  167.73402395  170.65799864  171.43389193
  172.02508681  178.43316467  179.80588612  180.02771753  180.20278269
  180.69494509  182.69199447  184.31348044  192.77657384  193.27770284
  203.88084439  209.30959739  211.53381147  219.58887508  225.37675831
  236.66336061  250.72080559  252.82625403  290.30432961  323.84663926
  350.20967772  399.79634848  451.28876941  531.96543772  537.46775675
  608.94080473  617.9897264   646.79111042  720.78626989  725.16783196
  736.64666593  749.45375507  757.25592087  760.76095719  807.26752128
  817.59649854  817.63729819  836.49880158  895.83702126  924.79743724
  925.03913515  926.25452463  938.44155247  952.53749711  957.58995338
  965.05678874  970.06037876  978.98010155  983.74459364 1017.15713775
 1023.42441683 1023.59891532 1024.94963696 1027.255017   1038.31805457
 1067.08417223 1073.05198724 1078.4514405  1083.42886408 1088.85088381
 1115.82541698 1117.2516713  1159.21364139 1181.28968363 1203.78712222
 1206.01396961 1206.37766646 1227.85791385 1231.72728036 1243.0547823
 1298.71993378 1342.16982433 1349.26966288 1362.00755261 1382.58064119
 1385.10765265 1397.23711432 1435.30371814 1454.26872064 1466.34394944
 1518.12923451 1535.83101461 1541.94846165 1559.21571218 1561.71432389
 1591.99059514 1603.17963162 1639.80688123 1643.62361485 1679.55223718
 1679.83920136 1694.22344351 1708.9583493  1727.48048896 1790.15187979
 1973.7780236  2016.40382129 2043.51831991 2105.58261599 2160.01311149
 2171.86670888 2178.2605202  2178.61555046 2183.82127207 2184.43816673
 2184.92509585 2269.58956296 2271.01278398 2274.0248579  2274.16912332
 2274.92781675 2276.75816758 2292.43406521 2293.4829228  2305.78761629
 2310.95810486 2347.73811982 2382.84028263 2383.07408061 2383.21431273
 2412.68929091 2430.18267282 2430.93559963 2438.6252664  2439.46049251
 2443.22989321 2446.23033391 2459.68018415 2461.87819845 2462.02803049
 2462.54765932 2466.96022113 2467.20348569 2467.41165055 2467.56064926
 2471.33428326 2472.21577563 2472.88083654 2476.27564049 2476.47267212
 2477.69342822 2485.21106314 2485.49816066 2485.77392494 2486.23012099
 2673.19333591 2701.0737279  2748.5186172  2749.13267855 2765.64386896
 2849.8319402  2995.8912092  3116.73162984 3273.16194239 3276.55661301
 3319.07084499 3370.88712979 3384.52824504 3392.92510568 3393.22243644
 3394.48479218 3395.27781865 3400.14310987 3400.28560864 3400.37554119
 3400.49990678 3400.5749728  3400.69530509 3401.00703572 3401.2137006
 3405.86212703 3411.95320764 3412.37023736 3412.48170306 3412.61326859
 3412.62240185 3412.98493204 3413.15896387 3415.30067866 3480.00525189
 3480.18238369 3491.36265358 3504.30634153 3514.18905599 3514.39022091
 3514.56935269 3514.81601723 3515.08984819 3515.39471222 3515.5810106
 3540.71215973 3541.08032321 3541.49011966 3541.94718237 3542.18468031
 3542.48247774 3542.85290786 3544.16896314 3544.40519443 3545.90671476
 3546.14427937 3570.75656632 3575.96352125 3576.15971955 3576.37391769
 3576.5382496  3576.71891471 3576.97831246 3582.61823031 3583.33649076
 3584.35438195 3584.52368048 3585.13447519 3585.83646912 3586.25699881
 3586.63599553 3587.27309001 3587.41058882 3587.58565398 3599.81038149
 3608.70917112 3609.38779858 3619.22164679 3619.69247605 3619.93777392
 3620.19097173 3620.75676684 3621.27566234 3637.3691897  3659.21366727
 3680.25871843 3698.75462499 3713.07903433 3753.71104927 3760.20095976
 3760.751355   3761.28778369 3761.47811537 3761.84064557 3762.33484129
 3764.01382676 3764.63828802 3765.08031753 3765.52268036 3765.81687782
 3765.95504329 3766.38417291 3766.83403568 3766.99280097 3767.30316495
 3767.66169518 3767.76052766 3767.9480927  3767.98312573 3768.01169215
 3768.01712544 3768.38515558 3768.39315552 3768.41492199 3768.41938862
 3768.90621774 3769.25278141 3770.34843859 3771.57679462 3771.75589307
 3773.39977884 3780.04048803 3780.34541872 3780.57555006 3780.7824816
 3780.85068101 3781.98733784 3782.21766918 3782.56289952 3783.06156187
 3784.35055072 3784.89571266 3785.36370861 3788.20791733 3788.52898121
 3788.74857931 3789.82716998 3819.49934646 3881.31594469 3884.35621837
 3919.56154695 3926.2487224  3926.67038542 3926.96778284 3933.46965989
 3933.6381251  3934.09222117 3936.62033262 3940.69769733 3953.8855165
 3954.15371418 3954.36387903 3954.5020445  3954.76767553 3954.95420725
 3955.15627217 3963.43626716 4010.44656022 4035.56294281 4073.91667747
 4086.41473595 4088.01278879 4149.72618791 4158.17914807 4163.71040019
 4186.39633715 4276.6016563  4440.45643792 4497.17908025 4510.27216691
 4597.34991314 4604.82394844 4607.5516915  4613.45717371 4613.71820478
 4614.00613562 4614.62633025 4614.81666194 4615.66825457 4624.02998219
 4624.23288043 4624.34501279 4624.59617729 4626.41326156 4626.76112521
 4626.90439064 4629.82863199 4635.51038281 4635.97241214 4636.44044143
 4636.67203942 4636.79697167 4637.53856525 4637.83862932 4638.15295993
 4638.7536214  4641.14756735 4641.43293154 4641.75916205 4641.77266193
 4641.90329414 4642.16052524 4643.42381431 4652.66756762 4653.84525743
 4661.50252448 4661.71875594 4662.02175332 4662.11378586 4663.75747163
 4664.00246951 4664.43796574 4670.98637572 4700.36808805 4700.52432003
 4700.68318532 4700.89448349 4721.86626862 4759.62130847 4759.98397199
 4760.23243651 4760.47010112 4760.51396741 4846.29169155 4884.28839598
 4889.73358217 4890.8857722  4897.46978187 4897.58388089 4897.81771219
 4897.94931106 4906.23423934 4906.4005379  4906.50323701 4906.66010232
 4906.81970094 4907.07939869 4907.75359285 4908.198789   4908.39298732
 4908.94334922 4910.27047107 4910.46133608 4910.89243235 4912.05272231
 4929.55597079 4962.79214976 4964.13777144 4964.14280473 4964.37193608
 4964.59443415 4966.86898113 4968.58949957 4970.15208605 4971.5942069
 4974.89447833 5002.17460885 5005.33604815 5005.61827904 5006.36423925
 5025.338375   5025.37540802 5036.0785487  5044.42464312 5056.71447007
 5059.80907661 5133.40923951 5175.02641259 5181.72885457 5182.07085161
 5182.07948487 5182.46614819 5227.1102284  5232.8018458  5311.76532893
 5315.32869809 5321.61324369 5339.34539019 5372.38757084 5400.50372745
 5404.96552216 5405.68904923 5406.03494624 5407.23823582 5407.37946793
 5407.38566788 5407.39040117 5407.73666484 5408.33309301 5408.50679151
 5408.90515473 5409.04462019 5411.0374696  5411.56033174 5415.78962847
 5423.85982528 5441.56757199 5447.65295265 5450.61462701 5460.51890794
 5461.16653567 5463.19705143 5487.51577425 5542.27020028 5553.48356988
 5565.34460054 5588.50386673 5678.7111192  5683.07558142 5696.6746637
 5771.78241355 5870.56849176 5960.45174703 6034.53723906 6058.68626335
 6068.51421161 6103.63654091 6114.69427853 6146.05870703 6146.4274705
 6157.82637183 6160.90967847 6161.57970601 6170.89665869 6185.68843065
 6186.46605725 6187.93201123 6205.36486032 6218.29938169 6218.89550986
 6219.18227405 6219.32080618 6222.48107883 6248.2575557  6458.05923959
 6545.34671733 6547.68943039 6552.71042026 6600.79020406 6601.35776582
 6614.47468561 6614.66925059 6618.43648464 6618.69098244 6622.18238555
 6623.29300927 6634.80467629 6662.05164043 6662.78380076 6662.98629901
 6662.99639892 6663.31742947 6663.59816038 6663.91075767 6664.17528871
 6671.06642906 6672.26891865 6672.57654932 6674.14760239 6674.37866706
 6677.08437697 6678.08410165 6678.42769867 6678.71472952 6679.11655938
 6679.49528943 6679.72105415 6680.97530996 6681.23327439 6686.74162671
 6687.03032421 6692.05564737 6693.05727204 6693.27507015 6695.24865307
 6696.47637577 6697.28193547 6711.54714532 6711.80627641 6713.99759077
 6716.6548011  6716.83063291 6721.54809208 6727.8801706  6744.99418912
 6745.52995115 6751.38773378 6754.32134172 6754.33600826 6754.3457415
 6754.70880503 6755.23226716 6755.35283279 6755.66809672 6757.0153184
 6761.71904435 6776.14705279 6787.80878517 6788.23321483 6789.4765374
 6795.36378644 6795.40218611 6796.08308021 6796.09671343 6796.2583787
 6796.67137512 6799.05198785 6799.59494981 6799.90571379 6801.83883039
 6815.45921249 6815.77530975 6845.54495206 6848.97785567 6849.25821991
 6849.6484832  6852.92618816 6862.99766765 6865.51817916 6887.43415612
 6887.90641869 6893.35013824 6893.90300012 6904.23974397 6904.47184197
 6904.82090561 6904.97080431 6904.97933757 6905.24863524 6905.35570098
 6905.65533172 6905.66336498 6906.20892693 6910.36219098 6911.66971299
 6912.11550913 6912.69237081 6913.08863404 6915.53931283 6917.97809172
 6918.1652901  6918.35445513 6924.06990565 6927.88623928 7015.29504931]"
573,743199_2024-12-05_E-733,PL,True,"[  46.43107399   76.43944756   90.4011267  ... 6993.52730441 7001.76056647
 7008.72830616]"
574,743199_2024-12-05_E-736,PL,True,"[  40.87098879  111.77937498  117.86288899 ... 6999.64448479 6999.66845125
 7000.20784658]"
575,743199_2024-12-05_E-740,PL,True,"[  20.30556681   34.30021233   34.70580882 ... 7016.3588401  7016.43463945
 7016.5937714 ]"
576,743199_2024-12-05_E-743,PL,True,"[  21.10655987   21.65162182   21.68078824 ... 7020.57357029 7022.33302172
 7022.37462136]"
577,743199_2024-12-05_E-744,PL,True,"[  43.39540027   43.4149001    49.40044829 ... 7020.85383453 7020.94230043
 7021.04533287]"
578,743199_2024-12-05_E-745,ACAd,True,"[  28.77126019  249.5339492   262.07390732 ... 7016.75077004 7017.17056641
 7017.58729614]"
579,743199_2024-12-05_E-747,ACAd,True,"[  31.66433515   31.88516657   32.35446251 ... 7023.50567824 7023.51397817
 7023.53581131]"
580,743199_2024-12-05_E-752,ACAd,True,"[  23.74197039   30.19408121   36.72835798 ... 7019.27128156 7019.42198025
 7021.08246588]"
581,743199_2024-12-05_E-754,MOs,True,"[  22.26401652   51.06306723   69.09801111  144.14249483  156.75675231
  166.27823655  198.07419465  213.12503103  240.10479749  241.28368728
  285.56197066  313.59399468  329.92528664  339.71266858  345.36841963
  408.53013955  416.05417442  429.03602871  450.78100714  465.8110437
  517.99635864  530.98204623  531.74140632  574.36977065  576.26952087
  576.70408378  594.05156695  672.79185201  675.30129696  764.63545699
  856.2315641   863.82873167  869.97104517  936.95676532  949.07416043
  983.82832625 1015.68231718 1016.33261155 1026.25085903 1030.92921853
 1050.00965336 1120.05168039 1138.45772106 1145.61472578 1198.26826999
 1215.64458624 1252.45160096 1262.65534597 1287.57766357 1301.08327999
 1303.87962245 1313.32680734 1338.38812374 1354.42875155 1377.2346208
 1397.24621424 1466.7183462  1489.4844158  1489.82807949 1509.50014254
 1530.54436037 1542.57595622 1566.9616118  1569.87938654 1589.29081851
 1685.16062196 1700.26792452 1714.71726611 1725.91100255 1726.60296323
 1745.37273408 1765.09209672 1784.99659109 1785.1949227  1786.41014552
 1789.56455154 1802.10550965 1807.42803025 1808.51468751 1831.72548659
 1847.59434922 1856.53130519 1856.53343851 1901.8736127  1935.608954
 1942.9677903  1953.43173306 1982.9510442  2009.73361236 2054.94082103
 2064.65000365 2070.05889016 2070.56245247 2130.64139908 2149.27760442
 2164.20437521 2185.13386071 2214.54977274 2231.3279275  2304.16483034
 2308.86518965 2311.9631295  2330.08967259 2348.67137841 2360.69160769
 2362.90775517 2370.52085594 2383.66824213 2388.95789634 2416.27959317
 2425.06105049 2447.5979554  2451.54795454 2464.96353841 2532.9466166
 2536.52591895 2537.25307932 2594.69468208 2630.14327523 2637.10174833
 2679.1245179  2705.18299233 2759.34199018 2759.48455561 2796.26463723
 2814.31748096 2820.71582557 2842.08964056 2856.59554832 2858.68976353
 2867.45032103 2868.38914623 2873.8568989  2874.53342638 2931.30436829
 2941.6145457  2948.28575462 2948.73185076 2949.38714509 2953.03201354
 2983.86227999 3032.92278864 3041.74647893 3042.06294286 3060.88814657
 3071.96301737 3075.42868737 3078.03706479 3079.29618722 3079.64038424
 3139.61703173 3145.26738282 3146.30424051 3149.54764577 3157.58100956
 3160.68381604 3183.84634887 3192.60557305 3202.3034891  3208.72700016
 3236.88975638 3238.20301167 3242.46654143 3246.09384337 3248.03912653
 3259.21076316 3261.53004308 3264.06988776 3271.73808805 3295.08648594
 3298.5143896  3298.6149554  3301.62839598 3340.46939309 3348.26102564
 3348.7170217  3353.83907736 3359.3252632  3368.4516842  3372.27031781
 3373.57693984 3381.86166812 3387.94024884 3450.2113098  3454.36350719
 3454.6120717  3455.84022774 3456.31999025 3463.5532943  3471.0743292
 3481.44703941 3504.50023986 3505.29309966 3510.96445057 3515.17961408
 3519.47377691 3522.98411319 3524.10853679 3531.50627275 3540.43752877
 3549.31508526 3551.12273628 3553.35215031 3558.02850983 3559.07820074
 3562.73603575 3570.10973859 3573.48810934 3590.61062779 3591.23788903
 3603.19695217 3603.52701598 3613.39609722 3617.58702761 3617.93515793
 3649.51675121 3649.53305107 3649.73491599 3653.2726187  3668.20312279
 3669.30587991 3678.35050162 3680.7281477  3681.24160993 3683.71148855
 3685.31587466 3691.17822391 3692.52457892 3702.44862635 3702.92982219
 3711.60568042 3722.54875236 3737.26409164 3738.31088258 3740.61322932
 3741.3090233  3760.98478631 3762.31857477 3765.97530978 3767.15869953
 3769.45244635 3773.08978153 3785.43957462 3793.57987082 3798.9353578
 3801.91163204 3804.23364527 3805.19430362 3813.7955625  3822.36348833
 3824.95666588 3844.2589988  3853.88374882 3860.53289126 3862.60937328
 3863.24063449 3869.34784829 3872.33028914 3878.98346488 3881.27554504
 3886.10243659 3889.17690997 3889.25370931 3890.20090111 3897.47577147
 3902.67395981 3904.66127594 3913.68493116 3914.1618937  3930.16108853
 3930.45505266 3931.6942086  3931.95380635 3939.23224335 3944.3437991
 3963.95679599 3969.58808058 3978.5767361  3983.37329458 3992.29875065
 3993.96000294 4001.31057264 4005.23397201 4010.58082573 4020.35324114
 4027.87264271 4030.37132108 4031.22221372 4034.82278255 4035.27037868
 4035.35981123 4036.55843419 4037.16069565 4038.0287548  4041.471325
 4050.44138068 4056.42609554 4066.5592745  4075.42943105 4088.63968336
 4092.21901904 4103.22825708 4112.77337445 4137.31822865 4150.85521147
 4161.71915076 4167.25063621 4169.97534596 4174.69350512 4175.40343231
 4182.0734079  4184.63295241 4187.67085945 4187.82112481 4188.83078274
 4190.08793853 4207.94828392 4213.26613789 4217.66409982 4227.64764673
 4232.39087234 4232.60053719 4240.79266628 4242.25898692 4245.62342446
 4247.5938074  4257.50498828 4281.912177   4289.14658104 4297.30614374
 4298.37763447 4300.63738158 4300.93657899 4307.33152363 4318.64469236
 4321.18443705 4321.2365366  4321.83946471 4322.67742412 4324.6212073
 4329.90269491 4333.68212886 4336.75150229 4340.38507084 4345.30612824
 4349.62089089 4350.16585284 4353.5052906  4355.32504151 4356.81342863
 4356.90009455 4357.33865742 4357.85345296 4358.03548472 4358.70744557
 4365.24112234 4375.56546631 4383.76676198 4385.51708016 4392.97358228
 4394.73496704 4395.54849333 4398.70659932 4403.37612557 4404.11441918
 4408.45168163 4409.65640454 4410.34246527 4410.57546325 4412.42291392
 4423.78811554 4424.3702105  4427.42345074 4427.5361831  4429.05963658
 4435.31094913 4443.91257467 4445.16863047 4451.36637682 4451.5606418
 4455.60747344 4462.36708159 4464.46539676 4466.04048313 4470.56047733
 4477.96281326 4478.81553921 4479.14886966 4481.15565229 4481.62641488
 4484.35139129 4487.32599887 4487.99975971 4489.13781652 4490.09354158
 4490.58820397 4491.75332722 4493.83294255 4496.22788848 4496.4494199
 4497.17381363 4497.86394099 4501.01568037 4503.00899645 4503.24512774
 4514.90069351 4532.54287413 4544.24020621 4547.64447674 4550.93774823
 4555.16104501 4555.51457528 4555.69207374 4556.7677311  4556.90122994
 4558.4460499  4559.33877551 4559.49324084 4562.25678358 4562.78621233
 4564.018035   4569.94228372 4572.85685849 4575.88699893 4592.40902257
 4593.79351059 4599.0137654  4599.58999375 4604.27801983 4605.56600868
 4607.224261   4617.57710471 4622.17653156 4626.22256321 4627.48718559
 4627.59565132 4628.51111006 4640.1365761  4640.417107   4642.25585775
 4642.62775453 4643.19151632 4648.53160343 4652.07687274 4652.12277234
 4654.77421606 4663.67883897 4665.00256085 4665.73408785 4674.16271489
 4677.25892142 4677.86088288 4686.10647817 4695.97722606 4698.85570114
 4702.46896986 4702.68973462 4703.48079444 4706.99816399 4713.44147488
 4714.11256907 4720.0273512  4728.56637729 4731.92938151 4734.83468969
 4736.57650795 4739.16481888 4739.28375118 4739.98431178 4740.95513671
 4752.63510227 4758.16762105 4765.17336041 4767.59140614 4768.80436231
 4775.01194191 4779.77580067 4786.63650795 4795.25380002 4796.69388755
 4797.17718337 4797.26651593 4798.07807557 4798.32134013 4799.01070083
 4800.93038422 4805.87200811 4807.0351647  4814.79959749 4815.0716618
 4816.82074666 4820.72974616 4821.43467339 4821.5681389  4822.12116745
 4824.84631052 4826.93902574 4829.72636828 4830.23709719 4830.45336199
 4838.67069086 4838.69169067 4841.66639826 4843.42561636 4846.19509239
 4848.18780847 4849.7948279  4855.62234412 4858.09232274 4864.71053211
 4865.3981595  4865.71419009 4870.9075118  4873.8731528  4879.5299705
 4880.44822922 4881.16555634 4882.1449812  4882.37657919 4887.43863537
 4891.29246868 4891.6252658  4894.75497204 4899.67982941 4904.07399137
 4908.90558288 4911.23002943 4911.25836251 4912.30258681 4914.36190232
 4916.58121644 4917.09884529 4918.09610333 4920.51978234 4922.78429608
 4925.23657485 4927.93295151 4936.54611028 4937.7336     4944.21971052
 4945.03400348 4946.87332089 4947.14285189 4956.60520331 4958.97004951
 4970.29281816 4974.76511278 4983.61336952 4983.62650274 4985.80521721
 4987.10113933 4987.15980549 4995.32903477 4996.85285492 4998.41554139
 4998.89897054 5001.15818431 5001.30114974 5020.8565138  5020.95877958
 5021.27954347 5026.95282769 5028.74711216 5031.68555339 5033.10867441
 5035.45225412 5035.82388424 5037.53616941 5042.03326382 5048.97777037
 5069.83802313 5073.63705691 5073.7200562  5078.52048131 5079.633905
 5085.30032262 5085.73248555 5085.93391713 5101.86884586 5105.63384661
 5106.19777506 5106.76847012 5108.38865609 5108.79438591 5110.22980682
 5113.20688105 5114.55493605 5114.61256888 5115.34769585 5121.30167765
 5124.92181298 5125.83723839 5128.85761224 5132.61911301 5137.14997379
 5137.29753918 5149.37813461 5158.29432409 5160.01220922 5165.19786433
 5166.53588609 5169.87015722 5170.204321   5176.96509581 5185.78608612
 5186.85071023 5188.90252581 5190.1548483  5191.9764992  5192.2494635
 5192.63389351 5196.83375715 5206.34570815 5213.65344489 5214.7836351
 5214.9884     5216.77288455 5217.00371589 5223.48785976 5225.82437287
 5226.32376854 5233.47583997 5237.70623668 5237.83380224 5241.90076704
 5242.07863216 5244.32641271 5248.41157734 5254.19369396 5257.26450071
 5258.8593869  5262.61905436 5267.40544626 5269.69435978 5272.13713863
 5272.25347096 5279.04867881 5279.99917058 5281.01462845 5284.07683528
 5284.19276761 5286.32114919 5305.78648069 5339.11499219 5340.37774792
 5356.32914318 5356.69953997 5368.21490696 5371.40274603 5372.13190638
 5384.38850028 5386.32871682 5387.22694238 5387.94200286 5388.6074971
 5407.14543663 5415.46516461 5421.11338238 5423.08276534 5427.85532402
 5428.52091826 5428.78618263 5429.26421183 5430.29026961 5430.55120069
 5431.08456274 5431.95292189 5434.67053169 5442.37216503 5445.00294225
 5445.37613902 5445.75826905 5450.45566172 5452.41147812 5455.89344798
 5456.02864681 5462.08312774 5467.10161763 5479.79417442 5485.67189021
 5490.61374743 5491.78243732 5499.13220703 5503.66263448 5504.93199016
 5504.96012325 5515.99936102 5517.05038526 5517.33941609 5524.42912138
 5534.73359885 5535.63365773 5537.15221125 5540.99054469 5541.88673693
 5543.63365514 5545.16684187 5546.12440025 5548.8908763  5554.28069631
 5554.44262824 5555.02822317 5560.12177908 5561.79923123 5562.24499404
 5563.30448487 5567.46834882 5570.0929261  5571.54391354 5572.27027392
 5572.53803827 5572.58360454 5575.60941168 5580.68983437 5580.95056545
 5590.12895266 5590.21405193 5593.70172174 5596.55139707 5598.40898099
 5599.04187551 5599.35347281 5602.67997735 5613.84081407 5618.18334315
 5618.3966413  5627.18879853 5628.31095548 5633.76410828 5633.83707431
 5637.13604576 5637.46897621 5642.91846237 5647.98448518 5650.09740023
 5650.71529488 5665.7070651  5666.57265761 5669.492599   5675.08295061
 5675.31471527 5676.64983705 5682.36265426 5691.15047819 5699.64270468
 5702.45334702 5716.4679257  5716.89245536 5722.21147598 5722.33434159
 5723.06586859 5732.45338733 5743.34035975 5745.62843995 5746.00263671
 5750.56166391 5750.61419679 5752.00681807 5753.0611756  5755.12789105
 5756.56774525 5757.03014125 5759.93144947 5760.14998091 5766.36449378
 5766.61242497 5785.10229825 5805.27769027 5809.04222435 5813.1682553
 5814.48637722 5814.53611013 5823.46003288 5824.19732649 5833.85684288
 5842.06753847 5843.10659614 5852.60211395 5864.74130887 5871.62954924
 5879.32401597 5885.75546029 5893.33489468 5906.84891104 5911.55883693
 5912.31419706 5920.58422547 5923.63793237 5923.8960968  5930.35510756
 5934.35093964 5953.35204182 5954.07946886 5956.14131768 5957.54513886
 5966.28289656 5970.52415984 5975.39481768 5979.04781939 5985.61686253
 5985.88839351 5989.85349252 6005.26952574 6005.94648655 6007.14660949
 6012.96232582 6015.34817183 6024.92168896 6027.81859722 6039.08699968
 6044.12622272 6055.7275223  6056.10361904 6072.66694233 6083.72787992
 6085.8056286  6106.21828523 6116.55426243 6119.1030737  6129.79008119
 6139.19729976 6176.36497802 6176.77070784 6178.37219398 6180.07687922
 6183.09065313 6190.12135894 6192.73160301 6196.15170674 6198.1662893
 6206.57884981 6210.15785217 6214.98524371 6217.34872325 6220.1045994
 6240.97311875 6264.95431116 6269.73293647 6280.6414087  6291.92451103
 6295.57517943 6300.30507182 6300.4082376  6301.38632913 6307.25134503
 6309.81375618 6329.64575117 6342.50263988 6353.65657666 6356.1287886
 6398.90475165 6399.30188154 6436.59859202 6445.59134751 6484.46391102
 6510.70411721 6519.14464415 6522.64021389 6549.92217773 6578.94209319
 6598.99435294 6639.72160039 6674.11350269 6686.94035832 6706.58592159
 6712.67170225 6758.66873742 6781.54990602 6786.24909867 6809.7311954
 6815.67597728 6831.66680552 6834.11598432 6878.13190331 6882.10270227
 6895.58778554 6907.87351252 6909.60409754 7009.78343036]"
582,743199_2024-12-05_E-763,PL,True,"[ 103.67207849  120.11266951  120.11920279  204.89783558  241.74904992
  265.91367408  379.9282538   573.61927715  720.08800927  745.4803228
  947.77087171 1001.45557366 1031.16801646 1200.55658352 1219.85074983
 1233.5284981  1247.88044053 1358.10308641 1434.40099262 1446.2211903
 1459.44380917 1483.17777039 1521.60283777 1532.84010717 1558.90228156
 1562.73844836 1576.90659238 1588.61152439 1598.60413789 1693.22955212
 1693.7359144  1696.53805681 1697.01841932 1702.04190917 1703.90095974
 1717.45234244 1717.46114236 1717.46487566 1719.46505835 1727.87405222
 1748.68517208 1755.80497711 1759.05108235 1765.84869017 1769.60292434
 1796.41059228 1796.89312144 1797.44285001 1797.68438126 1804.74702012
 1818.56930047 1833.76330228 1835.91248368 1841.86176551 1842.70549154
 1843.35165261 1845.15660366 1847.25995211 1848.95563744 1851.17668488
 1852.66563865 1856.35197341 1862.76001794 1862.87125031 1873.04192894
 1885.38005547 1893.08692209 1915.87762481 1937.42803826 1977.48462485
 1979.08744431 1992.58259416 1996.12569682 2039.54822094 2068.33423843
 2068.83616741 2081.7575889  2081.76415551 2082.61221483 2082.76701349
 2091.07084161 2112.04192675 2121.45101196 2123.76762524 2150.0654976
 2152.46377684 2159.33695068 2160.24817612 2161.55259817 2162.86388681
 2165.74956184 2166.36825648 2167.01825085 2167.31721493 2168.4452385
 2168.72563607 2171.94064158 2172.83843381 2174.90334926 2175.30784576
 2178.21842057 2178.707783   2184.83369664 2188.1298681  2189.15065927
 2189.69665454 2194.94787575 2201.81778295 2206.68554081 2206.94827187
 2216.64468794 2217.43471443 2217.95897656 2224.92574959 2227.44259447
 2230.06407178 2230.89443125 2232.99527974 2235.26682674 2235.38425906
 2239.03716077 2242.35579871 2247.59232005 2249.6730687  2252.31004587
 2257.65749958 2257.67969939 2258.68549069 2260.07567865 2260.1087117
 2260.71867309 2261.20683553 2261.42486697 2270.36445626 2272.62803666
 2273.96605841 2273.97092504 2274.22552283 2276.36950427 2280.7756328
 2287.01027883 2301.84355043 2302.01018232 2304.45062786 2315.06340266
 2317.97701077 2318.30057464 2323.57799562 2332.91688145 2333.11487974
 2334.27190305 2338.91896283 2344.1935505  2350.88409259 2352.1381484
 2352.64351069 2352.94084145 2356.37047843 2356.58477657 2356.81144128
 2370.55182234 2371.10838418 2372.47670567 2374.43368873 2378.80648421
 2379.66524345 2383.39201119 2416.90062113 2434.57096817 2441.18124428
 2441.48147501 2452.28131486 2480.29417237 2487.68560839 2490.10862075
 2498.80607879 2499.95513551 2500.79109494 2502.23388245 2503.43333874
 2504.03820017 2505.39088846 2513.63788374 2551.00546027 2560.15874771
 2561.42120344 2564.25021229 2576.79763701 2578.68255402 2588.64270114
 2632.63928696 2634.79946826 2638.59343542 2640.38495324 2645.10137908
 2649.11457768 2655.67768753 2655.68342081 2689.22183049 2723.34113515
 2724.9132882  2725.81988036 2734.12614179 2737.49111266 2738.64136937
 2739.18229802 2740.13092314 2745.36617782 2745.96120601 2751.62872361
 2763.35885541 2782.5209562  2782.96845233 2788.00087543 2788.26187317
 2802.31478486 2803.37847565 2812.6761285  2850.02993849 2858.18930119
 2860.81297848 2861.78777004 2866.59386177 2871.68711768 2873.28607051
 2873.89353192 2874.6816251  2875.86458152 2876.464443   2877.89176398
 2878.23639433 2878.61129108 2879.544583   2879.5603162  2879.63918218
 2881.79853016 2883.10681883 2884.23750904 2884.96946937 2885.27183342
 2885.81636204 2886.94091898 2887.3312156  2892.0669746  2894.86021709
 2898.99174799 2899.31727851 2901.36526078 2901.73352426 2904.14587004
 2909.79715446 2912.28729957 2912.82929488 2914.92984336 2916.03190049
 2916.08253338 2920.90069168 2921.50895308 2921.78641734 2922.08231478
 2922.43131176 2925.16495476 2925.78108276 2926.99293894 2927.85796479
 2928.0331966  2933.28855111 2933.50448257 2935.73759658 2935.82712914
 2936.37502439 2936.51632317 2940.24689088 2944.39225499 2946.74153466
 2947.81962532 2954.55566701 2955.172995   2961.01174446 2961.60160602
 2962.17263441 2964.34131564 2966.3329984  2968.86160984 2969.70813585
 2976.24964589 2976.36177825 2976.51194362 2976.63927585 2976.9726063
 2977.16483797 2977.95836443 2978.52259288 2978.65269176 2978.9749223
 2979.26135315 2981.47813397 2982.16482802 2982.52525823 2984.4849746
 2985.99426154 2986.57172321 2986.7769881  2988.19587581 2988.76393756
 2989.45973154 2990.41005665 2992.21540769 2992.81006921 2993.84889355
 2996.32690543 2997.23579756 2999.9111744  3000.17733877 3000.83333309
 3001.31632891 3002.56725141 3003.5505429  3004.10520477 3004.99576372
 3009.20242731 3010.46001642 3011.46050776 3013.17762623 3017.59245468
 3018.00715109 3018.84124387 3028.04573086 3029.36461945 3031.2911361
 3034.52804142 3035.47079992 3035.67283151 3037.03041975 3037.45371609
 3037.64544776 3038.27537564 3039.01426925 3039.98696083 3040.96875233
 3041.49958107 3041.80107846 3044.69558674 3048.57628648 3048.75595159
 3053.85990741 3059.43812579 3065.56983937 3066.42366532 3078.07876443
 3079.83121592 3081.29263661 3100.97916619 3101.25476381 3101.50459498
 3102.01205725 3112.10553655 3118.96181053 3121.34372325 3122.28478177
 3122.81291053 3123.71096942 3133.55821751 3137.90781319 3140.27415938
 3140.63968955 3141.85271238 3144.91251923 3147.80176088 3149.29404797
 3149.42561349 3151.59449472 3153.23898048 3154.95853226 3155.71589238
 3156.74151683 3158.35916949 3158.98879738 3159.78465716 3160.77468192
 3161.28577749 3161.35331024 3162.59603282 3162.71123182 3165.0278451
 3167.34159174 3175.69948606 3181.16707206 3182.79819128 3183.52095169
 3192.19804324 3193.29006712 3194.63828878 3195.37524907 3196.01377688
 3196.63993812 3210.54671774 3211.68374123 3212.23190316 3214.4797837
 3218.76107997 3219.91646997 3233.50431901 3234.07818071 3235.03357244
 3236.66632498 3241.62628204 3243.11103586 3266.52833315 3271.4089909
 3278.07929983 3293.61746532 3300.14527548 3303.74917762 3312.30530356
 3348.44112409 3349.23588387 3384.42614592 3388.35021195 3398.05509461
 3401.75812922 3404.5216053  3407.22011528 3408.12207413 3408.13237405
 3409.49006229 3412.01687375 3429.15022544 3445.27575252 3487.36748816
 3490.0966312  3491.60718479 3515.75257578 3515.76244237 3518.90038187
 3531.88273616 3531.88826944 3535.20937403 3546.33157775 3546.33694437
 3550.8699718  3552.03442838 3559.54603003 3571.70012482 3573.50934249
 3579.74385519 3581.70177157 3585.45760573 3585.5107386  3601.40480102
 3601.7376648  3614.12542424 3620.63106792 3628.13526963 3631.76560487
 3646.71134216 3647.67156719 3654.36067595 3666.98083337 3684.0748854
 3708.09517747 3750.08881396 3763.46636483 3770.08834084 3791.58498809
 3791.59125471 3807.45208408 3809.46846662 3811.67364753 3821.14066558
 3821.57819513 3822.96288314 3829.81512383 3830.46981816 3830.5534841
 3830.56788398 3830.5731506  3830.78191546 3830.93971409 3836.58216525
 3837.10859403 3840.97179392 3841.79238682 3844.85469364 3845.39905559
 3845.61435373 3848.82032598 3851.06367323 3857.85974773 3858.71840696
 3860.09876168 3864.68118868 3867.21640007 3867.22320001 3868.65522095
 3870.86926845 3874.3910713  3883.64062456 3887.64735655 3888.31868407
 3891.85575345 3892.7013128  3897.36790574 3897.375539   3897.39267219
 3897.90536775 3898.28616445 3911.39738429 3930.00058992 3932.36150282
 3934.9943467  3942.56964779 3948.73222778 3961.21481972 3981.6500095
 3983.11299683 3983.12549672 3997.75727007 3999.67335348 4011.84804809
 4012.95000522 4024.75090307 4026.87161804 4027.77177692 4037.45149313
 4047.56357226 4073.29368287 4073.70924594 4080.58811972 4097.90723647
 4097.91443641 4134.00665732 4152.01353478 4168.49565877 4169.03332078
 4176.91188592 4191.13962942 4230.41658943 4259.93193393 4268.31889467
 4272.33542657 4275.86796265 4300.07518644 4306.2454997  4309.34553953
 4309.72323626 4313.95866626 4315.3979538  4326.81775495 4335.4185805
 4336.64556988 4339.33261328 4355.24617553 4358.21174986 4361.51492127
 4367.0023071  4374.54607513 4380.79492104 4385.03035104 4400.59404965
 4405.69737214 4419.75218381 4420.29891241 4423.39025232 4424.78767356
 4430.58469004 4442.38825454 4444.22617196 4453.13579483 4507.30279261
 4516.48204649 4540.76246964 4580.71259049 4598.39900406 4598.41370393
 4601.77537483 4602.2489374  4605.722074   4613.05677717 4616.76334509
 4619.21149056 4623.92511643 4635.81698016 4638.66382218 4644.24847384
 4653.58452635 4719.30295747 4721.88986841 4774.54724593 4794.09447672
 4796.77542018 4825.3108065  4834.60039276 4835.5508512  4853.69689412
 4883.10247291 4885.79784958 4924.8451449  4948.72613818 4949.16583438
 4949.748496   4989.71525003 4996.30862629 5000.73698796 5032.02251714
 5033.93516725 5064.38603699 5158.88048569 5198.87513948 5201.97747929
 5229.89070433 5257.08620225 5257.09766882 5265.63676157 5345.16323983
 5399.35923736 5402.68710855 5438.17250138 5491.52413955 5505.58198453
 5527.38772911 5551.24515592 5570.07895956 5589.58102407 5594.55191438
 5605.72261768 5609.41328573 5613.18535308 5613.49685038 5614.2845769
 5658.13156401 5668.98050343 5679.08361598 5679.76397676 5682.35315434
 5695.71863865 5697.39465747 5725.79384497 5730.98863334 5778.58538799
 5781.06299988 5795.18704428 5818.1005126  5871.7188818  5884.59517034
 5903.45437375 5959.4237226  5969.67620052 5977.39183373 6026.90970509
 6048.522618   6052.35258484 6055.81482154 6071.8690159  6086.98731837
 6110.14878454 6117.7435188  6121.724951   6132.89682096 6136.55325598
 6138.88913576 6151.48396007 6174.46852777 6177.98419734 6209.29999292
 6213.23319221 6229.69188307 6229.84111511 6232.15799506 6246.24923975
 6256.06098815 6258.9081635  6278.87159069 6323.34553904 6332.14366288
 6339.44973297 6348.12369122 6348.25352343 6365.69290581 6366.93419506
 6372.99354261 6389.62926527 6396.35760703 6401.27766444 6401.90909231
 6418.12858524 6421.83275317 6430.63534364 6441.91374601 6442.81580487
 6443.37056674 6446.39657388 6467.02489531 6470.07673556 6472.7786455
 6496.85967038 6500.60963792 6519.11691105 6531.46437084 6536.03846457
 6538.42421059 6551.0993342  6565.37857726 6603.18148336 6621.43975865
 6624.58456476 6656.96101783 6661.85594213 6665.06344769 6673.32547617
 6677.79500415 6688.81627541 6693.21577066 6693.98559733 6695.89114751
 6702.43945749 6711.26531442 6712.48993715 6739.97563256 6763.51202882
 6765.49151169 6771.86975648 6776.58481566 6777.41670846 6779.7847213
 6782.3105661  6787.60128697 6791.39298748 6798.0402966  6801.08130361
 6803.59551518 6831.90790344 6848.83669023 6877.83827251 6878.39303438
 6886.51189743 6902.55382524 6902.56749178 6926.67421644 6953.42955151
 6963.69619597 6975.05246433 6989.49737262]"
583,743199_2024-12-05_E-765,MOs,True,"[  20.37459954   20.46969872   20.66279705 ... 7023.40001249 7023.41247904
 7023.46857856]"
584,743199_2024-12-05_F-0,PL,True,"[  21.1044282    21.76592551   25.12617848   35.38963664   35.83003484
   52.5460667    63.31578946   90.42581228   95.31892566   95.47902501
  104.15582297  107.36390989  110.80629586  118.42186482  122.2846824
  125.02340457  129.5705527   130.87548071  136.61832397  141.84243601
  159.61976354  161.06215766  166.76123442  175.35143274  178.81378529
  188.41824614  224.39419948  247.24930631  249.12729865  249.30903124
  256.52570182  264.36346987  273.87269777  277.04671817  282.08586429
  288.22423927  291.50095924  301.36031905  303.91704196  314.07460055
  325.94198551  333.47705479  338.12360252  342.70848383  343.42531424
  348.68232614  360.95850943  388.50156381  390.68495491  391.24561929
  406.30272458  418.92570645  422.83685718  427.45473835  429.9206283
  434.99137429  437.58019707  445.85253002  452.20440412  454.27146236
  456.49645329  482.89967899  486.8622295   488.24029055  500.11184216
  511.9983937   513.0448561   519.79749524  522.83428286  523.92184509
  529.72082145  530.36215217  531.49574755  531.51374748  540.7306099
  541.92880502  545.1722918   546.8485183   550.26010439  550.92376835
  560.21473048  566.21700601  574.46473905  577.97022476  583.1780702
  586.72008909  587.73285163  589.23161219  589.53561095  593.60932767
  601.30999628  622.20447777  624.66310108  626.35612751  641.21943359
  649.02716842  650.15279717  650.31856316  651.01406033  660.0480235
  665.93496617  673.4646688   673.5389685   677.4719858   678.65004766
  679.61957705  680.02084208  687.03088017  706.10376908  706.89839917
  708.98755732  724.1047957   724.35586134  728.7900766   743.17485129
  744.49851256  756.35643089  766.28955706  768.70548055  772.85556363
  786.64464075  791.46468777  794.23247648  803.54850517  818.69571009
  825.72041479  829.23593379  832.03162239  848.12292346  855.60575962
  856.05792445  857.4352855   874.38894972  883.08141428  884.18114313
  888.92065715  896.38719337  905.21122407  918.47190334  929.19919295
  937.65105849  940.07084863  940.89624526  941.72167523  949.07671191
  950.12374098  955.48381913  968.67346536  969.40399572  981.01614838
 1044.50485623 1047.14024548 1077.45952188 1087.89004603 1103.45708257
 1113.06184342 1119.17691849 1129.90827474 1129.9347413  1130.06267411
 1132.24613188 1132.4112312  1147.42916998 1147.4320033  1168.17255208
 1173.75372933 1186.11921226 1198.13592994 1198.27409604 1199.14585915
 1203.98023945 1207.1300266  1215.96235727 1226.8783461  1250.00218517
 1270.32143567 1278.02113761 1284.90714287 1299.40388378 1310.10050684
 1317.29034419 1319.5630016  1324.19568271 1353.14583136 1389.04428502
 1415.36121107 1435.05089747 1458.23430296 1464.74454308 1490.28483897
 1536.4172509  1538.49594243 1561.99944662 1567.30572498 1582.72769545
 1586.71344587 1589.96419928 1629.07503984 1632.4874926  1646.46490229
 1658.73021895 1668.20288034 1669.4385753  1700.22361647 1713.65592838
 1723.45348844 1742.59321041 1766.42201327 1772.32602254 1772.60858805
 1772.78002068 1776.53090539 1780.62222205 1784.75727186 1786.60023101
 1787.89159241 1794.85239737 1825.65707179 1840.29331213 1842.42413677
 1846.67038613 1858.48793796 1859.24683486 1859.34540113 1864.55064657
 1880.74194724 1887.95651782 1889.24657923 1889.4508784  1905.52817953
 1906.0404441  1918.05402846 1925.55986453 1970.36948186 1981.94263468
 1988.50640792 1994.19188475 1997.35613851 2009.47502244 2018.55441876
 2036.80594436 2040.92852755 2060.44204801 2074.03922591 2104.10833666
 2120.22800428 2137.95279869 2164.72465622 2171.28369615 2176.19914278
 2187.73892907 2209.87787215 2232.02084855 2253.1215292  2304.11368799
 2382.9529666  2385.72622196 2466.6505254  2539.60829464 2590.62368668
 2629.25956251 2631.92521831 2631.93955158 2632.02388457 2643.32520517
 2708.94887098 2749.20540687 2749.56830539 2750.91773322 2752.93319167
 2753.69458857 2762.96301745 2764.95867598 2772.54571172 2774.27113802
 2777.49215822 2807.40483628 2808.63999791 2841.68226321 2844.83828368
 2848.98456678 2850.56356034 2859.77798945 2871.70527416 2875.78509086
 2892.51958931 2914.61979921 2955.37706639 2990.99015455 3001.84414363
 3010.04644353 3021.42436381 3024.55765104 3034.0373124  3041.4287156
 3043.97703854 3063.69805815 3087.40919482 3103.79879467 3125.92377115
 3140.62261123 3163.95268279 3164.11051548 3175.48906909 3177.89872593
 3184.56149877 3192.30320055 3206.85624122 3216.9511334  3224.66323529
 3229.69614811 3232.51416996 3232.5436365  3238.69097811 3251.11506079
 3255.80107502 3276.00662599 3280.72944007 3297.68993759 3321.86343905
 3325.09702587 3338.53887107 3375.90378542 3381.83556123 3390.81372463
 3426.27031343 3455.45716111 3477.00123995 3520.43182957 3533.36417685
 3602.30436247 3645.7750186  3648.7589731  3669.01652385 3675.32343147
 3714.64823783 3789.38369983 3817.60045147 3857.22018996 3858.5656178
 3887.49986652 3945.8781952  3956.0593537  3983.26920944 3984.16370579
 3984.27223868 3984.95310257 3997.14815286 3998.37114787 3999.85520849
 4000.48490592 4006.14921617 4019.24139613 4025.17393861 4056.26071188
 4073.92213988 4095.05875372 4113.56697827 4115.16690508 4117.58729521
 4126.41645922 4155.83707262 4200.19522512 4207.58522833 4229.07694072
 4237.29340722 4245.80547252 4249.09295912 4252.9980432  4266.69428737
 4301.94434367 4301.96304359 4323.12315733 4356.95291942 4362.63672958
 4376.01344172 4376.29110725 4417.37240645 4441.55570786 4459.87283319
 4469.01179594 4508.65723432 4525.98476368 4527.1903921  4538.29224684
 4564.37467385 4564.39614043 4565.59840219 4577.35055428 4591.62536276
 4592.93335743 4608.95602544 4618.77158543 4620.19587962 4626.80915266
 4630.01720625 4760.4900077  4761.85316881 4786.9095     4796.42729453
 4801.27354144 4801.3088413  4841.46024428 4860.29926749 4969.63652176
 4975.39689828 5122.6977978  5128.52404071 5181.1023597  5203.07827012
 5212.17636636 5214.98635491 5223.38512067 5223.42175385 5224.03688468
 5228.05260164 5234.30717614 5264.37195358 5264.57798608 5264.95835119
 5311.86955995 5320.85685665 5337.03392404 5353.99132157 5372.70371196
 5372.92497772 5392.26226556 5399.33417006 5416.0555019  5432.80936693
 5439.04800817 5441.89989654 5444.49318597 5455.37680827 5458.25909652
 5459.05575994 5462.73867826 5463.29087601 5485.93255037 5490.12456662
 5500.19522556 5500.71105679 5509.43132124 5510.31251765 5523.03799911
 5523.22996499 5536.11497913 5544.569278   5551.23338417 5551.6180826
 5553.42024192 5565.14092747 5568.96857854 5596.36363352 5597.29649639
 5613.49179703 5622.75249261 5623.01349155 5642.90694379 5677.22917054
 5689.32448789 5689.59585345 5702.66553351 5706.49691789 5708.0966447
 5718.19490353 5724.53741101 5724.66387716 5739.53901652 5743.15700177
 5755.99178279 5767.13777068 5788.95131509 5912.25854575 5971.32993828
 5975.10292289 5978.36944291 5987.32793972 5989.01113286 6000.99031736
 6014.77126118 6046.54856497 6049.24895397 6121.40919313 6161.44846324
 6168.24920218 6171.02372421 6190.68794404 6216.09337381 6277.68658939
 6349.30793075 6349.38273044 6353.54661347 6478.16360546 6525.50101248
 6558.66384396 6579.6590917  6582.01258211 6585.46730136 6617.36080468
 6624.00371093 6624.79170772 6703.07302193 6707.71543634 6712.35678408
 6714.7572743  6725.4440974  6734.23176157 6741.55696505 6741.76066422
 6742.06526297 6744.1608211  6747.96613892 6751.26249215 6751.4783246
 6754.53857879 6757.5692331  6759.62445806 6770.00494908 6770.81524577
 6770.98177843 6772.29787306 6789.85753481 6790.93223043 6794.9147142
 6802.17925125 6828.30387808 6877.85217609 6899.25148886 6906.90372433
 6938.98236023 6963.70125946 6984.58227433 7002.42143494]"
585,743199_2024-12-05_F-1,PL,True,"[  20.2390984    20.41583101   20.5257639  ... 7023.05178418 7023.18825029
 7023.48238242]"
586,743199_2024-12-05_F-2,PL,True,"[  25.76644253   27.23213656   27.54206863 ... 6948.55608786 6949.08328571
 6949.58241701]"
587,743199_2024-12-05_F-3,PL,True,"[  22.48105593   22.70495501   27.55683523 ... 6995.89186156 7011.30743205
 7022.98521778]"
588,743199_2024-12-05_F-4,PL,True,"[  26.34120686   39.38002037   67.14184053 ... 7021.48862388 7021.75892278
 7022.04748827]"
589,743199_2024-12-05_F-12,MOs,True,"[  25.45807712   31.21388699  153.24248953 ... 7021.28239139 7021.51265712
 7021.59405678]"
590,743199_2024-12-05_F-13,MOs,True,"[  20.40903104   20.53826385   20.6064969  ... 7023.21605017 7023.32504973
 7023.43571594]"
591,743199_2024-12-05_F-14,MOs,True,"[  20.29109819   20.45453085   21.02986184 ... 7022.57925277 7022.73701879
 7023.41104938]"
592,743199_2024-12-05_F-20,MOs,True,"[  20.45466419   20.55586377   20.64893006 ... 7017.6003064  7020.40799495
 7022.91101808]"
593,743199_2024-12-05_F-23,MOs,True,"[  20.26183164   20.68279659   20.68482992 ... 7022.53161963 7022.73445214
 7023.25705001]"
594,743199_2024-12-05_F-29,MOs,True,"[  20.36279789   21.66542592   22.3653564  ... 7008.25567783 7009.03154133
 7014.84195098]"
595,743199_2024-12-05_F-32,MOs,True,"[  42.04470951   53.07013123   61.12903171 ... 7022.57181947 7022.90548477
 7023.42254933]"
596,743199_2024-12-05_F-35,MOs,True,"[  21.29106078   21.86655843   22.0697576  ... 7023.08865069 7023.21175019
 7023.40924939]"
597,743199_2024-12-05_F-37,MOs,True,"[  26.1172411    35.33193687   36.44279901 ... 7011.16339931 7015.48771501
 7018.00247143]"
598,743199_2024-12-05_F-38,MOs,True,"[  21.54195975   22.05809098   23.09255343 ... 7023.36078292 7023.36924955
 7023.42918264]"
599,743199_2024-12-05_F-39,MOs,True,"[  21.37799376   22.32115658   23.29021929 ... 7023.21265019 7023.32484973
 7023.45491587]"
600,743199_2024-12-05_F-41,MOs,True,"[  20.62419683   20.96942876   21.03096184 ... 7023.08018406 7023.34588298
 7023.5539488 ]"
601,743199_2024-12-05_F-42,MOs,True,"[  22.43168946   22.59578879   24.63728047 ... 7023.0385509  7023.35498294
 7023.50181567]"
602,743199_2024-12-05_F-47,MOs,True,"[  20.95629548   21.1142615    23.61641796 ... 7017.617373   7018.76830164
 7019.81606403]"
603,743199_2024-12-05_F-49,MOs,True,"[  22.18825712   22.62908866   25.84700887 ... 7023.00945101 7023.36318291
 7023.4379826 ]"
604,743199_2024-12-05_F-50,MOs,True,"[  45.92172704  105.51771742  147.14561439 ... 7019.46896545 7020.54842771
 7021.44119074]"
605,743199_2024-12-05_F-56,MOs,True,"[  26.53210608   27.04957064   35.8475681  ... 7017.47604024 7019.33329933
 7020.48989462]"
606,743199_2024-12-05_F-57,MOs,True,"[  33.16647903   34.96893835  760.51691393  784.4740496   788.54569967
  980.47775057  980.5113171  1014.83937716 1109.12725945 1163.19160572
 1198.36749566 1207.74572409 1220.15374018 1265.75398762 1300.90754431
 1393.16450155 1479.25348394 1510.60822278 1556.29653653 1565.73893137
 1566.35382887 1578.48561274 1629.21143929 1691.52028528 1694.50437312
 1696.15626638 1706.59682382 1711.76913607 1759.88760658 1762.19103052
 1794.44819902 1804.82609005 1807.58677879 1808.9002401  1815.02031516
 1874.77283824 1997.3016054  1997.42493823 2062.19370753 2062.23690736
 2064.23466588 2069.84530967 2072.05833398 2080.51783283 2114.13552912
 2121.47186588 2159.20981204 2159.4964442  2159.56434393 2163.86989304
 2175.33694629 2196.66032603 2281.78367902 2283.98890337 2374.70170023
 2390.22250363 2396.68641061 2408.17603044 2656.57998447 2666.45474421
 2680.09298861 2714.20438289 2719.94722614 2720.76292282 2721.64445256
 2722.22338353 2722.82688107 2725.31630426 2727.87072718 2729.72595295
 2735.27923031 2736.38942578 2737.26502221 2755.84501314 2759.48806495
 2764.03347976 2811.58901923 2823.01500598 2823.61763686 2841.70209647
 2904.34730776 2915.82536096 3002.89140603 3020.97306565 3104.85545703
 3109.88766985 3109.93980297 3111.87006177 3113.69965431 3113.97965317
 3115.88801206 3116.11391114 3118.39890182 3119.86339585 3120.61369279
 3120.95785806 3121.36888972 3123.21124887 3123.57191407 3131.47901517
 3135.68983133 3136.39662845 3136.7934935  3137.02325923 3138.11395479
 3143.72086526 3144.74406109 3145.25025903 3145.76415693 3158.62760449
 3159.01050293 3159.6558003  3159.75879988 3160.12639838 3166.67640502
 3167.26916927 3194.68732416 3203.9177532  3250.86559514 3309.5039561
 3355.87703372 3366.20579162 3366.31999115 3366.8316224  3366.88518885
 3367.03775489 3376.49021636 3378.58617448 3379.08333912 3381.50672924
 3382.27439278 3386.24854324 3386.74504122 3387.11977303 3387.47613824
 3387.65133753 3388.15980212 3388.39596782 3388.71406653 3388.88459916
 3392.24485213 3395.77207109 3397.1189656  3398.89729168 3402.54954346
 3404.3045363  3407.71368907 3407.99165461 3408.68368512 3413.63393161
 3462.2861666  3469.14410531 3480.16546038 3485.20017319 3493.53577255
 3496.8512257  3515.86171487 3554.90038905 3556.549649   3559.91303529
 3567.41027139 3572.9261489  3574.49190919 3606.24431308 3621.9062159
 3622.21411464 3622.85694536 3639.67964344 3643.060163   3643.78329338
 3644.39795754 3644.44532402 3644.59812339 3646.04778415 3646.18945024
 3646.24935    3647.62904437 3647.65907758 3649.57863642 3650.28536688
 3651.97292666 3652.01929314 3652.54482433 3653.55522021 3654.01291835
 3657.25360514 3657.74116982 3659.17853062 3711.46071749 3711.53978383
 3711.80384942 3755.76387022 3810.83424572 3850.63931678 3886.76536951
 3927.95676826 3956.71855101 3995.48532631 4035.16566455 4047.44718115
 4056.58551056 4109.44169509 4251.27671688 4251.84368124 4253.85317305
 4254.90540209 4256.48429565 4256.59966185 4257.29345902 4258.08188914
 4260.49027932 4260.55607906 4260.96707738 4261.90410689 4262.09417279
 4268.83484531 4269.22951036 4296.39039964 4484.68503204 4508.98843297
 4510.90352516 4510.97122488 4513.35684849 4515.51023971 4518.37162805
 4523.15410855 4530.0609804  4541.62659991 4578.72254869 4580.74247379
 4617.13169211 4703.06897511 4704.19317053 4704.41853628 4704.92076757
 4705.02196715 4705.16896655 4709.8675474  4709.96388034 4711.80663949
 4712.4272703  4713.67973186 4715.68959033 4716.43778728 4717.94991445
 4718.13771369 4718.21011339 4719.20784266 4719.26517576 4719.94340632
 4720.12987223 4720.82256941 4723.42432547 4748.60695614 4762.31650025
 4773.21148917 4773.89945303 4774.42628422 4775.82021187 4776.88087421
 4777.95606983 4778.94949911 4780.08819447 4780.47962621 4782.73311702
 4783.82351258 4784.95640796 4787.45236445 4788.79492565 4788.95115834
 4792.96947529 4792.9997085  4801.954072   4802.66226911 4804.23099605
 4804.7668272  4813.96285638 4815.53361664 4816.35007998 4816.9428109
 4834.73950502 4837.63775987 4837.92905868 4838.15959107 4842.837172
 4845.1766958  4854.68605703 4857.20474677 4888.08882087 4888.18042049
 4888.47868594 4914.74104555 4941.96750122 4984.34966178 4989.68044005
 4996.57027863 5007.91239906 5030.43914056 5045.41467951 5046.6613411
 5049.60726242 5049.82569486 5051.00729005 5052.27341822 5052.34038461
 5052.46861742 5054.20091036 5059.38968921 5060.55691778 5063.59807205
 5064.20640291 5066.10926182 5076.2536538  5094.06688118 5156.49942667
 5177.51180768 5368.58652874 5370.158589   5390.36057331 5398.63460625
 5403.62381924 5404.74608134 5407.90476846 5436.64311797 5437.77371336
 5452.8418186  5452.98135137 5467.67399147 5468.83802006 5469.76574961
 5474.27563123 5476.29012301 5479.42361024 5499.61382793 5504.71044049
 5550.10288878 5553.10034322 5557.45169215 5565.82185803 5566.31808934
 5566.74905425 5572.92822906 5577.28457797 5583.32282002 5585.76377673
 5601.95881071 5604.14936845 5605.23646402 5642.2095133  5647.42115872
 5681.41118682 5684.69740676 5686.09440106 5699.28591395 5726.34047033
 5726.36703689 5729.6341569  5773.62071092 5790.83824073 5862.41594894
 5863.24497889 5890.15876918 5908.55629418 5928.46687968 5931.43053426
 5931.60726687 5963.90700187 5979.57067135 5984.76778349 6006.34982885
 6011.64767392 6023.33815959 6024.80255362 6042.1173497  6046.74336418
 6046.93889672 6047.32376181 6048.90062205 6049.00905494 6050.94814704
 6062.88246505 6075.50774692 6088.16782864 6088.32779466 6088.42926091
 6088.45236082 6095.73693112 6095.93353032 6118.76163726 6119.46850104
 6121.70349193 6132.67618053 6149.61211149 6149.96894337 6163.84268681
 6235.19932926 6253.80975339 6254.37258443 6272.50187719 6273.20614098
 6273.2437075  6275.16386634 6275.73886399 6288.53321184 6319.83835088
 6329.15861289 6334.32962514 6340.93469822 6358.18406123 6402.32751461
 6402.45551409 6424.01002622 6427.95294348 6456.45149397 6456.79089259
 6551.58893947 6553.28486589 6553.98899635 6554.48826098 6556.75991839
 6557.22224984 6557.52871525 6560.38947026 6560.57943615 6560.70706896
 6562.3163624  6562.78696048 6564.17458816 6564.62735298 6564.867152
 6565.31288352 6565.61974894 6566.19767991 6566.23714642 6568.34277117
 6568.50337051 6568.68056979 6569.53526631 6571.6059912  6576.24250563
 6576.9373028  6582.6451462  6583.43377632 6585.03986977 6585.3663351
 6586.65079653 6586.67066312 6586.68919638 6590.93764573 6592.94450421
 6593.11163686 6593.30883606 6594.77669674 6596.42679002 6599.43677774
 6600.29670757 6600.4869068  6609.18763799 6609.5209033  6612.91178948
 6625.10200645 6625.47373827 6625.64737089 6626.53746727 6627.12886486
 6628.20762712 6633.60030514 6634.02453674 6635.77519627 6640.39184412
 6640.502977   6641.77823847 6644.56639377 6646.43095284 6646.86295107
 6654.53275314 6654.56168636 6654.6094195  6662.58065367 6672.27194749
 6672.54254639 6679.94441622 6680.62848009 6685.51142685 6691.61340198
 6696.40178246 6703.31415428 6703.53438672 6708.87623161 6710.62109116
 6712.15328491 6712.25505116 6712.93491506 6721.17868145 6724.6676339
 6729.49728088 6731.41697305 6738.01214616 6740.25693701 6748.88950182
 6749.30793345 6749.59976559 6758.77299486 6759.55542501 6760.39578825
 6761.58728339 6773.73880052 6773.80720024 6777.57691821 6789.39427003
 6790.31943293 6794.97188063 6795.25814613 6795.40697886 6795.64974453
 6798.56033267 6799.14016364 6801.83728598 6819.29598147 6823.6963302
 6823.77729653 6824.07856197 6824.50692689 6825.02035813 6831.02640032
 6833.76658915 6837.01304258 6844.06098051 6849.30872579 6852.56264586
 6852.89661116 6853.23324312 6855.39473431 6855.55993364 6855.73999957
 6859.95291573 6860.49878017 6861.20644395 6861.58747573 6864.19246511
 6865.20312766 6865.88189156 6867.25815261 6867.70588412 6872.12286612
 6872.96119603 6875.31468644 6875.62868516 6876.25258261 6877.46864432
 6880.10580024 6881.14392934 6881.78196007 6882.69675634 6897.55006246
 6902.76144122 6903.86017007 6912.50856815 6913.06486588 6950.20821446
 6970.37269893 6992.14854349]"
607,743199_2024-12-05_F-58,MOs,True,"[  20.75926295   20.78639617   21.90939159 ... 7022.64681916 7023.16578371
 7023.18941695]"
608,743199_2024-12-05_F-59,MOs,True,"[  20.74679633   20.82259602   21.97732465 ... 7022.30845387 7023.06865077
 7023.38168283]"
609,743199_2024-12-05_F-64,MOs,True,"[  25.1111452    25.16751164   25.17907826 ... 7019.05006716 7019.10600026
 7021.48749055]"
610,743199_2024-12-05_F-70,MOs,True,"[  62.54429261   97.43868369  239.89120297 ... 7020.27872881 7020.54959438
 7021.85628905]"
611,743199_2024-12-05_F-71,MOs,True,"[  20.54079717   20.66629666   20.71326313 ... 7023.40791606 7023.47088247
 7023.50108234]"
612,743199_2024-12-05_F-72,MOs,True,"[ 113.48528494  166.16273686  180.17004643 ... 7020.49412794 7020.72852698
 7020.90309293]"
613,743199_2024-12-05_F-75,MOs,True,"[  32.71081422   34.94660511   41.06724682 ... 7022.37022029 7022.46938655
 7022.7427521 ]"
614,743199_2024-12-05_F-78,MOs,True,"[  22.25175686   25.84847553   27.5723685  ... 7022.29538726 7022.61521929
 7023.08091739]"
615,743199_2024-12-05_F-79,MOs,True,"[  20.30749812   20.43109762   20.50976396 ... 7017.99960477 7022.82505177
 7022.91381807]"
616,743199_2024-12-05_F-80,MOs,True,"[  20.30606479   20.33203135   20.47169745 ... 7023.33754968 7023.38414949
 7023.53751553]"
617,743199_2024-12-05_F-83,MOs,True,"[  28.0139667    28.09419971   29.8463259  ... 7021.79452263 7022.18365438
 7023.40861605]"
618,743199_2024-12-05_F-84,MOs,True,"[ 606.2277429   682.01313395  785.70614457 ... 7017.4354404  7017.68673938
 7019.37063252]"
619,743199_2024-12-05_F-85,MOs,True,"[  24.53704754   24.7850132    24.80001314 ... 7021.58679015 7021.58909014
 7021.75985611]"
620,743199_2024-12-05_F-87,MOs,True,"[  21.36626047   24.12334923   25.01351227 ... 7023.2019169  7023.23098345
 7023.3979161 ]"
621,743199_2024-12-05_F-95,MOs,True,"[  31.06425427   32.36341564  161.01212453  164.04194551  166.43000244
  196.23934759  235.99468552  248.86139973  302.00934974  309.77688474
  322.1496343   322.76809845  326.87231505  333.3517553   350.1796867
  352.89290897  399.93801719  435.61847174  437.18126537  472.91691969
  476.20403962  499.90377634  500.02217586  500.38637437  511.09693071
  516.16724337  530.01128694  546.50621969  547.33151633  549.73343987
  559.31716747  576.16416546  588.25904948  613.57374629  613.75054557
  617.07113203  625.91612931  634.39996139  634.70942679  644.61581974
  644.90805188  646.68757796  674.49469794  684.10262544  686.54964879
  707.57792974  710.62601731  714.37020205  723.77346372  737.05954289
  746.13213923  747.75086597  757.63269235  769.38777776  773.19496224
  778.73870631  790.49415839  800.74401661  802.38174326  818.74470989
  826.28877914  826.73297733  828.81510217  833.78524858  836.44070442
  845.60770038  856.19485722  874.974614    875.60284477  876.85110635
  882.11738488  883.03598113  887.20529747  887.53269614  888.47395897
  893.36600569  898.93808298  918.11853812  932.78541166  938.25328937
  949.76624244  952.28046552  989.22344825 1021.36158391 1031.43747616
 1036.19959008 1048.85980514 1065.62550346 1074.88299905 1075.28279742
 1079.12878175 1081.9364703  1096.4998776  1104.08917999 1105.1104425
 1107.51953268 1110.46578733 1111.26458408 1111.28991731 1112.61717856
 1114.38717135 1128.4055142  1136.79191334 1139.20427018 1140.15863295
 1143.84568459 1146.24460814 1149.00583022 1154.31230859 1155.93236865
 1180.02360377 1198.26746273 1201.76321515 1204.81563604 1206.12246405
 1207.99538974 1213.96849873 1217.65615036 1222.30043143 1226.53988081
 1229.2587364  1240.38765769 1249.81818592 1258.04451905 1265.09399031
 1273.20615724 1273.87242119 1282.98398405 1283.50934857 1292.88411035
 1299.38338386 1299.4634502  1315.87711662 1318.6291054  1318.87167108
 1320.12789929 1327.99466722 1343.18257198 1343.87623581 1355.33485577
 1358.0506447  1360.85193328 1364.90505009 1365.85617954 1367.4039399
 1373.82741372 1374.8689428  1377.81483079 1378.70016052 1379.57579028
 1379.96052205 1384.37963737 1391.81497372 1401.6489003  1442.36930097
 1442.84666569 1443.73999538 1446.01908609 1464.95947554 1467.62433134
 1472.13851294 1473.67464001 1483.73386567 1485.14625991 1486.29195524
 1487.93954853 1489.57010855 1495.87304952 1498.22790659 1498.78140433
 1508.62633086 1509.83662593 1510.54952302 1511.3085866  1519.38712033
 1521.8722102  1543.87418717 1548.56506805 1550.94759167 1564.76570201
 1578.20911387 1584.04899006 1591.06102814 1604.00657537 1604.78600553
 1608.98975506 1613.78206885 1626.46651714 1630.70099988 1637.90077053
 1639.86719585 1651.40791547 1665.11509292 1681.59622574 1684.72897963
 1686.50303907 1701.60401084 1701.68474384 1703.9598679  1715.08602255
 1740.02048757 1760.24210513 1772.3260892  1772.60865472 1776.43613911
 1780.65245526 1785.38880262 1785.64750156 1786.22676587 1790.15364986
 1804.54559119 1807.81417787 1822.79248347 1823.32668129 1832.27054483
 1836.56412733 1842.85406836 1855.28401768 1859.24683486 1859.3436678
 1861.75869129 1877.24442816 1887.95665116 1943.38875852 1947.78287394
 1954.12708141 2029.86377266 2035.42041668 2039.71313251 2040.74212831
 2043.11481864 2066.64522272 2126.27967961 2186.50690076 2198.29075272
 2249.29701146 2253.81395971 2274.83830734 2304.55641952 2305.88954742
 2312.63528659 2315.3471422  2331.63884245 2403.92574777 2410.75741992
 2423.27183557 2492.7183858  2506.58092928 2521.7436008  2537.63940267
 2561.82247075 2565.1543905  2584.2081795  2602.0575734  2603.36873472
 2664.24385322 2705.8122171  2709.04520392 2761.85138865 2786.17178951
 2793.900158   2846.85994211 2848.18907002 2875.59325831 2888.90370405
 2904.91857209 2905.84920163 2924.22892671 2924.76355786 2932.44722654
 2957.6895903  2982.32895652 3004.82329816 3034.11697874 3068.24770627
 3072.74098795 3101.86563589 3167.88436676 3293.22782245 3332.55212881
 3336.06328116 3385.77031186 3493.59000566 3502.83160132 3503.75743088
 3526.64673757 3543.51663546 3614.48581282 3618.28969731 3640.95637157
 3666.30166825 3673.22874001 3702.86548586 3729.39157773 3808.11449014
 3838.44766648 3885.00641002 3893.21847654 3894.20723917 3980.3198548
 3985.39230078 4021.85271882 4062.0206884  4205.96613493 4226.43975147
 4273.1458944  4291.99248424 4303.84420259 4335.34507417 4366.87244565
 4414.65125087 4481.57234473 4496.76604946 4530.87597707 4532.80026923
 4535.45515841 4540.84880309 4540.87636964 4541.67956637 4564.05257516
 4583.11719744 4597.10557375 4648.71549669 4650.49285611 4731.44752609
 4737.99909939 4770.36356745 4800.29037878 4804.07053004 4805.32009161
 4817.44497552 4822.52208815 4841.88384256 4845.18619576 4856.10805124
 4865.89441134 4873.73101273 4911.21845991 4925.91623333 4939.8228433
 4977.16539107 4984.84115978 5037.26121275 5038.34634166 5049.29363037
 5051.37902187 5053.13314805 5059.22565655 5135.5415121  5153.66000491
 5167.29718265 5183.05568508 5185.69147433 5188.34169686 5188.97616094
 5201.48174329 5237.71212893 5277.86789857 5320.00059347 5366.3819044
 5376.16703117 5386.39165616 5415.74856982 5435.39645639 5445.21988301
 5448.45566982 5454.33657918 5481.8038672  5495.89237644 5501.75118589
 5514.32113464 5520.01584476 5556.11463094 5560.2535474  5563.43413443
 5573.24339444 5644.71153643 5657.97668235 5659.38974326 5665.46028518
 5675.10094588 5682.14858381 5683.80131041 5744.6143625  5781.62474496
 5783.85580253 5787.02885626 5816.37273664 5821.01471771 5831.96110642
 5857.12007053 5860.25825773 5880.52520845 5904.62881019 5921.45430826
 5940.59173025 5963.02470547 5965.22372983 5966.59089093 5979.76750388
 5983.13919013 6024.0226568  6032.67672152 6039.67245967 6048.43119063
 6068.41940915 6081.63165529 6093.37307409 6103.82573148 6116.03701503
 6132.51394786 6154.5660913  6156.21481791 6157.11301425 6168.23640224
 6172.59705113 6173.45174764 6201.14470142 6283.81206442 6318.93102125
 6323.49233599 6323.70556845 6332.89886431 6344.40775073 6354.73614195
 6355.64883823 6356.57963444 6362.43347724 6365.00696675 6367.74085561
 6376.25982088 6387.07957677 6401.42421829 6409.90531705 6427.91987695
 6433.09025587 6433.96375231 6439.64596248 6467.6126818  6507.64805193
 6515.06735502 6532.0701857  6548.45775223 6552.3410364  6565.52921597
 6565.93248099 6566.28571289 6577.98506519 6579.19579359 6591.07501183
 6601.501036   6617.35980468 6619.1779306  6637.33922323 6649.23780806
 6655.58758217 6663.28988411 6721.80101225 6727.27808992 6732.6872012
 6740.69880188 6742.1575626  6742.16189591 6742.16342924 6744.16078776
 6745.53304884 6761.68638299 6762.00261503 6768.08642356 6770.01034905
 6771.42744328 6781.11533712 6781.49306891 6784.06749175 6787.42327807
 6790.13216703 6812.16384388 6814.85343291 6825.93098776 6829.92800479
 6835.03941729 6836.39951175 6836.96120946 6839.19676701 6842.22888798
 6844.04251392 6850.06598937 6871.50076865 6878.85730533 6911.14010706
 6931.96065552 6932.98371801 6953.89079945 6961.75866738 6967.44141088
 6970.27129934 6970.65739777 6973.70351868 6975.1376795  6980.16052569
 6984.32837537 6984.50780797 7003.07306562 7006.7259174  7010.25543634
 7021.83288914]"
622,743199_2024-12-05_F-96,MOs,True,"[  20.66149668   20.87982912   21.05126176 ... 7023.3976161  7023.48111576
 7023.50158234]"
623,743199_2024-12-05_F-98,MOs,True,"[  20.41789767   20.49999734   20.71776311 ... 7021.84645576 7023.32601639
 7023.39988276]"
624,743199_2024-12-05_F-99,MOs,True,"[  20.26676495   20.41393102   20.75242964 ... 7020.36992844 7020.4460948
 7021.73225622]"
625,743199_2024-12-05_F-101,MOs,True,"[  20.29586483   20.40026441   20.65883002 ... 7009.32900678 7017.86757198
 7021.8364558 ]"
626,743199_2024-12-05_F-103,MOs,True,"[  22.45608936   26.65293892   33.99800898 ... 7019.56893171 7021.34032449
 7021.9174888 ]"
627,743199_2024-12-05_F-104,MOs,True,"[  20.57299704   22.85488774   24.39614812 ... 7021.53612369 7022.70688558
 7022.85368498]"
628,743199_2024-12-05_F-105,MOs,True,"[  22.27699009   23.71765089   23.77035067 ... 7021.36662438 7022.44458665
 7023.02621761]"
629,743199_2024-12-05_F-108,MOs,True,"[  23.75118408   24.48778108   24.55414748 ... 7022.849385   7023.03128426
 7023.29411652]"
630,743199_2024-12-05_F-109,MOs,True,"[  29.90112568   30.05515838   30.49478992 ... 7020.4371615  7022.1065547
 7023.2507167 ]"
631,743199_2024-12-05_F-110,MOs,True,"[  20.44116424   20.99559532   21.11479483 ... 7021.50839047 7021.59245679
 7022.11855465]"
632,743199_2024-12-05_F-112,MOs,True,"[  21.76425885   21.95732473   24.1886823  ... 7015.25168264 7019.21083317
 7021.32845787]"
633,743199_2024-12-05_F-113,MOs,True,"[  20.54279716   21.92462486   23.4043855  ... 7022.50535307 7023.11781724
 7023.52974889]"
634,743199_2024-12-05_F-116,MOs,True,"[  22.30885663   22.31532327   24.13708251 ... 7018.5318026  7018.53726925
 7019.30529945]"
635,743199_2024-12-05_F-117,MOs,True,"[  20.9420622    21.6940258    21.93959147 ... 7019.59569826 7022.54068626
 7022.88345153]"
636,743199_2024-12-05_F-119,MOs,True,"[  22.27055678   23.03512033   23.36708565 ... 7022.95618457 7022.95901789
 7023.00818435]"
637,743199_2024-12-05_F-121,MOs,True,"[  21.973158     24.5001477    24.72844676 ... 7023.00738436 7023.36521623
 7023.54831548]"
638,743199_2024-12-05_F-125,MOs,True,"[  21.35979383   21.37956042   35.03850473 ... 7013.2653574  7015.01998358
 7018.1732374 ]"
639,743199_2024-12-05_F-131,PL,True,"[  20.29486484   20.53019721   20.64966339 ... 7015.14164976 7016.44747777
 7019.41423234]"
640,743199_2024-12-05_F-133,PL,True,"[  24.57341406   30.77212213   39.27785412 ... 7004.87255828 7005.05862419
 7007.9117459 ]"
641,743199_2024-12-05_F-134,PL,True,"[  20.25009835   20.36123123   20.53556386 ... 7023.01445099 7023.17318368
 7023.35824959]"
642,743199_2024-12-05_F-137,PL,True,"[  20.39029778   20.62213017   20.77686287 ... 7022.40782013 7022.82515177
 7022.95348458]"
643,743199_2024-12-05_F-138,PL,True,"[  32.81094715   33.13791248   34.27660784 ... 7021.23345825 7021.32275789
 7021.45449069]"
644,743199_2024-12-05_F-140,PL,True,"[ 240.7414995   429.91969497 1412.08805774 ... 7019.40879903 7022.33382044
 7022.67325239]"
645,743199_2024-12-05_F-142,PL,True,"[  22.47262263   25.7083761    25.72050939 ... 7021.16912518 7021.29739133
 7023.12595054]"
646,743199_2024-12-05_F-144,MOs,True,"[ 114.61158035  116.99177065  153.24462286 ... 6969.03513771 6981.22595468
 6981.46452038]"
647,743199_2024-12-05_F-145,MOs,True,"[  20.4114977    20.97239541   21.93439149 ... 6965.91101711 6980.87685611
 7006.70698414]"
648,743199_2024-12-05_F-147,MOs,True,"[  28.49986472   29.64026007   30.18619118 ... 7019.48486538 7019.75099763
 7021.68288976]"
649,743199_2024-12-05_F-151,MOs,True,"[  24.98947903   25.12591181   25.26587791 ... 6999.55677996 7004.53222634
 7022.42582006]"
650,743199_2024-12-05_F-152,MOs,True,"[  31.36645304   32.07778347   32.40821546 ... 7021.53405703 7023.42504932
 7023.43954926]"
651,743199_2024-12-05_F-153,MOs,True,"[  20.50119733   21.29826075   21.79039208 ... 7022.91471807 7023.36201624
 7023.5538488 ]"
652,743199_2024-12-05_F-155,MOs,True,"[ 248.52296778  324.9296563   354.34650305 ... 6894.39400866 6946.05893138
 6952.63977122]"
653,743199_2024-12-05_F-156,MOs,True,"[  27.01087079   28.36099862   28.59029769 ... 7021.23349159 7022.30212057
 7022.42712006]"
654,743199_2024-12-05_F-159,MOs,True,"[ 373.93115654  425.77121188  463.19812597 ... 7019.35286592 7019.36479921
 7021.30432463]"
655,743199_2024-12-05_F-163,MOs,True,"[  20.31403143   20.39716442   20.43799759 ... 7023.48104909 7023.50038235
 7023.53544887]"
656,743199_2024-12-05_F-165,MOs,True,"[ 109.41776819  291.16329395  378.60127084 ... 7023.14001715 7023.42508265
 7023.47644911]"
657,743199_2024-12-05_F-168,MOs,True,"[  29.25139499   76.37613622   81.59314828  100.37263839  116.66157199
  131.18654611  137.00748905  153.21555631  160.31919402  183.23566726
  202.17109007  205.25927748  213.99824186  218.50495682  219.90598444
  223.5636362   242.88245744  252.44608512  285.82551571  290.09019833
  313.46236972  320.68420694  332.72699118  332.9440903   340.92039111
  357.48655691  390.00319102  439.79505471  451.62613981  457.41404955
  459.44364128  459.63570716  473.31798472  476.7408041   478.83559556
  502.01083442  519.76522871  522.064886    537.14639118  562.94631934
  569.1532607   576.0238327   578.10915753  579.82055055  581.38294418
  595.43118691  599.76296925  600.04316811  601.82022753  616.46880115
  619.50125546  619.65935481  620.348052    629.91431301  632.25597013
  636.28435371  636.60678572  640.04017173  654.63167891  667.23036088
  669.13335313  677.03215426  677.77901788  687.48401165  693.3600877
  701.86198637  703.32184709  719.26544876  748.98062762  762.93283741
  764.57359739  767.65668482  777.97664275  805.66046323  811.55047255
  825.64208177  831.80262333  854.75122977  861.12087047  906.23791988
  930.08345601  930.85821952  950.27887368  981.81671178  986.4394596
  992.02293684  994.76612566  998.24121149  998.6632431  1008.22437079
 1014.1022135  1026.59289591 1053.40345328 1054.6518482  1057.25190426
 1071.79517831 1081.58220508 1085.46008927 1092.32472795 1098.97280085
 1101.38689101 1110.60282011 1170.40427632 1208.44745457 1227.49697691
 1261.6706376  1262.07313596 1266.09965288 1270.156903   1284.33647853
 1284.62857734 1287.66893161 1287.68489822 1287.69259818 1287.70939812
 1290.02612201 1300.95957743 1301.87220705 1304.26743062 1304.83149498
 1305.27815983 1306.8132869  1317.49334337 1317.66984265 1317.9335749
 1332.67891479 1339.35032093 1341.98557685 1342.11544299 1342.16587612
 1343.52337059 1345.69226174 1348.52251687 1353.02333186 1353.15869797
 1353.59076288 1353.78359543 1353.86879508 1354.0026612  1368.67043474
 1384.23180463 1419.14279565 1419.2369286  1477.64312384 1490.20360596
 1497.51150951 1501.27239418 1536.61411677 1536.72084967 1537.4812799
 1572.61693667 1588.20463979 1588.63680469 1613.82160203 1618.83111494
 1620.11584303 1665.88512312 1668.96531056 1674.65132071 1675.91201558
 1700.03018392 1704.54313219 1716.2909843  1720.43980072 1732.92811648
 1733.1022491  1750.04558003 1783.08177869 1812.84645735 1825.07997415
 1830.96608348 1854.37358806 1879.81531768 1880.00738356 1880.13558304
 1880.62978103 1880.82308024 1880.98714624 1881.13294564 1903.12985597
 1909.76466226 1910.29399343 1922.4854104  1952.2578557  1971.44954413
 1972.58733949 1975.19406219 1978.15805011 1978.33198273 1982.83573104
 1983.98452636 1985.99511816 1988.39110839 2007.12136537 2007.92522876
 2009.74975466 2009.77978787 2013.31294013 2024.04452972 2037.45207506
 2038.02900604 2053.89474136 2071.91760123 2076.23455029 2094.34877645
 2105.94992916 2112.45163598 2112.65030184 2115.17689154 2119.08247562
 2125.1064844  2127.62460746 2128.0991722  2137.32336793 2137.9677653
 2154.22703235 2156.65565578 2157.337553   2159.22417865 2159.2442119
 2159.28741172 2159.32074492 2159.36111142 2159.41707786 2159.49424421
 2159.52411076 2159.54874399 2159.58994382 2159.64994358 2159.70181003
 2159.77870972 2159.80030963 2159.8490761  2159.88084264 2159.94174239
 2159.97764224 2160.00314214 2160.0684752  2160.10137507 2160.12927496
 2160.14954154 2160.20397465 2160.23564119 2160.26977438 2160.31434087
 2160.34497408 2160.39870719 2160.43454038 2160.54687325 2160.57467314
 2160.74610578 2164.84768905 2180.84015719 2194.78940033 2205.64572274
 2234.39383888 2238.18779008 2249.48877734 2249.62757678 2252.11893329
 2252.38966552 2290.70510932 2290.99620813 2295.79505524 2297.03038353
 2300.45796956 2333.79503366 2336.74198831 2366.7874325  2403.46688297
 2418.61765454 2429.05437866 2435.36011962 2472.23530263 2497.63656575
 2521.18416975 2539.6345612  2565.29035662 2596.51546266 2600.38701354
 2605.92029098 2657.16828207 2698.967245   2706.18271559 2747.71881293
 2764.41124488 2767.44453252 2779.16608473 2791.93703267 2804.66954743
 2850.36516115 2857.02186735 2857.70659789 2883.98599076 2904.2217416
 2928.39300973 2948.14262922 2964.13769735 2972.29836408 2989.84129257
 2992.61458126 3021.51776343 3036.65243507 3052.97213521 3054.0361642
 3062.48549643 3073.81175025 3086.10563347 3113.09705677 3113.94285332
 3133.0661087  3136.31392879 3145.16369271 3150.56703735 3150.7117701
 3182.01340916 3191.94040202 3206.13507749 3213.11484904 3213.16711549
 3213.23611521 3220.89341733 3231.12364229 3231.36570797 3272.56570668
 3274.4743989  3275.12822957 3281.65866961 3284.61622422 3285.68491987
 3287.49564582 3298.22256876 3320.42981156 3320.9999759  3376.170051
 3383.67828706 3420.92440189 3421.73469858 3428.84150294 3476.23047643
 3507.37794945 3658.09226838 3681.7917051  3705.32140918 3708.40246329
 3734.72232266 3764.33140196 3775.73332214 3805.29733496 3858.40121847
 3872.18322896 3873.48545698 3873.5536567  3873.55982335 3873.57328996
 3873.61638978 3873.62782307 3873.63835636 3873.67672287 3873.68388951
 3877.3073414  3883.95981428 3909.28464438 3932.51478301 3941.46304653
 3968.40087005 4003.95482511 4012.5600567  4013.25312054 4047.58731391
 4067.31286683 4070.53672035 4089.87017487 4097.41321079 4100.24283259
 4116.43933323 4117.96546034 4128.35671798 4150.02012966 4151.41762397
 4151.64775636 4152.16708758 4152.32408694 4158.27302935 4159.94272255
 4176.37552222 4181.65800069 4188.99310412 4212.65764098 4216.9796567
 4216.9945233  4217.05122307 4217.08615626 4224.82759137 4236.66677644
 4243.5461484  4285.35827795 4297.3727623  4308.25145129 4309.69964538
 4311.16450608 4315.8212871  4339.25752489 4340.60271941 4340.81581854
 4340.97035124 4371.30339425 4381.84735127 4385.73490209 4388.65799017
 4401.85523637 4411.23909812 4415.55751385 4452.50149657 4453.48455923
 4484.65106551 4485.20719658 4507.07850742 4592.38132634 4623.2511005
 4646.19307364 4646.42350603 4649.23669457 4659.88825114 4662.70843965
 4662.73413954 4662.78167268 4856.80921505 4943.64802771 4943.69979416
 4943.72502739 4943.7638939  4987.55704871 4989.72337321 5022.36560681
 5052.94284882 5073.15993307 5102.80024558 5105.57560093 5105.85689978
 5106.10436544 5106.23983155 5106.60356341 5198.59772172 5198.61285499
 5213.77719317 5230.71065747 5258.19541209 5266.24687927 5330.3531846
 5344.39866068 5345.06162464 5356.16151273 5366.15617198 5379.3748181
 5393.65375989 5409.0404305  5419.9313861  5469.20888521 5478.99457866
 5491.44159458 5491.44686123 5491.45756118 5491.56062743 5491.69722687
 5491.73326006 5491.99282567 5585.28534535 5620.37116899 5646.32569652
 5646.74959479 5667.70897601 5677.29227028 5810.96592535 5840.53030482
 5887.52171326 5893.20955674 5943.55251818 5945.5985765  5949.70742642
 5964.98849746 5988.80433371 6040.6144225  6064.34855908 6072.75975812
 6080.69329245 6080.90472492 6082.48548514 6082.80961715 6151.72290289
 6160.8292991  6161.02059832 6161.83736166 6197.38168342 6197.46011644
 6216.06790725 6216.34527278 6224.02510814 6236.69032318 6251.12386434
 6257.80847042 6257.89210341 6269.30319023 6288.43797889 6301.30162645
 6301.68235823 6301.85259087 6306.48420532 6339.55320385 6340.09046833
 6346.60644176 6353.91611196 6355.13434033 6355.81120424 6356.11363634
 6356.25850241 6356.50756807 6356.69926728 6365.96952949 6384.93508551
 6388.85786952 6390.64089559 6392.36952187 6394.2601475  6394.37768035
 6394.99541117 6397.3667015  6404.4733392  6408.9776875  6409.590485
 6410.17468262 6410.31024873 6410.60271421 6416.133525   6423.3435956
 6423.40509535 6424.88668931 6429.77396939 6444.74717502 6465.43322402
 6466.8682515  6484.34558026 6493.22077741 6493.83080826 6505.8652592
 6506.75712223 6507.00392122 6507.16725389 6507.44508609 6525.89424421
 6525.9712439  6526.22007622 6536.04950281 6537.05376539 6537.5909632
 6537.71842934 6537.88036202 6538.17509415 6538.29932698 6555.04839203
 6567.93467283 6628.94225746 6663.41145028 6671.37888447 6671.51895056
 6685.73785926 6685.77399245 6685.98332493 6686.88248793 6693.1852289
 6693.23759536 6693.27259522 6693.38306143 6693.51016091 6693.70319346
 6694.68122281 6694.92125516 6695.58498579 6702.14635904 6706.94983946
 6708.67569909 6708.72069891 6719.45685514 6719.60125455 6719.63828773
 6720.31795163 6720.49115092 6722.01647804 6722.16917742 6722.35227667
 6722.40980977 6722.74120842 6722.8200081  6723.01840729 6723.2282731
 6741.53313181 6741.5931649  6741.62186478 6741.72383103 6741.80709736
 6743.85495568 6743.96818855 6752.7041196  6758.75396161 6760.9960858
 6761.07115216 6761.08401878 6761.18758502 6761.76628266 6762.5266129
 6762.74504534 6769.1728858  6769.35918504 6772.49233894 6772.67247153
 6772.9436371  6773.2622358  6773.33950215 6773.41566851 6773.55330128
 6779.28611124 6782.23773254 6784.4065237  6784.4300236  6784.6191895
 6786.31181593 6816.43339314 6833.11839179 6836.7062105  6842.01198887
 6842.12332175 6842.20725474 6842.29208772 6842.63145301 6843.83381477
 6844.43417899 6845.49974131 6845.57147436 6846.50103723 6846.51887049
 6846.54470372 6846.8595691  6846.90803557 6846.99750188 6847.04750167
 6847.05400165 6847.06206828 6847.13330132 6847.18156779 6847.22493428
 6847.38293364 6847.58629948 6847.65859918 6849.39412544 6850.34732155
 6850.47622103 6850.67375356 6853.17674335 6854.03647318 6854.64810402
 6856.01643178 6856.40876351 6857.20699359 6857.63979182 6858.59725459
 6858.82472033 6858.83562028 6858.84538691 6859.01488622 6860.42761379
 6861.74904174 6863.0106366  6863.35280187 6863.41486828 6863.78466677
 6863.90983293 6863.93466616 6864.25483152 6864.3501978  6865.37222697
 6865.42482676 6867.16975298 6867.93858317 6868.25958187 6868.54194738
 6868.79454635 6868.95871235 6868.98411225 6869.0194121  6870.33280675
 6870.44817294 6870.53603925 6870.62913887 6871.18650327 6871.37336917
 6872.06549968 6872.20583245 6872.27533216 6872.41566492 6872.49179795
 6872.50559789 6872.5694643  6872.68829715 6872.87712971 6872.94979608
 6873.04866234 6873.35862775 6873.37652767 6873.54492699 6873.72712624
 6873.76475942 6873.93195874 6873.93835872 6874.2617574  6874.39325686
 6874.50985639 6884.1876836  6899.20652237 6899.76165344 6900.00045247
 6900.11761866 6900.31925117 6900.45738394 6900.71231624 6900.99354842
 6901.19898092 6911.21454009 6911.32853962 6911.39057271 6911.44310582
 6911.52243883 6911.60260517 6911.76477118 6912.00333687 6912.56196793
 6912.63240098 6912.6672675  6912.72180061 6912.78673368 6912.83286683
 6912.95123301 6913.01576608 6913.2320652  6913.40083118 6913.60649701
 6913.77669631 6913.9685622  6914.10229498 6936.87780214 6938.87719399
 6939.13935959 6939.28079234 6939.34675874 6940.80915278 6940.95945217
 6941.15911802 6941.3349173  6941.71571575 6948.22538921 6949.06975244
 6949.22835179 6949.37431786 6949.67954995 6953.61883389 6954.96046176
 6956.53398867 6957.15548614 6958.45871416 6958.74877965 6958.88394576
 6959.07594498 6959.12881143 6959.24707761 6959.3560105  6959.4625434
 6959.55520969 6959.66954256 6959.89434164 6960.07807423 6960.16184055
 6960.27380676 6960.39047295 6960.49550586 6960.55587228 6960.70413834
 6960.83997112 6960.92583744 6961.01887039 6961.11243668 6961.3263358
 6961.40513548 6961.46973522 6961.7109009  6961.85506698 6961.97069984
 6962.1275992  6962.95742916 6963.10816187 6963.45432713 6963.50152694
 6963.72662602 6963.89462533 6963.95019177 6964.12869105 6964.19385745
 6964.27439045 6964.38269001 6964.46928966 6964.56538927 6964.81498825
 6964.99702084 6965.09178712 6965.16622015 6965.29121964 6965.42228577
 6965.54198529 6966.17858269 6966.42121503 6966.48024813 6966.94597956
 6967.15384538 6967.412111   6967.52304388 6968.01790853 6968.13610804
 6968.25067424 6968.38244037 6968.49523991 6968.54393971 6968.5638063
 6969.30286995 6970.72949747 6970.82919707 6971.03126291 6972.00769226
 6972.65678962 6973.33548685 6974.49704878 6975.05287985 6980.17295897
 6980.31735839 6982.44361638 6984.20950919 6992.81504077 6993.11537288
 6993.23313907 6993.37813848 6993.51503792 6993.67760392 6993.7654369
 6995.88066161 6996.4218594  6997.49058838 6998.04915277 7011.57143098
 7017.6009064  7018.26080371 7022.08952143]"
658,743199_2024-12-05_F-169,MOs,True,"[  20.26616496   20.8511959    21.072095   ... 7010.63206814 7017.52970669
 7022.24242081]"
659,743199_2024-12-05_F-171,MOs,True,"[  20.4915307    20.96006213   21.28259415 ... 7019.34213263 7019.65976467
 7020.6265274 ]"
660,743199_2024-12-05_F-177,MOs,True,"[  23.85818365   24.68541361   32.38528222 ... 7018.28117029 7018.54456922
 7018.90423442]"
661,743199_2024-12-05_F-180,MOs,True,"[  25.54287678   33.1653457    33.79144315 ... 7019.08810033 7021.50282382
 7022.86085162]"
662,743199_2024-12-05_F-181,MOs,True,"[  33.53694419   40.36404969   45.08293045 ... 7009.27684033 7009.91680439
 7011.68286386]"
663,743199_2024-12-05_F-183,MOs,True,"[  24.84277963   25.31751103   31.47941924 ... 7021.95728864 7022.95555123
 7023.42358266]"
664,743199_2024-12-05_F-198,MOs,True,"[  35.41000322   50.02707697   55.46798812  110.9843618   116.21587381
  119.35396102  149.14247291  168.64442675  169.16489129  171.79751389
  188.38777959  194.24232239  196.62334602  199.01806959  199.85119953
  225.71202744  230.51070788  233.86729419  234.65565765  238.76090758
  245.33778077  258.60486001  259.16089108  260.50925225  261.38871533
  265.01690054  280.70786991  283.24339291  283.64699126  287.87794068
  288.02784007  293.9720825   294.1930816   317.55681969  328.62634123
  329.98933568  334.51351723  335.21681437  336.0842775   342.11728624
  349.61928899  352.09141224  356.48646099  360.82440997  362.03243838
  363.54769887  374.62582038  382.50485493  382.84932019  392.57528054
  398.09839136  398.54562287  419.60550368  426.48844229  437.2211652
  437.30229821  439.63495536  469.22793472  469.58986658  476.78330392
  477.08236937  477.93373257  486.55649742  501.34653712  504.11929249
  504.92272255  506.07541785  523.47461358  524.1401442   524.31034351
  524.48730946  529.43778927  534.08830365  543.59609822  543.99122995
  556.83111094  573.91957461  588.94501335  609.58316256  609.8901613
  624.97366648  631.69293909  634.26799526  635.65292295  638.05131317
  642.49026174  665.03280318  665.60810083  668.43245598  675.53239371
  675.7394262   675.76385943  676.26859071  678.95381309  689.43717036
  691.10266357  692.23635895  703.28898056  703.78557853  704.27980985
  746.56553747  758.36875602  759.2969189   763.43793535  768.24201577
  768.68264731  777.04161323  780.94769731  798.67472504  804.7201004
  806.87482495  807.74315474  831.86522307  833.90701475  839.88992369
  840.11102279  840.94545272  846.51239669  853.14620298  853.95116637
  854.36229803  854.57606382  855.023662    855.58669303  858.47688125
  860.99687098  861.20077015  863.89645916  878.78999844  883.0113479
  884.88414027  886.51253363  888.82789086  905.89298796  907.30251554
  907.3787819   909.83033857  910.49393587  922.49335362  931.10225186
  936.25923083  939.1786856   940.45484706  951.87866716  958.18304146
  966.42607452  966.99047222  972.07398483  972.66258243  974.38407541
  982.7353747   986.3495933   987.53892179  992.69230078  994.65442611
  999.53320622 1002.8825259  1004.28552018 1005.04088377 1013.07465102
 1015.48140788 1022.44954614 1025.92236531 1033.21390226 1042.66429706
 1058.89506423 1067.21929696 1072.55227522 1085.54515559 1086.507585
 1099.68503128 1101.04989238 1101.56775694 1107.2427338  1124.42276377
 1124.69866264 1135.2322197  1152.81911467 1153.86554374 1155.08407211
 1168.86948258 1169.20434788 1176.60065106 1179.64043867 1180.55403494
 1180.77000073 1181.26283205 1187.88733838 1187.95893809 1194.96524286
 1196.59636955 1197.23393361 1202.92304375 1216.50708838 1221.26906897
 1224.10739073 1231.04202913 1240.8124893  1251.32124646 1253.01140623
 1269.76140462 1270.91659991 1271.68749676 1272.27792769 1272.93629167
 1277.24060746 1281.34625739 1284.41774487 1286.29680387 1287.15080039
 1287.82979763 1290.45358693 1291.13688414 1291.86194785 1300.6078122
 1300.9444775  1301.38677569 1303.09670206 1303.41386743 1315.3601854
 1319.37876901 1323.04845405 1328.09386682 1329.53502761 1332.80548094
 1348.61581649 1367.01834147 1385.72566521 1388.20388844 1391.73434072
 1391.87667347 1392.05460608 1392.91876922 1393.64183294 1405.93041618
 1406.98441188 1473.15557546 1478.55682011 1482.37267122 1489.84880741
 1490.25620575 1524.54653263 1593.72295063 1633.09045681 1645.99230421
 1655.39013257 1683.20831916 1689.16202823 1694.08627482 1728.87239968
 1729.56549685 1759.53167469 1778.66123004 1779.12752814 1787.35119462
 1811.85956137 1813.52398792 1843.46096588 1850.2912047  1850.53623704
 1880.70288073 1883.82226801 1897.04138079 1914.18304424 1917.40439778
 1920.8976502  1929.65181452 1933.96866359 1935.95358883 1952.45825488
 1975.47826104 1987.09514701 2001.21365612 2008.62972589 2009.26445664
 2021.59223971 2040.03946451 2044.01011499 2066.47352342 2094.17981047
 2094.97484056 2110.93244218 2114.9751257  2165.08475475 2172.33102521
 2195.47076422 2200.30781117 2214.08672166 2216.45994532 2218.05530548
 2245.49669362 2245.65029299 2252.15449981 2281.73707921 2298.73070994
 2300.55256918 2309.75269834 2319.35059254 2322.27081397 2328.07965696
 2329.71551696 2334.2110653  2355.10934677 2371.38798041 2372.58840885
 2409.52792493 2418.90735336 2432.80966335 2435.83805101 2448.8481313
 2465.19773132 2468.16231923 2485.58224822 2519.17841126 2519.79750874
 2523.07616204 2526.48898146 2590.06622228 2598.14278936 2598.65022062
 2653.82159571 2669.41116549 2682.18598008 2690.46874632 2747.18844843
 2766.02403831 2766.83650166 2809.28709528 2850.91535891 2857.49316543
 2866.26006302 2881.04330276 2916.78145707 2927.54594652 2929.15447329
 3030.0954618  3091.95664295 3248.48373819 3260.56005562 3290.87416538
 3323.32129977 3332.56542875 3357.49722712 3369.82911018 3370.12187565
 3375.31418782 3389.84376192 3391.64092126 3397.51616398 3411.38004079
 3413.69736468 3423.42769168 3424.58388697 3424.80105275 3435.65984181
 3439.35749341 3501.03424198 3508.5101115  3522.11318938 3522.7951866
 3523.03918561 3524.4722131  3532.75401267 3550.2682746  3565.38237966
 3569.18003084 3586.00989557 3604.16468822 3604.21568802 3607.95693943
 3616.5582377  3623.57367577 3624.13130683 3631.14784489 3655.67817822
 3655.75591124 3668.79649141 3681.82047165 3683.01443345 3685.59258961
 3716.70956276 3720.87584577 3725.78939241 3734.82335558 3743.73571925
 3746.90773965 3762.3986765  3774.49709385 3787.93967238 3814.54583059
 3818.64098056 3845.4587379  3855.87069546 3874.30862029 3878.67100251
 3888.30119658 3902.06394048 3909.03931204 3929.75479426 3930.2941254
 3952.95949967 4016.46420745 4018.29783331 4034.93666548 4048.8085756
 4085.5538258  4100.66419754 4164.31063808 4179.12504435 4180.63507153
 4181.69620053 4191.8203926  4202.8572476  4219.79904521 4268.94101154
 4290.01769229 4467.00963743 4501.33353084 4537.73911576 4544.57098791
 4578.95608107 4621.98523899 4622.14287168 4627.68714908 4632.32219685
 4651.12155355 4656.70876411 4657.99582553 4736.75717112 4740.91712082
 4821.91449063 4845.63756059 4860.89073174 4926.00493296 4931.10771216
 4967.88919555 4977.55698947 4985.30112457 4989.63107359 4997.56927456
 5007.55750051 5017.20099453 5017.4531935  5018.6625219  5018.93098748
 5073.84849693 5075.35782411 5100.29752245 5140.97335663 5149.45758871
 5164.54756052 5180.73339454 5192.17671456 5236.12896872 5278.39296309
 5287.41302632 5309.82580162 5357.96710537 5453.55678235 5471.27671012
 5471.38404301 5472.83963708 5527.07674931 5545.71497333 5654.04333172
 5706.02321982 5712.61369295 5742.90586947 5786.98162312 5880.56800827
 5951.30635324 5984.61288413 6016.08092251 6017.16515142 6018.01344797
 6053.0664384  6114.3859551  6115.36758443 6202.36862976 6218.70226317
 6228.26512419 6366.02872925 6371.0054423  6381.08866786 6433.64428695
 6443.85451199 6542.64220927 6558.10294625 6590.43828109 6647.58454813
 6695.19508738 6707.00930588 6715.30207208 6830.10630407 6906.76995821
 6914.63705947 6919.18997424 6930.08356317 6962.8967294  6980.33702497
 6988.14352648 7004.90289149]"
665,743199_2024-12-05_F-205,MOs,True,"[  29.32096138   30.23459099   33.69507688 ... 7021.35582442 7022.68155235
 7023.4966157 ]"
666,743199_2024-12-05_F-206,MOs,True,"[ 434.32377701  566.8148369   630.22741173 ... 6988.02449363 6998.20605213
 6999.29074771]"
667,743199_2024-12-05_F-207,MOs,True,"[  20.98432869   22.54778899   22.55885561 ... 7022.12648795 7022.77831862
 7022.88938484]"
668,743199_2024-12-05_F-211,MOs,True,"[  20.36889787   22.81685456   23.41868544 ... 7021.542157   7021.65315654
 7022.97005118]"
669,743199_2024-12-05_F-220,MOs,True,"[  22.12595737   22.50135584   22.89505424 ... 7021.98268853 7022.06265487
 7022.14535454]"
670,743199_2024-12-05_F-222,MOs,True,"[ 402.6332062   498.26278303  662.65777953 ... 7020.00422993 7022.04345495
 7023.25921666]"
671,743199_2024-12-05_F-223,MOs,True,"[  23.35301904   26.68720545   26.76907178 ... 7021.61932335 7021.71592295
 7023.21121686]"
672,743199_2024-12-05_F-224,MOs,True,"[  29.25529498   29.54842712   34.27717451 ... 7021.33305785 7021.58719015
 7022.2032543 ]"
673,743199_2024-12-05_F-225,MOs,True,"[ 135.80386062  148.18864347  156.3249103  ... 7020.33989523 7020.46889471
 7021.83382247]"
674,743199_2024-12-05_F-227,MOs,True,"[  21.17002794   21.34559389   24.20578223 ... 7022.86238495 7022.88781818
 7022.99528441]"
675,743199_2024-12-05_F-229,MOs,True,"[  26.059608     26.17190755   30.52338981 ... 7022.05925489 7022.10468804
 7022.34468706]"
676,743199_2024-12-05_F-231,MOs,True,"[  20.33899799   21.05199509   35.82126821 ... 7023.00438437 7023.05645082
 7023.36618289]"
677,743199_2024-12-05_F-234,MOs,True,"[  83.58514016  103.40149271  118.77846336 ... 7018.93930094 7019.59066495
 7022.39312019]"
678,743199_2024-12-05_F-239,PL,True,"[  20.51503061   22.22432364   24.17648235 ... 7021.92098879 7022.18592104
 7023.12041723]"
679,743199_2024-12-05_F-243,MOs,True,"[  21.12382813   21.97715798   22.21235702 ... 7023.20338356 7023.33061637
 7023.50634899]"
680,743199_2024-12-05_F-244,MOs,True,"[  41.70067758   50.3872755    55.3008888   106.40868045  119.60629332
  131.85904337  134.68996516  233.39789611  237.2424471   263.33464073
  273.163434    300.15489063  387.13326939  387.31786864  500.40007432
  531.66881351  532.37031065  532.67657607  536.19956171  537.02779167
  555.91788133  556.36347951  556.54401211  556.55307874  567.0866358
  592.65259824  617.43039723  630.73247634  639.30047474  641.95716391
  660.73238737  674.11483282  677.34755297  695.60954519  700.12399346
  711.74117943  721.10874124  735.47401602  742.03872259  751.26788497
  761.14327804  761.58464291  801.0639153   847.62605882  848.11485683
  942.10694033  942.32357278  955.99381705  987.48508867 1036.41115589
 1075.6719625  1095.16841636 1127.85041646 1198.51059508 1222.57136366
 1320.27663202 1320.45346463 1334.13330887 1337.38339562 1340.71658203
 1378.93872621 1473.06067585 1498.92433708 1570.03928051 1618.4402832
 1687.90070004 1692.49351465 1694.37340698 1697.91192589 1804.93822292
 1908.63953351 2065.29609489 2066.96232143 2209.00430905 2216.59974475
 2217.35797499 2253.01012965 2253.11726255 2361.32642143 2432.64829734
 2455.49293755 2465.47493019 2495.53800763 2504.6950703  2510.9931113
 2537.5839029  2553.37193854 2754.10515356 2759.88519667 2955.56606562
 2980.04353251 3006.23325908 3028.49120167 3067.51857591 3106.01391898
 3115.19368156 3117.34093947 3123.29928185 3168.28826511 3199.91880283
 3284.77019026 3310.04905388 3310.64421812 3351.91114989 3367.83171832
 3379.61380362 3380.42660031 3407.55248973 3524.29431382 3524.51111294
 3527.30400155 3528.16833136 3530.01709049 3651.2773295  3759.12165653
 3762.52347599 3772.29756948 3777.86671345 3784.94031794 3789.15546743
 3820.92627124 3839.10999712 3845.56643746 3848.48819222 3860.12554478
 3862.63683454 3862.72783417 3868.33147799 3868.8284093  3880.94522657
 3893.40217579 3912.484598   3937.47406279 3945.47069686 3949.93407867
 3952.32600225 3953.4406977  3956.86781707 3978.00999755 3979.64495755
 3979.66925745 4052.97582527 4057.78677233 4156.50840321 4166.27283008
 4187.47024366 4199.77766016 4242.71818511 4249.03635935 4251.43178292
 4252.72077766 4254.73556945 4255.33823366 4270.10540679 4295.1170715
 4303.61017021 4311.14577282 4345.71886522 4370.96616229 4421.04699147
 4428.70979356 4430.28902046 4433.09914234 4433.96517214 4443.85363183
 4448.87074471 4450.10303969 4450.60050432 4502.91785771 4510.71795925
 4517.11203318 4519.46872358 4555.11904491 4568.5307569  4569.3824201
 4578.57958261 4617.44042419 4617.64855667 4622.78183575 4627.30061732
 4637.95904054 4649.8325588  4651.59078497 4654.21327428 4669.55344508
 4669.82201065 4674.08332661 4674.9774563  4676.68948265 4686.10787759
 4695.02664123 4695.22897374 4695.45067284 4698.07492881 4705.45469872
 4707.51142367 4707.89315545 4708.62788579 4710.36441204 4714.76326078
 4717.83351493 4741.00308714 4750.26068273 4750.63488121 4763.30079624
 4763.89432716 4765.98801862 4766.93008145 4773.90235302 4776.29767659
 4779.93066178 4781.88178716 4782.15455272 4789.84598803 4791.04881646
 4793.19824103 4793.59903939 4794.44540261 4794.72126815 4797.72515591
 4801.41980751 4802.90480146 4803.12076725 4811.69939894 4811.85403164
 4817.10237691 4823.6309503  4830.45555581 4848.15178367 4853.06766363
 4858.782707   4873.86014554 4874.93400783 4879.59802215 4882.99217498
 4910.70179535 4910.7385952  4953.4373878  4963.39958052 4965.86120382
 5011.82258312 5014.3708394  5018.77852143 5019.29505266 5020.03414965
 5020.47461452 5026.63592273 5031.96926766 5041.79269428 5049.36073009
 5055.3124725  5055.55770483 5058.70872532 5064.38436885 5064.44286861
 5067.74915513 5072.29013662 5085.41658311 5087.03900983 5087.74624028
 5089.98293116 5092.23435532 5092.53748741 5094.29094693 5097.87396566
 5100.61275449 5101.35271814 5103.87300787 5105.83039989 5109.3031524
 5110.67414681 5111.6490095  5113.81956732 5114.27786545 5118.10804984
 5122.53703178 5123.14432931 5123.28689539 5123.3987616  5124.29419129
 5128.18997541 5132.02125979 5132.53222437 5132.60149076 5132.99882247
 5135.33304629 5136.5817412  5136.93410643 5140.34952584 5144.19031018
 5149.57655489 5163.448765   5164.64142681 5179.74309858 5184.92777744
 5191.43328426 5218.82680592 5219.74416884 5225.55014518 5264.13568788
 5312.41702439 5314.393883   5326.41673398 5329.44908829 5345.97785424
 5346.93111702 5348.86890912 5349.22204102 5349.44660677 5349.81020529
 5357.01687591 5357.67617322 5358.46010336 5360.40952874 5363.41101651
 5379.41221794 5387.60488455 5392.48409799 5393.64929324 5403.50355307
 5404.16305038 5406.37484136 5406.94080572 5407.87926856 5408.506966
 5414.66700756 5414.92880649 5416.07376849 5416.32136748 5417.67256197
 5419.02052314 5419.99711916 5421.12418124 5423.97110296 5424.99729878
 5425.00609874 5425.04386526 5425.21039791 5426.06736108 5426.31049343
 5427.67182121 5427.89822029 5427.93435347 5428.06315295 5428.07471957
 5428.0832862  5428.09338616 5428.75821678 5428.78928332 5428.94851601
 5429.0811488  5429.43798068 5429.54334691 5429.80324585 5430.17324435
 5430.21424418 5430.28437723 5430.65834237 5430.72980874 5431.69580481
 5431.78850443 5431.9419038  5431.94793711 5432.23826926 5432.28933572
 5432.32520224 5432.66343419 5433.08426581 5434.09176171 5434.36539392
 5434.67969264 5434.72742578 5434.84829195 5434.87252519 5434.89265844
 5434.90039174 5434.9097917  5434.92439164 5435.04379116 5435.10462424
 5435.16495733 5435.19565721 5435.21825711 5435.25919028 5435.37865646
 5435.43708955 5435.56312237 5435.64485537 5435.81962133 5435.89385436
 5436.06185367 5436.11352013 5436.22165302 5436.27508614 5436.34605252
 5436.37945238 5436.40441894 5436.42418553 5436.43448549 5436.45448541
 5436.46798535 5436.473052   5436.49138526 5436.4974519  5436.50355187
 5436.52351846 5436.59161818 5436.67068453 5436.67831783 5436.68885112
 5436.73325094 5436.7588175  5436.85295045 5436.90568357 5436.92775014
 5436.97531662 5437.08941615 5437.22211561 5437.31108191 5437.45791465
 5437.48388121 5437.61281402 5438.32994443 5438.46531054 5438.54104357
 5438.59934333 5438.98690842 5439.01547497 5439.13824113 5439.15597439
 5439.48733971 5439.51100628 5439.52270623 5439.5481728  5439.55327277
 5439.55690609 5439.56667272 5439.5710727  5439.58230599 5439.60013925
 5439.75733861 5439.79680511 5439.88003811 5440.11883714 5440.45716909
 5440.53323545 5440.59330187 5440.6110018  5440.6928348  5440.83516755
 5440.87806737 5441.95862964 5442.01579607 5442.9894921  5443.02639195
 5443.05025852 5443.0631918  5443.20002457 5443.2763576  5443.31645743
 5443.97012144 5444.85178451 5445.13545002 5445.23088296 5446.08394615
 5446.2605121  5446.71684357 5446.88330956 5446.99627577 5447.46650718
 5447.72363947 5447.85983891 5447.95403853 5447.96990513 5448.24357068
 5448.31047041 5448.3377703  5448.43573656 5448.47236975 5448.50233629
 5448.55100276 5448.58076931 5449.13590038 5449.15796695 5449.32819959
 5449.54499871 5449.92646382 5450.36682869 5450.56006124 5451.06842583
 5451.11115899 5451.55542385 5451.62905688 5452.22105447 5452.76531891
 5452.84695191 5452.90518501 5453.99228058 5454.15994656 5454.61247805
 5455.6381072  5455.88870618 5456.98766837 5459.30045894 5459.39492522
 5462.24858025 5463.36800902 5463.53114169 5470.38434709 5470.53401315
 5470.57284632 5471.07457761 5471.71440833 5473.22163552 5474.90639532
 5474.95886177 5475.231094   5477.22475254 5477.27358567 5477.51791801
 5477.55038454 5477.59898434 5478.25614833 5478.94154554 5479.51294321
 5481.26746939 5481.27683602 5481.29996926 5481.30726923 5481.32440249
 5481.41553545 5481.42570208 5481.43460204 5481.44610199 5481.44993531
 5481.45563529 5481.66196778 5483.92922521 5484.81055495 5485.40748585
 5485.96298358 5486.83174671 5487.63527676 5487.71940975 5488.12000812
 5488.2632742  5488.33444058 5488.41610691 5488.47940666 5488.49027328
 5488.5022399  5488.63963934 5488.70330574 5489.02223778 5489.38136965
 5489.59340211 5489.90403418 5489.96190061 5490.09466674 5490.19956631
 5490.27643266 5490.50043175 5493.86028472 5493.92875111 5495.28271226
 5497.5378364  5497.94270141 5499.24959608 5500.39232476 5503.88214387
 5505.11677217 5505.80926934 5506.92063148 5508.15969309 5508.37069223
 5509.76581988 5512.19170999 5512.30780952 5512.4766755  5512.60247498
 5512.7791076  5512.94180693 5513.05510647 5513.09397298 5513.60280424
 5513.94616951 5516.92592402 5516.96755719 5519.90817853 5520.19614403
 5520.24671049 5520.37337664 5520.94817429 5521.3548393  5521.43313898
 5523.43416416 5523.65092994 5523.65766325 5523.78582939 5524.00892848
 5524.03759503 5525.11759063 5527.19808215 5532.58169354 5532.63402666
 5532.95722534 5533.06279157 5533.0903248  5533.12055801 5533.97045454
 5542.05108827 5542.25898742 5542.80261854 5547.07316779 5547.63903215
 5547.71059853 5547.9476309  5551.95688122 5557.83585725 5560.09948136
 5560.10508133 5560.12898124 5560.15764779 5560.17074773 5560.29524723
 5560.41978005 5561.19994354 5562.51200486 5562.93626979 5563.19930205
 5565.53809252 5566.91932022 5574.20555719 5574.79275479 5577.76184269
 5579.94073381 5584.48458195 5587.23740406 5587.30900377 5587.37920348
 5588.6257984  5588.7652645  5591.20558788 5594.18800906 5621.63236385
 5621.76309665 5623.26975717 5631.78475579 5660.11970695 5662.18329854
 5671.81915926 5679.44136152 5693.05997267 5719.18773282 5720.02806273
 5720.56439388 5732.20557975 5737.70025735 5742.65013717 5751.48176784
 5752.28326457 5752.76829593 5755.74835045 5757.12787815 5760.31723182
 5760.83549637 5766.40524033 5767.7382349  5780.77338176 5798.10171112
 5800.63596746 5800.92176629 5818.96162608 5819.68095649 5841.60413378
 5849.45193512 5864.33260779 5864.63190657 5865.53736955 5868.42535777
 5878.58258303 5880.73624092 5915.47113265 5918.74011933 5928.24268059
 5970.12757651 5970.27000926 5973.35453002 5973.43639635 5976.33435121
 5976.53865037 5976.80738261 5985.91097883 6004.31427048 6005.20063353
 6006.54209473 6011.73294024 6012.48840382 6012.9427353  6017.7756156
 6018.38727978 6028.48067196 6040.96398774 6042.57754783 6043.65667676
 6046.91206349 6051.63481091 6052.08324241 6069.58883771 6085.45130638
 6087.72693044 6088.59509357 6088.67899323 6088.83742591 6096.81722672
 6116.38824693 6118.9144033  6127.67896757 6130.30122355 6130.79715486
 6136.03996682 6141.04127977 6148.95181418 6152.77716526 6155.71181996
 6158.75877421 6180.25635324 6182.0139794  6191.09394239 6192.40013706
 6195.45462461 6195.76229002 6196.19128828 6197.59948253 6199.05187661
 6201.08163501 6201.71753241 6202.68059515 6206.05724806 6208.72577051
 6209.76663293 6211.7363249  6212.53882163 6212.58775477 6214.19138156
 6214.4025807  6215.85694144 6218.67289663 6219.64299267 6221.1642198
 6224.34147352 6238.2947833  6241.06110536 6254.95554872 6260.5608592
 6260.70502528 6263.96214534 6275.50313162 6279.27458291 6281.59074014
 6281.84927242 6282.05227159 6292.50542898 6296.38217984 6306.97240333
 6307.33106854 6309.25822735 6311.68531745 6317.26022806 6318.04985818
 6318.40199007 6318.66708899 6321.70870993 6321.85600933 6325.53866098
 6328.20761677 6339.72180316 6347.93586968 6362.27457789 6362.79117578
 6364.42686912 6366.43066095 6366.95352548 6367.40265698 6370.42587799
 6374.44832826 6375.10305893 6375.39865772 6376.41905356 6376.79988534
 6380.61426979 6381.99596416 6387.88387349 6392.23468909 6393.21381843
 6394.53354638 6401.97601604 6402.24214829 6403.29881065 6404.95437057
 6405.20336955 6405.50886831 6407.0069622  6418.20714988 6418.7399477
 6427.53741184 6434.99988142 6445.52297185 6446.99856584 6448.71049219
 6448.88135816 6455.97546258 6456.09139544 6457.88282147 6460.29707829
 6462.25260365 6463.23739964 6465.98628843 6467.37434944 6473.73439018
 6478.25263843 6500.15498248 6500.28494861 6500.49921441 6504.22499922
 6505.36866122 6512.82113084 6514.10442561 6522.9284563  6523.36728785
 6523.85048588 6542.02787844 6547.50878943 6560.45063667 6563.44822446
 6563.50695755 6563.88545601 6565.62094893 6569.47286656 6569.98319781
 6570.02709764 6572.03588945 6572.07705595 6572.0871559  6572.10408917
 6572.11222247 6572.3825547  6572.3985213  6572.42122121 6572.67232019
 6572.84911946 6573.09068515 6573.12145169 6573.20111803 6573.23948454
 6573.35665073 6573.38065063 6573.40851718 6573.53655    6573.55254993
 6573.57971649 6573.62554963 6573.70301598 6573.71644926 6573.72388257
 6573.90228184 6573.92264842 6573.96558158 6574.09504772 6574.16508077
 6574.19038066 6574.26448036 6574.34911335 6577.59173346 6577.787166
 6577.91523215 6586.2177983  6592.18840729 6594.0274998  6595.44359402
 6596.185691   6597.83188429 6598.26051587 6598.59481451 6598.63261436
 6598.64404764 6598.78058042 6598.95317972 6600.51627334 6600.63753952
 6600.68050601 6601.58406899 6601.68756857 6633.24303993 6633.43577248
 6642.00097089 6642.75006784 6643.34646541 6643.57249782 6701.93922655
 6710.86152351 6712.43695042 6752.22858821 6761.10968534 6762.18581428
 6800.47292487 6803.65347857 6809.28212229 6823.7860965  6824.03242883
 6829.68577245 6840.06053015 6881.01826319 6888.00816803 6892.25255072
 6898.39609235 6905.31313081 6907.73302095 6919.59883924 6926.03677967
 6926.73141017 6927.41587404 6932.6674193  6934.45644534 6936.79506914
 6937.10983453 6938.37372937 6939.26065909 6940.53565389 6941.9977146
 6944.71067021 6945.40393405 6954.36633084 6959.54144308 6962.92669595
 6963.9439918  6965.01078745 6966.55891447 6972.93798847 6976.25597494
 6976.61060683 6979.87846018 6985.07450566 6991.98944414 7013.63922255
 7014.47065249 7015.76664721]"
681,743199_2024-12-05_F-246,MOs,True,"[  45.00613077   60.43363454  232.50393308 ... 7018.24163712 7021.12452537
 7022.08508812]"
682,743199_2024-12-05_F-247,MOs,True,"[  33.48967772   33.7962098    33.92374261 ... 6973.14848761 7003.26556484
 7017.55990656]"
683,743199_2024-12-05_F-253,MOs,True,"[  44.97399757   46.36689189   52.63873299 ... 7020.17049592 7022.47188654
 7023.50681565]"
684,743199_2024-12-05_F-254,MOs,True,"[  20.78706283   22.97538724   23.1574865  ... 7023.24845004 7023.25345002
 7023.41321604]"
685,743199_2024-12-05_F-255,MOs,True,"[  25.22114476   25.85154219   27.2543698  ... 7023.08828403 7023.12408388
 7023.5205156 ]"
686,743199_2024-12-05_F-261,MOs,True,"[  38.56379036   65.15318197   92.13903863   95.53582478  136.23712552
  145.60852065  150.92106566  155.36864753  162.9085168   195.1494187
  199.81379968  204.39774766  207.34530231  222.58490685  227.92285176
  241.71086222  252.31948564  252.41538525  273.77283151  278.37051277
  286.96714439  287.87057404  294.1524151   302.62661389  303.27197793
  304.11667448  304.57957259  305.62036835  310.60194804  314.82773082
  329.15490574  331.89509457  336.06261092  354.52336899  359.68544795
  360.14821273  362.91080147  368.668478    377.62294149  390.23092343
  392.48724756  407.24365408  427.10203979  434.98400766  442.21467818
  444.14367032  455.09815899  456.6985858   489.41778575  495.18769556
  537.76158868  540.84914276  565.17577692  565.55864202  565.74674126
  566.19787275  572.94944523  577.61719287  582.8905047   595.24492101
  595.70731912  632.56543553  633.01913368  645.55444925  647.01770995
  655.35544263  666.86746236  680.19627469  684.11039207  688.55357396
  696.28344245  704.06817738  711.08814876  719.42598144  731.51926547
  741.42799175  749.30669296  750.60185435  760.00214936  781.9875264
  786.13104284  800.47371771  803.94113691  806.95795794  811.73923845
  811.85913796  814.43596079  819.11480838  820.41433642  821.007334
  821.38453246  821.54929846  822.63769402  825.21705017  835.76354051
  836.02817277  838.0550645   838.46949615  838.62996216  839.34815923
  839.49375864  839.51509188  839.51705854  840.26768882  845.04780266
  845.81193288  846.11796497  847.08339437  847.79269147  848.27148952
  850.02338238  851.06181148  853.13080305  853.83136686  854.43679772
  857.36688578  859.10871201  861.92080055  862.87556332  866.58334821
  868.46597386  869.80283508  870.57256528  871.08876317  872.16012547
  872.91972237  874.14141739  874.49458262  874.65014865  876.45784128
  880.62405763  881.23608847  881.3201548   882.76898222  885.88576952
  892.58944219  896.16789427  897.15175692  901.32140659  906.66725147
  911.40966547  920.06256353  930.29858846  938.76412062  954.6645558
  955.00075443  955.15402047  962.70628969  966.15764228  969.42909561
  970.85235648  971.92138545  973.74177803  974.04067681  974.30107575
  974.66790759  977.31753012  977.78269489  982.38177614  982.72607474
  989.67931306  991.47557241  991.75447127  992.61986774  993.19016542
  993.49743083  999.63437248 1012.62008621 1013.53941579 1019.08182653
 1019.48359156 1021.26391764 1021.28971753 1024.53360431 1024.57100416
 1027.5367254  1029.98214876 1035.10732787 1041.26480277 1041.64906787
 1041.78613398 1050.74346413 1054.47811557 1056.51680726 1056.9477055
 1066.67369919 1068.16062646 1068.79799053 1077.34058904 1077.85805359
 1079.40684728 1081.99797005 1082.77233356 1086.3694189  1111.66318245
 1115.5833998  1130.79773778 1142.97582147 1148.26386658 1149.07102995
 1154.83580645 1178.23094441 1178.42614362 1182.04316221 1183.01205826
 1187.04780847 1198.9635599  1208.30975513 1212.64917077 1215.21446031
 1215.77112471 1216.90398676 1217.83814962 1219.79124166 1220.15827349
 1228.98327085 1241.294054   1245.79776897 1245.87870198 1246.14893421
 1246.33913343 1246.44679966 1250.44295004 1256.14659345 1276.44947735
 1281.93308833 1282.12018757 1282.83521799 1282.88205113 1284.48511126
 1287.49663232 1289.7486898  1292.51067854 1299.022452   1300.28171353
 1311.41203482 1311.43176808 1323.05388736 1329.90182612 1338.64185715
 1342.83567339 1345.37686303 1351.06307318 1351.48647146 1351.53253794
 1351.89873644 1352.45010086 1353.56682964 1354.52092575 1364.28175263
 1364.49118511 1386.6942946  1387.75885692 1407.19301103 1415.3293112
 1415.55217695 1422.42674893 1427.25826257 1437.40888785 1440.38830904
 1441.73647021 1443.47669645 1444.32262634 1446.47858421 1446.58201713
 1447.15198147 1452.54512615 1463.79914694 1464.84264268 1474.89990169
 1481.91007311 1491.2752016  1492.30446407 1506.80803828 1507.27493637
 1511.54185231 1515.94643436 1518.3977577  1521.52991159 1523.2381713
 1523.53530342 1524.41553316 1524.7502318  1525.4438623  1530.51474163
 1539.09670665 1566.81662698 1573.04836824 1585.23005191 1589.2242023
 1595.42461036 1596.55270576 1615.38569565 1620.15060956 1623.24556361
 1623.90256093 1631.75162893 1633.03655703 1634.31208516 1639.72579643
 1657.87918909 1665.30839214 1676.91254483 1697.02256285 1699.82101811
 1705.58296129 1709.92464359 1715.35318812 1741.72051397 1742.68277671
 1744.60203555 1756.97501845 1764.03762299 1783.7013095  1788.30042408
 1790.53908162 1798.31198327 1812.27495968 1837.49695686 1855.6810494
 1866.42700559 1869.2389608  1870.67498827 1879.86568414 1904.92801531
 1907.20397269 1916.36813534 1946.6726118  1959.56989255 2018.49748566
 2023.97549667 2036.99687692 2048.93542825 2049.57249232 2070.75480597
 2079.48330372 2089.19466413 2128.47187068 2168.60874039 2178.78856556
 2188.70892512 2193.1846402  2196.96945811 2200.28131127 2200.35934429
 2209.14034183 2210.46640309 2218.31143777 2225.01664377 2225.86330699
 2229.08719384 2235.7619333  2267.5217705  2272.55898329 2272.66054955
 2275.23073907 2282.38767656 2286.34166044 2301.86743048 2302.10409618
 2302.70352707 2317.82586543 2330.28484797 2353.25188768 2367.6946288
 2371.48338002 2394.7010187  2402.08742193 2408.2999966  2418.41515537
 2418.59435463 2433.56712693 2438.72567257 2439.27060368 2439.68683532
 2439.7225685  2440.581965   2443.12692129 2448.06676782 2452.55714952
 2478.92454203 2485.43951547 2497.12913448 2502.60727882 2509.58418371
 2511.29151008 2530.89863015 2532.05385877 2532.3663575  2548.28125929
 2554.98269864 2556.82722445 2560.34377678 2579.27516627 2581.44465743
 2582.27538738 2588.93679355 2601.39474277 2632.41261632 2639.60272034
 2641.24834697 2664.45275237 2677.93219742 2680.21598811 2684.68166991
 2705.23651945 2706.18668224 2734.44410038 2758.41526933 2763.91961355
 2764.31307862 2768.11179646 2775.67306564 2788.02421529 2788.175948
 2798.61740544 2801.25572802 2825.08273088 2827.95495251 2855.17597487
 2855.53087343 2873.78283235 2893.07025373 2919.79391145 2929.68470447
 2936.84867526 2991.40811951 3000.14601722 3049.87678116 3059.68780783
 3068.52237182 3072.35698952 3092.30997484 3108.36344273 3117.92020377
 3120.84145853 3122.53238497 3132.16457904 3140.07938011 3146.94188546
 3152.21929728 3159.35303487 3182.6421066  3196.84821535 3202.09746062
 3206.75044165 3267.93049224 3280.18630895 3295.96274464 3305.87823755
 3307.19626551 3323.27096664 3324.60042789 3345.64450877 3346.18030659
 3349.74752538 3370.54737392 3380.08616837 3380.49743336 3382.27312612
 3387.26000579 3390.22352704 3399.75105487 3405.78806359 3407.47499005
 3441.6730173  3457.03652134 3461.36887034 3466.62271559 3487.00866582
 3487.783196   3489.18239029 3501.12227495 3502.44223624 3511.49079935
 3530.51198848 3542.74947192 3555.60241953 3557.74634412 3567.72810343
 3584.34570235 3585.72796338 3588.78451759 3597.21641655 3619.755558
 3621.14465234 3622.93801169 3623.67014204 3630.45541438 3646.36714952
 3649.83860203 3653.89035218 3658.57533308 3663.63841244 3684.35176133
 3687.84071378 3703.67784922 3703.95158143 3708.03956477 3715.5135343
 3716.61469648 3719.58658436 3737.12074622 3744.50394945 3756.92153216
 3762.34217673 3789.4562662  3799.4736587  3813.29656901 3816.75942156
 3824.03232525 3828.98117174 3834.33361659 3856.49159293 3869.54067306
 3873.81998895 3881.32509169 3885.96010613 3918.96360492 3920.4067657
 3938.62672476 3983.39494226 3986.08496463 3989.02385265 4001.32686916
 4004.37939005 4022.68454876 4027.26819674 4027.37336298 4040.44654302
 4065.90930588 4101.64766019 4121.36861313 4121.93391083 4122.99203985
 4132.61283396 4145.30901554 4170.21118069 4195.43721119 4221.32693898
 4269.11841082 4270.04244038 4273.33036031 4274.18469016 4296.7684981
 4298.56665744 4307.73168674 4344.32453757 4375.68664305 4393.04693895
 4425.03874186 4433.65457341 4436.13709662 4438.54765346 4452.3719971
 4471.26158676 4472.55538149 4482.1366091  4540.74643684 4544.34625549
 4551.68312559 4559.53589357 4575.26616278 4604.61840979 4610.5191524
 4617.32622465 4623.70326532 4631.57166658 4635.43918415 4636.74584549
 4650.93398765 4665.155963   4666.78952301 4668.23525045 4737.51913468
 4739.67029257 4748.86498842 4767.90814413 4782.14745274 4788.38762731
 4807.82471474 4811.30563388 4811.91446473 4812.73439472 4815.16408482
 4824.04801527 4848.66814823 4853.4020956  4854.8252898  4857.02944748
 4859.62993688 4875.73140458 4892.27903712 4896.81918528 4898.88484352
 4903.89138978 4906.209147   4906.48241255 4911.74819108 4943.04493017
 4946.87161457 4949.48913723 4957.48677129 4964.78220822 4972.21934457
 4977.06775814 4977.72445546 4981.23360782 4993.34315845 5008.02079862
 5017.15392805 5019.31618591 5030.55920674 5032.41336585 5032.60269841
 5032.7918643  5039.24387134 5043.2189218  5062.81007527 5087.55484106
 5100.25522262 5114.57146426 5116.73002212 5134.03471825 5141.50802111
 5151.11671528 5154.76916705 5160.12361189 5186.98516906 5188.56449595
 5223.62451969 5239.9429865  5245.00719919 5264.43758665 5266.27264583
 5277.45366692 5277.81966543 5308.26420799 5313.49002002 5344.56579333
 5346.70348462 5395.98698371 5415.50673747 5416.34626738 5416.47030021
 5416.53819993 5421.97217778 5424.89196588 5428.99604915 5429.92971201
 5430.13257785 5432.39423529 5433.66629677 5438.48507713 5441.00416686
 5443.05345851 5445.60071479 5447.0698088  5449.4984989  5454.54594499
 5470.28238084 5470.79741207 5476.30332296 5477.84121669 5480.49480587
 5480.94087072 5481.6169013  5482.24456541 5482.4094314  5482.64783043
 5484.20632408 5484.21249072 5485.74508447 5488.08900825 5493.83495149
 5497.18847115 5499.03523029 5503.9964434  5505.36407116 5505.39657103
 5510.1689849  5511.61001236 5512.75714102 5514.60573348 5516.59315871
 5520.40477651 5521.42690568 5524.57945949 5526.70928414 5529.67293873
 5533.28762399 5533.62435595 5534.23218681 5534.29028657 5538.34980336
 5541.12762536 5542.31645385 5542.7391188  5546.31973753 5549.17842588
 5554.32750489 5558.18165584 5570.89287069 5576.43598143 5583.55391908
 5583.57508566 5587.89360139 5616.87261658 5618.01691192 5623.25175725
 5629.2319662  5631.81958898 5636.53716975 5645.52749977 5652.06717311
 5652.19457259 5652.38673847 5652.53907119 5655.17982709 5656.91175336
 5679.18789588 5679.24409565 5680.36809107 5687.53782851 5692.58444127
 5692.80970702 5694.6858327  5706.30408534 5714.57185164 5723.79171405
 5728.33462887 5748.84821191 5753.03806149 5762.79145507 5763.03158742
 5776.70709834 5776.85106442 5799.8089375  5814.41011131 5826.8574939
 5832.68570347 5849.93756647 5898.27073611 5900.13396184 5905.64273939
 5926.59278732 5928.51774614 5928.54997934 5947.55140188 5956.44456562
 5960.48694914 5980.63236702 5981.12269835 5991.6277222  5997.5392981
 5999.35932401 6020.32257189 6020.85833637 6072.81402457 6073.30712256
 6080.99902453 6090.31638655 6093.31164101 6093.33820756 6093.59460652
 6106.16995526 6106.40265431 6106.83921919 6107.67474912 6107.76668208
 6112.18663073 6113.30022619 6126.76237131 6154.76495715 6164.55981722
 6170.4114267  6170.90055804 6171.48178901 6174.05397852 6179.06789141
 6182.87987587 6219.8485585  6223.06524539 6242.10380111 6242.37506667
 6281.25020819 6289.48550795 6296.41241305 6300.13873119 6302.47142168
 6306.89813697 6332.32473332 6349.92192825 6360.0226204  6360.62761794
 6361.88227949 6363.37297341 6366.38266114 6366.79799278 6369.42464874
 6374.29539555 6376.40892027 6377.79341463 6378.16301312 6379.09740931
 6391.06136054 6393.89001567 6394.09144819 6396.90240339 6397.55763406
 6403.11997805 6403.24094422 6403.54970963 6404.55340554 6405.85896688
 6406.44383116 6408.60832234 6423.63179443 6439.07659813 6440.17246033
 6443.50971339 6446.38940166 6458.02058757 6458.35438621 6458.47435239
 6460.46904426 6462.53583583 6464.38522829 6464.81082656 6471.35976653
 6473.90492282 6475.30198379 6477.19377608 6485.27654313 6501.66447632
 6505.43562761 6506.87138843 6508.14354991 6510.93103855 6516.97648057
 6521.27346305 6521.79636092 6522.06389316 6526.66337441 6527.61653719
 6530.45522562 6530.62609159 6543.47027256 6553.74843066 6562.68256091
 6571.27719254 6576.24283896 6576.47097137 6577.49946717 6580.30808906
 6580.47452171 6581.61038375 6593.60486819 6598.41898189 6598.9564797
 6601.36583655 6615.62851174 6631.83594567 6635.83999601 6645.66422263
 6655.07945091 6684.5117976  6684.61409718 6693.64662702 6695.04202134
 6695.13648762 6696.05178389 6696.36621594 6697.65484402 6703.56078661
 6728.07005336 6728.85598349 6731.18927398 6741.00570063 6744.2006876
 6747.19454206 6751.73252356 6758.18386393 6760.98758584 6761.47568385
 6764.31337228 6776.18025723 6777.88895027 6781.9450004  6786.20771636
 6792.6643567  6794.65884857 6795.45724532 6801.63395347 6804.86517363
 6804.9476733  6806.64186639 6817.11815701 6818.43445165 6818.89151645
 6820.78334207 6824.94475844 6844.89571044 6858.54408814 6873.64362658
 6880.62843144 6887.11313834 6888.71299849 6889.35839585 6892.49698306
 6897.90892766 6924.18198723 6927.99657168 6928.23650403 6928.45866979
 6932.20595452 6941.56858302 6950.11978149 6961.37630227 6963.97842499
 6978.28863332 6981.392854   6984.70147385 6984.76807358 6984.96673943
 6985.9893686  6991.89774451 6997.50072167 7001.40407242 7004.00379516
 7004.25239415 7004.63695925 7004.74989212]"
687,743199_2024-12-05_F-262,MOs,True,"[  43.01137223   62.05086128   83.56140693  224.17316704  318.01551782
  369.69220716  423.45592132  546.67835233  610.57189186  612.03281924
  962.49362389 1083.10839886 1110.62392002 1195.94640553 1222.07089903
 1291.32945003 1470.36628683 1556.60870193 1563.30970794 1586.43304701
 1642.26265275 1649.79605537 1740.42621924 1851.34336708 1955.36897635
 1993.6158871  2003.97687819 2042.5444543  2079.08970532 2092.81571603
 2127.96390608 2145.891333   2177.71666993 2178.54156656 2236.70392946
 2291.80827149 2366.83686563 2398.63500267 2417.48365916 2458.78692412
 2461.71034554 2502.13731407 2503.01754381 2573.94055469 2643.98590247
 2646.45495908 2650.21327709 2759.67913084 2774.32627113 2782.09643945
 2809.19329566 2832.55560042 2848.17680341 2870.75467803 2875.54929182
 2876.24092233 2877.94711538 2890.64086363 2912.18094249 2920.02217719
 2955.65583193 2959.85468147 3005.85772727 3070.57569678 3091.78591031
 3093.8331353  3111.28373083 3142.66486957 3147.76711543 3162.80842078
 3180.08605035 3197.16688072 3216.44830212 3220.69315148 3225.05713369
 3238.8402775  3259.31722736 3267.35262793 3284.06519314 3294.76304953
 3308.13359502 3328.30054614 3333.77869048 3359.49805229 3377.63067838
 3385.26874724 3385.82171165 3403.11827447 3411.42900726 3471.60906193
 3479.26666405 3481.41945527 3485.49057201 3492.87894189 3507.59104858
 3520.85179452 3521.13216005 3523.13535188 3558.07244279 3579.05135727
 3597.50871536 3603.05392609 3608.56010364 3636.0026251  3650.80733141
 3675.32019815 3690.24293732 3692.28882898 3696.92344342 3742.98298899
 3747.88163568 3747.98706859 3776.06178747 3782.75622685 3794.65691167
 3812.49487228 3816.56142237 3818.94414599 3836.09784273 3844.72137424
 3869.99203789 3881.35145825 3929.67146127 3971.83435605 4003.89672535
 4009.04540436 4013.44628642 4020.2714586  4028.84052366 4041.81470411
 4047.73894662 4050.41063573 4055.76861389 4069.92865616 4075.84043206
 4078.09945619 4085.67189199 4087.14375265 4096.02821643 4097.82124246
 4123.66397044 4132.34290173 4132.4321347  4137.13251554 4144.69438471
 4154.31221217 4156.32067065 4171.00697744 4174.37669704 4226.49141792
 4259.26785097 4260.13608077 4262.03597302 4269.81500798 4272.80429579
 4278.88090435 4298.75569    4304.12070146 4306.6205246  4307.52788757
 4312.53333383 4336.27177039 4368.53300555 4374.55721432 4407.00984869
 4407.35264729 4411.56313013 4417.97680398 4419.51376438 4420.75729265
 4422.98955022 4457.05391135 4465.36934412 4470.1908578  4478.03255916
 4479.8129519  4502.42089307 4509.95159571 4517.03976681 4524.00123843
 4524.16723776 4544.17848951 4552.65898827 4557.85480043 4560.28549052
 4565.35440319 4573.29743747 4587.96807767 4592.06026098 4597.57263851
 4613.97083833 4631.25446787 4634.13525613 4637.7971412  4642.66908801
 4653.71700964 4657.08379591 4660.56881504 4661.18147921 4685.74244575
 4687.92673684 4705.4276655  4714.01656382 4734.55354677 4735.88797466
 4753.53526938 4753.74266854 4788.24842787 4798.02182136 4811.51659969
 4814.4322878  4819.95279863 4833.99290806 4847.65201904 4855.104522
 4882.74140933 4884.27323642 4887.26509089 4887.91558824 4899.23187544
 4899.68284027 4909.24346796 4916.22197285 4934.2636993  4945.34315413
 4960.92989059 4963.17671476 4965.58017163 4982.58996896 4984.13972931
 4986.47575312 5013.20371082 5013.28591049 5021.6146432  5025.62562685
 5032.05256732 5034.91728897 5052.6790499  5054.14007728 5063.60173871
 5073.0315336  5081.9191307  5085.53084931 5098.33646377 5102.69434601
 5103.47607615 5151.69091294 5152.9273079  5155.42389772 5165.08015835
 5167.047817   5188.55559599 5191.17118532 5191.27945155 5191.71018313
 5199.2559857  5208.1933826  5211.09593743 5212.7061642  5222.99725558
 5228.51813308 5234.08434372 5237.67326242 5242.08117779 5243.23270642
 5250.03967868 5254.61112671 5257.38681539 5260.589969   5265.70094816
 5267.25897515 5267.54424065 5269.30193348 5283.15294369 5291.58044266
 5295.07652841 5302.77143038 5304.87445514 5306.58594816 5310.69023143
 5310.83159752 5321.30358816 5322.2184511  5322.3910504  5330.58995031
 5336.36722675 5337.10815707 5341.84033778 5348.13614544 5360.62702786
 5374.76120357 5375.55580033 5379.95404907 5383.77043351 5398.59033976
 5415.47773759 5417.9430942  5419.87711965 5419.91591949 5423.57470458
 5425.22776451 5428.02771976 5430.82307503 5433.85716266 5437.15018257
 5443.37542386 5445.19831643 5449.38513269 5456.59446997 5458.69092809
 5473.01230304 5473.72883345 5475.32669361 5479.35154387 5479.48247667
 5479.49674327 5479.78264211 5481.9683332  5482.0491662  5482.263532
 5488.38424038 5491.28012857 5498.58863211 5501.1999548  5505.10627221
 5505.57643696 5508.00649372 5509.44388786 5510.25565122 5517.00992368
 5517.2666893  5519.60244645 5522.74193365 5526.3513856  5527.18754886
 5530.45873552 5537.70243933 5541.71125632 5542.07248818 5543.07875074
 5545.12034242 5548.37572915 5559.85861567 5579.12753712 5582.83145536
 5586.41487408 5594.39617488 5597.77442777 5606.6390583  5607.78738695
 5610.67100853 5613.47279711 5617.09164902 5625.3795819  5625.45171494
 5632.19832077 5639.41625802 5646.31466323 5656.38575551 5661.9706994
 5675.70654341 5677.17703741 5677.7849016  5695.44576294 5710.9597997
 5727.57923195 5738.4822875  5739.63871612 5739.67951595 5746.89135322
 5748.81287872 5750.79330398 5757.93580819 5769.4624612  5771.86088476
 5778.26032534 5778.53925754 5780.24825057 5787.02872293 5794.11506071
 5798.06351128 5798.91677447 5803.27635669 5808.12387027 5811.91672147
 5829.49258315 5832.22403869 5832.8577361  5861.59775227 5869.28925425
 5872.98363919 5883.70919547 5895.99451205 5896.79714211 5898.5824015
 5902.9732836  5905.0254419  5913.75320632 5916.03643035 5924.53426238
 5925.12379331 5930.39343849 5943.17278639 5945.48664363 5946.29047368
 5950.06309164 5956.16186678 5959.32312056 5959.75115214 5973.79472823
 5987.18150699 5988.25090263 5992.04095384 5992.66611796 6018.02484792
 6034.52104734 6055.66089449 6065.17028906 6068.4398424  6075.30108109
 6078.79266686 6085.78730501 6087.75919697 6091.8338137  6095.94769693
 6100.9007434  6101.47594106 6104.98219343 6109.33827567 6110.74860326
 6111.87919865 6117.01341105 6118.5558381  6122.73155441 6126.57727206
 6130.42382305 6131.9643501  6143.99853438 6152.36570027 6157.89607772
 6169.50293041 6177.51576441 6179.06369143 6188.28898716 6192.77273554
 6203.97305655 6210.98622796 6226.31479881 6234.61019832 6243.04709726
 6252.27539298 6274.80660113 6282.26663738 6286.04155533 6286.52875334
 6294.34738813 6295.58538309 6299.65923315 6307.33436852 6307.5945008
 6310.16355699 6316.01279981 6321.08727913 6321.39394454 6322.99880467
 6327.38688678 6331.92736827 6332.19666717 6333.00833053 6347.90640313
 6351.96061994 6363.10054119 6371.18057492 6371.20964147 6397.49343432
 6409.59485165 6413.06873749 6416.40335723 6416.46392365 6417.37918658
 6426.96378085 6432.67205758 6433.46418768 6462.66496864 6464.75006014
 6470.66653602 6476.25461324 6478.91176908 6480.21859708 6493.15724434
 6495.73106718 6496.39603113 6497.38959375 6508.71338092 6540.18705261
 6560.02300508 6560.75696876 6564.0738219  6572.58615387 6573.89064855
 6579.29072654 6582.72064589 6590.06254929 6594.33029856 6594.36973173
 6595.20189501 6596.11205796 6603.6169607  6613.95301857 6614.43401661
 6619.98879396 6621.38508827 6625.7430705  6631.76854594 6633.37667272
 6633.55453866 6634.25190248 6636.06382843 6636.48236006 6637.1665906
 6644.0443959  6651.66446483 6655.30041668 6667.72016605 6680.59914688
 6717.11993133 6725.58396349 6743.63725657 6762.78051186 6763.40010933
 6769.02798639 6775.05316183 6775.15989473 6776.48362266 6788.8211057
 6794.68864845 6801.46052084 6804.05804359 6805.30847182 6808.11302706
 6820.32274395 6831.67099769 6835.28278297 6848.33162977 6866.95222053
 6869.99964144 6881.02452983 6883.54441956 6890.99828917 6896.06553518
 6897.24059706 6897.9174943  6905.37389723 6918.5056437  6925.02075047
 6925.26494948 6929.32143294 6934.88461026 6941.78128215 6948.93365299
 6960.17657383 6970.72813081 6973.0048882  6981.15148832 6989.06822271
 6994.53830041 6995.3418638  6997.63035447 6998.39935134 7013.41242347]"
688,743199_2024-12-05_F-264,MOs,True,"[  21.05522841   22.43622278   23.86058364 ... 6993.93836953 7001.25723969
 7007.7710798 ]"
689,743199_2024-12-05_F-265,MOs,True,"[  23.38481891   28.15249947   32.91244674 ... 7023.23341677 7023.33678301
 7023.35314961]"
690,743199_2024-12-05_F-270,MOs,True,"[  21.17449459   21.25952757   21.29859408 ... 7017.86100534 7018.47053618
 7022.35792034]"
691,743199_2024-12-05_F-275,MOs,True,"[ 147.18611422  198.23607278  198.24757273  237.55217917  237.56211246
  283.46642533  363.20610027  514.67864944  559.18943466  571.37001833
  597.14707992  805.80626264  808.71425078  809.04184944  821.95703013
  826.21347944  838.11736425  904.83032562  921.07252608  947.30245248
  949.69177607  950.10797438  950.80303821  955.92931731  958.19957472
  961.96625937  971.41528752 1000.55933537 1001.90632988 1030.30958076
 1065.02973922 1089.38857325 1098.64393552 1115.58589979 1174.4822597
 1208.21572218 1219.80840825 1221.21896917 1221.37970185 1260.64364179
 1274.02985388 1285.96770522 1304.85092824 1331.47568637 1353.73479562
 1410.28409843 1466.83793455 1489.18624345 1496.00168233 1567.09515918
 1580.22843897 1618.53761613 1708.43491633 1717.73511175 1772.30905594
 1774.44988054 1774.5347802  1878.78362189 1878.92485464 1878.96845447
 1879.11118722 1879.19858686 1879.31411972 1879.52055221 1879.55395208
 1879.69038486 1880.29644905 1914.15034438 1932.54140274 1932.68690214
 1958.73969594 1969.99398339 1976.80195564 2021.94500494 2029.70503998
 2033.46579131 2033.52279108 2079.39963739 2079.58656996 2087.91466935
 2093.51054653 2093.52131316 2094.64067526 2144.98823668 2247.84531737
 2349.60936919 2354.18268388 2399.11310072 2428.83237957 2434.60082272
 2435.79338452 2442.81695589 2443.02695503 2443.14788787 2464.79403296
 2471.39753938 2480.79376774 2505.53733354 2506.79966173 2508.36345535
 2541.58428659 2573.57575617 2573.618256   2573.66932246 2573.69782234
 2573.75292212 2573.80738856 2573.86268834 2573.88948823 2594.32937157
 2598.21665572 2598.71475369 2652.36550165 2739.47021322 2740.7675746
 2771.08428435 2827.11018929 2828.38008411 2837.55214672 2855.62687303
 2880.45333849 2882.22956459 2882.39979723 2886.26308148 2891.85912533
 2903.04904638 2903.23307896 2982.18552377 2982.33225651 3086.68333111
 3091.80984355 3247.79050768 3251.55039235 3256.18294013 3390.89855762
 3457.75231842 3468.92453954 3469.06603897 3571.13465621 3571.73632042
 3574.93640738 3606.19397995 3612.6262204  3617.2367016  3617.35273446
 3617.92999878 3630.79514633 3635.21826163 3635.78942597 3636.12709126
 3636.63925584 3637.09568731 3637.25495333 3654.3597836  3665.97733624
 3668.75462492 3668.78759145 3668.89459101 3669.44708876 3669.57965489
 3669.89052029 3670.3361518  3670.69241702 3671.12334859 3671.30584785
 3687.94298003 3702.28498823 3703.32935064 3711.15581873 3722.85510437
 3752.59888312 3780.28830357 3780.4863361  3780.64233546 3780.79566817
 3801.59508338 3815.61775955 3815.7695256  3817.62061805 3837.88126879
 3839.33922952 3843.06191434 3873.66518958 3879.72753154 3885.18554262
 3885.19550924 3890.04685613 3898.08115672 3922.8525224  3943.57093794
 3945.19939797 3956.0019206  3956.02252051 3956.0413871  3956.04708708
 3956.07778695 3967.11900861 3967.2595747  3976.16093842 3976.29837119
 3985.67739962 3992.89313687 4027.67489508 4119.47658751 4119.73975311
 4190.73149703 4191.50356055 4192.24369087 4205.28780436 4206.36226665
 4234.15155336 4236.59701006 4236.61017667 4236.62374328 4236.63360991
 4236.64037655 4236.70854294 4278.70063842 4307.00335638 4315.37935556
 4322.61582606 4332.27605335 4340.44712004 4348.40415427 4352.67703685
 4359.15427711 4365.18315253 4365.53895108 4371.92659171 4394.64766575
 4394.81086509 4407.39448046 4408.2494103  4452.46686338 4516.80506777
 4528.19235468 4535.39612531 4541.99736507 4544.38228868 4544.40378859
 4544.41642188 4544.45172173 4544.46215502 4544.5318214  4544.54768801
 4544.57235457 4544.62685435 4544.68038747 4549.40266822 4563.48744413
 4567.0938961  4651.44125225 4657.74712654 4677.79154483 4678.59997486
 4692.71028401 4699.25769065 4699.39019011 4701.56271459 4736.31730624
 4766.52774975 4768.72210747 4768.88804013 4769.19973886 4769.32907167
 4803.88753079 4824.28478097 4833.32714411 4849.73514388 4863.86391962
 4877.86786253 4892.72773529 4896.62111942 4964.70120855 4983.03960046
 4983.34269922 4983.47759867 5001.21875968 5001.2309263  5001.25555953
 5001.26592616 5001.28189276 5002.57312083 5017.6662593  5042.91118972
 5043.13208882 5043.57078703 5043.74301966 5073.1365665  5089.02400174
 5092.73425328 5107.74549208 5120.52603998 5131.62749473 5132.13535932
 5160.87107551 5161.53510614 5179.79693169 5179.94663108 5180.1959634
 5180.29656299 5180.40239589 5180.57719518 5180.74949448 5180.88342726
 5180.95252698 5181.01506006 5181.14009288 5181.26382571 5181.31639217
 5181.42072507 5189.27855971 5192.80687866 5193.88710759 5194.04064029
 5194.23690616 5194.37650559 5229.73176146 5234.71394115 5255.26685737
 5255.85995495 5264.67255236 5279.15819331 5295.74739234 5295.831292
 5295.8963584  5295.97759141 5305.87968437 5306.31098261 5306.46791531
 5307.74977675 5342.81286714 5342.95616656 5343.13066585 5345.04615804
 5358.32733723 5364.13321356 5367.34536714 5370.97955232 5377.20732693
 5378.88618676 5380.95054501 5381.76904167 5387.4434852  5387.78645047
 5415.47323761 5415.48003758 5415.71216996 5415.72270325 5415.92123578
 5424.77026637 5424.7951996  5424.83933276 5424.85513269 5424.86113267
 5424.87526594 5424.92719907 5424.93213238 5424.96983222 5432.63810096
 5433.13573227 5456.60783658 5491.53019422 5491.55712744 5491.57252738
 5491.58626066 5491.6328938  5491.64652708 5491.66356034 5491.6829936
 5491.6900269  5491.71216014 5491.73439339 5491.74392668 5491.77102657
 5491.79649313 5491.87209283 5497.38613701 5520.86744129 5529.79733822
 5531.24896564 5545.85550609 5565.8459246  5585.28144537 5623.40488995
 5644.39597105 5646.1004641  5647.00362709 5652.23540576 5653.19646851
 5653.80386603 5654.18623114 5654.23983092 5655.64369186 5656.52165495
 5656.9513532  5657.48718435 5665.27965258 5673.43755266 5674.49404835
 5674.99841296 5675.4886443  5676.35007412 5685.95333497 5688.76559017
 5699.86477826 5700.08547736 5700.5261089  5704.53819254 5707.61181334
 5707.84307907 5774.43604093 5776.12326738 5776.21980032 5782.32650876
 5806.71457601 5822.98920967 5857.05290414 5871.0518804  5918.16925499
 5919.16565093 5919.2947504  5919.37621674 5922.27133827 5944.61224719
 5970.42717529 5976.71101634 5979.96880306 5980.45766773 5981.99202814
 5982.93725762 6001.26318292 6001.43634888 6040.33905695 6056.45819124
 6067.78094508 6069.57483777 6069.60330432 6070.24966835 6083.86474618
 6100.28281259 6109.75510731 6113.86729054 6128.78782972 6129.30499428
 6131.26711961 6133.67800978 6133.99407516 6145.45136179 6161.17796434
 6167.20500644 6170.04109488 6171.63352172 6187.04955888 6202.52146247
 6210.03123186 6210.10666488 6210.20793114 6219.73895895 6219.91309157
 6226.42156504 6236.49835729 6236.85628917 6237.97241795 6268.98795818
 6299.79703258 6300.55922948 6301.03432754 6302.62592105 6303.32548487
 6306.27220619 6306.39707235 6308.54283027 6308.72969617 6317.54446024
 6317.69665962 6318.14062447 6318.33629034 6319.07532066 6321.18521206
 6330.87550589 6331.66880266 6331.80873542 6331.91220166 6331.99633465
 6332.37929976 6333.20646305 6333.78032738 6345.37571345 6346.83154084
 6346.90180722 6347.5135714  6353.416614   6356.77833363 6367.7591222
 6387.10191001 6388.35773823 6388.88513608 6389.42280055 6389.64703297
 6390.0394647  6391.94289028 6393.05951906 6405.44963522 6407.79355899
 6410.95117946 6411.87517569 6412.12264135 6412.3620737  6412.41290683
 6412.54017298 6412.61150602 6412.71233894 6412.82773847 6412.87870493
 6413.14173719 6413.4740025  6413.58346872 6414.0384002  6414.1220332
 6414.67493094 6416.98545486 6438.28546802 6438.70459965 6438.89989885
 6439.1740644  6439.62366257 6444.68714193 6451.24154854 6452.06284519
 6452.40254381 6452.90424176 6453.11477424 6453.17087401 6453.73277172
 6454.19236985 6454.32826929 6455.954596   6458.55198541 6460.47707756
 6460.85717601 6463.74233091 6465.4959571  6465.67272305 6471.52459919
 6474.53985356 6476.84897748 6477.07167658 6477.47934158 6477.67954076
 6477.75190714 6478.22830519 6482.39298822 6482.72528686 6483.72051614
 6487.22286853 6487.59170036 6487.73013313 6489.55712568 6489.98065729
 6490.22692295 6490.65408787 6492.19361493 6493.23294403 6493.3953767
 6498.15815728 6498.45435607 6498.54285571 6498.70762171 6498.72695496
 6498.85448778 6499.16721984 6499.31768589 6499.4047522  6499.57288485
 6499.99411646 6500.88534616 6500.96697917 6502.12140779 6503.20837003
 6503.85853404 6504.0910331  6505.07706241 6505.33899468 6505.44702757
 6507.39955294 6507.4926859  6508.69191434 6509.66411038 6510.11094189
 6510.23314139 6510.38744076 6510.8698388  6511.06910465 6513.16596277
 6513.26029572 6516.58268217 6518.43834127 6518.64577376 6522.52755794
 6522.71429051 6538.95202432 6541.97057868 6542.11034477 6542.14477797
 6542.25017754 6542.31597727 6542.41167688 6542.53894303 6542.64220927
 6542.75894213 6553.19369959 6702.32989163 6710.58532464 6729.69554673
 6731.21077389 6731.33174006 6731.43417298 6731.7635383  6734.75935942
 6741.85159718 6742.5001612  6746.68011083 6746.7288773  6746.76534381
 6746.80804364 6746.87134338 6746.96320967 6747.10747575 6747.14877558
 6759.09622688 6761.52831696 6761.76811599 6761.93811529 6762.01848163
 6762.09414799 6762.17128101 6762.2801139  6782.44233171 6797.85036889
 6814.8902661  6815.0034323  6837.80120603 6838.62870266 6850.47055438
 6853.58727501 6857.30719318 6862.56397175 6887.94503495 6890.12802605
 6891.9068188  6892.93264795 6893.37274616 6893.58367863 6893.62921178
 6893.94641048 6894.45260842 6903.33140556 6904.38703459 6904.66020014
 6904.76446638 6904.83729942 6904.93589902 6905.05106522 6905.13909819
 6905.19399797 6905.29423089 6905.48986343 6905.58316305 6905.6588294
 6905.72866245 6905.79292886 6905.91926168 6906.06682774 6906.12056086
 6906.27732688 6906.42672627 6906.52749253 6906.54879244 6906.62622546
 6906.72105841 6906.82102467 6906.89019105 6907.04242376 6907.09049023
 6907.11975678 6907.19972312 6907.36428912 6907.52235514 6909.25918139
 6918.98447508 6921.83806345 6932.07825504 6932.74641898 6933.02061786
 6933.28795011 6933.81028131 6934.10904676 6934.60767806 6934.86461034
 6935.31960849 6935.60627399 6936.16960502 6936.28563789 6936.48873706
 6936.63623646 6936.75613597 6936.96726844 6937.76466519 6938.2600965
 6938.49512888 6939.20729264 6939.34859207 6939.48302485 6939.7173239
 6939.77962364 6940.26235501 6940.32318809 6940.62978684 6940.82028607
 6941.17301796 6942.29854671 6942.3401132  6943.76014075 6944.31423849
 6944.51313768 6944.65100378 6944.92116935 6945.03013557 6945.45613383
 6945.72643273 6945.85526554 6946.64669565 6946.78476175 6948.57628778
 6949.54028385 6949.68614992 6950.45864677 6950.567013   6950.78904543
 6951.10614413 6951.55890896 6952.08090683 6952.58240478 6952.67463774
 6955.67449218 6955.881158   6956.11455705 6959.5123432  6959.71110906
 6961.67036774 6962.1275992  6962.43666461 6965.53068533 6972.02442553
 6972.79932237 6975.1537461  6975.42697832 6975.72614377 6975.83704332
 6976.11624218 6976.21074179 6976.32800798 6976.57304032 6977.26863748
 6977.35050381 6978.48273253 6979.51186167 6987.52069569 6992.56660845
 6996.92115737 6996.99899038 6997.18922294 6997.28378922 6997.31522243
 6997.44195524 6997.59552128 6998.05055276 7002.02986987 7003.80982928
 7003.93772876 7004.41182683 7005.07065748 7008.66814281 7009.05360791
 7009.22794053 7009.52350599 7011.46453141 7011.67033057 7018.37446991
 7020.21702907 7023.14211714]"
692,743199_2024-12-05_F-276,MOs,True,"[  20.37939783   20.44406423   20.61963018 ... 6976.44830749 7005.6451218
 7020.51546118]"
693,743199_2024-12-05_F-279,MOs,True,"[  20.80532942   38.41205765   46.87945646 ... 7013.36082368 7017.1015751
 7022.34085374]"
