,unit_id,structure,is_qc_pass,spike_times
0,759434_2025-02-04_B-2,CP,True,"[  20.31891674   20.34118332   20.516316   ... 7024.46979038 7024.50252359
 7024.55115674]"
1,759434_2025-02-04_B-12,CP,True,"[  23.0383066    23.17877274   23.32363887   23.50933817   35.173128
   37.08992085   53.87349158   57.67854405   57.78317699   57.88330995
   57.95214303   58.22584201   63.62198855   82.62251767   91.67505057
  121.2108404   142.02139611  145.89091501  146.97611096  151.87512602
  155.40921284  170.7884888   170.83422197  171.62505235  185.73463305
  187.62085935  199.3496156   199.66561442  202.6827365   205.62232554
  207.64611799  207.99975     208.66818084  219.34034103  225.66158412
  225.79548362  234.91384961  240.30086285  271.5557796   271.65327923
  271.89437833  272.07997764  272.41504306  276.7634935   277.45412426
  278.97245193  279.43448354  284.71119719  343.55114438  356.09489759
  356.62736227  370.49341055  387.62534664  389.72650547  404.58185006
  412.65961993  413.01781859  440.45784957  449.54328235  462.32746799
  462.5579338   462.91166581  466.33518638  467.48928207  468.11251308
  468.17124619  468.81407713  476.19814959  476.36161564  484.41361894
  491.61195876  501.06039018  505.23267462  505.9077721   523.98197135
  535.04769674  538.4441174   563.90685576  582.4459866   593.37054585
  604.57610405  605.15640189  629.73574354  630.91453914  631.91070209
  634.36329294  638.94727585  639.3338744   656.23554469  665.32247746
  667.16447059  668.01540075  672.1660186   672.97621558  682.74211249
  683.57190939  688.84548972  713.67683043  713.83972982  722.75002992
  727.93334392  735.41818266  741.1643279   741.33842725  742.68485556
  769.70322144  772.92457609  793.88579791  797.94238277  800.01777503
  829.9264968   837.85350057  865.2264318   880.06414312  899.4588041
  899.7640363   931.40068496  941.20768171  977.01358148 1027.66602588
 1027.76505884 1046.75445467 1070.616299   1076.4779438  1077.10910811
 1084.06518217 1093.66704635 1145.04672136 1148.14657647 1148.39354221
 1153.06952477 1199.49508493 1208.04025306 1208.2620189  1242.9872227
 1246.25134386 1312.7719624  1312.96226169 1319.82323609 1322.36345995
 1324.62068486 1326.11851261 1328.5079037  1331.92282429 1339.47022947
 1339.85232805 1343.54481428 1345.24157461 1347.19330067 1347.83103162
 1351.50631791 1357.82699433 1358.0767934  1365.89669757 1369.14168546
 1377.07212255 1386.42152101 1390.85880445 1394.18522538 1415.68457852
 1415.75947824 1429.69762625 1447.36232702 1458.18065334 1470.24904165
 1470.7370065  1479.58874015 1508.13236701 1519.30179201 1534.90880046
 1562.40643123 1576.76614433 1584.61481505 1584.73778126 1598.40383029
 1615.88876506 1674.15111441 1681.36668749 1697.23056165 1703.77163725
 1723.91086213 1724.56419303 1750.90306144 1770.03672341 1813.66752733
 1871.77987723 1872.71310708 1881.05620929 1901.16046763 1964.64973081
 1971.69893785 1995.19775019 2115.01223661 2118.25325785 2118.27972442
 2125.35816468 2180.61795855 2190.2289227  2193.84770921 2194.10354158
 2194.38104055 2224.78309381 2228.01001511 2241.69593073 2242.54539422
 2245.51054983 2247.54547557 2275.20943905 2276.95356588 2298.92375059
 2303.81079903 2308.03594994 2316.61298461 2317.49391466 2319.7436396
 2322.83982805 2327.26597821 2327.3754778  2328.61273985 2345.69967611
 2346.31730714 2352.53681728 2369.53385387 2383.18743628 2384.33409867
 2387.60661979 2390.29127645 2398.54834565 2399.25017636 2410.33146836
 2411.56656375 2416.2288797  2416.60161164 2416.73544447 2420.78816269
 2451.27148232 2455.09490139 2463.06297167 2468.49198475 2475.57459166
 2490.28477012 2492.07759677 2495.09485218 2522.94208164 2525.17543998
 2526.5288016  2527.32936528 2529.42902411 2540.06025112 2542.36444253
 2542.79640758 2552.88103663 2553.73786677 2574.72175516 2574.88052124
 2575.17108682 2585.46081511 2605.03810875 2622.14534494 2622.85110897
 2629.34508475 2629.65261693 2643.06890022 2660.79530077 2665.39525027
 2672.53632364 2674.9676479  2679.18713216 2681.69148949 2682.23305413
 2686.47137166 2689.97609192 2691.85241825 2697.48533057 2701.59831523
 2702.4025789  2718.04232056 2723.30703426 2727.34105254 2752.5269586
 2761.11795988 2768.61773191 2842.27942381 2857.48376709 2859.23262724
 2863.47611141 2895.54699178 2897.67058386 2930.16132933 2950.03428853
 2954.17540642 2983.20359814 2988.85081041 3002.13839418 3015.56331077
 3017.75046928 3070.69807178 3071.40136915 3077.7782787  3083.62092357
 3083.90312252 3097.99416996 3121.97421384 3122.35891241 3122.69547782
 3196.06953746 3197.91339725 3205.4139026  3230.43024262 3233.31449853
 3237.32988355 3237.57641597 3267.23827199 3270.28982727 3273.73568109
 3275.54120769 3295.46253338 3295.94229825 3307.18795631 3308.57425114
 3322.43129945 3323.38746255 3330.6561021  3337.86414188 3346.06931127
 3361.58358674 3399.09391349 3403.51156367 3409.18224252 3417.53511136
 3424.39171912 3425.26964918 3431.63705876 3434.95004641 3438.34120042
 3447.10190108 3505.59998287 3522.1414545  3534.95094006 3537.74536297
 3557.1989904  3564.4032302  3569.548011   3577.69668061 3578.46491108
 3585.74655058 3589.40473694 3595.59438051 3604.49144733 3605.39631062
 3608.15110034 3611.02708962 3615.38714002 3623.43294334 3631.00314844
 3654.44409433 3657.13221764 3657.69021556 3660.32187241 3668.49897524
 3673.44792344 3680.7700628  3709.4463225  3709.92248739 3720.63761409
 3721.21901192 3723.01180523 3732.15523779 3742.77966483 3744.95019007
 3750.34916993 3753.37529197 3756.47324708 3801.87147774 3814.19409844
 3833.47355986 3848.97030206 3854.2940822  3859.02483122 3869.76125784
 3886.36189592 3898.85901597 3900.87327512 3909.48594299 3921.34369876
 3922.65209388 3929.07633659 3936.54004208 3941.86232223 3954.96430669
 3963.39370858 3966.15253162 3968.43035646 3973.34403813 4029.09136352
 4029.37739578 4042.35351405 4047.04882987 4051.19494773 4055.64456447
 4058.88068573 4064.62329765 4065.55156085 4068.43725009 4069.43054638
 4094.21495393 4095.66661518 4100.49419718 4127.8051953  4136.27679704
 4164.6056247  4171.06843392 4189.74999757 4237.80225167 4247.15311679
 4253.51885971 4254.33602333 4307.85669035 4316.20242589 4340.68470123
 4404.65902927 4408.11368305 4408.45611511 4424.4973886  4425.02941995
 4428.37220748 4430.13410091 4430.1904007  4438.30970375 4438.70373561
 4447.37876992 4476.45762812 4487.64675305 4490.04197745 4507.49307902
 4507.58561201 4507.72401149 4511.96909566 4515.2809833  4528.07616891
 4556.57222928 4556.87222816 4557.78119144 4567.76228754 4574.25269666
 4579.38681085 4580.37034051 4600.01743389 4603.59018723 4605.02564854
 4605.32078078 4616.19200689 4618.41673193 4629.01619239 4640.59438253
 4646.5285604  4682.2825937  4689.35860064 4689.67419946 4697.66506965
 4703.78674682 4704.86907611 4715.94266814 4720.16661905 4727.58012473
 4738.90814914 4773.88771867 4786.18193947 4787.62330076 4790.62312291
 4791.40415333 4794.35340899 4797.49063062 4804.2880386  4805.99633223
 4812.21287571 4815.51773005 4819.67421454 4824.07169814 4828.89261349
 4850.17596744 4860.43249584 4904.37849859 4913.96012951 4921.73383385
 4979.25068597 4982.9507055  4983.87510205 4989.35721494 4993.19600062
 5000.72723919 5018.16580748 5025.2460144  5049.13502529 5049.89552246
 5059.38295373 5076.57025629 5091.60733353 5114.53971466 5137.96182729
 5155.51326182 5167.85564912 5169.79524188 5186.31238027 5356.36544595
 5434.94141952 5435.04088582 5435.28425157 5479.24302094 5578.93944906
 5608.52807202 5642.86204395 5645.172502   5651.04038011 5666.71845496
 5670.65987359 5676.23421947 5677.38958182 5678.11761244 5687.44457765
 5699.87409795 5701.28145937 5701.28902601 5701.35382577 5701.42065885
 5716.62423547 5759.73090801 5765.31908717 5775.27905002 5783.50491933
 5840.2158078  5847.5955136  5874.88511181 5881.93251885 5914.44523091
 5969.80839107 6039.80766329 6042.19732105 6072.96053963 6078.77038462
 6130.47895841 6220.53325583 6238.74465457 6246.9039908  6260.55030656
 6310.75985261 6313.36377623 6347.12908361 6348.73847761 6349.46327491
 6359.90233597 6383.00594979 6395.64813596 6467.57473434 6467.82383341
 6468.25556513 6487.00469519 6518.59937734 6537.63177301 6540.9244274
 6560.67982038 6567.53139482 6595.8733891  6597.64304916 6674.45409598
 6705.14714816 6827.24942604 6845.23712561 6845.48859134 6875.60421233
 6878.47233497 6895.34713869 6902.58737835 6956.19484505 6964.8687127
 6968.79393139]"
2,759434_2025-02-04_B-15,CP,True,"[  20.29971681   20.38364983   20.38974981 ... 7022.47639782 7022.49233109
 7022.91549618]"
3,759434_2025-02-04_B-24,CP,True,"[  21.64601179   22.1879431    22.96204021 ... 7016.8233189  7020.21233959
 7023.1158621 ]"
4,759434_2025-02-04_B-27,CP,True,"[  20.28038355   20.59271572   20.65811547 ... 7022.68439704 7022.97992927
 7024.54365677]"
5,759434_2025-02-04_B-32,CP,True,"[  21.56921208   21.57434539   21.57877871 ... 7023.46289414 7023.98909217
 7024.66352299]"
6,759434_2025-02-04_B-36,CP,True,"[  45.90355464   46.11988717   46.42211937 ... 6945.60651788 6954.29421881
 6957.78077247]"
7,759434_2025-02-04_B-46,CP,True,"[  22.93257366   22.94207362   22.9572069  ... 7023.6147269  7023.62126021
 7024.96508853]"
8,759434_2025-02-04_B-52,CP,True,"[  20.30668345   20.35744993   22.03161035 ... 7024.35972412 7024.42485721
 7024.52479018]"
9,759434_2025-02-04_B-70,CP,True,"[  20.92334782   22.7694076    40.4367417  ... 7004.60466448 7007.1735549
 7023.19996178]"
10,759434_2025-02-04_B-77,CP,True,"[  20.90791454   22.4201089    23.19433935   27.1134914    30.11211354
   34.28806463   37.42218628   40.45367497   40.89207333   42.03786906
   45.83188824   46.28435322   46.45985256   51.41536741   53.16232756
   53.491593     55.09852034   57.31201208   57.80341025   57.94827638
   58.65177375   58.66850702   58.98267252   59.70776981   62.46455953
   64.11508671   64.82278407   65.73851399   66.23737879   66.8158433
   67.16487533   69.57589967   70.66059563   71.633892     74.80898015
   78.50073305   80.11879368   84.54931049   85.60547321   85.83530569
   87.29270025   88.73756153   94.33694064   98.64799123   98.83389054
   99.17755592   99.29832214   99.70735394  101.34061452  102.70414277
  103.42924006  108.40892149  109.84781612  110.21301476  110.98767853
  112.99540438  113.68656847  114.91449722  121.15087396  123.07483345
  123.79016411  124.63706095  130.88773764  133.40216159  134.70175674
  139.97680373  142.90309282  143.47162403  145.19231761  145.95354811
  146.27444691  149.74866728  150.00183301  155.53994568  158.30913535
  160.012329    160.33102781  163.45911614  168.45013086  169.79372585
  171.15198745  171.85328483  173.05511368  173.0771136   173.81487751
  176.60983376  180.09422076  180.33891985  186.02199865  187.35546034
  189.44718587  191.6638776   191.73317734  194.09076855  194.16463494
  197.24579011  202.74323627  205.77315831  205.95542429  206.0520906
  206.93522064  210.72657316  212.737399    214.17709362  219.22024148
  219.48580716  223.47295895  223.63769167  226.28261514  229.66936917
  229.69033576  230.89363127  235.21411515  235.23558174  238.25263715
  242.11182276  242.15138928  242.94665298  243.66678362  248.36653276
  248.5002656   248.63399843  258.43469521  262.32614736  266.174133
  268.4891577   268.86032298  271.63887929  272.87657467  279.43678353
  284.21283238  284.49589799  287.41085379  287.66728616  289.08111422
  289.57821237  290.95997388  293.67429709  294.69255996  295.02239206
  295.50689025  296.31145392  297.11695092  299.65540811  300.88940351
  301.14620255  301.67890057  301.70270048  302.00726601  310.35233488
  313.09659131  314.41811971  314.57435246  318.87266976  324.21034985
  324.65824818  328.89923236  330.32352705  331.57575571  331.77702163
  333.95134685  334.76584381  336.91223581  339.02422793  344.31827485
  345.88743566  355.98313134  362.26147458  362.55184017  363.33063726
  365.20986359  370.2988446   371.22654114  378.28121483  378.79904623
  379.5138769   382.00593427  387.75464616  388.26524425  391.89779737
  393.33552534  396.90897868  400.16569986  403.28192157  408.78320105
  414.24261402  416.46640573  422.07705147  430.12092146  431.50831629
  432.13594728  432.41394624  434.12540652  434.1403398   440.02478452
  440.76964841  445.9083959   451.7459408   454.59573017  459.77681084
  459.93181026  460.03480988  466.58978543  468.62771116  470.87506944
  471.63546661  481.32359713  481.77706211  484.45371879  489.23433429
  499.93469438  501.79568744  506.38477032  507.88949804  508.19189691
  508.97129401  512.0559825   512.27954833  512.97494574  532.11160769
  533.65683526  538.71921638  544.30212888  545.3349917   545.8266232
  551.69343465  567.32224302  567.6040753   572.49862371  574.41078324
  585.19344302  587.24660203  588.05023236  592.02271755  601.06595048
  604.44943786  605.93086567  614.90459886  628.46051496  640.7923023
  643.73649131  645.68718404  648.39740726  650.36893324  654.85518317
  655.73624655  658.8246017   661.35602559  661.75169078  661.79042397
  668.55389874  674.37087704  680.2614884   681.09321864  684.76040496
  688.03782606  690.8599822   693.77580466  699.48428337  723.50812709
  728.62820799  737.14624288  740.59173003  758.32289723  758.59279622
  771.01768321  783.39827036  792.40883675  793.10746748  800.02134169
  809.63900581  830.93532637  838.7659305   841.57322003  850.62038628
  852.15128057  852.31481329  852.71321181  853.34720944  855.62410095
  863.02447334  865.89459597  865.9665957   869.65661527  870.55544525
  870.75164452  870.75824449  870.87907738  870.95667709  882.32376802
  885.64025565  888.53267819  908.10023854  918.03403482  926.49636992
  926.741269    942.14417822  968.02318168  968.08694811  968.66921261
  977.39581339  978.09584411  995.73047833 1003.52978257 1005.43084215
 1012.24001675 1022.63967796 1052.22040095 1052.35486712 1056.69425093
 1056.764484   1074.25791875 1080.9546271  1090.8306236  1092.59245036
 1099.25869216 1108.34425827 1118.11265517 1155.48378243 1182.43121525
 1226.20645196 1234.39828807 1239.61170196 1240.13893333 1243.75878649
 1246.92594134 1256.99510378 1263.78831178 1265.52387197 1284.91406631
 1288.20048738 1294.00546573 1295.04659518 1301.94880277 1309.78540687
 1318.36010822 1338.42883336 1368.63375402 1374.71053136 1383.72639773
 1410.27899868 1438.7266259  1439.04489138 1440.71465182 1444.93170276
 1445.96743223 1451.29627902 1469.18417896 1493.46818838 1511.28032193
 1534.14333665 1535.71976411 1538.875519   1540.43937983 1549.98661089
 1550.84680768 1552.39056859 1581.51229329 1582.38245671 1593.87548051
 1632.29997052 1699.89331838 1723.43199725 1723.56959674 1723.63746315
 1724.19402774 1724.4983266  1767.47539963 1813.26126217 1836.82837427
 1839.22879865 1853.64307821 1853.99934355 1903.90492406 1904.80108739
 1905.16888601 1905.34958534 1909.39547025 1937.83186418 1947.29572888
 1955.92803001 1959.51054998 1969.15788066 2016.12727213 2017.32716765
 2017.65889975 2019.41575986 2020.34718972 2034.31127096 2042.60920668
 2049.6793803  2060.30394067 2060.78613888 2068.17874463 2068.2061112
 2084.39415081 2090.04746306 2117.23372832 2146.07885406 2146.12885387
 2167.87513942 2175.3782781  2181.2579895  2187.0766678  2228.6827126
 2251.72579331 2252.5165237  2253.65488612 2291.48217835 2300.11274616
 2307.2060197  2309.33287843 2314.17632703 2316.83428378 2327.02671243
 2334.65095066 2346.17747433 2346.36187364 2355.74083866 2379.6516828
 2398.59394548 2399.62497496 2407.00131412 2413.5112565  2494.54295424
 2495.44228422 2506.27397715 2523.83761164 2534.6511713  2545.95899579
 2548.07162124 2553.59760063 2596.48664065 2608.83266126 2609.1159602
 2623.83503863 2642.77770131 2644.02029667 2650.97430407 2652.61633127
 2675.20188036 2677.88660368 2687.49243452 2760.51999545 2767.83573483
 2768.09200054 2768.35959954 2774.66200936 2787.47049492 2787.58366116
 2787.66922751 2793.26057332 2842.61708921 2847.55693745 2858.64759609
 2881.11124563 2888.73418386 2901.96973449 2901.99093441 2934.99347797
 2941.85001906 2944.86434115 2962.73794115 2969.64538205 2969.83211469
 2977.14095409 2993.47289317 3008.69136974 3011.72059177 3033.23424486
 3060.31974382 3076.28408427 3082.71072697 3099.55436414 3103.36691659
 3131.35797884 3133.83313628 3134.27093464 3136.84042506 3148.65401433
 3168.16674154 3193.51578032 3206.66779793 3270.18012768 3283.60274428
 3293.92613911 3320.97960486 3321.15980419 3326.91591605 3336.31808098
 3341.50762829 3345.72751255 3346.29394377 3347.69587187 3373.50670893
 3374.44737209 3378.135125   3381.93371083 3394.50303061 3402.98079899
 3438.38470026 3447.57349932 3518.55753454 3554.57970017 3560.45921157
 3583.64875841 3583.72789145 3591.56192889 3591.8996943  3592.72852454
 3592.73712451 3602.60025438 3646.4826907  3658.54141238 3665.64978587
 3671.01549918 3734.7191949  3763.34688811 3781.87061901 3799.85288527
 3849.92799849 3884.74743527 3888.01432309 3896.88412333 3917.49101313
 3992.75216573 4012.94129043 4014.61628418 4028.38366616 4059.96791501
 4074.95495911 4076.37185382 4095.17348369 4111.9517211  4156.58535462
 4157.49698455 4169.37807356 4176.87631226 4186.99344119 4190.98345964
 4217.14459539 4219.72155244 4221.17238036 4224.2808021  4277.5246035
 4278.39580025 4303.30990731 4305.5831655  4314.91199737 4318.26795152
 4322.88763429 4324.87042689 4341.55133134 4365.56400843 4365.59287499
 4379.95382142 4393.81990303 4394.29683459 4418.51391092 4436.34967773
 4440.03406398 4451.42375483 4457.59216516 4464.09400757 4473.83693789
 4474.17340331 4476.62836081 4520.34316442 4532.03205415 4533.72338118
 4541.9479505  4556.91206135 4557.02206094 4575.01982714 4580.65647278
 4582.56613232 4606.00824488 4611.98992257 4614.2504808  4639.47065339
 4640.2642171  4640.36281673 4672.38519728 4675.94031736 4676.51074856
 4703.43198148 4705.93730546 4714.67220621 4746.86211948 4747.19968488
 4760.81823408 4855.13924892 4855.79871313 4862.38128857 4877.01633398
 4905.72419357 4934.06638785 4993.15883409 4993.1653674  5016.9358454
 5017.21771102 5047.42843166 5048.42812793 5096.76568096 5108.83416927
 5115.99334257 5116.80767287 5129.85172421 5149.19825204 5165.11165935
 5165.20399234 5166.15725545 5168.06884832 5170.44243947 5171.37910264
 5184.71241957 5191.70636015 5194.85988172 5211.96171793 5223.95847318
 5231.41801202 5245.87959141 5253.44779651 5253.65999572 5254.6223588
 5255.37565599 5259.66280666 5261.18536765 5261.21246755 5262.3342967
 5262.50399607 5263.22282672 5269.31797065 5277.44384034 5295.24437394
 5314.58116848 5317.26152515 5326.96898894 5328.60688283 5334.06099582
 5350.06563612 5353.8153888  5359.93966595 5363.16348726 5374.76761064
 5435.12701883 5435.53941729 5438.5123062  5452.00815586 5459.86112657
 5471.04881817 5471.33315044 5481.35631305 5496.74242233 5502.09196904
 5523.29998993 5528.46313734 5529.35926733 5534.36434866 5540.08739398
 5552.01801614 5555.99023466 5561.54544727 5561.5653472  5569.42381788
 5570.96914545 5574.27313313 5574.51543222 5608.05844044 5608.62687165
 5619.66273049 5625.93367376 5628.46389766 5639.63912264 5642.06931357
 5645.84296616 5675.34078947 5676.40115218 5682.58456245 5708.05993409
 5728.80089005 5734.26213635 5737.76332329 5738.59625352 5750.55890889
 5758.10098076 5781.4044605  5784.54394879 5789.0994318  5791.3774233
 5791.57772256 5797.20320157 5797.66516652 5810.77461762 5827.38295566
 5838.48911424 5839.05711212 5848.77624253 5849.98563802 5850.86480141
 5862.16449259 5876.96360406 5878.53049821 5879.50889456 5879.67916059
 5882.01855187 5890.35862076 5893.4293093  5893.43817594 5894.68043797
 5895.15140288 5895.15643619 5895.17706945 5895.20150269 5895.30766896
 5895.31636893 5897.09919561 5898.14682504 5898.90012223 5903.17723961
 5905.52679751 5915.73145945 5920.54760815 5925.61158926 5925.6445558
 5927.37371602 5927.77134787 5932.65472965 5936.77424762 5937.74991065
 5937.99187641 5939.19420526 5939.4871375  5940.53986691 5944.02692057
 5946.10014617 5947.62627381 5947.66354034 5947.99687243 5949.26536769
 5957.80486917 5963.61798082 5984.4634364  5984.53233614 5987.56032485
 5987.92625682 5989.16301887 5992.44273997 5997.01598958 6000.95447489
 6004.53599486 6008.78527901 6009.11774444 6010.73923839 6010.77763825
 6018.03454451 6018.36340995 6051.07812125 6059.56158961 6061.4058494
 6066.45853055 6078.35445284 6078.56175207 6079.44491544 6079.55461503
 6080.5824112  6083.32480097 6095.25108982 6095.26468977 6120.29122975
 6146.56513174 6152.63024245 6162.14727362 6165.90302628 6166.08469226
 6168.70718248 6168.88464849 6170.5160424  6171.38560582 6175.42612409
 6175.96115542 6183.9301257  6193.1155581  6212.25872003 6240.25654893
 6247.67862124 6248.15031948 6250.8797093  6260.3798072  6260.86450539
 6261.50120302 6267.62798016 6268.12061166 6273.47582502 6289.24129954
 6292.78531966 6296.2761733  6296.83503788 6297.04977041 6297.05980371
 6298.96356328 6301.14858846 6301.64951992 6302.23011776 6303.23178069
 6303.24491397 6303.24841396 6305.74137133 6327.00579201 6329.81224821
 6330.63167848 6349.91337323 6351.01860244 6351.77536628 6354.49085615
 6358.34037513 6360.84963243 6362.46362641 6362.64119242 6367.11500906
 6368.26303811 6369.65223293 6396.81789827 6405.19383369 6411.97150841
 6421.6247724  6452.69912316 6454.44664997 6455.81897819 6467.93123301
 6470.4881568  6475.92006987 6480.80085167 6498.15532027 6499.00588376
 6512.16210135 6524.92935373 6525.26441915 6529.08293824 6532.20489326
 6534.37001851 6534.39408509 6535.8042465  6541.91375704 6542.18948935
 6542.48798823 6545.58781    6545.59174332 6557.07043384 6558.36399568
 6560.41332137 6560.43808794 6571.93374506 6579.79328241 6586.59952369
 6590.16904371 6593.86529659 6594.07402914 6594.37329469 6601.26263566
 6605.16095445 6610.37800166 6610.54796769 6612.33579436 6625.75597763
 6627.17227235 6630.91719171 6635.61727418 6636.022506   6637.54596699
 6638.76626244 6638.85389544 6638.89046197 6640.8928545  6642.18048303
 6642.2706827  6642.34001577 6648.30896017 6655.37633381 6656.46299643
 6659.22421946 6664.33770038 6668.52788475 6674.26399669 6675.04526044
 6675.17185997 6681.88716826 6684.53895836 6687.11071544 6694.69045383
 6720.63642372 6727.65459754 6730.54495342 6737.20922856 6737.25356173
 6739.3368873  6747.73612263 6756.11492471 6757.0842211  6760.5694081
 6761.52930451 6764.77079242 6765.91012151 6766.28978676 6767.11335035
 6769.16914268 6771.62973351 6775.50255239 6777.4764117  6780.49110045
 6786.55204451 6789.82403231 6790.68216244 6794.87598013 6800.65065859
 6802.33815229 6806.21093785 6819.89075349 6853.98529298 6855.04868901
 6867.76994156 6869.52950166 6872.75095631 6873.75915255 6876.60717526
 6877.22920627 6878.50483485 6878.69516747 6880.63916022 6881.45465718
 6883.47291632 6885.69240804 6889.9372922  6891.34045364 6891.7066856
 6892.0198511  6892.59224897 6905.15896876 6905.2113019  6925.00822805
 6925.73795866 6945.26605249 6949.87713529 6951.0806308  6957.65537294
 6970.52262494 7007.12625507]"
11,759434_2025-02-04_B-78,CP,True,"[  21.06818061   21.9121108    22.93207366 ... 6881.00939217 6886.49130506
 7004.61329778]"
12,759434_2025-02-04_B-88,CP,True,"[ 159.02346602  291.86373718  770.85285049 ... 6989.40388785 6996.2607956
 7021.33133542]"
13,759434_2025-02-04_B-103,CP,True,"[  20.47404949   20.49404942   20.53544927 ... 7023.95482563 7023.96965891
 7024.5079569 ]"
14,759434_2025-02-04_B-112,CP,True,"[  20.84298145   21.16371359   21.43491258 ... 7023.89989251 7023.90679248
 7023.91269246]"
15,759434_2025-02-04_B-121,CP,True,"[  20.44764959   22.56210837   22.93154033 ... 7024.7589893  7024.81465576
 7025.04628823]"
16,759434_2025-02-04_B-123,CP,True,"[  49.20067567   49.55014104   58.16747556 ... 7023.7217265  7024.54032345
 7024.77932256]"
17,759434_2025-02-04_B-134,CP,True,"[  20.69884866   21.01248082   21.44261255 ... 7024.94632194 7024.98178847
 7024.99425509]"
18,759434_2025-02-04_B-138,CP,True,"[  45.89765466   59.00340578   59.03560566 ... 6987.50916158 7000.75951216
 7021.26920232]"
19,759434_2025-02-04_B-140,CP,True,"[  20.43158299   20.45228291   21.16334692 ... 7018.13564734 7019.66757496
 7023.76015969]"
20,759434_2025-02-04_B-142,CP,True,"[  23.01310669   23.05823986   23.08493976 ... 7023.70792656 7024.47749035
 7025.00725504]"
21,759434_2025-02-04_B-150,CP,True,"[  20.42951633   20.43381631   20.48978277 ... 7024.83488902 7024.838889
 7024.84592231]"
22,759434_2025-02-04_B-152,CP,True,"[  23.2338392    23.24653915   23.25867244 ... 7023.97092557 7024.25112453
 7024.99312176]"
23,759434_2025-02-04_B-153,CP,True,"[  21.82151114   22.53054182   24.90109965 ... 7024.13369163 7025.10018803
 7025.11135465]"
24,759434_2025-02-04_B-162,SSp,True,"[  23.62350441   23.65010431   23.65843762 ... 7015.20972492 7020.1650731
 7020.91967029]"
25,759434_2025-02-04_B-165,SSp,True,"[  20.31721675   20.32908337   20.46364953 ... 7024.73082274 7024.79668916
 7024.80322247]"
26,759434_2025-02-04_B-168,SSp,True,"[  27.7280891    27.75182235   28.50058622 ... 7020.14673984 7020.98107006
 7024.68302292]"
27,759434_2025-02-04_B-169,SSp,True,"[  20.28388354   28.47865297   28.77728519 ... 7024.31562429 7024.55709005
 7024.91712205]"
28,759434_2025-02-04_B-173,SSp,True,"[  25.82226288   27.03989167   41.66630378 ... 6987.78282723 6988.42239151
 7024.78012256]"
29,759434_2025-02-04_B-175,SSp,True,"[  20.53248261   25.611697     25.71646327 ... 7024.29149105 7024.54345677
 7024.56569002]"
30,759434_2025-02-04_B-183,SSp,True,"[  21.43331258   27.07252488   28.41555321 ... 7024.61392318 7024.79918915
 7025.08535475]"
31,759434_2025-02-04_B-186,SSp,True,"[  40.65440755   54.08829078   84.00697918   91.45135141  109.075919
  111.87860854  123.45829868  123.53093175  133.10939602  139.08457373
  148.46110542  152.13402505  153.15645457  163.22651701  164.7225781
  169.90689209  173.69081131  174.28384243  174.38407539  192.49234118
  203.83686553  234.48105122  249.1607298   265.72373468  266.41679876
  274.69160123  274.70550118  275.27616572  305.03182139  306.5301158
  311.67519661  311.72492976  311.96189554  312.32662751  312.60392648
  314.01722121  316.39474567  319.40996776  325.47914512  326.48460804
  329.443397    330.64362586  331.14645731  332.75228466  333.04855022
  344.38490793  353.38664102  380.39467361  416.81800442  441.09444719
  470.79876973  472.7998956   479.13660529  490.89366144  497.89136867
  547.99694843  555.78178606  559.52713876  563.72788976  577.27267257
  596.60496712  618.87221739  632.70166581  649.2264375   655.36824793
  662.52795455  662.56272109  670.29725891  685.33603614  685.35196942
  716.06582152  763.82624336  770.34431905  775.23363415  800.86093855
  802.30663316  827.87560445  832.26358808  855.62563427  864.8308666
  865.32066478  867.96365492  873.07503585  875.11216159  876.97655463
  877.26828688  880.50620813  889.8549066   890.44847105  896.23591613
  938.23969278  982.503361    985.55344963  990.70393042 1041.13527563
 1041.15327557 1041.69437355 1135.96392191 1143.94712547 1164.24581642
 1177.86289896 1187.98266121 1214.86689426 1230.46340275 1277.00576247
 1285.79016304 1299.40621225 1299.70891112 1315.98241709 1321.78662877
 1333.53385162 1334.99261284 1337.24857109 1365.34923294 1379.2208812
 1379.99401165 1389.70830875 1395.95068546 1413.83945207 1419.66153035
 1423.70061528 1444.68220369 1447.14069452 1494.46505132 1498.22810395
 1510.00136004 1570.7423668  1588.38983431 1597.70176624 1607.56936276
 1636.32848882 1637.96748271 1642.59596544 1643.36146259 1648.61170967
 1658.68343877 1697.80712617 1698.62998976 1711.80104063 1746.46434467
 1748.61543664 1748.70910296 1750.74709536 1771.13161932 1772.18344873
 1783.81187202 1786.57669504 1787.99582308 1794.81059766 1796.20309247
 1799.93034523 1808.42601354 1817.83791177 1833.94928501 1841.29069095
 1857.41429748 1904.00285703 2003.4347528  2004.20124994 2007.74710338
 2023.38051174 2024.76307325 2025.0791054  2025.44303738 2028.06826092
 2029.38115602 2032.03661278 2034.29137104 2036.56599589 2037.32712638
 2040.45214806 2042.18964158 2076.01854872 2082.74909028 2100.42019104
 2115.54710128 2167.59654046 2197.86242756 2203.85087189 2231.34286934
 2241.60049775 2282.42714546 2285.50636731 2307.45328544 2324.84562057
 2336.79850931 2338.78783523 2353.45318052 2374.20496978 2379.48891674
 2414.00478799 2530.4688869  2556.66398919 2558.51498228 2572.25826435
 2594.47294816 2605.46850714 2613.27537802 2624.47443625 2627.28749242
 2628.78472017 2645.76419017 2691.27935372 2723.5363334  2726.07405727
 2731.48913707 2774.02714506 2787.98869299 2788.8506231  2790.51145024
 2836.1858132  2850.1626944  2872.40524477 2879.93555001 2884.35636686
 2904.42552533 2948.71846011 3005.63291448 3022.45605173 3051.69904265
 3138.77225119 3142.36787111 3207.08969635 3241.43806823 3293.35297458
 3299.77978394 3347.64260541 3381.619612   3394.3539645  3469.92441595
 3475.68802778 3504.71138619 3515.10541408 3523.31455013 3535.41457166
 3560.7740104  3562.48667068 3580.88420205 3592.34765929 3597.50870671
 3606.277074   3607.10007093 3619.29955876 3632.09981101 3635.34356558
 3636.61149418 3666.0515177  3667.31127967 3678.928903   3687.60530397
 3688.65943337 3718.60335501 3724.76863201 3731.26557444 3755.97568227
 3781.63975321 3797.59049371 3799.26288747 3800.85068155 3813.14433569
 3854.51254805 3873.0781788  3875.0984046  3898.60728357 3919.40717265
 3927.20394357 3933.94915174 3942.16665442 3955.52763792 3993.61832917
 4029.74876106 4035.99553776 4039.4267583  4043.43961    4052.99134103
 4070.99354055 4076.04998836 4108.29903473 4122.32918239 4132.45257797
 4145.70586186 4164.21365949 4169.83913851 4177.4121436  4182.03022637
 4184.39345089 4209.16672515 4216.265932   4218.59418998 4240.46684173
 4241.74913694 4259.36303791 4259.51370401 4262.10216102 4266.79694351
 4270.03633143 4298.35599246 4320.9705081  4352.73822294 4354.75694874
 4359.60476399 4368.24103178 4378.00652869 4384.8378032  4410.73637327
 4429.81056878 4440.62876176 4441.70355776 4452.59818378 4453.33088105
 4538.55036317 4552.95290945 4564.14633436 4564.92066481 4565.34189657
 4572.88216844 4587.37351439 4592.3397292  4592.50226192 4607.0913075
 4612.65035344 4617.36366919 4619.83225998 4622.83448211 4637.18766191
 4639.98958479 4646.43356075 4701.21828973 4704.14921213 4709.40292587
 4715.71496899 4715.99870127 4724.60100251 4730.87241245 4732.82420517
 4742.43076934 4769.92736677 4770.70556387 4776.6925082  4789.61339334
 4815.888362   4823.19170142 4841.34506704 4855.76511325 4855.93387929
 4858.75836876 4865.3334109  4876.25263683 4884.65803881 4902.44060581
 4925.35642034 4926.05951771 4928.39254234 4937.3670422  4946.04807649
 4952.92798416 4953.96071364 4959.11352775 4964.28054181 4974.7391028
 4974.96810194 5000.03804176 5033.44568382 5040.83092294 5071.71120775
 5074.56963042 5074.81626283 5077.6661522  5098.89183969 5101.91322842
 5111.41359299 5118.13940123 5121.4730888  5132.91797944 5137.82126115
 5151.3109775  5153.39513639 5159.51938021 5179.90097085 5182.20906224
 5183.3110248  5195.30051341 5236.83725847 5236.99449122 5239.71274775
 5244.50439654 5255.62592172 5261.28503395 5268.23490802 5273.61175463
 5282.26662235 5287.28403697 5293.20788154 5296.83593467 5309.79451967
 5328.9100817  5333.14776589 5335.7720561  5338.89834444 5341.63406757
 5361.89859198 5364.64331507 5369.98902847 5389.16112362 5389.3179897
 5393.81407293 5394.29557113 5401.13647895 5402.94987219 5411.60713989
 5421.43363657 5428.39747726 5433.91539001 5442.13275936 5454.55014638
 5460.92772259 5462.19348453 5466.70763436 5476.33563178 5478.85538905
 5482.67727479 5485.4535311  5501.3690384  5520.80903256 5524.52298537
 5528.48037061 5533.02658698 5534.41161515 5542.1997861  5549.7248247
 5549.81555769 5553.52547719 5568.18205585 5571.85460882 5574.45799911
 5577.33322171 5578.30595142 5588.73361252 5596.34221748 5613.73135261
 5619.63516392 5626.79697054 5629.62799331 5642.40244566 5643.60120786
 5645.93909914 5651.57194479 5657.10669082 5662.39123777 5671.91470225
 5674.23682692 5678.46537781 5688.29994113 5689.12493805 5691.96499412
 5719.01015991 5724.36660659 5727.00036344 5761.50016808 5775.27248338
 5781.48219355 5781.51149344 5790.61279282 5803.70877731 5812.04604621
 5831.36250749 5836.48188839 5838.80764638 5853.20552601 5866.26391063
 5879.47566135 5884.81537477 5897.00922928 5897.61476036 5909.94168104
 5923.27133132 5923.55229694 5944.26898633 5946.40944501 5947.56570737
 5951.49435938 5959.85539486 5964.63097705 5972.29761511 5972.76024672
 5972.99584584 6007.3323511  6027.62160875 6039.08433266 6039.31966511
 6044.23264679 6078.19172012 6078.87331757 6089.66471065 6102.74662852
 6118.08810463 6134.1011449  6135.58050605 6135.71833887 6180.05327349
 6182.69283031 6183.05582896 6190.04563622 6190.18176905 6198.61797091
 6214.41424532 6222.5868815  6224.78703996 6231.91194672 6232.93237625
 6248.63908433 6249.24554873 6254.40089617 6262.2993667  6263.85292758
 6267.45861413 6280.23159982 6299.88999315 6312.75007852 6315.59743456
 6329.08941757 6329.37508317 6356.59111498 6357.06367989 6379.53122942
 6386.72670258 6415.34482916 6439.73370485 6479.52975641 6532.77512446
 6556.46050278 6562.66804629 6563.68377584 6563.84560857 6580.45597994
 6594.44892775 6596.32295409 6619.92349939 6624.90574747 6629.09509851
 6636.27223841 6636.5699373  6642.26091607 6657.35612643 6672.59460292
 6680.18994125 6689.49840653 6690.73786858 6711.52749103 6740.26095051
 6742.31764284 6773.3645937  6788.35293779 6813.38444442 6827.16775967
 6837.15765574 6889.3305278  6889.81849265 6892.7085152  6893.28971303
 6898.43749383 6955.02158276 6955.74891338 6973.55471363 6979.22829247
 6983.67257589 7016.6732528 ]"
32,759434_2025-02-04_B-189,SSp,True,"[  23.20970596   23.24240584   23.26353909 ... 7021.44883498 7021.51623473
 7021.84243351]"
33,759434_2025-02-04_B-193,SSp,True,"[  45.95238779   46.10895387   46.15715369 ... 7020.36527236 7020.87840378
 7025.01078836]"
34,759434_2025-02-04_B-194,SSp,True,"[  20.48818278   21.10804713   21.24331329 ... 7023.28089482 7023.91219246
 7024.80988911]"
35,759434_2025-02-04_B-197,SSp,True,"[  25.16346534   27.72872243   47.9248471  ... 7020.9805034  7022.78819665
 7023.07676224]"
36,759434_2025-02-04_B-198,SSp,True,"[  25.33213137   33.03073599   33.04003596 ... 7012.89163357 7012.89680022
 7013.4811647 ]"
37,759434_2025-02-04_B-199,SSp,True,"[  21.00004753   22.22737629   22.40587562 ... 7024.36209078 7025.06022151
 7025.07385479]"
38,759434_2025-02-04_B-204,SSp,True,"[  23.05157321   23.06000652   23.18950603 ... 7020.22220622 7020.66503791
 7020.7829708 ]"
39,759434_2025-02-04_B-230,SSp,True,"[  20.25348365   20.2949835    20.29731682 ... 7025.09928803 7025.107288
 7025.11405464]"
40,759434_2025-02-04_B-242,SSp,True,"[  20.428083     20.50468271   20.73644852 ... 7024.98158847 7025.01222169
 7025.05632153]"
41,759434_2025-02-04_B-263,SSp,True,"[  20.32878337   20.34991662   20.36471657 ... 7024.16109153 7024.66235633
 7024.84508898]"
42,759434_2025-02-04_B-268,SSp,True,"[  21.07358059   21.25407992   22.34377585 ... 7024.17605814 7024.4201239
 7024.7582893 ]"
43,759434_2025-02-04_B-272,SSp,True,"[  21.63901182   23.16037281   23.18377272 ... 7020.2642394  7020.7727375
 7023.232295  ]"
44,759434_2025-02-04_B-273,SSp,True,"[  20.248217     20.31298343   23.21730593 ... 7018.63801213 7021.28486893
 7021.60926772]"
45,759434_2025-02-04_B-281,SSp,True,"[  22.92024037   22.93534031   23.26650575 ... 7023.43222758 7023.84795937
 7024.97322184]"
46,759434_2025-02-04_B-307,SSp,True,"[  22.17827647   23.65533763   27.06412491 ... 7013.92869637 7016.88285201
 7019.53384213]"
47,759434_2025-02-04_B-310,SSp,True,"[  20.31438342   20.76431508   20.7950483  ... 7024.88758882 7024.91325539
 7025.08352142]"
48,759434_2025-02-04_B-311,SSp,True,"[  66.31397851  114.45729893  131.95716698  283.42623532  363.07350489
  519.78385367  573.73815242  624.16856431  737.87444017  774.97046846
  835.93727438  865.07996568 1218.89557923 1275.47303486 1491.42879598
 1785.52156565 1908.74130602 1956.34786178 2046.37749262 2054.29222976
 2100.4391243  2145.49122291 2156.16968308 2185.72357284 2188.18423033
 2254.81494846 2350.29112565 2410.03483613 2443.98014285 2522.24911756
 2586.7136771  2700.37055315 2708.8358549  2714.93243216 2715.07599829
 2720.13764608 2734.58732551 2742.36236318 2771.73355362 2796.31676192
 2797.38732459 2802.820171   2817.06321787 2848.73679972 2920.93399708
 2980.40424192 2982.68676674 2985.84285496 3004.66948474 3032.928146
 3037.07443053 3038.85475722 3056.02525984 3063.87126391 3075.04482223
 3078.01971113 3088.58570505 3125.26760156 3130.00251723 3132.63074076
 3152.07496823 3164.32075589 3186.27750732 3186.28957394 3219.2739509
 3253.23985754 3260.88559569 3267.49490437 3268.19776841 3268.45253413
 3274.64617769 3291.05484982 3303.92443515 3304.17096756 3331.67456497
 3342.0780595  3344.23251813 3345.48798011 3411.08366876 3428.44793733
 3454.49894015 3467.14425965 3484.41126191 3522.38022028 3567.10538678
 3579.96393882 3609.26292953 3621.29695131 3634.67286808 3634.70356797
 3650.87287432 3653.26009875 3702.90908022 3715.18150111 3733.8789647
 3740.34567391 3741.55123608 3755.21061846 3761.67589434 3765.16054801
 3782.95034832 3830.06140592 3832.1410315  3857.29960432 3858.17696772
 3920.46536871 3947.4271348  3967.79949214 3974.73826626 4011.76619481
 4038.80036063 4041.20061835 4048.99108929 4065.41462803 4072.81430042
 4095.22745015 4128.93819108 4148.20131922 4148.23861908 4156.51395488
 4157.29871862 4159.44277729 4171.35903284 4184.62538336 4194.02001498
 4214.62487145 4219.82078541 4224.9522996  4231.50550849 4244.46409348
 4262.62535907 4275.28257853 4289.5878585  4297.20719674 4308.96455289
 4321.14864077 4321.82533825 4328.24014765 4330.10684069 4330.73607168
 4332.60779803 4354.89524823 4381.16898356 4419.21210832 4431.69432842
 4449.10496348 4453.92907882 4479.68224942 4502.61209723 4515.88124773
 4524.63351508 4529.80226247 4577.9693828  4586.72508347 4608.60200187
 4819.59161485 4843.6087586  4867.02480459 4884.71023862 4891.88247853
 4903.76363421 4924.70968942 4981.87804284 5018.39547329 5019.43190276
 5053.84980771 5106.33921191 5111.78065828 5133.52947716 5145.89643103
 5166.4204878  5166.97548573 5169.72364215 5175.43002086 5182.80166003
 5190.96059627 5196.42604255 5196.87724086 5208.86129616 5209.83109254
 5214.74260756 5226.93936206 5231.33624566 5239.33021584 5240.76961047
 5249.1073127  5251.35397099 5258.46744446 5276.76384288 5288.7143983
 5297.73276466 5304.1818406  5306.63879811 5308.22422552 5308.63125734
 5308.82355662 5327.81188579 5330.15087707 5331.65967144 5332.30250238
 5336.72118589 5337.51024962 5352.80449257 5360.6869965  5371.3286568
 5371.92212126 5385.89133582 5386.5302001  5398.9334205  5404.27983389
 5404.84253179 5405.55049582 5409.48494781 5418.62724704 5419.4161441
 5422.19583373 5448.09037047 5458.0203001  5462.39508378 5465.94147055
 5466.8393672  5471.98191469 5477.40492779 5485.16153219 5496.10585804
 5501.16307251 5504.67495941 5506.62241881 5514.74945516 5522.67685892
 5538.65346599 5543.63691407 5544.56757727 5547.21393406 5547.83509841
 5553.81454278 5554.05047523 5554.78667248 5563.18590782 5563.65050609
 5563.90050515 5572.02697484 5572.9405381  5577.30175516 5583.46136552
 5593.74886048 5597.7298123  5598.63950891 5621.01955876 5630.96132167
 5638.40522724 5656.96172469 5660.87094344 5673.94896133 5674.46529273
 5677.63691424 5681.32376715 5692.99219029 5701.68265788 5703.7140503
 5703.83124986 5709.19592985 5709.75949441 5712.72585002 5717.59259853
 5724.20617386 5728.43305809 5729.32085478 5729.95741907 5730.06838533
 5730.43661729 5730.72131622 5733.84280458 5739.83081558 5744.55739795
 5744.61216441 5745.64932721 5751.06224035 5751.45130557 5763.95789225
 5769.85053693 5772.29179449 5777.36840889 5781.3258608  5781.46056029
 5785.87744382 5786.2568424  5788.75489975 5813.53894064 5817.75959156
 5826.30312636 5826.41122596 5829.34464835 5851.24293333 5858.69273887
 5873.31145101 5875.73874196 5878.73689744 5879.41342825 5879.73696038
 5885.1651068  5900.92651467 5902.4654756  5907.40415718 5908.88291833
 5916.17015781 5921.21933898 5938.24277548 5944.65858488 5946.18834584
 5947.67750695 5947.72310678 5951.59829233 5954.70831406 5957.40280401
 5962.587118   5966.39117048 5983.42117362 5986.63292831 5992.30427382
 5997.64382057 6009.87457495 6013.39352849 6014.79968991 6024.02055551
 6024.60375334 6026.61687916 6028.73187127 6028.7612045  6029.99969988
 6031.30842833 6032.16585846 6032.72625637 6034.84054849 6036.29907638
 6037.02764033 6037.14100657 6038.06933644 6038.08373639 6038.65486759
 6040.77422635 6041.50999028 6049.38089425 6049.94622548 6051.14072102
 6058.55786002 6063.74160735 6064.52003778 6066.77759603 6073.84930298
 6073.99353578 6077.20135714 6082.30610477 6085.69262547 6088.29831575
 6097.51981469 6097.85971342 6105.5058849  6105.50878489 6110.41986657
 6110.98466446 6120.31946297 6121.44802543 6123.93841614 6123.99748259
 6128.64569858 6131.2503222  6135.01557482 6139.59169109 6141.90664912
 6147.28446239 6151.589513   6155.81876389 6163.05867022 6163.40466893
 6165.05192945 6167.08698853 6172.61476791 6173.92912967 6176.80138562
 6184.3062243  6185.31195388 6191.98452899 6198.56270445 6200.39576428
 6202.27199061 6204.92371406 6207.56423754 6208.54316722 6214.74981074
 6230.59118498 6231.37831538 6232.29907861 6232.33274515 6232.80701005
 6235.63826615 6237.5839589  6237.78809147 6247.29005602 6247.4037556
 6250.63374355 6258.20408198 6264.64505796 6264.82585728 6265.10565624
 6265.63555426 6269.02527495 6269.05407484 6275.26555167 6280.13523351
 6287.7409718  6288.08627052 6297.07483699 6298.66103107 6305.71917141
 6307.19333258 6308.13569573 6308.52642761 6310.62295312 6310.67631959
 6313.6651751  6314.30137273 6315.84403364 6318.6526565  6319.74498576
 6319.87528527 6320.30188368 6320.33518356 6320.44888313 6321.25098014
 6321.99731069 6322.6931081  6323.47927183 6326.55916034 6327.28692429
 6329.10001753 6330.67731165 6334.56486381 6334.82552951 6335.61662656
 6336.68132258 6345.96412129 6347.38031601 6353.04206156 6354.60088908
 6359.45790429 6360.30076781 6362.00549479 6369.05513516 6381.02265719
 6382.04905336 6382.25891924 6383.53088116 6384.63747703 6385.32930779
 6386.67876942 6388.22586365 6388.50412928 6391.71865062 6393.52017723
 6407.00709359 6408.14505602 6410.14574855 6411.60837643 6415.81879406
 6417.06012276 6421.4826396  6428.6769461  6429.75937539 6431.08510378
 6434.12355911 6434.26769191 6434.60709064 6439.4084394  6448.42753909
 6451.09119582 6453.11118829 6464.00801431 6466.35637221 6467.81913342
 6480.83028489 6482.59704497 6482.93731036 6486.3319977  6491.73054423
 6500.16897942 6500.17431273 6502.31487142 6502.50443738 6504.15609788
 6504.89582846 6515.85645424 6517.48928148 6517.99001295 6523.39322613
 6531.48546261 6535.35278151 6552.43061781 6553.17788169 6553.66177989
 6554.14771141 6561.19361846 6562.74027936 6565.32156973 6568.87565647
 6569.40838782 6570.12965179 6577.9462893  6589.3137469  6595.98758867
 6607.22371343 6613.97048826 6620.93029563 6621.39552723 6622.10485792
 6624.00515083 6626.96180647 6632.89381767 6640.74712171 6642.90111368
 6643.47404488 6657.70899178 6662.00737574 6664.23330077 6665.39092979
 6665.39362978 6667.39185566 6667.88585382 6672.65806935 6672.81690209
 6672.93903497 6707.12650744 6715.17047744 6715.42707648 6718.18136621
 6719.46339476 6721.68845313 6721.72841964 6723.25698061 6730.06892187
 6731.26045075 6732.87861139 6732.92507788 6736.13569924 6754.786263
 6760.03157677 6760.237376   6760.86044034 6762.08233579 6762.09606907
 6766.41758628 6771.37873444 6773.68525917 6785.0541501  6785.8754137
 6786.99087621 6793.44911878 6809.70189149 6826.34569607 6826.86549414
 6827.28182592 6828.23232237 6828.24115567 6828.98938621 6833.81426822
 6839.0739486  6842.11290393 6843.17469997 6843.70856464 6843.81936423
 6843.96193036 6852.84913055 6868.24397312 6870.28709883 6871.05159598
 6874.18025098 6874.1846843  6878.95109985 6879.77039679 6880.03292915
 6882.31965395 6882.35268716 6885.0135439  6885.03471049 6887.92236639
 6888.89879608 6889.68602647 6895.81693694 6901.28484988 6902.39767906
 6902.92081044 6910.68434815 6910.92758057 6910.93691387 6911.32677908
 6911.76244413 6915.46749697 6915.69946277 6916.11642789 6921.82700658
 6928.07091663 6928.57564808 6930.50790754 6932.41576709 6933.39429677
 6934.00676115 6939.52904055 6946.35661509 6958.24870406 6959.97249763
 6960.60209528 6962.22768922 6962.35918873 6962.99835301 6966.12457468
 6967.37953667 6967.65206898 6968.4072995  6974.20574454 6978.53489506
 6986.83159744 6988.07139282 7001.64314219 7001.8032416  7014.67756024
 7017.15161768 7018.06101429]"
49,759434_2025-02-04_B-320,SSp,True,"[  20.26671693   20.80991491   21.09148052 ... 7017.40355007 7017.4056834
 7024.86355558]"
50,759434_2025-02-04_B-322,SSp,True,"[  48.54287813   65.09074974   76.97903872 ... 7012.70630093 7012.71466756
 7017.40591673]"
51,759434_2025-02-04_B-323,SSp,True,"[  21.10194715   24.44423469   27.06539157 ... 7017.93881474 7021.58923446
 7023.86965929]"
52,759434_2025-02-04_B-342,SSp,True,"[ 126.51652061  408.46953556  515.90446814 ... 6821.70791337 6967.9072347
 6987.96612654]"
53,759434_2025-02-04_B-356,CP,True,"[  22.20997635   22.41474226   28.1485542  ... 7021.49896813 7021.79533369
 7023.5631271 ]"
54,759434_2025-02-04_B-367,CP,True,"[  23.55617133   23.64623766   25.19499855   31.91427349   41.67123709
   42.03900239   51.1150352    67.1024089    72.58185513   80.61515849
   98.37399225  101.12798198  102.09084505  111.02594506  117.35292146
  117.42348786  118.91948228  141.03183313  149.83850028  161.89075533
  172.37668288  180.80265145  194.43276727  194.4425339   196.93532461
  200.85191     202.91643563  214.94379076  216.49278499  231.4667958
  233.00882338  239.76439818  241.33769231  267.31569541  269.20408837
  269.75105299  270.14871818  295.45435712  298.24084672  300.17727283
  303.259528    311.18243178  312.54989335  316.7259111   317.83067365
  328.76223287  339.85219151  399.23956999  402.22115886  403.13618878
  406.84577495  415.18024386  418.06369977  425.5605718   431.18508416
  431.61008257  433.33097615  434.11027325  438.77212252  445.15053206
  449.10601731  451.25137597  460.47270824  472.10756485  475.27755302
  479.9744355   487.87423937  494.69601392  512.75027991  513.4762772
  540.1337111   541.87310461  553.29189535  555.84931914  569.19173604
  572.80658923  576.7351079   605.1444686   642.30422999  646.80964652
  649.38123693  651.88379426  654.38831825  654.56801758  657.23860762
  666.8228052   667.50166933  688.18369219  695.72183074  699.66018271
  703.89723357  705.50632757  715.83185572  721.92169967  723.30629451
  735.62794855  738.8042367   739.40106781  783.79756887  799.72510946
  812.69082776  818.47173953  829.71063094  831.01929273  849.63818994
  859.51271978  860.29418353  860.82351489  868.6127525   872.47780475
  881.87870301  882.53313391  902.03729449  909.2986674   912.08955699
  920.14549361  932.28654832  937.82622766  950.88347895  952.84960495
  955.71606092  964.08719637  968.33501385  968.44361345  995.16014713
 1002.45065327 1003.6312822  1006.32167216 1012.03331752 1014.09054318
 1018.80805892 1032.14230918 1039.50324839 1043.55053329 1047.3112526
 1048.45624833 1049.77421008 1049.87527637 1057.56418102 1069.53790302
 1091.95025275 1096.32776976 1097.0764003  1103.64607579 1108.36559152
 1112.35974329 1117.34785802 1122.43197239 1124.5376312  1125.80192648
 1172.55541875 1180.45545595 1215.45032542 1215.57262496 1218.38091449
 1261.58215334 1282.61614155 1288.8918848  1308.97650989 1325.43104851
 1330.50712957 1335.96400922 1372.26534048 1377.15058892 1378.28831801
 1381.49433939 1384.33406213 1395.87918573 1425.31880925 1428.75862975
 1434.7246075  1466.19515677 1467.26791944 1470.63530688 1513.52258024
 1516.01190428 1533.25503997 1538.21785479 1554.29059483 1578.9458362
 1586.35997521 1587.58537064 1592.49498566 1598.32129726 1626.88892403
 1657.49370987 1657.638676   1658.19100727 1675.43297629 1675.68017537
 1723.12729838 1732.29599752 1761.25562283 1774.73150589 1783.42374014
 1793.61086881 1795.42832869 1810.53070569 1814.20382532 1835.35024645
 1841.81512233 1845.59920822 1847.28133527 1849.31816101 1863.54474128
 1876.07389454 1876.40862663 1876.99349111 1877.6397887  1897.55458108
 1906.40951472 1913.84888697 1926.6726058  1928.67929832 1931.14655578
 1935.89367141 1942.40654711 1948.68179037 1979.82407421 1982.8824628
 1991.4697641  2021.09712025 2030.80381738 2041.64174362 2044.25253388
 2055.80522412 2078.26857366 2082.34022514 2085.84064542 2091.03045939
 2093.03318526 2095.24064369 2132.32437203 2163.86282105 2174.56141448
 2202.15157823 2206.38596244 2213.56843564 2214.19699997 2214.45636567
 2238.68634195 2245.92428162 2252.58672343 2263.49078276 2274.02384347
 2278.081595   2289.65078518 2297.38302301 2298.15202014 2309.29514524
 2322.93832768 2324.28122267 2345.4342771  2360.88821946 2361.74004961
 2362.25261437 2362.73161258 2364.20664041 2397.07425115 2408.63270803
 2438.9269617  2462.41967407 2495.70678323 2517.79733417 2520.17722529
 2529.65318994 2531.20411749 2534.44827206 2534.9635368  2543.14397295
 2547.11955812 2552.67200408 2566.901751   2621.42954761 2630.13851512
 2638.63158344 2643.18376646 2698.30096087 2699.63138924 2735.12839016
 2746.17134897 2768.26063324 2780.59558723 2807.76411922 2857.13686839
 2870.48245194 2872.00541293 2880.58071427 2893.91143121 2940.75815647
 2950.1610214  2972.7049373  2975.47182698 3043.6601393  3046.22122975
 3048.19628905 3064.65302766 3075.9732521  3113.91951056 3139.88294704
 3162.21679707 3211.55684636 3237.40354994 3249.68620413 3267.89343621
 3269.57826326 3271.29635685 3272.14182037 3313.25973366 3315.10422678
 3349.09453332 3374.38983897 3375.52170141 3387.93385511 3391.3971422
 3396.48445655 3400.77974053 3424.24258635 3427.95920582 3428.45010398
 3434.80351362 3508.08620693 3510.43749816 3514.24068397 3516.65010832
 3522.94038486 3538.39669387 3540.48671941 3564.10696463 3566.66838841
 3567.80311751 3572.82436545 3588.39080739 3589.32260391 3601.47679191
 3616.86253452 3633.74490488 3652.05216992 3673.99875472 3674.06872113
 3674.37218666 3687.02027282 3695.06514281 3718.65652148 3734.36672954
 3743.25969637 3757.43331017 3763.54765403 3780.04645915 3833.63559259
 3837.30251225 3849.83769882 3863.46581465 3868.57752892 3875.6079027
 3878.42682551 3879.60255446 3880.11628588 3887.12989305 3898.84251603
 3899.10588171 3899.386514   3905.85975652 3917.14894774 3919.04737399
 3930.12749933 3941.42772385 3990.29867489 3993.12176435 4002.07029764
 4042.44231372 4062.76370458 4070.85054108 4081.99529951 4085.75888547
 4093.9725215  4124.61717386 4134.766536   4150.67707665 4152.03473826
 4176.88911221 4182.03465969 4200.9573891  4210.27708767 4238.76508141
 4250.09373915 4256.88574715 4261.40713028 4290.69215438 4314.67656492
 4341.19076601 4374.54857492 4421.85046514 4433.48455508 4435.20724865
 4451.67568722 4464.41537304 4474.46846887 4524.65871499 4542.51711504
 4562.16440842 4562.76447285 4563.84836881 4584.63145795 4592.84472731
 4593.49899154 4599.898201   4600.38533252 4604.87814909 4612.8465527
 4617.9313004  4636.716897   4644.68903393 4645.47496433 4667.79754773
 4667.79994772 4697.1877381  4703.82987999 4704.04741251 4736.67902413
 4748.55177984 4809.70038508 4815.92892851 4854.80921682 4911.26613956
 4927.03048076 4933.12659135 4960.65162201 4989.13224911 4993.003968
 5093.13659449 5102.64319237 5116.98580553 5148.36492182 5148.62508752
 5154.64026508 5184.61591993 5193.41425378 5199.58966408 5200.42576096
 5204.42257938 5204.47847918 5227.85949196 5262.82272821 5277.75403918
 5281.18299306 5300.68955363 5311.31201401 5384.25274193 5386.19590135
 5415.76252439 5419.09564529 5434.6249207  5438.84747162 5441.33226235
 5447.04887436 5451.1942589  5459.70239383 5461.85805245 5490.88621084
 5510.60580395 5512.26893108 5512.85129557 5530.8248952  5574.18410013
 5581.87130479 5589.59400931 5598.53830928 5628.0512992  5639.07555807
 5664.29223068 5693.93835343 5722.94234524 5726.29326607 5733.93307091
 5745.41419475 5754.97972574 5760.65053792 5763.59566027 5787.24393872
 5807.39479689 5816.04973127 5909.60581563 5912.29087228 5936.98698016
 5949.35853401 5961.34102265 5988.04365638 5994.90319746 6052.0936508
 6082.89503591 6104.01225714 6157.19262543 6225.75080304 6260.76320577
 6265.37238858 6299.25499552 6303.25551393 6309.5566571  6315.61163451
 6330.26454652 6331.81134075 6348.72207767 6361.949595   6364.41975245
 6377.67506967 6380.77199145 6416.46712497 6453.18448801 6611.35309802
 6639.73119217 6642.905747   6649.71655492 6659.25721934 6671.47197377
 6712.60292035 6735.53263482 6760.78314063 6767.90798072 6777.47534503
 6802.04618671 6862.68366053 6864.51532036 6875.1030142  6888.96149584
 6924.54026313 6941.59659951 7019.89417411]"
55,759434_2025-02-04_B-371,CP,True,"[  22.82140741   26.13516171   33.66440029 ... 6924.33419723 6986.47626543
 7008.27825078]"
56,759434_2025-02-04_B-373,CP,True,"[  23.72990402   23.825037     23.83650362 ... 7025.07668812 7025.09902137
 7025.10442135]"
57,759434_2025-02-04_B-378,CP,True,"[  20.30505013   20.72971521   21.00911417 ... 7018.62737884 7020.69063781
 7021.34250205]"
58,759434_2025-02-04_B-380,CP,True,"[  46.34758632   48.52301154   52.45793019 ... 6996.15566266 6996.16036264
 7008.3785504 ]"
59,759434_2025-02-04_B-399,CP,True,"[  22.80227414   27.71932247   46.35851961   51.26350131   80.32505958
  121.54827248  127.31608429  130.90877089  131.16993659  131.34426927
  131.7291345   152.34479093  198.37828589  208.983313    235.76347977
  251.19865553  281.54230901  287.43805369  287.47168689  288.73594884
  289.22334703  289.27208018  289.51431261  289.56677908  289.96724425
  293.02629951  293.0449661   293.05633273  293.072266    293.13266578
  293.20373218  293.22033212  293.26149863  293.26663194  293.29736516
  293.33159837  294.61396025  295.48169035  296.07532147  296.11635465
  296.19295436  296.32495387  298.27471326  298.60241204  300.54657146
  300.87150358  300.96333657  335.59134073  339.10532763  359.63198439
  383.61489493  384.47049174  414.24168069  414.25044733  439.53625301
  500.03179402  500.04912729  510.46705509  536.61525756  560.7772341
  607.57649286  620.35447853  640.61743628  640.64446951  642.46046274
  672.8184495   694.91620041  723.60202674  724.93598843  739.18103529
  775.629366    779.16135283  803.50176204  853.6786082   855.0118699
  855.04673643  855.12166949  855.80106695  856.0219328   856.68203033
  858.61425646  866.2530613   872.73740378  902.19262724  902.72785858
  904.44835216  904.69941789  913.44618526  913.7146176   914.61848089
  919.64162882  965.23735874  966.17708857  968.18231442  968.47524666
  982.91102615 1011.80748503 1012.84404783 1015.03523966 1015.52627116
 1021.41634919 1022.9131436  1060.85040209 1061.02383478 1180.60908871
 1194.79776912 1194.95176855 1275.30086883 1326.92174295 1357.17113011
 1357.26572976 1357.29866297 1440.67671863 1442.38824558 1479.56384024
 1486.78834663 1519.44002483 1530.6906162  1576.10694679 1600.3918562
 1632.37767023 1643.52209532 1652.1795297  1705.63176365 1723.32126433
 1890.4806408  1905.63985092 2003.18085375 2021.01202057 2038.18732317
 2069.34097363 2139.18414644 2235.09775534 2263.87031468 2264.09861383
 2267.07070274 2279.47388981 2288.60642241 2301.58327401 2322.90569447
 2414.13912082 2414.37391995 2426.88173996 2600.25522659 2600.27285986
 2674.44698318 2890.95574224 2915.03345243 2954.01667368 3083.33085799
 3132.68640722 3133.29730494 3133.93620256 3133.95733581 3134.11926854
 3134.1573684  3134.25440137 3134.29836787 3134.30136786 3134.3280011
 3134.3448677  3227.09955505 3814.24343159 3823.19306488 3897.14388903
 4222.43507565 4426.68718043 4459.71235725 4521.6354596  4624.24724351
 4662.76549983 4672.30929757 4715.32343712 4799.19265761 4808.91915466
 4918.37731304 4939.44746777 4941.37586058 4944.65094837 4947.21710546
 4948.79329958 4985.85839466 5031.14512573 5039.61972745 5056.63993063
 5066.3972609  5067.06802507 5125.57084018 5143.81653879 5147.90772353
 5150.35961438 5164.61092789 5168.04681507 5169.52464289 5200.00206254
 5202.39378695 5203.11845092 5221.0308841  5223.11454299 5279.64263214
 5369.44926381 5467.17596595 5479.45762014 5528.06510549 5603.60205706
 5631.7500854  5634.99847328 5635.10587288 5650.77818109 5695.4643144
 5708.65239854 5771.08883231 5799.84292506 5831.25264123 5847.8819792
 5855.9705157  5859.08357075 5860.48713218 5861.59212806 5865.14938146
 5866.02384486 5869.24119953 5885.54917203 5887.02289987 5894.0285404
 5894.47347207 5894.60267159 5895.98736643 5897.94949244 5905.58099731
 5919.79847761 5924.02632851 5925.47742309 5932.49223026 5938.31057522
 5938.52964107 5938.65637393 5941.30679738 5947.71767347 5949.60286644
 5949.64993293 5949.83833222 5950.1490644  5954.71188071 5960.79722468
 5961.03029048 5961.99498688 5962.61028458 5963.2677488  5963.6789806
 5963.95131291 5964.16897877 5977.75852808 5988.78438695 5988.98521953
 5994.53363217 5995.0440636  5998.17188527 5998.422551   5999.74141275
 6001.97913773 6017.57954621 6078.50991893 6123.16831901 6140.15412232
 6147.11646302 6179.3550761  6184.94695524 6198.56067112 6206.55727463
 6208.67766672 6209.76656266 6217.06443544 6227.38899692 6259.49244384
 6259.50487713 6266.52401761 6266.70361694 6267.50634728 6275.83321622
 6296.58733881 6296.94930412 6297.07730365 6298.84266373 6298.88179691
 6300.54319072 6303.26444723 6322.46630894 6322.86187413 6335.65195976
 6343.65382991 6345.65705577 6350.07687262 6350.0985392  6350.32560502
 6351.19453511 6351.43596755 6356.59511497 6362.21499401 6367.52280754
 6379.50532951 6379.95746116 6413.14190404 6422.22313684 6422.81603462
 6423.03076716 6432.40849884 6436.01905204 6436.88741547 6437.09494803
 6437.20318096 6445.47828342 6447.53360909 6453.96695176 6459.01276627
 6459.89282966 6461.61965655 6462.1868211  6480.85101815 6495.87889542
 6498.96545058 6507.00588725 6508.48598173 6508.50621499 6511.97610205
 6518.34581162 6518.78637664 6519.05167565 6524.80815418 6524.8303541
 6535.15411559 6536.42864417 6539.06706766 6539.16976728 6541.36119244
 6541.65085802 6542.05308986 6542.35262207 6547.6896355  6547.72803535
 6549.30942945 6549.33772935 6558.22059621 6563.78974211 6563.91547497
 6571.75814572 6572.76574196 6573.65187199 6573.72603838 6579.42945044
 6579.72358267 6592.40136872 6593.92176305 6593.99249611 6594.00312941
 6598.96847755 6603.59969361 6603.67226001 6604.89325545 6612.0666287
 6612.14219508 6612.35299429 6615.36871638 6616.83637757 6618.79027028
 6621.2508611  6626.74660727 6628.46350087 6631.50512285 6635.36920844
 6635.61054087 6640.8121548  6663.63403634 6680.39390716 6685.72815393
 6687.42214761 6722.67108279 6747.46312365 6747.49159021 6747.49692352
 6747.74788925 6748.69798571 6754.75852977 6755.1340617  6755.96019195
 6755.98325854 6755.98805852 6757.31315357 6759.0580804  6760.87874027
 6761.12240603 6762.27730172 6762.42863449 6762.46556769 6762.52856745
 6762.53920075 6762.70713345 6762.72106674 6762.99496571 6763.01363231
 6763.02553227 6763.10699863 6763.21949821 6763.26839803 6763.49576385
 6763.7496629  6763.75252956 6764.30036084 6764.30642749 6764.31909411
 6764.48116017 6764.5183267  6764.62505963 6764.80955895 6765.84555508
 6766.0634876  6766.62015219 6767.09455042 6767.11641701 6767.12428364
 6767.13295028 6767.16555016 6767.30868296 6767.92091401 6768.15481313
 6774.67565548 6775.54638556 6775.95481737 6776.34474925 6777.1901461
 6777.22564597 6777.28601241 6777.3234456  6777.35081217 6777.35637881
 6780.64619987 6784.09932033 6787.92177273 6789.73166598 6789.80693237
 6789.83086561 6789.84009891 6789.8604655  6789.90023202 6790.00326497
 6790.60692938 6794.72061404 6794.87811345 6802.05548668 6803.57211436
 6803.63628078 6803.66598067 6804.01164605 6806.00507195 6806.0345385
 6814.39857397 6815.8915684  6815.93936822 6819.75558732 6819.87535354
 6830.33618119 6837.48585452 6851.14343691 6855.01288914 6861.63789776
 6873.10428833 6874.25275071 6875.30824677 6875.43811295 6875.45417956
 6875.46364619 6875.55461252 6875.83001149 6876.08131055 6876.30190973
 6876.944774   6876.97390723 6877.14373992 6877.1503399  6877.16420652
 6877.43313885 6877.58520494 6877.74300436 6877.75180432 6877.76413761
 6877.98700345 6879.29993188 6879.38509823 6879.84976316 6880.37679453
 6880.49382743 6880.82129287 6881.14665833 6881.31012438 6882.70708584
 6883.58948255 6885.50267541 6885.52610866 6891.90988485 6894.48074192
 6897.45846415 6899.37582366 6902.48831205 6905.4258011  6912.51087467
 6918.22578668 6918.27961982 6934.01679445 6946.90461304 6948.59060675
 6950.23590062 6950.52379954 6958.44490333 6965.97130859 6986.83869742
 7008.25088421 7009.83151165 7010.95630745 7020.54687168 7021.6062344 ]"
60,759434_2025-02-04_B-432,CP,True,"[  37.36201983  236.84690906  274.44036884  276.50126115  284.47189808
  293.79322998  475.85785086  798.27878152  852.58497895  853.60827513
  853.61220845  863.74433732  867.72838913  967.88534887 1039.65528115
 1056.408752   1417.6202713  1442.56617825 1442.93281021 1444.63377053
 1534.71956784 1534.72533448 1539.10865146 1551.31690593 1687.14676593
 1702.55694178 1725.05659119 1815.25718806 1815.30535455 1975.41405732
 1994.75448518 1995.35371628 2016.89150261 2017.01813547 2018.63456277
 2022.75388074 2036.55616259 2080.09670018 2106.94876668 2110.53601997
 2147.25951632 2159.10693879 2194.72137261 2208.90798636 2260.27002811
 2263.19058388 2276.16493549 2276.26983509 2307.80118414 2308.02114999
 2327.25881157 2347.90190123 2352.15098538 2370.54401677 2397.93334794
 2398.71847835 2409.25593904 2410.45943455 2420.73589622 2437.73009949
 2473.86336471 2478.17641529 2494.51588768 2506.26647718 2545.57616388
 2564.15172793 2595.82920976 2597.62320307 2601.14742326 2601.17152317
 2601.20085639 2601.2267563  2601.31945595 2635.00839695 2635.20479622
 2653.64346078 2665.45711671 2682.10505461 2695.7817036  2721.64510712
 2794.0177705  2803.96356673 2834.89845134 2838.20117235 2842.05199132
 2847.11123912 2894.68956164 2896.66335428 2897.31438519 2929.89356366
 2952.96074429 3008.68373643 3008.6925364  3071.2013699  3071.93563383
 3128.65018894 3128.74798858 3128.77698847 3130.0292838  3130.03538377
 3130.11698347 3130.12381678 3131.6540444  3133.12860557 3136.39322673
 3136.4265266  3169.1863044  3237.59981588 3237.73418204 3243.16536179
 3250.30673515 3373.26980981 3382.08487693 3407.29284957 3416.81091407
 3417.32741214 3417.82307696 3439.9546944  3442.35345212 3450.59592138
 3460.34681834 3460.38671819 3480.50990979 3524.09888054 3560.37621188
 3581.08406797 3581.17626763 3581.36483359 3581.58093279 3583.94482397
 3585.92134993 3586.02764953 3586.04934945 3586.6433139  3586.64681389
 3624.79283827 3634.88000064 3653.84032992 3659.4033425  3673.83678866
 3674.02218797 3691.03849116 3708.30729342 3756.43851388 3756.49284701
 3769.2024996  3780.24222509 3780.58519048 3781.23378806 3840.29016777
 3842.06286116 3858.99586466 3885.29799988 3885.66439852 3885.94516414
 3890.48721386 3907.66638311 3918.1350774  3942.50015318 3946.32840557
 3946.34300551 3954.27894258 3954.66227448 3961.91698075 3978.95408387
 3985.45415962 3986.9699873  3987.23308632 3987.94805032 3998.63517712
 4003.41452596 4008.64440645 4008.85203901 4008.90437215 4016.46674394
 4056.99845942 4062.95480387 4068.41561683 4070.10161054 4075.28725787
 4080.50433841 4126.28850096 4198.63626443 4199.06852948 4205.57903853
 4219.75938563 4219.80085215 4224.76090031 4227.10199158 4231.11627661
 4240.1344763  4258.16860903 4276.38850773 4303.24610755 4305.6006321
 4340.43223551 4340.50926856 4346.70034546 4352.8919557  4358.52216803
 4358.52433469 4384.04763949 4393.82640301 4399.89014706 4409.4225115
 4410.896706   4425.85455021 4463.08314467 4473.94700415 4519.79743312
 4522.20035749 4527.82206986 4528.50560064 4530.59235952 4540.37015638
 4556.9687278  4557.1918603  4561.88554279 4567.56222162 4568.95028311
 4569.21811544 4581.44360317 4594.23162214 4599.39520288 4606.68307569
 4612.33285462 4612.47158744 4612.60965359 4613.59514991 4619.31489524
 4646.008829   4652.29780555 4658.23815005 4667.63114835 4672.14106486
 4672.37946397 4676.81334743 4676.81518076 4677.96687646 4678.41990811
 4679.16953864 4682.14502754 4695.77127672 4703.20051567 4746.55265396
 4775.59121231 4791.22645399 4791.58318599 4791.78661857 4810.77801439
 4816.1476277  4816.1836609  4816.87482499 4854.94134966 4855.17408212
 4861.23765951 4861.41595884 4870.50592494 4873.3390477  4882.30701425
 4889.6023537  4898.22315488 4898.72498634 4939.13080229 4945.91524365
 4946.19497594 4953.98344689 4985.945961   5016.59204668 5034.54274639
 5047.94879638 5065.1736988  5071.18130972 5081.50267122 5096.28524942
 5115.17987894 5130.37405559 5149.95958254 5164.58479465 5164.60689457
 5164.62296118 5164.69836089 5168.65101282 5170.40543961 5170.44660612
 5177.57711285 5182.62922734 5183.20269187 5184.91228549 5185.00978513
 5199.89979625 5211.47518641 5216.36420151 5217.77009626 5223.49307492
 5227.66795934 5235.21023121 5261.50466646 5261.59583279 5294.61004297
 5294.82980882 5294.89044193 5299.17265929 5315.75893075 5327.10555509
 5368.55450049 5368.83299945 5383.3214454  5389.81648784 5389.89272089
 5389.93382074 5390.54428513 5390.63348479 5403.02410524 5441.71949424
 5454.60477951 5495.13969497 5522.64569237 5527.11640903 5527.85780626
 5527.90243943 5527.93143932 5528.35007109 5561.5188807  5568.57452105
 5571.03217855 5574.42606589 5582.30183651 5584.9072268  5665.35456005
 5665.3852266  5665.59742581 5671.65550321 5674.25639351 5678.1029125
 5678.50137768 5693.00959023 5714.41727704 5743.92766696 5785.23881287
 5797.07526872 5810.62288485 5822.46514067 5846.16661893 5894.69780457
 5895.17206947 5918.39964949 5927.39834926 5927.82464767 5932.61149648
 5932.80562909 5936.8249141  5937.38817866 5937.71294412 5938.62550738
 5941.00696517 5943.85445454 5947.16614219 5962.21618605 5973.94010899
 6001.95380449 6002.20850354 6068.56208937 6095.12955694 6095.36592272
 6114.54375119 6127.09017105 6138.60209478 6168.45448342 6168.568783
 6169.78877845 6171.23627305 6239.55198489 6260.37827387 6260.62467295
 6260.63457291 6261.20080414 6265.96958635 6274.83491995 6280.6369983
 6284.36631773 6294.75894563 6298.3584322  6298.63339784 6299.56652769
 6299.97095952 6302.12875147 6305.5349721  6350.70380361 6351.59946694
 6360.88479897 6401.73641325 6412.31390713 6427.76944948 6427.79701604
 6430.73657175 6471.29158714 6473.64814501 6474.05994348 6481.13898374
 6493.9552026  6499.09528343 6499.11511669 6507.14225341 6508.5304149
 6512.17616797 6518.78527665 6518.9053762  6530.83929835 6540.07946388
 6549.34916264 6563.78507546 6564.8566048  6564.89363799 6573.87347116
 6573.93227094 6579.49861685 6579.80304904 6579.81671566 6587.58675334
 6593.78493022 6594.12319563 6604.58168995 6610.33483516 6617.09834326
 6622.59942274 6624.79324789 6625.0494136  6626.94430653 6627.12923918
 6627.69530373 6627.7744701  6627.85923645 6628.29403483 6629.30026441
 6630.6983592  6631.13905755 6631.63828902 6632.12655387 6636.42683783
 6637.29076794 6647.37939697 6647.91319498 6659.31798578 6661.86507627
 6673.90886468 6674.07693072 6679.71134304 6680.26510764 6685.80362031
 6685.84238684 6687.29901474 6696.79687931 6705.36278069 6707.423273
 6712.83085283 6730.35265414 6734.09584018 6745.39633136 6745.48666436
 6748.76111881 6750.22971333 6750.35951285 6754.69349668 6755.14519499
 6755.61102659 6756.08409149 6756.88022186 6758.98331401 6762.53930075
 6772.27019778 6777.51504489 6780.45123393 6791.32342671 6796.45700756
 6799.59912918 6802.62548455 6802.73178416 6814.30394099 6872.75098964
 6875.13834741 6875.46697951 6875.70877861 6876.31047637 6882.64895272
 6885.68550806 6888.09769907 6891.2704539  6891.84828508 6900.84145153
 6902.84571072 6905.15916876 6908.24522391 6916.9435248  6917.26735693
 6918.42228595 6926.19599029 6934.7091252  6947.91090929 6952.63902498
 7015.76022287 7020.06990679 7023.83179276 7024.22742462]"
61,759434_2025-02-04_B-445,CP,True,"[  22.1341433    40.45154164   42.2222017  ... 7023.52469391 7024.23572459
 7024.76898926]"
62,759434_2025-02-04_B-473,CP,True,"[  20.6884487    20.88311464   21.03578073 ... 7024.80562246 7024.95092192
 7024.99268843]"
63,759434_2025-02-04_B-476,CP,True,"[  41.20493883   49.35884175   54.60305552 ... 7021.26923565 7022.79019665
 7024.22585796]"
64,759434_2025-02-04_B-477,CP,True,"[  41.20493883   49.35880842   58.20190877 ... 7020.86700382 7021.04610315
 7021.16203605]"
65,759434_2025-02-04_B-479,CP,True,"[  20.44428294   20.4551829    37.27292017 ... 7024.19205808 7024.22962461
 7024.78322254]"
66,759434_2025-02-04_B-483,CP,True,"[  22.85454062   25.42079771   32.32253863 ... 7024.51215689 7024.73905604
 7025.01145503]"
67,759434_2025-02-04_B-486,CP,True,"[  20.71074861   23.93000327   26.59729332 ... 7024.20035805 7024.77692257
 7024.95545524]"
68,759434_2025-02-04_B-488,CP,True,"[  21.04138071   21.58064537   22.88307384 ... 7022.89446292 7022.91326285
 7023.04089571]"
69,759434_2025-02-04_B-492,CP,True,"[  21.44594587   22.70914116   23.0294733  ... 7019.64164172 7021.83316688
 7023.02432911]"
70,759434_2025-02-04_B-493,CP,True,"[  21.25774657   22.13240998   22.25507618 ... 7021.8734334  7023.320428
 7025.02745497]"
71,759434_2025-02-04_B-494,CP,True,"[  32.45067149   41.78487      58.37024147 ... 7015.16915841 7019.00401077
 7021.70630069]"
72,759434_2025-02-04_B-497,SSp,True,"[  25.81086292   25.91272921   27.31162399 ... 7019.19077674 7019.20164336
 7019.49990892]"
73,759434_2025-02-04_B-498,SSp,True,"[1443.81144027 1546.28885801 1546.32532455 ... 6981.62848352 6994.17043673
 6994.18500335]"
74,759434_2025-02-04_B-501,SSp,True,"[  21.13988034   21.36651283   21.69507827 ... 7023.66232673 7024.40609062
 7024.42319055]"
75,759434_2025-02-04_B-508,SSp,True,"[  20.25611697   20.25971696   20.26558361 ... 7023.37162781 7024.11515837
 7024.26995779]"
76,759434_2025-02-04_B-519,SSp,True,"[  22.88257384   35.79979233   44.93559158 ... 6997.92032275 6997.97805586
 7014.82689302]"
77,759434_2025-02-04_B-522,SSp,True,"[  76.44550738  137.36611347  140.49376847  177.83302919  177.92772884
  178.05412837  179.05592463  198.38525253  200.08464619  209.99220923
  210.83543942  304.55622317  360.06264945  365.7603282   392.42612873
  392.49936179  404.95474867  410.6120609   412.21808824  429.1107919
  429.1638917   468.33914557  468.3662788   468.51697824  469.12414264
  479.24543822  479.25700484  506.38983697  506.9454349   507.47073294
  507.48146623  507.50236615  508.06066407  509.29145948  524.82423487
  524.83053485  524.83640149  534.98303031  534.99963025  535.08636326
  544.80956032  568.1127734   577.65177115  577.66767109  577.86743701
  585.15090985  585.89434041  623.28553427  634.55142558  634.93285749
  635.80398757  647.61464352  671.92341951  676.3580363   676.36526961
  676.37276958  676.37930289  677.4470989   694.23703627  705.23166193
  705.26106182  726.23658358  726.24411688  726.25695017  726.29165004
  726.9194477   727.4895789   727.51324548  728.40404216  728.41440879
  728.46434194  728.53574167  728.84670718  729.14340607  742.40155661
  742.42065654  744.04535048  744.05361712  744.08388367  744.55681524
  756.00043922  759.65099227  775.89566501  790.40174423  790.85934253
  792.41507006  812.74479423  812.92349356  816.44868041  832.55445367
  832.6619866   837.81713404  882.66046676  898.60477396  905.32374889
  906.07087944  914.38394843  914.79984688  915.55821072  931.4967846
  932.10961565  936.69916519  944.34037002  960.56444284  960.69734234
  960.72560891  961.95440432  962.37950274  963.27733272  963.79633078
  963.83123065  968.54211308  971.2258364   991.81252628  998.54756782
  999.27046513 1001.93018854 1001.94422182 1026.06469852 1026.10283171
 1026.2116313  1026.79926244 1026.9350286  1027.13909451 1027.58442618
 1032.69380712 1032.8966397  1032.93140624 1033.41307111 1034.06833533
 1045.36252653 1063.61559178 1065.08775295 1065.48565147 1065.62545095
 1066.7996799  1083.96741586 1084.63134672 1084.64481334 1084.65597996
 1084.76257957 1084.85351256 1085.2884776  1085.34241074 1085.44717701
 1085.45304366 1085.46487695 1085.57854319 1085.59487646 1085.61224306
 1085.71394268 1085.719576   1085.72924263 1085.89540867 1085.92007525
 1086.10984121 1086.11824118 1086.12530782 1105.50296887 1124.16549925
 1124.56939775 1124.80236355 1126.15229184 1126.19115836 1126.23029155
 1126.30075796 1126.62709007 1157.1021764  1159.20906854 1163.82761798
 1165.79267731 1194.80190244 1195.34976706 1195.45766666 1195.81043201
 1195.8392319  1196.16366403 1214.31516298 1214.43839586 1214.5266622
 1214.54659545 1228.60367635 1228.67544275 1241.89539344 1242.37672498
 1290.50711211 1290.78437774 1331.38419297 1370.51531367 1425.46267538
 1475.85298742 1476.14945298 1513.81907913 1519.85635661 1519.86945656
 1650.22600365 1719.18307976 1719.67861125 1719.75894428 1720.13307622
 1720.22944253 1720.25920908 1777.86752753 2228.86544525 2247.74200817
 2300.71911056 2300.9059432  2484.08659324 2674.01265146 2674.10315113
 2674.1098511  2831.22529837 3107.95126615 3240.79650396 3595.30168161
 3595.66774691 3596.07227873 3606.01587497 3637.63682369 3637.76815653
 3637.78882312 3638.20852156 3708.23452702 3713.47254081 3713.62614024
 3726.30395962 3739.19811152 3739.22561142 3751.20746673 3751.24276659
 3754.43685468 3827.18534998 3828.41214541 3831.2654681  3892.76200538
 3931.53556075 3931.69262683 3931.83622629 3931.84342626 3932.093092
 3932.10635862 4179.67973514 4181.1547963  4247.42871576 4282.09751977
 4311.80590896 4503.01839571 4503.18572842 4515.64698194 4541.15422013
 4575.5213586  4616.49270577 4640.90728137 4641.58017886 4641.96417742
 4656.22355757 4669.16920928 4669.46144152 4742.92843415 4764.85125237
 4768.79083768 4790.29792412 4832.76436572 4841.19336761 4867.33480343
 4894.45330228 4931.66593013 4938.57200437 4938.59313763 4950.64199268
 5046.97443335 5055.19323603 5057.16159535 5067.87212207 5085.47295641
 5094.75185514 5094.76232176 5109.62699965 5109.64433292 5110.57512945
 5110.59339605 5111.16382725 5123.03404964 5124.21947855 5143.00444182
 5143.13984131 5152.29154051 5152.31947374 5152.43373998 5152.86693836
 5185.02868506 5402.64720665 5430.13633744 5430.26703696 5468.43246126
 5469.53565715 5493.00326961 5516.09031682 5516.12468336 5516.43591554
 5523.38802294 5543.30151532 5548.58542895 5548.60196222 5636.77416666
 5659.54911504 5666.73752156 5681.70689905 5729.36388795 5729.56068722
 5735.29019918 5767.30911308 5772.6825597  5780.21846493 5800.93288766
 5809.29675646 5853.82249037 5853.84875694 5854.62388739 5854.63768733
 5855.14768543 5857.75057572 5862.04105972 5865.86001214 5867.43193961
 5867.73533848 5871.60772403 5871.98562262 5872.3494546  5872.3575879
 5877.50026872 5877.77556769 5878.16156625 5878.16829956 5884.96074089
 5890.6231531  5891.85271518 5891.90154834 5892.0730477  5892.08894764
 5892.09504761 5892.42631304 5903.48690512 5910.78664456 5910.79424453
 5921.95126958 5922.03830259 5922.11856896 5922.31906821 5924.44796027
 5930.67927036 5982.46051054 6011.83990095 6030.27356552 6036.4544758
 6036.4625091  6053.35701275 6077.26972356 6097.37224857 6136.17917048
 6155.48823179 6203.10932082 6211.42602314 6212.09972062 6212.33601974
 6212.48601918 6212.54541896 6314.56327175 6327.99318833 6334.75732976
 6335.66262638 6343.72136299 6343.7452629  6384.45631104 6384.49534423
 6384.50117754 6384.67241024 6384.98170908 6386.03130517 6386.04323846
 6391.70375068 6422.24520342 6425.89665647 6442.80792672 6442.87705979
 6442.88609309 6442.89535973 6442.90065971 6442.90505969 6442.91509299
 6448.72990463 6448.78083777 6448.78667108 6450.50636467 6450.52523127
 6450.54763118 6450.55606448 6450.81769684 6455.96304432 6455.96941096
 6457.77680422 6457.82050405 6464.88804436 6471.32882033 6473.65944497
 6474.58234153 6474.8215073  6475.797437   6477.48039739 6477.75199637
 6477.78502958 6477.79322955 6478.1026284  6484.89103641 6494.43310082
 6494.51373385 6494.63126674 6494.79196614 6494.87756583 6495.77926246
 6497.18629055 6497.20255715 6497.35062327 6497.3678232  6497.46222285
 6497.50662269 6501.26007535 6501.76210681 6504.51729653 6514.39615969
 6514.40839297 6514.41499295 6520.98600177 6521.05406818 6521.06846813
 6521.09286804 6521.18820102 6521.19583432 6528.38784083 6528.49934041
 6528.52430699 6530.10693442 6537.62757303 6537.73477263 6539.48856609
 6539.62493225 6540.79269456 6540.80509451 6549.01816387 6550.98442321
 6551.12368935 6559.78879037 6559.86312342 6560.42728798 6560.45102123
 6560.62018726 6560.63118722 6561.07051892 6561.11935207 6561.26498486
 6561.76734965 6565.46483586 6565.49556908 6572.5400428  6572.73377541
 6572.97430785 6573.24797349 6575.45386527 6577.45945778 6581.27487689
 6581.86820801 6581.96310765 6581.98174092 6600.32620582 6618.00460655
 6618.02973979 6618.19037252 6618.27233888 6644.63934053 6646.62563312
 6650.49805201 6653.31877482 6654.09137194 6654.11373852 6654.12150516
 6655.38206712 6655.50689999 6655.51809995 6655.84059875 6655.99203152
 6656.27646379 6656.53306283 6675.64369155 6678.17781543 6678.61028048
 6679.66037656 6690.36296997 6690.38856988 6704.39411764 6712.45928755
 6719.52132788 6724.76907497 6735.27266912 6735.34580218 6735.39896865
 6735.42700188 6744.82726682 6778.52630778 6778.9320396  6807.97353127
 6823.57363975 6823.58483971 6824.52063622 6847.31058454 6847.52288375
 6847.52751706 6847.80764935 6847.91484895 6847.97368207 6848.01208192
 6848.1620147  6848.38148055 6848.39501383 6848.45844692 6848.46541357
 6848.73771255 6848.7676791  6848.77747907 6848.83991217 6848.8503788
 6848.85654544 6849.00211156 6849.65757579 6849.88277495 6849.88927492
 6850.25564022 6893.85544425 6894.00111038 6901.40131611 6913.89206952
 6932.28886756 6933.50956301 6955.6290805  6955.8958795  6956.43877748
 6956.71470978 6971.14975594 6971.16008923 6971.40402166 6971.87951988
 6972.94584924 6974.7599758  6998.73008639 6998.74811966 6999.52785008
 6999.53418339 6999.84751556 6999.91334865 7006.21612514 7007.17568822
 7007.39725406 7007.46918713 7007.57145341]"
78,759434_2025-02-04_B-535,SSp,True,"[  25.31759809   30.53774529   32.10600611 ... 6885.00547727 6951.62432877
 7025.10065469]"
79,759434_2025-02-04_B-545,SSp,True,"[  20.43851629   20.80671492   21.40747935 ... 7022.47463116 7022.57329745
 7023.80082621]"
80,759434_2025-02-04_B-546,SSp,True,"[  23.00744004   24.37896826   26.74355944 ... 7023.68315998 7023.97149224
 7024.02292538]"
81,759434_2025-02-04_B-562,SSp,True,"[  20.24765034   21.10464714   21.51971226 ... 7024.36279078 7024.85378895
 7024.87132222]"
82,759434_2025-02-04_B-563,SSp,True,"[  30.28177958   60.94216521   79.6037956  ... 7023.84285939 7023.85109269
 7025.08225476]"
83,759434_2025-02-04_B-564,SSp,True,"[  23.21853926   23.22903922   23.90770335 ... 7017.59618269 7019.62677511
 7019.65520834]"
84,759434_2025-02-04_B-565,SSp,True,"[  66.68261046  103.99347129  110.02524879  110.5242136   228.28897432
  273.23853998  281.74477492  287.38158723  287.47955353  287.51488673
  287.51762006  288.57574944  288.57764943  288.58831606  290.0000108
  290.0065441   290.01227742  290.01437741  290.01631074  290.02304404
  290.02527737  290.02714403  290.04961061  290.11357704  290.12617699
  290.1324103   290.15907687  290.16444352  290.17704347  290.23884324
  292.31770215  292.35696867  292.96003309  292.9645664   293.46806453
  293.52679764  293.53023096  293.58269743  293.59929737  293.60293069
  293.60679734  293.61489731  293.61776397  293.79339665  293.7958633
  293.95079606  293.95292938  293.96049602  293.96462934  293.96812933
  294.6639934   294.66626006  294.69192663  294.74619309  298.40654611
  298.44087931  299.06721031  299.35307591  299.35760922  299.35930922
  299.507742    299.51210865  299.51417531  299.52414194  299.52760859
  299.68127468  299.68637466  300.18867279  300.19097278  300.20047275
  300.20943938  300.21597269  300.21823935  300.23720594  300.37990541
  300.9646699   302.45896432  304.75518909  317.39754193  374.75396132
  374.75852797  533.8793011   554.25742508  574.96324785  589.87049224
  597.74362954  604.50753764  631.76066932  635.24832298  638.23791182
  692.99567424  693.00044089  758.71129578  758.7145291   787.18615623
  853.34647611  853.554742    853.56107531  853.56324197  853.78997446
  853.79190778  853.79384111  853.79867442  853.80087441  853.99970701
  854.30913919  854.42780541  854.66833785  856.13089906  856.20523211
  856.22636537  856.25099861  856.45449785  856.54499751  857.16029522
  857.35432783  857.72805977  857.7355264   857.73862639  857.74039305
  857.86512592  857.87775921  857.8799592   857.88599251  857.88832583
  857.89059249  858.1469582   858.15089152  858.33982415  858.83062232
  862.68724127  862.69060792  863.11750633  868.11405436  868.12678764
  868.12892097  871.11320984  871.22130943  968.50394656  968.53604644
  968.53877976  971.46043553  988.02864039 1005.61364147 1005.61584146
 1212.95016808 1212.95626805 1212.95843471 1212.96023471 1212.96206803
 1218.45238089 1235.60928355 1240.24226627 1264.74707487 1264.75944149
 1309.69527387 1309.69930719 1309.7060405  1357.49042892 1357.81476105
 1357.84599426 1357.84926092 1377.68595359 1385.77379009 1439.53682288
 1440.10565409 1440.12125403 1440.51701922 1440.52845251 1441.02931731
 1441.0321173  1441.04448392 1441.04765058 1441.0598172  1441.291783
 1441.77601453 1441.96058051 1442.72244433 1444.09113922 1608.99682411
 1624.55166608 1794.25006642 1849.99515849 1888.40928186 1888.56874793
 1888.57084793 1904.05972348 1904.06285681 1987.68751154 2006.21930908
 2016.95900236 2016.96983565 2017.6892663  2017.86056566 2017.86616564
 2019.1908607  2019.20276065 2019.28712701 2020.13762383 2020.75712152
 2020.77328813 2020.77565479 2020.85298783 2021.19001991 2038.82718745
 2166.46107803 2203.2673074  2209.16458541 2209.16691873 2221.24304035
 2318.55161071 2346.36134031 2596.73147307 2597.93106859 2598.29643389
 2598.79593203 2599.28283022 2599.88852796 2606.54020314 2629.06081914
 2834.63828564 2850.64725926 3126.08129852 3126.25919786 3126.42463058
 3126.65356306 3126.89762881 3127.51459318 3128.01282465 3129.06902071
 3129.35401965 3129.69231839 3129.70371835 3130.70408128 3130.70951459
 3130.71384791 3130.82574749 3132.47774133 3132.48050799 3132.48520797
 3133.71703671 3134.15670174 3134.20696821 3136.65992573 3136.67969232
 3229.0702477  3338.72713866 3404.92379174 3481.19137392 3581.91866486
 3581.92219818 3582.07529761 3582.07949759 3582.4356296  3582.44782955
 3583.2300933  3583.28412643 3583.28739309 3583.5706587  3583.57709201
 3583.60692523 3583.64029177 3584.0183237  3584.64542136 3584.94122025
 3585.02941992 3585.04155321 3585.3206855  3585.32308549 3585.83811691
 3585.91454996 3586.65181387 3592.03216047 3592.04806041 3656.35445387
 3663.45399406 3671.24646499 3673.45795674 3694.22627927 3710.72888438
 3788.14369562 3823.17379828 3853.45141868 3879.6015878  3879.60575445
 3879.60762111 3879.60975444 3917.55764622 4013.35542221 4076.13002139
 4118.40513037 4118.79269559 4123.83474345 4204.18041041 4209.75688961
 4220.71071542 4220.72088205 4220.72811535 4220.90468136 4221.11398058
 4221.13358051 4222.56114185 4222.56337518 4222.85604075 4223.26733922
 4223.27593918 4223.85890368 4224.15100259 4224.15316925 4224.58776762
 4225.20059867 4231.51710844 4333.75476042 4345.74618235 4388.48532293
 4388.48765626 4388.49045625 4399.92671359 4399.92898025 4467.70862742
 4481.27374349 4484.48016486 4494.82092629 4494.84959285 4527.75540344
 4528.43373424 4528.71533319 4528.71779985 4528.76419967 4528.9186991
 4528.92179909 4528.92423241 4528.92959906 4529.14119827 4529.14439826
 4529.38789735 4530.26392741 4530.26889406 4530.27069406 4530.34616044
 4530.69565914 4530.733459   4530.74502562 4530.74735894 4530.79639209
 4530.81065871 4531.1879573  4531.20275725 4531.36488997 4531.36698997
 4531.36982329 4531.39835652 4532.35368629 4532.35595294 4532.63351857
 4532.63568523 4532.63851856 4533.32154934 4533.32634932 4533.32878265
 4533.33091597 4533.3337493  4533.34154927 4533.34434926 4612.08642221
 4667.06141714 4715.25923736 4730.93317889 4752.55913156 4895.74506412
 4942.5505562  4979.71751756 4979.89765022 4997.82311669 5026.11694449
 5026.92987479 5043.85887831 5071.37827566 5071.38297564 5110.06619801
 5143.80117218 5165.42059153 5165.59065757 5165.84025663 5166.05605583
 5166.09598901 5166.100089   5166.31192154 5166.3139882  5166.31985485
 5166.3326548  5166.80918635 5167.0387855  5167.12895183 5167.13128515
 5167.83794918 5167.85874911 5167.86121576 5167.86571575 5169.71527551
 5169.71744217 5169.72220882 5169.72447548 5169.73300878 5169.97634121
 5169.97847453 5169.98054119 5169.9860745  5170.06780753 5170.07284085
 5170.08340747 5170.0858408  5170.61767215 5170.63410542 5170.63700541
 5170.67083862 5170.70140517 5170.7643716  5170.80797144 5171.62610172
 5171.94253387 5171.96746711 5172.06796674 5172.07130006 5172.14856644
 5172.36903228 5172.38693221 5212.21758364 5214.15547641 5260.8943354
 5271.58999551 5271.5932955  5310.41325069 5362.80158861 5381.78818446
 5426.3139517  5430.28820354 5451.68502373 5488.91875151 5488.92048484
 5488.92261816 5499.03981376 5504.56952647 5507.68961483 5523.40042289
 5523.54172236 5523.54432235 5523.55948896 5523.56412228 5523.67825519
 5523.68158851 5523.68365517 5523.68548849 5523.68772182 5523.90035436
 5523.90272102 5523.90552101 5524.36348596 5524.36778595 5524.36955261
 5524.37148593 5524.37385259 5524.37718591 5524.65388488 5524.65918486
 5525.32634904 5525.37844885 5525.50518171 5525.90108023 5526.05781298
 5526.142246   5526.69271061 5526.95520963 5526.96667625 5526.98977617
 5527.07484252 5527.43454118 5527.4453078  5527.93480598 5559.80098711
 5559.8043871  5559.80628709 5559.81005374 5559.81205374 5567.26005929
 5567.27735922 5567.51735833 5579.04094868 5597.27048068 5598.77290841
 5606.00521476 5608.1053736  5613.54291998 5649.95228417 5658.5688187
 5774.60145255 5855.62608365 5856.37491419 5904.18790251 5927.13295025
 5938.68607382 5939.45173763 5939.60790372 5939.61237037 5939.61417036
 5939.82933623 5939.86626942 5940.05263539 5940.05503538 5940.07073532
 5940.34886762 5940.38410082 5940.90186556 5941.02126511 5941.05029834
 5941.26533087 5941.4434302  5941.44919685 5941.4525635  5941.48159673
 5941.53462986 5941.55236313 5941.92279508 5942.27546043 5942.36926008
 5942.37262674 5946.45287819 5947.81893976 5949.35113404 5961.83278748
 5961.9442204  5961.9978202  5962.00042019 5964.15834547 5964.32294486
 5964.32601152 5964.33591148 5964.44824439 5964.45937769 6013.01619656
 6016.71384944 6021.14816623 6022.88112643 6037.44643877 6043.40614987
 6051.00488819 6051.01138817 6089.49384462 6091.30353787 6238.54898863
 6279.00753771 6290.89472671 6298.78459728 6298.79509724 6299.01192976
 6299.01372976 6299.01552975 6299.02096306 6299.5391278  6299.5560944
 6299.56139438 6299.58059431 6299.86459325 6299.86689324 6299.90392644
 6299.90645976 6299.92535969 6299.99045945 6299.99789275 6300.72805669
 6300.75058994 6300.75448993 6300.75628992 6300.77432319 6300.77658985
 6301.07668873 6301.08552203 6301.09522199 6301.22365485 6301.22695483
 6301.23522147 6355.54291889 6370.54122962 6370.54352961 6375.51164441
 6440.33150262 6440.33676927 6441.99432975 6478.88259216 6478.88502548
 6492.60660763 6503.18853482 6569.04265585 6569.04985582 6611.43866437
 6727.97236302 6751.7224411  6751.72614108 6759.85564409 6759.86734405
 6759.88197733 6759.90897723 6760.05081003 6760.05314335 6760.09304321
 6760.78017398 6760.90020686 6761.08337284 6761.17433917 6761.4966713
 6761.74047039 6761.7465037  6761.76277031 6761.83727003 6761.89290316
 6762.14373556 6762.14946887 6762.15170219 6762.57836727 6763.22173153
 6764.3216941  6764.32386076 6764.34139403 6764.48126017 6764.62929295
 6764.65822618 6764.66379282 6764.67285946 6764.68412608 6764.70079268
 6764.83515885 6766.21845369 6766.23642029 6766.26305352 6766.26568685
 6766.27188682 6766.27568681 6766.27792014 6766.53058586 6766.53371918
 6767.10935037 6767.11655034 6767.12311698 6767.46774903 6767.59988187
 6767.60578185 6767.90861405 6768.34274577 6768.35484572 6768.82881062
 6768.83694392 6780.56980016 6839.21888139 6873.85901884 6874.13168449
 6874.1476511  6874.14948443 6874.15245108 6874.61701602 6874.63901593
 6874.64471591 6874.66021586 6874.69018241 6875.13578075 6875.22428042
 6875.24751366 6875.24971366 6875.25991362 6875.52654596 6875.68767869
 6875.68961202 6875.69954531 6875.70177864 6876.28127648 6876.28770978
 6876.33014296 6876.33667627 6876.55447546 6876.62567519 6876.64330846
 6877.45873875 6877.70447117 6879.04486617 6879.04769949 6879.12749919
 6879.34333172 6879.36269831 6879.37949825 6879.40033151 6879.40779815
 6879.40989814 6879.42373142 6879.44289802 6879.55636426 6879.56076424
 6879.86459644 6879.8665631  6879.89702965 6880.17799527 6880.19612854
 6880.19976186 6880.20212852 6880.30276147 6880.3056948  6880.61216032
 6880.67582675 6880.69302669 6880.72492657 6880.73829318 6880.74239317
 6880.79549297 6880.82635952 6880.83925947 6880.84339279 6881.18002487
 6882.52461985 6883.23678386 6883.2438505  6883.29238366 6883.29781697
 6883.30178362 6883.30411695 6883.3080836  6883.31288358 6883.3165169
 6883.3250502  6883.41871652 6883.45334972 6883.54514938 6883.76778188
 6883.78818181 6884.74327824 6884.75377821 6884.76821148 6885.4959421
 6885.49807543 6885.51964202 6885.53254197 7023.29396143]"
85,759434_2025-02-04_B-577,CP,True,"[  43.37706406   76.61267342   83.23571539 ... 6951.00563108 6951.27759673
 6968.01416763]"
86,759434_2025-02-04_B-590,CP,True,"[  20.38534983   20.52394931   23.59233786 ... 6957.68277284 6957.73667264
 6958.0765047 ]"
87,759434_2025-02-04_B-594,CP,True,"[  79.87806124  109.56465051  109.97281565 ... 6965.69864294 7011.66517148
 7016.23625443]"
88,759434_2025-02-04_B-601,CP,True,"[  22.12061002   46.16842032   54.75968827 ... 7017.19478418 7017.20511748
 7017.33958364]"
89,759434_2025-02-04_B-620,CP,True,"[ 149.22680256  286.00192571  302.79959639  343.8476766   351.45991488
  446.99382519  566.69547869  641.586766    681.62818331  699.55864976
  758.57859627  770.60191809  809.10850779  906.84397656  942.41107722
 1024.13247239 1040.01317982 1043.23903445 1291.44707527 1301.17190566
 1332.37548927 1411.3923612  1433.46507886 1576.15791327 1593.96014686
 1636.84695355 1723.54883015 1724.10009476 1813.73029376 1814.73412335
 1891.06713861 1904.26398939 1904.46925529 1904.6813545  1904.89328704
 1905.56005122 1994.50501945 2033.78703959 2034.3826707  2086.4986763
 2162.536826   2167.99973896 2168.02580552 2174.64801416 2181.65788801
 2183.8502465  2187.37210003 2193.66667655 2218.75894962 2228.90157845
 2257.37330558 2275.26063886 2276.35690144 2278.42859371 2291.7366774
 2297.77525488 2302.89426911 2307.05888691 2307.17001983 2307.40825228
 2309.1177459  2309.27887863 2313.80216176 2328.14457493 2338.71996881
 2346.1687077  2352.94751574 2369.90351916 2370.94024863 2371.5279131
 2371.58904621 2371.69054583 2371.9923447  2372.10531095 2376.76589356
 2381.88534113 2381.99264073 2393.80296335 2398.68061182 2398.68494514
 2398.73584495 2398.88844438 2399.42894236 2399.6331416  2399.71347463
 2400.91927014 2410.62066728 2413.99608802 2414.22635383 2422.59455595
 2424.09748368 2427.15133895 2433.6984812  2433.70514784 2473.31990007
 2483.60149505 2486.51245086 2489.96990463 2492.88709375 2496.54044679
 2496.61837983 2496.62444648 2496.74041271 2503.86848612 2526.28530251
 2532.57524571 2534.81923734 2535.50780144 2535.88990001 2536.20649883
 2546.09522861 2555.25569444 2563.41996399 2583.89452095 2629.8491162
 2629.95728246 2630.17858164 2630.19341491 2635.49389514 2637.61168724
 2638.44338414 2651.26226966 2652.55843149 2664.3149543  2671.66462689
 2681.41692384 2681.46835699 2681.47949028 2681.60935646 2681.73845598
 2682.67418582 2685.77720758 2687.40473484 2720.96777632 2721.04534269
 2721.49214103 2722.15030524 2727.5401518  2727.62541815 2727.90311711
 2747.86764264 2748.41647393 2760.92769393 2761.04942681 2762.56552115
 2764.47588069 2768.62743187 2769.08319684 2774.2058444  2774.22237767
 2774.77934226 2774.79380887 2780.14532224 2788.5843241  2793.51050572
 2842.48398971 2842.50468963 2842.54828947 2847.96760259 2848.84833264
 2873.86027267 2878.76322105 2896.41262188 2930.0269965  2935.61034234
 2936.36650618 2956.0223662  2959.00908839 2959.12482129 2969.48718264
 2969.54701575 2969.86428123 2970.6328117  2982.60656704 2982.62206698
 3016.66593999 3071.89803397 3083.28725815 3083.31705804 3083.32582467
 3083.33115799 3083.34915792 3083.4615575  3083.50049069 3083.51905729
 3083.52215728 3083.55392382 3084.92098539 3113.1469801  3122.49831189
 3122.5043452  3122.65951129 3122.67707789 3124.87890301 3148.60278118
 3148.63384773 3150.26090833 3172.39632576 3175.47368095 3176.14094513
 3182.07575632 3182.33465536 3182.34462199 3183.31298504 3232.74043401
 3237.53818278 3238.62097874 3238.98334405 3243.88375911 3333.12069291
 3333.54879131 3333.85595683 3333.88712338 3333.93462321 3334.0161229
 3346.17777754 3357.43316889 3361.20832147 3373.23627661 3373.25867652
 3373.30144303 3373.86484093 3388.39825338 3401.94706951 3427.72014004
 3438.17333438 3438.78073212 3439.1151642  3439.16646401 3439.20873052
 3439.2764636  3439.47082954 3439.56136254 3439.78409504 3446.81416882
 3457.97769384 3458.96112351 3459.83032027 3475.13642984 3492.8226972
 3510.9902961  3523.40998311 3523.42104973 3523.46794956 3523.56228254
 3523.73391523 3523.75934847 3554.40380083 3554.4382007  3554.94379881
 3555.00243193 3596.69914306 3598.81660183 3616.48616925 3617.01200062
 3622.44254703 3625.09573714 3632.45117637 3635.60949792 3650.76700805
 3659.58474182 3659.74937454 3660.1814396  3677.96780659 3691.36948993
 3693.95528028 3717.30112653 3739.86787569 3741.77303525 3742.06186751
 3756.00621549 3756.41101398 3756.47301375 3756.59987994 3762.1528259
 3763.84128627 3776.38360615 3780.2385251  3781.05905538 3781.43212065
 3786.30980246 3790.14008817 3790.17932136 3796.92362953 3798.34749089
 3798.36722415 3801.04811415 3818.90971419 3820.08947645 3820.30674231
 3820.54767474 3821.39760491 3821.40867153 3821.44687139 3822.28900158
 3822.43643437 3840.32906762 3840.8982655  3841.74729567 3841.76226228
 3842.23719384 3851.37762641 3866.68176933 3885.73586492 3886.55779518
 3886.61872829 3887.23839265 3888.67398729 3888.79472017 3889.01265269
 3889.12695227 3889.97834909 3890.0753154  3900.28331065 3900.30307725
 3900.46567664 3900.48174325 3900.65674259 3919.42010594 3942.66661923
 3942.79981873 3942.81411868 3943.1910506  3943.33895005 3954.27107594
 3954.28040924 3954.33267571 3954.38557551 3954.64054123 3954.7562408
 3964.42823805 3978.60255185 3978.78391784 3978.83041766 3979.45698199
 3987.00548717 3987.11618676 3987.21205307 3987.81511748 3988.86258024
 3992.65796608 3992.81736549 3992.82966544 4002.74106181 4002.76606171
 4002.77372835 4008.60817326 4008.63853981 4008.74360608 4008.94157201
 4042.36544734 4042.46984695 4042.94301185 4062.81023774 4062.82000437
 4069.39544651 4069.77001178 4069.90101129 4070.11364383 4075.22055812
 4075.33012437 4101.67389278 4102.07442461 4125.40593758 4125.51263719
 4126.33026747 4126.43846707 4126.46310031 4126.50453349 4126.59299982
 4126.61179975 4126.62119972 4164.38202553 4164.44632529 4164.51089172
 4164.5349583  4164.61439133 4164.6588245  4198.56866468 4198.6262978
 4198.74339736 4198.84659698 4199.10459601 4199.21872892 4204.51017585
 4219.20482104 4252.82392897 4252.8509622  4252.96192845 4252.9850617
 4253.13046116 4253.35459365 4253.7438922  4253.78015873 4253.88909166
 4254.04979106 4254.09885754 4254.12255746 4254.16809062 4285.48827379
 4285.74087285 4305.74256491 4305.91933091 4305.9312642  4340.49420195
 4340.58706827 4340.6841679  4341.12836625 4393.49967089 4393.81226973
 4395.48059684 4400.66231084 4400.6825441  4400.71691064 4400.7368439
 4400.76697712 4400.86937674 4400.94820978 4419.90523907 4424.57992163
 4424.85768726 4424.93668696 4473.70457172 4476.69022725 4477.04312593
 4477.19982535 4477.60725716 4478.03988888 4525.79814407 4527.43293797
 4545.8708692  4556.89249475 4557.10399396 4557.15109379 4557.36002634
 4581.13273767 4581.24230392 4581.53503617 4581.89910147 4582.563899
 4582.60453218 4582.6332654  4582.75083163 4587.26198147 4587.35044781
 4587.51378053 4587.61068017 4587.62274679 4587.64388005 4587.7722129
 4593.12919292 4593.21342594 4593.43665844 4593.53799139 4593.61852443
 4593.66995757 4593.68419085 4593.70915742 4593.71935738 4593.78302381
 4593.83875694 4593.86252352 4593.8656235  4593.88562343 4593.91032334
 4593.92008997 4593.93265659 4594.10655594 4599.89796767 4599.94730082
 4599.97143406 4600.58903176 4605.50294676 4606.00714488 4606.74730879
 4612.49662068 4612.98531885 4613.09781843 4637.76215977 4644.58490098
 4652.2739723  4652.90886993 4656.11059132 4657.02348792 4657.33768675
 4666.81328473 4672.13809821 4672.35663072 4673.76292548 4676.79111418
 4676.9733135  4676.99681342 4677.17101277 4677.20354598 4677.20791263
 4677.82164367 4677.96084315 4678.40950815 4678.85250649 4678.87843973
 4678.90087298 4686.97880951 4687.02047603 4703.19144904 4703.70014714
 4703.83221332 4704.1056123  4704.16514541 4704.28894495 4715.5240697
 4715.79676869 4715.91180159 4716.20586716 4729.12975229 4732.72597221
 4735.27962935 4735.64442799 4746.52958738 4746.5879205  4746.66048689
 4746.70158674 4746.74078659 4746.75028656 4746.84238622 4747.01411891
 4747.32205109 4747.34128435 4747.3565843  4747.38881751 4747.39778414
 4747.45198394 4747.51961702 4747.62331664 4747.704983   4747.90524892
 4755.52798715 4756.05465185 4767.08587737 4770.47409807 4791.33295359
 4791.54328614 4791.61215255 4791.76705197 4809.42241945 4809.78555143
 4809.85875116 4810.17308332 4810.2221498  4813.96173585 4813.97646913
 4815.33756405 4815.56009656 4815.6458629  4815.67956278 4815.69522939
 4815.73826256 4815.84836215 4815.89306198 4815.98639497 4816.10392786
 4816.11916114 4835.19632331 4845.59161787 4854.65121741 4854.7960502
 4854.81301681 4854.87134992 4854.94954963 4854.96281625 4860.40606261
 4860.86106091 4861.06242683 4862.40002184 4869.32576267 4869.44499556
 4875.2168407  4875.38704006 4875.49760632 4875.55813942 4901.56254242
 4926.96868099 4935.00628434 4939.89103279 4940.30343125 4946.26484235
 4946.45967495 4946.47954154 4950.81159205 4953.15131666 4953.20128314
 4953.59694833 4953.77168101 4954.40441198 4954.46064511 4966.36663403
 4966.50076686 4967.74489556 4967.77449544 4969.84785438 4971.51488149
 4973.20617518 4975.02750172 4985.76792833 4985.95862762 4988.61345105
 4991.18517479 4992.7535356  4998.60444711 4998.62298038 5012.02723038
 5015.45105094 5030.5100281  5041.92061887 5047.46009821 5047.4714315
 5062.74454119 5068.47045317 5077.17868735 5077.35582003 5078.54528226
 5098.91553961 5108.8017694  5130.16062306 5141.792313   5141.92127919
 5148.91248644 5149.0685192  5149.64088373 5183.41779107 5183.63062361
 5183.64535689 5183.69742336 5183.71792328 5183.82178956 5183.91552254
 5184.36652086 5184.48762041 5184.62001992 5184.6339532  5184.79091928
 5184.81445253 5200.37396115 5200.85475936 5201.19362476 5201.30435768
 5205.57100843 5205.62364157 5205.64297483 5211.29578708 5224.02623959
 5263.1125938  5263.12266043 5263.24465997 5294.49221008 5314.5487686
 5327.129655   5327.2818211  5327.77691926 5389.93645406 5390.14408662
 5390.16318655 5390.17045319 5430.36690325 5435.14278544 5435.27808493
 5435.31485146 5435.44258432 5435.50598408 5435.51901737 5441.10726319
 5453.78358257 5453.9286487  5454.74857897 5495.40632731 5495.45636046
 5495.50419361 5496.50795654 5496.5257898  5568.11125611 5574.74543137
 5595.30045469 5678.13881236 5713.54801362 5725.92280079 5737.75448999
 5737.8851895  5737.89652279 5759.82714099 5783.37011984 5783.71671854
 5785.16491314 5868.54160214 5925.1358577  5987.90639022 6042.65191935
 6078.32435295 6078.35815283 6079.25458282 6079.50371522 6084.08929812
 6224.36964152 6259.25457806 6259.99490863 6260.62363962 6429.87494163
 6430.05594095 6493.06080594 6508.56398144 6563.70574242 6582.93527069
 6636.32463821 6642.17771638 6653.16064208 6743.55170491]"
90,759434_2025-02-04_B-621,CP,True,"[  23.58117124   40.41964176   40.60380774 ... 7024.27512444 7024.2766911
 7024.78972252]"
91,759434_2025-02-04_B-624,CP,True,"[  23.77840384   51.34966766   57.64861083   58.18707549   65.8677135
  255.71193869  292.42250176  294.21786173  294.56792709  299.97944024
  325.14827969  337.00713545  343.43064483  343.44837809  343.60917749
  350.0422535   355.98313134  361.48647748  392.4253954   412.72421969
  427.24269886  444.55170097  450.69664471  453.94506593  462.48750073
  466.57481882  501.77112086  522.8503089   523.96743807  531.21451104
  533.62936869  596.51463412  626.78302122  653.65505432  654.02241961
  655.22788178  656.02117882  678.24686259  723.76222614  741.41399363
  764.19607532  773.37580774  793.03420108  814.82341981  840.98965554
  853.44290908  853.46164235  853.63607503  855.50203474  910.18126411
  942.72220939  966.39398776 1000.32662786 1008.3760645  1046.03832401
 1059.37250761 1079.21433359 1121.11031065 1149.24203905 1151.65639671
 1159.98929896 1170.78119204 1238.71933862 1240.13370001 1289.08435075
 1415.17764708 1439.82248848 1441.17731676 1465.34512661 1534.76406767
 1644.26795921 1644.27452585 1652.84302722 1770.70485425 1825.30661724
 1923.42521792 1954.66530139 2048.09281956 2048.33931864 2058.85227942
 2088.63380167 2123.55227142 2175.26701185 2189.47875884 2194.26520765
 2219.86764548 2227.15368497 2227.18351819 2227.31948435 2238.44517618
 2247.2606433  2248.23347301 2249.79453385 2252.67415644 2253.82225216
 2253.84241875 2257.33283906 2258.06970298 2259.30009839 2271.21512062
 2279.71142226 2282.97491008 2283.38040857 2291.86421026 2296.33442692
 2296.35539351 2296.60705923 2299.61238136 2302.21670498 2302.34167118
 2304.86292844 2308.6788142  2321.13483441 2338.16733754 2368.63002391
 2376.4264615  2376.43749479 2379.20741779 2381.88634113 2382.79687107
 2387.46285366 2387.89005207 2398.79497806 2415.66684846 2416.57554507
 2422.72175548 2425.29584588 2425.67951111 2436.19397189 2436.71966993
 2457.36189293 2457.92539083 2458.63635484 2468.22718574 2468.34891861
 2468.35775192 2468.36828521 2468.47261815 2468.49431807 2468.50131805
 2468.60138434 2468.71758391 2468.85088341 2468.96501632 2468.97958293
 2469.09311584 2469.35371487 2472.23413746 2474.78559461 2474.93842737
 2475.05649359 2475.06769355 2475.63189145 2476.79238712 2478.9508124
 2512.50262058 2530.12825484 2539.50698652 2548.89648483 2552.93463643
 2568.46441184 2591.54199242 2636.14882603 2636.15649267 2636.16732596
 2637.35842152 2637.48802104 2637.62955384 2638.17495181 2638.47151737
 2638.94901559 2641.89333794 2641.92907114 2647.03095211 2653.22526234
 2655.23445484 2659.80963778 2660.15420316 2660.17190309 2660.20266964
 2664.0221554  2664.48038702 2664.61688651 2664.62485315 2664.65728636
 2664.73608607 2665.46408335 2666.72281199 2670.38039835 2670.5346311
 2672.37189092 2682.66721918 2682.79121872 2682.8140853  2682.81948528
 2682.82318527 2683.48324947 2686.05570654 2687.4423347  2688.12253217
 2691.43105316 2691.44631977 2691.45808639 2691.57555262 2691.68335222
 2692.98384737 2705.19280182 2724.58652948 2730.5968404  2732.06856824
 2740.49310348 2741.70593229 2760.79886107 2774.01247845 2782.92061189
 2787.81722696 2789.71211989 2789.9779189  2812.24296918 2812.87656682
 2818.32891315 2821.22106902 2825.38018684 2827.73437806 2848.42700088
 2851.15275738 2864.29554168 2864.43484116 2864.59037392 2873.34054128
 2930.7593271  3050.12738184 3072.94736339 3076.84611551 3086.79894505
 3094.08258455 3148.26318245 3148.59411455 3148.61944779 3184.4498808
 3210.0979518  3210.223818   3213.67377179 3231.5623384  3245.62698594
 3389.40021631 3417.5794112  3417.82231029 3428.18300498 3428.90536895
 3429.73266587 3430.70819556 3437.09980505 3445.27134124 3463.80033879
 3494.03349268 3558.50915218 3638.77321945 3647.53805343 3650.0561107
 3650.06551066 3650.90817419 3653.40596487 3653.83829659 3655.72818954
 3657.90328143 3657.95588123 3667.29097974 3667.40081267 3667.44277918
 3667.5173789  3667.52504554 3667.53034552 3667.668945   3667.6773783
 3673.96385485 3697.04263543 3697.33806766 3699.65839234 3703.75107708
 3703.8712433  3704.00020948 3704.00594279 3704.13787563 3704.26824181
 3716.17936405 3716.1849307  3716.44862971 3716.45556302 3717.11699389
 3729.062416   3729.2845485  3738.98294566 3739.87494233 3740.00377518
 3740.14374133 3740.74973907 3741.01483808 3741.91936804 3741.92923467
 3742.06056751 3742.07040081 3742.20786696 3742.37696633 3743.77319446
 3747.51028052 3754.1087559  3768.13493692 3775.97114102 3776.37877283
 3776.53600558 3779.18426237 3791.01725156 3791.37861688 3794.38800566
 3812.63983757 3813.38406813 3813.94923269 3813.96576596 3817.40578646
 3817.64508557 3817.80418498 3817.93471782 3817.94898444 3817.95841774
 3824.32842731 3824.44976019 3824.45602683 3829.77530699 3833.46512656
 3834.58482238 3834.89912121 3834.92728777 3838.48340784 3842.59212585
 3854.19991588 3854.70574733 3854.7217806  3855.39541142 3855.55617749
 3864.60121042 3866.55073648 3866.68286932 3866.94860166 3870.30902246
 3870.49468844 3872.14758227 3873.66814326 3875.50563641 3880.27111864
 3880.57255084 3894.04066727 3896.41549175 3896.92048986 3904.27159578
 3904.67966092 3904.95332657 3907.81258257 3907.94871539 3908.1339147
 3912.03680015 3912.16576633 3912.41609873 3912.53366496 3913.62472756
 3927.65840854 3930.66003068 3976.91555814 3979.82038064 4042.41528048
 4070.7659414  4077.07868452 4160.99047152 4179.89366767 4307.41039202
 4340.49650194 4340.84653396 4341.819697   4400.32137878 4503.1016954
 4507.04931401 4557.16042709 4615.65664222 4616.32477306 4626.6099347
 4626.85840044 4627.87192999 4628.28796177 4628.4146613  4641.68417847
 4642.07234369 4650.29171303 4651.67154121 4663.26896462 4670.316205
 4674.20512383 4674.51718933 4674.66625544 4674.77655503 4674.90802121
 4681.88182853 4687.01024273 4687.16984214 4688.33327113 4696.12887538
 4696.14187533 4696.16807524 4697.70923616 4698.20000099 4701.3067894
 4701.32098935 4703.18838238 4707.04420133 4707.760032   4712.87317959
 4721.1181155  4728.73495376 4729.26505178 4729.27685174 4734.16806683
 4742.93716745 4754.40205802 4754.81225649 4761.71253075 4769.68146769
 4772.35772437 4775.09594749 4776.84480764 4781.40722395 4789.37902755
 4802.41964557 4803.45717504 4812.34274189 4827.19035317 4828.34764886
 4828.70854751 4829.26867876 4839.67380661 4840.43350378 4841.7573655
 4845.35525208 4848.34040762 4848.48290708 4849.73406908 4864.4847474
 4867.53373602 4867.55996926 4873.34598101 4876.55656903 4876.66820195
 4876.69040187 4876.69630184 4880.36795482 4880.58152069 4880.59405397
 4880.98181919 4881.17248515 4881.95118224 4882.14508152 4882.68467951
 4883.98237467 4885.11277045 4886.12999999 4886.14296661 4886.2961327
 4888.85932314 4889.14092209 4889.17598863 4889.30172149 4894.85750077
 4896.34366189 4896.48266137 4900.7457788  4900.9241448  4900.93444477
 4910.19734355 4911.34267261 4911.51137198 4911.80713754 4911.97197026
 4912.00297015 4927.08741388 4931.17693196 4931.45969757 4932.02786212
 4932.16402828 4932.3014611  4945.03784692 4948.04560237 4959.30006039
 4966.80999904 4967.08399802 4973.82703953 4974.8808356  4976.49209626
 4976.50646287 4976.51326285 4977.09686067 4977.2237602  4977.3827596
 4977.49439252 4977.50335915 4977.52159242 4981.85674292 4988.16701938
 5004.7368909  5005.75725376 5010.34590331 5010.47100285 5010.47563616
 5010.61050233 5010.73406853 5010.74263517 5010.74940181 5010.75460179
 5010.89570126 5011.01143417 5011.56979875 5020.22403313 5020.79356434
 5021.8778603  5025.51668006 5025.52678002 5025.53567999 5027.49313935
 5027.90083783 5031.252192   5035.35747668 5035.84900818 5042.29668413
 5050.27875436 5056.23916546 5064.58820098 5066.1746284  5066.19562832
 5066.3347278  5066.34999441 5066.48352725 5066.60102681 5066.63586001
 5066.7726595  5066.87369246 5066.88725907 5066.89129239 5067.02955854
 5068.89495159 5069.63978214 5073.57110081 5073.58346743 5074.11503211
 5084.66045945 5084.94585838 5087.4877489  5087.6298817  5090.2585719
 5090.39823804 5093.16732771 5093.18426098 5093.77169213 5095.08058724
 5095.23685333 5095.24615329 5095.40145271 5096.76394763 5098.91230628
 5099.39230449 5099.70140334 5099.73343655 5100.1586683  5100.16950159
 5100.17340158 5100.33033433 5100.67216639 5105.00028358 5106.16401257
 5108.88276909 5112.82732105 5112.96372054 5123.84181329 5133.63217677
 5133.98774212 5134.52240679 5135.73200228 5137.95176066 5137.96092729
 5142.23217803 5171.43100245 5211.29592041 5220.22505377 5225.03836915
 5225.81553292 5251.95413542 5296.24170355 5296.35816979 5296.37696972
 5326.92315578 5326.93935571 5335.0304922  5352.42756064 5372.62525197
 5394.509337   5410.88744258 5434.34902173 5440.1480001  5467.46443154
 5528.57840358 5647.01089514 5678.15827896 5681.40366685 5735.20849949
 5739.30378421 5782.45815657 5845.62725428 5861.54562823 5861.83002717
 5861.8859603  5866.1122112  5868.37590276 5871.96445604 5872.33425466
 5872.4922874  5872.82795282 5873.06285194 5879.37712839 5886.89010036
 5888.82505981 5891.26355071 5914.06966565 5914.21369844 5915.0730619
 5915.66005971 5939.22440515 5946.01721314 5976.40109981 5979.67675426
 5983.20594109 5984.21483733 6017.23408083 6026.2508472  6026.86591157
 6027.37154301 6030.20469911 6030.24256564 6033.42952042 6036.51647557
 6037.3943723  6044.85011115 6044.979244   6044.99487728 6045.38794248
 6045.53200861 6045.53824192 6045.82350752 6046.85497034 6049.35269436
 6049.47616056 6049.61452671 6049.62566    6049.63319331 6049.63685996
 6049.64282661 6049.77092613 6051.92988474 6070.27938296 6071.4054121
 6072.57140775 6075.11576492 6075.24473111 6075.28796428 6077.7055886
 6111.52316245 6111.9753941  6114.07771959 6115.94867928 6120.89092751
 6126.0669082  6131.20225571 6135.14020769 6135.7987719  6141.09435215
 6162.83287106 6191.93459584 6192.60692667 6201.52886005 6207.15203908
 6272.18879648 6299.36152846 6304.55704241 6306.10913662 6348.10817996
 6348.21891288 6348.72197767 6350.63763719 6362.62632581 6372.87038759
 6375.0393795  6401.2599817  6402.64927652 6412.07284136 6503.09083519
 6576.24306232 6582.92457073 6631.63085572 6637.29673458 6637.35290104
 6640.87848789 6651.54068145 6651.55464807 6651.56561469 6651.68844757
 6657.95435753 6663.22790452 6667.40285562 6670.72674322 6670.7328432
 6670.74294316 6675.97452364 6676.44742188 6677.1224527  6682.10220079
 6683.29689633 6683.42722918 6689.48427325 6689.49883986 6690.93166785
 6698.84603833 6703.18312215 6707.43133964 6710.70966074 6713.79071592
 6718.76033071 6721.36712099 6748.73001892 6762.64953367 6767.09631708
 6784.48921887 6801.85138744 6802.0138535  6802.07091996 6802.10888648
 6814.21314133 6818.43509225 6818.44385888 6826.75642788 6845.13742598
 6857.09968136 6859.43603931 6861.17969947 6862.80722674 6863.67269017
 6863.81095632 6863.92675589 6903.91220674 6916.9605914  6919.57751498
 6920.04591323 6924.57696299 6924.69862921 6924.70586251 6924.8599286
 6928.15934963 6928.2848825  6929.00317982 6941.51326649 6941.6509993
 6950.27063382 6952.64635829 6954.22818572 6954.3604519  6955.34604822
 6955.82984642 6960.08326388 6961.3201926  6961.43975882 6963.23188547
 6968.90519764 6982.41561391 6985.66540179 6989.67872016 6989.77851978
 6989.78821975 6989.79171973 6989.79871971 6989.80458635 6989.81148633
 6989.81615298 6991.07608161 6991.10158151 6991.20231447 6991.22748104
 6991.34081396 6991.52421327 6999.87378213 6999.89661537 7000.02364823
 7000.13258116 7000.14378112 7000.31474715 7000.45437996 7001.20121051
 7001.34967662 7003.11763669 7004.28623233 7004.41673185 7004.43229846
 7004.44283175 7004.55979798 7010.52497573 7010.66980852 7010.80100803
 7011.41333908 7011.53273864 7011.66913813 7011.6959047  7011.8196709
 7011.83737083 7011.97450366 7014.01982936 7014.02492934 7014.02996266
 7014.03539597]"
92,759434_2025-02-04_B-626,CP,True,"[  20.43708297   20.45764956   20.49328276 ... 7007.13378838 7014.35016146
 7018.7351451 ]"
93,759434_2025-02-04_B-634,CP,True,"[  56.8079473    56.84901381   56.92518019 ... 6987.87076023 6997.7888899
 6998.42645419]"
94,759434_2025-02-04_B-642,SSp,True,"[  27.57355635   33.36736807   33.52646747 ... 7023.70249324 7024.45359044
 7024.94435528]"
95,759434_2025-02-04_B-645,SSp,True,"[  35.84925881   45.7613885    49.62540742 ... 7023.28416147 7023.66789337
 7023.67586001]"
96,759434_2025-02-04_B-646,SSp,True,"[  20.31191677   20.63174891   20.7412485  ... 7020.61820475 7022.18919889
 7023.57502705]"
97,759434_2025-02-04_B-648,SSp,True,"[  27.12522469   33.55216738   46.76778475 ... 7023.53599386 7024.51635687
 7024.6165565 ]"
98,759434_2025-02-04_B-654,SSp,True,"[  21.7775113    25.25076501   32.46377144 ... 7022.40219809 7023.05002901
 7023.07572891]"
99,759434_2025-02-04_B-661,SSp,True,"[  20.26518361   20.30105014   20.39261647 ... 7024.85335562 7025.04978822
 7025.07088814]"
100,759434_2025-02-04_B-670,SSp,True,"[  21.64917844   22.48640866   25.05553241 ... 7022.8470631  7022.96606266
 7022.97419596]"
101,759434_2025-02-04_B-671,SSp,True,"[  37.40228635  395.72444976  395.74874967  718.08441399  745.85144375
  854.39187221  859.0597548   863.44703843  867.35299053  871.39757544
  887.37901583  916.52210712  929.32919268  968.77004557  968.77854553
  968.79541214 1035.87412859 1299.52217849 1299.54981172 1299.68391122
 1299.74584432 1356.92776436 1357.04989723 1357.65749497 1357.67716156
 1357.6918615  1357.72982803 1358.16039309 1400.49973516 1417.33947235
 1440.14212062 1440.26912015 1441.0499839  1441.2823497  1445.90169914
 1446.15829818 1451.0937131  1451.39307865 1452.13544255 1452.16634244
 1452.17447574 1452.18624236 1495.533714   1531.64987929 1581.68239266
 1611.78034706 1683.1778474  1703.94240328 1734.72755511 1793.75606826
 1810.87047109 1863.93577315 1876.02852804 1880.68377735 1888.56471462
 1904.05802349 1918.49150299 1937.53163196 1947.2440624  1947.4679949
 2017.02470211 2017.67596635 2017.86429898 2018.49506329 2019.19372735
 2019.197994   2019.20102733 2019.21289395 2019.21489394 2020.25989004
 2020.76118817 2020.81268798 2020.86002114 2021.19308656 2021.6757181
 2067.30198124 2088.85903416 2115.93289984 2172.22375653 2203.26420741
 2234.3470248  2281.88451415 2310.79037299 2313.16823079 2333.88852017
 2346.37044028 2351.89478634 2393.3791316  2395.41689066 2396.30932067
 2401.3940017  2402.19996536 2419.02396927 2450.55358499 2539.00515506
 2539.22278758 2548.74801872 2548.76141867 2549.2434502  2590.46356311
 2591.77379156 2591.79002483 2596.570207   2596.72473976 2596.72717308
 2596.72960641 2596.8483393  2596.88787248 2596.89363913 2597.10897166
 2597.59316985 2597.92580194 2597.93496858 2597.93693524 2597.96690179
 2598.29440057 2598.80213201 2598.8219986  2598.82419859 2599.07983097
 2599.1425974  2599.26633028 2599.2784969  2600.00172753 2600.3049264
 2601.26838948 2601.28735607 2601.47322204 2601.47532204 2601.77282093
 2606.54983644 2626.27792952 2629.06435246 2688.4710642  2688.48246416
 2760.07606377 2771.06435612 2787.63856096 2809.4236797  2832.35366083
 2861.57231851 2863.46391145 2870.88141712 2888.97958294 2894.15433031
 2900.61507287 2900.78123892 2918.51347278 2923.51885411 2924.90988225
 2971.62024135 2987.90694727 2989.19507579 2992.38499723 2998.21244216
 3005.20818273 3016.62974013 3019.33236338 3019.45382959 3023.80858001
 3023.81171334 3028.59709549 3040.38668484 3049.56528394 3057.144689
 3075.34788777 3078.53494254 3085.205551   3112.12588391 3115.01590647
 3126.23396462 3126.23613128 3126.25399788 3126.43186388 3126.58116333
 3126.65622971 3126.89272883 3127.38516033 3127.58782624 3127.61729279
 3127.90152507 3127.90379173 3127.90565839 3127.90762505 3127.90975837
 3127.9119917  3127.98209143 3128.01619131 3128.2408238  3128.58908917
 3128.77628847 3129.09845394 3129.6904184  3129.69421838 3130.30414944
 3130.71138125 3130.82111418 3130.8233475  3131.06231328 3131.06837992
 3131.1182464  3131.2430126  3131.24677926 3131.43641188 3132.45827474
 3132.48310798 3132.77917354 3133.71427005 3133.7189367  3133.87996943
 3133.89400272 3134.21276819 3134.92773219 3165.34751872 3193.38004749
 3215.37043213 3221.30454333 3231.22580632 3231.28837276 3256.22967972
 3293.25657494 3293.26670824 3304.08030123 3305.72296177 3308.95411639
 3316.62445444 3316.68155423 3362.95564829 3412.34353073 3417.18354601
 3441.1806565  3498.49850936 3527.12296926 3535.26297223 3545.0820356
 3545.62780023 3552.06294289 3557.75418833 3582.36986318 3582.44519623
 3582.78846162 3583.8907575  3584.24495618 3584.6430547  3584.84728727
 3584.99322006 3585.00532001 3585.02661993 3585.9203166  3586.13788246
 3587.2242784  3591.70162837 3591.81326129 3597.24237437 3603.91404948
 3603.96061597 3609.6904946  3612.5422173  3620.06868922 3620.08065584
 3636.16546251 3642.50963885 3642.90873736 3643.05557015 3660.46400521
 3661.55053449 3661.7979669  3676.36327924 3679.63346704 3718.7323212
 3720.89334647 3721.01407935 3747.08968209 3753.75789055 3783.752112
 3797.20289516 3797.21099513 3797.424561   3797.46569418 3797.71899323
 3800.06525115 3800.105351   3800.10881765 3800.11611762 3800.12265093
 3800.15211749 3800.25768376 3800.28511699 3800.29075031 3800.29968361
 3800.30888357 3800.33328348 3800.39468325 3800.42901646 3801.1861803
 3801.65517855 3801.70494503 3801.72621162 3801.92021089 3801.92707753
 3801.94327747 3801.96917738 3801.97801068 3802.12887678 3822.74229989
 3822.75136652 3822.78253307 3822.79619969 3822.85136615 3822.85956612
 3822.92296588 3823.03996545 3823.20603149 3823.35526427 3823.37683086
 3843.91712091 3845.9665466  3881.1483487  3887.63259118 3890.23281481
 3890.28654794 3922.38622821 3944.86394436 3944.87361099 3945.95537362
 3956.41970126 4031.81002004 4033.94161209 4040.03918935 4044.20474048
 4072.23493592 4083.55632702 4083.96779215 4084.24109113 4096.68354472
 4105.74701092 4105.76401085 4112.16282032 4115.56884095 4120.53075577
 4123.03624642 4128.0481944  4128.95235769 4128.96542431 4130.03462032
 4141.26881175 4160.11384145 4166.81178314 4167.8746125  4176.90964547
 4179.10360395 4179.12170388 4200.89212268 4201.56042019 4201.59482006
 4202.93638172 4203.4246799  4203.44814648 4209.81915605 4220.90228137
 4221.13151385 4221.40334617 4223.8784036  4225.09203241 4225.13589891
 4225.29639831 4226.34542773 4226.38276093 4226.58412684 4257.63677768
 4268.20690492 4285.27080794 4298.07046019 4304.94373455 4314.53246545
 4319.99117842 4320.00454504 4333.76052706 4333.76479371 4336.17688472
 4348.98777026 4350.42493157 4360.61626022 4371.52161954 4372.91741434
 4390.44808228 4396.78445864 4405.82955824 4427.42807767 4427.44491094
 4433.23595601 4444.44978084 4444.45641415 4474.03803714 4474.06433705
 4474.10650355 4474.15620337 4474.16343668 4474.19303657 4495.4433573
 4512.04046206 4527.85820305 4528.92726573 4529.49509695 4533.33908261
 4534.27211246 4544.13214235 4544.14937562 4561.13704559 4561.14474556
 4561.57511062 4577.98058276 4588.66374291 4596.49628036 4635.55613466
 4635.56683462 4636.66789718 4637.71939326 4647.8954553  4655.21612799
 4665.64152244 4678.85373982 4710.97272001 4712.85887965 4717.93649404
 4717.97109391 4721.17771528 4750.98197077 4778.38956854 4783.05295115
 4783.08748435 4783.49071618 4792.05761756 4793.01768064 4793.23164651
 4805.39270115 4810.40288246 4810.66678148 4839.66830663 4858.29547048
 4858.57003612 4860.19299674 4872.81678298 4872.82998293 4875.40543999
 4878.62726131 4891.1055481  4899.3340174  4899.36958394 4899.39098386
 4899.39858383 4913.91939633 4918.60614552 4918.61587881 4921.20323583
 4934.6243191  4941.03842851 4941.06182842 4952.92925082 4988.28995225
 4994.39732947 4994.76302811 4994.87942767 5002.08986744 5019.04573753
 5019.48543589 5019.81243467 5019.82663462 5030.51166143 5041.27312129
 5050.62435307 5067.9182219  5080.92264005 5081.48503796 5094.88092132
 5097.05234656 5103.29818992 5114.7533472  5116.90167251 5116.95540565
 5117.07820519 5117.08867182 5117.12053837 5121.87932061 5131.61658429
 5152.25197399 5152.80420526 5165.8402233  5166.2606884  5166.27218836
 5166.3779213  5166.39265457 5166.40118788 5170.08397414 5170.09784075
 5170.24600687 5170.27380676 5170.48207265 5171.29066964 5172.07130006
 5172.93589683 5178.51140937 5178.53537595 5187.53864236 5199.2091655
 5203.72791531 5210.23042439 5241.39550814 5254.8275247  5266.94194618
 5267.47047754 5276.76860952 5282.3247888  5288.43426601 5291.37185505
 5293.70277969 5294.87837531 5297.42053249 5324.32713213 5335.36339096
 5340.94303681 5341.18030259 5341.19006922 5341.69546734 5341.97866628
 5344.49132358 5370.13462792 5370.15492785 5370.30666062 5370.44389344
 5371.57108923 5423.08996373 5431.70339827 5432.29809605 5434.96888608
 5435.06021908 5435.13378547 5444.27105139 5445.00718197 5471.03945154
 5471.06091812 5471.07015142 5471.07628473 5471.09031801 5471.09698466
 5471.11668458 5471.12728454 5471.16891772 5471.17568436 5471.37328362
 5476.42229812 5482.17217668 5491.2643761  5497.65518559 5497.68341882
 5498.58454879 5499.77837767 5502.29196829 5504.02172851 5506.18148712
 5506.20812035 5517.5970112  5517.6082445  5523.54168903 5524.3635193
 5527.07484252 5530.2164308  5530.22553077 5533.98258342 5540.33019307
 5579.0797152  5579.47621372 5582.36093629 5608.2127732  5611.30456166
 5635.16353933 5676.06282011 5696.58067691 5704.30178144 5704.33754797
 5708.69329839 5715.55100614 5715.56197277 5716.76720161 5716.79120152
 5725.55010218 5728.63302401 5729.9598524  5760.82750392 5785.13751324
 5785.94531023 5824.85666509 5850.9295345  5858.36610676 5902.14067681
 5902.14791011 5906.48216061 5906.49122725 5906.76135957 5919.52571196
 5939.38783787 5939.60163707 5940.2999678  5940.80963257 5943.19022369
 5943.33945647 5945.89751359 5945.90984688 5949.60536643 5949.61096641
 5949.70759938 5960.46762591 5960.47172589 5960.47592588 5960.51099241
 5960.52659236 5960.72129163 5960.82609124 5962.60555127 5962.64475112
 5962.76891732 5962.78748392 5962.96378326 5963.0070831  5963.01894972
 5963.04671629 5963.56498102 5964.02401264 5964.75490992 5964.76220989
 5964.76877653 5964.79054312 5964.79970975 5964.81534302 5984.44353648
 5984.50630291 5997.46152125 6037.16660648 6064.4435714  6083.08536853
 6099.01447578 6101.00520169 6124.19184853 6136.30527001 6142.05918188
 6149.17058869 6214.10274648 6247.97288681 6264.80759068 6264.99388999
 6299.00822978 6299.54846109 6302.1380181  6302.21708447 6303.15638097
 6303.16808093 6308.54912752 6325.32193162 6341.55040442 6429.47410979
 6529.13663804 6529.19330449 6529.21923773 6545.50107699 6604.87942217
 6643.57381117 6675.94359043 6691.88749762 6705.07464843 6749.68271537
 6749.70474862 6758.96404742 6760.78244063 6764.70585933 6765.91635482
 6766.28332011 6767.62728177 6768.54481168 6768.83267727 6771.49946732
 6771.51350061 6771.52920055 6783.01135772 6825.02103435 6839.15701495
 6846.93965259 6855.19712179 6855.20432176 6874.23005079 6874.65054922
 6876.33977626 6879.55376427 6880.18139526 6880.19396188 6880.71859326
 6881.34735758 6881.9232221  6881.98518853 6883.31911689 6883.43418313
 6883.79308179 6884.13474718 6885.52970864 6886.74067079 6894.39170892
 6928.11288314 6936.08608673 6936.10255333 6938.46134454 6941.19353434
 6981.81481616 6985.92190084]"
102,759434_2025-02-04_B-687,CP,True,"[ 215.9632203   315.26018324  664.81734601  824.30955109 1102.54581323
 1534.73400112 1534.74610107 1534.82790077 1534.97283356 1552.14000286
 1580.93646211 1633.65519879 1723.56953007 1724.2322276  1995.04265077
 2018.88459517 2020.92005425 2022.41968199 2022.43238194 2022.74354745
 2147.61148167 2148.03021344 2175.37654477 2187.68886551 2238.44030954
 2251.68419347 2276.29180168 2276.30966828 2276.36003476 2276.4371678
 2285.35173455 2307.96035022 2308.15538282 2332.45415885 2345.57754323
 2347.12717079 2347.45513623 2347.68096872 2347.83160149 2355.06357452
 2355.37820668 2355.67007225 2355.83063832 2370.50751691 2379.06491832
 2392.40850188 2397.98414775 2429.87622879 2429.9013287  2432.20978675
 2432.45181918 2446.63263295 2472.73290226 2473.67536541 2477.12585254
 2495.93258239 2523.37798002 2545.04713252 2545.58289719 2554.74352969
 2595.67324368 2608.36672966 2634.22253322 2635.5401283  2640.30114388
 2641.89937125 2643.63983142 2660.71250107 2672.78785603 2675.51107921
 2675.89344445 2687.31030186 2727.58781829 2736.58408473 2753.16295622
 2769.07576353 2775.33367352 2780.69602019 2788.14009242 2788.59525739
 2797.68705681 2804.19723253 2896.93858659 2930.01689654 2964.01313639
 3007.60290713 3030.22678941 3072.27013258 3122.79687744 3125.33613464
 3148.60341451 3148.63298107 3182.35048863 3238.60051215 3238.62297873
 3289.54688878 3333.34609207 3334.92838617 3346.19204415 3346.23561065
 3356.50323902 3373.28914307 3373.42420924 3373.43284254 3373.5047756
 3373.79467452 3374.11973998 3374.12537329 3374.41097222 3381.34814635
 3382.08984358 3382.09371023 3388.37725346 3388.41615332 3394.84236268
 3395.40106059 3400.58560792 3407.05881711 3407.43531571 3407.46584892
 3407.52261538 3408.03028015 3415.59945192 3415.81525111 3415.82655107
 3415.83341771 3416.57598161 3416.7923808  3417.07857973 3417.53411137
 3417.55254463 3417.57827787 3417.58557784 3417.5889445  3417.59801113
 3417.61871105 3417.82427695 3417.8290436  3418.08710931 3418.13400913
 3418.15497572 3418.27350861 3418.75330682 3418.77644007 3421.19873103
 3421.33743052 3421.49739659 3422.17456073 3435.55051083 3435.71161023
 3436.27254147 3436.31497465 3436.32450794 3436.32994126 3436.78253957
 3436.84467267 3439.13066414 3445.27030791 3445.68623969 3445.69453966
 3446.08123822 3446.09033818 3448.15233049 3448.30806324 3448.32616318
 3448.33049649 3448.34089646 3448.35986305 3448.36326304 3448.37092968
 3448.54422903 3449.38929254 3449.39872584 3449.43325905 3449.44315901
 3449.91332392 3450.59735471 3459.5619546  3459.57002124 3459.59108782
 3459.67385418 3475.46989526 3476.87769001 3477.08648923 3477.26378857
 3479.29641432 3482.76316806 3509.50886829 3535.76007037 3555.28363088
 3581.27716725 3583.35029285 3586.12611583 3588.78520591 3589.09237143
 3589.85976857 3590.08066775 3591.49632913 3592.15539334 3592.16512664
 3592.17239328 3592.19515986 3592.23529304 3592.24595967 3592.24935966
 3593.36402217 3593.40102203 3593.43515524 3604.30218137 3604.43001422
 3616.77903483 3625.07927053 3626.0788668  3632.49084289 3632.6569756
 3632.86464149 3632.90990799 3641.24121025 3641.61360886 3647.3302542
 3647.54302007 3647.55185337 3647.91261869 3659.28127629 3659.45344231
 3659.48480886 3659.61294172 3659.61677504 3659.63857496 3659.65527489
 3659.66307486 3659.74860788 3659.75220786 3666.36814985 3671.71799656
 3672.80062586 3672.83149241 3673.96272152 3674.09432103 3674.17485407
 3674.29425362 3682.47062312 3682.48965638 3684.97108046 3685.14434648
 3685.721411   3685.74341091 3686.71984061 3692.98338391 3693.1289167
 3693.15181661 3693.80318085 3693.8153808  3694.33071222 3694.34597883
 3694.35434546 3694.63771107 3694.9593432  3697.69803299 3698.03016508
 3698.5784297  3698.59976296 3698.61382957 3698.74149576 3698.80229554
 3698.95526163 3699.31992694 3700.08392409 3700.91595432 3701.09682031
 3701.65688489 3701.81778429 3707.57719614 3707.7296289  3707.76132878
 3711.66958087 3711.86651347 3718.55232187 3742.09743404 3756.17661486
 3756.43858055 3756.45708048 3756.46961376 3756.47354708 3756.48678037
 3756.494447   3756.60994657 3756.71684617 3756.85707898 3756.86801228
 3756.96454525 3756.99391181 3757.11951134 3757.26854412 3766.74037545
 3767.69273857 3767.72193846 3767.72837177 3767.73323842 3768.09273707
 3768.29266966 3768.3014363  3768.31856957 3768.74196799 3768.82440101
 3768.96883381 3769.01160031 3769.09719999 3769.22203286 3769.22776617
 3769.25813273 3769.42823209 3769.63566465 3769.6681312  3770.3819952
 3770.78732702 3770.81989357 3771.26459191 3772.30502136 3772.3662878
 3772.37102112 3772.48228737 3772.52128722 3772.54255381 3772.67211999
 3772.68481995 3772.69255325 3772.75498635 3772.76421965 3772.83068607
 3772.85641931 3772.88428587 3772.90538579 3773.56511666 3773.58371659
 3773.78258252 3773.79761579 3774.02781494 3774.03788157 3774.10698131
 3774.5202131  3774.53064639 3777.97953353 3778.83839699 3779.41542817
 3779.56946093 3779.57342758 3780.69439007 3780.71002334 3780.94608913
 3780.95818908 3781.05598872 3781.19172155 3781.20708816 3791.21988414
 3791.36735026 3791.43111669 3791.98781461 3792.02461447 3792.8040449
 3792.955511   3794.39773895 3794.40533893 3794.61223815 3794.62363811
 3800.57608257 3802.46737552 3802.49227543 3812.28410557 3812.48287149
 3812.65857084 3812.9916696  3820.60894118 3820.68340757 3820.77054058
 3820.91554004 3823.29046451 3823.29636449 3823.30996444 3823.39546412
 3828.86457705 3829.23924232 3830.48207102 3830.7017702  3830.72183679
 3830.73687007 3831.24643484 3831.41636754 3831.44996741 3831.45480073
 3831.62720008 3831.64483335 3831.6491     3831.74086633 3832.27786432
 3834.9122545  3835.73761808 3835.97091721 3836.00298376 3836.05838355
 3836.11785    3836.16831648 3836.21738296 3836.44601544 3836.85074727
 3836.86121389 3836.99001341 3836.99388006 3836.99701339 3837.26567905
 3837.43511175 3837.65867758 3838.2886419  3838.46557457 3838.47064122
 3838.47600787 3838.50934108 3838.51464106 3838.64127392 3838.68750708
 3838.69944037 3838.73100692 3840.71406619 3840.72566614 3840.88539888
 3841.12563132 3850.30619707 3850.52949624 3850.73522881 3850.95339466
 3850.97239459 3850.97899457 3850.9866612  3851.14309395 3851.41832626
 3851.42615956 3851.57939233 3851.846158   3851.87579122 3852.07462381
 3852.0855571  3853.93508354 3855.31004508 3855.88354294 3864.28931158
 3864.60534374 3864.76787646 3869.99929028 3870.343089   3870.48875512
 3872.50791426 3874.76837249 3876.29846679 3877.44562917 3877.46212911
 3877.48562903 3884.04457123 3884.20537063 3885.57593218 3885.66693184
 3888.27905543 3890.75717952 3893.86860125 3893.88643451 3893.89206783
 3894.04830058 3894.06120053 3894.07696714 3895.22012954 3895.40062887
 3895.59962812 3897.2857885  3897.44725457 3897.45118788 3897.46508783
 3897.65722045 3898.01055246 3898.02078576 3898.0359857  3898.046219
 3898.05151898 3898.06728559 3898.10958543 3898.21121838 3898.24571825
 3898.26645151 3898.50568395 3898.68228329 3899.59677988 3899.60117986
 3899.67397959 3918.06497766 3918.09371089 3918.10211085 3918.13231074
 3918.13561073 3918.13924405 3918.14294404 3918.2336437  3942.89018506
 3942.94525152 3954.84260714 3955.22550571 3979.22071621 3986.98225392
 3987.06605361 3987.17421987 3987.25701956 3987.6491181  3987.91038379
 3992.83209877 3992.86579864 3992.87666527 3993.03573134 3993.29699703
 4002.92746111 4003.40912598 4008.79373923 4009.2492042  4017.167008
 4062.83673764 4063.23483616 4071.05077367 4075.35255762 4125.49927057
 4125.53293711 4125.74520299 4125.8588359  4126.2603344  4126.27163436
 4126.27643434 4157.64971731 4157.66955057 4198.74839734 4204.52154247
 4204.68727519 4204.80147476 4210.44322039 4219.76031896 4262.19252735
 4264.41148574 4285.51454036 4285.55267355 4305.65233191 4305.78489808
 4305.9315642  4315.84722721 4315.87079379 4340.79130084 4347.360843
 4365.59560831 4379.95782141 4393.71613675 4393.83523631 4393.83856963
 4402.44303754 4425.93701657 4440.00769741 4440.03796397 4451.40685489
 4457.89616402 4477.25389181 4481.65050875 4485.62422726 4487.42032056
 4488.00601837 4495.01955888 4507.56337876 4523.43001957 4526.75004052
 4531.49815614 4531.53828933 4531.5467893  4531.60945573 4531.62315568
 4531.64668892 4531.65088891 4531.67582215 4534.61817784 4535.4592747
 4535.48244128 4535.49884122 4540.37322304 4540.45342274 4540.46072271
 4557.84719119 4567.60348813 4581.5962026  4600.0141339  4606.42814331
 4612.72121984 4613.74688268 4617.89020056 4617.91366714 4617.93040041
 4618.62836447 4619.35739508 4619.56926096 4620.56542391 4624.06604419
 4624.18654374 4624.21201031 4624.21684362 4624.22101028 4624.25327682
 4624.38627633 4624.39177631 4624.64777535 4624.67664191 4624.85224125
 4625.35207272 4625.40947251 4625.79300441 4626.48493516 4626.84506715
 4626.86093376 4631.84321518 4632.33154669 4632.51657933 4632.53821258
 4632.56037917 4632.5869124  4645.64769702 4649.91031445 4651.28210933
 4651.35837572 4651.73894096 4672.33586413 4677.16351279 4685.21188277
 4685.84478041 4687.01840937 4687.9485059  4688.19770497 4688.29800459
 4688.33383779 4688.34213776 4688.35253772 4688.39263757 4688.59370349
 4688.60220346 4688.60973676 4688.79353608 4689.16776802 4691.2180937
 4692.01675739 4692.14209025 4692.19402339 4692.7825212  4693.01655366
 4693.83528394 4694.09964962 4694.23388245 4694.40761514 4694.42061509
 4694.50168145 4694.54531462 4694.90524661 4694.94941312 4694.95831308
 4694.96257973 4695.515911   4695.68507704 4696.16410859 4696.35284121
 4696.35930786 4696.36717449 4696.56414043 4696.77803963 4696.7951729
 4696.95630563 4696.97797222 4696.98283886 4696.99213883 4698.07113481
 4698.20780096 4698.6546993  4699.46292961 4699.46819626 4699.4761629
 4699.83452823 4699.89726133 4699.9040613  4713.91387571 4714.43547376
 4714.47594028 4714.6230064  4714.70383943 4716.09393424 4716.2051005
 4722.71444288 4726.5965284  4727.73002417 4731.60654305 4731.80944229
 4740.287944   4741.07514106 4741.09487432 4744.13279632 4744.14439628
 4744.16049622 4744.51502823 4745.36582506 4745.39405828 4746.11558893
 4746.19018865 4746.69648676 4747.11728519 4747.40485078 4747.43165068
 4756.56898327 4757.12021454 4757.59411278 4758.60177569 4759.0000742
 4759.01204082 4760.80883412 4762.32749512 4762.4574613  4762.48969452
 4762.49646116 4762.50126114 4762.50886111 4762.94562615 4763.20269186
 4763.64645687 4763.81055626 4763.83205618 4763.84438946 4763.84892278
 4763.8534561  4763.85682275 4765.00391847 4801.33108297 4801.67671501
 4801.89148088 4802.80377747 4803.13950955 4821.50814104 4821.87963965
 4823.82639906 4825.73955859 4825.89469134 4826.06879069 4826.09055728
 4826.8704877  4827.03548709 4827.21678641 4827.3704525  4827.39141909
 4828.19081611 4828.50924825 4828.74978069 4835.67215487 4836.25091938
 4836.76711745 4837.83364681 4838.03001274 4838.03677938 4839.52784049
 4839.92327235 4840.84493557 4841.01983492 4841.23736744 4841.25136739
 4841.58896613 4841.59616611 4841.78513207 4841.79109871 4841.7952987
 4841.81963194 4854.7529837  4854.81255014 4854.95638294 4854.99108281
 4855.14794889 4855.66374697 4861.11965995 4861.40762554 4876.72033509
 4877.35606605 4878.20582955 4878.45692861 4878.64789456 4878.85942711
 4879.04919307 4879.08162628 4879.2650256  4879.29775881 4880.22095536
 4880.38445475 4880.81928647 4881.03771898 4881.0520856  4881.56688368
 4881.57121699 4881.57405032 4881.5789503  4881.5864836  4881.58998359
 4882.12351493 4882.13944821 4882.16171479 4882.33284749 4882.33791413
 4882.75321258 4889.18262194 4889.31378811 4893.95800412 4894.19336991
 4896.35389519 4911.48347208 4911.85783735 4953.58464837 4953.72364786
 4969.87608761 4993.65896556 5001.31193701 5001.35013687 5001.99900112
 5025.19104794 5025.53641332 5032.23388834 5034.71031243 5039.00606308
 5045.53410539 5048.23446199 5048.42612794 5048.50229432 5048.80875984
 5049.26932479 5062.62137499 5064.65660073 5065.37486472 5078.8191479
 5086.76185161 5088.68187778 5095.09378719 5098.16010909 5099.71580329
 5128.39939629 5130.41292212 5137.82302781 5149.14148559 5149.70791681
 5149.94918258 5166.84338623 5169.79130856 5171.41150252 5194.89771491
 5200.73469314 5211.77655195 5212.03118434 5212.29375002 5212.31514994
 5217.77046293 5217.85326262 5223.64280769 5228.43812314 5228.46315638
 5228.68548888 5228.77318855 5228.79498847 5261.48793319 5261.59973277
 5261.60536609 5294.83647546 5314.56253522 5314.82013425 5326.93375574
 5327.35612083 5390.21708635 5441.67546107 5441.71922757 5454.76441224
 5478.55122352 5534.77021381 5561.5546139  5574.7457647  5583.92613046
 5584.24762926 5584.32189565 5584.34612889 5584.35746218 5609.89220027
 5622.16592115 5713.40098083 5713.56521355 5713.66387985 5726.50926527
 5765.1683544  5876.58957212 5938.20650895 5942.01722806 5996.81849032
 6080.43697841 6138.55496162 6174.75539325 6260.04404178 6272.22659634
 6300.90365604 6303.88901157 6351.53876716 6520.19313806 6521.46156666
 6549.41282907 6566.65679808 6604.68435623 6625.77041091 6632.05802079
 6635.48334135 6662.58977357 6667.81855407 6679.95894212 6685.529688
 6747.53792337 6773.09116139 6774.51105609 6779.39443788 6780.78299936
 6845.13209267 6850.39333971 6866.83241172 6870.53579791 6874.44035001]"
103,759434_2025-02-04_B-692,CP,True,"[ 699.5748497  1014.11737641 1026.33506417 ... 6778.15840915 6871.49676099
 6935.07062385]"
104,759434_2025-02-04_C-2,CP,True,"[  20.2918694    21.03692845   21.08856125 ... 7024.29857045 7024.50646833
 7024.69793304]"
105,759434_2025-02-04_C-6,CP,True,"[  20.35633541   20.56416661   20.65789899 ... 7024.52023485 7024.57503429
 7024.71323288]"
106,759434_2025-02-04_C-9,CP,True,"[  20.26076972   20.32043577   20.63556588 ... 7024.53346805 7024.63446702
 7024.76116572]"
107,759434_2025-02-04_C-11,CP,True,"[  29.3301103    37.77129063   64.1583541  ... 7015.40162811 7021.84936217
 7022.37552346]"
108,759434_2025-02-04_C-13,CP,True,"[  20.3180358    20.57749981   20.85063035 ... 7024.43656904 7024.76969897
 7024.95149711]"
109,759434_2025-02-04_C-14,CP,True,"[  20.80266418   21.22012657   21.3381587  ... 7024.40233606 7024.42723581
 7024.90919754]"
110,759434_2025-02-04_C-15,CP,True,"[  20.34356887   20.54820011   20.65843232 ... 7024.58326754 7024.98726341
 7025.11069548]"
111,759434_2025-02-04_C-16,CP,True,"[  20.46966758   20.55423338   20.66159895 ... 7024.17750503 7024.28087064
 7024.6721333 ]"
112,759434_2025-02-04_C-17,CP,True,"[  20.57563316   20.62293268   20.74936472 ... 7024.50123505 7024.72016614
 7024.96303033]"
113,759434_2025-02-04_C-24,CP,True,"[ 554.50880579 1229.01527405 1263.2558572  1566.71825359 1566.72425353
 1613.92527079 1613.95957044 1659.95573335 1803.06030311 1951.24515424
 1953.59743018 1953.65819623 1953.66586281 1972.36920486 1982.60460018
 1996.50389136 2066.10344621 2137.59298173 2166.09899019 2214.34509676
 2216.22517753 2222.39974772 2267.41208736 2267.42345391 2288.46013876
 2291.6997723  2292.30409945 2302.19786493 2302.20793149 2302.22446466
 2321.98946251 2367.9881254  2367.99262536 2368.00695855 2368.19908991
 2393.91732688 2393.94452661 2394.0555588  2394.05935877 2394.06249207
 2394.06642536 2394.0784919  2394.08299186 2394.0915251  2397.70942144
 2418.34821036 2427.01458839 2474.64420126 2480.84283787 2492.26998767
 2492.34408691 2500.45320397 2506.96447071 2506.98327052 2507.01540353
 2507.33820023 2507.45623235 2507.5328649  2514.54142656 2514.55972637
 2514.69319167 2514.69895828 2514.70245824 2514.70782485 2514.71145815
 2516.82433654 2522.7405427  2522.79050886 2537.97968685 2550.07996309
 2550.39805984 2572.16813719 2575.67933461 2575.71500091 2575.73143408
 2579.13056598 2582.8738277  2591.07397717 2618.35636481 2650.11440667
 2681.35755381 2693.77606013 2702.12254144 2702.14450788 2702.16320769
 2702.1752409  2703.70842522 2710.14935934 2729.02856626 2729.0373995
 2745.6145633  2755.92705783 2813.58166817 2833.71849556 2905.62432682
 2949.66610973 2986.46116674 2986.47023332 2986.47346662 2986.49883303
 2997.58595297 2999.51243326 3021.67773991 3021.76827231 3023.50072126
 3046.02775754 3056.96121238 3060.54230909 3060.56297555 3093.13844239
 3103.84346624 3116.33717179 3117.33349494 3117.40482754 3172.27213306
 3172.31626594 3189.06166135 3206.54354922 3209.09545646 3226.66441011
 3271.522318   3276.52613349 3282.43827302 3282.4563395  3282.46063946
 3301.96483998 3308.19580959 3309.07563393 3309.0909671  3309.09886702
 3311.04344713 3312.57639812 3312.58513137 3326.23332512 3326.2675581
 3326.27415803 3326.28805789 3330.37288278 3331.92580023 3358.91465754
 3364.53320008 3376.61377653 3379.02638518 3391.90635346 3412.96080479
 3412.96620474 3413.1260031  3413.17826923 3413.22443543 3413.31743448
 3417.4934251  3422.51014046 3425.73720746 3428.89284185 3438.14511389
 3457.90684511 3467.41874783 3467.45644745 3474.78733914 3474.8952047
 3474.95090413 3475.59423089 3478.0989386  3484.77550365 3491.01607316
 3491.02623972 3491.03457297 3491.05360611 3491.22610435 3491.29280367
 3496.0216553  3496.52948344 3496.72308146 3508.86262397 3509.18178738
 3509.28745296 3513.39124432 3516.56511186 3519.95387721 3535.3939193
 3540.32266889 3540.97519555 3540.97896218 3540.98492878 3543.53243606
 3543.58146889 3543.60363533 3547.07839979 3548.91228104 3548.9197143
 3548.92281426 3548.92621423 3548.93081418 3548.93771411 3548.94238073
 3548.94814734 3552.86104065 3560.50886244 3560.70219379 3562.44544263
 3569.33790547 3569.35243866 3569.3713718  3569.37903839 3573.4024639
 3573.85492594 3573.86582583 3573.87789237 3574.42862007 3574.90764851
 3574.9342149  3583.50479392 3601.39461095 3622.4416957  3638.03126959
 3640.38837882 3641.57889997 3651.77999564 3657.60010279 3658.03943163
 3658.31506214 3669.28881657 3681.42292581 3681.42945908 3683.91070037
 3690.2201025  3690.22340247 3690.22970241 3704.38009102 3707.511059
 3710.22099795 3710.2292312  3710.23779778 3710.24546436 3710.26663081
 3714.86315047 3716.24593633 3717.05086143 3717.11229414 3717.38842464
 3717.39315793 3717.41149108 3717.42102431 3717.50722343 3727.522621
 3727.53995415 3734.94117846 3737.26542136 3739.11380245 3739.12126904
 3743.427325   3749.98625792 3750.15482287 3750.15982281 3750.16705607
 3750.17355601 3750.18048927 3750.19402246 3750.21125562 3750.21655557
 3750.26398842 3750.27232166 3751.57570833 3760.08518797 3760.30801902
 3775.01893524 3775.33683199 3778.34483456 3778.52209941 3778.55433241
 3781.48320246 3784.5039049  3796.0612867  3797.06327645 3804.73313134
 3804.76196438 3810.06544347 3810.06957676 3810.07544337 3810.08174331
 3810.08634326 3810.30974097 3812.5956176  3837.6094951  3850.46849692
 3859.14194155 3859.16190801 3859.17547454 3861.49518415 3861.52858381
 3870.99558699 3873.45772847 3874.3380528  3874.36385254 3874.37925238
 3874.38785229 3874.40478545 3875.26201002 3875.27760986 3875.63637286
 3875.76043826 3875.78063805 3875.85620394 3875.91856997 3876.12296788
 3884.15478574 3886.67395997 3886.85925808 3891.81444073 3892.10050447
 3892.25780286 3892.39310148 3892.39680144 3892.41176796 3893.81125364
 3893.90461936 3914.50244203 3914.50450867 3914.51860853 3914.55834146
 3916.87165113 3925.74029376 3950.38440838 3950.54810671 3953.71400767
 3976.44570851 3991.53018757 4014.76544994 4018.95357377 4092.63615353
 4094.19303761 4094.21483738 4096.75431141 4120.11047254 4120.13727227
 4120.14527218 4120.15683873 4153.42149852 4153.43096509 4195.75603222
 4200.38108492 4203.33285473 4203.62355176 4206.97158418 4206.98495071
 4224.86880114 4265.0887898  4266.54817487 4362.69565821 4366.30758793
 4380.17087948 4399.14868539 4412.46591586 4412.48391567 4445.68937607
 4451.51908312 4451.52838302 4472.43103591 4476.29299641 4489.47326161
 4491.15941103 4491.5050075  4492.74089486 4492.99095897 4557.79392954
 4611.66324527 4611.67141185 4611.68244507 4630.43565328 4635.83336474
 4636.18172784 4670.45587731 4732.15094633 4732.68117425 4753.83949119
 4753.95502334 4754.6561495  4754.88884712 4756.17140067 4760.35372456
 4772.85209674 4772.85886333 4772.87049655 4772.88579639 4773.38922458
 4773.39649117 4779.40859635 4779.42526284 4780.01845678 4782.20440109
 4801.79883402 4825.6877897  4825.72165602 4829.2566532  4834.59319862
 4845.37722167 4845.39065486 4859.77144112 4872.40404525 4872.41071185
 4872.4190451  4884.48932165 4884.56335423 4899.49930147 4910.24282493
 4922.16463634 4925.16653897 4928.73716912 4968.57396169 4972.56205424
 4972.56895417 4972.57478744 4972.58718731 4982.8815487  4982.8906486
 4982.89644854 4987.42473557 4987.56830076 4991.71132506 4996.9120052
 4998.37319026 5010.60493183 5010.61349841 5010.63886481 5010.86002922
 5014.79315566 5023.54433283 5031.34505304 5037.38059132 5041.82321255
 5052.88469942 5060.63448683 5067.69914791 5075.41256902 5075.87893092
 5075.89253078 5075.90476398 5084.49577612 5106.01175607 5106.02462261
 5126.57094581 5130.33730729 5134.64292992 5138.22962657 5138.32292561
 5139.94194239 5141.09123063 5221.98200334 5237.22814741 5237.2517805
 5284.82769393 5461.03032518 5476.300969   5476.31160223 5511.54320857
 5520.60624921 5524.98137113 5617.00406332 5617.0090966  5617.01336322
 5618.56621401 5657.59908147 5657.61171468 5679.742855   5696.99264525
 5712.82491666 5742.13505023 5762.80320552 5762.82637195 5762.84780506
 5800.44918716 5822.12586547 5832.97022123 5833.81507925 5844.72186771
 5873.17314339 5875.59331864 5876.5266091  5883.00710948 5883.01590939
 5883.02164267 5893.24743809 5907.40215999 5914.70568529 5921.15355268
 5938.18947845 5997.49210527 6002.91518314 6050.98785816 6051.01032459
 6069.83199876 6071.58911413 6098.37684016 6110.15078641 6121.48127053
 6121.60210263 6132.05056243 6140.91657176 6140.96270462 6193.56086668
 6196.15654014 6196.1629734  6217.26959087 6218.4792785  6219.21910427
 6221.86304389 6233.74708902 6234.39071577 6243.68515404 6246.61549074
 6252.48839734 6267.02918196 6267.78537423 6281.52123375 6281.54546683
 6304.10000283 6304.26003453 6331.47548952 6339.76743805 6361.0515537
 6388.3767409  6396.5866236  6396.5906569  6406.60135451 6406.61058775
 6417.2640788  6434.36307059 6435.13956264 6440.6417397  6450.75886957
 6485.42688167 6495.73267627 6515.66273911 6535.71453403 6535.88349897
 6554.67560678 6554.89270456 6556.28342367 6557.36427928 6571.05573925
 6571.09833882 6584.58810085 6586.34381623 6588.00406591 6593.26757875
 6596.54417857 6599.65224679 6608.92948524 6608.98385135 6614.9689568
 6623.1920727  6628.68491653 6640.3974634  6640.41599655 6663.9886888
 6665.18850986 6702.91375736 6706.20452371 6715.64799379 6715.82202535
 6725.30079507 6725.32442816 6735.16469419 6741.85772574 6754.24046576
 6766.48270722 6772.94797443 6786.27000485 6789.86126812 6824.7731444
 6840.81178037 6869.1669237  6915.92264552 6930.3498313  7020.75414004]"
114,759434_2025-02-04_C-30,scwm,True,"[  23.3129385    24.95005509   25.8099463  ... 7014.70343525 7016.52511662
 7018.39406418]"
115,759434_2025-02-04_C-34,SSp,True,"[  20.28573613   20.4477678    20.54133351 ... 7024.375903   7024.63483368
 7024.75819909]"
116,759434_2025-02-04_C-35,SSp,True,"[  20.95152932   21.59638939   23.08014088 ... 7024.73433266 7024.78069886
 7024.9267307 ]"
117,759434_2025-02-04_C-39,SSp,True,"[  95.00950524  106.72428543  106.73861861 ... 6990.63624806 6994.32301036
 6994.9220709 ]"
118,759434_2025-02-04_C-42,SSp,True,"[  26.47513949   46.17387136  157.56376547 ... 7020.15744614 7023.36024672
 7023.40367961]"
119,759434_2025-02-04_C-44,SSp,True,"[  21.89661965   22.53791309   24.10419708 ... 7024.59543408 7024.8257984
 7025.04189619]"
120,759434_2025-02-04_C-46,SSp,True,"[  20.26140304   20.55590003   20.68096542 ... 7024.75569911 7024.84983148
 7024.94996379]"
121,759434_2025-02-04_C-48,SSp,True,"[ 104.74653899  104.8132383   171.00929463 ... 7018.97809154 7019.39055398
 7022.85561855]"
122,759434_2025-02-04_C-50,SSp,True,"[  20.30396928   20.66483225   21.46972402 ... 7019.72795053 7020.74250682
 7021.09616987]"
123,759434_2025-02-04_C-54,SSp,True,"[  20.25690309   21.18089364   23.01047493 ... 7022.7722194  7023.14454892
 7023.15904878]"
124,759434_2025-02-04_C-55,SSp,True,"[  20.53116695   20.71583173   20.75483133 ... 7023.04378329 7023.09544943
 7023.625944  ]"
125,759434_2025-02-04_C-58,SSp,True,"[  22.13268391   22.13545054   22.13881718 ... 7023.93327419 7023.93857414
 7024.09433921]"
126,759434_2025-02-04_C-61,SSp,True,"[  26.48940601   34.26219319   35.05028513 ... 7019.33935451 7020.2816782
 7024.55036788]"
127,759434_2025-02-04_C-67,SSp,True,"[  22.18645002   26.88440198   27.97849079 ... 7023.06194977 7024.47113536
 7024.93136398]"
128,759434_2025-02-04_C-70,SSp,True,"[  21.602156     22.18981665   22.72787782 ... 7016.00928856 7019.29172166
 7019.59895185]"
129,759434_2025-02-04_C-72,SSp,True,"[  20.30426927   20.50620054   20.59216633 ... 7025.00132993 7025.02779633
 7025.08192911]"
130,759434_2025-02-04_C-81,SSp,True,"[  20.40513491   20.45450107   20.53306693 ... 7024.66430005 7024.73466599
 7025.11062882]"
131,759434_2025-02-04_C-83,SSp,True,"[  27.84582548   36.20917327   79.71786163 ... 7024.86253135 7025.0896957
 7025.11432878]"
132,759434_2025-02-04_C-86,SSp,True,"[  20.34196889   20.56943323   20.97202911 ... 7024.78736546 7024.99429667
 7025.03742956]"
133,759434_2025-02-04_C-90,SSp,True,"[  20.97436242   21.36572508   21.39055816 ... 7021.03157053 7021.49906575
 7022.90758468]"
134,759434_2025-02-04_C-91,SSp,True,"[  20.30716924   20.37286857   21.02959519 ... 7020.63070797 7023.60427756
 7023.9881403 ]"
135,759434_2025-02-04_C-93,SSp,True,"[  25.89181213   26.75333665   28.0584233  ... 7022.648654   7024.40293605
 7024.63426702]"
136,759434_2025-02-04_C-96,SSp,True,"[  20.27426958   20.85476364   21.83812025 ... 7024.38710288 7024.41630258
 7024.62670043]"
137,759434_2025-02-04_C-102,SSp,True,"[  23.15930674   25.25671862   25.25998526 ... 6909.97720632 6941.11718784
 6963.40055995]"
138,759434_2025-02-04_C-113,SSp,True,"[  36.73930119  102.36736332  109.39489145 ... 6993.61068431 7012.51375765
 7013.79727785]"
139,759434_2025-02-04_C-123,CP,True,"[  20.30630258   22.18391672   46.09927212 ... 6991.32624101 6993.97244728
 7014.08817488]"
140,759434_2025-02-04_C-130,CP,True,"[  20.30743591   24.37759428   25.23521884 ... 6968.43684177 6976.72679032
 7011.1231052 ]"
141,759434_2025-02-04_C-150,SSp,True,"[  24.11573029   24.20862934   24.21492928 ... 7014.38067189 7020.7280403
 7020.74424014]"
142,759434_2025-02-04_C-160,SSp,True,"[  20.34473553   22.95624215   25.48474962 ... 7024.81053189 7024.94473051
 7025.0538294 ]"
143,759434_2025-02-04_C-172,SSp,True,"[  24.81212317   26.60007155   26.7710698  ... 7024.60720063 7024.81059855
 7024.8838978 ]"
144,759434_2025-02-04_C-174,SSp,True,"[  40.04020076   46.71266585   55.03264743   58.96994049   64.26295303
   66.68339494   66.75782751   71.37214698   71.9439078    73.03199668
   81.07581441   96.44959051  108.61829939  109.92578602  110.93320905
  112.63935826  112.96905489  117.94807064  143.17824593  147.90599758
  158.96398449  161.44905907  182.86964     218.0915131   220.69625313
  223.90078702  228.70810452  228.8928693   231.02598082  244.92127204
  250.81591175  251.10397547  256.54841979  270.63097577  280.4380088
  281.59966359  289.45054996  289.61308163  289.61488161  289.6647811
  290.83203583  291.02443386  291.62669437  291.73965988  292.11632269
  292.5366184   294.20980128  295.24292405  295.75271884  296.20348089
  296.4339452   296.83567443  296.83717441  297.31496953  298.59678975
  300.92409928  301.22606286  301.63839198  304.30059808  315.11195418
  322.72194301  337.20972818  365.21174179  370.34442263  379.48592914
  381.31637708  386.48685754  406.5640522   407.58244178  410.0347167
  412.21582773  424.86389837  431.89872643  435.62925494  437.1973389
  446.27021278  446.85620679  468.18182201  478.87511265  494.59865184
  499.11517232  505.66033871  510.25392506  513.23576123  523.90708543
  543.95161376  545.50256456  549.4520575   594.54259635  621.43472131
  635.18911398  640.40219399  642.10857654  686.3210577   689.85282158
  693.11412156  708.60236315  708.76259485  709.36902198  710.03804847
  741.62302544  759.77193983  771.26898891  774.78388629  793.49419494
  794.57525055  814.78557718  817.46751642  833.25778826  835.66933027
  843.92497917  854.70366893  858.14336708  858.37179808 1004.15310713
 1006.18308637 1019.96287877 1023.74840672 1043.5859705  1096.53589563
 1133.95947955 1142.97412069 1146.41368551 1178.11616128 1224.32578868
 1234.23992062 1239.69556482 1244.55851509 1262.21466785 1276.17652505
 1292.13712849 1296.36105195 1320.75683578 1327.11493742 1351.60818692
 1351.69158607 1404.26868168 1439.2803236  1440.19224761 1440.85427417
 1445.38516117 1462.17792276 1464.05807019 1467.97466347 1473.59897262
 1492.02428417 1514.99768255 1540.97315023 1547.95131219 1555.51386818
 1582.41789302 1590.32381217 1595.75682327 1623.44960671 1624.37826388
 1634.17819699 1680.27515887 1712.09683342 1725.30663165 1758.4872923
 1765.76831784 1765.96588248 1774.21703143 1786.64697097 1807.61045657
 1815.41264344 1822.47800452 1874.6891372  1889.46501942 1892.51465489
 1893.49984482 1900.44960707 1903.54474209 1975.94000168 1977.25018828
 1994.24628112 2000.72484819 2014.71740509 2017.08211424 2018.79019677
 2019.68388763 2021.21210533 2030.64997547 2047.89733241 2058.13042775
 2062.31215165 2062.87284592 2085.04628581 2089.95983556 2109.04404038
 2117.25472307 2123.42455997 2130.12972473 2145.21770375 2175.76199136
 2195.57392207 2199.20665159 2211.45255968 2229.0278466  2230.02313642
 2238.57288231 2239.68410428 2247.68842242 2254.24058874 2257.64955387
 2267.61791859 2284.40444691 2300.99597722 2301.96706729 2306.8454174
 2307.30097941 2338.97862209 2339.47261704 2344.6198644  2347.14973853
 2347.98036336 2355.15768996 2366.89600324 2369.20934625 2377.67015972
 2384.94108535 2396.18553702 2398.26484909 2407.59768697 2410.57322321
 2419.94309404 2436.26962707 2436.81138819 2443.42372057 2464.25414086
 2484.34033543 2486.4551138  2487.49613649 2495.82941793 2506.54170837
 2507.13750228 2531.66288478 2531.74335063 2539.82650129 2541.26361993
 2545.7413408  2564.49271569 2574.7152778  2587.29154918 2596.03589309
 2596.6044206  2596.96258361 2598.77809837 2618.98502504 2637.3288041
 2639.90627774 2641.24999733 2647.67353164 2661.11122754 2668.72791631
 2681.17972229 2685.21564768 2697.03322682 2702.2270737  2702.84703403
 2707.07479079 2723.33182452 2724.83104252 2725.70080029 2739.06239697
 2745.1150684  2782.48985283 2792.6346824  2809.23524596 2821.11722444
 2844.27572092 2853.4457938  2875.79909852 2882.81069348 2884.79393986
 2891.56623727 2914.36437077 2930.38914021 2948.91198411 2957.16889966
 2979.396039   2981.42745156 2987.66952105 2992.5115382  2993.07359912
 3000.77608701 3024.8173078  3029.31402847 3029.43439391 3041.59700285
 3046.17938932 3060.41194376 3080.66103666 3089.79820988 3126.52243429
 3127.35379246 3128.45511453 3128.48884751 3128.99427568 3133.5193294
 3135.59767481 3137.21392495 3146.12973376 3172.60186302 3172.69439541
 3177.51101281 3180.90957806 3182.45649557 3190.54547951 3193.51981575
 3197.54007464 3208.24783179 3208.65366098 3212.47265525 3224.0712033
 3230.27127322 3237.52146573 3241.81745513 3256.30280699 3263.6643317
 3290.93831942 3299.72429623 3314.32808021 3324.59690852 3325.41753346
 3332.58416016 3354.77206657 3394.94505571 3398.69341738 3409.29047566
 3415.98277389 3416.09477274 3422.71937166 3435.82973757 3442.14173968
 3442.47143631 3476.30122366 3499.59481876 3501.24743519 3504.04370659
 3528.8486529  3543.02840788 3554.43682454 3555.51808015 3564.68365307
 3566.1644046  3584.73234803 3595.62736993 3611.5980066  3624.81487142
 3632.48669296 3647.10107683 3674.35703141 3676.80660635 3716.01997197
 3755.12310539 3776.23375615 3796.97274404 3802.25449002 3815.14445819
 3817.07160515 3824.33593086 3838.70858386 3846.35043904 3884.2892177
 3925.21389915 3945.47482526 3984.579292   3991.04509253 4002.68874012
 4008.827944   4020.06836237 4020.9059538  4055.06320447 4076.84348171
 4077.73067264 4084.81326687 4096.54124692 4116.54124238 4118.65825406
 4122.73224573 4143.03750472 4195.84776462 4206.10639303 4221.01637388
 4221.34347053 4223.70811301 4224.98083333 4226.41628532 4226.45301827
 4226.75044856 4227.15954438 4251.7032267  4259.78334406 4265.4738192
 4271.83828744 4301.19968715 4311.15388534 4363.25128586 4377.17184349
 4383.06048326 4403.06041205 4429.32214346 4454.14542292 4459.80529837
 4462.68430226 4467.04275768 4469.97459437 4471.50141208 4476.43842826
 4482.91599534 4487.50641506 4508.82023041 4514.15560918 4527.67780422
 4527.69433738 4530.41680954 4532.95345026 4534.21490402 4579.8664038
 4581.34502201 4599.89246565 4624.76714458 4645.08263681 4661.05827342
 4667.61540636 4678.51219492 4691.7007267  4724.47175821 4727.30809586
 4729.52723983 4737.69632295 4743.52263003 4755.66807248 4782.87862753
 4847.97366178 4850.44653649 4876.06830778 4891.42171742 4900.9860196
 4921.03744786 4938.95516461 4939.3608938  4940.1949186  4948.45276748
 4973.67570951 4999.93350763 5015.78157888 5017.73499224 5045.38887608
 5046.3388997  5063.29025966 5076.51025779 5099.9793511  5108.18183388
 5108.68026211 5114.41573679 5137.31633591 5154.28629568 5157.00846784
 5157.24879872 5160.1028362  5164.86082087 5167.2211634  5169.62767212
 5170.47869675 5181.35175221 5183.89919282 5188.16621585 5206.19439814
 5253.17175102 5256.06692141 5258.6948612  5269.42795143 5295.04558943
 5305.87807864 5320.39579683 5339.85069786 5359.93385913 5382.42092914
 5386.67745228 5395.64579389 5401.22393684 5409.88544825 5410.73547289
 5422.94791466 5429.59987996 5498.6332406  5520.24598623 5524.47157634
 5524.84870582 5525.28826799 5527.23738139 5529.05402948 5529.57359083
 5567.19660605 5577.25423652 5581.56982572 5599.98500404 5604.55895726
 5608.65131541 5609.57007268 5613.6586642  5616.06653957 5639.99106156
 5642.65790095 5664.05614877 5664.8676738  5666.77115433 5668.11330727
 5684.98910135 5696.06738804 5697.45107389 5713.48030996 5763.41273261
 5796.03293233 5796.93545643 5802.75749689 5808.10927549 5809.10426531
 5816.30215836 5826.89961665 5854.35503585 5870.34763896 5870.69183544
 5893.86209847 5912.66257285 5928.79050791 5938.97380376 5939.91262749
 5953.4379225  5953.54302142 5962.31663169 5970.2328174  5979.60858818
 5981.67820034 5983.27905064 5993.38798058 5997.35420669 6007.88416566
 6021.3346281  6033.82520035 6037.30276478 6038.18412244 6043.09117225
 6047.776491   6048.24155291 6088.90727034 6109.41189397 6113.67698368
 6119.50265743 6130.34777985 6130.36727965 6140.28877818 6148.86982375
 6168.32852474 6170.23080529 6174.07486597 6178.41485492 6185.35415061
 6187.04969994 6224.39678465 6234.24905055 6258.37317049 6259.2135619
 6271.6477014  6297.18550688 6298.11433071 6309.8289109  6323.93656662
 6325.08655486 6326.5006404  6331.71412041 6339.75040489 6368.19351399
 6370.245493   6375.89080193 6384.75354462 6392.80009566 6395.41533558
 6400.93711244 6406.12622604 6409.15369508 6410.30481664 6420.9788408
 6446.1637499  6464.98385742 6467.27056736 6467.54033127 6480.12333591
 6480.52143184 6503.63972874 6506.36376754 6508.07988333 6517.05872483
 6520.17355964 6523.00076406 6531.2983792  6536.83255593 6539.28616417
 6548.3111052  6557.62824325 6563.59058227 6580.45250981 6587.63650301
 6590.52947342 6592.48945337 6593.25671219 6604.98452558 6605.97288214
 6620.55409968 6625.69824707 6659.39133581 6691.43934138 6699.68082376
 6716.78368218 6745.65885353 6755.4979529  6762.38488247 6771.66472089
 6780.56636318 6782.41854424 6783.07513753 6783.76923043 6789.45920557
 6792.44480837 6796.392068   6798.69214447 6802.94223434 6807.97221623
 6823.02059566 6831.3926767  6839.90458965 6859.18082583 6868.47419745
 6869.98691532 6874.34323743 6874.56213519 6880.09011199 6885.44702387
 6886.00648481 6909.8494743  6924.26679351 6926.10870801 6929.44684053
 6933.58086492 6943.83166008 6961.65404447 6986.48302387 6986.83995356
 7015.90358965 7024.96246366]"
145,759434_2025-02-04_C-175,SSp,True,"[  20.27116961   20.34256888   20.3537021  ... 7024.21297133 7024.22563787
 7024.43880235]"
146,759434_2025-02-04_C-176,SSp,True,"[  22.61877893   22.66494513   22.80477703 ... 7024.83483164 7024.92259741
 7025.04289618]"
147,759434_2025-02-04_C-177,SSp,True,"[  21.37159169   23.27360557   23.29107206 ... 7022.88655156 7023.48047882
 7023.55994468]"
148,759434_2025-02-04_C-178,SSp,True,"[  20.57159987   20.58523307   21.84478685 ... 7024.83626496 7024.8483315
 7025.11266213]"
149,759434_2025-02-04_C-182,SSp,True,"[  23.35500474   24.0592642    36.8555       44.26075759   58.99840687
   77.53845059  110.53771309  110.54127972  110.71531128  110.71904457
  110.72097788  118.49296506  120.58647699  137.82680066  138.70079173
  149.32474974  156.82047308  162.11221896  162.1147856   177.7556923
  186.80066646  223.27549342  235.64090029  235.64296693  235.6555668
  238.98213278  244.37011101  251.07354245  252.38486237  252.38669569
  252.38956233  252.53389418  257.12901385  257.88987274  262.43195962
  262.44469282  292.05832329  314.45989418  314.84469024  323.39220283
  333.96282805  363.28649481  411.57963424  413.25981705  446.7243748
  483.94052751  483.94659412  485.68967629  495.65100775  510.16605929
  526.38419343  550.58387926  576.61157973  600.78953246  603.07610907
  669.115167    675.02540656  699.32182474  709.19762373  760.19063554
  770.73602769  787.1389266   787.21342584  838.76179864  867.8838008
  868.07466551  868.60622674  893.89913473  961.0877809   989.30909227
  994.26944154  997.50480845 1015.53595738 1016.33978249 1029.82397792
 1109.35723117 1120.03198866 1145.69025958 1251.33924574 1267.86114343
 1332.81924575 1336.19514456 1373.03073449 1383.31039603 1441.94729633
 1445.00746503 1454.03017275 1535.56757218 1538.78333929 1552.36556704
 1554.15351543 1577.50440994 1581.36797043 1634.4927271  1638.28508832
 1650.90819255 1668.60317824 1673.75642554 1688.04784604 1699.80365915
 1725.06913408 1727.20964552 1737.15491048 1739.76685043 1792.40164545
 1795.79101079 1813.49012977 1872.74102379 1906.19641497 1951.29545372
 1975.35507433 2020.36484733 2020.73507688 2051.97392405 2055.66101968
 2147.06781816 2161.50380385 2169.27249107 2219.98040579 2220.06363828
 2229.75693914 2248.40808172 2258.56477785 2260.5347577  2268.48544305
 2278.46387433 2293.76368452 2309.04029495 2310.63441198 2342.06962382
 2353.96636881 2370.00540477 2375.39204968 2423.22332716 2431.15047942
 2450.38531603 2466.41685208 2496.71310889 2506.34257707 2531.87368263
 2555.59510669 2600.96260936 2602.1524972  2662.33098173 2674.67778879
 2681.09582315 2742.04026652 2780.50390647 2864.55228021 2868.86403612
 2895.2850659  2943.29947484 2957.25726542 2975.96487409 3015.45757019
 3071.91442612 3090.65840108 3093.43240605 3105.18228588 3118.89411231
 3131.29825211 3197.57310763 3224.72039666 3236.14957977 3252.63701114
 3258.98994617 3267.91622154 3275.58070982 3284.13775564 3290.4741575
 3306.97652206 3334.61390607 3338.49873301 3346.64001641 3346.77034841
 3347.69307231 3374.79306181 3389.42974545 3402.60114408 3403.03463964
 3411.33638807 3418.51444799 3434.58415031 3441.53321257 3458.15477591
 3485.62236166 3572.3597079  3581.4820146  3585.55167298 3593.39142614
 3604.5216123  3616.32972487 3624.71810575 3646.39101742 3674.83362653
 3690.83569621 3693.29513772 3708.24135153 3708.34135051 3716.16880378
 3719.59263543 3761.60263912 3762.59416231 3771.57353714 3773.19175393
 3776.84534989 3779.54395563 3783.6205806  3797.59060439 3815.14549152
 3820.40213776 3832.3853152  3836.12637694 3850.08600084 3852.83350607
 3853.47576617 3866.22416912 3877.6467523  3879.36493472 3901.09074586
 3915.10676918 3923.01525496 3933.69184577 3939.0245579  3946.48674825
 3954.37330092 3956.27824811 3956.70304376 3972.40478318 3975.98491323
 3992.74267517 3993.3525356  4023.41389482 4029.18783577 4044.05908368
 4055.05330457 4065.49073115 4075.05273336 4076.28282078 4080.93657318
 4088.84492564 4096.79464433 4105.42708938 4137.64612653 4169.82109747
 4169.83503066 4170.32252567 4174.18595283 4223.70751302 4224.55410436
 4228.34453226 4244.85523007 4248.07429715 4261.51835965 4265.52348535
 4266.81820545 4274.60772578 4291.85594938 4304.79435038 4305.62510855
 4309.67266716 4312.48277175 4326.74759253 4352.29996453 4365.89279218
 4366.00215773 4386.7983117  4395.25499188 4395.51925584 4402.41128536
 4405.74545126 4405.75235119 4405.89871636 4412.08745306 4412.60814774
 4414.39329615 4418.47145444 4423.67956784 4453.94022502 4493.91138289
 4495.71373112 4496.14976    4509.87048634 4523.68451172 4530.41490956
 4533.88767404 4536.55641341 4544.03090363 4553.12267732 4556.65827449
 4556.68887418 4560.21273814 4564.99205592 4568.89814931 4569.14224681
 4575.22555126 4581.17209045 4592.31950977 4599.890599   4605.62424036
 4630.02159085 4632.89669477 4638.9853325  4638.9891658  4638.99756571
 4642.58606234 4644.40164378 4653.12785453 4653.3654521  4653.8283807
 4661.48596905 4672.04832769 4672.07646074 4672.34055804 4689.37235051
 4693.42177576 4694.66399639 4694.90359394 4696.61434311 4701.43502714
 4701.43919377 4703.58253851 4705.3857534  4705.97534737 4706.00328042
 4708.33518991 4708.78938526 4723.21433773 4725.85121076 4726.65663586
 4733.91789493 4742.93190274 4743.91892598 4745.09614727 4746.32910133
 4750.69735665 4756.98149238 4760.75962041 4760.95901837 4770.32942254
 4772.21246995 4776.66599106 4777.34561745 4777.94494465 4786.62838918
 4791.85023577 4794.26394442 4810.83957489 4821.97666099 4827.98833284
 4830.09601128 4833.99797138 4834.75276366 4839.83371169 4839.85491148
 4840.86753445 4840.87223441 4849.57571206 4849.65927787 4859.35484538
 4862.3842144  4874.70192175 4884.39565594 4889.61490257 4898.32774679
 4899.76399877 4902.67023571 4912.09520599 4914.77491191 4915.96129978
 4916.08753182 4923.52488909 4924.06235026 4924.16411589 4927.80717863
 4938.82409929 4952.90318863 4970.6595737  4985.77015249 4993.55357288
 5009.69054118 5009.84753957 5011.88398541 5017.26439705 5020.82909393
 5030.46502871 5031.50095145 5035.25584638 5044.17692181 5046.89062739
 5066.57585939 5096.35632149 5101.72919987 5102.54272488 5102.71442313
 5105.68369276 5105.89069064 5109.64395226 5114.81959932 5117.197475
 5134.46329842 5137.51543387 5164.6128234  5164.93425345 5165.61597981
 5166.68893551 5169.61990553 5173.68776393 5188.12464961 5190.14846224
 5214.24054918 5253.73274528 5255.31469577 5269.07872166 5281.16196475
 5286.91663923 5293.26340765 5294.90012425 5296.95096994 5309.55730768
 5311.77765164 5336.15163569 5338.83230827 5339.86773102 5350.19069211
 5350.58385475 5353.79768855 5355.49810449 5355.58837024 5368.21377444
 5369.35232947 5382.00060011 5387.3402455  5389.10599411 5390.99687477
 5426.01374997 5426.56934429 5430.15440762 5433.41530761 5437.0011376
 5443.60997001 5444.05636544 5446.60497271 5451.42855671 5453.79276587
 5455.40734935 5456.18350808 5495.21227559 5501.4133455  5514.4632787
 5524.6289414  5529.04296292 5529.63652352 5542.36089338 5545.85665763
 5550.20531316 5554.20397226 5555.49755903 5555.60279129 5576.42004505
 5582.24788545 5606.14764102 5607.37742844 5612.55360883 5622.3541086
 5625.93133868 5633.28006352 5638.26347922 5645.99396683 5658.74623641
 5668.0619078  5668.9709985  5672.71946016 5680.66041228 5687.08831321
 5687.39694339 5689.91238433 5695.32479564 5703.22348152 5710.8847365
 5717.88266493 5718.64262383 5725.30138906 5735.36861943 5739.72047492
 5747.19286517 5751.31535634 5753.336169   5753.57769987 5754.54528997
 5756.25090586 5762.05014655 5762.06264642 5762.37160993 5763.67416327
 5766.97752949 5794.42121548 5794.97480982 5795.57533701 5798.83540367
 5813.53412001 5813.85848336 5819.33542734 5833.01398745 5835.42799609
 5835.7982923  5837.80120515 5838.38389919 5842.85938675 5859.29331868
 5866.86927453 5896.67620302 5904.18185959 5906.71816698 5907.13442939
 5911.8827475  5913.17126765 5915.84870694 5921.03252059 5922.00711062
 5925.24641082 5932.31273855 5935.27034164 5937.744783   5938.98923694
 5939.02676989 5940.12222535 5942.70269896 5945.52273678 5946.84602325
 5950.60888476 5963.28138849 5968.39546952 5969.96765344 5975.89175952
 5976.01162496 5980.7175435  5981.73516643 6000.75377192 6009.1676192
 6013.13351197 6022.55128232 6035.50194987 6038.9799143  6041.71881962
 6051.0589241  6053.34333407 6060.32309601 6068.45884614 6072.8111683
 6073.22199743 6080.95501834 6080.97328482 6081.75824346 6082.23727189
 6088.7943715  6088.92150353 6099.43136271 6115.14796864 6116.51715463
 6127.98310403 6128.13810245 6136.20328663 6138.96765836 6139.14938983
 6139.8562826  6142.07912654 6157.08800637 6160.86933436 6163.06261193
 6173.29450729 6177.43779824 6177.65282938 6181.31229195 6189.1228454
 6196.59333567 6197.99055471 6204.59488717 6210.20536312 6215.14067931
 6216.91162787 6219.11983862 6222.29413948 6225.893836   6233.85762122
 6234.52878102 6236.04099889 6238.52450682 6246.76718919 6250.57861688
 6253.65425209 6257.44078003 6258.9493646  6262.43349563 6265.5655636
 6269.75255411 6284.05144121 6296.94324269 6298.3728614  6299.44778374
 6300.62080508 6306.73594254 6307.13580511 6309.21448385 6317.82502912
 6322.00081975 6329.86133936 6329.90090562 6330.9814279  6332.00491744
 6333.04577346 6334.18239517 6337.24286387 6338.11572161 6339.32987585
 6339.43674143 6362.89840148 6366.00280306 6375.77676977 6375.7833697
 6386.09519757 6386.12279729 6390.62891787 6393.88288459 6400.23895292
 6403.34188785 6403.5777521  6406.55232168 6406.82348557 6407.13961568
 6407.1469156  6416.00762498 6419.0497272  6428.93809273 6432.41809048
 6436.01185372 6437.2723075  6445.45882377 6448.52445909 6451.28573084
 6452.66198344 6461.34416131 6464.65372746 6464.85859203 6464.92245804
 6464.96549094 6468.84185129 6480.43396607 6480.46639907 6483.87706419
 6489.59693902 6489.90603586 6491.20985586 6491.98368128 6492.30954461
 6492.31611121 6492.3466109  6494.7711861  6496.47143538 6496.56746773
 6496.95969706 6497.84058805 6497.99841977 6501.58554975 6508.7729429
 6511.88507774 6517.74491781 6534.35441461 6536.06106382 6537.96511101
 6538.02254376 6538.46820587 6540.18725495 6544.51494403 6545.40490159
 6546.48832384 6549.60639195 6549.61232523 6551.61073812 6555.09476916
 6563.67704805 6566.87621533 6568.08936959 6576.5688162  6587.63786966
 6594.20053587 6600.63363675 6607.09920396 6610.69516718 6612.23268479
 6612.63458068 6615.44658525 6615.87708085 6616.30780978 6616.41520868
 6620.90999604 6630.81649472 6637.15446324 6639.17304259 6642.12841237
 6643.91382744 6646.36743568 6653.63402803 6654.07915681 6667.38702071
 6671.33324701 6672.2239379  6672.28473728 6672.29893714 6677.18145387
 6677.5009506  6682.04900409 6689.49572793 6692.44049781 6699.61805774
 6699.66535725 6703.19555448 6715.04926658 6729.76611607 6731.04650297
 6747.48570151 6749.75421164 6757.13216952 6757.57626498 6758.56552153
 6762.38988241 6768.25585575 6769.77110692 6771.25022513 6774.03249667
 6777.3544627  6777.62905989 6787.20819526 6790.10349898 6796.85819656
 6802.91020133 6809.1057713  6811.93227573 6814.01648775 6815.33974088
 6815.6699375  6815.79980284 6815.80840275 6819.11606892 6819.2646674
 6824.53318019 6827.67178142 6834.14128192 6843.3441878  6853.10858794
 6853.7670812  6856.04459124 6864.77980191 6867.55814016 6873.6746776
 6874.30647114 6874.55380194 6875.48312577 6877.75560253 6902.49528284
 6909.82744119 6910.30633629 6910.35760243 6910.54986713 6925.88247699
 6925.93424313 6926.11190797 6928.11052087 6930.672828   6935.46764562
 6944.00655829 6949.28663763 6955.76013809 6958.07854771 6961.24928195
 6966.69189295 6978.47047249 6979.00880031 6979.64782711 6979.89915788
 6982.05466916 6983.93301662 7004.2101759  7006.23588852 7011.21917089
 7011.33990299 7012.30489312 7013.79857784 7017.7401042  7019.53681915]"
150,759434_2025-02-04_C-192,SSp,True,"[  20.46083434   21.28455925   22.4722471  ... 7022.99868375 7023.37201326
 7023.79344229]"
151,759434_2025-02-04_C-208,SSp,True,"[  20.37846851   20.98346233   21.65215549 ... 7023.36091338 7024.14087207
 7024.51690155]"
152,759434_2025-02-04_C-210,SSp,True,"[  21.85515341   23.29767199   29.70117317 ... 7017.82960328 7018.26229886
 7019.53171921]"
153,759434_2025-02-04_C-211,SSp,True,"[  22.64001205   23.45063709   30.98759334 ... 7018.9392586  7019.12569003
 7021.14390272]"
154,759434_2025-02-04_D-0,CA3,True,"[  20.33659455   20.37416103   20.45582727 ... 7024.47864037 7024.78510547
 7025.11347045]"
155,759434_2025-02-04_D-2,CA3,True,"[  41.5358526    41.53861925   41.54141924 ... 7023.47134553 7023.47871216
 7023.48171214]"
156,759434_2025-02-04_D-4,CA3,True,"[  20.64399298   20.89415836   21.12342385 ... 7024.46760709 7024.46820709
 7024.61940632]"
157,759434_2025-02-04_D-14,CA3,True,"[  21.28008972   21.72775409   22.09858552 ... 7023.6861111  7024.77540552
 7025.06223738]"
158,759434_2025-02-04_D-23,CA3,True,"[  20.73919249   21.05032423   21.27208976 ... 7024.46667376 7024.70937252
 7024.8038387 ]"
159,759434_2025-02-04_D-27,CA3,True,"[  20.26416159   20.36932772   20.60062653 ... 7024.43710725 7024.99100441
 7025.02087092]"
160,759434_2025-02-04_D-29,CA3,True,"[  20.25076166   20.96652466   21.17695691 ... 7024.02247604 7024.49160697
 7024.84390516]"
161,759434_2025-02-04_D-39,CA3,True,"[  20.72775921   21.16432364   21.40808906 ... 7024.41797401 7024.44950719
 7024.50400691]"
162,759434_2025-02-04_D-42,CA3,True,"[  20.3670944    21.76972054   21.77692051 ... 7023.57441167 7024.78860545
 7024.79040544]"
163,759434_2025-02-04_D-43,CA3,True,"[  20.76425903   21.68512098   21.72548744 ... 7022.49968384 7024.12830883
 7024.74383901]"
164,759434_2025-02-04_D-45,CA3,True,"[  20.26696158   21.15019038   21.65832111 ... 6881.5818392  6887.82674054
 6958.08454722]"
165,759434_2025-02-04_D-59,CA3,True,"[  20.28369482   20.29266144   20.30842803 ... 7024.51410685 7024.69320594
 7024.76803889]"
166,759434_2025-02-04_D-72,CA3,True,"[  20.25259498   20.26039494   20.29822808 ... 7025.07423732 7025.09887053
 7025.12003708]"
167,759434_2025-02-04_D-78,CA3,True,"[  20.26469492   20.2810615    20.28962813 ... 7025.03660418 7025.08333727
 7025.11027047]"
168,759434_2025-02-04_D-90,CA3,True,"[  20.25856162   20.26976156   20.27636153 ... 7025.1040705  7025.11067046
 7025.1174371 ]"
169,759434_2025-02-04_D-105,DG,True,"[  20.24802834   20.26122827   20.27589486 ... 7024.74427234 7024.78507213
 7025.10033718]"
170,759434_2025-02-04_D-124,TEa,True,"[  20.28812813   20.36819439   20.39229427 ... 7025.006571   7025.08627059
 7025.11747043]"
171,759434_2025-02-04_D-134,TEa,True,"[  20.38282765   20.49539374   23.27171285 ... 7021.90025358 7021.94465335
 7024.19337516]"
172,759434_2025-02-04_D-146,VISli,True,"[  20.68279278   20.76632568   20.80509215 ... 7024.95677125 7025.08890391
 7025.1106038 ]"
173,759434_2025-02-04_D-163,CA3,True,"[  22.08281894   23.17631334   28.51255266 ... 7024.49750694 7024.81487198
 7025.08147061]"
174,759434_2025-02-04_D-165,CA3,True,"[  20.41019417   20.44236068   20.50422703 ... 7025.04910411 7025.07313732
 7025.10310384]"
175,759434_2025-02-04_D-170,CA3,True,"[  20.57705999   20.63439303   20.79782552 ... 7021.65825482 7022.48625058
 7024.69173928]"
176,759434_2025-02-04_D-191,CA3,True,"[  26.86172779   35.41021732   39.3049307  ... 7024.69740592 7024.70337255
 7024.9994377 ]"
177,759434_2025-02-04_D-192,CA3,True,"[  20.75995905   20.86309185   21.14665707 ... 7019.18576749 7020.61899348
 7022.86554863]"
178,759434_2025-02-04_D-211,CA3,True,"[  27.28455895   40.44862484   44.38670466 ... 7024.12830883 7024.85480511
 7024.99630438]"
179,759434_2025-02-04_D-216,CA1,True,"[  26.2088978    30.73760793   37.75200532 ... 7018.73750312 7021.4543892
 7023.96550967]"
180,759434_2025-02-04_D-217,CA1,True,"[  20.40652753   20.74852577   21.38952249 ... 7020.89425874 7021.65428817
 7024.97657115]"
181,759434_2025-02-04_D-224,CA1,True,"[  38.57236778   39.25666428   40.04939355 ... 7022.94378157 7023.96800965
 7025.10110385]"
182,759434_2025-02-04_D-227,CA1,True,"[  20.45526061   20.59902654   20.73869249 ... 7023.01051456 7024.60060641
 7024.79827207]"
183,759434_2025-02-04_D-240,CA3,True,"[  22.22365155   27.39682504   41.43901976 ... 7022.53915031 7023.89074338
 7024.00104282]"
184,759434_2025-02-04_D-242,CA3,True,"[  22.74898219   23.05181397   38.18350311   47.07592421   67.98288376
   68.42004818   70.60267033   77.78366687   79.34159222   79.66969054
   82.03177844   92.38179208   92.43585847   97.45389942  100.33568466
  104.69596232  109.79153621  115.4981403   116.78143373  120.02698376
  125.00272493  125.78905424  127.67367792  134.53554276  146.15911653
  146.40951525  147.57407595  150.38039491  153.15948067  157.41065888
  161.76633657  162.27330064  166.15224743  169.23126499  169.93352805
  176.59499392  179.94554342  184.44542037  186.4480101   187.3990719
  194.43960249  198.36224906  232.78087271  248.50102549  249.33132124
  253.98263074  263.41294909  264.90940809  271.49124103  277.21781169
  278.49810513  282.27858576  283.61821223  302.12281741  303.10284573
  303.3036447   303.39751088  304.93256968  312.12739949  335.24081439
  337.10673817  337.22363757  344.77659887  348.34988056  351.97149534
  359.97018769  360.21885308  366.53532071  375.94037253  377.13929972
  386.27835289  398.95085462  414.02251073  420.58774376  428.14887169
  436.94292663  445.72134832  445.73258159  446.2325457   449.17473062
  455.74863027  460.92170377  471.37101689  483.93315253  485.32257874
  486.1508745   486.3855733   489.24989195  494.43549872  503.74015104
  504.58184673  508.69645898  518.62074147  526.12536968  535.20715648
  548.90738628  551.00004223  560.42282728  574.75735384  575.71171561
  578.84893287  584.85910208  593.52945765  593.53972427  603.99537069
  608.4826477   610.37830466  620.67555189  623.03063983  629.15950843
  635.62930861  641.29441292  643.35226904  653.78641558  674.97520701
  676.71723142  677.04516307  678.46302247  681.51190685  693.68761113
  695.41563561  700.63744219  706.33487966  712.43144843  727.55373761
  728.24886738  733.02567624  736.21179325  741.57486577  744.18761905
  754.16510126  756.69678829  767.53556609  768.11716311  770.38208484
  770.59085043  775.43339229  781.46936136  782.95895373  796.42668472
  806.80509821  811.60367363  812.66540152  840.65922475  849.66414528
  850.51747424  857.39960565  869.40921078  874.82418303  877.25000394
  877.90300059  878.13866605  886.28695763  905.81959089  907.73941438
  908.55407688  912.62348936  919.42612117  920.29261673  930.97029535
  934.03074634  945.13095613  948.61497161  957.86885753  957.93919051
  973.3777114   976.37189606  992.87031153  996.39659346  998.03775172
  999.07644639 1016.08032594 1016.15612555 1028.10449766 1046.0656723
 1057.57737998 1064.91177574 1065.38293999 1067.23266385 1070.85494529
 1079.56680065 1080.60936197 1106.66052849 1120.16172598 1120.33162511
 1127.10319042 1128.70468221 1153.64712108 1153.82832015 1160.58875218
 1166.6207546  1167.53434992 1169.84903806 1181.68724407 1184.28656409
 1212.88238424 1216.27496686 1217.00079647 1217.23176195 1224.71335695
 1246.12608057 1248.16837011 1267.04414006 1281.12820123 1285.04948114
 1286.57800664 1293.34197198 1294.26433392 1297.93354846 1313.91606657
 1314.92299474 1324.61551174 1325.89697185 1326.61910148 1335.87658738
 1352.47293568 1354.45335886 1366.56426348 1374.68328854 1383.46617688
 1400.94972063 1401.85684931 1422.69487588 1429.98947183 1435.5002436
 1435.80077539 1445.23992703 1447.23945012 1448.34291113 1449.75583722
 1467.16728134 1491.46435685 1495.44800311 1496.37003172 1498.02445657
 1498.41378791 1499.18815061 1499.44921594 1505.14525342 1509.78369632
 1510.59069219 1510.78442453 1512.72901456 1529.41829572 1531.12462031
 1532.44334689 1534.20730451 1535.39006512 1545.50457996 1548.10949995
 1553.3422398  1553.8500372  1556.57008993 1573.49373655 1575.82952459
 1576.62482051 1579.84497068 1581.73199434 1583.52718514 1608.01812633
 1609.35098616 1615.4662215  1618.03644166 1618.14307445 1634.66742311
 1640.05079553 1645.96359857 1648.3848195  1654.3490556  1658.42990136
 1672.80239439 1680.58068787 1681.7456819  1684.84283269 1686.66762334
 1704.78936383 1705.53466001 1733.23668474 1736.19503625 1744.04662935
 1749.02483718 1759.17181852 1763.62736236 1782.72499784 1788.02353736
 1821.77059778 1827.85336661 1858.01434541 1859.94086887 1877.36504626
 1880.47426366 1883.99474562 1907.68162426 1908.45865361 1914.71708821
 1924.42187182 1932.47666388 1937.87063624 1963.1997398  1963.57117123
 1973.49898702 1974.153317   1989.31070601 1992.23975767 2004.65406073
 2017.88709292 2061.89460077 2071.92508271 2074.32693707 2076.17312761
 2090.49802088 2109.7195224  2109.84855507 2129.95698537 2134.79269393
 2139.78976832 2147.44979574 2154.4458599  2157.44581119 2159.18550228
 2163.07361569 2179.41743195 2201.14895393 2201.28218659 2205.27223281
 2212.13599764 2217.42750386 2230.76793551 2242.43737572 2248.47841143
 2249.00124208 2256.54187011 2263.91349901 2282.54467022 2304.78665625
 2319.44961446 2320.24671037 2328.85576626 2332.18034923 2345.14408281
 2354.76863349 2368.59406265 2370.42158662 2397.55934758 2403.84248205
 2404.30834633 2407.66686245 2415.13412419 2416.88551522 2429.58958346
 2439.30916699 2460.12822699 2463.06311195 2465.97573036 2466.65709354
 2471.80306717 2481.48211758 2507.9617819  2514.17835005 2523.65756815
 2543.01523563 2551.99015631 2553.75291394 2576.42283112 2587.37434168
 2592.81428047 2600.62290713 2605.5075821  2662.22092485 2666.20353778
 2667.16386619 2677.56947954 2699.34993461 2708.63898701 2718.44970341
 2719.99049552 2723.34834498 2744.2340713  2748.07555162 2750.11817448
 2762.49661106 2763.45443949 2766.95525488 2779.36982461 2794.3924143
 2795.12877719 2798.83849152 2803.77526622 2808.72950751 2812.7196204
 2822.91976813 2861.00837298 2878.84281493 2889.27582814 2911.43261461
 2911.9943784  2915.71082603 2941.97089148 2946.2010698  2949.72511841
 2953.72163127 2957.82544358 2963.01425032 2977.11971138 2977.58937564
 2978.24337229 2983.62204473 3008.68508298 3009.33887963 3029.76950829
 3037.76436732 3039.75649045 3043.34763871 3051.15309872 3054.51854814
 3080.01738416 3093.65178097 3095.87040293 3097.30516225 3107.08091216
 3113.20584744 3114.1321427  3114.5667738  3138.47538464 3141.29103688
 3160.27830626 3173.26227306 3182.97098998 3184.06378439 3186.32670612
 3188.12419691 3192.05174346 3196.08702278 3196.97911821 3211.21264528
 3226.42956731 3238.33537298 3247.78919121 3310.45783677 3316.07624132
 3330.87746548 3351.63129248 3398.45878588 3412.14281576 3419.44771167
 3421.41403493 3428.05643423 3436.4727911  3445.40207869 3452.35257641
 3494.30786144 3507.84939205 3507.99279132 3510.28107959 3517.84404084
 3522.97158124 3537.91303801 3551.98149926 3592.68889069 3612.49385588
 3629.21807019 3646.17015    3652.36068495 3657.34219276 3664.19422431
 3696.25872669 3700.70290392 3728.60079431 3734.71092967 3754.29249601
 3763.05005113 3763.27508331 3769.01885389 3780.34949583 3783.9653773
 3802.31034997 3820.50652341 3820.99545424 3822.62034591 3825.84492939
 3832.2124301  3856.27644013 3861.49128008 3866.91731894 3871.43192915
 3880.8351143  3884.28279663 3895.34253997 3917.79659158 3927.4149423
 3981.14593366 3989.36405822 4010.8044817  4012.12897491 4024.86854297
 4075.26851807 4076.83581004 4085.15603408 4092.44859671 4100.82205381
 4115.10768061 4130.77960031 4150.08143475 4165.31982334 4191.91712039
 4196.89996153 4205.45225104 4236.24009329 4261.19456543 4285.36760824
 4294.43852843 4301.03989461 4322.31668559 4326.20129902 4336.98087712
 4391.49059782 4393.59225372 4394.07721791 4401.12954844 4403.18180459
 4418.08049492 4419.52005421 4439.07928733 4448.40800619 4452.99718268
 4457.50915956 4461.82303746 4469.65209734 4475.00763657 4475.46933421
 4481.30797096 4482.26406606 4503.45429082 4508.05133393 4513.58990555
 4521.4328987  4539.26464067 4546.45403716 4562.67495405 4571.9168067
 4574.65942598 4589.60184942 4593.81212785 4596.90517866 4604.02760884
 4606.47249631 4639.26979493 4642.80977679 4651.56879858 4674.65101365
 4678.89149192 4693.56845005 4703.9938633  4705.72282111 4722.08377061
 4725.00012234 4754.96430214 4783.46208946 4796.90002061 4797.47515099
 4798.58267865 4809.31502366 4813.49540224 4821.49819457 4847.58602757
 4851.37427483 4865.59633529 4918.71446313 4919.67662486 4920.71348622
 4934.97841313 4936.07250752 4978.84458837 4998.5300875  4998.96615194
 4999.75594789 5001.08974105 5025.80181444 5051.57281572 5060.55993634
 5074.44979851 5077.19588444 5095.03195972 5095.54359043 5112.40440404
 5133.03759832 5138.32450456 5143.40461187 5173.20302585 5176.10564432
 5188.97257839 5195.0794471  5196.40657363 5197.96086567 5213.81138445
 5214.06494982 5214.77451285 5218.56032679 5222.24870789 5223.18513643
 5260.9816761  5282.52166573 5299.13398061 5307.56857073 5310.19365728
 5313.84087193 5325.03561457 5347.90436406 5351.54671206 5362.813421
 5368.12782711 5371.02757892 5393.59012998 5394.3276262  5414.94322057
 5423.33291092 5423.65157595 5423.80304184 5426.15552979 5429.01511514
 5479.16845816 5491.33642915 5508.77097315 5519.92814932 5531.14495851
 5540.73560937 5542.240235   5556.52892845 5568.61659985 5568.70759939
 5571.53495157 5571.67405085 5637.11054891 5666.0944004  5667.89429118
 5684.44270639 5705.16113356 5717.64640293 5720.95328598 5732.26599469
 5778.69279014 5816.03083216 5828.20183647 5844.43751995 5845.24151583
 5845.9425789  5863.46038914 5874.49599927 5891.50691211 5926.10573483
 5951.04034041 5964.87300286 5971.8278339  5984.20197049 6003.25103956
 6015.06567902 6036.71330144 6077.86399059 6105.13825085 6110.79222188
 6112.23304783 6139.42617516 6140.91213422 6150.1718201  6171.08601295
 6198.61897187 6200.45662912 6214.98092137 6219.11636685 6240.25502521
 6243.91930643 6261.25135096 6274.71188199 6295.11667744 6298.15059523
 6331.44209132 6331.89542233 6334.7255745  6341.19037471 6366.78661022
 6377.75655402 6385.91951219 6390.86618685 6417.67901613 6422.19142634
 6443.55868353 6447.04456567 6451.65694204 6477.30021065 6480.07256311
 6507.11609121 6522.39291293 6526.33139275 6537.76930082 6538.22749847
 6549.93480515 6598.2235244  6609.62243266 6616.86292889 6636.48692834
 6643.1376276  6644.54422039 6647.63140458 6648.49326683 6654.75883472
 6656.11276112 6658.27771669 6659.45964397 6685.22964527 6690.73975037
 6698.33434479 6708.10116141 6708.44252633 6711.74070943 6713.87436516
 6735.54185414 6738.83183729 6743.02901578 6755.12992045 6766.88559355
 6781.76011733 6787.86698604 6795.0121161  6795.3179812  6806.54882366
 6808.25594824 6810.81320181 6824.29743272 6829.4594396  6833.31965316
 6835.99520611 6839.97765237 6847.42314756 6848.40604252 6866.84971469
 6870.46969614 6875.17993867 6887.10914422 6898.63701848 6905.67621575
 6913.61870839 6921.2805358  6930.20319008 6958.05641403 6982.28695655
 6982.7515875  7006.53033233 7017.30807711 7025.07300399]"
185,759434_2025-02-04_D-246,CA3,True,"[  61.28471808  167.30717484  230.4339514  ... 7024.89073826 7024.89583823
 7024.89890488]"
186,759434_2025-02-04_D-257,CA3,True,"[ 194.40786932  274.19849383  274.24346026  274.34165976  274.36942628
  274.51179222  274.52412549  274.55832532  274.57209191  274.59055848
  274.74659102  275.18878875  290.91034153  497.97171393  498.00498043
  524.64574393  616.84130487  633.42638656  634.14234956  680.47447883
  683.50086333  683.54019646  770.2521855   802.31142124  807.63536063
  812.39766956  850.06950987  874.27691917 1083.02778291 1084.57600832
 1086.05803406 1087.9493577  1088.32992241 1089.08755187 1101.7353204
 1103.99587548 1106.23083069 1106.23903065 1196.76370016 1209.37190223
 1219.58248324 1222.08290376 1229.59086529 1252.24951586 1258.20635201
 1270.95508669 1271.90094851 1274.1790035  1281.29590037 1287.82760024
 1343.67081411 1402.21261416 1405.26953183 1493.29718079 1493.35571383
 1493.86674454 1494.10447666 1494.10877664 1536.17029446 1623.19941521
 1624.15717697 1624.16531026 1624.65814107 1624.89613985 1645.79929941
 1688.37964791 1688.39794781 1688.4071811  1692.56162648 1692.57012644
 1694.33681738 1695.14441325 1733.79964852 1733.81494844 1741.88604042
 1789.07036532 1792.16868278 1792.17921606 1792.21874919 1842.81455662
 1872.86813597 1874.34046176 1946.16949372 2001.47261036 2014.05614589
 2014.0859124  2014.18751188 2025.72615276 2026.31538307 2050.52379237
 2057.5954228  2067.26847324 2067.33110625 2086.76057337 2119.01497477
 2132.62763835 2148.9539547  2151.10037704 2168.33168875 2194.11938995
 2194.25165594 2197.67790505 2197.71260488 2197.89590394 2201.94848317
 2228.45051405 2237.15323612 2237.16630272 2237.24843564 2244.69213083
 2245.46559353 2288.67577214 2288.91327092 2288.93253749 2288.93807079
 2290.37389677 2290.37896341 2290.38376338 2290.45096304 2290.51552938
 2290.52182934 2290.68209519 2290.73822823 2290.83919438 2291.39362488
 2291.39979151 2297.11926221 2298.98011934 2299.1439185  2306.93537858
 2306.98874497 2308.70210286 2311.61322128 2312.19041832 2322.18663377
 2326.32894588 2336.80139222 2338.90501477 2338.9129814  2339.45817861
 2340.13970845 2354.3058692  2355.1954313  2356.63215728 2366.81887175
 2366.83230501 2366.85453823 2366.92230455 2366.93353783 2366.93740448
 2366.95233773 2370.03125529 2373.56957049 2421.93475602 2446.10509884
 2470.0987759  2474.38825392 2474.39388723 2495.48101252 2507.36265164
 2528.17097835 2542.28153939 2585.51988451 2600.69380676 2643.70765304
 2652.80770641 2675.91885466 2675.93292126 2675.98095434 2676.0095542
 2676.03242075 2678.76334009 2684.93647513 2691.00234405 2708.0698566
 2721.83328608 2731.62033593 2734.96765211 2736.17201261 2738.49673403
 2740.43705742 2752.1515974  2762.8593092  2768.12448222 2778.91262695
 2785.32166078 2789.28794045 2790.95503191 2793.84405044 2795.41600906
 2797.80723014 2798.12932849 2798.13329513 2804.07613135 2804.40202968
 2810.29266616 2810.29576615 2820.55258026 2850.24742811 2850.25499474
 2852.10021862 2875.41073252 2876.60245974 2909.53742432 2914.4540658
 2914.61733163 2918.97170932 2926.16270581 2926.59643692 2926.61653682
 3001.18925472 3012.32356434 3015.81057981 3056.18393961 3080.05458397
 3080.06001728 3080.25608294 3091.73505746 3091.74432407 3096.44759998
 3122.94843086 3122.96866409 3122.98739733 3145.97964619 3146.0093127
 3157.95935147 3166.53854085 3168.30166515 3173.4494721  3179.9957719
 3180.00413852 3181.33469837 3181.33819835 3181.56603052 3294.32151945
 3311.48309819 3311.66659725 3333.10155409 3355.9269038  3392.25665099
 3395.40706818 3407.35537363 3414.11000568 3414.32720457 3471.98117583
 3474.35703033 3474.36116364 3486.35360219 3495.28048979 3495.28715642
 3529.01258362 3572.10562949 3602.87353851 3605.62062443 3611.12372957
 3611.35982836 3611.4434946  3625.14575772 3625.21352404 3650.05609675
 3654.24200864 3658.31595443 3674.69097053 3675.22973444 3709.12849408
 3711.45808215 3714.79656504 3715.90129271 3717.15781961 3742.46938992
 3742.56705608 3744.00691537 3744.28624728 3751.45257722 3752.20690669
 3806.82779349 3856.30207333 3856.41427276 3856.67433809 3877.98386224
 3954.32683775 3964.0559879  3964.09185438 3968.19340003 3983.78665347
 3987.61063387 3987.88043249 3987.88863245 3987.90303238 3987.91359899
 4011.82717646 4019.69903613 4019.70460277 4031.45667588 4032.3263381
 4032.33210473 4047.80439212 4047.81105876 4047.829192   4063.40784551
 4098.27703351 4111.98556327 4125.70779296 4185.24505458 4185.31398756
 4185.3179542  4274.55476364 4274.71249617 4274.71849614 4274.73156274
 4282.85672111 4297.54971249 4305.80210354 4356.48377719 4356.49037716
 4419.6066871  4434.28917854 4434.76210945 4434.77650937 4448.48943911
 4448.50253904 4475.5671337  4510.61778745 4510.62212076 4510.62742073
 4571.18461045 4600.35426099 4600.3659276  4600.37099424 4606.39353005
 4606.42979653 4676.18017248 4681.04874753 4681.06131414 4688.51044263
 4714.13941132 4729.82616428 4764.70928554 4810.41821801 4829.68461929
 4829.68918594 4875.13891973 4881.06375604 4884.51570502 4884.55507148
 4884.65613763 4885.96146428 4887.65318894 4889.56384582 4890.35270844
 4892.21573223 4892.49719746 4896.85900844 4912.76299362 4948.92287501
 4961.04851288 4969.42546996 4977.81426031 4977.95699291 5008.50686972
 5020.28314271 5020.28830935 5030.46925719 5037.37548847 5037.85428602
 5077.1960511  5096.863217   5110.655913   5114.27632778 5120.15829764
 5126.73083063 5134.74462291 5135.52148559 5146.27469716 5149.03884967
 5149.05128294 5149.05754957 5149.35131473 5149.37431461 5152.49926527
 5177.00730636 5177.01673965 5182.51557814 5184.40856844 5202.88124046
 5211.22989768 5216.63406999 5223.35866887 5226.63661874 5241.39147647
 5243.05646794 5256.1469342  5261.0914422  5264.0524937  5264.05599368
 5272.13141897 5278.31682061 5282.72106471 5284.77862084 5289.74582872
 5290.44175849 5310.25069032 5312.51637871 5312.525012   5312.52977864
 5312.83374375 5317.0598221  5317.18995477 5319.68640864 5321.69993166
 5322.24709552 5329.57495798 5338.72911107 5342.66419091 5343.49122001
 5346.83063623 5390.24608045 5396.34291587 5397.65944246 5397.99394075
 5398.03074056 5398.61413757 5442.90067732 5442.90747729 5442.91031061
 5454.33265208 5454.5113845  5454.52575109 5454.5316844  5463.40607226
 5473.18238883 5474.05108438 5479.80708822 5494.65841213 5494.67347872
 5508.76627318 5513.76434757 5534.77797323 5534.78663985 5559.08348203
 5579.11871271 5583.58125651 5583.58738981 5583.59278978 5623.57145161
 5623.77171725 5637.06504914 5685.79719945 5698.87493244 5709.28441244
 5730.057506   5738.14556456 5738.79886121 5778.31262542 5796.73129771
 5832.45074803 5887.83606425 5905.60190655 5923.30444918 5923.69548051
 5956.75077781 5973.35262608 5979.88202596 5980.004192   5980.03235852
 5991.08106858 5991.52383298 5992.76595995 5992.7757599  5992.78975983
 5992.7940598  6020.38955174 6020.41411828 6021.46567956 6025.75095761
 6025.91882341 6028.54774328 6028.56387653 6048.69607337 6069.5026001
 6069.52496665 6070.50582829 6070.51266159 6075.6432353  6075.6509686
 6078.44725427 6090.27649366 6090.98409003 6090.98692335 6093.56877679
 6099.18298136 6106.45101079 6108.44813389 6110.28215782 6111.82721657
 6114.36263692 6114.36823689 6138.157315   6138.46691341 6138.98634408
 6224.03434165 6237.77950456 6249.82407618 6253.45622423 6255.00204965
 6259.12799517 6264.66856678 6270.33130444 6294.29148167 6295.88754016
 6298.37202743 6298.40252727 6298.40902724 6300.25508445 6300.91204775
 6301.11798003 6301.25357933 6301.28001253 6301.2858125  6318.27302546
 6323.08996745 6323.09373409 6323.0983674  6323.10606737 6353.87150973
 6367.71897211 6378.49661689 6378.52421675 6382.88672773 6388.64269824
 6408.89926112 6410.63981886 6429.31148986 6463.13381656 6464.59397575
 6464.60874234 6486.04716583 6508.63048345 6512.90612821 6513.56029152
 6526.58752478 6526.65589109 6549.93723847 6568.74927542 6576.45163595
 6583.71879872 6583.72989866 6608.43450541 6608.97956929 6608.98323593
 6609.43986693 6609.44283358 6614.76217299 6624.31932402 6634.01250769
 6638.93184915 6638.9350158  6638.93711579 6638.93998244 6638.9415491
 6649.82566    6655.47173107 6671.90738019 6673.32180628 6689.7500221
 6742.78275038 6763.22431231 6779.10819759 6780.27989158 6805.80842745
 6806.45032416 6806.51809048 6812.82322484 6815.1462796  6817.91199877
 6817.94816525 6820.61941823 6825.4001604  6835.68764102 6855.22697424
 6855.25114078 6876.0078011  6878.31868926 6883.68766175 6897.46359116
 6912.19684901 6912.30708178 6912.8035459  6920.09930852 6928.53619862
 6930.8759533  6931.99098092 6938.17858255 6940.07910615 6944.45698371
 6949.5929574  6949.83072285 6949.89432252 6950.00378863 6950.11548806
 6957.22501829 6958.73091058 6960.39420206 6962.22635934 6966.36713812
 6966.61313686 6968.39406107 6968.59462671 6968.60042668 6980.92859684
 6982.61048823 7002.29645403 7013.07943211 7016.69771357 7016.70231355
 7018.76746963]"
187,759434_2025-02-04_D-262,CA1,True,"[  20.25709496   20.26436159   20.27416154 ... 7013.36049734 7019.15216766
 7023.65624458]"
188,759434_2025-02-04_D-271,VISli,True,"[  20.44286067   23.81007675   41.05818838   41.22402086   62.27504634
   66.9079226    67.13552143   71.74523115   84.4787659    96.08050646
  113.59528338  124.43359452  130.02863252  132.17458819  138.23519047
  143.56162984  147.10497836  169.1298655   177.4780894   196.02732769
  196.03329432  196.03566098  196.60875804  201.81103139  201.81396471
  211.33464926  211.95297942  215.10216329  216.37135678  218.22411396
  219.49234079  235.87329019  249.85161857  249.85395189  258.63644023
  263.95067967  263.99731276  270.47984621  270.48221287  274.04549461
  274.21976038  274.3205932   274.46972577  274.52079217  274.53345878
  274.53585876  275.3154881   276.18128367  281.51428967  287.0578946
  287.10972767  287.14072751  287.22589374  287.3635597   287.43822599
  287.44099264  287.44372596  287.44765927  287.45035926  287.50149233
  287.50685897  287.57589195  287.67952475  287.72325786  287.74175777
  287.79589082  287.82035736  287.82302402  287.82775733  287.88305704
  287.96055665  287.99908978  288.0020231   288.00458975  288.00715641
  288.10278925  288.10632257  288.10875589  288.11375586  288.1910888
  288.22475529  288.25525514  288.3085882   288.31152151  288.31388817
  289.09701749  289.1006508   289.35851615  289.51588201  289.5567818
  289.56214844  289.56441509  289.56728175  289.56971507  289.92417992
  290.03277936  290.06844585  290.07341249  290.07564581  290.07791246
  290.08051245  290.16424535  290.16757867  290.16984533  290.29301136
  290.34317777  290.34574442  290.34824441  290.43331064  290.43617729
  290.52917682  290.62210967  290.63514294  290.63764293  290.64004292
  290.64240957  290.76560894  290.79530879  290.79817544  290.80054209
  290.80297541  290.80804206  290.86047512  290.8634751   290.86637509
  290.87167506  290.87417505  290.95234132  290.9551413   290.95754129
  290.95997461  290.96244126  291.07474069  291.07774067  291.080074
  291.0848073   291.08764062  291.18284014  291.18557345  291.18790678
  291.1902401   291.19777339  291.20084004  291.30363952  291.31143948
  291.31390613  291.31640612  291.32167276  291.46173871  291.53993831
  291.54300496  291.54597161  291.55100492  291.55377157  291.6185379
  291.65527105  291.65817103  291.66060435  291.66820432  291.76403716
  291.76667048  291.7690038   291.77127045  291.77367044  291.77633709
  291.77920375  291.9319363   292.0808022   292.15140184  292.18813498
  292.1917683   292.19406829  292.19873493  292.20136825  292.2050349
  292.31086769  292.39533392  292.39783391  292.40010056  292.40263389
  292.4057672   292.48480013  292.48746678  292.48983344  292.49446675
  292.49726673  292.5564331   292.64119933  292.64466598  292.64716597
  292.64946595  292.65439926  292.65939924  292.66526587  292.76453203
  292.82186507  292.82533172  292.82769837  292.83519834  292.83803165
  292.94669776  292.94943108  292.95193107  292.96013103  292.96309768
  293.03396398  293.03716397  293.03959729  293.04199728  293.14793007
  293.15106338  293.15346337  293.16083     293.1675633   293.17362993
  293.17652992  293.41579536  293.41889534  293.43112862  293.43389527
  293.56079462  293.56352794  293.56609459  293.57362789  293.57989452
  293.58332784  293.58646115  293.72829376  293.73132708  293.79362676
  293.79629341  293.80139339  293.80702669  294.09885853  294.10169185
  294.1040585   294.10629182  294.32445737  294.32719069  294.32945735
  294.33179067  294.33742397  294.34685726  294.48985652  294.49268984
  294.4955565   294.50055647  294.50348979  294.50895643  294.71228872
  294.71492204  294.71722203  294.71952201  294.95282082  294.95565414
  294.95805413  294.96048745  294.96288743  294.96545409  295.09535342
  295.0986534   295.10098673  295.10882002  295.25025263  295.25301928
  295.25538594  295.25791926  295.26825254  295.65661721  295.6593172
  295.66165052  295.66638383  295.79238318  295.9526157   295.95528235
  295.958449    295.96078232  295.96318231  296.218181    296.34634701
  296.36954689  296.44144652  296.44441318  296.44687983  296.44934648
  296.63651219  296.63971218  296.6420455   296.64444548  296.64697881
  296.64964546  296.65621209  296.84101114  296.84411113  297.03507682
  297.03771014  297.11110976  297.2131759   297.21630922  297.21864254
  297.2212092   297.2267425   297.23227581  297.52877429  297.57730737
  297.57990736  297.58230735  297.58707399  298.07793814  298.16017105
  298.16273771  298.16497103  298.28237043  298.28543708  298.37376996
  298.58546887  298.64003526  298.64253525  298.64496857  298.64980188
  298.75313468  298.75826799  298.76336796  299.13746604  299.34873163
  299.59593036  299.73802963  299.74046295  299.75082957  299.94202859
  300.02522816  300.02812815  300.0303948   300.04689472  300.05246136
  300.057128    300.23729374  300.37065973  300.45159264  300.4539593
  300.45632595  300.45859261  300.64412499  301.02132306  301.29138834
  301.66578642  301.7292861   301.73228608  301.73458607  301.90041855
  301.90455187  301.90678519  301.90918518  301.9117185   301.91465181
  302.06938436  302.07225101  302.07685098  302.0793843   302.08201762
  302.23165019  302.23681683  302.23945015  302.58238173  302.63711478
  306.30082934  306.30626265  313.23876046  341.90431358  347.22751964
  348.05221542  351.63253041  352.11102795  356.72133767  359.61745616
  361.02604894  367.21771722  371.03436433  371.05119758  371.05346423
  371.05616422  377.20716603  388.26777603  398.67992268  400.82101171
  401.31077587  406.71878149  410.62976145  413.79331191  416.16599975
  416.17383305  416.17839969  416.18139967  417.24139424  417.5029929
  418.38472172  418.6480537   418.65348701  418.65585366  418.65845365
  418.9336189   419.07038487  419.34771678  419.58644889  419.67308178
  419.8582475   419.86221415  419.8644808   419.86678079  419.96314696
  420.02797996  420.03121328  420.03387993  420.03631325  420.03867991
  420.04314655  420.04594654  420.22244563  420.22601228  420.22827894
  420.23087892  420.23334558  420.23634556  420.79334271  421.51317235
  421.84120401  421.84663731  421.84897063  421.85130396  422.12396922
  422.31023494  422.64629988  422.79556578  424.21972515  424.34469118
  425.06325416  425.22841999  425.36771927  425.37138592  425.37388591
  425.37631923  425.37861922  434.04840813  441.14887175  441.23813796
  442.23983282  446.89904228  447.44523948  447.78480441  450.25729174
  456.5250263   463.31379151  463.31692483  463.48472397  463.58219014
  463.69508956  464.42691914  471.49834958  472.54524421  478.34251451
  479.47740869  482.01776234  482.69939218  485.13654636  487.25896882
  489.97292158  491.77267903  493.02170596  501.4780293   508.63939261
  525.47917299  525.7118718   537.55837777  538.52663947  553.48159618
  557.40727607  563.95747584  574.30758947  599.23329509  611.76769754
  629.53987314  630.76313354  636.46687098  641.42884556  646.46658641
  646.93431735  651.50896058  651.69892627  656.56236802  656.76996696
  656.77340027  656.77576693  656.89326632  656.94663272  656.94909937
  656.95159936  656.95543267  668.95520452  669.35076916  669.4142355
  669.58830128  669.93279951  670.04863225  670.06763216  670.13506514
  670.52249649  670.56656293  673.17811622  686.53988109  687.80384128
  687.86127432  697.75722361  699.30481568  699.49644804  699.54418112
  699.60724747  699.74688009  700.05324518  700.12801147  704.51032235
  704.69612139  704.83395402  708.04903755  708.57356819  709.24759807
  710.14932679  710.20995981  717.784221    730.87205394  731.27868519
  739.58597596  741.41383326  741.41953323  741.42189989  742.38072831
  747.42253581  758.39917957  758.65167827  758.65857824  758.66151156
  758.66374488  758.6662782   758.90094366  758.94974341  759.21697538
  759.33687476  759.67010639  759.91347181  759.94553831  760.32663636
  760.38280274  760.38513606  760.46183566  760.46546898  760.46806897
  761.74869574  777.6172811   777.83777997  780.64913223  781.59716071
  781.60142735  781.60382734  786.04433792  787.15909887  787.53569694
  787.89342844  788.06329424  792.00167406  794.57469421  794.67532703
  794.73649338  798.66563992  801.4987254   809.90311567  809.95634873
  810.43801293  811.18747576  817.37084408  822.47085128  830.36657749
  836.07748156  850.41404144  850.58250724  852.31816501  852.35869814
  852.36143146  852.36383145  852.3664981   852.56996372  852.57283038
  852.57519703  852.85726225  853.01136146  853.01392812  853.0167281
  853.15579406  853.15822738  853.1608607   853.22632703  853.231627
  853.23402699  853.23642698  853.24132695  853.31009327  853.31692656
  853.31945988  853.32192654  853.43545929  853.50595893  853.50912558
  853.51329222  853.51595888  853.57839189  853.58109188  853.5837252
  853.65839148  853.752491    853.78079085  853.82895727  853.8368239
  853.83915722  853.84135721  853.90619021  853.9086902   853.91119019
  853.91365684  853.91629016  853.91889015  854.0325229   854.08365597
  854.08715595  854.13845569  854.23382187  854.24578847  854.33618801
  854.37942112  854.38278777  854.38538776  854.38795441  854.5002205
  854.78321905  854.86358531  854.86925194  854.87158526  854.87428525
  855.00005127  855.00331792  855.00568458  855.00815123  855.01361787
  855.01625119  855.44151568  856.00201281  856.09817898  856.10254562
  856.10481228  856.10711227  856.23071163  856.39894411  856.45787714
  856.65480946  856.76980887  856.86490838  857.03747417  857.06577402
  857.07040733  857.07270732  857.07494064  857.12527372  857.35200589
  857.35790586  857.36040585  857.36293917  857.36543915  857.46940529
  857.51380506  857.68683751  857.69460413  857.74840386  857.86416993
  857.92186964  857.97120272  858.0527023   858.05553562  858.05783561
  858.06046893  858.06320225  858.23470137  858.32266758  858.51653326
  858.59253287  858.62853268  858.630966    858.63333266  858.76019867
  858.93443111  863.36657507  864.34423673  864.41300304  866.27616016
  868.11155076  868.26418331  868.29024984  868.44428239  870.31107282
  870.70750413  871.29633444  871.63113273  871.68723244  908.73907593
  914.67104553  938.72892227  938.7354889   997.68358686 1043.44175241
 1101.19598983 1109.46904744 1257.18252392 1440.96488227 1442.34754185
 1442.65270695 1462.89290325 1467.43044666 1493.83957802 1543.04605923
 1592.66067168 1635.27162002 1694.39581708 1702.89557353 1710.92466572
 1722.7699717  1722.81147149 1790.93065579 1813.3931407  1815.02159902
 1828.92672778 1829.05672711 1903.88064373 1968.19608086 1968.23084735
 2086.62594072 2086.66234054 2181.97818549 2217.50140348 2263.67543356
 2264.49149605 2278.54109073 2278.67919002 2309.49346547 2314.45024007
 2314.88507118 2314.94357088 2349.11589579 2352.83637673 2354.76483351
 2356.10922662 2356.24012595 2356.91255584 2370.96098386 2407.19259822
 2407.57216294 2411.15461125 2433.80259521 2451.32497209 2465.64456539
 2467.25595713 2476.75397514 2496.79740577 2496.93877171 2553.77511383
 2577.9750565  2578.22568855 2597.4142569  2630.26542191 2681.75589142
 2697.11161274 2698.22410704 2726.69612783 2752.11156427 2762.58777726
 2779.76422258 2810.31213273 2880.71363868 2889.13099555 2891.46875024
 2925.23611056 2936.58141909 2978.52820417 3024.99509941 3043.15467304
 3070.745265   3085.23439076 3102.20530381 3106.81821351 3230.07421531
 3305.78196073 3345.99342136 3370.31556341 3372.5163188  3438.48088081
 3621.30874405 3624.83345932 3633.55694796 3718.70531168 3729.84238795
 3755.6794889  3761.21616053 3762.03958965 3877.64213066 3877.88279609
 3899.45765222 3942.03203407 3943.36082727 4000.4418348  4003.24395377
 4035.7083541  4044.14877752 4069.17788261 4230.97958691 4252.7503087
 4256.139258   4310.21174761 4341.62698665 4351.47880284 4353.07752798
 4420.87141395 4426.09545385 4469.30723244 4508.08893374 4562.57162125
 4593.49246282 4593.60556224 4676.22013894 4677.3405332  4727.20351105
 4746.96527646 4867.81869057 4993.47478007 5077.89844751 5114.79059181
 5148.69375143 5150.11094417 5167.57735468 5167.58312132 5371.59574267
 5414.40459    5477.49423341 5494.71027853 5524.64149184 5530.11869711
 5545.45541852 5561.38257025 5570.41359064 5595.08199758 5702.32911474
 5725.59726219 5777.76746155 5783.33839967 5785.74228735 5797.74445919
 5803.54302948 5815.8999995  5961.64958605 6078.10045605 6138.4370469
 6259.04482893 6266.6813898  6292.40512467 6298.57029308 6416.40812264
 6625.40801844 6627.72467324 6628.70230156 6628.70406822 6628.91200049
 6722.61178706 6722.84915251 6737.53297728 6884.45912446 6957.67054934]"
189,759434_2025-02-04_D-276,CA1,True,"[  33.00229632   34.0795908    48.47058373 ... 7020.32789497 7022.03508622
 7023.2174135 ]"
190,759434_2025-02-04_D-285,CA1,True,"[  20.4825938    21.5246218    22.26475134 ... 7024.22590833 7024.2445749
 7024.25750817]"
191,759434_2025-02-04_D-287,CA1,True,"[  29.94247867   30.09581121   30.2219439  ... 6918.95648104 6948.03753204
 6990.72284666]"
192,759434_2025-02-04_E-3,TTd,True,"[  20.27025493   20.73568434   21.46304489 ... 7022.83279077 7023.73578317
 7023.80758256]"
193,759434_2025-02-04_E-4,TTd,True,"[  20.52811942   20.6410518    20.65438503 ... 7019.56798491 7020.42787767
 7020.81134111]"
194,759434_2025-02-04_E-6,TTd,True,"[  22.60996857   23.24139659   23.59996024 ... 7023.18838778 7024.29674511
 7025.06513865]"
195,759434_2025-02-04_E-7,TTd,True,"[  20.29668804   20.30215466   20.30665462 ... 7025.04660547 7025.05743871
 7025.07217192]"
196,759434_2025-02-04_E-8,TTd,True,"[  21.11574781   21.52001107   21.99514041 ... 7024.53304313 7024.95880621
 7024.97073944]"
197,759434_2025-02-04_E-9,TTd,True,"[  20.80125046   20.88511642   23.14033077 ... 7023.18415448 7023.61351753
 7024.76364119]"
198,759434_2025-02-04_E-10,TTd,True,"[  20.24018851   20.24308849   20.25565505 ... 7024.96630615 7024.97773938
 7024.983106  ]"
199,759434_2025-02-04_E-13,TTd,True,"[  20.25238841   20.67868482   20.80531709 ... 7022.44229405 7022.95438974
 7023.21738753]"
200,759434_2025-02-04_E-16,TTd,True,"[  20.27722153   20.31798786   20.34948759 ... 7024.46014374 7024.64034222
 7025.09343841]"
201,759434_2025-02-04_E-19,TTd,True,"[  20.71071789   20.74335094   20.86568325 ... 7021.53883499 7021.97129802
 7022.20669604]"
202,759434_2025-02-04_E-20,TTd,True,"[  21.85130829   24.39972017   24.93218236 ... 7024.56584285 7024.667142
 7024.84250719]"
203,759434_2025-02-04_E-23,TTd,True,"[  20.87664982   21.3787456    21.38307889 ... 7014.55092713 7016.73044212
 7022.30079524]"
204,759434_2025-02-04_E-24,TTd,True,"[  20.34628762   20.75441752   20.80468376 ... 7024.46497703 7024.51080998
 7024.81707407]"
205,759434_2025-02-04_E-30,TTd,True,"[  20.23808853   23.93829072   33.80857433 ... 7024.48191022 7024.65467544
 7025.0665053 ]"
206,759434_2025-02-04_E-31,TTd,True,"[  20.23938852   20.24755512   20.26565496 ... 7024.89180677 7024.90127336
 7024.91343992]"
207,759434_2025-02-04_E-33,TTd,True,"[  20.25838836   21.21248033   21.68837632 ... 7021.69480034 7024.14334641
 7025.07217192]"
208,759434_2025-02-04_E-34,TTd,True,"[  27.89235745   35.29209517   35.3043284  ... 7015.14435547 7019.26878743
 7021.58480127]"
209,759434_2025-02-04_E-36,TTd,True,"[  22.15217242   22.558669     23.01263185 ... 7024.89794005 7024.9479063
 7025.08613847]"
210,759434_2025-02-04_E-37,TTd,True,"[  20.68888474   20.79301719   20.98148227 ... 7006.92905794 7013.54143563
 7022.74829148]"
211,759434_2025-02-04_E-38,TTd,True,"[  72.45371577   72.4616157    73.18497628 ... 6967.61548879 7008.97280741
 7011.64138495]"
212,759434_2025-02-04_E-39,DP,True,"[  21.90810781   26.7846001    31.34096176 ... 6964.41404906 6978.30976546
 6994.6308281 ]"
213,759434_2025-02-04_E-40,DP,True,"[  26.68113431   27.3434954    30.63010107 ... 7006.99222408 7009.61040204
 7014.47826108]"
214,759434_2025-02-04_E-41,TTd,True,"[  21.45887826   28.71035056   31.48549388 ... 7020.26117908 7021.71523351
 7023.43435237]"
215,759434_2025-02-04_E-43,DP,True,"[  33.5661097    36.30398666   58.21960223 ... 6976.74654528 6987.28735657
 7017.14400531]"
216,759434_2025-02-04_E-48,DP,True,"[  20.31028792   20.32272115   20.40548712 ... 7023.9457814  7024.71470826
 7024.86134036]"
217,759434_2025-02-04_E-49,DP,True,"[  20.57391904   28.42701961   29.21304633 ... 7010.90059118 7012.5427107
 7023.0985552 ]"
218,759434_2025-02-04_E-57,DP,True,"[  20.27935485   20.3246878    20.37628737 ... 7024.9087733  7025.00917245
 7025.09580506]"
219,759434_2025-02-04_E-60,DP,True,"[  21.22301357   21.37714561   21.44054508 ... 7023.75554967 7023.76528292
 7023.77158287]"
220,759434_2025-02-04_E-61,DP,True,"[  20.46625328   20.5469526    20.76608409 ... 7023.16982126 7024.48754351
 7024.98313934]"
221,759434_2025-02-04_E-73,DP,True,"[  30.77966648   37.45297699   50.71893201 ... 7006.05983192 7023.50518511
 7024.22771236]"
222,759434_2025-02-04_E-76,DP,True,"[  23.4418949    27.33516214   30.80779958 ... 6937.8920056  6980.41971437
 7008.70054303]"
223,759434_2025-02-04_E-77,DP,True,"[  21.20891369   26.79773333   27.29782912 ... 7024.21611246 7024.80844081
 7025.04337216]"
224,759434_2025-02-04_E-79,DP,True,"[  28.92471543   30.86746574   31.05133086   38.42850211   41.30781121
   73.80960436   74.40099938   86.53823057  100.03955028  110.23133118
  112.44781253  140.60227559  141.33470276  171.81837956  205.86875967
  253.20312799  260.6840317   289.30462417  307.9452673   315.42527102
  326.23111341  326.66700974  340.47902684  367.51289933  375.52069861
  402.04837536  405.95107585  417.77374303  422.92883298  440.19718765
  443.29239494  451.71892402  463.62532382  470.7855969   478.24553412
  493.06274276  510.79636018  531.63498481  575.73551368  586.96068588
  592.23874146  605.83279373  611.31771423  620.73820162  625.64619365
  641.64742566  642.85534883  656.66576594  669.6781231   717.3988215
  732.72455919  741.59628453  741.89971531  742.09181369  745.49305173
  771.03977008  790.47840649  791.87439474  802.10794195  805.47191364
  823.48636204  839.17233003  850.108538    853.33551084  857.16337863
  857.18581177  859.16622844  859.70519057  860.84161434  860.87014743
  860.93991351  880.58541485  899.90888556  917.75406872  917.99553335
  923.4685873   923.67915219  936.17151373  936.45361135  940.40031147
  959.72834881  969.25350199  969.64836533  982.70225547  991.02721875
 1000.87456921 1004.94670161 1006.26105721 1015.79301033 1022.61785289
 1023.19121474 1024.45007081 1027.51067838 1029.34839625 1032.34610436
 1054.57435063 1070.89434662 1088.53056486 1105.63865422 1107.10104192
 1108.23016575 1109.1148583  1110.31531487 1110.94190959 1137.65705144
 1146.37271142 1156.35986071 1181.8216131  1183.78049661 1193.84584524
 1194.34007441 1197.99551032 1227.07249895 1232.18682258 1252.79734913
 1255.60255885 1267.0992621  1268.38538461 1269.29367697 1277.27527646
 1278.16923561 1293.35484114 1307.58135475 1318.62396182 1320.25761474
 1324.50021237 1334.43942873 1343.67098437 1344.56144354 1349.97169801
 1361.78446527 1368.50194207 1379.13828589 1390.6077227  1400.10924274
 1407.15178347 1407.53508025 1408.65723747 1414.11982483 1414.92991802
 1417.9977922  1418.76868571 1424.93570048 1429.64439418 1433.06953203
 1442.56031882 1442.79751683 1444.55663536 1444.8567995  1445.1971633
 1447.51994375 1448.13887188 1448.15183843 1448.20377133 1448.44503597
 1453.03389735 1458.47588488 1460.66699978 1462.83314821 1463.08951272
 1465.26666107 1465.79395663 1467.40294309 1472.06653718 1472.63736571
 1476.19393578 1523.48183782 1524.00483342 1528.11709881 1529.17762322
 1530.29714713 1531.26593898 1534.17188119 1535.92296645 1536.93802458
 1537.68295164 1538.84874183 1539.84816675 1540.44559506 1542.18254711
 1544.53802728 1544.58909352 1548.30502892 1549.62301782 1550.69010884
 1551.28793715 1552.05679734 1552.8940903  1553.0998219  1553.12585501
 1553.36065304 1557.5750509  1558.06844675 1560.35192753 1563.70533265
 1564.71372416 1566.03474638 1567.17980341 1567.23293629 1569.36905165
 1570.04247932 1572.7895562  1572.88962202 1574.93017152 1575.6763319
 1577.35688443 1577.7324146  1579.58606567 1579.68739815 1580.10922793
 1584.23119324 1589.61978123 1589.69511393 1590.5300069  1596.7798543
 1596.88508675 1609.20794971 1613.06631724 1614.53777153 1616.64122049
 1617.57117933 1627.78552671 1628.47938753 1632.47648723 1638.25497193
 1660.55938423 1666.89369759 1667.1060958  1668.98128002 1687.92752057
 1711.99621802 1713.02067607 1718.8708935  1729.34167205 1732.84727588
 1737.52156988 1738.33722968 1754.74052497 1768.10124586 1773.97402977
 1782.10316136 1783.7580141  1794.19005964 1797.0553022  1797.11023507
 1798.36822448 1799.87381181 1802.75738754 1814.85305242 1816.79346942
 1833.94122511 1838.31255499 1841.43606204 1849.41962819 1854.80641619
 1858.24098728 1859.40694414 1870.62308308 1871.46614265 1871.6748409
 1874.05202089 1893.32919199 1897.94105318 1905.39345713 1906.98804371
 1919.5538713  1919.99203428 1938.62001085 1952.44339451 1965.78074894
 1982.66867348 1983.9415961  1997.58028133 2003.10933479 2020.2676904
 2021.59911253 2023.28016504 2023.29886489 2027.8047603  2030.60593673
 2032.00959158 2033.97577503 2049.49564443 2067.52782601 2071.94708882
 2072.80111496 2075.45152599 2082.69933166 2083.6460237  2124.2056157
 2126.93932602 2133.08294099 2147.0916231  2152.59667677 2153.77003356
 2160.18384625 2163.02295569 2168.80834034 2169.11067113 2174.1912617
 2175.22358635 2175.79768152 2176.30347726 2178.76595654 2180.64944069
 2184.75297282 2187.56291584 2188.1418443  2188.38864222 2196.06751093
 2205.48179837 2208.02761028 2209.18356722 2212.16287548 2212.2759412
 2213.1587671  2214.30375747 2214.41658985 2219.41924775 2219.93307676
 2221.09833362 2222.36035633 2222.66968706 2229.57222897 2239.03901597
 2245.3930625  2249.22643024 2251.24661324 2257.70362556 2257.85539095
 2261.1643631  2263.06094714 2266.02565553 2276.03187132 2277.7290237
 2278.43521776 2287.65344018 2294.14328557 2300.33270015 2301.43172423
 2303.20867594 2303.91307001 2334.95324213 2335.34100553 2336.93455879
 2342.0704489  2346.23004723 2347.54886946 2355.07507279 2357.07162265
 2357.86304933 2360.39029472 2367.23790376 2369.81101544 2377.21125317
 2390.04914513 2396.12552732 2396.4494246  2411.23330018 2411.33373267
 2416.38719014 2420.83378606 2429.06071682 2446.47583693 2455.3233958
 2461.40494463 2462.57896808 2480.99134646 2481.57774153 2500.93411196
 2507.32652483 2508.22638393 2510.81826212 2519.24582453 2525.93386824
 2528.11104992 2540.68591076 2553.91289945 2574.03366345 2576.582942
 2587.7568813  2589.81686396 2601.64149778 2602.25065932 2607.51824833
 2607.74141311 2610.22815885 2611.17841752 2613.81966196 2632.27887328
 2636.46910469 2644.18697307 2645.00873282 2647.48417866 2649.11439827
 2650.46008694 2653.19299728 2654.06702326 2656.50426941 2665.24619584
 2668.69253351 2693.45992507 2694.10748629 2697.41222515 2706.10738531
 2714.97327736 2748.56759464 2756.91192442 2762.66894264 2763.16353848
 2763.28083749 2775.18427065 2777.7528157  2795.71799784 2805.55954835
 2809.67988035 2810.21667583 2828.80065277 2829.99934268 2842.09570755
 2876.95401419 2879.0087969  2936.91154295 2977.65776671 2984.158412
 3004.09781087 3004.29734252 3030.79108623 3039.53804595 3039.71664445
 3041.14323244 3053.36602958 3084.18670354 3101.12429433 3128.74949518
 3131.02274272 3134.42881405 3151.32363854 3154.08918193 3159.49463644
 3162.20088033 3171.1210386  3177.64228372 3182.06871313 3209.652381
 3214.76117134 3241.14238266 3255.00066603 3255.38266282 3257.82650892
 3270.98829816 3290.2768025  3322.27869985 3322.99449382 3327.30229091
 3354.01736608 3365.85179982 3379.891515   3386.76829046 3399.34848459
 3419.0882518  3446.94421738 3460.64103545 3469.9508571  3485.04109677
 3517.72048842 3522.51364808 3525.83395347 3562.08204842 3566.98784047
 3582.71084149 3585.23315359 3586.44321008 3591.08353769 3593.25258611
 3593.63051626 3594.88753901 3603.59579906 3611.19393512 3624.2348587
 3641.08601689 3654.3935049  3664.55465272 3665.26848005 3701.45887548
 3711.99552014 3720.1918845  3722.75526293 3735.02465967 3749.30477283
 3764.83907543 3779.03398931 3785.34980282 3799.5128503  3847.15991599
 3923.77567122 3924.32786657 3930.87587813 3960.25463089 3971.26160493
 4004.50705848 4016.27109281 4022.88507049 4023.15310156 4063.55246158
 4082.42693607 4087.63592557 4100.41561802 4136.45084809 4141.74697019
 4147.01035923 4159.20048998 4197.60923341 4210.4789251  4228.8257707
 4233.27566659 4234.01462704 4250.16735777 4259.23281481 4352.1916325
 4352.291765   4374.55994426 4406.70934037 4406.95330499 4413.90457982
 4437.43451513 4446.37683988 4446.71910367 4462.12070738 4491.35312804
 4491.42979406 4519.80685525 4520.48141624 4526.26393425 4528.50254874
 4553.64163718 4586.54559361 4586.73672533 4600.97437218 4601.31070268
 4603.20818671 4610.1492283  4610.17182811 4613.31893496 4630.30912531
 4630.38709132 4636.9532694  4652.72530333 4670.29028884 4681.4496616
 4684.10883922 4692.83373246 4703.49670939 4708.75286516 4732.60516443
 4754.19354941 4777.3546545  4843.76772893 4865.76834378 4926.27906788
 4998.60489254 5022.0234288  5022.7555893  5081.33639631 5090.11135579
 5169.54505398 5171.93230055 5202.01574738 5221.15465299 5277.44751258
 5350.67412967 5397.78209989 5455.23081643 5501.28976214 5533.55455728
 5540.32883361 5546.77851266 5548.50913143 5598.19714661 5675.39853025
 5689.87057512 5692.54361929 5692.92044946 5727.19612767 5758.32046574
 5781.29873903 5784.42804603 5791.63688536 5797.16350552 5801.37793672
 5896.96999892 5962.07528435 6076.35662261 6091.11863171 6104.87594927
 6106.96753166 6179.58878718 6241.78363044 6273.91879333 6291.41504609
 6307.1591136  6348.35440025 6419.08830498 6450.27674251 6487.39229683
 6532.14848684 6576.93594326 6578.16439959 6629.56983365 6630.95135536
 6636.57060807 6639.54864967 6639.65238213 6677.03450087 6723.9796058
 6735.56760828 6746.46031661 6746.81588028 6767.88923627 6768.04710161
 6770.31951582 6770.66224627 6772.58876339 6809.510986   6873.21308324
 6878.36883985 6878.56787151 6890.09714115 6890.83063498 6892.66758619
 6895.38472999 6904.05239038 6934.84396458 6938.3906014  6958.39436639
 6959.28119226 6968.28888312 6969.8277035  6974.44749796 6991.58312042
 7023.66101713]"
225,759434_2025-02-04_E-86,DP,True,"[  28.98138162   39.55359264   76.6965134  ... 6987.91091799 7002.42612917
 7014.0477647 ]"
226,759434_2025-02-04_E-87,DP,True,"[  20.41638703   20.57188572   21.28077975 ... 7023.3636863  7023.7202833
 7024.96920612]"
227,759434_2025-02-04_E-100,ILA,True,"[  20.53405271   21.35027917   22.04630665 ... 7020.40034457 7021.86396559
 7023.02238917]"
228,759434_2025-02-04_E-108,ILA,True,"[  33.65790893   40.45578505   42.9730972  ... 7023.57658451 7023.93581482
 7024.40134423]"
229,759434_2025-02-04_E-122,ILA,True,"[  20.63638518   20.72751774   20.86828323 ... 7022.27799544 7022.67349211
 7024.85024046]"
230,759434_2025-02-04_E-123,ILA,True,"[  23.53772743   27.92199053   30.97489817 ... 7018.11519714 7018.86762414
 7024.74657466]"
231,759434_2025-02-04_E-124,ILA,True,"[  22.56423562   25.29831261   25.57837692 ... 7023.19522105 7023.24762061
 7023.32855326]"
232,759434_2025-02-04_E-131,ILA,True,"[  20.92194944   22.39417038   22.69223454 ... 7023.44761893 7024.42917733
 7025.0188057 ]"
233,759434_2025-02-04_E-135,ILA,True,"[  29.16124677   33.35787812   33.43721078 ... 6873.2928159  6873.54534711
 6930.00033868]"
234,759434_2025-02-04_E-136,ILA,True,"[  31.44636087   35.84802383   41.09881297 ... 7024.1361798  7024.57090947
 7024.81270744]"
235,759434_2025-02-04_E-138,ILA,True,"[  20.31898785   20.35702086   20.41802035 ... 7024.45481045 7024.68744183
 7024.76094121]"
236,759434_2025-02-04_E-141,ILA,True,"[  20.33912101   20.45668669   24.63735151 ... 7012.37887874 7023.76121629
 7024.49624344]"
237,759434_2025-02-04_E-145,ILA,True,"[  20.66301829   20.76731741   20.87801648 ... 6769.81175343 6889.09908288
 6938.34013516]"
238,759434_2025-02-04_E-165,PL,True,"[ 197.1504997   277.83778734  287.68237116 ... 6955.90238736 6956.21001811
 6988.32214786]"
239,759434_2025-02-04_E-173,PL,True,"[  23.57296046   33.52327673   42.93009756 ... 7024.34777802 7024.39721094
 7025.04183884]"
240,759434_2025-02-04_E-175,MOs,True,"[ 281.58198916  281.90451978  291.35530691 ... 6966.17856755 6966.30443315
 6997.85783428]"
241,759434_2025-02-04_E-186,MOs,True,"[  21.98530716   26.78646675   28.73038373   35.66185873   56.92054649
   57.92767135  105.35207224  106.80152671  130.2711292   130.28349576
  130.6755258   133.99653118  137.55853454  141.48433484  142.53869263
  145.96846377  147.11308747  148.24384462  159.07232015  159.47365011
  173.11406865  175.05911895  179.27888344  179.30894985  181.67622993
  185.1489007   189.24796621  189.68232922  190.50295565  197.4921635
  197.90229338  199.48244675  199.64927868  200.21957388  200.4501386
  200.46650513  200.77120257  207.16198212  214.51722022  220.59916904
  223.86457489  232.51686874  233.51409368  234.19278797  235.4610773
  235.51311019  244.35446912  249.25909451  267.460608    271.72410545
  271.83283787  271.98950322  273.74442179  278.3735495   278.59401431
  283.14104271  283.26434167  283.49877303  291.41140644  291.61633805
  291.80136983  291.83123624  291.98123498  292.10846724  292.47196418
  301.53652123  341.6804834   341.69028331  341.7237497   341.76038272
  341.80008239  351.29516915  354.88860558  385.62571357  395.07356739
  410.62043656  410.64126972  435.95572335  472.93187884  473.57024013
  474.17053508  474.7624301   475.60372302  475.92145368  476.00445298
  476.02921944  476.31748368  476.48208229  476.95081168  476.98054476
  477.00314457  477.07451064  477.12597687  477.19777627  477.2215094
  477.22764268  499.19105785  499.43732244  500.29941519  500.61217922
  500.82557743  503.04385876  503.96895097  504.35071443  505.08524158
  505.10367476  505.21450716  505.46587171  505.73366946  509.33390582
  509.77626877  509.78683535  510.03439993  510.84082648  511.10109095
  511.82768484  516.51311207  518.77819301  518.80442612  518.90802525
  522.33249643  532.36534533  538.36629483  539.49318535  541.73609981
  552.82593981  555.85204768  556.30854384  556.32177706  557.6394993
  558.01569614  558.04222925  558.18166141  558.18686136  558.19612795
  558.36425987  558.42795933  559.01508773  569.64426494  571.63214821
  571.91997912  572.0816111   572.31480913  572.59330679  572.84493801
  573.35770036  576.89217061  579.42774927  580.00841105  580.17540965
  580.42877418  582.32569155  586.55888926  586.76318754  593.3747319
  598.53778845  601.74139483  602.04519227  602.14932473  602.25455717
  602.31895663  602.60718754  603.88831009  606.79458563  614.44618791
  616.39287152  616.54420358  616.8392011   617.26876415  618.63511932
  619.07748226  626.86248342  628.65486833  630.93348249  633.9746569
  634.20082166  636.49870232  636.58683491  636.6280679   637.7489918
  637.78119153  637.90272384  638.52205196  638.71938363  638.73275019
  639.12528022  640.51380187  641.05369732  642.03112243  643.67920856
  643.78164103  644.13443806  644.24897043  644.2571037   644.57606768
  645.13266299  645.18519589  645.21639562  645.44069374  646.42678544
  646.95288101  650.03342175  654.67704934  655.22434473  655.29487747
  655.31914394  655.47157599  655.66494103  655.67360762  655.69270746
  655.71227396  655.71767392  655.97517175  655.98233835  655.99513825
  656.56143348  656.66409928  662.7614813   666.08562     666.44731695
  669.09252802  676.83416287  678.40991628  681.02066098  687.74780436
  690.93741085  691.08224297  691.64463823  691.92326922  692.04086823
  694.00298505  695.17384187  695.22737475  696.46769765  698.77307824
  719.6449026   723.5655696   723.9100667   723.9453664   724.30746336
  724.5839277   725.12272316  725.69291836  725.86798356  726.0097157
  726.03384883  726.2272472   726.39327914  726.63767708  727.41303722
  727.72643458  728.54469437  728.61846041  728.89935805  728.9085913
  729.11182293  729.4478201   729.60781875  729.79895048  730.1090812
  731.48026966  737.20058819  740.74899166  740.94359002  741.5443183
  741.65988399  741.7500499   741.76978307  741.83321587  741.92141513
  742.01074771  742.19867946  742.28417874  742.41637763  742.53524329
  742.78514119  743.05967221  743.52720161  743.91733166  744.69105848
  747.96153096  750.64297506  750.70970783  750.83760676  751.13597091
  751.34486915  751.37883554  751.41000194  751.59996701  751.68203298
  751.76009899  751.82589844  751.94883074  751.97386386  752.73832409
  753.1101543   753.43511823  753.84831475  753.92018081  754.63177483
  754.7064742   756.13872881  756.25709448  756.97548844  757.41761805
  757.463551    757.49235075  758.02957957  761.70548196  772.43049171
  785.7275798   785.73764638  785.75484624  785.86007869  786.08307681
  786.58040596  789.50118138  789.71404625  801.27171566  805.41071416
  805.50734668  805.56821283  805.60961248  806.52190481  808.10365816
  808.34388947  808.45845518  808.47858834  808.86511842  808.97878413
  812.60045365  814.82373494  814.84866806  823.28336375  823.52182841
  823.70739351  824.43828736  825.78730934  827.39082918  842.54810162
  842.64910077  842.978498    843.11839682  843.38452792  844.83738236
  844.86058216  846.08210522  846.11057164  846.32413651  846.45343542
  846.57106777  846.67646688  846.85539871  846.91503154  847.20122913
  847.54772622  847.7558578   847.77282432  848.19438744  848.34481951
  850.03793859  850.10617135  850.18930398  853.03918     884.13668496
  886.667297    886.67493027  889.0126106   899.42818961  939.32975381
  939.87144926  939.95101525  940.25507936  940.27314587  940.37151171
  943.50798532  966.93308818  967.39688428  985.17450134  985.48009876
  989.88252838  989.89256163  995.9125443  1002.44362267 1021.33656368
 1036.85873305 1038.54618551 1039.78694174 1040.30307073 1044.12530523
 1054.04655507 1065.04082921 1067.28974362 1067.85610552 1068.71993158
 1068.88949682 1079.68307266 1081.32292552 1085.70802195 1087.16154305
 1087.57073961 1089.76852111 1091.7590377  1092.08556828 1092.09736818
 1094.26688326 1094.31804949 1095.38014055 1096.15230072 1099.13734227
 1103.65627091 1109.04682554 1109.61652075 1109.79978587 1120.41886317
 1120.86949271 1126.45464571 1126.71211021 1126.72774341 1126.74107663
 1126.74944323 1126.75477652 1128.47856201 1131.34720454 1131.61233564
 1131.82130055 1132.39542905 1144.43092776 1146.06698066 1146.1776464
 1146.32837846 1147.57823461 1149.77674944 1152.87205673 1152.89052324
 1152.96982257 1153.22705374 1155.58666721 1155.7549658  1162.6347079
 1162.84657278 1162.85973934 1164.07676243 1164.25536093 1164.44662599
 1164.62902445 1167.62893254 1169.05398721 1169.44811723 1169.53738314
 1169.79811428 1173.55174936 1173.73174785 1173.7806141  1175.30080131
 1175.47726649 1175.7763973  1176.92318765 1177.47294969 1177.52304927
 1177.66021478 1177.70301442 1178.43480827 1178.5892403  1178.67010629
 1178.78413866 1178.80183851 1179.12503579 1179.52326577 1179.66173127
 1179.89236267 1180.34192555 1196.55575577 1199.09556773 1206.94103504
 1207.01886771 1207.13350008 1207.79662784 1207.80439444 1207.81296103
 1207.82329428 1207.82929423 1207.83866081 1208.0379258  1208.14685822
 1208.15445816 1208.25642397 1208.48582204 1208.62078757 1208.63842075
 1208.64952066 1212.8584519  1216.85905157 1216.91958439 1219.23189827
 1219.25446474 1220.7374856  1220.8286515  1220.927384   1221.2912476
 1221.78031015 1222.07390768 1222.38163843 1222.43727129 1222.88386753
 1223.69802735 1223.87562585 1224.15669016 1224.41078802 1224.68851901
 1226.45660413 1226.59766961 1226.79553461 1226.80710118 1226.83076765
 1226.83533428 1226.8445342  1226.88646718 1226.9830997  1227.09653208
 1227.11416527 1227.13026513 1227.14229836 1227.15486492 1227.17463142
 1227.35536324 1227.43769588 1227.45962903 1227.46809562 1227.47252892
 1227.47922886 1227.49716204 1228.11719016 1228.22195594 1228.38802121
 1228.43718747 1228.47962044 1228.55835311 1228.68128541 1228.79748443
 1229.00474936 1229.16218136 1229.34707981 1229.58217783 1229.64644396
 1233.01441561 1233.16494768 1234.02100714 1234.05350687 1236.12365611
 1236.34915421 1236.85488329 1236.92004941 1237.42277851 1237.6773097
 1237.86517479 1237.89047458 1238.04937324 1238.44743656 1238.77976709
 1238.82416672 1244.14238863 1244.9138488  1244.93818193 1245.8256078
 1246.15647168 1246.79263299 1247.11596361 1292.27278358 1328.1205819
 1334.24203039 1335.98778236 1338.02079859 1340.35011232 1340.68877613
 1340.9656738  1341.65943463 1343.63905131 1352.87944021 1362.49745927
 1367.46428413 1385.65766436 1385.99222821 1389.87282889 1392.75367131
 1393.00493586 1401.48259785 1407.18934982 1408.18700809 1408.198108
 1408.44380593 1408.77150318 1412.47543867 1412.50260511 1412.86176875
 1413.06866701 1413.17946608 1418.99351715 1427.14121525 1427.79700973
 1440.14793912 1440.3967037  1440.40740361 1440.8245001  1440.93813247
 1466.02988798 1466.20745315 1466.56241683 1468.1934031  1485.60162327
 1510.19264966 1528.95419177 1529.97708316 1533.31462174 1533.50402014
 1534.05434884 1552.55609314 1578.34590944 1580.30025966 1583.53256579
 1585.58158188 1608.06972596 1609.44478105 1609.59967975 1610.20640798
 1613.63494579 1614.49437189 1619.57066251 1627.21856481 1627.29209753
 1627.32456392 1627.58982835 1632.26422235 1655.79602431 1695.56955626
 1695.65028892 1695.79565436 1696.15051804 1697.51670654 1709.22447468
 1709.98343496 1718.60059578 1719.91158474 1720.06218348 1720.10861642
 1724.57981212 1726.64869471 1729.12110724 1731.27888908 1737.06270707
 1737.21563912 1737.26177206 1737.309505   1737.50863665 1737.51956989
 1737.59766924 1737.68716848 1737.7332681  1737.78876763 1737.83770055
 1737.89826671 1748.82417476 1752.94750673 1776.89210522 1777.11340335
 1777.51080001 1778.23929388 1778.24776048 1804.80737029 1818.93501807
 1819.1886826  1857.85882383 1859.10008005 1859.39297759 1870.50821738
 1885.52862431 1885.87258808 1886.13101924 1892.94816187 1892.96976169
 1893.30295888 1894.19475138 1894.44701592 1894.65578083 1894.82934604
 1895.0792106  1895.37970807 1909.71985406 1910.26064951 1916.51046358
 1916.59199622 1958.14714651 1958.16077973 2017.46034736 2017.6368792
 2018.21330769 2018.30424025 2018.44613906 2062.83156553 2165.31943636
 2168.59070883 2183.32128487 2183.56484949 2201.15583478 2201.92232833
 2204.30330829 2204.84353708 2205.51923139 2205.88839495 2206.02796044
 2207.92461115 2211.20088358 2214.89555248 2220.53590502 2221.23236582
 2226.41428888 2226.70925307 2227.07431666 2234.31792237 2236.24403949
 2248.48250316 2383.78216453 2384.02059586 2387.72223138 2388.06182852
 2388.12846129 2388.35002609 2394.95813715 2426.90783494 2429.1860491
 2429.67131168 2432.11829109 2439.03053292 2439.21363138 2441.79597631
 2449.4465786  2452.26818818 2452.43922008 2453.71107604 2456.18268857
 2456.97468191 2480.79278146 2503.04196089 2505.03974408 2509.75303775
 2510.59519733 2524.86637723 2541.05550765 2542.42622945 2543.92381685
 2544.66874391 2546.73455986 2556.104481   2565.81593261 2566.06026389
 2566.38899445 2567.7623829  2568.17037946 2569.65220033 2574.03819675
 2582.84728928 2583.27361903 2590.96955426 2596.30694268 2596.85313808
 2597.07103625 2597.24056815 2597.45816632 2633.4530634  2648.70863502
 2649.00096589 2649.35729622 2689.2785936  2721.26439108 2741.20912324
 2767.67333386 2781.76838191 2784.0866624  2784.23912778 2784.56045841
 2791.76999774 2819.36403218 2819.36879881 2819.37809873 2819.44623149
 2819.51476425 2819.7103626  2820.81205333 2820.90518588 2820.91701911
 2820.94431888 2820.96701869 2821.10645085 2833.89604322 2834.1793075
 2839.38913032 2865.26461257 2901.97597029 2969.30230369 3003.26275123
 3030.22819096 3071.09774702 3123.88363613 3125.91438571 3135.39260594
 3178.01591391 3201.14308595 3208.05522778 3248.25515614 3249.06124935
 3311.56389002 3333.23147434 3373.41993613 3377.56610124 3384.92357265
 3392.2972106  3395.12288682 3399.6371155  3405.36380064 3408.82317152
 3408.9058375  3444.33507267 3471.89634073 3472.31290389 3496.99699615
 3540.54229636 3552.96909178 3587.07723807 3624.30519145 3625.77474574
 3630.76600374 3632.49895582 3632.67928764 3727.14992594 3755.64018618
 3756.31611383 3756.49624564 3762.04109898 3762.22529743 3764.27064688
 3820.53597338 3831.42291509 3849.70759455 3852.30420603 3885.43902718
 3899.44170934 3937.03922626 3942.97210967 3943.11144183 3979.61206799
 3987.69363331 3991.60810037 4002.70597364 4003.13557002 4005.99911259
 4009.75024769 4024.59965606 4032.40152373 4035.77529534 4069.88077499
 4125.23160918 4202.93235528 4204.70224038 4222.21435968 4223.75758002
 4231.29631658 4252.83386866 4253.78819396 4340.85969454 4355.92453442
 4394.41057721 4476.40328719 4500.95548057 4530.46163225 4562.56599541
 4593.4259357  4612.56387465 4612.92030498 4745.53875558 4793.87281549
 4898.93929796 4946.54586399 4971.73661866 4992.99330644 5052.11210891
 5153.60462146 5154.11498383 5182.8151423  5205.56715083 5205.84951512
 5211.79999838 5523.56187471 5738.03600311 5782.98499151]"
242,759434_2025-02-04_E-214,MOs,True,"[  57.41390901  110.53222865  111.11502374 ... 7003.83401732 7004.51707824
 7004.71094327]"
243,759434_2025-02-04_E-215,MOs,True,"[  23.2474632    25.22631322   26.62116815 ... 7025.02660564 7025.04897212
 7025.09017177]"
244,759434_2025-02-04_E-220,MOs,True,"[  35.02359743   36.23562057   36.41871903 ... 7024.87747356 7024.9555729
 7025.09223842]"
245,759434_2025-02-04_E-240,MOs,True,"[  21.09001469   21.13401432   21.2044804  ... 7024.65057547 7025.07260525
 7025.09410507]"
246,759434_2025-02-04_E-250,MOs,True,"[  21.90790781   23.55122731   26.45876951 ... 7024.93653973 7025.02440566
 7025.03330558]"
247,759434_2025-02-04_E-257,MOs,True,"[  20.32542113   20.97201569   21.38464555 ... 6975.46452273 6993.90246757
 7024.18464606]"
248,759434_2025-02-04_E-258,MOs,True,"[  22.12323933   22.59973532   22.81586684 ... 7003.06632378 7006.7438595
 7020.97363975]"
249,759434_2025-02-04_E-272,MOs,True,"[  21.81434193   21.85980821   25.16774704 ... 7019.85904913 7022.30139524
 7022.43366079]"
250,759434_2025-02-04_E-280,MOs,True,"[  23.42426172   26.59643502   26.75486702 ... 7016.9348404  7018.091264
 7018.48716067]"
251,759434_2025-02-04_E-283,MOs,True,"[  20.23618855   20.30395464   20.30842127 ... 6984.52347983 6991.7561523
 7016.29921242]"
252,759434_2025-02-04_E-291,MOs,True,"[  20.33355439   20.34078767   20.74635092 ... 7019.29555387 7019.30062049
 7019.4538192 ]"
253,759434_2025-02-04_E-312,MOs,True,"[  20.23888852   20.5035863    20.55791917 ... 6985.65667029 7003.26522211
 7019.4658191 ]"
254,759434_2025-02-04_E-332,TTd,True,"[  34.32673663   70.27663409   74.12193506 ... 7020.72067521 7020.8051745
 7024.20831253]"
255,759434_2025-02-04_E-333,TTd,True,"[  34.46383548   36.49545171   40.37518573 ... 7012.80184185 7018.96468999
 7024.18104609]"
256,759434_2025-02-04_E-337,TTd,True,"[  20.50595294   20.56425245   20.62181863 ... 7024.88204019 7024.96890612
 7025.07760521]"
257,759434_2025-02-04_E-338,TTd,True,"[  20.48428646   20.48818642   21.5728773  ... 7016.01568147 7020.56567651
 7021.02067268]"
258,759434_2025-02-04_E-340,TTd,True,"[  20.85045004   21.55611077   21.73490927 ... 7024.95843955 7024.98473932
 7025.0270723 ]"
259,759434_2025-02-04_E-341,TTd,True,"[  20.36735411   23.13593081   24.45848635 ... 7018.4289945  7021.94103161
 7022.83989071]"
260,759434_2025-02-04_E-342,TTd,True,"[  20.27915485   20.33712103   20.51801951 ... 7021.68280045 7022.17782961
 7022.85799056]"
261,759434_2025-02-04_E-344,TTd,True,"[  30.88569892   56.79608087   83.99188534 ... 7021.45606902 7021.75493317
 7024.19364598]"
262,759434_2025-02-04_E-345,TTd,True,"[  21.34951251   22.72540093   23.31796261 ... 7023.76184962 7024.45477712
 7024.53934307]"
263,759434_2025-02-04_E-346,TTd,True,"[  39.01519718   39.11612966   44.12765415 ... 7010.7959254  7013.24990475
 7018.78785814]"
264,759434_2025-02-04_E-347,TTd,True,"[  33.70657518   43.04709658   62.49306626 ... 7011.78781705 7016.35804526
 7021.43806917]"
265,759434_2025-02-04_E-349,TTd,True,"[  20.3964872    20.85778331   21.0253819  ... 7020.01314783 7023.77118287
 7024.88344018]"
266,759434_2025-02-04_E-350,TTd,True,"[  21.38457888   22.11403941   23.12779754 ... 7011.39802033 7014.81599157
 7020.06664738]"
267,759434_2025-02-04_E-355,TTd,True,"[  21.47817809   24.65331804   30.282404     30.71860033   31.05483083
   31.19502965   31.34406173   33.40351107   35.40952752   36.14582132
   38.98249745   40.48321815   41.11514617   46.16060371   90.21823294
   91.90675206   91.93661848   94.17416631   99.34162283  109.31023893
  124.65134316  133.79333289  134.04489744  137.47083528  137.64766712
  138.77062434  154.2270276   174.80922105  174.82072096  174.84945405
  180.36404097  180.5393395   190.08329251  191.83467777  194.44032251
  197.9624262   198.16255785  198.87211855  210.85408438  210.8907174
  214.92208348  214.93071674  215.2681139   215.36497975  225.10336446
  227.90554088  240.04060542  240.10043825  258.8622137   259.35807619
  263.41067542  264.40740036  266.34688404  270.57661511  281.84985357
  294.61361283  363.86089673  374.20864299  384.72605447  387.87382798
  392.65358776  396.35275663  399.58659608  406.24147341  407.14816578
  412.51402062  424.86205004  428.13322251  441.06631367  449.08017956
  449.54944228  450.50460091  450.53913395  458.63649914  468.86047977
  479.09666029  485.68463818  487.84008671  497.34290674  501.16564123
  521.03494069  524.56361099  530.4922611   533.16450527  533.29317086
  533.51453566  536.13428028  546.08469654  547.56541742  552.5861085
  582.16535957  584.68243839  590.89925274  592.22177494  597.90559377
  618.25892249  645.54635951  658.24341933  675.77890509  710.92417599
  710.9339759   710.94767579  710.9655423   710.99314207  731.36333731
  733.43155324  744.75395795  771.62696513  798.41340638  807.38093091
  832.55448573  834.99796516  963.93071345  975.62278172  988.13307644
 1016.71786921 1036.4371366  1081.46492433 1090.11955149 1103.29564061
 1147.07513884 1158.51870921 1170.26587701 1200.33705728 1221.62761144
 1224.90728384 1246.97586478 1287.70288871 1313.15207454 1315.46705506
 1318.54909579 1318.56146235 1318.57022894 1319.56945387 1319.89975109
 1320.05864975 1320.1907153  1320.23801491 1320.28221453 1320.5079793
 1320.76781045 1321.15184055 1321.32950572 1321.53473733 1322.57522857
 1324.48581249 1328.24871416 1328.51281193 1331.37015456 1331.9432164
 1332.67724356 1339.82541673 1343.64628458 1344.52421052 1346.28046241
 1347.83991595 1347.88738222 1348.10634704 1358.1399626  1376.19994395
 1379.68998125 1389.24750082 1399.66947977 1412.66093711 1414.46338861
 1415.9579427  1451.97553959 1474.26721866 1474.30038504 1482.36198387
 1492.31760008 1502.17445047 1515.37757269 1515.69986998 1534.05798215
 1561.93384755 1579.71663124 1605.77427861 1613.16351643 1615.99209262
 1616.00839248 1622.80650194 1714.09143372 1735.23985575 1736.32937991
 1791.39018321 1833.04936595 1845.8490249  1847.43131159 1865.54205917
 1866.50091777 1885.52382435 1885.53882422 1919.18260776 1919.1976743
 1930.43691304 1933.32002211 1997.55471487 2019.91392671 2059.70502517
 2077.81050614 2125.36787258 2128.27784809 2130.06053309 2154.61545978
 2156.87740741 2157.86966573 2159.40298616 2182.88022191 2217.26326589
 2240.03507425 2240.81530102 2244.47050359 2244.58920259 2246.22278885
 2255.9330738  2260.48466882 2263.53877646 2267.87753994 2317.55002192
 2321.18322468 2329.91148456 2350.79334216 2354.39024522 2354.4880444
 2414.7531039  2418.86590262 2456.10528922 2530.06936677 2531.4882215
 2531.51645459 2532.57034572 2540.39577987 2546.40392931 2568.73550804
 2569.79146582 2587.49965013 2590.10292822 2590.14379454 2593.43110021
 2593.75109752 2597.86656288 2597.88276275 2600.24794284 2605.28340047
 2614.44325671 2615.41841517 2615.62454677 2615.77344552 2625.51436354
 2644.91460028 2645.06143238 2677.9616555  2681.14529538 2681.64779115
 2681.68355751 2695.5954071  2707.83457077 2719.98106855 2730.46611364
 2733.90988466 2761.25645453 2770.67170862 2804.09196071 2807.23943422
 2813.74774611 2813.90571145 2832.81315233 2846.02517448 2859.97772373
 2880.69081608 2915.2473586  2915.26322513 2949.56450313 2959.41838687
 3004.64597292 3004.78333843 3004.89043753 3043.88327605 3077.47739333
 3084.60856665 3093.12816162 3096.94989613 3097.27539339 3119.54647263
 3120.21006705 3120.23036687 3120.43813179 3120.78652886 3120.83412846
 3121.95168572 3121.96498561 3137.7666193  3138.12081632 3169.63925107
 3171.32550354 3171.38173641 3180.70215797 3209.61261467 3221.33341603
 3253.61091106 3280.90781468 3285.98737193 3286.95179715 3287.7534904
 3293.03151265 3302.68569807 3311.10649387 3314.28163382 3324.93057753
 3354.82115932 3434.52658855 3455.80430948 3463.55211095 3484.52116781
 3484.73779932 3487.1294792  3522.7368462  3523.7351378  3545.1837573
 3556.61129446 3557.55135322 3559.69790182 3614.68357242 3626.88723638
 3660.67518537 3661.82507569 3663.35672947 3679.80885768 3723.46945692
 3723.50995658 3723.58358929 3733.76997023 3739.81115273 3749.90733443
 3750.48722955 3750.53876245 3756.9732083  3840.2347076  3840.92780177
 3845.08566678 3847.32851457 3847.79731062 3848.51533791 3855.82717638
 3871.36364563 3880.62650101 3923.05497728 3923.10314355 3929.04316022
 3933.26035807 3943.03447581 3964.32316332 3968.51122808 3981.66901734
 4019.61603133 4032.37452396 4032.54825583 4032.58495552 4032.60375536
 4032.68992131 4033.32321598 4042.76780316 4042.79933623 4042.80773616
 4042.81490276 4042.8224027  4068.82928384 4124.35868319 4125.65087232
 4129.23007553 4162.24999765 4175.96544889 4187.98931437 4229.58766429
 4238.71558747 4309.53749147 4312.55343275 4313.45165853 4319.56784039
 4336.12866768 4352.40699736 4352.53669627 4352.63642876 4355.72960273
 4367.46720395 4370.60574421 4387.463869   4387.74929993 4398.712641
 4404.86232258 4422.32954225 4429.09181868 4435.7279295  4518.86906315
 4525.89360403 4528.25528416 4528.28458391 4528.32315025 4528.46148242
 4528.53758178 4528.55328165 4529.81187106 4531.70962175 4561.8104351
 4566.7216271  4567.56125337 4567.73065195 4567.843651   4568.63847764
 4568.7664099  4569.59273628 4571.57148629 4572.37974615 4575.51745308
 4578.31299622 4578.33329605 4578.88529141 4598.0412302  4666.1760568
 4674.19215601 4681.49479455 4682.19205535 4696.14980455 4714.43761732
 4747.63837125 4754.27064877 4783.0545732  4840.50412306 4863.50492949
 4908.21608655 4908.62501645 4912.83251437 4913.85983906 4916.34051818
 4916.7344482  4931.6271562  4932.01028631 4972.90257551 4992.64404271
 5000.59000917 5000.72370805 5004.88203972 5016.31694349 5038.42425744
 5050.40248997 5050.7438871  5051.64837948 5089.62152658 5104.01387213
 5115.38570976 5140.588631   5141.95555283 5171.25347293 5176.76902652
 5196.33886183 5197.52281853 5203.30120323 5203.39530244 5203.43456878
 5212.96465524 5215.33883526 5228.76858891 5236.56372331 5258.09057548
 5270.21800675 5270.53053746 5318.10763707 5328.49928295 5353.78780346
 5356.33348204 5376.42331297 5403.86548203 5413.71313249 5436.88100418
 5458.06729255 5523.18027792 5524.2208025  5569.06079181 5569.67055335
 5574.71177759 5588.03273215 5598.16124691 5598.23764627 5611.13877103
 5619.06890429 5629.44165034 5637.19185178 5661.32991531 5661.3860815
 5691.98949062 5692.00092386 5703.49966043 5703.51926026 5703.54196007
 5703.56012658 5703.59072633 5703.61695944 5703.64772585 5703.66175906
 5703.68002557 5703.70262538 5703.73022515 5703.78315804 5703.80685784
 5703.83359095 5703.86475735 5703.94462335 5704.00682282 5704.07042229
 5706.25033728 5712.77074907 5716.17052046 5752.88174485 5784.30678038
 5805.88689877 5819.22191989 5820.79890661 5821.85616438 5831.64664866
 5848.05784388 5875.84604336 5876.7319359  5877.50419607 5898.63741822
 5913.30476145 5914.43015198 5924.5204004  5930.02475408 6010.50697677
 6031.21330252 6036.07836157 6053.12251814 6053.17575102 6054.63120544
 6079.93785914 6079.94719239 6079.95245901 6079.95892563 6079.97439216
 6079.993492   6108.90938199 6155.59355578 6161.67580459 6161.70123771
 6171.74668651 6190.37582973 6194.61036076 6203.60221842 6203.64421807
 6205.21873815 6205.24643792 6222.64665815 6229.72223194 6239.49408304
 6260.24174177 6260.70653786 6261.49999785 6262.89371945 6298.5754525
 6299.29791309 6317.84435701 6319.86623999 6329.17626164 6337.76372271
 6346.56461531 6346.7160807  6374.98540946 6377.36755608 6447.14796884
 6459.88472832 6515.0140977  6518.87386522 6524.16025407 6580.55274616
 6594.35759665 6626.35462737 6630.88195594 6631.82438134 6632.12997877
 6632.14461198 6632.15134526 6632.16141184 6632.16877844 6632.17851169
 6632.19347824 6632.32374381 6648.30120935 6648.8489714  6664.98363562
 6676.2074745  6690.44168804 6690.46932114 6759.60637264 6774.9602101
 6828.68209133 6838.87603888 6848.02769519 6894.92400053 6898.48073727
 6936.22721961 6945.10524489 6973.58993851]"
268,759434_2025-02-04_E-357,TTd,True,"[  21.6752431    38.68366663   39.01513051 ... 7009.21617203 7010.04419839
 7018.7448585 ]"
269,759434_2025-02-04_E-366,DP,True,"[  20.30565463   20.72165113   21.28021309 ... 7024.52830983 7024.92287318
 7024.98833929]"
270,759434_2025-02-04_E-367,DP,True,"[  20.55558586   21.45784493   25.17101368 ... 7024.8534071  7024.91567324
 7025.05857204]"
271,759434_2025-02-04_E-369,DP,True,"[  33.84774066   37.86230688   38.00080571 ... 7024.89010679 7024.9760394
 7025.05640539]"
272,759434_2025-02-04_E-372,DP,True,"[  34.17973787   34.34286983   37.93153963 ... 7015.81351651 7021.00470615
 7023.19952101]"
273,759434_2025-02-04_E-373,DP,True,"[  20.92538275   21.0373818    21.44881167 ... 7022.40469437 7023.37235289
 7024.62940898]"
274,759434_2025-02-04_E-378,DP,True,"[  28.26125434   30.28937061   41.15831247 ... 7015.35698701 7016.96384016
 7019.35038674]"
275,759434_2025-02-04_E-382,DP,True,"[  20.27242157   20.57195239   20.73631767 ... 7015.21848818 7019.34918675
 7020.12161358]"
276,759434_2025-02-04_E-386,DP,True,"[  21.12368108   21.15161417   21.30701287 ... 7024.00928087 7024.19221266
 7024.59407595]"
277,759434_2025-02-04_E-390,DP,True,"[  32.42308599   76.82107902   78.84506198   91.25255757   95.75085304
  104.80681017  105.01417509  110.26889753  119.10028988  129.14707199
  171.34705019  176.27447539  197.36276458  213.11756533  216.85240057
  219.28114679  231.22894625  240.65476692  241.58095913  245.49439286
  246.41815175  253.94105511  295.26900731  309.84371799  404.90891796
  437.33764505  454.81259799  455.7027905   484.08065168  487.8804197
  532.48137769  533.43316968  539.67065052  554.35776025  557.18526979
  581.74296312  582.07302701  586.15335934  597.8988605   599.03718425
  619.48551216  632.30937091  656.35960185  665.2451604   670.68988125
  681.98255288  741.16182152  742.79547444  761.47471724  796.63335469
  800.49752217  802.15530822  815.78809349  854.22377003  878.93949537
  913.23584008  930.94305773  975.06908638  978.837288   1000.53980536
 1007.85774378 1020.03304131 1058.70714918 1082.10121897 1088.72189659
 1120.93892546 1144.90885707 1182.04401123 1183.78759655 1197.95361067
 1208.58022124 1232.03962382 1240.98241522 1248.52331843 1276.37755068
 1291.2532255  1296.01825206 1296.05531842 1338.20359705 1343.43915299
 1348.93720672 1351.78728273 1368.84310586 1379.2952179  1411.91621004
 1415.58021254 1441.99375692 1442.04602315 1443.49071099 1492.42966581
 1506.0011516  1507.9298687  1512.29686528 1530.14331509 1560.47525983
 1568.57422501 1569.26341921 1581.86601315 1586.95743697 1587.76563016
 1614.80390262 1622.5459708  1623.75166065 1624.98915024 1630.16100672
 1635.78362606 1654.02720587 1654.82266584 1655.97808945 1661.78084062
 1671.05022927 1678.65596527 1680.9932456  1692.83827925 1693.96953639
 1713.42677265 1733.54357002 1741.59393561 1750.39866151 1750.76425843
 1763.63231681 1769.8953641  1795.53118169 1798.80058751 1798.93361972
 1799.43121554 1800.12650969 1811.83501115 1831.95734181 1849.2997292
 1864.37470233 1869.41779322 1871.24257787 1872.77113167 1875.37867639
 1876.92219674 1878.42645074 1881.49669157 1885.9172877  1890.72748056
 1892.35040023 1915.15150835 1939.87080032 1964.07412997 1966.12097941
 1967.22970341 1970.36931032 1989.93101237 1996.39179133 1996.74165505
 1997.76527977 2011.55219708 2020.97415112 2024.53292117 2066.8747315
 2124.86737679 2145.12943961 2164.80994065 2166.97585576 2172.50364257
 2183.1190199  2212.57320536 2213.06143459 2225.96852597 2226.21359057
 2227.54427937 2228.42303864 2246.35085444 2254.08905598 2264.90926492
 2290.20771869 2305.74578792 2311.84973656 2319.16804164 2319.48837227
 2324.64819552 2336.63982793 2337.24945614 2356.97385681 2357.34515368
 2359.00120641 2367.45360195 2389.4933498  2398.64163948 2400.84142097
 2420.59868803 2423.02916758 2428.76748596 2437.36331362 2450.59580226
 2461.71474202 2464.77501626 2467.1786627  2471.38802728 2572.29641141
 2608.14474305 2610.85322026 2618.2789911  2621.48433079 2653.7171262
 2662.80481639 2683.6619742  2691.03851212 2717.43745662 2723.27830747
 2726.90447695 2829.87064376 2849.69594359 2858.41003692 2876.11888789
 2901.84437139 2908.02981934 2938.65379495 2948.65557745 2958.29766297
 2969.38800297 3004.29414255 3016.54853942 3026.30112401 3031.76954466
 3064.12930567 3072.46803549 3078.19372064 3086.2747193  3086.38541837
 3093.15622805 3098.07338667 3108.0352695  3148.46309595 3157.95451607
 3165.85684957 3216.40872414 3216.5642895  3217.70151326 3240.20035725
 3257.28108018 3259.63196039 3292.59944962 3306.98632854 3348.01611659
 3382.83695688 3387.82961486 3427.16065054 3434.83645261 3485.35972742
 3489.60099173 3537.16489145 3552.81505974 3557.78278461 3563.40170399
 3580.70532503 3597.55148326 3602.68490673 3604.79015568 3606.2919097
 3609.19201863 3611.47166611 3646.40290548 3647.92455934 3670.55573555
 3678.03287263 3680.88101533 3683.41596066 3685.70907469 3695.57172503
 3702.29766842 3707.95122085 3711.55889049 3735.9839516  3745.71590303
 3749.16817398 3757.7327019  3776.41711133 3777.97129825 3784.38037765
 3787.1267212  3849.92879269 3861.26416396 3894.39105184 3895.71480737
 3928.17536753 3933.81992002 3941.95145159 3946.40658077 3948.47603002
 3985.56348457 4000.81262291 4038.10647572 4057.11804906 4060.36652172
 4062.77156815 4098.18080349 4136.08668449 4151.32118962 4171.10572312
 4185.77379968 4185.89529866 4221.33876704 4231.5943474  4240.58780505
 4246.13182506 4264.7124687  4272.52893625 4307.62317424 4318.55291559
 4334.18435071 4340.51733075 4349.26572379 4350.43061399 4373.77138423
 4385.06558918 4432.13595972 4439.8587614  4449.06035063 4449.13508333
 4450.10667516 4473.30644658 4513.91297152 4553.74963627 4568.41761283
 4598.23729521 4624.19307678 4646.81191976 4652.46840549 4658.16822419
 4658.19325731 4660.96286734 4680.8514333  4704.74999884 4711.30007706
 4718.61944879 4730.69234719 4735.3334748  4750.26291583 4769.79985141
 4773.26088895 4801.00888877 4801.5515842  4810.09811228 4814.8209392
 4818.19654412 4820.11226133 4831.6658641  4833.51328189 4855.39339776
 4867.13909891 4871.85279257 4891.11386381 4900.13352124 4911.52342539
 4912.57351655 4913.64550753 4917.23511065 4925.93753742 4926.41466674
 4951.25032439 4958.86766029 4971.97165001 4973.87723398 4974.71122696
 5003.70921625 5021.22776883 5029.63706472 5043.83331192 5051.18965001
 5121.89312166 5123.89607148 5129.16309382 5135.06214417 5143.69847149
 5170.35018054 5191.96893193 5200.20876259 5211.25566962 5224.84128863
 5225.88924647 5251.31416584 5253.44801455 5274.12254056 5293.11774737
 5308.07362151 5328.79608045 5330.77189716 5336.50514891 5347.387124
 5357.43637276 5369.60620368 5391.00659024 5395.70071741 5416.46594266
 5437.84379608 5446.00422741 5471.86654309 5487.01598227 5487.94447445
 5494.40355343 5518.01358807 5524.82896405 5532.73393086 5563.7821029
 5570.12911615 5572.77549388 5573.28952289 5575.04594144 5589.38722075
 5614.74500735 5616.70852416 5620.40669304 5646.94183639 5660.4316562
 5662.12244197 5680.19638987 5692.56168581 5715.30632773 5743.1792265
 5746.23570078 5748.15265131 5763.16422498 5772.0377503  5774.01970029
 5795.16755565 5806.52996003 5809.36533617 5814.41322702 5815.77194892
 5818.29599434 5838.14496064 5842.69605567 5859.69034599 5877.41726347
 5906.12588854 5926.48778384 5928.56569969 5944.00466976 5957.9742522
 5996.80229211 6060.75838721 6065.47051422 6066.52563867 6121.60844179
 6129.68010719 6138.57736565 6149.25054249 6154.09843503 6156.68197995
 6169.48680553 6207.33145371 6219.14165432 6281.54172918 6289.45179595
 6306.6631511  6340.17833572 6367.88506922 6378.11074983 6379.08640829
 6397.48852009 6401.3607875  6402.50287789 6416.87912357 6434.295977
 6440.89382147 6448.53665715 6457.72897979 6475.50966349 6484.44325498
 6501.34687939 6503.44332841 6506.52106918 6509.75650862 6533.9711715
 6545.34270914 6547.33482571 6583.70415297 6586.41663014 6588.34744723
 6588.62091159 6589.24643966 6598.93072483 6606.61169352 6618.3111284
 6622.23389538 6642.39502572 6649.50893252 6655.5986146  6663.58254741
 6672.99213489 6696.5984029  6725.00003054 6730.28585273 6745.98628727
 6763.24477536 6791.28020609 6797.03889096 6804.84965856 6806.50354464
 6818.49484373 6821.96198122 6823.01257238 6849.34321745 6920.4911187
 6920.98518121 6929.09804627 6931.42609334 6935.48845916 6939.22452772
 6952.96054545 6963.77668776 6980.81611103 6980.87794384 6983.0693254
 6987.66862003 6988.43428025 7007.71111803 7010.60789365 7012.9549739
 7017.89849896]"
278,759434_2025-02-04_E-401,ILA,True,"[  20.30328798   21.32121275   21.45881159 ... 7022.73079163 7022.92935662
 7024.85660707]"
279,759434_2025-02-04_E-402,ILA,True,"[  21.61861024   22.98436542   25.63430978 ... 7023.54268479 7023.57645118
 7023.6602838 ]"
280,759434_2025-02-04_E-403,ILA,True,"[  28.14622198   42.18683715   64.702381   ... 7014.79319176 7014.96389032
 7024.24271224]"
281,759434_2025-02-04_E-412,ILA,True,"[  23.1293642    23.271463     23.49199448 ... 7024.41654411 7024.4489105
 7024.82617399]"
282,759434_2025-02-04_E-419,ILA,True,"[  20.30292132   20.3251878    20.96318243 ... 7023.82434909 7024.48761017
 7024.53820975]"
283,759434_2025-02-04_E-420,ILA,True,"[  21.35651245   21.53754426   21.64247671 ... 7022.8017577  7023.56041798
 7024.29784511]"
284,759434_2025-02-04_E-427,ILA,True,"[  24.24862144   30.82583276   33.24607906 ... 7024.07984694 7024.60790916
 7024.64780883]"
285,759434_2025-02-04_E-439,PL,True,"[  20.51521953   20.57885233   20.69105138 ... 7021.38146965 7021.48320213
 7024.15434631]"
286,759434_2025-02-04_E-443,PL,True,"[ 108.68077756  173.45069915  292.4100647  ... 6877.89537717 6977.42617289
 6992.70954427]"
287,759434_2025-02-04_E-446,PL,True,"[  46.82623144   46.86456445   47.83438962 ... 7024.03031402 7024.28631187
 7024.63377561]"
288,759434_2025-02-04_E-462,MOs,True,"[ 250.2781526   345.78994881  374.46674081 ... 7021.6052011  7021.71913347
 7022.45409395]"
289,759434_2025-02-04_E-476,MOs,True,"[ 509.0517082   593.43143143  809.13634947 ... 7016.86997428 7017.57473502
 7017.85173269]"
290,759434_2025-02-04_E-479,MOs,True,"[  23.05109819   24.57898533   26.22077151 ... 6976.53481373 6981.36293976
 7015.21448821]"
291,759434_2025-02-04_E-481,MOs,True,"[  24.8521497    30.74803342   34.03360577 ... 7024.8927401  7024.96200618
 7025.02927228]"
292,759434_2025-02-04_E-489,MOs,True,"[  23.04416491   25.75547543   26.21197159 ... 6842.44024221 6971.08702624
 7014.2934293 ]"
293,759434_2025-02-04_E-500,MOs,True,"[  20.54215264   20.65571835   20.71155121 ... 7008.66341001 7015.26495446
 7015.39202005]"
294,759434_2025-02-04_E-506,MOs,True,"[  60.08888649   77.2274756    93.01307608 ... 7002.98895777 7012.73584241
 7014.2819294 ]"
295,759434_2025-02-04_E-507,MOs,True,"[ 288.63502981  381.970211    684.40406584 ... 7021.10553864 7022.43129415
 7024.20391256]"
296,759434_2025-02-04_E-516,MOs,True,"[1097.25729142 1645.92117408 1720.62627873 ... 7022.54855983 7024.08811354
 7024.9601062 ]"
297,759434_2025-02-04_E-526,MOs,True,"[  24.78581692   26.81423319   34.57643453 ... 7022.93048995 7023.7437831
 7024.03554731]"
298,759434_2025-02-04_E-535,MOs,True,"[  20.99618215   21.32541271   22.61976849 ... 7002.2519973  7003.79205101
 7017.02097301]"
299,759434_2025-02-04_E-544,MOs,True,"[ 133.30293702  146.58692523  221.54292776 ... 7021.07227225 7022.19379615
 7022.46556052]"
300,759434_2025-02-04_E-548,MOs,True,"[  60.41708373   70.68973061   81.32490778  124.40597856  153.41886773
  293.86135249  295.58457132  358.46654213  395.94796004  473.84267117
  554.16606187  558.35812659  567.21545205  576.55827342  579.1756514
  645.10072993  652.18527031  656.91763048  671.53627413  678.86684577
  771.97816218  775.34200054  775.75683038  789.02898535  852.09752126
  860.87124742  861.06034583  861.60220794  863.14979491  881.42784109
  884.58218121  906.15333301  946.31519503 1020.16134023 1032.76983413
 1065.43189259 1081.09129414 1109.21962409 1133.96421585 1156.42209352
 1157.61081685 1185.9086787  1188.8164209  1265.83737272 1286.16013503
 1292.52498146 1299.84361987 1341.98863186 1396.06774342 1450.87461552
 1494.19838426 1503.69493767 1534.64517721 1553.93598153 1575.90556331
 1594.31117508 1657.26437862 1770.37919336 1785.00877024 1787.03418653
 1812.54023855 1816.93676822 1831.33974701 1846.65225148 1848.68913433
 1923.18300742 1926.81337687 1952.73762537 1969.53008405 1980.85922204
 1995.0202362  1997.51821518 2004.15969262 2019.20633266 2040.98144941
 2057.54094339 2082.39153425 2091.77415529 2092.76238031 2095.45632431
 2099.87475379 2103.29182503 2117.84696921 2119.4080894  2120.38564784
 2123.44235545 2123.89235167 2124.60241236 2125.14577445 2134.89652573
 2136.26358089 2137.2920389  2142.06583206 2145.62936874 2154.7355921
 2155.3619535  2156.43767778 2158.69945874 2165.56620095 2179.73538171
 2192.92830402 2194.6259564  2200.84773737 2206.40535727 2211.7522456
 2253.00009848 2253.12209745 2255.90150739 2257.62679288 2291.87603798
 2295.90117077 2297.01169476 2316.12706723 2321.09015879 2321.38362299
 2325.20762414 2329.76265248 2343.6350024  2348.33842948 2354.6107767
 2357.14988866 2375.64856632 2390.6034738  2408.73988783 2438.92466714
 2465.74784141 2479.39625988 2483.03112929 2489.74443946 2499.91245389
 2505.39297444 2506.54379809 2512.574714   2514.73252917 2517.27577444
 2520.21821634 2523.04209258 2529.81766889 2536.37721369 2552.08251485
 2556.65804301 2558.19536341 2559.76105023 2572.56700913 2578.15352878
 2578.39722673 2580.31731057 2582.60282467 2588.11087832 2597.19913517
 2600.97980335 2601.44286612 2601.75719681 2606.89525357 2611.09515156
 2612.34444104 2613.933961   2624.55167165 2628.86360203 2629.48189682
 2630.91065146 2633.77936066 2635.8341767  2638.1067909  2644.24367259
 2647.03411578 2647.39887937 2648.65593546 2649.16749782 2649.17496443
 2653.70105967 2654.11925615 2655.60234367 2669.33269479 2670.70168327
 2671.75524107 2672.30770308 2674.72798272 2676.27553636 2677.94842228
 2680.62083312 2683.63170778 2687.65967389 2689.53299146 2690.70858156
 2691.16731103 2691.67557342 2694.32505113 2694.47234989 2695.73007264
 2697.33609245 2703.93473692 2704.5121654  2705.84162088 2711.32767471
 2713.17635915 2713.47378998 2723.91643543 2724.65432922 2726.17254978
 2730.07401694 2730.88671011 2732.20516568 2733.45018853 2734.7097446
 2734.75797753 2738.32761415 2750.86660863 2752.48942831 2770.57520944
 2776.64029173 2780.15136218 2782.43707628 2783.66823258 2784.28719404
 2797.65731486 2797.91464602 2799.35736722 2799.49446606 2816.22545859
 2816.7949538  2817.64427999 2829.33158163 2835.08569987 2851.12419823
 2854.01730722 2854.23817203 2862.98713173 2868.30918694 2868.74771659
 2870.4578022  2873.93467294 2891.20322761 2891.49672514 2895.96548753
 2900.83667987 2905.58830655 2905.77990494 2906.39289978 2912.35598293
 2915.20382563 2915.94641938 2926.34749852 2927.66612075 2937.45873834
 2940.84354319 2950.92965831 2953.86963357 2960.09111454 2964.85384113
 2967.27665407 2967.68261732 2983.7429155  2987.33751858 2988.14284514
 2988.79420632 2989.23490261 2992.86820537 2994.70335659 2996.95533764
 2998.20546046 2999.88627964 3000.61644017 3005.94482866 3006.47929083
 3008.28624229 3008.51204039 3010.10419365 3019.88441135 3021.52983083
 3022.93245236 3025.19589998 3028.20060803 3031.59261282 3032.05874223
 3034.33675639 3034.60158749 3040.38437216 3043.98154189 3045.30956405
 3047.15388186 3048.07790742 3048.36120503 3052.49093694 3055.573711
 3057.93602445 3059.9028079  3063.35477885 3066.98664829 3068.80143301
 3072.12523838 3072.15757144 3077.29212823 3086.41981808 3092.48166706
 3105.47549105 3105.51432405 3106.72134723 3107.25614273 3109.30502549
 3111.16307652 3122.2552165  3122.4649814  3123.97746867 3124.15203387
 3128.43343117 3129.59828804 3130.18484977 3136.46496358 3141.18845717
 3141.51012113 3145.26662285 3145.83171809 3146.03304973 3146.89890911
 3147.15330697 3147.2005399  3155.1943393  3156.38086265 3157.54491952
 3164.07899786 3168.20749645 3169.23122117 3181.28058643 3182.65734151
 3186.98887173 3188.84662276 3199.59406565 3200.45685839 3200.52359116
 3204.40172519 3204.97862033 3206.40834163 3210.88640395 3213.68624705
 3216.40792415 3216.50199002 3217.22235063 3226.62097153 3231.42406445
 3234.54633817 3234.81193593 3239.29719819 3239.76169428 3250.78390152
 3282.19673716 3286.36866872 3286.78776519 3293.43204261 3294.51440017
 3312.37778317 3316.03471906 3318.27846685 3332.2703491  3340.58101249
 3341.18594073 3345.44433823 3349.47717096 3352.11108212 3354.71869351
 3361.12577293 3362.59646055 3363.76778403 3366.25316311 3373.19167138
 3375.84588238 3378.57072612 3378.70195835 3382.63592524 3387.09458772
 3387.7580488  3388.89190592 3390.31966058 3394.95202159 3413.04506933
 3413.05850255 3425.60179699 3426.550689   3438.59018768 3439.26688199
 3439.87074357 3442.6366203  3454.92088358 3461.48239503 3463.3909123
 3464.87643314 3465.71169277 3467.20914684 3472.13063875 3476.55303487
 3478.47045207 3480.17607105 3481.7581244  3495.38604305 3496.15330325
 3507.48320791 3509.39112518 3509.79428846 3517.50839021 3518.35731639
 3542.19258247 3550.57287861 3555.82103445 3560.5911943  3561.35685453
 3561.44622044 3567.51183606 3569.15378891 3585.42978527 3594.23247786
 3595.82356447 3601.74334798 3610.62433991 3618.11784352 3624.42302379
 3628.98745204 3647.0546     3647.95999238 3667.18116395 3672.03462311
 3672.11215579 3679.98355621 3680.25455393 3690.18867033 3691.12976241
 3694.1812034  3696.87114743 3697.13224523 3702.0199041  3705.45140855
 3713.73010555 3714.54916532 3715.00872812 3726.05660181 3726.58546403
 3730.58913033 3736.60404638 3742.87526027 3745.81186889 3750.03423336
 3775.59815156 3776.09944734 3786.3353612  3795.88521416 3796.62897457
 3797.75793173 3815.58074841 3821.56046476 3826.96251929 3835.15755033
 3839.76671154 3847.94354273 3858.27205581 3859.74117677 3863.4896119
 3864.6184024  3872.92733247 3878.21398798 3901.86668893 3903.13291161
 3910.71078117 3912.02093681 3920.22290112 3928.86469506 3933.71822088
 3945.06435873 3951.8768014  3953.73165245 3953.9674838  3960.62166114
 3962.02344934 3962.15038161 3964.84175896 3970.38967893 3971.0906397
 3983.90343187 4001.31258537 4010.50557467 4020.70995546 4024.14199324
 4027.53539802 4035.30216599 4037.77071188 4039.1351004  4042.97053479
 4045.59577936 4053.98870873 4069.88334163 4077.72444231 4090.24560361
 4106.47880033 4111.24222691 4112.96444575 4114.61403186 4128.97394435
 4135.09375952 4136.08775115 4146.12873332 4154.34083087 4164.69877704
 4168.32904649 4171.23318871 4172.28147989 4183.98651472 4190.02359725
 4190.17726262 4203.00112137 4203.32378532 4203.77208155 4203.81784783
 4206.51142516 4207.92241328 4211.98741241 4219.43334975 4219.87111273
 4222.11736049 4222.58698987 4224.59867294 4229.16980114 4229.57049777
 4231.77967918 4236.11760934 4240.77833678 4241.4213647  4253.40266387
 4254.52145446 4265.64049422 4269.60159422 4277.56536053 4290.80358246
 4305.26666074 4308.07467044 4310.34205136 4314.54508266 4314.66884828
 4316.47173311 4319.99140349 4350.84641049 4367.0104078  4368.10433192
 4373.78078415 4374.71277631 4376.11803115 4376.60752703 4377.49931953
 4382.92730718 4390.14397978 4403.22673635 4409.92174667 4410.39980931
 4411.88783012 4424.06012769 4433.60431403 4436.63408854 4439.39696529
 4448.27735722 4451.77436112 4457.04341678 4462.30613916 4476.80128384
 4476.9519159  4477.26864657 4480.81961669 4506.40890134 4512.95477958
 4520.74908066 4522.3795336  4549.03784259 4554.76349441 4558.59839547
 4561.06270806 4570.80832605 4571.19872276 4578.88145811 4583.05805629
 4603.9226807  4621.07036973 4628.86533746 4629.33366685 4633.80266258
 4635.84811203 4641.24629993 4661.29799785 4677.797259   4677.91935797
 4682.79425028 4683.85010806 4686.8161831  4689.60619296 4689.82409112
 4701.26049488 4746.64384628 4763.69030283 4768.50599563 4778.97527419
 4787.27830432 4801.79098219 4807.63506634 4809.98271325 4811.85269751
 4816.4126258  4820.67545659 4828.64628952 4832.75412161 4855.70366181
 4861.09738309 4870.61336967 4898.74076629 4902.69089972 4906.97319701
 4907.33509397 4907.72749067 4919.52112475 4922.94749591 4924.12035271
 4924.77594719 4928.58081517 4942.22640034 4954.75956153 4961.83646864
 4964.10108291 4964.18471554 4964.36868066 4964.78851046 4965.27340638
 4971.25775602 4987.20685513 4999.7509829  5002.7219579  5018.75005634
 5026.43559166 5027.87554621 5029.64083136 5034.67965562 5035.23035098
 5048.1252758  5048.22514163 5050.31849068 5055.38874801 5055.68051222
 5057.87569374 5065.62319521 5078.23388908 5078.54671978 5080.20907246
 5101.46142694 5109.80672338 5148.30709938 5174.40087978 5202.29711168
 5206.22564529 5225.23368532 5226.6620733  5227.70686451 5230.3259758
 5232.560857   5235.5424319  5239.40319941 5247.99309379 5258.46643898
 5262.05960875 5278.13334014 5280.94921644 5283.82385892 5287.54719425
 5299.07179727 5328.44401675 5350.22510011 5362.4933302  5363.77915271
 5364.00315083 5393.55136883 5405.99456411 5410.37109395 5412.89057274
 5419.03485437 5442.19189282 5442.65372227 5453.22183333 5455.00255168
 5457.68772908 5460.14747505 5481.83752585 5485.23233061 5496.69783412
 5503.87794036 5519.5308753  5521.26679403 5527.67440677 5533.11566098
 5536.03800305 5537.35712528 5538.45764935 5542.39274957 5543.08544374
 5568.56816262 5570.23431527 5574.11791592 5576.38963013 5586.92350815
 5586.93117475 5595.21077174 5596.09399764 5615.19633688 5615.48096782
 5627.94316295 5643.09776874 5645.70624679 5648.85138699 5669.88337666
 5675.98149201 5676.64095312 5682.17550655 5692.78335061 5706.48776861
 5727.15606134 5727.22982739 5730.95002941 5734.43083345 5738.09703593
 5748.70478    5759.47262271 5764.54068006 5773.33497272 5775.40078867
 5777.02697498 5782.88929231 5783.40998793 5788.05841548 5788.49674512
 5801.03870624 5811.19378745 5817.12407087 5864.11700873 5888.85436722
 5888.87816702 5900.76960028 5907.18824626 5908.75813305 5909.40349429
 5918.66908298 5927.82603925 5947.05207745 5947.16384318 5949.42722413
 5964.39709815 5974.16534928 6019.3565023  6026.97887148 6075.77629416
 6082.00384175 6092.22758904 6092.81895073 6093.83224221 6095.38812911
 6109.73927501 6111.96542294 6112.12818823 6114.53500131 6116.19142071
 6131.34649317 6131.6995902  6132.38148446 6165.65777108 6181.31907262
 6183.08012446 6207.56628506 6220.03511347 6244.68467269 6252.78473786
 6256.96513601 6266.95668526 6269.27336576 6279.40174719 6297.59499409
 6329.6249912  6342.18581883 6348.42139968 6364.34426568 6394.41817926
 6410.88504068 6465.98457698 6496.67605203 6509.16238028 6514.81373272
 6521.49770981 6531.06556262 6546.66696466 6588.11774916 6597.20103938
 6613.88179901 6621.39043582 6648.71250588 6648.89153771 6669.04693476
 6682.17102431 6701.64239378 6737.45749237 6752.53713214 6759.15470978
 6763.09290997 6763.74277117 6766.19648385 6766.4793148  6790.62057831
 6795.24717271 6825.31468634 6838.60250784 6850.11224432 6876.43435613
 6877.45561421 6880.37895627 6884.29868995 6889.11594941 6898.62303607
 6929.75594073 6931.41529343 6949.53327429 6958.18533482 6968.09225144
 6978.96519327 6987.55212101 6994.23273145 7009.49613634]"
301,759434_2025-02-04_E-549,MOs,True,"[  21.4060787    24.07908954   41.47664313 ... 7024.15334632 7024.19441264
 7024.80257419]"
302,759434_2025-02-04_E-562,MOs,True,"[  34.03953905   49.22897789   62.00853701 ... 7024.23534563 7024.28901185
 7024.30901168]"
303,759434_2025-02-04_E-584,MOs,True,"[  21.79137546   27.25329616   31.98748965 ... 7022.89689023 7023.55195138
 7023.73698316]"
304,759434_2025-02-04_E-585,MOs,True,"[  53.96310471   70.30616718   75.49345686 ... 7016.13808044 7016.40137823
 7019.87711564]"
305,759434_2025-02-04_E-607,MOs,True,"[  49.15324519   94.89936021  244.59296711  277.87715367  298.5099467
  377.98557787  488.72267928  502.08600015  503.83691875  520.64857727
  580.54443988  601.27159878  604.62083726  628.9755323   643.51424328
  667.76240588  692.84309482  694.92051067  695.23137472  698.52158036
  756.23279469  767.11816975  768.71305632  770.23977681  787.52909798
  793.19311698  799.09840061  807.56096273  817.73877708  825.84644218
  853.56310893  853.58420875  858.22130306  867.41545902  883.81682099
  899.20169152  931.41078712  936.90720753  956.76844039  996.52140584
 1006.21682425 1043.60027631 1052.08460491 1090.66114693 1091.43944038
 1099.70687081 1106.67557883 1114.43018024 1139.67053449 1145.155255
 1178.51870756 1184.01659463 1201.59114672 1214.5299045  1216.9192844
 1252.55978446 1284.28218416 1328.08811551 1328.09424879 1370.37599296
 1412.17914117 1496.09856827 1516.17739929 1540.25476333 1551.43030262
 1557.20758733 1591.30503371 1609.18694989 1619.28106494 1681.16947745
 1686.71016415 1691.84252096 1717.02107573 1723.92735095 1723.93368423
 1732.99740795 1789.79239665 1836.094107   1888.83872978 1888.89149601
 1888.971162   1892.35236688 1918.34568147 1974.90490549 1985.73761432
 1994.20737638 2018.83856909 2020.38708939 2030.61620331 2041.88484181
 2057.57574309 2078.82966423 2081.9268715  2100.06965215 2109.46000646
 2109.47147303 2121.5121717  2128.88170968 2144.62281054 2152.09294767
 2155.23682122 2159.09438875 2162.47329365 2162.5184266  2183.24008555
 2217.21583296 2265.69159167 2276.941697   2289.75715581 2295.56140697
 2324.08500026 2338.41561299 2389.88611317 2425.24988223 2427.29736499
 2430.19900724 2451.31732952 2486.63783227 2490.45873345 2493.83867168
 2499.62092301 2515.71952087 2526.32976491 2546.42936243 2547.64721884
 2567.92781484 2588.84943877 2589.84619705 2595.91067934 2602.80235468
 2607.5889144  2649.39949587 2650.413354   2650.45612031 2650.73285132
 2655.38404551 2677.16572887 2688.9491297  2692.39610069 2698.25828469
 2703.15041019 2710.12178485 2718.44688146 2718.45644805 2723.35364017
 2723.37337333 2741.07462437 2761.96944853 2793.70634811 2804.00076147
 2812.21935897 2815.53643106 2815.56089752 2823.0729343  2825.26951582
 2828.97381798 2833.46221354 2838.03030843 2844.8345845  2850.08157367
 2863.36452856 2870.68546695 2877.59454214 2882.48563431 2892.26441868
 2897.62877354 2902.44809965 2906.43796607 2926.69942889 2939.10972445
 2940.86907631 2941.22580664 2942.30779753 2946.44826269 2952.60104424
 2956.53784445 2959.29435458 2960.00018198 2962.77932525 2963.07782274
 2966.49426066 2967.79274973 2978.19252888 2978.20019548 2978.24502843
 2981.57080045 2986.49632566 2987.49368393 2988.10814543 3006.4273246
 3034.779186   3040.80460196 3065.7371588  3081.68729124 3084.39410179
 3109.24655931 3112.96979464 3122.07921798 3126.45721447 3132.63036252
 3133.92161832 3135.15514127 3135.3264065  3138.7205446  3145.65071961
 3159.93946603 3162.12011435 3176.54829293 3180.34269433 3183.40163525
 3191.99372961 3209.52034878 3214.20234271 3214.20904265 3235.99679263
 3236.77748606 3239.39319738 3239.58086247 3266.61566829 3268.44835286
 3276.86428204 3282.2482034  3302.99189549 3345.17377384 3345.61700344
 3346.25676473 3348.17874855 3369.20667159 3371.87011584 3372.26814582
 3384.67044145 3411.68484744 3412.32737537 3450.23968965 3475.98453965
 3484.08210484 3484.40703544 3500.10030337 3502.91124638 3530.4013817
 3532.38703166 3532.39739824 3533.83735279 3541.50272161 3541.50812157
 3541.53645466 3541.54122129 3548.39809692 3568.47859459 3581.56295115
 3582.51424314 3584.38382741 3586.57634229 3588.4522265  3616.61658948
 3635.61179629 3652.47472105 3654.80293479 3684.24692033 3690.37373544
 3691.03309656 3695.08136249 3695.12499545 3695.1469286  3695.16139515
 3702.69436509 3708.73428092 3727.2025255  3730.89939439 3733.27894103
 3734.43693129 3734.82952798 3735.15159194 3735.1603252  3736.1700167
 3757.3722716  3758.17219821 3775.20178823 3780.06251399 3795.30331906
 3798.95548832 3805.75323112 3811.31211767 3821.97209462 3847.01665053
 3877.11976386 3890.68141639 3919.73950519 3935.81786988 3964.72662659
 3976.99182337 3990.09547976 4007.16506945 4009.60741556 4046.39613929
 4058.23727298 4059.501929   4088.53285135 4103.8521891  4125.3871412
 4127.12189327 4135.45128984 4139.98041839 4145.89310197 4159.24702292
 4186.23199582 4219.71008075 4219.77444688 4222.92792034 4223.02665284
 4223.18835148 4225.96862808 4226.86535387 4271.91264143 4274.59055223
 4285.55252665 4306.0916538  4306.10132038 4307.47994211 4307.89097199
 4307.89650528 4332.46983181 4342.80767814 4352.70249487 4358.66471136
 4396.83932343 4446.53760519 4468.13879007 4478.2751381  4520.51178265
 4521.75150556 4522.07370284 4546.16610009 4557.63197027 4559.54672082
 4560.31644767 4562.87092618 4563.14242389 4566.338097   4567.05745761
 4582.18506364 4591.08518874 4595.42975217 4596.23317875 4605.93559709
 4608.00311303 4629.86402906 4630.82512097 4643.39888182 4647.6031131
 4659.17051576 4664.17907361 4670.35928826 4674.03702398 4674.6601854
 4678.45888677 4678.57738577 4680.87363311 4704.81906493 4704.83206482
 4706.51301734 4719.17874408 4723.65677307 4724.63903147 4734.24265065
 4741.36409071 4779.28300494 4791.62620106 4804.75192393 4804.76482383
 4804.77562374 4810.63207445 4810.76377334 4810.77233994 4811.01710454
 4811.02370449 4822.11664447 4822.12781104 4828.22279308 4828.4854242
 4828.49452413 4830.33227533 4842.81683693 4842.8241702  4843.41583189
 4845.4105151  4883.57292727 4883.57999388 4884.03872335 4884.23028841
 4884.76035061 4885.40474519 4886.77420033 4892.37705318 4892.92028194
 4899.60629234 4909.32091059 4913.71097364 4913.76420653 4915.48445872
 4919.11379484 4938.52886479 4954.68299551 4965.79136869 4977.32680495
 5011.21348643 5011.22725299 5011.2379529  5011.740782   5011.7562152
 5011.77594837 5019.90637995 5019.92034649 5047.18965034 5047.67177962
 5050.41285655 5064.68006981 5064.94873422 5073.07213252 5073.07943246
 5073.52272873 5073.80082639 5074.71961866 5075.15438167 5078.61525254
 5078.74315146 5080.80123414 5083.96890749 5093.33439534 5097.13103005
 5097.13753    5098.16358803 5101.6248589  5105.29706133 5116.98546297
 5118.52018338 5132.90802897 5149.22305833 5165.01955873 5165.90868458
 5169.96151714 5170.50527923 5172.31289735 5176.95945825 5176.98982466
 5202.45291037 5203.47236846 5207.94883079 5208.12659596 5217.91854689
 5219.569133   5219.71329845 5225.07365334 5234.95323686 5235.57856493
 5245.17055088 5269.33558085 5281.40281263 5285.28701327 5290.91249926
 5290.92793247 5291.04943145 5294.49750243 5296.25005435 5299.76442477
 5299.76792474 5318.41353449 5329.29804289 5330.15623567 5336.8190796
 5340.25831732 5341.69383857 5341.70007186 5341.86687045 5349.12870934
 5352.11551754 5357.69503725 5358.70756206 5366.29946484 5373.92603399
 5377.27713912 5379.4743873  5380.79614284 5383.76705117 5385.75990107
 5387.34358774 5428.71800621 5430.71458941 5430.72178935 5444.15464297
 5445.83112886 5448.33864109 5455.79207837 5455.82991138 5456.42273973
 5457.63116289 5458.42115624 5465.09070012 5470.90385119 5477.56136183
 5478.30018895 5484.70386839 5503.69837521 5510.96361407 5514.25065307
 5514.84491474 5514.85078135 5519.23727777 5520.90026378 5522.11218691
 5528.50166647 5532.161869   5532.21960185 5546.11978487 5567.43193885
 5575.45583799 5575.49010437 5575.493971   5576.19089847 5587.27193855
 5596.53376061 5596.73565891 5598.68010921 5609.75041605 5611.83456518
 5614.61087515 5614.61964174 5614.63577494 5614.65234146 5614.65760809
 5614.66587468 5614.7154076  5614.72667417 5614.74584068 5614.8019402
 5614.80974014 5614.8221067  5614.8503398  5614.87970622 5614.90293935
 5615.0122051  5615.02197169 5615.07397125 5615.1315041  5615.34613562
 5631.91046289 5645.15918473 5663.05116749 5670.36463928 5678.97680013
 5687.31932993 5695.31682929 5696.48108616 5699.52339389 5703.47579396
 5704.00478951 5706.12303835 5706.36990294 5711.05876348 5715.08156296
 5718.20497    5729.4070424  5729.44890871 5729.48080844 5729.50037495
 5737.68400608 5746.14813485 5749.19864251 5749.21847567 5750.73322959
 5752.90577798 5757.73810398 5762.57796325 5772.47491329 5775.78098547
 5777.22543998 5777.23667322 5784.95250828 5785.4893371  5799.55785204
 5803.15012181 5806.65489231 5811.2391204  5812.6174088  5813.26663667
 5814.87522313 5815.01118865 5820.63464133 5823.92504697 5823.92998026
 5823.99941301 5824.01081292 5825.04080425 5825.17753643 5835.58068222
 5837.85119644 5839.73901389 5839.75908039 5840.23190974 5845.23316765
 5854.81078705 5861.83826124 5861.92972714 5862.01122645 5868.16030804
 5870.07865856 5871.39311417 5875.15641583 5880.05260796 5880.45187126
 5884.74780178 5884.91850034 5885.0110329  5892.19273913 5893.56366092
 5896.65786821 5898.41802007 5898.87818286 5900.87313274 5903.11771385
 5903.25081273 5907.99020618 5908.52796832 5908.98796445 5922.05482115
 5924.40526804 5924.41386796 5927.47757552 5927.64310746 5929.66509044
 5932.03423717 5932.64359871 5938.56994883 5939.77093873 5948.74456321
 5948.76376305 5949.09499359 5949.09909356 5949.10692682 5954.00295229
 5964.68616238 5966.81617779 5968.47419717 5977.55238744 5982.98480839
 5985.6375194  5985.91935036 5986.14098183 6006.72150863 6006.73914181
 6008.20382949 6014.54710944 6015.35406931 6031.33106819 6034.07787841
 6034.95707101 6034.95960432 6034.98857074 6035.05453686 6041.63688146
 6054.49863989 6068.63142095 6069.33101507 6069.87644381 6069.8850104
 6079.23479839 6080.40438854 6087.82245945 6088.69695209 6090.66706884
 6106.00543976 6119.59485873 6122.88823102 6124.11158739 6128.00825459
 6130.43743415 6131.91758836 6131.96178799 6145.73440542 6146.14196865
 6151.23322581 6157.6148721  6157.72697116 6157.74100437 6157.8731366
 6161.03167668 6161.08780954 6162.12046752 6166.64979607 6166.86969422
 6179.84045173 6183.37428866 6184.14034887 6184.19371509 6184.19864838
 6184.80240997 6184.8227098  6192.48387866 6192.66764378 6192.93340821
 6192.93907483 6192.94817475 6197.03904032 6199.33525433 6203.27042122
 6212.53824322 6213.792366   6215.16938775 6216.51734307 6216.54854281
 6216.76577431 6224.18047858 6224.18691186 6224.89977253 6241.40326697
 6247.12045219 6247.13545207 6258.05389351 6258.77348746 6261.2876663
 6261.64092999 6264.03307653 6280.18117397 6282.61448682 6284.54553724
 6286.04949125 6290.32638859 6290.3328552  6294.554953   6294.61655248
 6294.74675139 6294.7727845  6297.78315917 6299.78564232 6303.67227627
 6314.67731699 6320.14280433 6320.22087034 6322.82708174 6328.66183264
 6328.67699918 6329.1293287  6331.42420939 6331.66617402 6337.05509534
 6337.15759448 6342.40751696 6346.11948572 6348.93209539 6350.72734694
 6350.96311163 6372.40236454 6380.19183232 6390.81627624 6390.84977596
 6390.86534249 6391.22280615 6391.23000609 6427.82669811 6428.96958849
 6435.67653204 6441.28938481 6448.97312015 6448.98525338 6450.05351105
 6451.13970191 6453.77314642 6460.02592713 6465.1584506  6467.1193341
 6467.82239485 6499.23613049 6502.30260468 6505.40411191 6506.45073644
 6512.98528144 6517.55524299 6521.25114522 6522.3537026  6527.9663887
 6531.16272847 6531.22802792 6534.82269767 6534.83086427 6536.19435279
 6542.05223683 6547.46745792 6548.3970501  6548.55791541 6549.51867399
 6549.57970681 6549.64340628 6549.65977281 6552.98847813 6554.95349492
 6555.13132676 6555.15292658 6555.66788891 6555.69768866 6558.00343592
 6560.87734507 6561.47044008 6566.46916468 6566.47623129 6566.59346363
 6566.60979683 6569.65907117 6569.67640435 6569.679071   6570.17003353
 6571.09389243 6574.35059835 6574.45529747 6574.47139734 6583.20895714
 6583.62215366 6584.09734966 6589.93883383 6592.28108079 6592.4339795
 6592.56807837 6595.47948721 6605.02440688 6609.53866889 6616.93530664
 6619.93684805 6620.36724443 6620.4342772  6631.11318733 6643.15705264
 6650.61212323 6651.63204798 6657.50643188 6661.12766807 6661.15096787
 6661.40289909 6661.413299   6661.42433224 6677.06123398 6677.09696701
 6677.15989982 6681.35163121 6682.94371781 6688.34793899 6688.36097222
 6703.10124817 6709.16523047 6713.39739485 6727.9914387  6733.75905683
 6742.89454662 6745.83672186 6746.06025331 6749.79318856 6752.21140154
 6755.13837691 6756.33920014 6756.67569731 6759.48544033 6763.38930748
 6763.57443925 6764.84409523 6764.99872726 6765.83815353 6765.8503201
 6766.46311494 6768.29669951 6769.10029275 6774.95011018 6774.98944319
 6774.9960098  6775.63627108 6776.02486781 6776.21633286 6776.65769581
 6777.45582243 6782.69531167 6785.65228679 6788.18906544 6793.31028901
 6800.10123186 6800.60559428 6808.93459085 6814.29487907 6816.76815826
 6832.12299571 6845.57368251 6849.08575295 6861.37394954 6861.80977921
 6867.20990043 6869.15748404 6869.18518381 6869.27491638 6875.95846014
 6877.15588339 6877.16904995 6877.90221045 6878.2090412  6878.21367449
 6878.52980517 6880.27325716 6880.95441809 6881.05935054 6881.07245043
 6881.60784593 6883.71622818 6896.24042279 6896.65195266 6896.66078592
 6899.13159846 6899.47009561 6918.90596538 6924.82371557 6925.09374663
 6925.10917984 6926.59726731 6937.27134415 6942.89253018 6943.04992886
 6943.16886119 6947.17829411 6950.92759589 6951.08826121 6955.62602302
 6958.06736914 6961.01444434 6962.14296818 6962.17230126 6963.35815795
 6964.1481513  6964.9248781  6971.7852537  6972.60331348 6972.61551338
 6975.21915813 6977.79240314 6977.80513637 6977.9635017  6978.17936655
 6986.22763216 6986.34559783 6993.73376899 7000.66791063 7002.28716367
 7002.29396361 7004.65427708 7016.18481338 7020.68860881 7020.71647524
 7021.78446626]"
306,759434_2025-02-04_E-612,TTd,True,"[  44.30955262   45.34951053   46.79023174 ... 7014.77172527 7014.7765919
 7016.51001064]"
307,759434_2025-02-04_E-613,TTd,True,"[  39.27896162   98.96699264  100.32228124  122.1868639   186.18929195
  201.74269439  246.25898643  261.17566089  283.35790755  298.16624959
  314.72497691  329.15358882  332.1940299   335.12983852  341.03855546
  341.32058642  354.7151737   360.72442313  363.26016846  365.136086
  365.32778439  366.64007335  373.60014811  373.61091468  374.01991124
  391.33213221  392.26749101  412.62628634  414.24273941  426.40020376
  430.97906523  432.47775262  433.40784479  439.05149729  442.40286909
  453.4566094   475.56838998  476.14458513  488.32148266  517.07334069
  527.34225427  527.35198752  530.8241583   547.01695536  551.69668265
  555.78174827  569.70233112  588.84890332  616.64330275  650.91708098
  653.25416131  659.50310873  663.14731139  690.04185172  706.77367758
  730.11828112  734.44717803  751.8470316   752.73605745  765.34331802
  789.65561341  830.15263927  840.81081624  841.10221379  841.34517841
  844.26085388  864.47205045  865.42270912  893.81107021  896.73824558
  935.05562312  935.96124883  967.14275308  972.05134511  978.28905928
  982.61498954  989.87806175  998.07332612 1033.32686277 1053.80652376
 1060.79636493 1063.60750794 1075.72300598 1087.03224414 1088.04226897
 1088.08513528 1125.87478392 1156.75519071 1199.40096516 1204.15929178
 1210.56017124 1237.91230773 1249.54194319 1265.8877723  1272.28665178
 1282.94612874 1305.67373747 1310.89956016 1314.10896649 1316.28964813
 1347.13018859 1373.43456722 1380.79370529 1386.79915475 1393.30306669
 1393.43823221 1468.69916551 1468.8672641  1471.01267938 1480.60386533
 1490.12708519 1515.31160658 1543.85426637 1560.30619459 1562.07584636
 1571.28196888 1584.37565869 1602.50410613 1602.51227273 1602.53640586
 1611.41333115 1611.47223066 1667.40455995 1669.35717686 1669.36404346
 1697.66397197 1704.50898103 1729.6048365  1730.8009931  1739.31875475
 1745.43636994 1761.13220451 1761.32466956 1762.62275864 1782.53272441
 1818.1391581  1821.28056499 1830.28588921 1842.08718989 1853.05196429
 1866.82171507 1872.43593449 1881.37745924 1889.94835378 1893.4553576
 1895.89417041 1908.81666166 1912.31666554 1913.42992283 1913.61502128
 1918.32478164 1918.79624434 1918.81234421 1920.64266214 1927.1070744
 1928.11813256 1931.19687332 1935.26207244 1960.45299377 1968.31752759
 1968.63955821 1971.74016545 1972.80215651 1983.49809984 1985.52714943
 1998.25874228 2000.39409098 2043.76835929 2045.74607598 2050.84833304
 2050.85463299 2052.14652212 2066.31293623 2072.86601442 2073.72940715
 2074.15953686 2075.21042802 2076.49548387 2076.6584825  2095.32825872
 2095.52039043 2098.58983127 2099.98835283 2100.9036118  2105.19314236
 2106.24666683 2108.77727887 2110.31143262 2111.65558798 2112.20308337
 2113.76213692 2116.53038029 2118.21159947 2119.67525382 2120.48048038
 2121.86170209 2124.01575063 2125.90243475 2129.23324005 2131.32172248
 2131.3586555  2135.05519106 2139.78905122 2141.93049986 2144.84884197
 2145.83406701 2153.92813223 2154.21356316 2155.0053565  2157.73780017
 2158.91529026 2159.15325492 2161.28993694 2169.24803664 2181.40403434
 2190.93195415 2205.20320072 2205.3400329  2205.71109644 2223.33691478
 2241.86002556 2252.77186707 2256.22480467 2258.05732259 2285.19096091
 2288.38293404 2299.15401007 2304.52339821 2319.79310304 2326.65187865
 2435.62289493 2451.12909777 2469.77017423 2477.46840944 2492.1520192
 2493.32650932 2538.02283317 2539.60601985 2552.33077943 2579.81228149
 2603.78924637 2606.4323908  2607.47248204 2614.74278753 2625.46923059
 2626.72568668 2646.34465491 2691.82040554 2713.66328838 2713.668955
 2716.78269547 2731.93523461 2745.76865153 2748.35962973 2750.66517699
 2751.13433971 2752.14656452 2752.1770976  2753.48918656 2760.95885703
 2769.13545489 2775.28220316 2780.49439263 2784.74212355 2784.81575626
 2786.47664228 2792.94758783 2793.31251809 2793.79524736 2802.08501093
 2806.04817758 2807.71543021 2808.65698895 2809.4159159  2810.07934365
 2811.4443655  2813.89854484 2818.00651027 2819.9086276  2821.5674803
 2821.97517687 2822.47820597 2828.64755406 2831.17669944 2832.41725566
 2834.82653539 2835.80832713 2836.10062467 2837.22224856 2840.180757
 2844.75065187 2848.12809011 2854.19897236 2858.02940679 2864.18522165
 2873.48451006 2874.98709741 2875.11239636 2877.20767873 2877.53760928
 2878.798632   2882.77023191 2883.45015952 2884.19375327 2887.45439249
 2893.48267509 2898.36930064 2898.93502921 2902.40653333 2905.62153961
 2905.86847086 2906.16606836 2906.65236426 2911.20535928 2911.29389187
 2922.62469651 2923.22945809 2928.59917957 2931.20889094 2938.85005997
 2943.3055558  2943.98058346 2947.81328454 2958.51606113 2961.67070125
 2962.47599447 2966.3936615  2968.26161245 2969.60896778 2969.84189915
 2981.69473274 2984.22967807 2984.28927757 2985.13553711 2987.95901335
 2989.62116603 2994.06792861 2994.7298897  2997.51423294 2999.32851767
 3001.86242968 3002.74582225 3004.18524347 3005.86222935 3007.91781205
 3007.94501182 3008.76913822 3011.6552806  3012.35017475 3012.54603977
 3014.30619162 3017.57926408 3017.95189428 3018.91631949 3019.35504914
 3025.5814634  3026.34159034 3026.70585394 3028.49810552 3028.83336937
 3032.96650125 3039.08238312 3048.42223785 3053.69369349 3054.74728462
 3059.63337684 3060.18300554 3066.90851561 3069.674759   3076.16477105
 3076.34320288 3078.34491937 3082.15515397 3086.47448428 3088.16013677
 3090.05922078 3091.30121033 3091.50974191 3092.22060259 3096.89886322
 3104.0269699  3104.26743455 3117.48162334 3120.33016604 3151.36873816
 3154.7978093  3165.72338402 3181.84718167 3188.28472749 3191.18813639
 3194.14194486 3198.30444317 3207.6878642  3209.90131224 3213.39204953
 3215.41679916 3219.61106386 3220.782854   3224.9530189  3228.49272245
 3229.09721736 3231.51893031 3236.93108477 3237.00278416 3246.7971684
 3250.61536961 3251.29349723 3251.677394   3259.22069719 3268.55101867
 3277.6059758  3278.80506571 3293.85840569 3298.57776597 3301.26987665
 3307.67352276 3308.98287841 3316.91027836 3320.11775137 3320.98914403
 3329.12060894 3336.00321768 3350.62512796 3356.11164846 3367.05662302
 3370.80559147 3371.09945566 3381.69879979 3471.86950762 3479.48194355
 3492.26286933 3512.96552844 3583.94753108 3605.49801639 3627.48389803
 3663.07429851 3684.33078629 3717.12274366 3730.42166508 3777.35140347
 3796.0908791  3904.8093975  3909.68302315 3926.65034703 3950.41301372
 3958.1508486  3998.78144    4001.52928354 4006.47194195 4007.86073026
 4013.91851261 4014.42670834 4021.40901624 4022.66487234 4025.29598353
 4026.90463666 4027.80822906 4029.80681224 4032.2310585  4038.36724019
 4041.09035061 4041.47301406 4042.15040836 4042.66683734 4045.81004423
 4053.04598333 4062.13404018 4063.24223086 4065.46441216 4069.27764673
 4071.64629346 4075.24979647 4080.55135186 4080.74131692 4080.7678167
 4084.79341616 4085.07244714 4085.95670637 4086.99983092 4091.93332274
 4095.87105626 4096.42055164 4100.3587185  4107.60822416 4111.95345426
 4116.58831525 4119.2009266  4133.55803911 4146.73186157 4146.89542686
 4154.2704648  4156.86727628 4159.0991575  4163.02119116 4173.98509889
 4174.10073125 4175.65508483 4206.23729413 4216.61674012 4217.25143478
 4243.58141319 4247.51754673 4276.28347132 4276.37357056 4285.34946169
 4292.51606804 4295.53514264 4298.96778042 4299.15251219 4302.24221953
 4303.58304158 4304.31870205 4307.17001139 4317.76635555 4318.14275238
 4318.38295036 4319.18431028 4320.98822843 4322.98814494 4325.70042211
 4325.78308808 4332.71526308 4334.09008484 4338.28694952 4339.20420847
 4358.86064305 4371.5767027  4381.40208668 4387.43946921 4402.57144186
 4406.04047933 4416.41459203 4420.58659025 4421.88957929 4423.52309887
 4435.55593094 4436.12892612 4452.83595219 4472.6590187  4584.63800966
 4597.81143213 4619.42391692 4680.86426652 4718.65894846 4832.08386059
 4849.78744493 4855.56026302 4906.08980445 4983.18252233 4994.29866212
 5042.79292067 5049.80246169 5158.83484411 5227.27893478 5259.52413008
 5260.05139231 5262.60680414 5274.64713615 5288.82071687 5298.75469993
 5325.34564282 5334.94482871 5335.14909365 5335.31642558 5353.3155741
 5356.08348414 5371.36535554 5374.83595966 5375.84761782 5376.65914432
 5384.84137546 5403.2269874  5424.52854147 5425.39136754 5438.14802685
 5456.47940592 5466.32922303 5466.47402181 5468.54547104 5477.60556146
 5489.43796188 5511.60604199 5511.63330843 5516.16110366 5516.48420094
 5519.94537181 5520.58819974 5538.56784843 5548.56309764 5551.97066897
 5558.4544144  5570.04888349 5570.60801212 5579.51907046 5581.64791922
 5586.36581284 5591.61250202 5592.04219841 5592.130231   5607.87289852
 5620.93155529 5622.99393793 5632.05676166 5637.78224681 5637.878746
 5639.23006796 5653.48421467 5656.93821893 5658.75093701 5663.7553949
 5683.31829693 5687.44659552 5697.12618073 5761.62100463 5770.24313207
 5775.65178655 5775.79165204 5804.10808041 5807.83274907 5830.71362318
 5835.14665254 5843.81471292 5844.06857745 5986.19171473 5988.50479527
 6012.89469001 6022.58930843 6055.47433168 6120.26458643 6121.32771081
 6129.86017234 6130.46176728 6189.31077203 6192.86224214 6193.81426746
 6195.30518825 6209.06097249 6212.31797841 6223.70174928 6230.08126225
 6266.591255   6266.65328781 6308.18230499 6335.88250521 6362.94011083
 6363.04714327 6364.10696768 6366.96954359 6386.82237652 6387.46983773
 6417.28135352 6421.67061658 6426.9477055  6535.2148277  6542.06373673
 6561.10467649 6581.94130114 6585.47403807 6626.8985228  6655.69328047
 6688.35717225 6697.01633271 6714.06458924 6730.14382059 6764.60996387
 6785.62968698 6797.92868347 6818.97123972 6849.30788442 6926.66836672
 6926.67446667 6965.18684256 6980.99027623]"
308,759434_2025-02-04_E-614,TTd,True,"[  22.43827001   28.79694983   35.06286377 ... 7020.93227343 7021.96749805
 7024.18227941]"
309,759434_2025-02-04_E-616,TTd,True,"[  24.77465035   24.80008347   24.80691675 ... 7024.35207798 7024.38284439
 7024.41747743]"
310,759434_2025-02-04_E-617,TTd,True,"[  20.64868507   39.66435838   44.71091591 ... 7021.85656565 7021.97126468
 7023.43241905]"
311,759434_2025-02-04_E-622,DP,True,"[  20.58341896   89.70967055  105.00400851 ... 7002.39936273 7004.20668085
 7022.42179423]"
312,759434_2025-02-04_E-624,DP,True,"[  23.35286232   30.81403286   39.06633008 ... 7021.52886841 7023.87318201
 7025.06493865]"
313,759434_2025-02-04_E-625,DP,True,"[  20.25135508   20.27338823   22.32223766 ... 7024.41414413 7024.88217352
 7025.02633897]"
314,759434_2025-02-04_E-633,ILA,True,"[  21.4617449    24.57195206   26.28190433 ... 7008.41977873 7010.17709727
 7014.94765713]"
315,759434_2025-02-04_E-634,ILA,True,"[  20.84935005   21.31121283   22.13800587 ... 7024.23734561 7024.46157706
 7024.79104095]"
316,759434_2025-02-04_E-642,PL,True,"[  49.30167727   64.57544874   67.60055661 ... 7023.90744839 7024.587576
 7025.02133902]"
317,759434_2025-02-04_E-665,MOs,True,"[  21.71247612   46.57936685   58.65586522 ... 7024.70174171 7024.87017362
 7025.09967169]"
318,759434_2025-02-04_E-688,MOs,True,"[  22.04713997   23.54769401   23.89212445 ... 7023.07118876 7023.1933544
 7023.89901513]"
319,759434_2025-02-04_E-689,MOs,True,"[  20.26685495   20.67768483   25.39454513 ... 7024.13441315 7024.54530969
 7024.99853921]"
320,759434_2025-02-04_E-699,MOs,True,"[  20.26292165   20.3568542    20.44785343 ... 7021.95576482 7022.80609099
 7023.13658821]"
321,759434_2025-02-04_E-716,MOs,True,"[  20.65581835   20.71508452   21.08421474 ... 7022.35432813 7022.74839148
 7022.88675698]"
322,759434_2025-02-04_E-722,MOs,True,"[  22.84189995   23.55116065   24.25202142 ... 7023.59505102 7024.05054719
 7024.86310701]"
323,759434_2025-02-04_E-733,MOs,True,"[ 508.92760924  750.67984142 1054.40081875 ... 7018.66749249 7021.08763879
 7021.4623023 ]"
324,759434_2025-02-04_E-736,MOs,True,"[  37.60044241   37.62850885   45.25617799 ... 7022.75889139 7022.91432341
 7023.73144987]"
325,759434_2025-02-04_E-744,MOs,True,"[  22.53236922   27.71715892   37.24551207 ... 7020.86134069 7021.86399892
 7022.01249767]"
326,759434_2025-02-04_E-753,MOs,True,"[ 171.42771618  198.70715327  233.18572978 ... 7012.77580874 7017.63906781
 7020.74590833]"
327,759434_2025-02-04_E-770,TTd,True,"[  29.09364734   39.16249594   56.46565032   57.32030979   57.44747539
   63.12402762   63.13936082   63.14432745   63.26322645   74.3388999
   76.12961817   81.42747358   84.18135041   88.94997694  133.99273121
  142.75935744  142.78669054  145.63273326  145.662733    148.86973935
  152.87510564  162.11789452  209.58109509  259.0284123   273.07396076
  276.17493467  283.937636    287.22704165  291.23894123  293.76648662
  295.01604277  295.91596853  296.65472898  296.68916203  296.75276149
  297.23339078  297.98988441  298.05991716  299.31923989  300.77032768
  301.77748587  304.15806584  304.62239526  311.89983402  316.32093015
  316.48406211  317.0595906   342.82337378  345.53661761  350.60924159
  350.82507311  356.2998937   356.31472691  356.50029201  360.78142265
  372.70202233  374.91813701  385.41698199  415.73372686  430.60033508
  438.08463876  442.45210201  442.59746745  443.67839169  445.94577261
  449.76354048  449.78024034  456.7562483   458.75923144  459.83738903
  463.86112184  463.99328739  464.27861832  465.22114373  474.15023525
  479.44085739  483.9749859   484.81757881  497.16504157  498.39439789
  504.89034322  511.5351873   523.72871802  528.89730785  529.26243811
  534.80689145  535.93664861  537.05740585  539.50355193  540.05104732
  540.83104076  565.57049923  567.17685237  567.5265161   573.07110277
  574.46945767  575.28688412  587.897178    587.90477794  591.95174388
  592.9511688   593.50609746  596.47040585  597.24136603  597.51179709
  597.69859551  598.0613258   623.53971138  629.49376127  629.50456118
  631.98174033  635.99223992  636.02360632  660.7737647   661.39612613
  672.51119925  676.01246979  679.36397492  682.27481709  685.21465901
  691.92853585  697.35799015  700.56626315  706.80887729  709.46245495
  710.19498212  718.62151121  719.26507246  720.8014262   724.47996191
  745.42158567  745.70111665  755.85043124  756.16672858  756.6512245
  757.66581596  763.94266314  764.88795518  766.27817681  785.61468075
  788.78678739  788.80608723  789.85541173  790.40684042  790.80437041
  792.29502453  793.21238348  806.48707177  807.09080002  807.55126281
  812.75108572  813.25041485  815.12589906  818.40300482  819.87805907
  820.24442266  820.52725361  825.15728131  828.74838442  832.62538513
  835.40819504  845.65730879  847.34552792  848.10225488  848.42451884
  853.48220961  854.26263637  855.20546177  858.28130255  858.71646556
  865.65947379  873.30534278  873.80503858  874.30786768  874.37523378
  874.40523353  874.53726575  875.01112843  879.84932104  881.31840868
  882.93766172  883.34885826  883.35972484  886.16450123  888.22245058
  900.19234985  901.6710374   901.6829373   901.83486936  902.55792994
  906.47306366  912.04125013  913.08360802  913.35680573  932.68244309
  938.55252702  954.636225    967.21011918  967.93844639  972.6865731
  976.97300369  978.50175749  978.51229074  978.53019058  978.60848993
  979.23405133  981.9546951   982.19519308  982.23789272  984.62493929
  985.77936291  986.41435757  988.18624266  990.49902319  990.50812312
  990.97051923  992.3246745   994.11682608  994.12322603  994.13192595
  994.3124911   995.18475043  995.48068127  999.26398276  999.32198228
 1000.88540245 1001.96306005 1004.42787264 1004.43913921 1013.21583202
 1017.87385948 1019.48517926 1023.6030446  1025.70976021 1029.06369865
 1030.17868926 1040.29027084 1049.48822676 1051.05734689 1058.59308347
 1058.6301165  1064.4042679  1066.57748295 1069.61109075 1070.88234672
 1074.85114665 1076.17020222 1076.19350202 1077.67292291 1107.0754088
 1116.25746486 1123.58623652 1134.42431197 1148.72805827 1149.55251799
 1150.43607723 1151.08133846 1155.14247095 1158.91943917 1162.6701076
 1165.83344765 1166.36490984 1166.38590966 1166.3934096  1167.80216441
 1175.37016739 1175.82179692 1197.00978528 1197.12635097 1208.56695469
 1209.0202842  1209.02715081 1209.22254917 1211.72046148 1221.01581659
 1221.84327629 1226.14294011 1229.0950486  1230.59736929 1232.52091977
 1232.55041952 1237.54874412 1238.60713521 1239.01043182 1244.52911871
 1255.98222232 1261.04007976 1273.75767273 1287.35185833 1296.71201289
 1300.67941284 1302.86092781 1306.53416357 1306.59909635 1306.6096296
 1316.39071395 1327.34752174 1327.57608648 1328.94977492 1332.06144874
 1337.84580006 1351.76544958 1352.08314691 1352.46687701 1352.80804081
 1353.48760176 1360.99813855 1361.00757181 1361.38536863 1362.43609312
 1363.5394505  1366.43342614 1366.89692224 1367.63988266 1368.28014394
 1380.06684474 1389.87416221 1389.88042882 1394.57258934 1396.0740767
 1409.81712771 1418.04615846 1421.39599693 1421.43466327 1421.4630297
 1423.46994615 1424.2520729  1424.60190329 1430.10745695 1437.34829602
 1437.57769409 1441.68365953 1442.68908441 1442.72111747 1454.85561535
 1454.86668192 1460.66689978 1463.19167853 1466.26691932 1466.77048175
 1466.80021483 1469.86975566 1470.43418425 1471.39820947 1472.32726832
 1491.37630801 1497.80842054 1505.40032332 1507.56847174 1508.05020102
 1531.89123372 1558.66290842 1558.67540831 1567.45770107 1570.43694266
 1583.21766844 1600.13822604 1600.5912889  1613.6968786  1614.80173597
 1615.8635937  1618.90013482 1627.61776145 1628.74408531 1631.77892643
 1631.86932567 1653.83114085 1658.80836563 1661.10861294 1662.29060299
 1662.30106957 1662.55520077 1662.97079727 1663.35669402 1663.37426054
 1663.37979383 1668.28901918 1668.60818316 1669.16987843 1691.06432751
 1691.07276077 1699.58638913 1700.38718239 1700.60808053 1701.34210768
 1702.13473435 1702.14480093 1702.34739922 1704.36538224 1706.06576793
 1715.52562165 1715.53492158 1716.92090991 1719.34288953 1724.46707974
 1728.60637824 1736.16931459 1736.34807975 1747.33118732 1751.63541777
 1752.20744629 1756.16394632 1756.83100738 1758.70382495 1764.70600777
 1764.73154089 1765.73363246 1783.67791478 1793.17403486 1794.45375743
 1802.51502292 1803.71647947 1805.05966817 1812.96780162 1813.13826685
 1824.76603566 1834.45485412 1843.25334675 1843.26544665 1845.70592611
 1860.01717234 1861.98845575 1866.78374872 1867.40481016 1869.98372179
 1876.89016367 1877.68109035 1881.61779055 1885.80602197 1886.95647896
 1901.58232254 1905.18822553 1913.97058495 1921.50952151 1927.79103531
 1938.76117632 1950.28114604 1950.28527934 1951.82469972 1958.32531168
 1965.97284732 1968.44149321 1968.45349311 1969.32491911 1972.07459597
 1996.55952325 2002.67757176 2019.50733013 2023.74286115 2027.71562772
 2028.80471855 2045.6759099  2047.40526202 2050.53216904 2056.74871672
 2056.79131636 2057.15164666 2058.48980207 2059.11986343 2062.95833113
 2065.33001117 2097.93327013 2106.47679823 2110.49983104 2112.95001042
 2114.03633461 2116.25241596 2117.25164088 2159.43635254 2168.44781004
 2176.4177763  2183.02912066 2183.33201811 2183.62768229 2203.87127859
 2205.26303355 2206.26189181 2213.92976061 2219.35298164 2221.43763076
 2235.09038253 2235.12128227 2256.37313676 2265.15639618 2281.3575265
 2283.09307856 2307.02861046 2307.07521007 2327.50110484 2339.80960126
 2353.12252255 2359.74330017 2360.07916401 2360.08923059 2371.87389808
 2388.7012898  2389.74281437 2396.99502001 2398.67193923 2402.1650765
 2402.47590722 2402.53000676 2404.14219319 2429.42121379 2437.29054756
 2437.62831139 2481.00987964 2482.44956752 2482.46636738 2483.93495502
 2485.42984244 2501.56753997 2503.21839274 2515.96718545 2516.90204425
 2516.91184417 2536.05821637 2541.74866848 2541.81336794 2541.89526725
 2542.19713138 2543.92298352 2592.91130459 2610.02029394 2627.17728288
 2693.68608984 2705.66275571 2708.49183191 2714.817612   2715.19057553
 2716.21093361 2719.35407383 2726.39541457 2727.55940477 2727.57560464
 2730.07995023 2735.26960655 2741.38918839 2747.09244039 2757.90608272
 2768.08753037 2770.56637618 2770.98560598 2779.10380433 2779.24073651
 2783.21660305 2795.59176557 2796.35669247 2798.08447793 2801.41244992
 2804.0612943  2805.79891301 2810.43264068 2816.36455742 2818.15580902
 2830.14007483 2831.36909782 2835.83569356 2851.47372863 2855.65699342
 2855.67065997 2879.56869219 2883.02936307 2898.5285993  2908.07601895
 2909.22610927 2915.58355577 2915.6429886  2915.93218617 2918.59989705
 2919.32115765 2919.58165546 2931.91331834 2935.4474886  2935.45228856
 2941.08464116 2945.18563998 2945.54443696 2953.81513403 2970.50549357
 2976.22824541 2976.30127813 2983.43761807 2983.44281803 2995.30551819
 2996.87617164 3006.42149131 3010.90938688 3020.52043933 3036.39713905
 3050.93798335 3071.77770797 3076.78126586 3086.41558478 3099.88703808
 3100.16406908 3101.59849034 3102.39741695 3104.94002889 3107.37974169
 3113.11642674 3114.40241592 3114.52534822 3115.18924263 3127.37817339
 3127.60500481 3134.24218229 3136.80822736 3145.04325806 3148.76212676
 3161.08485639 3161.10022293 3161.28035475 3161.41592027 3161.97981553
 3163.98359866 3188.96758841 3196.87552186 3196.88935508 3198.06147855
 3198.07187846 3198.9538377  3232.45782241 3234.36717301 3234.3764396
 3241.60291212 3257.94524125 3260.18378908 3268.93138213 3275.1809962
 3323.2306585  3389.70413242 3395.80518108 3396.00641272 3410.75248862
 3411.0758859  3414.9736531  3448.00864175 3464.64960171 3466.64225161
 3466.65581816 3466.66538475 3468.49236937 3484.26360331 3511.66020609
 3515.74643837 3516.41153277 3524.46359834 3548.69666107 3582.1984458
 3590.48750937 3593.2851525  3595.0913373  3598.94337155 3602.0740452
 3608.1102944  3625.45388178 3633.07995093 3641.50981332 3642.65410369
 3645.8220437  3707.74612257 3715.90348726 3718.60573118 3719.1181602
 3724.99704406 3738.24466591 3750.32779756 3751.74805227 3756.47661248
 3763.06262372 3783.45755208 3788.96207242 3795.51305063 3796.88757239
 3834.4556229  3842.84871894 3847.06665011 3858.01622462 3860.69136878
 3927.94610279 3933.50272269 3935.6292048  3958.63904449 3977.54061875
 3980.72195865 3990.0001139  3995.94986383 3996.44509299 3997.14092047
 3997.55318367 3997.73701546 4024.95441974 4070.1014398  4070.11277304
 4080.13808867 4102.53730016 4120.57621502 4123.9101203  4132.77644568
 4132.80921207 4156.14168238 4172.56147754 4175.97128217 4190.34599453
 4196.86450634 4203.56734994 4214.20289376 4233.61326375 4245.26823233
 4256.95146734 4266.74298494 4272.76383427 4277.22976335 4284.64246764
 4311.32500976 4321.0044283  4323.12947708 4329.37895782 4333.55142271
 4345.49002224 4353.06082519 4366.93454177 4392.21072905 4398.40811023
 4429.15808479 4442.12920896 4477.71484282 4484.44961947 4498.40566869
 4505.92917204 4511.71585668 4523.50155749 4537.41284042 4559.75821904
 4561.63450325 4568.01254957 4582.79189186 4585.89483242 4589.23737095
 4604.63790802 4614.37622606 4650.74198669 4661.42956341 4674.37045451
 4676.18807254 4720.12133615 4730.02441948 4772.32239685 4772.68529379
 4773.71968509 4786.48767764 4809.76638173 4817.36468446 4820.75548925
 4856.71488663 4867.07733276 4882.91013285 4885.60781015 4892.61061788
 4895.73579158 4912.82948106 4913.14374508 4913.91663858 4914.32836845
 4920.56794927 4926.78763026 4927.35282551 4927.47022452 4941.17120922
 4941.18020914 4983.58171897 5004.8807064  5004.89237296 5004.90537285
 5020.16207779 5022.84078858 5029.05563628 5031.17155181 5034.80988786
 5035.17211814 5054.51178872 5102.19342078 5103.02944708 5123.06731178
 5136.57393145 5140.0692687  5160.74976133 5168.42693005 5168.57029551
 5180.30053013 5185.11045632 5200.23969566 5206.27764485 5207.90383117
 5223.77039764 5242.42464065 5251.4418981  5257.12278363 5295.34186199
 5316.25158602 5318.2386693  5331.11352761 5379.57491978 5380.09891537
 5389.16760572 5410.28806131 5430.61099028 5436.0428779  5454.2400581
 5533.13572747 5540.07543574 5544.67603036 5547.16067611 5563.02840924
 5566.35354793 5568.44213035 5620.20012811 5664.07722552 5696.16498882
 5703.61385946 5703.70312538 5710.35730271 5713.61520863 5747.80352091
 5832.25041024 5834.59922381 5857.16506724 5869.09430018 5888.55100311
 5915.92633939 5955.19324227 5963.79930318 5984.0759992  5985.59588641
 5998.81380851 6010.33774486 6013.1657544  6028.93758833 6059.34046581
 6077.76461076 6079.46189647 6086.46890417 6093.28911344 6093.78234263
 6093.95887447 6094.20453907 6096.63331863 6097.54637762 6098.49776961
 6112.32908654 6112.34491974 6113.96000615 6116.03715534 6128.76281491
 6134.64046545 6136.50588308 6138.22620194 6141.9296041  6141.94157067
 6144.70161411 6155.58728917 6159.87995304 6164.00561832 6168.20028302
 6172.59517937 6174.57089607 6187.22688957 6192.88964191 6194.09779841
 6194.27493025 6198.29852973 6199.97184898 6199.9808489  6200.4243785
 6200.51507774 6200.52141102 6200.88984125 6200.93867417 6206.52719381
 6209.09777218 6209.10837209 6209.8275327  6224.20744502 6225.57766682
 6227.07045426 6234.36262622 6244.46010791 6259.80121214 6284.48577107
 6287.31004731 6290.97044983 6291.19884791 6291.30168038 6297.51596142
 6311.94980661 6319.82834031 6330.98921305 6349.38005828 6353.85205398
 6355.17024289 6379.89366816 6383.80666856 6384.49989606 6441.69804804
 6453.75344658 6457.60708082 6460.85685347 6468.3667236  6493.21231451
 6498.31647156 6535.258894   6540.05865361 6550.00403658 6554.93716173
 6557.13867653 6558.43006567 6589.70096917 6598.42559575 6598.43679565
 6641.27946844 6656.84570411 6661.51309816 6661.81619561 6661.82809551
 6669.41303168 6671.38658173 6678.98138449 6691.80080994 6695.23838101
 6701.57556101 6701.5844276  6702.50945315 6708.1198726  6710.03848979
 6715.36157833 6717.59115956 6718.32552005 6719.22314583 6727.11277943
 6731.4539429  6731.55530871 6735.53214191 6744.96266255 6751.30430918
 6761.10749335 6766.41731533 6771.98380181 6776.45863082 6782.22754894
 6785.64485352 6796.32103034 6799.17080635 6805.37088751 6808.21869688
 6826.59227558 6826.85427338 6830.06901299 6830.62654163 6846.26534336
 6851.58653191 6854.12524388 6857.30425046 6864.50582319 6864.70805482
 6868.48032307 6869.74324578 6871.68196279 6872.97561857 6875.48759743
 6878.54273839 6880.35702312 6885.09574991 6890.21914013 6894.21910646
 6901.04448236 6902.11564001 6902.27693865 6910.66600139 6910.67170134
 6914.15323871 6920.80331607 6921.5525431  6922.19557102 6930.66456642
 6931.3522273  6939.13992843 6954.54439879 6961.13724331 6965.27504182
 6970.20943363 6989.91886776 6990.38029721 7010.5423942  7013.43453653
 7013.44290312 7017.67013421 7022.89255693]"
328,759434_2025-02-04_E-771,PL,True,"[  22.13770588   38.99513068   62.72759762 ... 7021.43913583 7024.30514504
 7024.70124171]"
329,759434_2025-02-04_E-774,MOs,True,"[  20.43405355   21.28551305   24.17148876 ... 6691.26404779 6709.32922909
 6710.35368714]"
330,759434_2025-02-04_E-786,MOs,True,"[  20.51015291   20.60325212   20.69695133 ... 7023.40821926 7024.56087622
 7024.57320945]"
331,759434_2025-02-04_E-789,MOs,True,"[  51.21662783   70.65516424  147.41258495 ... 7013.16253882 7019.09738887
 7024.37091116]"
332,759434_2025-02-04_E-793,MOs,True,"[ 164.40877525  280.9000949   284.28036645  287.57220542  293.07272579
  295.03874258  295.31127362  302.05038357  383.34773274  405.3469476
  410.07074118  413.11561556  446.90773118  500.79161105  589.05946822
  603.75417789  604.43213885  609.98402546  655.9733051   689.75125417
  709.13975767  736.35242866  764.23016072  779.56009837  790.5675724
  811.05363334  838.75146691  850.67866653  858.32266887  874.20246857
  893.19167543  894.4073652   909.87656835  917.2572729   992.57793903
 1063.39287641 1092.67916329 1166.03957925 1166.69640705 1198.9091693
 1213.13221627 1252.97154766 1331.35405469 1345.63750115 1346.56752666
 1355.8825816  1359.41511854 1374.44275874 1390.21445934 1396.57603914
 1411.80444432 1435.69564326 1441.41326181 1451.67510878 1456.80023232
 1477.79878894 1551.90503195 1561.97234723 1626.16737366 1724.34798074
 1737.10614004 1743.65428493 1745.22913835 1754.19419623 1754.83672416
 1780.15147779 1796.41660757 1805.76699555 1813.99495964 1820.97656755
 1863.43297692 1959.94766469 1969.79154852 1970.99933835 2019.60399598
 2021.22498234 2057.54644334 2086.01297044 2090.91456253 2115.87908577
 2123.93438465 2124.54114621 2182.8622554  2188.02161198 2219.24048259
 2228.95983413 2246.74968441 2303.60963924 2330.53531264 2345.21585576
 2375.1474372  2399.62423121 2400.44182433 2425.43674732 2480.68898234
 2553.08097312 2593.32010115 2640.04737457 2675.16611236 2675.97113892
 2704.01703623 2727.83813576 2742.68754413 2768.1792296  2781.51428404
 2782.8380729  2791.16873613 2791.65789868 2799.81793001 2812.16732608
 2813.17611759 2828.1909579  2841.93600889 2859.89739107 2862.09083928
 2874.15990437 2918.45459827 2918.57013064 2930.4847637  2931.79045271
 2948.29471382 2956.79407562 2971.04362237 2971.21452093 2987.24171939
 2995.89501323 3000.42550844 3004.6916392  3020.08140969 3034.83991882
 3043.48117943 3055.3398463  3060.91803269 3062.58181869 3080.92999761
 3091.83593916 3095.85507201 3101.8286884  3120.96929399 3130.91721027
 3131.33327344 3147.57063679 3154.85404216 3155.2730053  3179.20233726
 3185.24958637 3191.71506529 3209.69454731 3233.94577656 3246.93753389
 3251.24399765 3254.19547281 3264.19055536 3268.79354996 3270.83643277
 3277.31511158 3289.11197897 3297.73937303 3315.90715347 3319.41322396
 3326.48883108 3335.41735595 3343.52948768 3354.31989687 3357.97059948
 3359.27678849 3365.63613497 3371.60915137 3385.45833482 3385.85053152
 3390.22989466 3400.49690826 3418.03946063 3420.88370336 3421.56943092
 3444.29543967 3445.55749572 3456.34140496 3464.83973344 3469.98835678
 3480.17243774 3481.39702744 3482.34541946 3486.08092135 3486.99598032
 3490.41838485 3491.77157346 3493.37842661 3496.69623202 3503.90987131
 3507.57474047 3510.91094573 3512.88629577 3513.27905913 3516.72733011
 3519.64913886 3519.69797178 3524.08926816 3538.41668092 3544.92475948
 3545.78821888 3546.65424493 3547.31877267 3548.4950961  3553.15695687
 3558.79537608 3566.28507972 3570.84740799 3575.38033651 3577.46381898
 3611.96692861 3624.82155377 3657.46541238 3659.28039711 3666.19313893
 3666.65586837 3670.4782362  3680.39758606 3686.34156937 3689.86930635
 3692.8536479  3710.51586593 3714.74806365 3714.89786239 3715.78038829
 3722.98009437 3728.11931779 3752.63601146 3758.26713074 3780.5206768
 3794.93272218 3796.08934578 3803.73511477 3805.42560054 3807.67304829
 3808.35364257 3820.00831115 3821.95812808 3825.65213032 3849.70222793
 3852.27050631 3874.2869877  3874.5240857  3890.25178668 3952.60382861
 3967.94046621 3997.96898017 4003.31860182 4004.5173584  4009.86294674
 4011.29163472 4015.60809839 4025.9689112  4028.19695912 4047.15729955
 4057.62871143 4059.72299381 4059.79982649 4062.98436636 4064.33532166
 4064.82265089 4065.48517865 4068.44692039 4087.51385993 4089.56687599
 4099.72669048 4100.87408083 4118.40873326 4119.50329072 4122.79469635
 4128.47138191 4131.07309335 4140.7679451  4143.16902489 4157.49190435
 4159.57918679 4160.92957542 4163.11559036 4171.13358955 4180.62570967
 4181.48363578 4186.55052648 4188.9117066  4196.02261343 4202.86232253
 4218.98345353 4221.72836377 4222.76605503 4226.60938936 4242.11822551
 4244.6263044  4251.56537934 4263.10878219 4264.67473568 4272.32403797
 4272.49700318 4273.91872455 4283.37077834 4291.94470619 4300.37706856
 4304.16353669 4310.39498425 4312.45960021 4342.32198223 4342.61771308
 4352.95595941 4356.5258627  4358.6797779  4365.18815646 4378.2671464
 4384.57422665 4389.1196884  4391.95636453 4395.48113486 4397.71528273
 4411.11513663 4417.35711743 4428.815921   4440.25292475 4445.19901646
 4462.94006716 4468.04782417 4474.77873419 4482.47133612 4496.66908331
 4498.58876715 4503.38422679 4509.95577149 4511.23326074 4511.49132523
 4511.55209139 4513.56140781 4518.22750188 4521.5832403  4543.16592534
 4548.86684403 4551.60455432 4552.30221512 4562.26773125 4564.18851509
 4572.27234706 4582.2760962  4596.10737981 4598.22456199 4602.85948965
 4606.74389029 4609.48286724 4615.40775071 4617.78153074 4619.3547175
 4621.70993101 4635.62354725 4640.25814158 4646.63108795 4650.72332018
 4651.09311707 4700.95623077 4701.61392524 4718.32988456 4721.53672424
 4721.71622273 4722.45714983 4724.37126705 4725.24335971 4758.85797683
 4759.36653921 4764.10633266 4765.54592054 4771.84986749 4783.53170252
 4790.44347768 4792.06309739 4793.84478239 4797.27265354 4797.53485134
 4803.62876672 4806.04234641 4806.58494184 4810.8356394  4811.50863374
 4824.61679009 4835.45336556 4841.25665006 4843.11850106 4854.1086419
 4857.96180947 4872.2141562  4877.88954177 4879.50986147 4885.75330893
 4893.03028102 4893.89497374 4897.70087505 4909.57237514 4911.0976623
 4913.48990884 4915.02292927 4917.50387506 4931.56315674 4933.8771706
 4935.41815763 4936.69988018 4942.93912767 4948.05931792 4951.48355577
 4952.92164366 4954.1686665  4961.00520897 4997.0736721  5000.72464137
 5006.45892645 5011.58188333 5014.45859246 5020.97997091 5036.33330837
 5062.13195792 5064.03930854 5064.6854031  5067.25364816 5090.3044875
 5094.14995514 5106.83628171 5109.35399386 5123.7431061  5129.63485651
 5131.33970883 5132.89572907 5145.61422204 5155.13067528 5165.7481526
 5170.88770935 5172.27736432 5177.32212186 5180.38822939 5189.07288964
 5197.21962108 5203.36043607 5204.19006242 5215.85316427 5237.17661815
 5240.64092233 5251.08790108 5258.61597106 5261.31724833 5261.43448067
 5266.79173559 5270.26853966 5275.16273181 5281.96370791 5282.76306785
 5287.774759   5288.81648357 5307.11359626 5309.70394112 5317.47727571
 5322.89033015 5330.77323048 5333.61150659 5336.88154574 5338.22403444
 5347.86202    5376.32981376 5381.13290667 5381.14763988 5382.1791312
 5398.15953005 5400.23444592 5411.36871889 5415.02388812 5417.56416675
 5430.72782263 5435.04705295 5436.92000386 5448.73117112 5461.67282888
 5482.99474944 5488.75163433 5490.30588791 5532.48799959 5536.37583354
 5538.82791291 5556.98592676 5572.62359516 5578.55881188 5578.85114275
 5588.25413029 5608.38416088 5627.9683294  5638.72297223 5652.62268859
 5676.52012081 5706.68556695 5709.71970808 5737.12844409 5739.93185383
 5748.82007903 5771.27319007 5774.41646362 5807.20718766 5810.55475949
 5814.33589434 5817.68333283 5818.84218975 5830.7268564  5831.99584572
 5837.88532949 5880.8512679  5882.84485113 5884.53320358 5916.19013717
 5925.53819184 5927.72317345 5929.9664879  5935.61107373 5940.16050211
 6014.89617317 6047.04393596 6049.89697861 6050.43817406 6051.47156536
 6060.28635785 6062.44877298 6063.93996043 6064.98055168 6100.93821574
 6114.79246581 6121.17887873 6123.97708852 6135.62172386 6143.9580537
 6144.3464171  6150.11653521 6185.01430819 6189.06550743 6212.98640612
 6241.21973518 6243.72724741 6245.89686249 6252.39180783 6257.92586126
 6271.9464766  6274.20955755 6276.39030587 6278.30712307 6293.01153266
 6295.5807777  6317.85115695 6319.98370567 6322.38385214 6325.89095596
 6337.46942518 6349.44919103 6356.67923019 6363.44253994 6379.09750819
 6382.39784708 6383.23460671 6387.96210026 6389.47718751 6391.40447129
 6406.88144104 6408.79669159 6415.44936894 6440.37319252 6444.17492719
 6464.99521864 6468.95165201 6470.46290596 6478.29104008 6481.76004422
 6492.24752263 6501.77027583 6522.5248345  6522.5961339  6545.6955395
 6547.63055655 6550.76079687 6560.2004841  6569.66123782 6582.12729957
 6591.66408598 6606.00936526 6606.62159344 6616.91274017 6635.32931851
 6690.03829144 6691.81634314 6694.44902098 6721.8083574  6753.52899046
 6767.11580945 6799.86796715 6801.22718905 6814.99703983 6838.19367795
 6842.11577828 6843.30790158 6847.33793433 6849.39938365 6868.04072677
 6870.26434139 6870.76107054 6874.63003798 6875.43103124 6877.64201264
 6880.77958623 6882.06200877 6909.80934193 6925.4579769  6926.02683878
 6933.21234498 6953.04354475 6957.51774043 6959.71088864 6969.53050601
 6972.44898144 6989.95496745 6995.15779034 6998.16396504 6998.98199149
 7006.07163182 7016.85680773 7017.5092689 ]"
333,759434_2025-02-04_E-803,MOs,True,"[  58.77739753   59.06742842   65.95707044 ... 7021.6207343  7024.60537585
 7024.72650816]"
334,759434_2025-02-04_E-813,MOs,True,"[  24.22838828   30.76663326  126.19073021  149.12020391  233.77035819
  247.28121116  277.34852479  295.37417309  331.48463587  334.12444698
  339.62506736  349.35195217  380.39962422  386.4654065   414.6914023
  421.55004458  456.0823873   472.59961497  499.35742312  546.5968589
  546.69682473  546.78505732  557.56136663  561.84349726  563.74921455
  573.98779506  604.18397427  653.34509388  656.93616366  698.82137784
  716.32043057  719.23660603  723.89636682  730.08351475  758.11717883
  790.58227228  793.34044907  811.00376709  816.7658186   820.33052193
  824.45165392  825.8078425   904.79677776  913.97330054  936.05721469
  941.07897243  941.35777008  944.53114337  971.5810824  1032.01074051
 1052.35323599 1057.06862964 1061.10392901 1068.31626831 1085.3897913
 1099.5379389  1106.55187987 1136.81949182 1185.3261836  1189.87777863
 1195.20476714 1232.25648866 1249.19694609 1275.21399381 1282.28840094
 1285.00511141 1299.35502398 1318.65112826 1338.30612952 1390.74908818
 1438.67325153 1443.40594504 1505.32082399 1597.49151498 1632.48968712
 1673.0440125  1795.0543857  1815.05871736 1942.64497697 1945.1058896
 1952.5750934  1970.1381456  2018.40377275 2020.70865335 2091.68132274
 2102.01386912 2112.40221503 2124.59361243 2144.22284724 2160.97890623
 2161.8815653  2167.12205453 2174.52709221 2174.87555594 2181.61439923
 2209.56459735 2213.57336361 2238.55915334 2239.53341181 2252.36060386
 2262.6263508  2263.75640796 2263.7668412  2275.21504486 2275.22651143
 2275.36787691 2276.94723028 2284.90859662 2307.36644095 2307.43700703
 2307.44410697 2307.44900692 2307.67120505 2307.72190463 2343.67153542
 2346.51944479 2346.5382113  2350.08504812 2370.4302769  2380.51749201
 2382.61084106 2385.35571796 2398.95397019 2411.8729948  2420.13015864
 2431.34563093 2431.35059755 2431.39286386 2431.75736079 2448.00629072
 2448.34415454 2448.80101736 2454.48950282 2489.74613945 2495.16452718
 2514.594797   2516.75547882 2522.59706299 2522.59872964 2523.99158459
 2548.28848011 2558.28322934 2570.24862864 2613.25343339 2622.82565284
 2623.6502459  2642.89081731 2645.79682619 2659.82077484 2746.35854657
 2759.30130431 2768.8761904  2776.43872676 2787.6267326  2787.75226488
 2792.82702217 2833.58444584 2836.96695071 2866.20503799 2869.18701289
 2871.00746424 2881.3975768  2891.81752244 2895.53955778 2904.13765209
 2906.82079618 2914.67343009 2917.41280704 2917.74407092 2929.68557043
 2929.87366884 2935.18592414 2937.4874381  2948.30958036 2959.44401999
 2997.30770134 3003.86424617 3004.8546045  3015.17571764 3028.53543854
 3033.40399757 3040.11407444 3045.49516248 3053.03199906 3057.33719616
 3066.98804827 3068.95209841 3068.96109834 3071.28507878 3071.65604232
 3080.90146452 3127.39757323 3130.82327773 3188.91485552 3190.00461302
 3192.18072804 3198.64710695 3205.03008657 3205.37225035 3223.31966598
 3223.32403261 3225.54238061 3242.37410563 3246.86446784 3250.37533829
 3253.48221215 3261.8411418  3285.02208005 3288.59358333 3290.33906864
 3315.62872248 3317.13447647 3321.92993612 3321.9320361  3322.74389593
 3354.34769664 3362.9511909  3365.76476722 3366.0248317  3369.69770079
 3372.67194243 3387.75761547 3402.63709025 3410.96818681 3417.64739726
 3426.4636564  3429.50989743 3437.00180105 3447.8056768  3457.12073174
 3458.83835062 3473.40446137 3481.9277563  3491.35937693 3496.25850237
 3496.58859959 3497.01039604 3503.73780609 3507.57390714 3511.85613777
 3519.26697541 3522.90194482 3532.87329423 3547.6401033  3554.02278291
 3554.02984952 3559.45393721 3569.77665034 3571.84726624 3594.85247264
 3599.17930289 3607.49819955 3615.79576306 3615.92232866 3617.91684521
 3618.09237706 3621.47751524 3621.86297866 3627.68372968 3627.97532723
 3629.02821836 3631.71262911 3639.6310958  3639.70149521 3643.6233622
 3647.04003345 3657.67351063 3670.21103845 3670.90843258 3680.71355007
 3687.53932596 3690.53036745 3698.51066696 3701.11564504 3707.03166192
 3709.92400424 3715.12896044 3716.74511351 3716.99314475 3721.043844
 3726.71539627 3733.2983742  3736.97964322 3742.33036486 3751.96315046
 3753.61240325 3753.98713343 3754.55176201 3755.06182438 3760.06701559
 3766.5898607  3786.42019382 3786.56579259 3789.38156889 3794.26082783
 3801.80669766 3810.26899311 3812.59437354 3812.98977022 3813.53269898
 3818.6204895  3818.62955609 3822.05239395 3822.07662708 3831.1131177
 3842.23212412 3845.75326116 3846.52975462 3848.22070706 3849.77292733
 3854.34588885 3856.74246868 3864.5503363  3870.21172199 3876.79913322
 3879.50221047 3893.05119645 3894.42145159 3910.29361801 3911.0909113
 3912.31270102 3912.83722994 3923.07154381 3932.02710178 3932.0321684
 3939.34167355 3942.06281732 3971.88213304 3979.84766601 3990.61240875
 4000.23406111 4004.52395834 4008.64922362 4011.02517029 4018.61943972
 4019.86919587 4036.55245547 4036.56198872 4037.13405057 4049.11491641
 4049.27238175 4054.41930511 4070.55176934 4074.05017323 4098.99259666
 4110.07213675 4136.01475176 4138.2561329  4145.05090905 4149.22584059
 4151.81105216 4152.49351309 4161.72140209 4167.28035531 4182.6180929
 4203.07365409 4204.88743883 4222.65348931 4227.68811361 4242.59522149
 4242.89925227 4256.92446757 4259.7804102  4265.95262493 4273.32806286
 4274.28632146 4309.49339184 4317.77105551 4328.18686785 4345.39748968
 4372.62722719 4383.34717031 4398.26261146 4405.71758205 4418.99473698
 4420.20966009 4452.13919139 4460.73808569 4462.14077388 4462.56290366
 4473.01534903 4475.84639187 4482.34850382 4485.63550949 4489.69750864
 4502.15133717 4502.32266906 4503.03572973 4512.13115318 4517.29060976
 4559.93785086 4565.50090404 4587.44715269 4594.75639117 4616.99773733
 4620.15014414 4625.55929862 4627.96164507 4633.56776455 4640.69907121
 4642.2446582  4650.17065816 4650.49045547 4667.25048109 4667.27611421
 4674.91688324 4679.74750926 4695.17661274 4702.63571664 4711.3387434
 4712.32480176 4714.82084743 4715.07647861 4720.16846909 4722.04641995
 4749.04482608 4752.42873093 4752.89262703 4753.09245868 4761.72588602
 4767.93806708 4768.46192934 4832.77335478 4865.40688015 4892.97381483
 4918.15360292 4939.59325583 4945.22720842 4958.2757986  4972.64274436
 4973.02774112 4975.2569557  4988.49521096 4992.46854418 4997.58803443
 5000.23204552 5052.51543885 5056.89150203 5081.88855833 5086.720351
 5088.99183188 5090.18052188 5090.47208609 5109.2415948  5122.48295003
 5146.28608305 5148.10360109 5152.03500134 5153.53425539 5159.16207469
 5197.52795182 5237.17001821 5274.3234722  5279.36909641 5290.09510614
 5301.22504581 5314.99742991 5331.22186004 5331.58362366 5386.74032615
 5404.12467985 5410.11206279 5457.41196474 5468.65647011 5576.46189619
 5577.71788562 5596.07993109 5602.79760789 5603.06030568 5705.44524405
 5734.23540177 5812.90043975 5857.36586555 5983.89220075 5988.35699651
 6036.60559047 6053.5501812  6055.81362882 6123.41859322 6139.17926058
 6161.49933941 6170.45409739 6174.09283343 6183.7891185  6226.38356004
 6273.03843408 6315.02704738 6318.24285365 6335.00987922 6406.81334161
 6407.51406905 6441.34235103 6445.94114566 6468.38595678 6474.28720711
 6535.28499378 6547.24482646 6550.22770136 6552.67694742 6584.0882164
 6591.14275704 6615.94638163 6641.70083156 6662.83765368 6683.19498236
 6686.76541898 6762.48434842 6785.46278838 6821.30445342 6904.06722359
 6982.6855953  6985.1286414 ]"
335,759434_2025-02-04_E-835,MOs,True,"[ 107.54962042  243.45551002  293.52068869 ... 7018.6698258  7019.19618804
 7019.20378797]"
336,759434_2025-02-04_F-3,OLF,True,"[  20.29278525   20.48191784   20.54925091 ... 7024.87957584 7024.9478089
 7025.01790862]"
337,759434_2025-02-04_F-4,OLF,True,"[  20.5672175    20.65445049   20.80461657 ... 7023.67144727 7023.70944712
 7024.44024424]"
338,759434_2025-02-04_F-11,DP,True,"[  20.70565029   20.76441673   21.00451578 ... 7021.86238774 7022.0839202
 7022.15941991]"
339,759434_2025-02-04_F-17,ILA,True,"[  20.87278296   22.06991157   22.29497735 ... 7023.67331393 7023.99624599
 7024.0442458 ]"
340,759434_2025-02-04_F-18,DP,True,"[  20.94998266   21.57564686   21.94914538 ... 7023.55744772 7024.28687818
 7024.63894345]"
341,759434_2025-02-04_F-19,ILA,True,"[  20.32691845   20.3920182    20.40968479 ... 7022.55415168 7023.0973162
 7024.18457858]"
342,759434_2025-02-04_F-21,ILA,True,"[  20.8883829    23.32153997   26.608027   ... 7016.35607614 7016.99770694
 7024.87580919]"
343,759434_2025-02-04_F-22,ILA,True,"[  41.8544335    68.58182802  100.84580069 ... 7017.86853684 7018.18190227
 7018.23713538]"
344,759434_2025-02-04_F-40,ILA,True,"[  23.7439383    24.18136991   25.87629655 ... 7004.61948912 7014.81791554
 7019.60462999]"
345,759434_2025-02-04_F-47,ILA,True,"[  20.34148506   20.43345136   20.48535116 ... 7024.96640883 7024.99734204
 7025.05294182]"
346,759434_2025-02-04_F-63,PL,True,"[  20.30295188   20.32418513   20.34721837 ... 7024.83254269 7024.85910925
 7024.95190889]"
347,759434_2025-02-04_F-65,PL,True,"[  20.35295168   20.93088274   22.3070773  ... 7024.13581211 7024.29181149
 7024.43151094]"
348,759434_2025-02-04_F-67,PL,True,"[  21.60984672   22.66694255   23.47920601 ... 7019.07069876 7019.65982977
 7023.78851348]"
349,759434_2025-02-04_F-68,PL,True,"[  20.70871695   21.24294817   21.43411408 ... 7024.68350994 7024.80650946
 7025.00134202]"
350,759434_2025-02-04_F-71,PL,True,"[  21.13331527   21.41191417   21.76587944 ... 7024.71807647 7024.85050929
 7024.94370892]"
351,759434_2025-02-04_F-78,PL,True,"[  20.39891817   20.44035134   20.64858385 ... 7023.62954744 7024.33697798
 7024.53757719]"
352,759434_2025-02-04_F-79,PL,True,"[  20.30355188   20.44518465   20.52135102 ... 7024.61144356 7024.84180932
 7024.98934207]"
353,759434_2025-02-04_F-80,PL,True,"[  21.47748058   21.56204691   21.70251302 ... 7005.02092087 7008.02967567
 7023.08724958]"
354,759434_2025-02-04_F-86,PL,True,"[  20.32161847   20.39661818   20.43025138 ... 7023.71248044 7023.84281326
 7024.23511171]"
355,759434_2025-02-04_F-87,ACAd,True,"[  40.64283828   61.25479027   83.8676677  ... 7022.61065146 7023.0574497
 7023.21931572]"
356,759434_2025-02-04_F-92,MOs,True,"[  20.80621656   20.92434943   21.10841537 ... 7024.0279792  7024.21667845
 7024.42807762]"
357,759434_2025-02-04_F-93,MOs,True,"[  20.75281677   21.11428201   21.24728149 ... 7024.39464442 7024.92577566
 7024.98247543]"
358,759434_2025-02-04_F-94,MOs,True,"[  33.91186484   44.68195567   44.97258786 ... 7010.77486483 7023.50408127
 7023.5970809 ]"
359,759434_2025-02-04_F-100,MOs,True,"[  20.62285062   20.91608279   21.06474887 ... 7024.90464241 7024.92144234
 7024.94050893]"
360,759434_2025-02-04_F-104,MOs,True,"[  30.69384421   33.34320042  107.81693985  130.30028446  164.75481515
  172.40208497  205.48238776  242.96537317  291.05921671  314.14372561
  395.48507127  414.71526205  435.56841309  462.64567289  504.25827534
  573.09600368  620.52911649  662.77111646  663.34188087  677.0438268
  709.7398311   744.48112733  751.69073221  777.13919845  793.81319932
  826.54670347  837.34516086  840.74761409  848.55268329  852.27093529
  852.87556623  854.28196068  857.13951607  862.51099488  867.31330926
  868.39573832  881.0360551   894.52676853  952.56250616  956.40065768
  969.83153801  983.2828516   996.98376419 1019.40510904 1043.31408136
 1043.38031443 1060.83977886 1071.33127079 1079.76220419 1090.12869661
 1101.3152858  1109.67241948 1121.3000736  1178.72578031 1184.53955736
 1225.0306309  1228.10085212 1235.46875638 1236.2999531  1238.15794576
 1245.99688149 1247.11724374 1250.81059583 1273.03897478 1317.42626627
 1319.94825632 1354.43132024 1356.88834388 1376.14530121 1380.31658475
 1415.98271067 1431.7934816  1439.12298601 1445.92862582 1454.28992616
 1514.98785329 1523.67335234 1545.34600015 1550.56884621 1563.48712856
 1609.46178046 1623.41685872 1677.84064394 1686.70107564 1691.77385562
 1705.99183285 1707.5822599  1710.18201631 1713.63690268 1715.27539621
 1719.85127815 1721.07110667 1721.73317073 1727.02138319 1731.75356452
 1750.37739102 1754.90340649 1755.01630604 1760.07321942 1765.90026309
 1784.80718848 1793.48905422 1797.02460693 1797.30670582 1802.13208677
 1814.04260644 1831.33007155 1841.01053335 1853.76911633 1870.18401822
 1898.16307447 1903.84108539 1906.90083998 1914.92580831 1916.76743438
 1926.79632814 1928.50532139 1935.7346262  1946.14315179 1965.18930996
 1977.08046303 1983.96433586 1989.89684578 1993.5925312  2010.85169642
 2016.0350093  2017.09120513 2020.28132588 2041.82624085 2044.29739777
 2063.78708752 2079.31645957 2083.36027694 2084.90617084 2085.02243705
 2085.45353535 2090.49468212 2095.41282938 2096.59959136 2099.65694596
 2116.45514634 2119.73406673 2138.79509151 2151.95060626 2154.48916291
 2156.28858914 2158.34004771 2166.15388354 2177.67783806 2181.69092223
 2196.91169549 2206.63392379 2217.47311435 2224.46625342 2229.67849951
 2252.29721025 2255.40733131 2259.98374659 2270.4456053  2271.54013431
 2274.01589121 2278.31907423 2285.57077894 2291.09875713 2291.58562187
 2317.68125222 2318.35618289 2319.40037877 2320.31604182 2340.4756956
 2341.52535812 2353.46444434 2370.51871037 2408.54836029 2432.39389952
 2436.67111598 2449.81999742 2456.96403589 2489.34004146 2499.77523361
 2515.11963972 2523.65890602 2536.90125376 2556.81097519 2573.39147643
 2585.78276086 2597.09164956 2602.26279582 2606.56124553 2617.36006958
 2621.11948807 2630.47545115 2633.5960055  2647.70584982 2693.44873597
 2696.68788985 2697.17832125 2710.25476965 2712.951559   2734.70093984
 2752.05143803 2752.34800353 2756.55705359 2760.30907211 2769.06130424
 2776.86477344 2781.58715481 2786.26376969 2798.66475408 2803.4570685
 2808.82398065 2810.30744147 2815.59788726 2818.46530927 2820.23916894
 2824.34018609 2825.59068115 2826.37541139 2852.15954297 2862.03840398
 2882.46335671 2883.72605173 2917.38355224 2930.95576534 2936.55670991
 2938.84130089 2940.94549259 2950.25592251 2952.02401553 2952.06508204
 2974.71015934 2981.19846707 2982.05346369 3001.48752033 3013.24664059
 3037.13017967 3081.04703969 3096.10488027 3099.52026679 3103.36721828
 3104.39791421 3106.43883949 3119.6368874  3127.21802415 3130.95990938
 3133.10443425 3137.97828169 3147.84084277 3148.44270706 3153.92308543
 3160.51255942 3161.36838938 3174.80440302 3175.12063511 3176.24893066
 3180.66094658 3181.38674371 3185.62826031 3186.48285694 3197.869812
 3204.39998623 3205.3963823  3218.7168964  3220.01245795 3237.01449085
 3242.99890057 3255.82634995 3260.50859814 3282.69347725 3293.99823264
 3298.21348267 3299.86790948 3313.98792042 3319.46499881 3337.62279381
 3377.01580502 3377.20143762 3378.05280093 3379.68336116 3381.10682221
 3396.30549556 3435.37824137 3440.40748819 3445.83150012 3445.85546669
 3447.88592534 3455.89289374 3459.65964554 3467.17204923 3485.75087591
 3486.02890815 3487.08637064 3490.7451562  3492.70928178 3496.50040016
 3498.99329032 3499.98478641 3504.25906954 3512.62553652 3523.60912651
 3531.51666197 3537.29950581 3537.87317022 3538.27516863 3541.44672278
 3580.93366695 3595.533776   3596.8514708  3597.15203628 3603.88930969
 3608.98492292 3618.61491825 3623.56049873 3634.12422371 3637.02427893
 3672.55990536 3694.78771764 3711.01645359 3715.84613454 3721.75697788
 3733.62869769 3739.01200978 3742.63969546 3750.22859885 3761.34958829
 3775.58586545 3776.68012779 3780.89064451 3799.39987147 3804.94791624
 3812.33682041 3818.92069443 3830.69344797 3851.72276498 3852.34112921
 3862.23595683 3870.21772533 3875.07477283 3881.82381286 3888.7730521
 3897.65215039 3904.45615688 3921.12959108 3939.83685058 3951.05817297
 3959.15037436 3964.09298819 3977.82986731 3984.53374086 3985.66726972
 3990.81528274 3991.13848146 3992.62734225 3995.46306439 4000.0486463
 4005.57565782 4012.04513229 4012.72442961 4019.7619685  4052.22924037
 4055.59822708 4056.16182485 4069.14810694 4073.44465665 4079.01843465
 4079.9868975  4081.15009291 4085.58780873 4090.24535701 4090.62145553
 4095.96280112 4099.93991876 4105.09706507 4106.57855922 4108.07048667
 4117.50804943 4118.376246   4122.83536174 4126.58544694 4126.736913
 4133.35165357 4140.22802643 4149.28532402 4154.88083527 4164.04109912
 4174.18002578 4194.15194696 4198.15199784 4208.66042304 4220.6050759
 4223.60469739 4225.62032277 4228.75351041 4245.79930981 4254.02444401
 4254.97420693 4257.23109803 4274.49749655 4288.37874177 4296.19097761
 4296.53757624 4298.32030254 4303.92171377 4316.63916358 4317.7917257
 4333.02019893 4337.32481528 4339.6925726  4349.10666878 4350.26436421
 4355.51874348 4357.48696904 4358.38643216 4363.26061293 4364.83817337
 4365.01710599 4368.57502529 4372.29134395 4378.68731871 4383.74423209
 4387.03415244 4399.42367021 4406.12117712 4407.14173975 4423.75590752
 4424.50480457 4442.03386872 4447.28794799 4447.42564745 4450.78563419
 4463.12425216 4464.91981174 4473.79571005 4475.91113503 4476.41029973
 4478.04452661 4479.31628826 4483.1063733  4483.81977049 4489.59971434
 4500.96300283 4501.42600101 4507.88540885 4508.36680695 4511.27469547
 4519.4617965  4527.76469706 4551.93336835 4560.84883317 4561.71912973
 4571.38779158 4577.00653607 4583.34961104 4598.95194947 4625.19234591
 4630.88039013 4642.62544378 4642.73561001 4647.34545849 4650.40644641
 4662.42229899 4664.75132313 4667.45647912 4671.66332919 4691.61401712
 4704.02640147 4708.39938421 4712.32740204 4718.54394418 4729.54940075
 4751.58571378 4759.42464951 4759.89094767 4760.83621061 4765.61195843
 4770.92413746 4771.02797039 4776.21108327 4776.77501438 4779.84936891
 4804.23167269 4805.93506597 4806.12296522 4817.9116187  4835.3045834
 4852.84194752 4854.31077506 4854.53880749 4855.42793731 4857.02133103
 4870.02761303 4872.28433746 4892.36075823 4898.00466929 4902.57021794
 4904.22161142 4913.9830729  4930.38267485 4940.79606709 4947.47827405
 4948.73626908 4969.23048821 4972.56807504 4978.80228377 4991.74533269
 5011.58252107 5028.32088835 5042.94476397 5050.6478669  5058.59346888
 5063.2834837  5070.90458696 5071.19071917 5076.40253193 5096.66961862
 5104.19208893 5109.7326004  5110.03963252 5111.46242691 5117.52483631
 5119.9956599  5126.07276925 5133.63867272 5141.65397442 5143.40543418
 5145.81152468 5155.35868701 5157.10001347 5158.71617376 5161.11533096
 5162.67252481 5171.8737885  5174.28577898 5177.06710134 5181.85304912
 5184.61093823 5189.52361885 5191.40564475 5191.54977752 5198.26218436
 5198.53721661 5198.80348222 5199.15188085 5199.73591188 5205.35062305
 5208.85410923 5209.09954159 5209.42730697 5225.80790899 5228.03150021
 5230.18642504 5230.535257   5237.01149811 5237.39896325 5238.82145763
 5239.82138702 5244.65910126 5252.53110353 5254.32479645 5287.65626491
 5298.49758879 5314.06302737 5321.23093241 5323.04652525 5335.14837749
 5336.69640471 5337.28700238 5349.22978859 5354.31506852 5361.75880581
 5362.17890415 5374.73212128 5379.06193752 5380.27463274 5382.63579009
 5387.70773674 5395.31054007 5404.25030479 5408.60948758 5453.06554548
 5456.56429834 5457.80069346 5458.59405699 5459.87231861 5470.79294218
 5476.42621995 5478.7204109  5478.80777722 5478.97100991 5480.51937047
 5483.21565983 5485.45298433 5494.8798138  5513.1830749  5516.2402295
 5521.83194077 5528.42998139 5533.30752881 5536.99781425 5537.77537785
 5539.07270606 5539.68763697 5544.65915068 5547.36410667 5553.71221495
 5556.10500551 5557.1726013  5560.5508213  5564.55683882 5567.33539452
 5569.80635144 5573.20487136 5579.56797958 5590.66123581 5594.65202006
 5597.82027422 5601.48765975 5607.21560381 5613.10941388 5616.01503575
 5616.27490139 5621.46258092 5626.60816061 5626.77899327 5644.46015683
 5649.29443775 5671.41071714 5675.48013441 5691.20243903 5698.03551207
 5703.287958   5705.73504835 5706.86014391 5712.79558715 5717.26993616
 5718.24313232 5718.80079679 5719.98625877 5732.81000817 5739.57518147
 5742.3879037  5742.51613653 5743.82539803 5753.27982738 5756.73701374
 5775.10537459 5783.42804174 5791.67097588 5791.95177477 5798.818781
 5800.91247274 5811.38053143 5818.74180238 5821.49182486 5836.9043307
 5839.46105395 5856.63295285 5860.48377098 5868.17170731 5872.80645569
 5889.87665499 5901.64800853 5917.76574493 5926.57934348 5926.67577643
 5929.11960012 5940.1556899  5942.6572467  5947.68832684 5948.83885563
 5953.84480255 5958.2139853  5960.51710955 5968.50534469 5976.49561316
 5977.65267526 5984.43688182 5986.83940567 5995.60337108 5998.72985875
 6002.3137446  6002.37977768 6012.39530482 6012.53843759 6026.25058347
 6028.04854304 6044.38161192 6054.49223869 6059.03242077 6059.16645357
 6060.04728343 6066.06559301 6072.25390193 6075.96135396 6085.36995016
 6085.40175004 6086.43251264 6088.64850389 6088.81386991 6092.4973887
 6100.72092292 6106.31593417 6108.91225726 6108.9277572  6117.31142411
 6121.89360603 6122.13363841 6123.36903354 6126.41672151 6138.12887529
 6139.12717135 6143.80988621 6149.86689564 6153.77288022 6163.92770681
 6165.06533566 6167.36565991 6172.09120793 6178.14491737 6183.16816422
 6185.6819543  6189.67970519 6191.40136506 6201.89049033 6209.66499298
 6213.93800945 6219.19275538 6220.09821848 6230.48994413 6237.72484891
 6239.76997418 6241.01933591 6246.63108043 6246.88834609 6249.93310074
 6252.75482293 6256.95707302 6258.6770329  6264.16631123 6268.32956147
 6280.21541456 6286.43299003 6287.73038491 6288.60668145 6289.32057863
 6290.21434177 6295.92115258 6303.22352377 6303.82088807 6304.42738568
 6306.13357895 6314.72057839 6315.63774144 6317.67840005 6322.59424732
 6325.76220149 6330.30581689 6333.34977154 6340.10187823 6346.83601832
 6348.62967791 6354.00379003 6354.7801203  6366.47447415 6367.23217116
 6368.42226647 6371.81165309 6373.28951393 6373.74594546 6375.44467209
 6383.58400663 6386.03563029 6388.0438557  6389.66008265 6395.98655769
 6397.20705287 6403.31082878 6405.8574854  6426.22673835 6427.3447006
 6435.36326896 6437.54582701 6444.62883239 6445.97389375 6448.1405852
 6448.53645031 6453.96242889 6458.60131059 6510.81127121 6512.22026565
 6527.42343899 6536.98490125 6546.27059794 6546.56223013 6553.80510154
 6558.91481471 6581.55492536 6597.358863   6597.56569551 6613.9479642
 6620.2813392  6628.35537401 6628.41254045 6630.09730046 6650.78758548
 6653.10540967 6655.73463262 6665.80152623 6666.33595745 6668.1474503
 6671.02123896 6673.11096405 6673.78736138 6674.39895897 6685.38061563
 6690.05223053 6693.50061692 6696.99470313 6701.84201733 6703.90740918
 6710.88818163 6710.89241495 6719.90197939 6722.42473611 6729.93263981
 6733.02369428 6735.0966861  6738.5417725  6741.00902943 6743.65358566
 6745.52134496 6746.06697614 6750.10252688 6753.6279463  6754.64824227
 6754.90330793 6757.30366513 6758.98735848 6761.33374922 6767.16052623
 6771.72684154 6772.07560683 6774.22486502 6774.54086377 6780.17144155
 6795.09374933 6798.58603554 6799.03236712 6805.87750677 6823.59493685
 6824.88839841 6830.69024218 6867.8071957  6870.10875329 6871.81797988
 6873.28307409 6873.82630528 6878.80168565 6881.88934013 6893.10269588
 6904.4076846  6904.85714949 6918.48112906 6922.24188088 6925.75313369
 6933.75223546 6942.01346953 6942.49580096 6947.34301516 6953.15719221
 6953.4481244  6969.77279331 6972.70044842 6992.47493705 7000.19780657
 7004.52265617 7007.35597833 7018.95296589 7019.6278299 ]"
361,759434_2025-02-04_F-130,MOs,True,"[  21.18821505   21.2524148    21.35704772 ... 7022.93575018 7024.16397866
 7024.31264474]"
362,759434_2025-02-04_F-134,MOs,True,"[  21.25174814   23.04594106   23.39540634 ... 7022.88318372 7023.47461472
 7024.41011102]"
363,759434_2025-02-04_F-140,MOs,True,"[  20.38078491   21.86521238   24.15530334 ... 7023.66081398 7024.22687841
 7024.65724338]"
364,759434_2025-02-04_F-145,MOs,True,"[  35.87915708   83.9772006   128.17442618  352.52977412  392.54768286
  520.44817812  589.79737111  634.74469373  656.69347378  660.05009386
  682.92667025  705.21028231  728.85802232  730.72258163  744.12732873
  761.14892822  808.69857391  813.89832005  815.53364693  815.54624688
  885.79350299  893.04697437  893.83767125  898.55518596  914.47065649
  921.27156298  939.11679256  943.12981006  957.4685868   971.25923238
 1059.92678246 1071.53097    1071.53936997 1071.77836903 1071.85493539
 1086.45991109 1160.43141917 1161.1913495  1163.87303892 1225.93696066
 1225.94566062 1232.60806767 1236.28155317 1246.75014519 1335.25902923
 1395.39619191 1430.84961866 1433.48260827 1476.3415058  1497.42752259
 1504.56379443 1512.25923072 1515.19455247 1515.22451902 1515.34648521
 1515.37048511 1515.50325125 1528.35790052 1580.90372649 1604.8649986
 1613.09169947 1613.10103276 1625.40705087 1639.59789486 1698.68206169
 1727.74041369 1745.01594551 1745.02977879 1745.04641206 1745.18327818
 1745.42751055 1752.92714762 1754.66747409 1759.38958879 1775.27519276
 1788.58450691 1789.40140368 1823.53150232 1825.17366251 1825.39309498
 1835.39838883 1868.88835666 1869.19672211 1869.58392058 1910.35112637
 1910.36712631 1910.37772626 1910.38495957 1910.72779155 1910.75392478
 1927.06332708 1931.83210826 1931.84074156 1932.77223789 1933.91783337
 1938.62868144 1943.63672834 1945.63775378 1945.82921969 1946.31648444
 1947.39334685 1954.82468419 1972.81067988 1990.21324454 2006.41138061
 2010.97366261 2011.06666224 2011.07809553 2011.11336206 2011.14029528
 2018.93176453 2027.61946358 2027.64159683 2035.4277661  2035.43296608
 2039.00071867 2039.35031729 2043.85429951 2045.33619367 2051.4255363
 2051.69323525 2051.78606821 2051.82166807 2051.88540115 2052.13213351
 2052.18726663 2052.21789984 2052.32499942 2052.41053241 2052.4231657
 2052.55179852 2052.55776517 2063.4886887  2063.85372059 2066.87227534
 2066.87970865 2066.89520859 2066.90544188 2077.95153162 2095.7957612
 2096.03396026 2102.41546841 2102.6546008  2102.67683404 2102.83423342
 2116.07738116 2122.61265537 2122.72802158 2122.78865468 2123.20998635
 2123.2227863  2123.51231849 2123.54701835 2136.43586749 2140.43361838
 2140.50081811 2140.52958466 2142.70107609 2153.25406778 2153.68183276
 2154.02823139 2154.18813076 2154.29459701 2154.31936358 2172.78315738
 2172.90382357 2173.86571977 2176.82707475 2183.40221547 2183.40871545
 2184.23534552 2184.48014455 2248.7377243  2248.95299012 2248.9733567
 2249.14602269 2254.65653428 2254.78933375 2254.79746705 2254.80316703
 2255.70399681 2269.29770983 2301.30451685 2301.33201674 2333.95312134
 2334.04455431 2341.31892561 2344.97424451 2345.90054086 2355.65636903
 2359.50705383 2368.69421757 2388.47940616 2390.4198985  2420.79264531
 2435.30845469 2435.42852088 2454.72847805 2454.81171105 2478.74934992
 2486.35185325 2487.0986503  2487.90898044 2498.79233749 2506.85500567
 2514.45464235 2515.27200579 2515.85283683 2516.06983597 2517.4572305
 2517.9971617  2518.11139458 2528.01752216 2536.25978963 2556.07971141
 2561.81498878 2574.33740603 2575.29853557 2580.50074837 2585.91079369
 2611.41825969 2617.83360104 2633.66053858 2636.58329371 2645.36749238
 2651.92593317 2653.19839481 2653.96469179 2667.69293761 2674.32494477
 2676.9017346  2677.983197   2678.00209693 2687.25606041 2688.16585682
 2688.88588731 2689.11188642 2689.94238314 2692.68543898 2692.79083857
 2693.04967088 2696.02765912 2696.35115785 2706.38505158 2722.92361965
 2734.0348758  2739.82368629 2747.34925659 2751.29187436 2752.12573774
 2752.26823718 2766.82904638 2769.23070357 2776.13360966 2777.00180624
 2783.61931345 2790.62121916 2804.30386516 2807.36755307 2807.40275293
 2807.5783189  2807.66421856 2816.40838406 2816.57961671 2816.67224968
 2820.6639006  2823.20872389 2829.21330019 2831.11545935 2833.41238362
 2835.74407442 2842.72564687 2847.03849651 2847.04719648 2847.05169646
 2862.61540171 2865.6162232  2865.84905561 2881.79225936 2887.3582374
 2887.37447066 2893.97967793 2894.36637641 2894.66027525 2894.7315083
 2897.9828288  2898.31236083 2900.84845082 2905.81999787 2905.83283115
 2907.28779208 2912.75810382 2923.77462702 2930.56203356 2931.8457285
 2932.28662676 2933.24182299 2937.23910721 2939.69446419 2943.13781727
 2944.41751222 2946.77313625 2948.39776318 2952.50614696 2960.28348294
 2960.68581468 2961.47177825 2963.06363863 2963.08187189 2965.22456344
 2965.95756055 2974.24072786 2975.1083911  2978.2502787  2978.40201144
 2984.40255442 2985.26878434 2985.42421706 2986.19874733 2986.39531322
 2986.97374427 2991.59162605 2991.61112597 2991.83439176 2992.69828835
 3004.6882077  3005.28653867 3008.46539279 3008.49949266 3008.52079258
 3012.38051068 3012.44131044 3016.90835947 3017.45285733 3017.99592185
 3018.23462091 3018.36962037 3019.53211579 3026.67978758 3027.04851946
 3034.96228823 3036.26654975 3042.36789234 3063.42254258 3063.44390916
 3065.34896831 3073.41203649 3077.26225463 3080.95767338 3088.79144246
 3089.79107185 3092.06482955 3102.94605327 3102.98691978 3109.35266132
 3113.35687885 3114.1463424  3145.82908404 3150.39733268 3154.69428239
 3162.33058558 3163.06444935 3170.70078588 3171.64098217 3174.38033803
 3177.51855898 3185.09882906 3190.56080751 3190.82577313 3192.47033331
 3192.50163318 3194.56075839 3207.56024042 3212.41295461 3215.63120857
 3244.0466631  3252.08769803 3252.44912994 3254.77298744 3259.18750335
 3264.33611636 3264.39668279 3269.68599525 3271.67118742 3271.95115298
 3272.03348599 3277.62369726 3277.97659587 3278.46912726 3279.14899124
 3283.82683945 3284.79730228 3288.20235551 3290.45587995 3293.11723612
 3295.37932719 3302.97223056 3303.53416167 3307.31318009 3307.84504466
 3307.93504431 3308.06531046 3317.58233957 3319.71829781 3332.40021442
 3336.24249926 3343.15567198 3345.32429675 3348.69258346 3356.05848773
 3356.46388613 3366.6571459  3367.11697742 3370.29543154 3375.67234366
 3375.83404302 3377.62510262 3377.67693575 3377.84070177 3378.80846461
 3382.88828185 3383.66231212 3388.78895856 3388.79729186 3388.93252466
 3391.1180827  3391.23174892 3397.50182418 3410.83843821 3428.08577015
 3439.07136013 3441.17998514 3441.28138474 3456.0216599  3460.08444387
 3461.1998728  3466.71075105 3478.03357303 3479.20353508 3480.40526367
 3483.00455342 3484.18801541 3485.34217752 3499.1319231  3501.95431197
 3502.0725115  3502.51964307 3505.41409831 3512.09730527 3517.86681584
 3519.61414227 3519.63494219 3520.40153917 3525.53868556 3526.99157983
 3539.54843027 3539.58166347 3543.30081546 3544.75474306 3550.53482025
 3555.37500115 3555.40596769 3556.77352896 3556.7970622  3557.07232778
 3558.63975493 3560.51078088 3571.96616901 3575.02915692 3579.03580777
 3579.48140602 3580.46233548 3580.62746816 3584.51218616 3584.53295275
 3584.54885268 3585.23834996 3590.64642862 3594.11524826 3602.05048362
 3602.40854887 3604.88800575 3605.44593688 3607.12593025 3611.59241263
 3620.97050895 3626.91385216 3627.02991837 3627.4017169  3627.49934985
 3627.59294948 3634.46985568 3644.1425175  3650.57122547 3651.13315658
 3655.74327172 3661.55424879 3662.39501214 3663.47337455 3675.26819467
 3675.49296045 3675.65632647 3676.33005715 3676.53062302 3702.43138747
 3703.94614816 3708.49599687 3715.06910427 3715.47753599 3727.15875656
 3729.8756125  3745.88288267 3746.00758217 3749.72420084 3757.73803588
 3759.63062841 3759.84099425 3765.66930458 3782.72057062 3796.1741842
 3800.6404999  3803.98872002 3806.2329445  3813.11835066 3813.29968328
 3813.72134828 3815.55260772 3832.49034088 3832.70144005 3832.83800617
 3832.84850613 3833.42437053 3841.93153695 3842.31336878 3850.36877032
 3852.41172893 3855.03188526 3868.79356428 3869.38366195 3869.39862856
 3874.15820978 3888.97448464 3889.31934994 3889.54578238 3889.58041558
 3893.63949956 3894.0952311  3901.5450017  3901.75013422 3902.30203204
 3907.38364532 3908.17647553 3911.03083093 3920.88475871 3921.51602288
 3922.78231789 3923.27644927 3928.01933055 3928.50789529 3929.26852562
 3929.29102553 3933.44430914 3941.41144437 3943.39846986 3944.62663168
 3944.71256468 3945.38856201 3955.90648717 3956.03062001 3956.70211736
 3957.35991476 3960.41733603 3967.63284089 3971.98275706 3973.04341954
 3977.46716875 3988.11542672 3988.66892454 3998.61755195 4003.9494309
 4006.0186894  4007.82438228 4009.61967519 4010.5638048  4028.83496603
 4030.21549391 4044.11557239 4045.53746678 4045.60509985 4046.35403023
 4047.11186057 4064.87865712 4066.03081924 4068.65664221 4070.15016965
 4070.80436707 4071.13306577 4071.34576493 4088.3152313  4102.15297669
 4109.62341387 4116.88905187 4119.97507302 4128.98463747 4131.02376275
 4131.20486204 4165.09046165 4177.57681237 4178.07677706 4183.66952166
 4195.82067371 4216.78122432 4220.6725423  4220.73427539 4247.76470205
 4255.41767185 4256.30320169 4257.49339699 4271.56410813 4278.45458094
 4299.5798309  4300.30409471 4307.4767664  4307.48896636 4313.93397425
 4320.30598244 4349.0765689  4349.87046577 4353.15231948 4366.14233489
 4379.56564858 4384.83796111 4396.04431688 4396.10931663 4405.80117838
 4418.70436079 4418.8296603  4439.95171027 4440.6458742  4443.59659589
 4470.48965643 4471.72015157 4479.3395215  4484.19296901 4486.14839463
 4504.82045428 4519.95909453 4522.21668563 4522.30198529 4536.67579523
 4537.46129213 4563.75418837 4575.23864305 4589.01178869 4590.21801727
 4600.74120907 4608.40271217 4609.20184235 4612.82562805 4615.15891884
 4630.36359217 4633.06061486 4633.33628044 4639.79495495 4639.94205437
 4639.95702098 4647.34925847 4653.20136871 4654.34203088 4664.70089
 4668.48110841 4671.70819568 4682.3783869  4705.23076338 4709.57187958
 4709.87517839 4729.97426574 4730.46783045 4732.84778773 4764.77892838
 4766.2786558  4770.85257108 4772.67069724 4774.19149124 4782.37542561
 4786.56580907 4793.54508153 4793.6528811  4793.75404737 4794.29697856
 4797.70403178 4819.81884451 4836.30674611 4837.53494126 4838.8429361
 4846.25257352 4865.42859785 4866.22449471 4866.31156103 4866.59995989
 4868.73435147 4871.51037385 4879.14247706 4896.57830825 4914.10627241
 4935.08578962 4941.11649915 4942.31606109 4956.01024038 4957.89556627
 4981.15764114 4997.78097554 5001.71912666 5002.70592277 5004.0918173
 5018.75655942 5019.02069172 5024.52080334 5031.70604165 5038.46658164
 5040.7828725  5045.00055586 5048.5546085  5050.37580131 5050.5546006
 5051.18219813 5051.23376459 5055.47284786 5059.62323148 5062.86068537
 5063.70464871 5068.99382784 5070.28478941 5080.43374936 5092.05597016
 5092.97706652 5095.05219167 5102.20056346 5111.01992865 5118.9041642
 5135.30486615 5138.57778656 5139.26208386 5140.32071302 5163.13075634
 5188.58685588 5188.66078892 5220.07383162 5228.85193031 5242.13171123
 5242.6399759  5242.74694214 5243.00414113 5243.17774044 5245.94389619
 5252.89760208 5255.79225733 5265.19675354 5274.68241611 5276.71174144
 5284.19134525 5286.64680223 5287.42239917 5290.70135289 5292.27931333
 5296.3082641  5307.53425313 5310.96220627 5315.42658865 5315.7014209
 5317.22454822 5328.08787202 5328.25023805 5333.42771761 5334.36828057
 5334.55811315 5335.5595092  5340.07132473 5344.84463922 5350.32628426
 5352.32260971 5352.32917635 5354.56666752 5361.63087298 5362.46750301
 5364.39219542 5366.37938757 5366.84011909 5375.12155307 5378.54640622
 5380.09490011 5382.91368899 5390.33175971 5391.02079033 5396.4761688
 5417.1375206  5418.59554818 5421.2826709  5423.92656047 5434.58588507
 5443.65488261 5443.79781538 5447.41383445 5458.39705777 5460.703382
 5463.86450286 5463.87260283 5464.05993542 5464.83693236 5469.21541508
 5469.87181249 5472.79643428 5474.6316937  5475.20479144 5475.21502473
 5476.13832109 5478.20954625 5478.24121279 5493.62615208 5500.85329022
 5524.41323058 5554.56811158 5566.29899861 5569.07308767 5576.04979347
 5586.93615051 5589.30787448 5604.24471553 5656.51517592 5657.05410713
 5662.03052082 5709.61763303 5731.12284816 5739.37028228 5761.56152804
 5773.50264758 5781.6562154  5784.36207139 5784.59897045 5790.17141513
 5790.42641412 5791.33601053 5805.9314196  5843.34607195 5844.43126767
 5869.82763411 5932.49682013 5942.40461436 5974.46475451 5982.76118843
 5998.85615825 5999.97632049 6004.59043562 6033.79838702 6051.22378492
 6051.31111791 6051.63811662 6064.48006594 6096.49890625 6170.18118213
 6187.34781439 6192.97519218 6208.40139797 6217.31169614 6238.4793126
 6295.52738747 6499.58704884 6572.92552609 6596.24516739 6676.3753845
 6708.66102376 6762.8427766  6765.88313127 6766.14336358 6855.95027583
 6859.58932814 6920.96578592 6921.03291899 6929.58848523 6955.91488133
 6958.86150304 6991.220742  ]"
365,759434_2025-02-04_F-146,MOs,True,"[  21.03041568   21.33991445   21.54174699 ... 7023.68658055 7024.54581049
 7024.66801001]"
366,759434_2025-02-04_F-156,DP,True,"[  20.32865178   20.51005106   20.79134995 ... 7024.12611214 7024.46294415
 7024.79244285]"
367,759434_2025-02-04_F-160,DP,True,"[  22.27931075   24.10443688   24.53076853 ... 7021.48298924 7022.00082053
 7025.03950854]"
368,759434_2025-02-04_F-161,DP,True,"[  20.3057852    23.40217298   24.64316809 ... 7023.08901624 7024.84100932
 7024.90400907]"
369,759434_2025-02-04_F-165,ILA,True,"[  20.24975209   20.2565854    20.26265204 ... 6991.90983928 6992.76363591
 7014.27478435]"
370,759434_2025-02-04_F-166,ILA,True,"[  21.26514808   26.00859603   27.73078923 ... 6662.23140698 6674.23349295
 6806.44947118]"
371,759434_2025-02-04_F-169,ILA,True,"[  41.43630181   41.65696761   42.93872922 ... 6834.85115909 6858.02036766
 6966.86507145]"
372,759434_2025-02-04_F-172,ILA,True,"[  20.27508532   20.51395105   20.63285058 ... 7023.96811277 7024.08061232
 7024.47741076]"
373,759434_2025-02-04_F-175,ILA,True,"[  20.65778381   20.7375835    22.37901035 ... 7024.72987643 7024.7792429
 7024.91560903]"
374,759434_2025-02-04_F-184,PL,True,"[  20.37628492   21.37328099   21.51038045 ... 7005.7736179  7023.18951584
 7023.53301448]"
375,759434_2025-02-04_F-189,PL,True,"[  20.25955205   20.30145189   20.35211835 ... 7023.4779147  7023.65644733
 7024.8734092 ]"
376,759434_2025-02-04_F-190,PL,True,"[  33.63353261   64.15447883   66.1549376  ... 7023.16794926 7024.68354328
 7024.9470089 ]"
377,759434_2025-02-04_F-192,PL,True,"[  20.40138482   20.61395065   20.72891687 ... 7002.23866519 7014.47335024
 7017.83873696]"
378,759434_2025-02-04_F-193,PL,True,"[  20.47735119   20.56478418   20.6453172  ... 6973.48661199 6975.86300261
 7003.87982538]"
379,759434_2025-02-04_F-196,MOs,True,"[  20.26211871   21.95514536   22.22047765 ... 7024.45614418 7024.5596771
 7024.66031004]"
380,759434_2025-02-04_F-198,MOs,True,"[  20.51071773   20.76531672   20.85151638 ... 7024.75110968 7024.77554291
 7024.84837596]"
381,759434_2025-02-04_F-204,MOs,True,"[  34.3349965    38.80157888   48.87173914 ... 7014.34311742 7015.68501212
 7023.18078254]"
382,759434_2025-02-04_F-213,MOs,True,"[  20.24951876   20.47205121   21.51241377 ... 7021.87762102 7022.59005154
 7023.1653826 ]"
383,759434_2025-02-04_F-215,MOs,True,"[ 106.11011325  167.81776973  204.32299233  212.35962728  244.59106675
  311.25790366  372.36306252  431.56322889  482.50112787  512.14541088
  566.25703067  573.09717034  592.83705911  609.49446004  680.1347146
  691.53936959  719.78689145  737.00085685  804.77482272  822.17352073
  946.12529823 1022.58039651 1042.93798284 1062.96983712 1095.48814213
 1123.38443204 1140.43509808 1158.96539162 1172.53017142 1191.13203135
 1269.35212266 1276.81455988 1287.58628403 1315.94030547 1486.27289994
 1533.85587883 1558.19578277 1563.35269576 1580.09592968 1593.41431045
 1635.86584292 1635.92160937 1648.54862621 1680.67516609 1754.16117609
 1754.83764008 1771.12820913 1787.78191007 1820.85164623 1851.04162709
 1914.73274241 1960.47472856 2063.14105673 2076.51437063 2093.14647166
 2102.35360199 2110.42073682 2118.71653741 2125.24487832 2148.80711866
 2160.91093756 2160.96713734 2161.17933651 2161.89723367 2167.30824565
 2173.62135407 2181.58732263 2190.73128655 2197.53302637 2202.72753921
 2204.35659944 2239.521694   2268.73687871 2289.61316299 2300.83275205
 2301.26918366 2322.94416479 2347.32200192 2356.62699853 2362.01171061
 2364.59676708 2368.25668597 2408.08686211 2408.56652689 2411.13598342
 2424.12446549 2448.04300443 2454.80181109 2465.24683654 2471.30574596
 2471.36541239 2478.80568303 2482.90606685 2485.13829137 2485.34115724
 2490.14130496 2494.3634883  2500.92532907 2501.92372513 2507.96820128
 2515.35063881 2516.90373268 2522.82274266 2523.6228395  2523.75950563
 2532.0945394  2533.23646823 2535.34469324 2539.37164402 2551.98922755
 2556.60054269 2567.04213482 2569.52802501 2576.05669924 2578.0688913
 2580.02405025 2592.03873617 2596.81745065 2612.22242319 2616.66060567
 2618.17366637 2629.71465415 2630.23868542 2641.16507563 2643.69529898
 2656.52664834 2659.67113593 2663.33552147 2669.14489855 2676.28253705
 2677.45916574 2677.86456414 2678.08106328 2685.88246583 2697.31952069
 2713.42792379 2713.93768844 2715.66088164 2725.86590804 2726.96227038
 2734.28160816 2736.13640084 2756.45202067 2756.9503187  2763.29966031
 2763.66635886 2778.31950104 2786.84016741 2792.2580127  2794.40183757
 2795.07590158 2797.65249141 2799.8339828  2821.55906373 2825.8073803
 2829.347233   2829.48113247 2838.53193008 2840.63352179 2841.01468695
 2841.79568387 2842.14784915 2850.20081737 2857.48648861 2859.44878087
 2860.37694387 2866.30158716 2867.44818263 2876.74377928 2878.31190643
 2885.67271071 2887.80103565 2893.43304676 2894.92434087 2897.97749549
 2909.39721709 2934.08871965 2934.17791929 2935.10221565 2940.83362636
 2944.61794476 2949.47752558 2950.7136207  2953.20957752 2958.69585587
 2962.33274152 2963.07870524 2964.574566   2964.78509851 2969.46144672
 2971.43267227 2975.15205759 2976.79381778 3007.80009542 3008.28826016
 3010.74218381 3012.9415418  3025.69972478 3040.07783471 3043.66538721
 3046.34000999 3047.90967047 3061.23148456 3068.12339069 3070.12058281
 3091.87596362 3092.58289417 3094.0864549  3095.07755099 3105.65214259
 3111.74615188 3114.87797285 3116.73219887 3148.84420547 3158.13903546
 3163.21324877 3166.82373452 3168.15006262 3168.5087612  3175.03473545
 3179.99308255 3180.40658092 3185.04632927 3189.36811222 3190.03737624
 3197.08574843 3198.04537797 3201.25233198 3202.01419564 3206.59414424
 3209.80003158 3210.25689645 3220.24919035 3220.57062241 3235.57222988
 3254.56375493 3256.52414719 3259.84496742 3261.02189611 3263.20698749
 3273.42618049 3276.3967021  3281.89534707 3282.58131103 3283.82583945
 3295.56675978 3320.06589643 3326.23340543 3326.87696955 3327.23883479
 3338.84392233 3356.29702012 3357.99011344 3358.04617988 3365.46108395
 3371.52736001 3387.4026307  3402.78110334 3406.50538864 3414.5320903
 3432.92171773 3438.64759513 3438.71399487 3444.06034044 3447.27299443
 3447.6177264  3448.07519126 3451.90087616 3459.48534623 3468.80744278
 3470.20867058 3482.48352214 3490.99618854 3500.73608344 3501.58961341
 3514.03019764 3537.66650437 3544.8111095  3547.21330002 3548.0387301
 3563.11037062 3581.08493302 3585.98514702 3594.59891302 3598.41646462
 3607.29809624 3625.19952559 3637.50451037 3641.10619615 3641.97362606
 3658.51796077 3687.84337838 3695.00075013 3727.29855601 3732.43940239
 3734.66972692 3740.97673536 3748.99653704 3754.1680833  3756.67070676
 3767.02293257 3779.09381827 3780.79741155 3785.1263278  3790.24204094
 3796.03768474 3796.06518463 3798.81074046 3799.6526038  3807.45653967
 3819.76952441 3853.23165903 3865.47514404 3883.0877412  3896.72558738
 3919.29576498 3946.90418936 3959.84260497 3973.40695144 3980.38939055
 3994.30256897 3999.44088203 4003.28953351 4003.52376592 4013.82275861
 4019.08003786 4020.20093344 4032.32265227 4046.82632836 4057.7899851
 4066.57385043 4073.44039    4073.88058826 4075.98554662 4085.99020714
 4124.96312    4125.38828499 4126.07628228 4128.77110498 4165.98512478
 4174.91382288 4198.36296367 4220.97890776 4221.26573996 4226.65118537
 4233.90139009 4237.56497564 4240.55346384 4242.85385476 4248.8089646
 4283.07062939 4297.54563893 4340.45966957 4353.63298425 4383.87429824
 4387.41555093 4403.35998801 4405.67421221 4406.79850778 4418.28429578
 4424.49053796 4438.03515117 4468.73186336 4472.22954956 4478.55689126
 4482.44587591 4489.97094621 4495.74965674 4501.44043428 4505.46495173
 4521.67625442 4526.43176899 4543.13903639 4557.47331316 4568.5530361
 4575.27270958 4581.01672024 4593.48823769 4605.23069135 4611.36273382
 4613.99515677 4650.31714676 4660.31824062 4675.1322155  4680.49592766
 4702.24270851 4711.29713944 4719.93140537 4741.72441936 4756.39039482
 4760.03028046 4768.77341262 4775.16522073 4779.43620387 4791.50962289
 4807.49272648 4819.86144434 4821.51263782 4825.39132252 4829.88570478
 4836.95574355 4861.05511511 4872.53583647 4878.87281146 4905.596406
 4907.34089911 4912.4970121  4916.20859745 4933.06029761 4947.00060927
 4960.83758799 4963.01561273 4966.49313234 4987.42248308 4991.80463245
 4994.10182339 5015.20410678 5037.45361897 5037.99301684 5058.22717033
 5062.40315385 5067.20596822 5079.83148507 5128.46865979 5148.29028157
 5163.17585616 5163.27432244 5186.91419581 5223.31478549 5228.50366502
 5236.72953255 5241.01861563 5248.82238483 5260.32613943 5273.34905471
 5278.50180104 5290.55932012 5301.50524359 5332.72118707 5335.86904131
 5357.91445431 5362.19023744 5365.99665575 5377.52127694 5382.04059243
 5383.78948553 5395.57527236 5401.42824926 5428.94494067 5434.52328532
 5449.29826034 5450.31488967 5454.23674085 5477.97214719 5496.51547401
 5501.41525467 5503.3514137  5505.70137109 5507.8272627  5529.59937678
 5574.05553467 5590.98033455 5603.86815035 5605.36457778 5608.54459856
 5618.65729199 5672.01654808 5672.43854641 5681.13417877 5690.00881041
 5711.22229336 5725.19790487 5738.78328459 5757.14704546 5777.95003003
 5795.79282628 5822.51858748 5849.38921477 5859.23244259 5874.71671482
 5919.5880044  5924.16718633 5927.91457154 6011.02551022 6014.10426474
 6051.11335202 6065.66836125 6101.1894544  6124.38882951 6137.45651128
 6168.17395672 6225.92542881 6254.20931719 6271.17438358 6282.47210566
 6349.38280827 6360.9544626  6525.2423476  6530.78415906 6654.2196386
 6679.9390371  6726.99021809 6769.05295209 6788.68960793 6793.13359039
 6798.72030168 6869.56745542 6870.30038587 6898.16454257 7001.10456966
 7022.97011671]"
384,759434_2025-02-04_F-216,MOs,True,"[  20.31508517   20.46071792   22.17577782 ... 7015.55977928 7021.72142163
 7021.82102124]"
385,759434_2025-02-04_F-220,MOs,True,"[  21.16104849   21.22224825   21.29934795 ... 7009.82640191 7014.67664944
 7021.66422186]"
386,759434_2025-02-04_F-224,MOs,True,"[  31.93317265   69.98605581   74.81350343 ... 7013.97245221 7015.24861384
 7015.2594138 ]"
387,759434_2025-02-04_F-233,OLF,True,"[  31.25887531   31.71537351   34.36999637 ... 7023.89501306 7024.11751218
 7024.80477613]"
388,759434_2025-02-04_F-235,DP,True,"[  25.10496626   45.92021745   71.65758255  202.09876778  202.80776498
  209.90910362  219.49779912  231.02378696  296.49299526  311.21150384
  396.6016002   398.16849401  412.64530355  433.70165379  434.16031864
  514.52946814  524.09339707  532.43133083  532.5310971   541.86319361
  550.52639275  556.89333429  590.81846708  602.24198866  629.64191386
  638.12811371  649.98330026  661.49582149  671.97868012  751.61226586
  774.90334061  814.62085053  862.51806151  865.70081562  868.58833756
  917.68301048  917.74767689  967.68344649  997.13293027 1001.1982809
 1008.18495332 1024.61162183 1027.45284395 1040.41822612 1077.62444596
 1080.87179981 1088.92276804 1092.53615378 1096.34253875 1108.20679193
 1116.51795913 1178.79148005 1226.37509226 1269.5866884  1280.0350805
 1280.78284422 1285.41425927 1285.80045775 1298.67920692 1302.89675695
 1327.85759177 1331.05924581 1361.6365918  1378.47005871 1380.48271743
 1400.37670559 1429.10495888 1456.39805117 1457.61441304 1487.10866331
 1499.07671608 1535.19110689 1550.5613129  1551.17257716 1553.82343336
 1553.92946628 1555.77765898 1562.37693294 1566.22341776 1571.9138953
 1577.28520744 1584.0521474  1605.05506452 1635.18264562 1635.52961092
 1639.2590962  1662.74520351 1684.39281809 1698.63716187 1704.8116375
 1708.5543894  1709.63415181 1714.48063268 1717.23642181 1723.8673623
 1729.81750549 1732.42516186 1732.60306116 1734.72428612 1740.23163106
 1741.21196052 1744.27851509 1747.24317005 1751.75995223 1760.37611823
 1778.39724711 1779.50637606 1786.80364727 1796.40300938 1800.83525856
 1805.02247537 1806.24373722 1813.52467515 1857.71523409 1872.86777429
 1885.14242585 1892.03556531 1905.10801373 1905.53347871 1910.69352502
 1916.18807    1916.46413558 1921.95108059 1935.86495901 1940.6742067
 1959.84593104 1972.44858131 1994.49016099 2002.59232902 2003.84042409
 2012.60735616 2024.90680762 2031.31051568 2074.0970135  2087.42609423
 2109.80537258 2128.29003297 2151.86287327 2171.40752947 2188.78536089
 2208.72958219 2212.46653411 2221.8105639  2223.33632454 2233.54411759
 2249.83705329 2263.99473076 2277.07527914 2277.91774248 2287.7786369
 2289.83176213 2289.85936202 2310.1872818  2312.58123902 2322.41143356
 2326.52438399 2326.73961648 2337.90080576 2343.54958347 2343.66111636
 2353.20847869 2354.39764066 2355.63163579 2356.5329989  2357.64912783
 2368.99288306 2371.26220744 2374.14142941 2374.19152921 2398.97429808
 2407.19366564 2419.27378463 2419.51768367 2431.78020195 2435.33882123
 2440.13773563 2448.0090379  2462.27034829 2467.87459284 2469.18955431
 2474.83379871 2487.72468117 2495.26255142 2496.02941506 2496.90954492
 2500.56569716 2515.85640348 2517.8535956  2535.70412516 2538.52888067
 2538.84767942 2546.88028105 2549.06820575 2549.93190234 2554.38535143
 2555.58991335 2555.72157949 2556.55930952 2559.12003275 2571.58788354
 2576.75112984 2583.11957137 2583.6600359  2584.34286654 2594.9025582
 2596.48631862 2599.05467515 2601.08310048 2609.63756672 2612.17455671
 2614.86551275 2624.48757478 2628.84985757 2638.29108698 2643.36753361
 2643.80059857 2647.65591668 2648.09764827 2649.99657411 2651.89453329
 2655.81581782 2657.85120978 2669.25463145 2669.68529641 2670.64525929
 2679.06255941 2689.44018512 2692.26120732 2695.22526229 2696.12565874
 2699.53437862 2713.27945771 2714.97958433 2721.42615889 2727.07056995
 2732.21361632 2736.13460085 2739.20648872 2742.53340893 2743.56807151
 2755.95932261 2756.42078746 2759.30017609 2763.58525918 2767.09324534
 2774.79344829 2776.37014206 2776.4375418  2777.38323806 2781.81995389
 2782.59515083 2782.83754987 2783.5910469  2789.39499066 2795.53979975
 2797.31945939 2802.39817268 2803.58576799 2804.68256366 2806.02069172
 2807.70258508 2811.59456972 2812.38053329 2817.83971174 2820.60593416
 2821.26006491 2823.65145547 2823.77555498 2825.51931477 2826.07797923
 2831.55812427 2839.20726075 2839.29092709 2840.94545389 2843.0048791
 2863.10013313 2864.56199402 2865.4814904  2871.26860089 2874.07742314
 2875.0341527  2877.2806105  2882.18092449 2884.1384501  2886.44357434
 2896.4291016  2897.19029859 2897.52376394 2898.52119334 2905.25906675
 2906.6150614  2908.21782174 2908.32405466 2912.50763815 2912.59137115
 2926.3552835  2930.35973436 2932.13052737 2938.897734   2943.42938278
 2948.97262757 2954.24124012 2957.29149475 2958.0806583  2958.9657548
 2973.31976483 2978.24157874 2984.57382041 2994.39838164 2994.76291354
 2996.32687403 3024.75962849 3057.18460053 3074.45133239 3082.25510159
 3083.40756371 3083.95712821 3092.68826042 3119.9846527  3128.23905346
 3132.16430463 3132.82443536 3149.16677087 3195.9700195  3203.51018974
 3217.36743505 3237.57672197 3250.44927117 3279.72282231 3282.76951029
 3290.38624689 3296.62948892 3314.76811734 3336.42869853 3376.38234085
 3376.66327308 3377.89656821 3389.23379014 3394.40706972 3404.12376471
 3426.54000958 3428.33703582 3434.40011189 3490.35655774 3498.60809184
 3514.18553036 3525.94495062 3554.71933707 3557.26572702 3569.23651311
 3570.87850663 3575.33362238 3616.70789244 3658.24579518 3659.59685652
 3672.83660427 3678.01598383 3705.53554189 3708.07813186 3709.47095969
 3721.76187786 3723.69907021 3736.82778507 3737.2914499  3744.38545524
 3744.7680204  3746.13694833 3748.99487038 3752.38162369 3752.85362182
 3755.4959114  3759.38449605 3762.22391818 3763.23381419 3765.74210429
 3779.65028274 3781.06267717 3789.54524369 3791.55713575 3796.10948445
 3808.54733537 3814.0898135  3819.69029139 3820.2304226  3827.64995998
 3854.3456213  3855.10751829 3870.34185817 3884.76970123 3886.34196169
 3886.58989405 3901.02280376 3904.72152249 3906.11558366 3912.45202532
 3915.09401489 3918.08056977 3926.53463641 3937.26909405 3938.98875393
 3944.33816615 3944.49179888 3953.21213113 3954.19112727 3955.22125654
 3956.23375254 3968.4568043  3969.48880023 3985.68626964 3987.70586167
 3991.25761432 3993.14007356 3993.60953838 4007.67448287 4010.22143949
 4020.75396459 4024.55628291 4027.52917118 4029.91102845 4035.17200769
 4038.25706218 4039.94562218 4049.34921841 4053.38583581 4063.41746289
 4072.48929375 4075.62758137 4076.99274265 4077.85907256 4083.18485154
 4093.09014579 4096.5328322  4099.64648658 4102.19320986 4102.38297578
 4116.3901205  4117.51174941 4120.08633925 4125.28395207 4125.978816
 4136.77704005 4137.75316953 4144.81420833 4158.7765199  4159.31095112
 4159.8908155  4159.90444878 4161.30514325 4187.72753898 4197.70613293
 4198.49639648 4199.09732744 4199.31559325 4201.82615001 4205.59770179
 4208.46222382 4219.85001221 4236.79141202 4241.17546139 4244.10438316
 4254.5604419  4264.11450419 4312.78377879 4317.206928   4326.91738968
 4328.02038533 4331.6270711  4332.10493588 4332.6226005  4336.14595326
 4339.88317185 4340.49976942 4356.35660684 4389.03104456 4395.94368395
 4431.36131084 4453.50499012 4479.15175558 4530.90971799 4539.03418592
 4544.42689798 4544.63166383 4552.39576653 4578.96922833 4586.67703124
 4588.71855652 4620.50539774 4626.60094035 4652.90230322 4674.57498436
 4690.41148853 4695.93370007 4698.88102177 4700.56204847 4703.84420219
 4709.73761226 4710.29977671 4712.422935   4715.46802298 4725.17838466
 4725.5407499  4726.50821275 4733.61218471 4735.08627889 4735.72894303
 4760.19154649 4768.65291309 4772.93532953 4781.59899534 4784.86124913
 4791.54892274 4801.08501844 4801.60721638 4805.3430683  4811.17314529
 4812.56617313 4832.21349559 4843.90548279 4847.14510333 4848.81699674
 4849.85105932 4851.30768691 4854.95230586 4855.25287134 4855.27667124
 4856.68349903 4858.78539073 4875.19382598 4878.39941333 4885.41251898
 4885.92038365 4888.46107362 4895.1556472  4902.76135052 4907.49999848
 4917.67055835 4919.08308611 4919.88088296 4922.88817109 4926.4336571
 4929.35574557 4931.30297122 4931.9919685  4933.3097633  4939.52420544
 4940.47530169 4942.80435916 4946.4521781  4951.45912501 4955.49507574
 4956.43530537 4962.45638161 4965.51510287 4966.16406697 4973.31503875
 4974.64330018 4975.72606257 4976.12449433 4978.94108322 4983.36179911
 4987.4186831  4989.5626413  4992.76572866 4994.0724235  4994.78602069
 4995.11675272 4998.66880537 5002.22242467 5003.68358557 5016.01120359
 5020.5015192  5025.40929984 5030.62391259 5037.02052068 5039.77824313
 5047.49557934 5048.33877602 5049.85937001 5050.36303469 5054.31038578
 5059.89909706 5062.49962013 5063.12995098 5063.53931603 5064.71204473
 5066.97363581 5068.00023176 5074.86857132 5079.08458801 5081.00174711
 5082.97210601 5086.39145918 5087.7967203  5090.49030967 5100.01390542
 5102.09083056 5102.21069675 5104.91548608 5105.42708406 5106.68724575
 5107.04071102 5109.91736634 5117.38687019 5122.33601733 5123.86914461
 5127.47739704 5131.61348072 5132.45694405 5136.19722929 5137.18985871
 5140.34667958 5146.1707566  5147.74865037 5148.88827921 5149.702476
 5149.82694217 5149.88627527 5150.55357264 5151.96350041 5154.42429069
 5173.89844718 5175.11507571 5176.11297177 5176.85460218 5179.77075733
 5192.65550649 5193.10167139 5193.4880032  5194.05500096 5201.58503791
 5203.6585964  5205.19095702 5205.57345551 5223.41218511 5225.32171091
 5225.36337741 5234.52750791 5236.14076821 5250.49637822 5251.4485078
 5260.56423849 5264.35225688 5265.65021842 5267.88607627 5270.42096626
 5271.64429477 5290.16808833 5292.60477872 5295.05593571 5309.23127977
 5309.678778   5314.41649264 5314.54589213 5314.72442476 5315.01579027
 5316.7141169  5330.35332975 5330.97176064 5331.22935962 5334.34764732
 5335.47170955 5341.02372097 5369.24920958 5372.13769818 5393.85584581
 5411.59940912 5424.81852362 5425.1683889  5432.84289195 5507.74429636
 5522.57177118 5524.33149757 5538.71934079 5580.90744096 5596.01301469
 5597.54140865 5611.19145479 5645.50315271 5673.01077749 5678.11549068
 5683.70536862 5685.68086082 5693.14399804 5732.19897724 5733.35753934
 5736.07806194 5741.57617357 5751.82443313 5753.35296043 5758.84833874
 5769.45163023 5770.39159319 5771.19885667 5772.57788456 5780.5572864
 5780.60708621 5783.58304113 5784.37997132 5785.13003502 5793.42176897
 5810.24900256 5825.30137649 5826.7104376  5838.68042369 5851.06310816
 5865.23921888 5868.79697151 5873.65668567 5881.73408712 5888.32699444
 5893.09317563 5898.91621931 5899.62301653 5900.48644645 5903.0342364
 5910.92287193 5911.20100417 5952.08257617 5952.65344058 5956.22639315
 5960.12304444 6010.00574758 6027.89794364 6037.86853762 6039.15486588
 6044.89444323 6049.18219298 6118.89988451 6134.27339051 6146.00191089
 6151.86675441 6230.41917775 6335.20309756 6337.52985505 6350.35363777
 6406.70054874 6406.95544773 6421.68362294 6433.03687814 6439.63401877
 6446.71442416 6497.857289   6528.20220258 6529.17453208 6549.71178436
 6577.09974295 6604.41843514 6607.35502355 6612.94833481 6628.86040535
 6632.02349286 6632.05652607 6637.03317309 6639.51162998 6642.44205175
 6643.54214741 6644.18161155 6648.14216259 6651.14308408 6654.67630347
 6671.80070255 6672.30753389 6681.73656334 6688.66960265 6696.63057123
 6696.64413785 6707.73036076 6715.53519663 6721.87187162 6723.51599847
 6747.51813708 6834.36029437 6862.17745126 6887.30491876 6968.46009849
 6984.18096978 6990.58164452 6993.31270041 6993.90093142 6998.69447917
 7001.00367006 7013.95985226]"
389,759434_2025-02-04_F-238,ILA,True,"[  23.9796707    27.56215657   28.9132179  ... 6981.84111235 7013.58278709
 7015.84397816]"
390,759434_2025-02-04_F-247,MOs,True,"[  22.55640965   22.67124253   22.85974179 ... 7021.23212357 7021.74732153
 7023.61448083]"
391,759434_2025-02-04_F-261,MOs,True,"[ 177.27309908  291.06225003  295.82786455 ... 7016.14597697 7016.53334211
 7021.0639909 ]"
392,759434_2025-02-04_F-262,MOs,True,"[  21.24574816   21.36568102   21.3786143  ... 6539.30472543 6918.22039676
 6971.32055387]"
393,759434_2025-02-04_F-266,PL,True,"[  33.90679819   46.53831501   52.87935665 ... 6943.88689547 6950.08147102
 6962.21645646]"
